row_id,_source_row,_text_hash,label,bank_class_position
aa5ae1b6cfc25df6ffb89cb6,2170,60ec0272b032dbdb7809d5c36b4f9c426fcd54e5d6631cd9d64d3bdca88fdee9,0,0
fd352f5c974ff4951d42d7cc,5959,09fc1a521e0a898dfbbc2db46a3a25a285e697b45181bbe3611a492ee412e9e8,0,1
96d408b94689cd1856a5e5f3,9071,4431a7c536eb00f999eda8a64d974718083b7572e4af32b50de52377ac706e38,0,2
ec12be6cb91be8371ce7e844,4012,20adfbcd497106f999164746ec1000db1235cbbcf60836b67a004a68a7da677a,0,3
47630a12864e360c39c857d3,882,5941079f01e68a11082c12aa96164b057020fdc91dcdad9641ad5befb7f4d9a5,0,4
ee90d491ae19ceac688813d1,3403,c8ff11d2adff7e8d8079ff6f0c97851ddff90c31e1a60c55060cdd45d6819a28,0,5
1107393910cc41200006236b,4507,f48a12299009d5ad85191d44655a9860969eaa049491ce18db1a69c8d7e4fc94,0,6
1c7553446f0b763776fb9997,7803,88979839333c971461a7f6b1bef92324a21cbe033a1f85dca27e52b5372021b5,0,7
a08f307208c33c8e8c67d68d,3433,aaa77de10423d2a6b98b577fd5bb3525b1f0f113d1567a411b44826d6ed7acb7,0,8
c54c9415ba847a6d341b7c85,5389,dfec61923a2866ebaf2c77a82f13f5342961c323a0eff37b746212c7037f9621,0,9
58dcd4e4811390902675ef5e,8755,d4b0b80a9e5c09071995125e14bbc6b235e0c56eae8b855fb32d0ebd0e7de3d1,0,10
efdc50c83a444c0fdaa50ce2,9038,fd417ff745505ff462ad92b8150248e6525d51c239e29e6e0c9cb72997ed66cc,0,11
faf02365769ea5e626ef592a,1468,fb33dbca72736d1ff0b900c826e81e960d1fb9c78a15cd7120fa6233c972b89d,0,12
501930d5c361c12d88e85596,950,d34fce57185cff749d90c5a9797f20b795348749d88e21e77540716264529831,0,13
1252ce45c504a575c805bb9d,6142,d85d671733f7732e43cef2007beba92aa670dab5b4259f6295d8dc5e16ca00d8,0,14
2ef3b9b0023dfc090c875769,2760,9aff3ec29ef2d973178ec2b49a80a1402591b160bf6fdfe96d3219aa0487ed4f,0,15
630040374e3713deb608a00d,1946,c6911e54d9b9dcefbd4c75663af17904a33ef29c2f8d40e610a033d6ce0880b2,0,16
5265527f621d662efb7b9c0e,6757,9e613fad5525d0c5ec2003d7f177e3f19a05ea5ad4f4d1f5be260800b51a7457,0,17
abf48060b7ebf955420bdc77,4296,801c67ec3ffeab44f96c84357607beaf33a35c4c1b109caf44918ee595e20636,0,18
989b3ac9251ddcbbfd9274d8,834,de0001865b3b4b03e25824c40ae846a27de819de4f352180333dad56e7cfcf90,0,19
1ccc3f3edc1cfe56a8da5070,1533,59e9e37a31a9efa88dc06879e2c84483b560d63388ec7826f360132730ce8459,0,20
b9e2af0bc0d68ec8e2b729ab,5051,e419ae968eb2760cc93758e5149eacfc6352625d1f3401a05718f6ee9a786166,0,21
d4f10c64972391ff4fc21b16,1155,1775c40159a3b9252d267826873b42da706e76c0bd580957d9a4630640c5462a,0,22
36d56408cced8e5f07b3dda2,2531,a6197af8e27ae98887ddfe8a01d52aea7fff5bfdf0f82c75036ac1f23b5a0246,0,23
59897ed795e05bcdcbbc980b,5187,273273816f58b6eba040e8cae0806ed6246bc3b642bdded1beac47c516af9140,0,24
4a6b71f7e817f6118a9e163c,4914,274a3d07020488ca7d832ab4c0a9b5658bcad6fbe4c78e9302654bbb7f310a77,0,25
058e44d5925a262c6350e566,7231,6777e57a85cd562454244f2bc27bc4c4bd64f0ae11cc65368aa896ff948f4846,0,26
5f782ad66d7ba20ae0c5730f,4366,8010a4dd76e596827ad5dc41b08b0fc077fe07a5a26b130461249227d1c8d9f6,0,27
52af1f44f5e85b21c9d60c51,7611,3f027af6074c4f6bfa72c9a24a5af9b5a696f1960de6bdb650e30f6349c615b2,0,28
4c71bbcca03e71632ad26035,4199,0985233e7afa26bff33c5459ac6efbf182edcdf87c820f8f92de0d47b447fee7,0,29
ceae02b29a828e9f43b5714b,3463,d8f3e419bc989919e3a0089b0f8e92700e6cf1eae3328340aae46b042fad835d,0,30
6e50f5eca524a11fdcb00311,261,53af8a1a7c062b4ee806bf2925a0c09fa8245c54ecc0b747c92e95fe61412281,0,31
d70c7cc9586c065e474c905f,4135,7fe4cc80061037d6ea04d3a8d1fae16e564b393fdf82cf6bf2cd2b7eb69e1e43,0,32
3b5515c855ac1123a704d7da,735,a66e7893b259062e6648d9c829fb487e7b1a77cba20664ab8cce7addd1713ee9,0,33
ecaba14156f0a3460b186dbd,3597,6a30b3e4752255dab80255268ed7ee68a0ba2e7f5857c4e41305ed71a11dd32b,0,34
b5627ba68d9a7bcbf02b6bfb,1839,05a8df9f42e0537ebf40731e18af6e7bd278814049ca4c6644e7a8e06fb80b9c,0,35
7839c75fdfda84eb8b0748cd,3661,d9c1eb68a0329765271a17306bc766dea16a37beb80c9ac6b09e1230b1b98e32,0,36
80e7f0279d1ba9ce693cfe42,4115,3fb7cf3669079041ba8707756c762515e1e6e0dc6eae7c0da13acac866b73211,0,37
a3ac322970586b48e963d85a,3854,db8f96ba27992534f43d54f32edfd9008e6681fb7fa59a9c8147687170b27796,0,38
592ab3962625fcc639df1813,6139,edeb012d9b6494d086ce691c552b5d12d91df1e12fbe3ab98519d1655acb1c8e,0,39
5baaab52e197bf1d5b7992e8,7943,b96ea488b24a82032a489740dfd8aac418dc2cd832df2d53f991023ca30bb38f,0,40
50c1b5fef36a175c422a9dbb,4668,deee0f924987a8c3c7307e60e827514127871e5392fd41ac0cac848f7abb0a76,0,41
745a418bc81875e145e347d7,6477,b8e2b70ad6729c7973a00e171c7b5e2f8fcc17af6f23fb1be05608705a49aafd,0,42
fa52eb9633238b7bc01acb95,6644,a922c1b9feeb9bc14b029db7813ad262bd494fab51fc43c9f294bc7f70f2372a,0,43
5e5295f92f80dc87d7333c2b,1078,f853c4d1e600ca0c38d2f97100aef77deedbbed1719667972ce99b895fd2e632,0,44
e6a29955168136d0f19b4122,2151,88349b8f416819380455cd5ae68a9c7129791f50a07f89bfff622397eb64e134,0,45
69c55de4092a97a041ee242c,7203,ea27632d5e88eaf181e808444e8678c0b99fe470d1f1a5cdd17fdd8658f814eb,0,46
db2d3c0708a8e5fc6a073db7,8711,64a19240a2cae0b263d40bba0ab96169cdc36d6dbad4faba8d0c8c7e478c1c69,0,47
201ab9020162598048a9ccb5,1588,c50d839055a606e63ec210b059d990dfb05c7fbaeea173a15f80a26b49a2f3ee,0,48
aee0ebade27da9ee5b0f43c1,1426,c7a822eef7cd5044c3f9058581ac580e2a5c97795db5d4b2035f55570a299616,0,49
e3dde6c770ede29a9d5680a9,1247,c0fc4c4fbcb352cadc9bbac257c1a729ab2f53e11ecaaa868eb31ab123ed96e3,0,50
f623142053fd1b01196abd88,8061,2c2b32a7a43e1cc52e766f7c311d773bf22d02435ce6b8717f71cae7c94912c4,0,51
02518ce3ed2337b55529ae24,6525,ccfb7fbe17ec08716daf53ad827615801003fcdae283ba01e6a5e2176094356c,0,52
ca2e9cc9233f660a1587ff97,2416,8b5c42b3c998a9098fd15c0aca614bae111c71f01ad17bb330dfe991569a4a46,0,53
93145981f37fed225a35d110,5446,f8ef27f0b92c2fa3f72a4a5e593f008253facc67f0354e4ba3aab64ebb3509dc,0,54
096bbdb023befbec6ff01e3b,2276,590c06c96e11bb8a8bc360cf5eb0ce3e8cf68b6f24b25b512c61e577b4de5ebc,0,55
a124925530416cb8cea00b68,6715,99dd1e71df73aed0b6198d5587f07a2e786047a09359a1c5dd8e46b4f4936ae6,0,56
e68984cec573b54610d25bc9,434,cb1595ab35228eb103c8f599288cbbba3e6e794e9234edbf15694ea4270af974,0,57
9613c59367779d4526798494,3162,02be6fe892df96c038594dfc96f2d38fea7a5a275d87e483d060adb5db0174f1,0,58
c8e16f5857fdf7c0c3e0bb7b,6860,5c7825ff525e983d6d0d5d76ced77ba9fb0b68e5a82941a6fc9337480755d3c9,0,59
fc10e8ff19ef959e320aa75e,6993,04e749c185c4086fe3be317321937900f38cdef006a0457c270ce8446edcbd43,0,60
256e344cf84f5021c1f17a70,3703,fb932dc49bd30a023b6833d252f9a85e0290a964373e7b37ec924462477e4438,0,61
4e825ad7a8c7ab6161554832,1672,6b8a015cd7ac862bd54f2d63786fd84c06b40871c2f860b8c2daff9b2a85650e,0,62
7ea61e661a5ff34da39ce596,1992,63fa2579914a9e4d74199fc3ca84adc9b870b33be54a17c50cd34efb72ff3d08,0,63
cb7aa7634b41d6eeb5584895,7708,0182565b8fa7d7a789254583913adfed2dfb918aabd50e0e3f160349e9988bbd,0,64
9cfa20c40682a547fa132b14,2494,1e070bb43749c96838280c97f31fa01936c7f43c19999d87b42224029a219255,0,65
9ef5c6de9eb17523abb470da,5624,6cb07fb3fbfd619b047ee4bcd20e131d9efc3520d77c91dba7617d67f280a1e1,0,66
b1fd7b68dbbf0db1c83c56ca,4905,fed8fb9986edc0ff38032658a40ee9385b242a2fe6f97d313aaf440b1251bfa2,0,67
010f966fb39bb94b69a5b728,3480,299d6a376c42e9afb8ea14fda8554d33fabfd3b889bb27b7a8e4eb8b84e27878,0,68
d358bde055909982965a9136,8875,89027500186d7b0d3f1cb02a54e8948f9630f81607544c55b1648ab5ed416d62,0,69
7fea9cd48c02803f2bdc95a0,265,dbfc426691935e4e116fb036e722c188bd46c009c100423ae4f4f97d2ef3a32d,0,70
f43b2b0e441d39ed5931e86a,7404,37554c3f1ef90be3e9fe552d34c3f943b29930319ec8039ec59f785d2020e953,0,71
d404a8db392f89890e5e7437,1622,c8716bf370ccdf386901038c7bbb783000039b54e6e2c5b035f271de36b462ed,0,72
ffef2f46aabb5a8d8731bd69,2479,f4b5dd068de2b099c6fb085a6a872a4b8d2140acac6467a130b95890bd8eac3b,0,73
bcd2d4d17366d695e453d324,8907,451977e120618973ee9038a1eed747e2aaae17fa36842f147298919495394b8f,0,74
63649507f4fb57c3ebf08a01,3968,58b4e66f15d2e0de7739bd99f7c3973b1c1004f2a3194af0f554d08e59203dfd,0,75
329f216d40b69c7ebc335e01,5179,466ab38e1546d9923e4b38d70ac3d56bb20cfa162e5141d46d81a1e895d17e8a,0,76
5860fe18dfee9c89b514d07c,4868,db5821ec23a8e800a7a529efe3caaf702b09023cf51164af12b3459fa8022a36,0,77
bf1b475ed87e52f6b02e37b5,4061,b5839fcb4e06cc1d1d0dbe514c028eb979df684d3f1f1dfd504f8f1b89a573fa,0,78
5dc95568e42d6af2c9e0447b,3381,d11e2e60c9ba77d784e8b5599fde5aa051510709ccdd6596372ae7088f20dd8a,0,79
aa26661dd6a6dd4fb1bbbb53,1278,8b8af311ab1c384c567cfae14f98402aaf40dac4676ff34cc3f555cecfba87ec,0,80
c41ae1e4bc89f8ab09abd43b,2116,5fb74106bab1ed21cdbc81f45abfbd0becc5ad41330d5189134f5d17ff2681b4,0,81
0ab36b4efdfd38e2013cb5de,4347,4aca8dc8b5e792d55900c009e764c935fbaf5434d432019e7e1ee2f44703afad,0,82
1a616f7409b77ba51f255725,4420,f63ebf814e0fd2c48ed141fe20ee81e9f046fc2fbad923285eb621304e6f123c,0,83
4f3f4ee6049a9e5074aaccfc,3724,15ceab446637bc4e26fd861fc38d3b0b3e2fba6a99f9cbb6b020329d6af0c51f,0,84
6517fc9fe08ff934ffd260da,6265,2fcbfb53292904b92431df5b98b383170248c16a3bfb57b3fbb27e1944d2dd5b,0,85
e21ea2dfb68665dca74ba718,1854,427f757da64dd1bec6859edc2eeba71444547917366aa6a6f65f2f37d17fe301,0,86
4b6d908e13929a5facd1f703,2245,3d143500db6696634a342b6d9cc6de59141a0fe51eaee6f80b8fb06470581aae,0,87
02af991a4a4c317c71a88284,2739,0e2aa38346b76266af2f66f4722df9bbd58656886b45f9704c72c5945d2c34a6,0,88
22f6bf1820905b8701428057,1383,40b1174c2e2f2f3e93b073b3751f1ac3cfd51fbaa8011527c60b1e069ea3ae8a,0,89
8084d7effc0cb721a36fd45f,7576,b6d307b5a75813a01264f32485505d2047ff43c7068ea14451f320f6eccb1de8,0,90
30c174751cdda68eb02caaea,492,3acb5121993647aed12517fe59ed5627fc6164269e75d55b0aeaf07da3119d0c,0,91
f5cd06d44a0296f9f49e1ba4,2640,63832576033c864e836e0af6b7d30622a12bb6a790b4705592b2eb46e7bb4c98,0,92
381ccba756532810ff3ee846,3513,a67befb5b66ca30ab4f5b85974f5b3bf1de8c9a2f36eccf2543e7ea3b5c82125,0,93
f3192b65937265932903644c,3945,cd6c49c669ec1113f077886d85337657e14a77f049d3968aa1c5a517e6a1146f,0,94
bdc487720dac16af4aef1263,4579,a66d5c08201f18524a9c34c7b3ea74338b8b51f9b9cb873761d568bb81db01f4,0,95
f62a6a8773d853cb33e2d8d6,1751,1dc02b8eb025f48f8771a6ad2b00fda8cfb8a484a990a3ef52ab0d1a9ef0deb9,0,96
b78184a1756724e7ff59af1f,3926,23926bb106acb5217bbcd47417e30771c459a747d9a59a1abd90e7924066fa50,0,97
19d3e65b7618fd3874f9c66f,2250,d062dc62b8a2230f86a1787b0ea7d6c6131182aae3dca65008c8fcc4066b709e,0,98
c0900c81fd4907889fb8aa04,6627,1a8b07cb7fab4504451ff4db7bb6691d334419f2b93f947a1393299b13f0bc34,0,99
ceea8d288674eeec0bf3b4ee,885,5e09cf9fe8ba566435fbd01c4beff2500224e2f568cc2c38fdc0aae1e6e17fe0,0,100
2084808f582eb9af33673a87,4748,2e518a8ed0f8bdcd0c176f347ce03d58b0359790c5b36c7033a82dd3b58672cf,0,101
841fcb31f6377cbb743fd856,3994,61fc9d34a7ceecf7857529db470156985a196014ddf241a76652f9082899372f,0,102
e0dbe8d651428535e594f985,3524,fb2437f9641502394a98b74bf1c33df7bc65d9ab8f0241f6c1fd391402304ed7,0,103
8d96f358fdb67305203ba1a6,900,2a3b6a73082a68243c6d16775928f96323d78b4a0a6c7d876e8ef373efcafe98,0,104
561ffbaf110d659056785baf,667,f775811afc05a00272ce8f3deac2438536063ab75a937c8566166d07a94a5fe5,0,105
36aed5005a11dffcde392e04,8603,7dc9a45ec998fe47eb24c777bc9b3aaa4a175eddcc694be7a2ca218703de297b,0,106
757dc955b16b5ff82d629a3b,3090,c16f751a7c4c2263848ab2a5091fda79499145d42b86141c3ea760a9afe616cd,0,107
dae7cfaa833d95f6c3ed31a2,2738,d266f9d6da9ebb1307d91724b2c10e72dc2d571b3678c2df7bcd4971719162c5,0,108
80648ea8c9184367fc134732,3726,2c50cafcbc6a4250372f36760565e82061468189e09f9499dd6d459ad5305305,0,109
bc5f3cc561e210fb8719de5c,4176,60cd4c198c104d92d477571d567542ed8c421d10d75b890f0de7145aed3c1cde,0,110
8292d1d2a877f56374044bcc,744,6c6481dbe63a7fed194890256f43f573c97628592f454928f5f2002516554ae6,0,111
04e20c0ae58c87691b9d3925,5638,ae9a6ef38c1081496ae4ce90c8781a9fa7c576bd468a84f9739db1799ca04cc4,0,112
aa76d6934d2c382e2a0998a1,5399,f337c2c565c642516998eef5beb5ae8dce648060a275149d25e53c6ff00f7587,0,113
82b4bbc8694418deb0c9bced,7359,8812b057f808bb039ff7c57e348d67b250440ed17b0fd5c00ef745742e7a4260,0,114
bf8087df08d29d48aaefee2e,2264,e033506d3948b459e4d2b6351e00b30f6084cab24740e91f40924051a443ff09,0,115
67b6bd6b1d545dd8c28d415e,3032,428243b304352d05412973fb4f5e0f8752ef079a82817f3104c387f3824d7c05,0,116
290109ec53f46d761f17498c,5470,855ad128046508ff289d10c1a8b5768404539c70f47d35c718e4483591f33c28,0,117
a25894132b8470191d2a211c,6685,23b2eb61b435e756a69c74afc6d899cd281b702428033278202a33febbb1421e,0,118
ee62d2d8cf807071e07443aa,7249,a280cd6a3c3bdf562bd936f9d5691a5442032b4ffdfd0d37e1e7503c278ca84e,0,119
8a84d484b13304efa4e81f84,1550,eed3ef7c6a732e3ae29d139a3f0103f9efcb3468cfcec9b7120039c49a052c1a,0,120
8b059c230066e831f77c2731,6815,619ad3162e2d269d59e11420df1f0d57f17347266d797612d76ed7046097643c,0,121
c600d3efb6ffb56957e5f801,4698,b0ced2454e26e23edb76319dc96449213649caecd7ddf5bd4ac7890ed5a95bd4,0,122
cf77cc084d67f00e183df73f,5347,a88f90676bc66cfc03b52c472196bb2372e1c74aaf0ee7b4f39aa9fbbeb82ea9,0,123
673dd75f3657db6f13dd955c,7041,ab1fdbea7c2cb98faaf866d3efc412059844ae32337cec128a56a671c3142406,0,124
7fe3727af8305ffdc8764b3e,7753,5357873f056c8ef8ceb729483db464655505d9d9b10a756f2889c5cb0ddaf061,0,125
5745d09e8cfb54976a2c23c2,8367,34921f4a44c71d20a25a10063af4436f410fde3af2893142112fafaae6c89078,0,126
bac40d288f05dc69d1d016a4,8909,a51c48db7e3679206aa1bea931ed08684a319213384ac8d0f68f64927b8ba4ed,0,127
23a487c7daa15b822d827191,3238,17639d9b6a72354d7592f017db2cb344583fbb5aac827863f8ee9f0623233e28,0,128
71ffed678c2a8699dd09463a,8110,a3f58df007a7dc65ec92e33654bf1e29b619153660f12b0ed829e33d512c4b56,0,129
201b2d0e4c2067a4bae926e5,8332,3cc74f44df76cd77123a8c70c0e2b07add50078e800ac5d7611ba981eb9d3854,0,130
52b2ba120eb7b969e23bce07,6927,ffbfb7c4e0aa085e6de8648b50cce46ca9b0c4278b1fcb4272a4a7a602b950d7,0,131
c7f46036a4b3a1841714cf92,3108,7e7ef8b725faf6f19a0180a1673c5e9150fecd276f599c7bab5406e99d50842a,0,132
36890c2111386a6c8fc9db66,6354,05dd9fa91bbdfafc227089c62eeb67b98dc2c908123a10b7a9c6e1ca4fb22c2c,0,133
e1d0e0ecf3ac7ed3c90e442f,8608,cf9a6bbc4da348af7b38adcfa305277811944ecf3b55af0c017d8a670494f661,0,134
5cb2e3699972db47577041e0,4206,59cbece079e59fe54404988fe41f9cf7d9a843daff221214a061801a6ff24b85,0,135
cfc5e13adc9a112d0e936417,6691,44b21515c6e24e9b838b038b71e6424e047c2a13cf361ab9cfeb39354aa810a9,0,136
1fd1f68b2069e5bbc541831c,6452,163f0374b79df2a2aecd8e573bcf388f39034bfdc51ac2103d53f61d17510f24,0,137
87dd142ca503159784731e40,2435,9e19459924fabb7e1aebd2007ae9b65d77f9e0b664aa59c680ae35b91a3e58b4,0,138
b88c910d51d5d0aa691b42b8,1784,967c938cb6a0eaab5f9afa604d8b703e245c4cece4fbaea104e97a8f70c90ba0,0,139
adc3dc78527b80fee0ec5142,4048,4c461218919d80fae44b6f33bf91abfe6c8302dea650820269a83a6cba755909,0,140
ba62adb46c2c7a21561c6e43,1131,caf3c8d1e62aa70a54216cc9c13e7cdb4ec8520b7f5ea41f71815f5820c08f99,0,141
5d2e7689dc213dcec93ebaab,1812,41d886e06d2d13d70494ba3c73420fed0f037dfee64ea7bf1184f5cad261aefd,0,142
d1b8621dcc552cfdd08fdbc5,4565,1d3f42db9b8a152507f39711057848f6d14c30e5d30087c1a969c1ceba56075d,0,143
5d32d8c1f3d2783d983f07bb,5166,8aabe193d957dd5a82e8ce592d072aa90f492d39bf40fcee8a9bf9a789813855,0,144
c793a969e959e5641c1612fd,1844,ed05ddc13d817e131bf1faf8b3085fe629ea568928857708ed182490bf76f89a,0,145
b6c8626540feaea7bf9d9428,8036,3833cf8a34a6f80f9204aef5417972609db6231041311fe83a4c89850d5d0f4d,0,146
a89474cd8559d6630454cdfb,4484,9e56b474c3d3f3d2da88077c3d88c9787f8541b68382276fd0ecfd7a3bc47090,0,147
56183f39174ff04288f22f32,7312,0704eeec4d5bae15990f75eae86efe17148d8a5db2d8a380e84fce063f051089,0,148
73edcc4dd6b08cd0702e8feb,7456,5d3d2ec4832e7a568602921f1de57cef1a778abf3f5c262d66f263c3395778ff,0,149
31bbaff0850825c11e73036a,8125,cdfbbf185844fe0e15a79b58af95ff2a09a6b8414cdcfcbc0fabd4903771d4ac,0,150
262a6b64c9a8f6825665bf4d,97,d5596d2da74dacc1eb781144c5224c02c6b08a27a08b65f2734845bd2285986b,0,151
79dcb98fd5673b01f68933e6,3371,1e7d872f7bc697e75bf6e2bf48e647d93ac8daafcb87c6e8ad0b1138abcc662f,0,152
ce247f8c0c911b2d485ba0fc,3983,b6916ad46461821e2cecf22cdaeedb10a305673a67e45d88cfd5986c9d0ef1a4,0,153
154d029827a31fde69a1c8c7,8057,13a440e60fdb250131c8d60a26c4ec36e17a860250e79bcfd29ad4ee15555835,0,154
e8216772c443d589f8be8c0a,7969,517b9d168f6eb9195cdadcbecb3aa50e7aca2b004750804844d1927aa1757856,0,155
22dc87aaa96f451f81399e26,7178,077bcc1f201bd60ee807b16b2884923a86d097798717cbc99fc62a92745f0118,0,156
d9466dcc9365575804c5ddf2,384,934766f1bccb7103d7b19bd929f57b4b999c24fae41858545276681398be1e1b,0,157
98f96e5a160e43af7f8e8aab,7884,7e2b555e365f9ffd9a835f14cd20fe33828dfe4574c1705f184ad085ec1f24e2,0,158
a1fe2b93ecb2381226a2d1cf,4188,cecfd08ab13b9d7e26e1a224ae24ead8726e0c818b5f4fa0558964232729ef68,0,159
51642683f930e99e02d1fedd,3353,0e29fb4531854ee819a5689007ba208393e946ea67b75ba7458584760c217b5b,0,160
35410cdba37feef7d68f7b81,4844,cc7e9a7d7e066f28b20d1ab73845f7615feaa91fe05490f574cdeb5a35224853,0,161
e1fd8ea1b0f474a88b45f1b9,5326,7954f2a6fdabddf17d3369eda01b5746ac2f030efa0a4b43fe83af0088d64c13,0,162
039d6c25d6c7ef7069ceee31,341,dee8f6f334634bed1898a6b12c9faadb12e75b6eeed9c2352e1c1aad1d11b7cc,0,163
12d5ab9e92098c0daa49aa41,7196,862f24ae4e488550d5e55937cb2b02d5f53e6caa12a8d7c5ce600f658dd77836,0,164
08289cf5b20d723a0dc4d217,5055,f0c098e6804189501dc4322f42a4aea2e9dc39d3e018b6aa583048c48c451a40,0,165
be830b7c1d595cff056a2758,3458,e366de00edf886d5aacf5b8241306f024c64e48c0125ca14d2b48bc1857f3c50,0,166
a855d1570902c24613e5d623,584,40b8695a8413a8d4ca47ba5202f51e5b4ab90dea894054457ac7a61427b599ff,0,167
2fd0bb5ede2fc5b8e9a92c3b,4213,c129ccff93a3a0bbc6fe6c0c13665b09f3d9d8e91b257a11860a3e18818b9285,0,168
8de8fa8f72545b5e1c491b9e,167,43712deab01899c62f8d5a3b24b259e9bc9ab9e5f1a17c714623f68ac1e15987,0,169
959341082f1dd3c7a610ac52,9083,bc6ed2e19122938ddfdfb16c964e1330eb567b27eaf76e8b68951003a1740cfa,0,170
489ee86f2deb63b4b4176083,3233,e296f50b094942f4863613100d13638f7c4a97116df5c2cfcfb4fae029b2636c,0,171
0b2644ea866e8b15503e7acc,1266,6b86a8c3b5462d2727c3cd92218070d822851c805f7b24140ccd655fddcedacb,0,172
0f1b33decad31b631eaede32,4015,829b355040fdb876fcac54753242405f72f285129461d0fa9e47b00f83c908e7,0,173
fefd1b6100298cb54a242614,6769,07e5bd19e3714eea48000c2526505f960c28ec02272b54dffb5adc105cfbf3db,0,174
14275ef03636e2b1a06dd686,3642,bf834659b7bfaa655cb168820d745bd1183e1f6b48ba4ca7645f1bbbce1c0036,0,175
13b3453bdf0236e61b1f5848,8872,9805f89d339b083fb6db355c8775c1921aae3b6c2f1f239e11d44a6aba52feef,0,176
ffebfdef0d7f39652376e562,7024,02c5eb5145e8a4e93c1b27173e34a61b60414495bf48971a1e6cb7b3274a409c,0,177
fbe2c086dc845261531053a0,3070,45eb17d38c9ab184e070b86cd48805113ee15336467d96400896de96b4d9050a,0,178
1aa76c06d5dd4d175a55e7b1,3832,6295dcc2308569ee9327175fff67a4b2b0c532cd3600b0d924008f4ce01660f4,0,179
553c63d17f22b7243a31549f,1477,2b8a030ffc6486faff8e8a950db54974cee07e917d5526ba4dd8e6c646767744,0,180
feaef8f02eb33f99ad00bfe8,4719,792943cfd37cefc3d02a68c90e330101e21a522d889ceff6e28c199be99dfc2e,0,181
b74a526ccf2c56f2dea4e639,7093,ae30bfe6ad9dbcbca99f737c898e37ab42e2cb49ab118bd2d2f72527c9fb02d8,0,182
3de7fccec341e6aa7b87153d,8113,9fb261c939b841cbbdd2dda6db559c9d8193c921f0f592c61318371fc5f732f1,0,183
72991c4c67767039eb8cd2d1,3899,35401fbe3b0e9ff8e3d4bc6ddd4deb0b6877e502c2454d18ff8bab3f59f4ae3c,0,184
a06d2c0ae52d7012a6d8c98b,8648,5d9e63561d09f5b3e6dcce48536441fbcafc969e6b580b3fffd531aceceae3c1,0,185
5768d90697b85d926fad83be,4148,a9cc44b46d45c45fccf2156657d062a443227d0e9bb163535ddc565f60895dfc,0,186
14ca6603029db38c320582d1,3784,0789fcea6bc3a8fd5cf2b94faff21b4b2f8c45d01ff3e341ed1f75769af05315,0,187
f6de88eccca2187cf498c546,7857,3fe30f7e146903fe69506ea88070d2ab0ffc32ff5d0ae9c33071a1e18d234ed9,0,188
2f3d85ea2598cf377324787a,6908,9f7376965584e3e5c2503268de512761e2339d70a245c9a384c6fb44434ace6c,0,189
66ba7394546bf4289fa45d35,7349,c36057ef9687e8cb7a696e8835eb102e4203c00c8cdb77d5333bdfda91cab2c7,0,190
51f3ea3e99b271fe75f1cd04,1410,4ab05bf43714f25a5d75fc75c01cec480b08d53075233484564f8cd7846e0e99,0,191
8de008b2a5069bc5779802a9,426,e831cdff56c06499642ecb22f22e56c4f0b27d01d94cc6aad73ffb8b64cb0d51,0,192
2dea33a8797c80ae76106959,1855,2dbe2f9ba7be97b120f24a9e3ace12e811d4fbaaf5092465b624a5cd0d1394b8,0,193
2f66fb61e463dfa8e1698cd9,6241,3cdab62b46bebe95dc321e5df1cb21e4941cedbf9916805954073886b310d1da,0,194
286c22034e2db5e04dad4527,9054,4040e4835629f1053f864e7c048bb8a40aeb36eea242f4148d72f6cdcb76bceb,0,195
e7c729d0024d2b9fbee73dbb,2503,977ab3adc6253a76ccdfd70a7c64008928250b42d4863dd08b73f84f00c489a7,0,196
1c1541f09c1ea15931a4cdd6,7814,9a70be770fad761c665626c240f00d9e3ca112493f9727b6f99c013ef4342008,0,197
5012e4ef6b77845863a17aa4,4718,564659ef41fdb2dd6b9cbf5bce4168791239ab9bb4e51d58f54c3bbd2d12986a,0,198
8f922ca966e8517c80354cb9,1975,cdd874bb126ef4db4cdadf876e68435ac5cfd63b2ce815202efa10884dd02526,0,199
5386dbab12bba415a2096937,2299,f3d2f623afc03658e365b73d1412f793f08e5fe26d7aeaced4be3fb89c5f60c2,0,200
c07f633b98fec882e1510639,7709,4f0c9f659c912d619542e1a5ad5658fc94f25118689f1b3c299a8e0d74e2a504,0,201
9292f4b8628187686c87df36,5203,c2f08da3714cfe18911dafaecfb620fd2a4682946456feb2206d8bf8277cd084,0,202
0d32c7aa4bc34b495331423a,1834,6413362be451e4a64a46fd76d04119d55932fd13d3e69bdc827d9aa4428b4c51,0,203
6d9635d17b946ce8541be899,6264,b70b2664c016231a46f65ca0c2ccbae88c54273dc545bd185ee7e0cd7a88aa85,0,204
d6acb74e0680c4d088b148da,1261,4265129c0fb6f4b4439f81e373fd353545b2b84669c4814146b8419d5919be66,0,205
b08cd61300b30d0e67195d71,5818,0dae6057b554712a6c5e07cc97b741d287918d76dfb7f0f215e0113d6926dfbb,0,206
41826ade2a0c757ea204c815,1969,8ca2dd956d194f2ca4c5fe5682817c7080e20705ea5d72b34c0c0914bea8b0fc,0,207
14c775cca002775d813d917a,4796,35cd596f3229e3597d478d29d4d3e8723fc592cc5eefbfb38a48ac7c2c589cec,0,208
43d2aa9132cd9f59438e8a71,7941,3b2a31f6ff9e10bdd9f26febde3081bc3d729023cbb37ba6b011e4fdb9b3d7bf,0,209
7f2c925e6185de240c19f5d2,2212,ea0c061dd5776240a90d233ecb3424c025b303f4ea44c47d1f744404d6fd4339,0,210
af9f68a69d141c9c6bb5155e,112,ba8e801734322e03c3af5b76d33c879806471d1109442e9a586f1db943801b80,0,211
4532859624e09377c793f671,9136,8ae4a81a372c1833491382203164d268900c82981f586eeab83b7afa8720dcb0,0,212
5f37073c9625a2f7a7fac0a0,1040,baf91adbdb578850c822dbffcb1c097a6e9b38c3df42aa8a8a9e90ceaae8ce09,0,213
fcf9ee5df5c7e5c110def793,1097,8f4096a71e955bf291cbab54a66de1bbeca0481c6055696f935f1aa3e74f5e24,0,214
6e443348f0ef5a732c08e1e1,6414,389d7941a24c293f371c7d3cb17097a7ac7dbf4904c380bf6415fde30fb7c436,0,215
087061ef3bfc35d2cf3e550b,6422,1a7f3bd7d9ddf21adc1f1cacbc11584b85e8fc99244f9f5cfd51ab2207630708,0,216
9651933a27cc1ca02bab27fc,5832,3e2ff59d968c8349015c81f2aadd94673c5de6900c83595991688e74040696e2,0,217
6c9a41378e3597130c1d996b,3218,45630b70e32b7f5fc1a3f9731db8698c59ce0978237eadc2fcb30e29eeb207e4,0,218
b156521f53dc8c8ac43e571f,2458,12c2e9b4ed993dd7f8f4ceda4511c432e8754c72eb8683bdd0f398d115c6b47a,0,219
de9d06d10ce44b47d49182c7,8386,582e8d95728d0834c2096724587c2fb448cb885b0f44e0ce9163e52bab011601,0,220
6bdde37023d46ef79a809b0c,707,fd126f6a76b19ede2a1d20a00eed536dc73093209fa5f5cd929399009c459084,0,221
63386fb4ee4b95bbfefaa66f,6938,6955ae1263bd10e150d0e769b6b5971b35377edb70e90af1a2b2003d6ea870f8,0,222
33ca40fedde5c314033c770d,8568,fc061c4f72f9d3beedde6337c2d95e00b4db5e455ac2426cbab7fc564e81d415,0,223
551dae7707e45b9ae05b047b,4958,35a0f558dc1b364fbf871a061ce7643630a0bd5f0acde6f1aeb197f9091b2067,0,224
56f602a3cf44d83c64491e7c,2025,8cd721169a577c37ac7da93dfe9a371a01938b614ed9c3ef1b0f51c4d5daaa9f,0,225
d8e1effc00f19425f3075d58,4372,b8e301ff0b79c6182c042111c69cccd921c090ab8d54c95dd4f31f6829800846,0,226
1c6271c37e05eebac0ee1092,8232,5926c23358e1e436da81b553f0e74e8a4055c0415a2ce6da7ec8c41d8231dcc8,0,227
338a62aa37c0be735a3eb6cc,2219,ef7f52c315d606775cb87de50f651dd621ac8c33925300762bff04abbcb0b6e8,0,228
9be463bfaa82de6922639637,794,4375cae5cbec548449f2786481d73b0d86d785856fad7972cc33f905bfb0ce72,0,229
3a7fc2827951ade86c66aba1,8462,dc08939dc69d66ad052156343acf52281fb6fd29eb2f25b5de0ae732135e7ae8,0,230
bcaa0a7c4e211d9aadf211a6,1397,740900e3aaaf65547dcf4217ef5693abb43c56e7f9bc52123f75e26c325e0a67,0,231
ec8b5bf9b32a04cc52b88c67,8165,b89f4154d68851cf16cf7cc162a5f20db301473775914eefc9ec10f1f6537650,0,232
31cf427a65f120fe4d796031,2908,93bd9bef792337fa136bb82c85e5abb1b9bca651025a7c73be3612a9e494ef72,0,233
65c67ad6dcb645c69a3a4298,5906,f76d70f41942931b336ae574eb5640f7832a5011e1c71b667f94b70c038cc560,0,234
4418a03fa013e29cd4520071,8847,9e9099e407b882d4413eb8ee075750f01a03e5c9400d65c241799ab6923f1971,0,235
6316b212e1e26c14e1feb236,4010,df31137737fe4eea446356b3ee4d1acfdd167a02825152c68c1d4da6b9aa0574,0,236
9a54b2f576cb08bb5eae83d3,2798,3092a2e633631b467ad1c5a9377d67efdb2997613d08b1211800fec527d3b7f4,0,237
f1bd344670aec45c5bd7d687,3949,98cb1f3a36432f1c92874e7965e0b4e5a71bf88f3d0e96526213488c8d9c64c1,0,238
7b0c8726a5d9d5b44a39d408,3667,9b90750efedb96e3bd8618e457e303e982ddab8783f73bfb7622b5c534fada0d,0,239
4819449c3a3196a735e1e636,3863,ced26e6c4225694ccc167804ccc6a68b1b8411df064fe05ede9119b642cab71f,0,240
ca3ae6114d8b2b4e2bcae182,2247,4510624364e0309f32abd0c75b3821a7acf7d2ed7bd4fe43c490cfcd163504f1,0,241
aab117f8f99ffb2438e2910c,6787,08dd9eb3167e02236d22da60505e6d0dfee252f0a0653a3abb568026cce3d949,0,242
bbbaa97812a129d697854b9f,6740,2c7a13e11f35ce675cd6a22a4c14cca1446a0a96ceaa90f1c0a4ce21856a4a14,0,243
76e85c54090993b823dd942b,6971,f4b384cc221e3314d07126fe5de4ef6e8ec7647d932902f9ac6f5db4f767d142,0,244
6adf39284a45e9994eec7097,1535,7fecc28396e313c016233883e79a01dab16f6e9e2564b0c1690afa63a62bd20b,0,245
e878b454e4dabf044932bd94,8041,c8fa70850371bcb5e892be7790494b865de746256fdef414d2b609e14153b95d,0,246
e1364bc2b71a4922467c38d2,5114,cf13d56a473eb518c7a8ef339e9981589051fb3699612010021504451490b6c5,0,247
758ea306888c164b5e493d72,157,38caeae799ac18dedbe69da8d6725ce020e925b9ace24a3ac10d0a65b8935a1a,0,248
002d32a771d55f9d5933865f,65,5ab63f80c96d3c5fab49add70c449dd831d68186d9b332e972643a9de3c02c54,0,249
e031912875c8c97860668d2a,1362,add465d41d61116d811947a16228a345173d14347939c1d0f0e1e19e050a194d,0,250
23578fef56550bd37fef6bad,6439,a47c650b79ac634a4d7863f0b38c43949ca0803a34fcce70a507a3f2af08d6a7,0,251
296eea3992fc39b3a939da5b,6173,1977d849af9df408c956a35e6958115b54145faf4f05166c5830023da0273976,0,252
55acab6be244935e4ddecc65,8643,08dec11a268a3e01f3787fa43dcf52794613bf2a770e792280199ee4201e7104,0,253
13337c0bc5cddec446ee2cda,3003,349bb2255b423cc89a4c73589a0d352525cab954f4d924c7e95dff4dc8ae14ac,0,254
1e8f87028d06393c2859ab33,5683,8284ad3f332172a170f1e5fc4ca010f693b19deadd25eedab75905f0f9fa27cc,0,255
13c4370f1b006ff2b800b187,5144,86d227bf731270d96c2e57f63650203bfa7a660cab790c60e75f4a520e4b79d2,0,256
453c83004e4fdf0bfe703774,2911,adf3ff623eae7842de81374ee0a923c668c0cf9823b4f9ae221a24190d30a576,0,257
cfdbbd9e8879e75ea04266fc,2609,1b68edbe521441c975c40871b407ef6a0f509d6f1ec4d28783346c592a7e1c1e,0,258
6bb7bc6e8fd8a02926df7d88,3319,62841747d1af1dd3eb74379d3a00e64b24f556cbc42d81046a2731681fa1be7c,0,259
189d82c6b471bb8bdc9ef811,3993,a8db67eff28025842a1a138f12528089a896151fb921c55a7b1b2aaf216cf8f8,0,260
63b3d1c21466f1e7f687f457,4241,e9cfa639491a62424a2754c6c21fb2a44b3413061fd88a27ee3dde5543658e3c,0,261
05786d50291bb0f27db44cfc,3910,6b33995be60e6b51253766a411b2d6e7766f663eee5907c17b9b83de44326244,0,262
489c2ae409ec6135f7749cec,5233,95fbc418a485f486767c1ffecefc5c4f7682fc3f2bb21c1805a5f7a20bac0c73,0,263
65e4b8372a9f5a004c0f1f3b,1205,cd80263080a44a6bac931a30108e7a09d9d32ead3ec00286b56f4f22cffc136a,0,264
f852ceaafe45120db75aa484,4429,fba860c3c634a0c5c31e946abaf2c42c8cca4925f391bad5f9a354ce2ccbba27,0,265
70574443d118eeb2c316c5a0,795,235701827aec838f7ed1630d14934e418eefd39ffbf755269be4674f24e4e887,0,266
c581867e866213c651345dd2,2778,02513ebcf837328f4df1879bc003f1e17785902eb8a3e3c263dac743fa8325e0,0,267
914d2c66f193405f1ac6dd52,4720,e45e31462b1491cfd8ba4aa32f669ba888ac7003ac9f57276f12bf5a6eb22aad,0,268
723d06a9912250e682986c2a,5973,91514328e284b06f692ffe1e12a0ca29c538685b6433385ac95b33318f5a94c9,0,269
464fa9671aa2d6dde3599886,6346,c60b9d3367478b32d1213f8dc38706b3e1aac0bf415a9ab4093640417c9d1d6c,0,270
ec746f80890155ff3bae89da,1043,3e0ee0cfcb6c7582c7769062bced80bc56115535c32ca3d53ae9e891b7f88502,0,271
86d67cf8642d044b06ae4459,7629,ad9924702480685cbb3484dc9c6abdbecb8448c7f7ac01de0ee559aafa1c01a4,0,272
409f544df05bc09605f85a46,7677,cf83de946bcf7087b8e50a02bc56327b28e694312f34b54fee5992eaa92754b6,0,273
23a90513b784c356c75f0ba8,1824,80bb9f119eac7619ebc9ccd5abfbb14b83beb04de409349ca0356b94e08b717e,0,274
4275d3602e67edfe264ea1f4,4879,afc5afb017c7b545f21a89191710550d9ffb076ed2c017c84094bae40b1cdbea,0,275
af8befb390c5619efa33e021,9137,4d205f04e22f4616d9b7a6b43f87e4e016282eee8ed26f106c74783043e7d3ef,0,276
04f859026da34ca8f6bf8811,5819,6d91af61504bae9640e4e7ca3c863aa6ae72777a5f12b65014a76d742076eda4,0,277
577a3ec1c99ef85764b3b856,5231,076e7e58a19877d5796757447649b208bee3fb986f01e02031cb909659dbd77a,0,278
7e805bbca652812ab0c4650c,5289,70217a209ce41beefb6666ab04024f72aafb045bb49eb11af09d98e7abd02bd0,0,279
eba384d8cb43725c3cc02aeb,1548,f34a4229c0fd8fa6a21b9b88c1508b3b12452910c7cfbabe134a25c4f3719995,0,280
8da6c391f4677b684a9715d9,5070,898add6dfd9521c048d6fb59e39d4590904822d015f25b173c0d75244d95ecc2,0,281
6c07bcb5ae1b430e2046e3cc,4730,9d6ac1235832963df3aeb9710ca4f7e49e7822c416124f9dd6492b7b4786c06e,0,282
2760fb7ad54d459e835bd67c,4092,fcb63b57b9e7295d6f1216a90a87c4707870e5c7b4f78b474dc155fa80b04650,0,283
a57cba8422b8334864ca38c1,606,4e11402f96c8db903e769c7105b10cb062f5ba36c7f6c9f17dddbd0f9776459e,0,284
0f92167c22ae79df834b951d,7723,cb7ae165c025b34a08158ead2896a3d90162efe45cea69035ef46653911e7756,0,285
f1e85c880ffa9824f4b55547,8748,37d42ad5d1733bad4125348c2e8c948971e37fe0883d610f403898a43bbee2c6,0,286
31e6d22055e797f6eaaceee0,6886,bef70570d5d0d75a27a928537e5ee32ad1d9d0b2209a1fe7ffcac6b26197aa7f,0,287
e8fa8bb928623fb738f3d66d,6118,0c6cf9ac8719555e4c23a61dd80ab9d9b2c5367ae6e6291314a2dd2593f7586b,0,288
028d5b933510bec734323312,5147,815b688151870f9fd5d26dbe9423bec1fc69f8e83569722be8188f296d52ff8f,0,289
b0871153f6ac08e15ef9d580,7743,0353a2d8fd0ac5f0578be6f9411f5955627b6ce4569eb6791ff654bea43a45ff,0,290
2ff708c82f9ccb2a6a99c74b,8700,5ec79388f8e08de89075d58dcb0b8e79aba533b145f6296943dc853e60cec8cf,0,291
b9a6a936bd57038c2a98773c,5391,208f1000f04499755118462ad30c30680a43881171af73bda35449213c47046c,0,292
c8306d4986d500c7b17e8294,5689,178fbc2da9d403a1d721fdd6071acec3cda688538f25c1559d3fe7389d2ae54a,0,293
075c774e3990a7b0b072fc56,7934,6fee2273fc4d411d5667dbeb24f6fe8921d58faa328675fb03a4101a4f3a1c92,0,294
4aa76ac6248510ac0e767435,5943,f65b3cf62a831c174847b0bb257e95eb1e471a277bfbff0fdd8ba03b9d0c9129,0,295
346d21c7c1cc3b7438392451,8956,7434c275d44110ddcb56102f6cc901e05ad83d2d1f5c697e924477a682574b0e,0,296
849a1ff84a102f1f7e1e1887,8895,0e9057dde6da27b8cb662005e7c130688faa9a99947a576d3d56e501f4c083f7,0,297
1d3fb6bdb4f0823bc16ad633,1462,cc4c7f5dd49772a114495bbf9f26c33b4631c1f94773ebc7c5a0026020cf43c8,0,298
a507587bb04af27b35ed47f0,7163,ce8fbf39d5e3bd31276e0e7a30a04d655ac931f66f9c87bdd6fde6556ffa457d,0,299
5c3fc1464f03e8f30a7ec07a,2993,7455ec1bbd6dcbdae207fa179cce41f6bf40f5bd8a509bfbf20e901cabfade85,0,300
04d9cfb5442cfc3ae7b9be75,8533,4276fefff49d3518ff2b510b1de5108ccdffa6ed5bcddb00dec5f6c6231a0e7c,0,301
4969b8ae73a21cebf96b29aa,1106,578ee26ad437693fb367297e9d2e7dbe2060bb36b509c2ab92a7464a1bc8ba1a,0,302
f23410e422af62a2bb084e6a,4324,5d89b85803a3cafbc5a0ca317899e797bd098901825d8b2c73ae57c69cdcf845,0,303
2b56de83f01fd7db4f95cea8,7859,98da1b9e796b09b77096952d54943e3a9535ce53365a1ff1ac4ef7759f6553cc,0,304
88151bdaaef1c54c44674284,8282,f54f37544dbd8203b5d32dac9b7a2186c22197fb238d580202dd7c79b96df9bf,0,305
f570617a4c543e723ebf53c0,9025,fb9f7caa64a0ec44011caebf7f895dfb3354401a50be2cf9dc042fe82507b9d8,0,306
7260dee2f2f955e337f1f4ae,7206,280b102d8531d165f94ca87bb2ff89e95b526537bc3814ddc8d60ffa3831cc16,0,307
a966c15cede5c0690cd8552d,6470,5965e129c54a4bb9362a59b89841cc743478b75844a11c6cb3c438bd9ef1fabc,0,308
62dcba294ad497d1d6963f5c,7200,5319f5ec07f7693013e79996d0ff7121e638ecb0b8d47aafb5ac6366d947b14d,0,309
0b8fd2d0195d4f645be2c292,930,7d1c0d5c7fcedb081c003e21eb86cd27f2c4d06ab862a0e0f3fd5f6b603bec29,0,310
ffc88f999913ec0b0335a9b6,1657,72ade14b26bef83c821449ff89f5fc076bdf262ea4cefb4619c0a6845963f318,0,311
3e25e96001a15fb1bf58d871,640,c0b2523eeeff866b6f2e9751a363d9c34a6f095c0a7916ecfbfb0c3443043ca8,0,312
da93582eb77f950428216401,8446,86cc5f118b6733825f3549156893b1baae21098e4b051be13ea829ab55d70f86,0,313
761c81db7aeeb64ebd7f9cc4,4583,c4b8a1908b91c2f4b40398a96d68149daec50af6c70295003585b2e27dcbc55e,0,314
98d1779c3f71c67fc0a36a5d,3933,b4d50b834050ccbac77556b2c7c54ee360f999ee4c67e6eaa2ccc85fa72259dc,0,315
36ec8e4a7a19ec45dbb28928,2094,0dab24358fe064d5d19451148c21bc321821dcb262309a17f34c0164b1bb6e57,0,316
aba4aa2ce949ce197faed491,6290,9f7be94d016966180fc65ca63d22bf321a081a8db6c4e093264e4018a744e722,0,317
e65c11d01ce43c1d72b37ace,2598,960093d0ae45dc15639d3a8717fdef73c102fb414069b733b3ca38df58991667,0,318
cdec5f51106844d4a590bfeb,7337,64b455f3367f3f0dc94e4cec603b7244d00f438f3316866981505e90db26699b,0,319
3cab608f0186f9bcb14fd701,8357,bc94123db60a4a6c9a8ab27b3201dd11da45a8dbef3bfa9377071296c857d34b,0,320
3387e32f642b3126c53044c3,3699,4941ec064986f54c587eadb9a88a66c4a9c7f63b39b0aa9cd9cdd0d4b6036a19,0,321
3d462f7ef4d5da065031cbb7,3578,2746e307941da8e5f1f65e4e8cf71bff8786dcabbf9988eb8ed9ebe739f426aa,0,322
dda3e1dbe05cd339e850caca,5658,9aa702cecfa718d8dfa08c56dacf1abb76fcb17c0528ec42ff8913da17748915,0,323
d26ba8640282e7fc4f125ba6,7123,28dc264b1e7172e402bd48d8f5acb17107a128cce6d0c288b2eb3b3fae7e8b37,0,324
8d71c64a490bbceb23d15ec2,100,026404444825c21131cd27c3a9e1d2530d95b7aa6dd41632ddae7abdd9877234,0,325
a168717dde33583de5bfca61,2379,9c44e6cbe7963e76f8a5eaecea88226ef2b70cec88e46dd7a3d6b421a654b6db,0,326
f69441785f5db6011085414e,3729,afa874fb6dac59cc146c6f7ab977c7c461322e312ef375b1641b1f645b69dc6c,0,327
ab6d00ef1de125eb519fd1fe,7135,10f6136ac4e201c06fdc5a27afbd272c0f9f273d3e7aa7d521b5f33f0d29a60a,0,328
b7d88f879b84c2bb6ac3a118,9043,ff5a20f3bdad8c4b33adb320154e1ff74f24e045b0cefbd12f0f1ae25245b60f,0,329
a76ca9000f12c26cd06356da,2412,7ff92a90127db880c343477403a53a5b3f5f73e4eb503a1016b534a93a0d725c,0,330
aab741aa191b15739b1d75bd,3367,b5e9a114ce0e911e6261a215fd8f2512e871356de9f70746d0b311075ed6e220,0,331
13da0d39eeca634da1611011,8570,da6f4ec0bfaee02133c266d626a46f0d3ad9e2aec49a61bfed0c1baf5f9d8ed9,0,332
c0ade5428794a616d1138e25,7176,36c539c37dc559f4aa74a5b3407e2aa9c8641c263f10b56020295d77f5dbed84,0,333
fbba8416c2ee7234aef80120,7561,d40e584c578b22751144b2f16262a4e4a3929a4e4ec5b5a965c9a79d18098a84,0,334
e3ba0464ba333058db1b75eb,7624,a2c4f2e030897197576f6a638dfd446ca4928612ecf7d94799a3177fb818278c,0,335
8024b6676682e7cc8a1b2fec,8031,a7bf651d296382e3c98824686d914a415eac607cd0bccdbfd08098d10e501adb,0,336
a9e77b2029a6410aaf8fdc8b,5412,5ed71440ce43fbd371c07b091ac845927ec7a5dce4e74da0b88631d698a207d6,0,337
e14ca2805993891ef64d349b,7669,7caec4dfefb3faa133e9d72b2b81ba6fe6e1ec74f20e9aa9194a8cee3e0a15ab,0,338
eb43cf85c939551515f1c191,5115,2fa5a0b2fdf27745e89f756e3dc2c2fee9e344b765d91d3c3ec5690ada845cb4,0,339
1976bbff44aa939c20f90187,5222,44e92ef4ccb88235e6453c4c825761494624aab717192c1e587b3c9c430afb2f,0,340
61e2b156a5fecc49acda8240,4105,e4f94af2db550cd6b0cbd79703d76ac0b4ba372037ab9bd44a85569b0a02fcd5,0,341
7fc3a5cfa0e5209477bd1e66,4023,b1f539b8d1e31f292d831a0aa07e46a3db3f826e9ea84b9b324c370a544138e3,0,342
f18f0d2141a0003ff4e10188,6729,41b77f1a5a3f2506908aeb7514d67c040a149506f71030c4b38deb10d29ab1c4,0,343
e18f2bdfcb82e50e661b0ff1,5274,5d2474cf7107a0842998ac308898114ca5f6cce6a7f98a0bdf729603a2f494ae,0,344
797c6c77c74250a15b92c558,2910,dc67ac31650a8468d9e9b33de81a1d69c3453e7645e563e123549028a2a8d739,0,345
df9171474527b57b4e5a38e8,1117,f4589d6d8a7de824049fc75ca9057689c6b294a96464cbe4b84701931f79fdf1,0,346
a0ff6943e416a52c585996d8,3052,78495d89ff76f92babfbcfc2eaee0245d910cef64f42414ec4b8ee90ebcf63b9,0,347
f083826bd2263b53b20949a9,2600,88dd25a7cffb71aaaf5bb414caee5abab09b677c724ad60c21eeba043ea88248,0,348
9ca3edc8d2c460c36100cbe7,5757,5c549bf269fc352c5bf0f8356ba6b9ca17c07525d88502ce0b351316f08baf47,0,349
7ddef7cb57590009a027c41d,1507,12f0debb9deda054489148cf695e71ed31b7935cc2828292586f5ca39f1fc9c5,0,350
33e79cd5540703c96e23e051,6028,6c08d2c316cf411da5b3bcd461bb844545e76d33fea331982ac022550b40c9f5,0,351
2441bb0d2f62169de4385014,4713,dcf98dd6af38caa997ccaa33deba7137e9183c64ffbc2387a84ab5407e038008,0,352
56abccd6cec15e6aa3fa44a9,6244,d62308aff6f32540427e40a299f9eff4caea0bad70bf47c80d2a0c4f5da41f00,0,353
cc9d5fada1d19f7e2f26cd1c,7796,70ba0f93979e88e035d61f1fdba1ed198018df681ec4824c2c703992fe4ad6a9,0,354
e662802a2d1f2ed11b2751b5,2820,b1d691c750872d606d08c62060c20291173c699aecf0629e2d221644b4b8d8f7,0,355
5cd48be334e050064ed418c8,778,5047cb9b378f3f345c968448c5b89a373a7f6ab41343657a813bfdc9ba6f3dd8,0,356
307f4214c99e515b2aee2420,8034,72ff6f61a0e788b3df72ba2aabd2301632e03bffe815d13b939e047cb33688b5,0,357
28db5ad8021253bf758d67cd,631,640d8344295b69f1fe1399a525f700e132dac6886d897af7e89accf191687503,0,358
58cfa70b388dbcb0dba375d6,4208,c603a1e25a58de09032fdf4a295776bf2c926d51abb5fd3f58cfe5cb7575c355,0,359
36e53c6f839be4a4e014215e,1150,1e9dde8cc1454597b2fb62710939aebad59d430b444793eca76c2bb4e9978384,0,360
f4e1a225a63c5c1a527d740a,760,f3a1bba2d961072eeea9c58090e92dc8d63043e85cc207d77067bf51cfcc3875,0,361
d581b4ae3c07b786323a4159,2019,a1c00757f4934c09fc4f2f81a9e989c218f38ac46079b48e077bbed82ca44d00,0,362
ae96fa9a8b03a5bc95fc69c3,4318,4c357214e2d2503864df4e5bf799ea0f6be71407377e00c2f2c859e7c23b3ad1,0,363
cdb5f6b917f32549c86bdca0,1254,dda597fca2240281e2ad2ebabf14f23ef102c35d4db195977e721b1f96adc9b6,0,364
5e4f5345c47fe3d161e2ef3e,5358,a2a158df0df89a9e3c8ce0961eacb96ffd11f9f16b8840550612bc228b5a1414,0,365
72c1955010d4e63d6481ebd6,5617,84480b491d7a7cd509a164680667fc2f89e7df711d51b87d2033842425df19de,0,366
2a41129fec288bbd6310d847,3875,756030da705803225d1dbe9893c7d5b7b13b93ad96d1a7ee4c4f8d8f9dfebaef,0,367
c0fffa794ffbeca95482327b,3886,f3243e973c7b8ee7047c5c9f6218ff503a33d4f5eb3fd51a59cd7fba61fa21ef,0,368
6b3e116a4985b388067d0454,6328,f30bca17fb49aeb22cec0ba34b5058c832f5395a50e92cb497c6c7b88d79be03,0,369
c67546f55f0d39d15ace8d10,1531,948aee96b676e53ea2c2452682a01ca74399a57da75be82e970facd061c63b18,0,370
c7f522e5d9f6060e4353f431,8523,4fa1f28f22c91a5c8b501a421842f13246de01e8debc4c26a6ef005471e3b0f8,0,371
f18ca749d2f123282a2b2563,3418,07b1bd9a13010a7d25ce015e69716c79f5448f6a7704b4717958435c99bd218a,0,372
b45e261c004623baa0c374cb,1810,476a394b0b6467025ddea35b01cd396759d8d4d01a7f78eb6bbdf5d4ed0f6cf3,0,373
179dd594b82fe5730de2ce47,2367,0e6db8309e406115ba09d277ba440f5010d64a9ed58825de60d567b6e3395b13,0,374
d2b1276bb1e22791e624166e,209,baa048e9c3d5f7220e989d888052e3563112141c04a325322b81337de058be2f,0,375
a51141f62199381ac7d8c8a1,1243,147bbfd9db739803c009b1187bb1b99047062e440b16e8b61fbfad7ca2bfdba1,0,376
b9e75158dc8316989bcb560c,4453,df8a0c89ec3d5b53dbd8d699d419aaf272684743edcad2dec3ec539fd96e95fd,0,377
4aca550dad607f5225914263,6949,c331819d4b15172ed9bc816f1b96c9b517dbedc058206eb3d47f0b68056b8b5a,0,378
4bf38c38bc6dc2471f0db24c,3802,a49d3e5209e54cd53edf0c3368054524c90fa3294e8760de0a47b1b9a796de35,0,379
787b3a7750eb82b7b712c884,5297,a58714c191191fbf8f7416ff6d8e8300f1746671d0093304337b4d59eed1306f,0,380
95c1ca2dd8867be4458c7287,6517,98d5354682d64b95cb001d9a7ee8448a987f79796352e33beec8c20e51cae5a5,0,381
4df0eb77cf411ab1ec2701b8,8410,0093c1ecc4e8c59e6258a4904ecad1ab76f3a72d42941d1a47c0f7d02294d51a,0,382
e20f946cc8a8ac954688a578,7330,e7ff6c3c297b7fc075b1704b8f4effb669350b10963bb713c57d670475324e0a,0,383
c6f26f160c49383bb48b4e26,515,e02df91a5ba03267ec2a0c413865c755f1344e58954ec6a101dd4f63a5a56d21,0,384
77b9bf0556a32ded9601b13e,3825,f23f6d1461915cc9631625d0133b2b39673249e6f74602b97dd027d5daf67edb,0,385
b8a98be5873e9820420a980a,2252,8189f1f2c6a9d9f0b210e0ef5be664d0a9b5d66acfd343a2fbea5a8dcd11cd52,0,386
d8cb1eb0c343b7f8523c0921,1275,65cb7723c064dc238a8b21e9050631490d874f43246f725b7eb021ba6caaf9da,0,387
ab32117baf889fd5bc8f196c,3915,f8ee640919c88fce97874d3446f792aad2678ae295043bf9e7047ac19e784e2c,0,388
a315bbee599030d09a29e18c,4948,005094b5e0e5d5e0fe1f97b776e9693c78a4ec0f2a0d7d35d0513967e81fe7d6,0,389
3841e07c3fa05803c1d5bbec,58,fbbbd59254a0cd7bf4b5694f30d50a43c788bd830388c8a93ae0802f818c7b58,0,390
5acb6c81c2e213ca70ac0a43,1821,34da840261a0b23ae0ef323fb76c3921434289b85199207dbba8b9770b254d4c,0,391
1495c03a7b34ff0568ad294a,4896,b4588e7c5b2d2936d8d8c35c0d96902a2abd9fa87af8cc8db6a95034f09a456c,0,392
802d9260200485be1cfb026c,362,b5a85202009181555411a260f38d6fb6355956b96d30bb93844086ed4dc1db4a,0,393
ac2bb70f243ce88a85ca0016,400,1109e58ffe6b853fffd82e239d9a7199edd52e00be1885ad71e75c8d41162f4f,0,394
6f90a54a198a347ad9182147,2822,1d7c74a07e7202099cd5814ff58aa4a7ef65a1e935754a3b73b35964f32961a6,0,395
a67dcc15e7ae691e60c564d1,2144,71b03689d74516dfc8b9fec79556222546d66a8b4c68d46c79d70b7af8872679,0,396
77a5f7e86ec95d5e552167e8,6233,f24ece8ae66d02e5a66f3427b9984677849e2faec79dae347f32c422672d8041,0,397
808d7a402a00dc3b33508556,8542,2b52ead008cdcc68b1d68a1e553fce8cd0eab2e80221588d05805ab908829394,0,398
9597289abaf56bdf2a784277,5499,6e6c1e040c390a8ec994d0e9c5fa5394111784a602bc19ee5e884965a078ff9f,0,399
b7561b31966ae8b1088e29c7,6110,1fb4e024df4c2a4c64a0a6b9aa23f2e70020a16b5839ae9e914601f570e06bfd,0,400
b089ea5c1e83683a5d9050ad,3113,f97fcf3177fee4e94849d837d908b5b3a53ec96d2d1b53c24640afd061a185df,0,401
ee629c1f0d39523bf02e577a,6615,97da57ce265d7f9da1baa5df70144632b4931e9240d8d40d03b51255c566fd91,0,402
bf44eee02c8162f1c52d159f,6633,c0203ee6fe337043ee0935d358dd20904ace679fe95ffb6906dfaaf0965516f1,0,403
75447fede5a26eece5fe7f66,7270,9d283a3c14939244ca70c504c5ea7f72744f88abd5159133e5bb330c6854ff6c,0,404
8c5755f713b3c594af5a4cee,5141,7e0e29848890a33031569d607d26b508194849e73a5a16be61e8fc085b5f850e,0,405
0757dd9788350b173e9629ea,395,ecf24b2d1dab8d9433bececfb559bc96889c8ebe206b20bc11e30af4621ff466,0,406
8101919dfb77bd91bc26f82a,6070,3164f6d52a6135bf9547389b384c9458fc4d8a53daaf4cb60f2ca823ff77e13b,0,407
fd4ac0d501b607f4f3933909,5367,90cf468544b5f0f250663090a8d398f321f0ff77558b031f164cb4c55d19dfd2,0,408
337c2317b26fb000b86a6b22,6212,870a3b46ade18f5a957af70887c6555e1b9774c21dc981b15bc73e98daa10fbe,0,409
0cdb97d364ad7fd11a461ac5,6009,399802738054710b8bf17a0edbdd0c70789540ff093ff69719db5c443848e3b3,0,410
5d4bcdd95afc1c8deea54235,1095,ade8833e02a2c8ae08f9c0cf5a3ed65fc3cfebc4989fd1dbb8a255c0c5cb36f3,0,411
a8552a4bce61c24420a57795,9046,2ed58ececfd2d9d218e14fa2c21a3d087ed0db3f3e55cf24fb15cc186bf6c3f2,0,412
d1e2591c3672f5d099166e80,8846,8d69a02283a457aa9f86c550c6fdfb536f2141b936d30f4bc14b8ab3092636a0,0,413
e04adccfd2135cda28009d51,8242,da54c3571109df337e9d83c514ff5ec40f1bef585ba7b28bc503bae0df6a3d0f,0,414
8069efe80ffe809de87a7ae1,3590,64ca7b77f22a7d7279fc6f64323c6acf4019483d8fe449ae5522885552419f9a,0,415
ebdbddd88d680d4e24e4a9ae,7282,bfac11cb8273eadd18f923de5826f3b0d67390e1f24a5ff4a98b41d6639afde4,0,416
fd7d8d005441bad3cae11c01,5309,235d2871e995fc858da6d0d102a2404286c7ac7da856086c8dbeae18be860863,0,417
f990684bdb536bdc03c4ab15,2660,f8beafe723a0fad0f67277c87087bf1522b6e93153e6e41e1c22374b71ead5c6,0,418
b3bfbbb7978ccc4d18a69748,2850,07da8c22a085fc32017a0eb657a0790fdf563cf8edcf5d142326a23e7a3e4640,0,419
7514a25d7e9bc2816063b3ab,1126,26a6343e0bad074762ad9de764e81f58341e0662123b4278847363d17b824748,0,420
c69bf08fa0ab31491de436b8,1438,2bef5053af23d198382b176436e0d1ab033b4052a2e518a0c5a9ddebd651aeac,0,421
389f51e8c896df9b5669aad6,8277,cdd6479a837dbf2e762c3a7f85992065e5e02745e2d481e13598c8e42c102bce,0,422
bc161f013f5c3cdb29c12748,4794,ce2232de730c2bd4bd6da9867c5c099473f0fac7efff419afc48614d0509564e,0,423
26b0199f01dadef5c5bfe27d,2532,08c87c0c6efa6ee7a8dbafbf2c353d17ee3c41e6533c0883e02c2e76df62c5b6,0,424
49dd9bb90cd1857d71925253,4744,d17f2574390b7295f767206e0df9a5b48aecb690bafd68fae0f80950346acd33,0,425
7e0557969e673a990e15e923,5736,af9e526f26a0a08d4ec0f6993cc7719342c13835430afde3b7c1d104380f977a,0,426
4040ae1e64ac581424d5daf3,1661,e1b2be6e75e28aeffd5136b83f05df22b88e71290655663e3323b7cda0404a65,0,427
cc4ae5d6e781972386d1e4e8,5293,9952063511b360388cd8b44eb78cb9de92a5b06d9a3c1de6a9a0c96058e7d1bd,0,428
696f9c6eb5acbf74beed4d2e,6900,b7f1dddc45c2c1ad3a95d285d177e7995021b30607ab5b6b721b7a3dababf530,0,429
97c1e35f73347e77bfc1274f,8144,0ac7a525e86c5a42846e45291386eb61e9a1574bb68c28dc1336fd250ccc1719,0,430
c6d7257900f30be1bb4ee940,7136,e51d78cdc57a26b23a3e43afc5edc61831e287946c27343bd606ee25d3d865f6,0,431
00bb90bb346d53d6783cc937,7043,7b5266095beea4989f23f1382fd1ae95d6ea9ac2d0c94136eeb4ab76de046535,0,432
4eece50bca83677d8cef73d5,7727,3f13db95e8ed3aa5549a11e057c4f56ec82278fabc1cf5806e53aaa407681cba,0,433
63f67452e7c5cf3ba7d9658a,4158,babb24def8da3fc33bd5a84d57122bcad0997fdc84d76efb31e862567a03eaf9,0,434
e6e66be407ab7fb8773a0f11,3085,7e9aa9a1409977259389da37fa45ff2dc93ee7ce4baeb54bd0d7686823e2c20b,0,435
4633566988c74505262bab7c,6132,8d823274b23597084847e960447d5264fcc598d0f0455c54dd0006829660e505,0,436
4ab852deccb88842ce8edb58,2040,3a3a538574aa3cbf28dad324ebefa538015773a22f47c659d061450959b07536,0,437
0663b7620e48e337dcc15608,2486,2e9ecb25f60cb9f0755585cae637e25fb5c667ea957e0b1a7cf17320f62f4023,0,438
af0543f4a67350f996b41abf,3278,4e57386850e43ee6a7d62dc3a1bf65cf24e3401b52828d649820c4f77a5fab0d,0,439
6c5402e88db052f7c34359dc,5507,786ee8a288142192376bc6fc6b106195d921ba4e65bad66aca17846266ccd96a,0,440
1dc648c8594013fd0afdef3c,4278,2923f2910b98074d682ab8397a92fd05e9f2158a0bc13635161e0c1771873beb,0,441
cd4f0011e647495a8412c98c,5061,dedd68b82fc5174b6b20ff428e77dad6f4a1e80459ae3d3ce3a9aba54c9d7c1d,0,442
21221d54f97ecc491c2cd37e,6204,c4fbc2e3f38c5db2dca511e8963820249b0083ce9ce270c8423aa6d5fcd809cd,0,443
5ea449a74f9e803468e0c91c,6125,9babcd0a65183e9e78d46c1e0e889bb26745af1d267630d550e8c254017591bb,0,444
90dac02406a620aa118a4180,1272,79e439ef69e8d4ae447a68c5e3294913a5fbaad6635230c73e691c4e1873a714,0,445
e3674bee8bb9ebf80ab1b500,5349,d1697b4a8b03fa6317aeac155719a0255d77560a7786daaccd30df51a1b92d24,0,446
1054423250735c0bb98ba094,4247,6757ca1c0aff79dad64b516cbc02819c3f10fb76e2491c5c738670317b98bd55,0,447
bd80af1b13bf0bef87ef11c5,1207,e59ee47e674db8594e3cf007462e206647bd622f559c2247892ded090761888a,0,448
4a36ac4a1bc44e4bcddb7c12,8424,eb79a4cc3d0e46c2789b075c9372c21312131a8cf28ff30d8570a61d77098053,0,449
d859671ece0d34dcfa36dcdf,3149,6987e8a7db5ed514002e92cff49ec84a8acdc1f2cbdfa23d79f739c370f85867,0,450
28567dde46460bf43123076b,8321,d97dc7abb41039f4f9eb06ca1cd7f690806206c02805f2fb41646e7167080aab,0,451
c432629298c39f0c6363139f,4077,5159e89725483d8179b37b831dce91c09c8412e13f3a3494a009c99b2db07b63,0,452
3d8d2110139318e2a5416a2d,4467,c9a2044b50e2c8608bd297940fb2fc681a845e3ad2789652537d82096430126b,0,453
10dca7f9898d46dc78e1c7a3,5402,58bfecbc555601e9ae86623dc8f64537a6329466b224fb48436421e6cbac9b43,0,454
c5582e636e4d86b941b6368a,8391,4c367582d69ebf8fee07d89f761268a2f3b55df8fe00c19f38649a6f870db09d,0,455
e06fed5d67b3d1bd7f76d1bc,694,33e9833819457ef131edbccf5935b3f2322a1a9cea87fa611e833a08e300a4b4,0,456
8cf9418268309b2454c4f608,773,01c40bbf18060062f94399fbc1991c8140b8cb6b0a6998121483c09c1f2e46e3,0,457
c4a3d0271b423eb878e8967e,8725,22ce9dedd539cec69846b3d41e30746fab4ea411a5715041a000983eeef6b52c,0,458
d3f275445a090d0cc8aa7097,7593,e01424bbab6f823031d05a1ea2969d6e781e47ca451560211604f36dff8c2d21,0,459
de4cf9f31b497d5dedc1ced0,4371,9e8a3f1c6725b764adc7a93baa6c83b79b2639d41a299326b91c2b47a25d355f,0,460
6a41d3c365c6cecf8a5fd9ce,5525,6dc5d1480aca3a642ac961cd7cf80a00351d8855da490dae56137f992dfe5366,0,461
4702bb2e721895284188b761,3142,de271e090830db888834dcbddee62fb30eafee9911171ee5a49db0673502cc71,0,462
066bff59109006a5b2af816c,6364,d96c2710b2897c09458d244f44a02f24e1a9ebcfa0eacdb44d2fab796437afb9,0,463
d55fee41a4ed7a6dec6e3847,5229,a5534e6a2a4b53a038730043b125316e72c9f1ecd000d66927d4784842e9f696,0,464
2810b69959bdcce607fa9cc7,8441,e43c5cfbc7f84084d0a4cca920e078ee48347d408d8e1f9b0805d93fe84f3859,0,465
85e7b6c26832f688d3e4b6d3,304,614e4102a11d8e737d445d3e502476ef5c9808b6a3c8cab96f3b129281c9e596,0,466
610c9fab6a0ace4fda2fdea4,7694,97ee80814de112559ee5c9f4c0fe42a84faec99258444f8aa8e72ed54ab06267,0,467
25122ac52e5d8eaa9a5a817a,4065,65d7ca44b7e539914bb40651376ddc4c33d15c4bba9853ed849c8fc73ea868f7,0,468
719042766c631ab7ab6762c0,221,fe393c360cd5fe8f36e3debb0172dd070867a4a3bcb8b300fa58bc66c0b0c4dc,0,469
1c6f00edc1042bcfa02e6679,3282,3ccbc01e7e341c3f447dcafd922edb1443fe6bc76bac0bb1ded2a4caef971b07,0,470
b03cad40b7c431ecb7350650,774,a87c4f698f0224e53d9ba8d8c57e59943e7181fee38e22b8b1f6898be96145b9,0,471
1a28a6fc1ab7613237238604,3021,cad1e98679a487354a2e97c623f797ca96df250fc0c1b8aa0f095d7944a15450,0,472
439ba88b9d9734726110ce48,3614,0c20e4d06dc491bdc326cbe16da0ff820c451c38b131315475fa5ae9304c1527,0,473
c9aa60f02d3b3bb16a2efe45,5182,2dfed2b64d5444c3de285c27d408fc7ef0302396e98451d33e42d11d70ee3389,0,474
c802e834e04ce592a892a18e,2157,4ef020cf7223e503877ef9c8dba1c8b73a1c5612b825711cb87b3f3421766094,0,475
d2154e079ded55a68d93ce20,2007,3ea3073fe45a70b82008886b50ea68ec26367ed57960bc3a5b948331d842ac7a,0,476
6cec32326a8ff55f5d51ff8c,6412,4e2b108b0419d153e69c688882a4cf71321a0173d0f0131e55227ddd8376d34f,0,477
0969ba4f9e629d4a2950e1dc,9144,2534bdec3a5c6c80ac44057f1fab4fcb84ce6883bcafc85a685cdafe85232681,0,478
929dfdaec04ebc54e1e72498,8955,f73680c2f5a9a18285d28351b4a02434596d24c7c83e55bec579bf533286c488,0,479
ab028d376bde2cd41eebf21e,8499,48977327b579cf6131a90435c072cae2cb0e32bd39d865a6b13ecfa25769913d,0,480
c04edd08e719ddbc99c73142,5006,69cc4a429b15dae49bb8d5a2fbd5ece4132f1631b8913303ab7987a900bc590d,0,481
20a9b07b5f89112943ad9265,5125,3b2044a8d0d59d289a519d5655827867e2cb95a9c698d788fca973c125d594fc,0,482
47543cd98ac9d4a80f9ca626,5108,e5c6f840816d441c9b657592e35db1e12ebe725086b4f397a97d6c6164e367ab,0,483
58c3d835291811882969a011,7651,0dd2db6feb766f1e6610355e2df654379216b04dae845d303500b6931f91a2c3,0,484
80da752cede3bb3b9e09145a,1831,fd697b847af0b8cfe418a710c9dabf0adb565e6bd053fbf353b03116bb0d0489,0,485
ecd5a4f1321f71859aa64c83,830,5244bbb45101230b06a049c7910be72100a9c83bcb9b4ffa1cebac6ed77b8019,0,486
ba3f2e389aec121123c5ad56,535,a7bb0e8ec7ae057e583bd2544912128286c9acf11395ad5cabeb576a438c6691,0,487
7e1c9e22cd8c3958a50ff44a,1846,d9919a3b89bfa189ce45049f1aabf81f08e4b7a922bf8ae79899c9aa8dddd8ed,0,488
cd02d84ea1bde285b945064c,9061,d55d1e9261b4afb616eda12e6d1018b58e9df33a9720dcea2214f45ceba9d7b2,0,489
0cb290b3d168cbf42787eb73,2753,82c3e537643b1062925217e30107d2bde9e6330f2089c688dd8fc80d4049a2c9,0,490
4c184e9c0a1d799274dd6e8d,5368,b5dfe629f60aa7c7c09f58fa8cf92398c692dd675dbc899080e8f26eb9a8cc3a,0,491
7c2eb62943d075799d35e9f0,2573,09356a8b8b958a7e25792a2c68d916871aaac569e1b3439b66e4156eca574b43,0,492
29953a53b5961a961d016291,822,3393d2ffd52356010fcb0bbbc09ee049ac3593b76ed0a6f85fe6fc1a542edff6,0,493
8056da5fe40f297cd2d268cc,1108,572180911fdd0a1abc0a5c9f117151bfd8d358daabd09e23de2361e2f008f49a,0,494
8852c3b43835ddaa418a0905,2194,5d31b47494e9d0e9a08dae4bf77420461ab5412069185e91a16e9c3ba73926a5,0,495
4c14800b366067b77f0a9bce,5800,ceb82dffce0fddea309755c820cb54821bffc5fad414bc895e8afc8bc3e86cad,0,496
d3e5b894a56c6b41daa4c097,3180,b8c8998eba1d8df3c7e737c80dff4588e4f472880fc52a7406821e9d0a4b94dd,0,497
91c047867ba0a545d2386490,6798,f353053968a0efb0cd32194f54192ba5281eedd261c48c9cf2c2e235c992080c,0,498
c6d01291dac33073701fe2dc,5321,22f2cb5c69a6ff53d7c492e0fae2058793db9fc02bf104912dba975d8c54a6f0,0,499
09fa379b9be7bea5076cc56e,3628,626d07f4e5d1c98719db86e2d65fa5905781ab4c7be48bc4cf83a8fdf11d60e3,0,500
53469fd0ef4add7e9ad802b3,8890,6fe35772245f90ca15cb440950b8e6030ae771174da0d8867f2f897de241d910,0,501
aaae77b8e125b8f1a7707d39,6880,a7550ac2779b3af91fb2b6dc0fe1eaa15d1f91e5d7b89fb39c065d9e06062dd5,0,502
ddc2b215cbebfe506be49a09,6440,66293a7b22e77549366b9fd19984f0311f9f5f8d19f7c37d90b35da603408a41,0,503
b2d0cf47d041bcd611ffb155,4998,8f7b9d97525361e380629a4fc761f3d011dd5412576f04b816d2fb7247e24be4,0,504
310a97eae8ff35182299ac88,8002,130f8d48cd80f7ea3b8192aed9b50c9df5409ccc5bb289cd2e8ce3dd0f4faf89,0,505
b14ae8d670258a443b3f7b33,8187,0198298cff8ba248c945e59be10413a6c5b3ffd0db4182fbceb56856442d5cd0,0,506
964b542ca36c3a7ab9a5705a,1367,a03d22575cb1e4887a279e7d0d37fe0c3475ebda02efd02e152a70bdc248873b,0,507
820611b826cb206cf575cfd3,9060,446fb8daa80e44ad594460d807e0d5c6109a64328a027201bcbf32e6e735b45a,0,508
13a519a594f4c63847879f9a,7701,9928ffd67fc30ae5a041501af637553044bf77da81028feff8bcd2a4b2293553,0,509
0f8e375947a02f46aac2c943,9065,53acf8eaed1d5d1b107167e4abb1ebea8d02e74cc7fd2c4fca26986fe2244acf,0,510
69d3af50f69ee7c2f9b73339,7553,b5101cf8abbd1528ca5df8dfd2b39daea5e60dd5455a737b97384ff77cc3e8e1,0,511
6d8890c5f44e119e6bb15e92,5881,8bb15c2e755c93e5060566d3a017d2720e4cbd8e87dc590580097350107e56e7,0,512
e225e1b7dd2b3020d56dfc09,6089,ce748b0226056c773a1ee54c57ecf4ac7a03f77220f42fab5596f54306476d28,0,513
f9af93f6fe9e23a84d9c8401,7061,aedd8d04845eae6b988258578cfc9d9b8258387f20f5462f12e1d7e90efa6a3a,0,514
e784a9f768e61e54fc725732,7155,0197d028a994a2c7f4ec8efd41b79705163f54d05e5db470934d27e35b239316,0,515
340c94207418579cb5a52997,3653,f981da51371d84922756666dbfaa66e780cb8b79843ebb2f57b26f8d1faeffdf,0,516
f7220bc09313e1c77285a22c,3292,824bc54fcaeccceaebbef2a087ec9ef6bc03a70118951a6c82a41f5d5d77f33f,0,517
1708cd1706f9ac0d6d2a44c3,1874,3e618d8a8c9517cfbdaef0f8f86ca91113d17a86751c19d93fffcc6c186251f6,0,518
e55f858817dd1462473c095e,7898,6bea1e9a733a35461f5bce9c7197a32b1f75098db681085793f651b1ac52ce6e,0,519
ac0d7f4aeec451068957f9e7,3763,e6e4c7d4580ea6d91dae865fe026d4823fa0b81b6ddb0a26f5bdf924556f3beb,0,520
2e0575ca7da42502e9ed6c3e,4917,b612b771f8b6d57a967de43f609d0795cfaadd15bc3040b4ca65b4bae2b4c210,0,521
3b863a21d79d8f275b3333e9,7535,59b3c0be5b4ee1debe9ca041314163e7898a4e945841d173668ceebfcf117661,0,522
4bb287a46367c367186660c0,4059,82757022e0eb53df7d984dc78bf3b05f51ff8e943dd74df9f322adafab335a9f,0,523
07750681f18b7d4089932cb6,5361,625bfcfed7a1a72174b783d7489366b98b20b54e1781f762bf54e49b2a0dac06,0,524
9935d64581090a67db25fe81,147,dd827e58459976204c7e2667c2fee6470c0dec1ec4a0919e4a6d4ff656b91e33,0,525
efaab7cf2af11282f30fa411,2713,5f53a5df5fed1830ef3bfee52760d085a59477d69c727d6c499211cb2b404d54,0,526
ad411bf4dbb78e0cffec5dac,650,dc3989bde387f0666a41f9f58feb80ad90f9eb85f8d1bf546b822f6728c9851f,0,527
24aac85556cf9e8c2885f14c,2888,a2be2b40a7cd3120c2bb5573f88beb09050243148a8a521fa85c7bcc99fba14a,0,528
79ecd50a2164435627362b96,989,ebb940f6f241712b5a8d703d660a867039b7a7764fc0784013dc49c9c2b6a6ec,0,529
7fc3282dbcb06dbbeea74b24,2583,5ac360b2f4cdfb20a7a8a6e60e9b1470c690c090093cab3d06712495dee92d35,0,530
4248027db41e753e87715ef1,8913,fe24232b72c3c6d9d929b484a5d09e39c929dc4cbf2d4fd19aafe037c71cdc23,0,531
93a97943e8a2181c6ad069b5,752,0d2127df7a291dd26a88ca7c8bbf1c29749a62c9277fd1017e1b5e557aeb7f8d,0,532
52bbc328c7ad0b4fa210ac21,319,c93a0438db4df8f62802ead0b237953104d3a35fa9dc40f8f8013fea76a3c1b4,0,533
b86f08fc0e45f68f7505d333,3924,da49b863399d8b880e3a559f66813be80986f4146fee691f346470672a2d2505,0,534
ccbb36ff174633e3e763c080,3765,4563f146820d60e197e26caacdf31a2d3ffdba98e4489a8f0bb6ddb435b84472,0,535
2fe01b229df22b0dc3d376c4,3748,492b7c65908c008b519785ae39ee62bc68ec54ab88392131bf7712813811b871,0,536
8065fcf8ce08ebe64d073933,868,1f429e9816bea42348d279278fe330f2f1b56b3fcdc5111ff99fde5973fefec6,0,537
acb59b84f16f09d514b61988,8447,96bf53be066475bbe6c782afc3b33d59d62f17e5a290517ffc4366f083e24580,0,538
96ace35cddc5cdc89d551fb0,6809,fb1fe2db08dec682ac757f75bbfab64549c48a332c2ac48ca63cb20cd607a599,0,539
b14dbda0c0c1f432025eb930,2576,15868d7adbb15273ebc9189bf7150314934d04df448e84ac1ff8c2ab7f7b175d,0,540
8f5953e17aecca9ecaa1a953,4855,4085d295c13fbb4b28e3e21519c7f5dc9644a8668645f888fba449eed5cfa533,0,541
44413267ff92232c8ea65f56,9162,fa7ac53e8c53e7ebe0927ba73893989691f8484f7498cb7f818a2eb571e87642,0,542
5e67a666f4dbbe449fc4bb5f,6104,dfd36cd9628037656fd6f564f43f93f9798a015c83e595c6ef46cca97a8e328d,0,543
063688cc002049f998836114,688,052557fb7e1c2146affafdc6d58556c50039cf3114cb500d950965f285a3c6d3,0,544
09d4bbb95274da2ef146eb20,7621,69504e90ed1460ece605666f6486c4444e1035a0d308b8c48d72b2fab7ed4ea5,0,545
d15b082704ff448f51f3edf4,5488,1bee7e24126573ed9bbff7bd3e3ed2e6c095022c3b79c049586dbe0a72a626a8,0,546
450b06d3a8472d1f4d868481,8406,3d32bfa67818a71783e30f06de521e018e817bb217051d819a831fea94e043a2,0,547
d6586a0311fbfec989c184c9,1435,323e238db15a1f5e88dce60a1f4dcc2232a9ad5e1a05c2455bb5c568f711062a,0,548
f0f2ecf23431cfba07be6781,5603,4a885f092dd7bfe041b4c2d90263dceea636d920b2fed471edc00c19c0cdee44,0,549
d202c8e7ab1546f27e91a477,8139,8320cc666c7a906f81e695b8b7998873596dc49667f3aa14cbe96914f2a34dc0,0,550
570eac652770093819a6713f,1165,e820c48b9fbc98ce2ab0347d45e22d443d3762fb0ac1f1642e9ea4dd4e96508c,0,551
4e348503102cf5dcbb3bf2e7,1852,ddb4a412c88cc5e43a3f3184809f212e16abd58e3c6c872dba4ed0bce53d4179,0,552
8d30423c295ce74b9847f02a,1765,d1a5cba2e0b53782b63fca989681aceb4641efca2ada10042fb9407475ec86ae,0,553
43bebdecf86fea0275fde90b,1014,87915403610a65b8c04bd34a38b00ef4213d6f76348057d6a82f4ce26483e6cd,0,554
e37e47e8b353e640ee6186b7,125,a5d2188448dee839cca3a80352edaf56615df545698ea3d4de80629fafb05004,0,555
e7dc07272f1744053b1002a1,402,fe04c736fa1bd27fe2f70cf14d8d09338724e7f3032c4d277c1f9dc7918fe148,0,556
616e86ec6a13a510a4c1d7c7,5226,8178f04f2bb05fb5ddb270dea87aec1d5f4d2373edbb028a1601172208abe967,0,557
ec50ca511cfffae2bebd5924,4415,46ae6ff15b63aaff82eee2631992a91bff32cc00382914a0cadf09c462e7a260,0,558
a60c9e143826d6777f7acabc,6965,64139a3aa14193841aefb40a83afc4acc5a3c9332697d50a1ad5de5a054880ff,0,559
9d9cfec381fcaec07f92e4c8,749,59aaaec33346cb7ee3b8312367d7c4c720618257fc8889ac79bbbc4e1df1c5ba,0,560
7165681321eb80b8fd5f453a,5900,02ff8f75998e353f4e5f0539736dcfe68ea1458f29d7ba19bfd186a6043e84c7,0,561
fd4b95cda833cad17ce745f0,6194,dedbe5a2ce1891c3bd8e5a65f76d32025c982425f3ffdf65e63c66fc86bcea05,0,562
d3fb6bea38a74df62677539a,5038,7255e56c661a1ccd5f3576e46a67c279f68bd14591b010e98d3eb32adba51b55,0,563
21e40ae3b6e27ceae2aadd5f,1814,39605bfeb6ff2bf0b1ea4787e80ea9687b74cf431f3990bb1856c35cf414046b,0,564
767d846ec4a0f5b8ec374355,7695,809593a3b38665914cc4673ab573ac69ee1fd151e133fb19a656165efedea008,0,565
0c63d33ca03f453f0f7ca44e,8378,3162b05043bbe749ae35e8b5a8be0e6e720073c926131ed728a47e5e777d6837,0,566
584f6a111d87c49471599fdb,8076,208e4396f4fc45de3b1107b28710734fd9e2a052746bade62fc8b1cd7db84bfc,0,567
6e514f3a2e734e20dc842af0,3690,c393710d9e72cd4f12811e65573fb3fb4b016d0134072f09e272ecf7f5d87db2,0,568
8ddd8dc96eae020b647abe09,2046,ca9991ac6314649bf07797d020ded5e01fcec7bd58e913c46172c0f5b7fdbb8f,0,569
307a1687489c3e10aec9c521,1840,b044887ff025f5b62073a2550a4f360748c6c3d485236b87e4223a3840ff4cba,0,570
7d198e2380f4b844eccf1365,4901,301398771b659f1732325fff85fa866e4686a7027b3490c44f4529bf528fcdf3,0,571
1079026ae7b7d9d07daf432a,8001,de44db5235ff12b07c68e817b3c0cf1ec0725e68ffbf61141db1c9f8375a5202,0,572
e651788bd23c424fed414b07,3091,c213f7987da89aca9459a0463c7a9045bcc64528b4637e1a4f3ee8c8d0e5c785,0,573
8bdf9026f252078b015a57e7,1232,9dde78cd26370369b009a581a4ac50bed3ea408f141c63bb74122d060d4b9f4e,0,574
d2c098f545e8d872db2413b5,2516,45f3ee9cbc5db0580023a31935a0c36780df3101a2a7d9b78278166b1bd77203,0,575
3688408530d15a9826bea20c,6242,dee36f5b133d73dfe8eedd9cb89bf992b5972b8c0cd87e25c140297ce071b6c1,0,576
6b4cdfb7732df295e9655b5f,4625,818a52ae7b28be3a35fde5633e3f277d94144473e76689d7c703d86dd7e4de7f,0,577
3e7b74296f0cfd8208db2b8d,171,246c88dbd0be4283645d43dd0b2213b30ae1264209c073080ed08b28f2359ea5,0,578
4c960b988d9a502daa8293e5,4750,1ddf33fa2976309b213c9738ce8620783d1e012cfd0120a11dc142483d23a26e,0,579
25c0ae3ced43274ca4b22632,6669,5cbff129e867dd442acb460c7ac9992b33b033491338beb6f1fcb543a8120d2e,0,580
0d2b69a6925d6c9950c1c74a,3160,23152c654822a382b0e3bfad0fc3ba58ccf1e93f56455551565c9977e7a045f5,0,581
ef3617e0c46b68b08b93eac6,468,36395c85e463e19ff8139cb7a865ab5d9d51672176b12291219b3e5bfcb826b8,0,582
0518152c1c52eeb2bc472c19,4196,7f20fe31e545d0e490ad2604a03b72d07cd3526544dde1c94f5f864433082cda,0,583
e3bcc91780fbe5428f9083a2,103,ff132b6d45e3a8a8f3b9ebd8d31bbe338a30aaa1731a2b470824d5988772e354,0,584
0a766f7b45a6ea392e256058,3527,f95a5202c3d646d61fed26d04fc95bb38a56a621501593de573e3f136a99524c,0,585
2c45aefee189a7411b98f067,2676,7d78c8e2ebce777cd846d292f59902d7b986cbc94f98d03b6d2234e3e38de59e,0,586
56f951df8e5fba2826e660fc,288,5503c6aa6917c53fe0e248db2c682f4af4b94543af28541aaa93f3fb3453c9ed,0,587
ba80e26685255fc901320d08,863,4fb084b5e8ad45be3c4c257e52bccf5ecec9575c023e13dcaf00e19ea7419af3,0,588
8151cadd884ffe6f3fcbe286,81,8c10b4ab10ca0db0f3006a063b6aae5a23182d7bf7f2a9b7adfb01e78c2c2ad5,0,589
40110b1d745c247135b2f89c,740,d5bba41b2ab77e5e30bd7ffc148ddc408a1a4c7719b62c53b1f7e1ddca00c2ad,0,590
c3e3e653d6510bb9c78a0402,5778,93e5296d198800fdef95a6e814cde6ce434a265fee359132649c64d4dd499f06,0,591
fb9b6f4a93f0bdbaf5e1493e,1312,4d426b3aa3b387babb8e8d660dedd78cedf057b9fba928f4bb93aacf598d9383,0,592
9888d3476f8a5dc48275acfc,8128,8780003f5887e4be70dedbcb60517a2fd56e2aee2b4870c8d6e7751bc04a2dc6,0,593
9fa988c6e3ae05bda8a28a49,8916,702e69a36d80ebf26739779de679da767ed69b209c711dbd7c695e7ca08c7f9c,0,594
d50d6fee1ddbb42093eed8e4,7374,2d0c121eac201821b59064842ca623012e9fe16251f264498bf6b247bb84c214,0,595
2cb8a1b7d11a532bceeaaea0,258,7791f9b06fd64c086f5e8330a2856976971465c593041b95f100ee85763b757e,0,596
6f8a04f5d4dba0bf3ed86547,242,afb084ff6579d86171b85a70354fca37bdbe453186c6b73b30fa073afdc8cead,0,597
10122e0cc0845ba4e5b664bc,5770,4b943624bb9bb6efb93101976414474760b304d59dedb863840621598d77fa7e,0,598
424c3e4952af82457ebc8409,3362,190db54ecf7017b7b5ee0a08b819300cd31efd41c4168bf752f2bb7a10795426,0,599
8f1a391490fa65480998d89a,1945,55f755d2940deab9ed20766912494feeba0c5d0ac18c6f8c2f580828a5f4407c,0,600
c268abf3c5a8a7d522bbb4f8,6645,82276449cf0b4a0ff7cf9b4b58bb3d5c49ac62bf14bc1c6974f106ae4dbe9f90,0,601
d65ce1b1e4af2ee2781b935d,9024,a2711bd0abb9e98601cce6b2bab487dc6f12d3ffe85feb679feb2e8ee7fec2d5,0,602
c943e62e6595bda10c9a9f7e,4191,a245573476b98daa1d089aee289d2dc67d76b94571750f6f948256192f56214a,0,603
4f3329f6cf31a4ff8baa0b5a,1210,1ce20151c2504aa6490c8a4bedcdfeaeb603191de64b09fa7080bb916e01834c,0,604
b614a0351f347749e7858b00,2218,9abcc66a34f676e7636f9822986f6095ce4c0f99a8420510b847137e98e138e5,0,605
b5cdc48e842db97af919be36,8383,86896448673119a705b79af4f4ec849ee8d5bb3dd39506272cafe24bbc2c063e,0,606
f309f886c84f12431309c100,6641,7979fc5f3b998351c4893c793c13d1daef2784781e55afdb939ad8299c281bef,0,607
0f1fb5d10ee6bf1fe419d9ae,1965,0a345c19a11df39ebda3482d4275848f2651bb3d9b7c2edae3ffad14a68e886a,0,608
1944c37cec23b1b73b8519ae,4708,d4e32ac8c4ddafa8824042761a65dd5acb7cc113aedc42bffc830a4c0c3b47a2,0,609
40b09e2751c21bf27897df93,592,f298cdc720d96c9e45328a0888d07e949e052c5ab6059e48bb4c406572e04828,0,610
024b37de8e21709cf7460eed,3563,97ef0b1d2311f850267adb11b096f74a721d90187fbf98256ea5530160fcd314,0,611
951c0fc7227edb3a401c4da7,1104,a4dac14e7a609c67f2f2221ab43993cb4abf2ad28d7b5072bbc658aab7393e0f,0,612
7d893da1b9ed3aaae1999e92,8396,a6a317b6d21274c175ba02c2a5f422a69df36af1b5efca91f82917753f2c2160,0,613
90758bd98c132fd250c0b4c7,6831,936bd49b786c4ca0a241e27858d3647d7e00eebee76265591c97c98705aadf44,0,614
4000294981faba1b944f1a84,1823,57f92f92cbc2e910e1dc388c7b8906631e1d7122f5fe19428a1b554a0853f027,0,615
61a7b3ebf6ba1d3f3d5fdeff,3715,71424458f1caa208ac1f5f59f43667b15ecd96daa5e5b81974f8d69b4a1bba3d,0,616
48b1f9f27a935ebd593a290a,3114,635da6372cda0a7d9640ae0349346feba67ad74d62ea61423fbf068a6f5ef669,0,617
73bb6427e7291317bb642c40,1541,d2cde8d3a3b20d1b1d06021d2cb961487daa87dfb809079d2fcf653d54ad2d66,0,618
6cbdd3be70181de2a9ec9233,1692,3f1e867edf9f413af5401fe52fc595fa59c8c1cf1959a6897ef12fafee700708,0,619
4029c49ba9bf61db3cbd19a7,7537,75b4ae8fddd200f73cac7182e012839aeb7fc34a5ce822e84eeb6c866f32e5f5,0,620
90eae5950fb713836c3b9de9,2996,212b11a64477af6861ba8d607bb8e788b1e54e54a4615a04f75022e4658bec86,0,621
10646ba5e847290b6a373b3f,5785,61dcf338b43b9ab9123b5862904285387d8d331fd103271a992a4175cc3f1f31,0,622
336ac6550a755c23e8b21d93,8598,b46cfbd055cc3ab5bb8dfaa4f24cb86ea8d78ddda03941bd2792a409884e2011,0,623
93d46c2a56bf20d24ef78b6b,7828,a3d777831acbda2aa93c2fb7035594d179ec77711ff828447fe99e5b3c97ba65,0,624
4cc733800fd87b1b8f650150,7491,ffbbc2ead964209ea3bfa61eb5375a068714432c9e7e9705fa90b8819054694b,0,625
9bea83bde24b74d2ebf63ce0,1301,78cc3d4ed1774cc5cfc9c07d0e36580d39e04f463b3f6c6f086f20a57edec369,0,626
1d01cdf2a4e894c5f4432dd9,8319,e4b6d7e95fe6895d6f416db07e6ab3eb5f6bad0a62c2e295b49591f8d6c9d729,0,627
1d63742b5fd2ee88940dbed9,7715,7ac52fe0e1b57d5e930bc746be0df516266a01aee5f9d9931ce7f2403938745c,0,628
5a01e939de45df6bb3bc32a6,3131,5512abf428ac2739f3ff30f7de4d55fe9ce3de01255e10cf40b3bb59cf1ce45b,0,629
473b068e3bd92ed0914341ef,9161,79036abe0ff5d0a4ddbaceb0ad80d7511de3185e00eb2eaf387c672aa6a08fde,0,630
a3c556a39aebc8d97518337b,3065,610cce60af5e4588e63af039705f7a468ce6b98712f6b1ffe6174f2127a8c808,0,631
1ffb76c56cfe4622b885ef36,1936,dada77f79200b1943608a7fa28bdc850f8b9e92c43d16b7ed25071c5062f6147,0,632
25b3ba11f4f9ee6d0eb841e9,3878,361ba44e6e80df04fcd042049fe4bb9c7ec12cd5d12f5cced807fc0b97180e43,0,633
82bb20cbbb1bdad306df87a7,4479,a5a56e31e85c01d6b23a0ad1f6e5aa8547254b19242600bae65740a4aabf4c53,0,634
4503c4db2dcee483a4d02854,7458,348b8b37ca8f4eccfa1d5a706999cb706b66cbd7db228f51b56140704eef5f56,0,635
6e3246d0180a2d54ec65be7c,5572,a0ac6b4598bec0a985e940a436f7132917f0753702f16810892544a843f0eab0,0,636
5a2fd18b0273e096da4b2aca,8092,99cc31c13046305f91ea4404f05ec8470fee718d4a56f6f867d1662226295e8c,0,637
e598d1911e5e6989ed322af4,6087,f2fde1d14cc2695a5af7fcb5cb98635e4259dd1ead5bf367368bf36b3f7bca54,0,638
449e4feb0292913b13f589be,789,79847ddc3dc705ccf94e7dffbc7c92e44b1f536483fcde9e71742bce37049cfd,0,639
d2dcabfdeb56b15014768e87,1253,68892b1de9c07f5cb8c0cc173ed542faf2720749b8a1f6779af2ee7b0dab25f9,0,640
ab944929de42ef265f991650,7229,be3722c8c5699984c2b9bb78685dc7b4a10c0b49c5468d42fc06dca3a29fcd76,0,641
461b96d81278650866bd7bf6,7104,8c3660a5a15efbec7e836d2b84913c3e02828ae9ab7d85daf27fc6b8d3322966,0,642
752016885ab97c465f65e52e,438,35da70f4e96f958c72b9eb089ccba95f6fdf5997513fb558a934e81abac440e1,0,643
0ec5199e2f26d3579c360d37,8407,44fb45a7e30fa986d591b361b9ead3f1b132319602a4bdbacf08764cf5ca595b,0,644
0c7d0c183bf5edfe8e6d7750,380,afb3afee9ddb65872d3f24f9f57078450270c8455d00e563801ab946ae6a91ac,0,645
b97aa0c8a746afca7ff4ab1c,8177,0fec56122249d3d80fc7ed598b47bffaf4b57d4b4067c2e0deb4d72e2968a997,0,646
3f4a0cd211d647fd27ce89bf,2868,e806f882089f4097d813cad7d7a1214419ce3034806cc71c3bfdb021c9f4748f,0,647
e4230d8dc10c701c7bb0c8d7,114,ab4b483834d82ed8dc3fc761d90139958a1efa0b392e3ce60e0e336d294014b6,0,648
3caf474bbc897abe32eb64c9,332,bcb3d0761f0dc918100d5e294aa573c49292e545325c2b1dc60fd9aeb30a9374,0,649
acf180dacdc817ed0fbfed66,9001,4f1d29a6e943e69751345da83e4b6a74076abd3a45a902f2277ed55d9ce6c8b4,0,650
7c30534f3ddaceb1f9901563,320,aabae600b24263807c902b42947fa657dfd83f21c2d060ab505780c5d64f14e6,0,651
269de69cb605451642046190,2426,f60bc966345ec2a032fe1cfbfaa11b76f69d5dec56b7a13778289edd4f6e68a0,0,652
89c631fe8e6f43d1f4aafa1c,8091,112737548937533a04ee587b87513e4716ff00016a00fc79c20268287c0fad70,0,653
dd4f037159f904984bebfbb2,1452,e9a3f4372778c4898372a0420310d8f7777095b7ea0c3f195f089f97042e265f,0,654
7b0cdb5326e32a9d4226c731,6743,fc6015d4e7a101ffcd4940f47e7f0f6a74d239a32d42d38a588a7e8e52f05bdc,0,655
1fde1e021fbe15612e27caa4,4445,48e3ffc3aef76ab39728ac64aa017c8e336053ff21c85ed189c8b4146b93f61a,0,656
aa160f3aba542c3a06cf211d,5014,a33682e0b586b0e3dd7665ac0324eb1ae0bd926e8ebb0b66d58d3ecb2cc30336,0,657
76b1fefcc511c75a247945c1,4771,544db6df130f54325eef89ff393efb5197e2249927a1a87260ab5b1962332a7c,0,658
e3a3d50605e02d3a44aabe54,3531,1f38e366205b27813d7178414284f07a5509158d7cac05db66041fe7e225b0a2,0,659
9e6b3df048cc40edfb01ca3e,1212,15cf9f8d77aec768f366076f5b42d69eefee3100234547f369c57fba0a5d9a8f,0,660
7d869599b9cb08c18e5b76bb,8261,f437f1f26c6321859e8438d85e586b888062248b400a911ac1544c69b07d8be9,0,661
a29e8cdf95c282e3e6b9416d,1546,87d4b022859925287e33c4eb92017f006fa29242dc813e27b89797710d005b16,0,662
954ba96f6cc381f9187904b3,6058,f0da9431b4a636a751ea41cc6d477d9f7f793413b056202fb87e8d5ce59290f0,0,663
c0c46ce16f10ec40f419c438,1605,bc8cac2648d7d7edea4584e5d2238e70ed04e2a14d304cba2f3870b0f3b74189,0,664
4e2805aca67e7bbc96122ade,3101,b441315cf980d33ef93b48f8bb2c77f6a7c0a5593e233d9730483a456f30182f,0,665
996d95663e9e9f277d8aa6fa,2042,7da10a00b8aef789454cccf697f30512f1a875b653823b683d2de823e46455f4,0,666
18d0321986fa396c2083dadc,5942,2d4bf9108c3992a9203f193d542c05050d7bfe73675d91c3a85ebce4ad4943c1,0,667
32a06bd2907ddb0cfb6a3831,4706,4e1167548fb0c383a4dce3cc34b89e7d1a94ca611b4a6a1e7762255261e57c5b,0,668
a529dce9ba26b26c467d7531,8898,d39bd9ff3cb59460694485eb9aba621b3ed6f443b556aa71555d6956d25f822f,0,669
a7d0096141509b77ef63a590,5824,62c13d2dfd183ee6b1d755a2c4b8836f5dd1f367d24dbd76b1addd264c0d48fe,0,670
7d38fbf4c6d1e00cacc25922,3150,30090d2b507c9c311fce503a52d2b320c783b5b71c6437504298e7538214529e,0,671
c4f52001dc57ab581be740b2,4942,2f2e785c2c57bf45d6c1d52cf0efbf223daf891ec43b207be5c39a113199b9d8,0,672
885a7fe91474d98f0faa49fa,1744,b718e3eac14bebf6aeeecc7e647b3d67fcaec696e42acc5c23dcf617c1365eb3,0,673
59d899ce0219d3b13e4f6cc4,7364,90a1b3164e9c5369bb083379212703d735d2b2ebbee79cd18c9cde060f32ccd9,0,674
950d6870b962e4dc4fb7c127,392,161a3ba184c31fdd77901b596a82dfe1ab0bdf2d24ae1543a0a69f2227018059,0,675
96113e30d3c74720e115415f,8668,855af4cbc09c5c7e78bd8a56e4f4481fa39025ac0ec921b4afa3ce24ea2797d7,0,676
603ca741d60faf07c5ce42b1,5830,d2dc0e3843834496332cd0d61ad0b220308ee2122aebcbe2c1fcfe594e96fe68,0,677
10bdacde31c622f054c33cf7,3736,2c076f3c28f4e92ec6b9ec48d897d48863ed3ff546cd63575f57381b665e2e56,0,678
d5be6f38e81cd8943e8810b1,9032,dcdd07f0bc4b3d951cfaf33241388052073fd2e7f4438960c99a5d01f7f9e85d,0,679
c9241e1369ed59528e2bc04e,1908,8bc5ca6b5b30d07c8edd40d48eeab42ae0d77963f36ac8384e43c0ca01ac941b,0,680
ae35bfd3761918d9831ca699,6828,48d8c39927fa2c5ab5bb7521ede59bcce8686e990b12cd73b53f13eb2eee4779,0,681
9a488aa6cc753261fd7168ba,2686,d584eaf93d87d8dfc37f4529e8c4a6605385b0423b484e9305e38cb328102e0c,0,682
1216eaddd8d86a943bf2494d,5086,6ce1e0c41a58956a003839eb2d414245bfb99085e62d43496bcec53471d9c137,0,683
ca282b8c8721eb9c0bab1e0f,4132,fc4f7a1703dba93ee0eb723ec04e9c63415632c1659441551eedc58073876bbd,0,684
cc0c1b3859b5df655e84d65f,8385,dd9729bf5c90ca3f5c0e9d72af2d61179888bcc19b4103f1a497d555c27c095b,0,685
1322dbf90859613b07dcab0e,3431,98e8592738b4b1bd02840ebd77752117d7c10921bdf27ced5084ae353eedfddf,0,686
6a67425eec6649bed8944f33,6697,9394bf63663ea09f50747c323e98b44901621360fda84393d74add894da0b80d,0,687
ac61445cef812bdaed8a3119,1113,0a792e2b632b63aff1dc21754afc17c641340f57d95c146c3ad1c0ac5cf4ae31,0,688
9ab8cd72a5c55a0105afa3ba,3643,e3f3fb98956ba44ed4d90f1b7961a686d36d0117be0b7e39f538ac40730b04af,0,689
51a1aa8a60e3165419bccc32,363,a96b608b438e09ecb36b3cb88425102baafd9a626ee53effb3d1389583c0c0af,0,690
1952de2df95d77cb7a6072b8,2994,5b04b4fce4db3cbd01e245f15024546997c0884832e1aeadef50401936da735f,0,691
83842007b73fb71d1ab25a28,7132,e466e9789b7c63c7f8f3fdcc450c080a1443404bf57673e02343464926a2f7a4,0,692
4eb1e1318c24d0bd690736fa,5589,d0d0977d90ce87e6f433ae4b241568c230f488e2911bfa802a3e666c83700eb6,0,693
1451ee703229eec1ed21ed81,1062,54cb2a614888b6cd95606418e4d44d78fbc89c89b1a1923ab70bb819e9cf4ca5,0,694
117fb66e1a7c73333e09ac93,5856,10a7f994da5912e6743bd10c6c7488ff76dac866413dcac26b42a2466f251a9c,0,695
dbd487edebc6dfe6883a5605,3523,b7776ecad193b2c77df539cf91c77aac84fe32b1d4bbf90661a54ea874686131,0,696
c3690f733950748d69eb0be0,3050,12891c1248836ed98cc568a599e9e3400a788bc339904292ce212fd7d05d0316,0,697
29c357365fcaa187784632b3,8368,d09bfda3858f8ddeb0d4cfd0f8257dac9c4435f2185c16d7ba58dbd095010711,0,698
47f4f4a5e4503a153f0f9462,5771,a16c70c9711fbe075baaad9d4b54127f0653788a0ec2751c319ba62016f716ea,0,699
6a6c064b37db3001bd383338,9114,2afa9e78832957e264b71f7a125d36b95012e2ba6fcc326d826a1a7e0602ecdb,0,700
ac1c11f8a5df5bb04b58f35c,1289,5e04c13ab7f923a8b11b6095dd6f526705d6fc8351b39b3e5f3ebc98228d890b,0,701
1f9eece5f34615295dc77ebb,8317,1b7f39f55ef83a0d2545a3c8bf4ef4ac8a3959e62212019723fd4aef0cfd2fcf,0,702
43661c77714183807afa33f3,4037,f93a75518befe6b9bc890770ee28e6f0e57f08fc70c0d0cc6c551d94aa39689d,0,703
3f2c3b7395e13ee08db8a100,2591,c76dc06ba4830d731d4da8d798d75f34cfd2b6b0ec864e99875304a9529aab90,0,704
45233160e62c672066292c7a,6226,3bb567a1aaf3e76530f2d7529a10db0733e0a07ca1f487da487c0e6e4dff8a3b,0,705
f5572741a2dd27554585835c,3429,477f364802eb6704431a6a11ba44aede59e162c8e1c8967eff5bd2fb467a291f,0,706
ed09d0fdafb39182fc54c93f,1641,ff7500e293d8a38526d4da90e18a03f22ecd4ea12c826877848f6ec0d522cb56,0,707
8430baa3dd6c351d67c793e7,1835,350144fd4e8d7738b6a2c4fbc285ef9fafafcebe247f04cb789c2e5a72928776,0,708
e255c50178ad7f3692ab69a4,2018,efc6478813125b51d17374320ff05abcdda983dd295bbff6d4213d801cf2c7ab,0,709
4d434fdc2eda4e69f881419c,976,b050a8ca96f321603e36c1300393d73b1695b21ba10537096d24073e66e54e7a,0,710
54bb3b695ac94e1a6a2b4d03,3257,9419b0f1cc07e2b000da7bf16850270d09b7b2e522aecfeed6f62db717d56d01,0,711
c727850e313a7377cb9fe858,7714,382c323085135fcd133687565741ac2f3d0cdb9871b69559d89697b552f6d51d,0,712
d7e14fa489b41d4cb6a3e0b7,8519,9f8051443679dfe729d954026a8f453cb8192681c16eb1d309fd9fd991a5da9f,0,713
ded8672a4865369aa772fe7a,991,9d28162655a8aed87b201b1950efe4a4854d517fd03ed4233d95605019aa022b,0,714
93e949aeb6e1f482ae7fd5e1,4947,f8179e9c8078ff49237b4cbc17a744c33d5c846b2862bb4ebc8cf0cc2d7781d0,0,715
c80e33cd75b8b72585a3a42a,9165,0b8b51d0fa31e8706a669659d7c3ec6ca1b9b47605b654b628dfa45742c93214,0,716
ca25537b0077e1a766f6bf5c,4975,582c6b697e2c30216a28a30790e8afab2b0e0e8ea492bf9c76269b560bdbe0e0,0,717
1e955730903bc51506084cad,7396,8f75788ee1e1825b7fff6766f38455f4b22e6142e7ee134ff7197e55561f0ed4,0,718
46218de8800d5d26e52d341f,8778,e23a0e5afa0e331d424ae366254f36088d716be1859813a3fac669c661cdc291,0,719
92244b23bf1810e2e81927c3,4880,7ceb4d9016f6fa880ed8e9ba27f5525db716ea6f10b614f659b09ba318b9e406,0,720
e0a3b3a78a44ae0ce6316f41,8845,ab8e16bfdcac2a2b167dce57e29818716e9f0c4ef3cfe69a6e3469f21e25b578,0,721
ba8425ad7740b76c108ad75b,8176,795e67e933f6e54ef647f8cd54f0838f4870f3cd326fafed9f19dd2b173bf3a1,0,722
ff32b2d0b45017b6c42cba2b,5970,fe4aa20437d4202ef88c9fcc3536b1fccf2fe77f80afc8e4d6c524847bf16b57,0,723
64405dd11dd69db6daea2ebc,3229,ef09ea8f4b4c93afccef9540b4da69870822d893a8d31fff80006ce117ff2fdf,0,724
5c7037d8d16d80c17900af4f,1465,8edefb9fb8fc3fc2f7f3671e18bdd245d643f1a82faac3d977bd8e949e590f73,0,725
9b06422e5e43f0688f5591c4,4768,e69efad172c97e29b12ee00d3750ae3b0aa252dfbf0ecae20cc4ddd8dd48f82b,0,726
113edd83bec1a62bfffad700,6690,61f89bdb1e1ac937fffa41f57ec92796287ba4ccbf8971af30d9913d91860ce9,0,727
528c083116e0e1a903f3e147,7244,b4238222e08703e972cfb73c38a9b013b41eee25a3317ece5c8e46a31761c6dc,0,728
8d6bb24d14832e4d3f761194,3965,874b49219ba51fda46b7b19363609c6cd62087e0017c41b6b78f3921f1953a51,0,729
821de2d76fc578ee86cdbf5b,3864,09b6ca2e9c201c13fc0d43de16563489f0cd3aa7007ef6f75a6f4a2400289ae9,0,730
a12cd6b9968818a79bacbf8c,5846,4c03ffec8fc31ca53701bdb25f3db740fac898f8ae6e7b61609577c1ddee876c,0,731
7cbd021e09ea6304f41e7c10,4301,8a0bebbd0e38ab4f5416f2b03d0f9c9b410305a953dabb4491da04a5ee30aead,0,732
22329168fabee56e473381f4,1163,c3dd9fa65405b6f91203f5f22fc411eb06d8eb44e95ff4491578a1f1c70af0f3,0,733
ca715d25a02d3c31faae6f5c,5175,a563cda7feeab7bbe48e6a6a2edf3853702da1799fa35424c5a4e3a154023e5c,0,734
41d0a85bbdbcaccbce1e085b,7867,2d64f7a34f2a56f7e55466d352d76e3f79d9c8e0bec833cbf10e4b867e384338,0,735
f99698a3f3b9f121efbca5b9,8279,8c1f58f8ebc5858d8ab614a9641186aea55d72eb7086ea95842c0127c532fc62,0,736
a22541e2e5e24ddd789c010b,4138,1f587e9c2b93e02d33612dc8f290121e0e55ed09c33613f014e05d420240991b,0,737
a5ec1abada8081cf5f11cb5a,8454,416d5732d7beab99571f6f4dfa5da35fc137a312c302fe9ec3d441baec685646,0,738
f445f694ff09769ef426fa32,3773,4bfe326aad679c395deff912dc108c5de467093c525ffa5f03b17be05761ae5c,0,739
fce3c73f243a8629028f1e3e,4204,50c6b3e69ae2830c7207465a2c0080af1c4eccadf55d879f4c6df52c0ab07424,0,740
22a268a0cf45f489bf8c9a16,1539,6827a1bf29fa0038b991ebc1d7d67999efea85e9cef3c6838cffc58cf43f2810,0,741
978c04989514879e0b1f869f,1185,9b70059c4537c850ebeda44f17a348f79d6c591b1916907c33556b954d41d1f6,0,742
fc4c5b42062a64195eea4839,2196,21d8c5a1a8236ec2bf3dc44f6aabce75fb9dc6a3412cd7933061cacd63d95892,0,743
6d6d6fcb9d5228cbd1827471,2210,e9adf8845a2db7e3aaec8a5f479225a38f8f9d28bd1441cca71ac71e6ed98070,0,744
e2241c4f1bb9dc970740a149,6155,b7198b2cff673011e087fb334a8d4226d69df835f3796255096d186bdd69cb84,0,745
7cc782dc3c002ac9eb4e618b,8756,7032cf5f18652e424b59c691edce27b58136d8d859a7332811630b76a8fee553,0,746
919898993ed9ce79a266903b,165,17b5f6140e31c37bdedef116794a4879293cf53ffcbefec364d8de1be374731e,0,747
d1727cb4f9c848cc69e54e6b,2953,e604fc61293b64ef3b65806303cb5df25cde9f4f3a30ddc2c90aee63a6639e00,0,748
587410add5b8c5959e5b5250,7020,d875ff5aee4d7c6029cd9b4ecd106e3fcd9ad1974c1b35e17ce0ef88e30d30d3,0,749
c51b99458f85834a031e3679,6040,4e05c600931bfb4fa51717f72507b3e6099f3da61e89dfd2882b67902eafc60e,0,750
67a6a453294a4eb6de4c75fa,5604,1edd04382526b6fa0b4d31d5c3902f6b4aa16d4498040d97c3d741d35a2ce2f2,0,751
81273e1758c21c38639435d2,94,531b309d36bc26edbc3a87f61b444ff2d1452ed167f2d3521b208989d251be90,0,752
b4586ade9ae70773d8933462,7770,268b6cb0254ec730eb5b4763afb550ab347e87268d95df1fd2eef56dc58f1fae,0,753
d085cc383f5483a9de6f945f,5161,8f7f6996e9ba9b914f9b9f77f537a39859f8efc5c3d4ca0d8d45dc5d291585f6,0,754
dc8efad16ba8825827462806,148,982cb472f94dba5899b3911f1f9b16912b8afb1b88e455d98aa0cbaa2f97c67f,0,755
e2175d8cd992c02830c34d2f,4049,1fdbead310003263f12bb1c27252841ae9539518ff05e0b18e4ac8487e749d2b,0,756
e5f5115695e695a8a401782f,7886,7e4d3ff6f4aa5bded350f987f141959426a30cb1e364a8137f5b243aabc37b09,0,757
8ac0ecd44f1c414446afb40f,643,0ac81886b30f44c73054c1f468d53eb574b584944911f75b8b4190f4816d199c,0,758
b26753fd85dc84d2cb35d007,4060,32f5119be87e0cda4284fa7690ed99363f7d4c6edb01acf3b4145e5ee73a9933,0,759
f0818ab911f28252299d0cd2,1199,a1560a914cf589d07ef1ccb51bf0486d46c030697f76b928f5dce1583cd81867,0,760
15a85be70565fc21efd9acc3,8903,d4187e111567b2bb26efb24309944974a398cd597205001bd6153f5119e36153,0,761
83224028d878cd5fc8f4155f,9141,d8a57f5b84bc057005b984b0a7cc8bac43e631686528cca79d91cd1ce61147ec,0,762
73b0e4f4a00b135eb3e64031,8004,35100e65f6de704215077819ec2c10dc7da0d97b957122ce90a591c6953661ec,0,763
dc87ee95622956249f914ae4,2743,bac68450924b108ca11376278ccb219cf3225da7a5fbbf93760d72c95d375e02,0,764
c7d4eb81f5fa0ef4ff5f7bf5,7067,5427ac6afff3b747f1f98e18d1bca56878dd6a5418bec9b51082d679e817dbcb,0,765
692dfa6eb88aa2f7fec4dc00,2567,90f10fd76b1f635d58895967a1e5a4d53cd11de84cfb6a72ff07cd7f322fc588,0,766
e0596419f702730a78f44348,3734,4d1333716ffe7b3890647040cce88298824ea9720a7a54e0e3466d5aa0f97f2a,0,767
9a1eb78d7f133fae50be4912,279,2f6bf1b4377057bbf68495785b2d574c436d25d8ba525c2b24daaf62aee75da7,0,768
de45c4d34b2ef69578852fbe,6680,24327954ac69efffae23adb98cf90239048c5b0bac47d881669162f959d1335f,0,769
39d365c42f8c7f87aa97c293,1659,a8313e309e345d31922a4a6a102278b386c00308336c6f1f857b6478cf78b4c4,0,770
8cbb430e261b71d9b4617cb5,2301,81ff9861c898036f215195acb45fc2d91af2b7510d516939fa2d7e3af711c857,0,771
0657018ebd66eb75959cbd10,698,bf706a354a15e77e28215ea75914110c0e35e18578628211c81478a3090204db,0,772
9420c84c85bc5321e84505b0,3616,2585bbb4b3a863084389294f67a706adca68ca0a53aad0a4402cff04e282dc7a,0,773
e635fd36c83d9ab21a7327ae,3869,284ba420c361cdc88e16b9a3c372ada974aa6c18b09117d7ddc6c6a3451fbc6e,0,774
c400160d2670c668ba4a4b3d,3109,016029579c9dfc55ef20befdfe4567eb863ca2ee7f24386ac87a236f8a30f66f,0,775
bef75686453e10b545d8eb0f,8524,667f7293b78ce225972db03a3dbe9a73931ca51055fa19adc64d29c5cc9fece2,0,776
c05717323dff11e989e2f778,8861,a41a7bac1d607e285920e49e341fca31367242b73007b6d694e8c32fb0bc825c,0,777
b81982e9dbd6dc26c4422486,6677,66879cc1cbd4712fc728b60a82df97cd188780173458840c7f6b01d702287a52,0,778
00d3577575534e47b424edbb,4385,f4926f8dafbd5a21e5092975c282d071dcee026ab6fff5b1f2b399fc62adee46,0,779
ba4eb34bf38a8aa71f73b501,8716,3b40443ce7abd3097f66a6dba6835bf0e81cda07b2d48ee7cd02377a59e6b3ab,0,780
99eaf3e5b92373d41512974d,1545,8f43bdb5cf2c377dc9b4582e80e111bda972f438214933f2bc1f17c6644f2267,0,781
748736f3fe11b6f3319a54a0,623,d992d8164425bc1af718823720bbc523319dd86c10a806f6690c5eb72c68a435,0,782
d6c5399a7acf52f39ee8f97c,3896,f8516897bf0061e5ed5bb2da911105d31bc29701a3162dc420a591dec5f68004,0,783
025e50e11fa9b15d893b14b7,6762,7efd246804297d4e54e75721bbf9f78cac8ac7c8a2c42256346d913fa43726a5,0,784
7ddc083ec287cf721cdb7e59,652,879495e41a5afc992455809d4380a647171d3020c14f0d6df9e8b3f5b1c7b09b,0,785
19883bb16879db971a19d2e4,6306,f7d510e3c1cc7de56f28880b95f7ecf80ec4f94c0ad8a06c62127442c12fb124,0,786
a98ca7e1926090a1152ff41b,8236,475d0e60da750ab24d387e4b66af489d8903e0367b95d2d1f287eccec3ae3f46,0,787
af34ad03fba0b82ab763437c,4350,df0fe32090cd49e514778f2499eea02ffe0ba7c1c5c75f798eb3e387e02c119a,0,788
93eb94ca1990efb183c60ea9,1702,bc5f04649fae7a1dba0e6fa1ad1da50cac623b6e4b4141aab069a17fd06cf525,0,789
76d8c9ed195bc6c2de2aa1a3,7241,cb4d72d3a686ba4b04088339dae3362da57a3a3b8e49352a61cc111f717fd0b9,0,790
73dcdb644fdd6a4f95139928,3710,5cf2cb0d749b5e5bb72fcc5f885b446b9d96f1c6e87a93694bf981971e2fd14e,0,791
0bd20145ebac6b2462867ae6,2641,c5f591f5fefe2d32469235847699a377cf3d00b67ce6b38ed3a3a89a41eff412,0,792
9f2736e04884f9cb49e8544b,5304,4123189a662352433ecbf04b5df07795837a0076d1ddb6e7d8df80d77a2c1dcd,0,793
87eb3c3bfc73720df5b0f0f7,2459,aea565a51b5e82fc14cde607c93862bc875c64cd7c2f5755e2cc429eb472ae6c,0,794
7a7a32987efab0bea4ad3e01,422,5baef1f0f7d0dbee4190aed34458cd22c5730feab2eb261aed2ddccbb151e862,0,795
1079bebdf40622748bb2a8e8,6725,413c9aab2ab1dffb51bc3d89997b6f1b3401c3057756974036cbe89b5b3d0340,0,796
862d155f3e7b62f1933b847e,7783,2571a52aaa40dd0f0c02240565a656844736d98a6008c077aaaf5032d7c5ff5d,0,797
b11f945ae8f46dde428bff31,6486,7d7aebf86d899a859f1cb3e4f7f6b705db5ec1d11396a127bc900a47ddc315f5,0,798
3f2d336058693da442140776,4,a7a05c0217cc906f2cc884426602c7f826ba4a73e8e4ed970ab49c6c2e5dfc93,0,799
c8986342769d5f1632ba6352,7789,86ba03972b85d000743d81444662b8174a34b5e6fb3061b3cc7730b605a8ed8e,0,800
d82bcf983e069eb5de16ffd9,1977,86c1b9a11a86fd9b13019110cd20350e9f27fe0165f50510b305f91cf44cc4fa,0,801
0ca50ab55043abdbc3ec5d1b,2148,30c10743446796bcd1098380101b56ffc6d2b8d08c1d13d9856e097ddb60225c,0,802
c29e565f214559254b9c68e4,3026,f255976f252278cd2fab0973fe31ca9ccfecfe5e9901d2dac247754a89974e20,0,803
6dfed03fbb59ff57f7d0e1a3,7434,25fa7bf23326c9b132bf4134a4de06d9e1f43ccea53f6aacc00e9da5abfa973b,0,804
2da99b1f6fb521b4f427ba7a,2967,91af205b394b7f0f13c9220c7742e9a3e2e5fe426fd36e28cf49af99b921d580,0,805
9b09ab556beba31d31ef78a0,2779,9c681d871c8622cdcaf3c6262f1bb9a170d0f9db202948f1a416d79790f30e9d,0,806
17d453a47bb5160f70402e47,6980,735a5fd9f493b22ce9d9be9817eb52688262841a4cd97c95128321cc7bf381da,0,807
7e9965c76405930838b68b35,3821,a72e791661ee9538a3319f135f4064dd0853ed267fc4ab49fb8f3f5fa026e302,0,808
26a3c6c06762fd8adfa4c5e3,2796,438e82db5553624454a702e1803b9d2b7b654432e948e4ddd265d8e7593d65cd,0,809
208ec904c2f15839f5a335ee,6361,8852154b312d1077bdc176bbdc0fedbacfc785fd3a8b284325950702cb21bdba,0,810
a7b49b066f097a3668d31792,6707,1b317551d1c7465f31a6c219300de8f29e073545f4ee771f4abe7ceeb5ba9be8,0,811
20455eaeba3863c1658026b3,2246,1c4d697c47fba23f30464719b42494c54a0e6a9c5ec5afa9aacabc3545831204,0,812
bfc34c58c3ee9cbe02510f1c,8995,d9314e6707f7f97be87d0a5c3486a8fb6814661155708d6ecb8dc8b73223e122,0,813
a5b4e51691555862b2995455,6259,3d88df31259dbe5b7e4dd0c0d713044ae097196d043cf43b4a445755787ec168,0,814
dc1176fade6888a337279f4e,725,8a0d281d686ce3bd69d969b02c60c1605ccf68b73006984daff67cd1640377ac,0,815
92d036b6ca4c278862bf31f5,4629,8ec250d0cfbdc214b1f4b2bc38e57fdee6efbc49d625dd5ced74d52539d4710e,0,816
1b8514aec302baf368828677,5545,2f33c0e4193a6c0f1c1215df2f468bc2ae9b2e1db0e94020a5eb995003ccc16c,0,817
e8e53c2135a8e0a252076ca0,6588,70b7605707b3342e83731b27c584d97112921091cab66ff0d74f280d2cb08228,0,818
45c8d46137d013d715e5177d,5665,8d5ccc8a15d754ccff7866a1db6ef7e9d2a8f86eaf8b990900f2fdf1220ecd07,0,819
d71a8a15f51be0b4277363f3,2122,125eb31c3f84b476eda34c0032fd7aced9cb0996188643ec905f82380636764f,0,820
fd05c718bc953c32a744217b,7211,516a5eadd5f20f9c0c97c69e1e9659f1cf5a2f6fcf4210cfa29881f30f01e007,0,821
103f6606159b922b3b192066,2255,4e67a6462041138a0a713e9ec9539e65f024932ecd4cffcab49eb0e7140b5ff8,0,822
790e1a41f86087829dbd0280,6561,184e6769dc9290843d2788e6e3af6a4369e6d6a9c98f47e8bbea3d4b755a052e,0,823
f33a3145c889d24532e9bd8e,2005,56c47aba80c589731b9b6307a7c6ff874a13d999f265ccbf35f142f122414527,0,824
3f56c351988f964f0e5f2d28,8902,d7e77c8693351da9252389ea3884e63b8e4fbb7e9cfbbf9c52920a16a51c0663,0,825
9775a279ac53db177f0e867e,1695,edba2c2e60e93f6654952f94f2ec1214371124e3f230b07321a055bc39d98c47,0,826
c8afb92ae9962f2cfb246c94,7690,7619682beac288748b60869fb2b23bd145d0316f1261369d9a2922dabe359251,0,827
d0e5602ef26f6b7e06484ec1,2925,035a125055dd18c6b35119b9406fa34b78fc1a3a06f9c91f9f7ecf3cb4f62844,0,828
3ad649599e56f5438e0e64b4,8219,d262abf0138b0a1c4c2279e41a19bdb3ae29391faacddc2c1c514e0adc550ca1,0,829
80b39b2dac17e8ec238196db,8067,bb7b0ecc2559b9d9f20d36454626df6fb156fcdcf759f4e55ac3bcb658ab9af5,0,830
758fcb32fffe1f4c12a71265,2769,b28e6c12c65f8487971542473d8c2915b8685a2fbd42fa5232551963d4bf9de3,0,831
ca679ad766a7c236ab015047,4910,5dc9c2ae0dd4a7bea68aed33f3540efb806f83dfed14e1eb21e7c9d92b4a04aa,0,832
a00c05311f06ea7403524722,8885,5bc1ced0d38a647a4a302a8b94b7d18e9f168e4311bcf69df075b543a35da85f,0,833
23da7f87009ec4f93d0dd01b,5081,3002b55710c91c7b5d6b05689feec1cf6f51fc3af8e35e9842609e6cd37b5eda,0,834
1870cb2f022bca204fa44a76,869,d4ef0e582819c38f4bbee3768b934bac9297c3250b68bdde4ffd436bf8ebdb89,0,835
9519d768daf143bc570907f3,7017,f0a0578367c284a940d155fc8062d0a4ee500a11ae9d6b222d34834595023998,0,836
0441cf49d1e7feb30dd5dea3,7273,562c5b41944bba899cbf038d0ee6aac8a0b17989fec28c13170d5a57b3e7b784,0,837
62a5755161dc6d6c68a2d0ad,4884,1049de391ad7f4a0369f3260ae12708fb3a89fac028dee51d97f28eadd6e888c,0,838
8e4920c314793c029f34fa7d,408,6eb04ecb1b2944d372b43f25ce44ba5e11b0a5e5adc0ae2227960b4204cea213,0,839
16d19ce813f2345d429f8463,3946,f82213693d34691c4d2a2451e8dad7e4daa9ad8a7749133e0d7252eb4d70514d,0,840
054e984013a49a7a4d54136a,1054,20fe0c942d7659f17f171457707735d24284250398aeae02802082db996780d3,0,841
85d59a7f35146e0620d7f049,8528,b2da42542effaeb1fe6e73cbc59c040c777fb8e1a885c0e7e6c89bda38d25ee9,0,842
8a1fc414658f5ba9cf6853b9,9152,1833436c1d8987c16c75e5885fb518192a0f71c35bce3cb7567c1ad396f6ce9c,0,843
6ed2f23cc8a6af511da5aba4,3676,05a336254c6fb847fe22702d50fe2ca8bb75c719eb0e07b5384313120dd101ef,0,844
62af108b0ba3d61e54dacc97,1423,0b2fadb4f7bb2d341cefed333fe8dc5fd47ea753bcece139e585785d904578b2,0,845
0221f6531eb0ecc98ef96a54,6733,550fc290821469b2169d315ee0dc836fc01e938c6730a6caee7c1ab0916c7a5c,0,846
7d92522ab7a5732881a58c77,4575,e129d4fbf7a60d5374af2cfcdce37b89435d296be744e23a40a64b246d3c6b45,0,847
3840983121c70f41c5585864,6597,5e2c9716c55255b36e9944813b708ea21a213f7bbee1f1f1e7bd9a5817d1b968,0,848
295d959368168983f7defea1,3010,aa8da6c8671e4106bc727941b8c522654f0e61b32e9dc2a32c5cb7d41b06615f,0,849
466df76e787c8182150e7811,4610,cf71115fa52119f268a348870855f1bafd70a6d093e50affd94fc5800f718326,0,850
739e335c33449415f3523f99,2575,89cfd720a65f0790722f9bd4d60a5adbef5e2358f274b85fbdff5addd8a08153,0,851
83033152ff227fe4fed13572,3351,07ade3bbc89aa1219bfff627883cea06b12c71faf8437fc7f542af8175cdedd6,0,852
e3d0a9314def42a17252ffea,2608,0efd1539fdb723746ffbb993660885ae076c7c7d8cbd2ffce726e067d4f14c13,0,853
def0f492b7b1625ea2fb9080,4071,cb0ee42bb468d6260fe6cdc0f09c77710b312032cb470891944d638774595690,0,854
de1e341fc36902ed326e9ca1,8567,336323ce47abe353dd584833f1c9c812c8fc019652e83146159db36a6a853fcb,0,855
ec92f4db4188bdd3e66fcb0c,2652,df1526ee08af2a0e2807d1bf53a9a9af4dae455346e51b510efda6db2e81015c,0,856
e44495b6828260afd1429d88,6418,614c983328f990b24aedeed51dd1e9301463e29245c27d094185f9b15ab6cf11,0,857
be70516fead480d8e766059c,5907,73b13bd2c581b7cff2ac26d7bdec07e271f8886b5f9ed0fea651cb138d549ea4,0,858
31167d6f5437e733e2fd46f2,8403,2d2ab43b901676f67f36e7b51e79a63ca4cd406233549ebc164ac4030b93168f,0,859
067607ce67cc0163984fcd15,7018,0eec12c0c0227d7046e70e23cadb183c55d3948e92c4f1b25e4abda7f1763a55,0,860
eadf9b986cb22a9d7236d835,8379,8eba7279c5f07c09512696c6d4d1778efff029efafa9cc83c2ed0086ff3bd9f6,0,861
ab220d1f913480f873d0ca7c,3236,8db6eddd0b2ce6bc218e65b0ac3763e1243df9465b429f184fdb5a4d80afc73d,0,862
e66d26c94fbca86cb2365e9b,4313,486a3c93208426d4fe5d326c0bc7b39688c08b187c0df9a3c21f1fb9a75c2e52,0,863
7a875366e13a03c6a23c99bb,6047,59fc432cffafab4fb59b479322ed71453c3af0e41ab7b4df7c67a6c98ea5f4de,0,864
4cbb4b4c26360ae7cb12a6a5,7154,34a6bb52be13e45cfa4b96c4dba1796d749bd150061ccaed75ae23cd8afab81a,0,865
48917390ddd47f6819ee41b4,8743,33b77e7e5e4f3501adf9641eb8c5fab43def74dbf6cbb9e0b198d333c3e42645,0,866
c3c8528caf3fff7627c4efa7,1729,50bbe924dc69919dfe4ed809df38aa29e7b96bb2d7a5ef3598e17671456bf216,0,867
8888920b5fd5274771af7508,4593,72f0c38b7f3f0f9d1fc4a2faff4e01a0c594605cadc94c0f2718279a9aa4f2b6,0,868
55844e9a4b62a61cbd0a8a9f,2712,b4baf4dc7485dcfe84347be04d171227796036a041d392c51198bca5659efc3a,0,869
09af3985448998180d6bbe64,7906,5e50ca17a131253e59c58d995a2bbad419677d3146205b2572ee7e921c792502,0,870
0bd54c79f4dbdebc775e7244,1779,236173f22313b443be7f6cbe00cce9bf056da2f5b61774d04f0641c470845136,0,871
ca113e711660f2ccf708e30a,6595,499781b2edecb744969124a384d1ef30db8e03a53d1542cec1b03cabc6847aec,0,872
3b42714f2646d2152696fbd1,6835,f2dea651ef7f7b6ba374f067686b884730e9ae29a11c8ec91bb01b7fc2ae0757,0,873
6dbe95fa8424f7cc94a6110e,8626,2114583b62fc203a4002444a94a5afe4028e7ffd9719f9e2d67f5e1d15e0b81e,0,874
cbf93d8bf718ac73fce32f28,5960,0c9664cd3860a56915f2885645bf4de45ac305f3efc6bc2c08c87fb7330eb003,0,875
8251c7027608ec70eb8c8cfc,41,510c3234e193f392027be2e0275576075d7d71ad5fec88b11ae939bb42d100e5,0,876
45d045dbd2048f5229ebc440,1777,e0b0e4d0e6e9e4d2fda4314ff6b5d4ed73d437df8b7c2445b973a3089b7f8f74,0,877
1b21aad7fc85149b7d201540,6153,cdf31ae0c613421a5f965363d00d9bba9e86ad7a6f36d7aeb110e1107a56f4af,0,878
1f2d965c2da3e11959560dcf,4246,18c63f56934d9097cfaef789a07bb9dadfc0a00a1bf763d56cc7d0a5c0e26c50,0,879
cff53980b7247cc13994ecb9,8478,a01ded70b810a2dd51f932f07ed736e6c67e3cffa55e68f61a2798bf641efa03,0,880
f27dfd6ad390128e0667cebe,1574,b43b2667c647686c30936c159eec49197ba69accc9a51a60ab420ebb98656f7b,0,881
09b740be79ccd122b64f6a73,6408,2f5498e9a7d1b507d142cb702af810142c5c5fefcc0bc771cb7b0ab35c61fef8,0,882
aa3cab8c0410887c290d3e78,1302,464510973822d4fdbc7ee894ccb7ea91db3597edc24d4510641942ef3d1cde99,0,883
d6165604f60917673e72213b,5235,d2ce2e75bf4e0e2acef12095fdf3d379e2ee3a150e139cc7b697d4789968ca36,0,884
750520c558a2f8fe9806eec2,9,2c3947bad7d0ae9a1b799ee10ca55b97c4ac9b0fca41546f3801ffe179c0bd19,0,885
97a6449a43504ab4de711d21,3258,86e410c856558a3a4e0642777ac0a1268be656f4796aa9aeb0a69eea55d91044,0,886
c31b83079595d92aaca63642,3489,511042aac3ad9594aee40d6c7b70645f84c993f6f563a2f2b75f47464caa7f10,0,887
4026818ee9d7ec80cf643bf6,6826,79925031ee1418b8bf975084f0523c815f6a81eba4c90f83b4f8181dbc228529,0,888
e8e87db86d9140248e8bfb3b,1443,eec01bffc79cb85754188e34459654bcfc1c739ce1279afc9fc01409ddd6001c,0,889
eaa439d826b8deb5e6448817,5036,610e594cb874dfe08b39ab2f61d16b3460557d0b563e5173ac1b2daf97eca639,0,890
e19c57e4c65ca6a512b49e8f,8208,1a9198fb39969925382b0f7ebc92b694a9980f1de12f157fbea1ea238340f6b0,0,891
46c2e815ab7500bee3a0fcd8,2330,a2ba62e8fd1cb176bd3e275322a5e5ecfe2facc1743af8a5c4261541cac71737,0,892
e31c267be4ff0ebfc248a1f6,6360,b3e79908fcefadb1abde9246c51a31ceb77695f3903ac207521e32c0dfce9557,0,893
238300b7bedcaa108ffc3cd5,3535,30cd3d7224b07c532710027aa8b0d79f9fc079e8a79d415b2663bab79c0c958b,0,894
ebf13eea546beb7cb4ad20a0,2237,45a84ad7b026df2320e69ff7b92369198c08ecea68a85aa2a0a1fb714527aca4,0,895
88f243261bf9498c9581e6bb,8594,fe5395f8573bb966659fdb748fcbbeebc1f3a4c9f5eff0ced5d89382c97de27f,0,896
4e2148c437eab33694622817,1808,b9a0a66f15cf46c35c44ba8223c35336c7ff94bba8099f6269440a5b61813fd9,0,897
98c7415ae0e5115ec80c4ef4,2357,b5617d2dfdf1815e6dc1474967aaff92dbf8867113ec254573d0415e91da6e61,0,898
1370a8e8e6a12de1b3c5f845,1558,67057490a7b9a591ae5cc4a6c48b43bb2c277aefccf2eff195502fef753e45a2,0,899
d885dfd109657f71947dbcaf,7252,e323257839b66f76395a62532eb3298a975a440c402af168f369ec0c683120a8,0,900
9214e14b8901b9aeee8ace0c,974,26e7954d80ef0f01b548d48782bb500fbbbb50c15e1fe05dc0dd8fe129ed3758,0,901
566b90542cf77176be53fbdf,5438,915a1fa06bf99687cdc7fdd0e571abbe0f6c10b8bf084fa2d56c48937a566313,0,902
e1ce16148af12fe08485170e,2894,9d83461d3876bee60ded1e5117267de1943b4aef1e8a6e215a9df2a0d56da7a0,0,903
b835c8782949a3a509492387,782,d06b62a169208708e41105d9313ad48bdd10cffae525868d8f740fb1ddb8d166,0,904
a1d8c412fbf6e6e5f18311ce,4621,de68e08a61b1ee1b51419c62a70ed20f028396ad14a566f5d1861f966ca9c4a7,0,905
d48526075758a80b4c424c28,3305,8aab92b714063049ad7ff16ad38ad662bcdba1e510cd32c89ac36859a72850f4,0,906
ee680d4a7c81926d278d4b9d,5887,08a617277ad1c450d5d662ae374146f067d49af1a97864822e61d8e26355a7dc,0,907
8b1af9dbdb5fafbecddf8b75,53,47490f35de50c8e06935615f40b605c1fd63b8cffbaa7b32faf0f92c2fb2354a,0,908
6a7d570a5c78ec9408ca8bb1,666,5db80b93781b9a047c36ed532cc57be27532e537ccf9692a59b5cd5ab6c42c78,0,909
5cd37ff0c8bb9507d0c1a679,99,3f45d084ac4c70f897361716811dc27d118c10b5d3574fd9cf0282115f2c43a0,0,910
d5a456f2426d95b0458588e3,7810,a3d88bf9dbe2c709e9167971adf411ecd18afad443599a27f38b891002174072,0,911
f873fb856aa5ff1831f85570,1827,b8ac2432efe70a8f993a9e5d4b5b1872344066147161f155479827cf20c089c0,0,912
6519fe0d0062868966368fe3,1283,726c16c2f37cf8ee0f6f72273f629245f06af1167ccbb32cda37cf28766b7116,0,913
55941c26a8ce6d5de7088353,3991,a5a5a2d43017def538d69b0b2775b83ec7cc6e59362112fd645814285e6c6d1b,0,914
68efb4c72bf3d5e7983d61c0,5365,49cde5aec2d0dac2955621df338c01d9bdc61aee67071503c0834c72a702aa92,0,915
9600d5fb0fd16d3fef2669a1,8122,58da8af355cb0db8a8bf2b747dda46661131325ec66fa18aecd39a6c6a1a1869,0,916
504dfd722bc41ee0ded05fa0,8164,b57603fef0d8ad26bfee5c3bc27fca9e7bb15a50ac1092496db8886358b45406,0,917
8ef5d7fea98fc9f0d58182dd,6783,24a065e99b1d66978d256148a8e8ac2bf2742325004f85a1e3249b50e39e3a3d,0,918
6343caa517df3ebe05dbebea,1369,9ab1aa0da74330a3068dde69ed5983906efa5341b2deb5a6e3e62c984e57485d,0,919
578ce9df93869cb8ca0e6f1d,3137,9f68f3f4ce4cf139b0dea359e9f58be9067619e62fcc715a720c56ae8c7898dd,0,920
1566f4f3951569b38a77e59f,1508,797862865b7bcb004b7b45a16419dfecb2cf2ab38c39bb10df045d1b0be0206c,0,921
621c82d8ef8d3eedfbed7040,5227,b3556bf341294582f4e1460c68111dc0525a79702754e107870479f40ae8e765,0,922
d57bd5aed21f17de77cf7294,1122,5bb65a69dcf8e038b7cdbac776e8fa2c6a2412d03ab5ab705d08c82958178fb9,0,923
2ff56598373c3b3a30654fa2,7660,697ce79ef03cb0e8824e4eff61aeb279960cd049260057632e21c77cfdd700bb,0,924
1e5ac692a53e7f7d7c89ded6,4434,119339ad811c3caf04352a1817b41ab5ade3909682114cc108771f496d0b80f7,0,925
747452c1c85af65d92e3df58,4574,a4181e093c8c24a3e74a4e9fa05ad9a4cf852fb89648bfb5c434705212c88639,0,926
de11eb826c9605cfd24fa013,3536,eeeeb51ba706598a3248fba707fffe8525c2a14b0953b98fd5d4d74480fbc37d,0,927
5d26187f9dafb4621e70eca7,1175,1e635ed8a1e8343c079a193eefd90730fd178f35168417082bf323472a33c7b0,0,928
00e79a135914f7fb3c309b85,753,2ace05d14de2797f2e8a2d59730445c467d4e37b057bcd7cb7a334f3e86fb8e4,0,929
b6783857b286dc586685eccd,6816,2861e46ce21375d585ac73e3a808bc227916059a594addf7463c667f70984380,0,930
322501b8ff2b9648aaaed12d,6570,d215ca4eab8274948c699cfd622a08ba51f33b9d645d05cddd9c809dfb8a7d09,0,931
b763bd64614f70ef6a499be6,593,de2f0315764641fbdb5427fe15644e6ea1795152439c48249e84716816ebbd8d,0,932
5c2fad9e562100ab5cf168dc,5888,0566342df5ab16e4bdc6bfc02023d7e82491b284d14b04c0857d7c0ac943a397,0,933
f136f607de4bb27230d61e43,2482,fb3eb27b1027a5f606bc07adfc04fd52b27a68d3b4ca8f5b54a5967005cfed12,0,934
d722c7bcea451e7d559bc57c,6887,90e58d60ebaf76e715435c8fa19c984258f404720274764537b505d609f3345c,0,935
cb063f60524d179369b7a092,5640,9611923dc9ac99ac896af5f7aa29dfe50341d3d8cc0fa06e9472f143cb5a7115,0,936
1c16ed762e3c5d00a73a6f9b,2119,c42d3ad84e6d69c09a8f07d1540c729a4f6317e8b58318a45d72a005190f1f18,0,937
1a884418fd90d22c6414fe53,2637,b10f5150b4e5b147e66090f19a89720160b654976187950bdd1b5b475910d6cc,0,938
d9c7405a3689ab8808b615da,7835,803f7fb0603a4a0c0409cf582fc3166da5c6759bfa9f83fd8b6ea9c852a570e9,0,939
65d74e71798d37be684785eb,2293,dbbe814d986c593a0896a7667f95e655ef618f01c2b1fb3c003c37ffee37b2a2,0,940
6f626905c4d7c434cc4ac3aa,8564,989c68484214a357f7f55385f247b332ad90233deac1ed45a56eee7a9e617cb5,0,941
59264914ce43856a40f5b6d3,4141,2aeaa1848787fc72144bb9c3453ed3d5c967af397d28f20fdcd1d9a2f2439691,0,942
df1f1adcad3efbfd033d3b25,790,84f3522701291af878038255ecdfd59710a334de498a728db5f6b8504c414e0e,0,943
d531b35652592ae051f8ace0,3398,f16191a32881dee12957a3f3a3fc4ef4bfdeee6ea72ce0b9f50aca87d5bb4d6f,0,944
031c25c3af1484622dc12347,2923,ae0c4c7923404e4c9840e9324ca93a22956a2cdb542aa6c7499a0c821e9ddf6f,0,945
1f2d471702ce4b66feda9830,6871,536b32bd74f0f89b29c222a826dcb6e120a1210e11063a7e24f8c39506200c67,0,946
afc19937cb912c4be8fd4991,4465,081b2aeeb8105f9ab5b4a00123e4a57956fdb74a0b69c58016b79abb3cb91b7d,0,947
75dec8ee9135b14e6132c914,5774,014f0b683bd051d7f95f5b24aebf1dff3a0179bd6980d0645684747bdb2d00c6,0,948
df989befaf79ad78685b48f8,5633,bda23de2309ea2cbcaa10079faa264cbd0a66ec241a305286a38f86d60ca06ed,0,949
676a9bd0a9a086017ca517e8,894,40b331038f4bacd6b4fcd668ec4a2feaae46abbf97f3489f60598d76dc5b0455,0,950
2823818b10feb5b245b3beb5,4590,627338a721a7154b8541b0bff3630b9f79ea56a07ec2914f9f28d4d5c4d91c79,0,951
551c7d9da438121ae85e4d3f,7754,1095565342ceba5e3683bcf24ea0ad96292e237c03530e66133622cf2c965b11,0,952
ffdb733602689c40e6fc45bf,2786,e613844f42a2521a873dea1ab44d289692c136977cd5b6cb033138870607867d,0,953
ab26517e3cb1f900f53f38a4,9091,454470b0e78c635691c37b8ce6cfe787d7da365bb3e5f7aa77a4d14c2bd7bf58,0,954
a00cc231ad303b459d5bf90d,4064,ed9b9c72d8cb06258c2caf0cb6b8393aeb5280574234c4b7d081326d1edd27e0,0,955
a34004a6bd8e5124ffaafb1e,6894,fc1bbd7c7aacea6d04e5a6024e82a4f921329ed545f7f4eb0fdf791c71772f2a,0,956
c59deade35f4d49d79ecf472,7402,ec4d8237260d74d02b9b64fb0c0dabd16d45d703b5675ba89e0d0fe4a314c556,0,957
c06ea6cf00c5b3099b3091f8,671,c45a0bec8ac6f6bcfa4002ef866f7899938881db587bbbc8fc315989e2bef535,0,958
a7f5f0a8b457047f2c0d679c,678,785d1e4d16b9a30eb4e7e06160a4997cfdf44c23954fef6dd01a892330e3193f,0,959
4ecc75735c5cb9ae691517b3,1211,c645611a09a8b76df02a519b91187bb6723bbef9e3bdaa84be7be544e9b2b804,0,960
f6c93344fcb85155e6af2b60,5803,56d18e8c95c1939489808ffdd600d13eb2a0680982a4efaab4afa0866bf4e0a4,0,961
23fef25ead2d2d2c086bdbe8,3796,72fde4923d71ceae2ca6cbfa4d56e36bd3ac1203564fba46b5ed26c90394f077,0,962
095415b73a38311324559393,3747,350de8c06d5a97dcdce311d0912f3d0199374bb5d61929ac40a1eff3e437f8da,0,963
d44ddb5a28edf1505f94ac15,1606,20bddc28773349bf1d13b78496836f78750b357f61ec648dead106bd9e584855,0,964
75275c71788d5c7a3fa18f5d,6642,b728cc27c3909d10b5c26b4f040d5d4dcd5d55c216069a970a0a19dcb4b6a3f9,0,965
da8149339ad47e71e166e547,1192,a93c99fd8976ebff3626e1abd07d0022cca8f591f63a650702c07ccf8e91c20a,0,966
d9c1c82ddf6798a39596de91,5584,6a5eb271b20407f830e25cda989207e64f8b00a6764fb9c1b6d244e1044dc836,0,967
b7e1f9a31d34bcf2f5ce09c3,9119,f1e020fb106baee89726eb59deb95b3d83407bfa4b7ea6f6dae068127bc55b68,0,968
e6deb8e598d452c7b2b28151,4983,d9fca0136c90e0279b68fc3bc3c9076a29ac3e5821619f30f00636ff7594a5ab,0,969
e82a3112faf76f7a1fb5f4a9,5544,e70d809f030e323c752363fd1f1c35c47ecb7cb855a825d01352ae13233fbbc5,0,970
c9da045a821e42a9c9783665,7972,7b2f0bdb92641b7ab7b73bc0a469aa6d25195ffbb31fe1c7c6dd2362de3f4f21,0,971
76a78657737d590a5c067b33,6454,4f0f891e10329c79f4b45a9ddb07147a7c92f110f2611cc1634253952c9c3fdf,0,972
98baad4690323535c1f8185f,3495,a4719f153537417671667cf8ddc298f962ed473b0c067d9f2fb489b90bc80de5,0,973
9b4ab9f40630d79f1352bb6d,7558,0df4ba027f96a63dd50ba034e786996aac66ea90000465345a079bac678ef8f7,0,974
bd8053ea5ea9733fc16b0312,7589,de024f6e9504a06e743b4c59322c8b3bd126300967bfda1dfdcad1df27996d26,0,975
2150bd2a103e0bb1cf622655,5430,92583e45b28548e80a1ea389d9614d8e804eedfe59c51d2e225884fdadd510aa,0,976
6617d02d8fb728df0b1b405d,7805,f75913a943533fe93e155130104ca60690852411452d85dfe5a4e1994d6ee4b4,0,977
5619c6841af9e6389d038a34,163,1d8ad7f1afba747832bf6b0b3e88857beab0faf373aec631fc7a8b0cd1253417,0,978
fab50d3baf31c129e662a791,6152,eb55044109051c226a9cd0a356cb311343463502e6ba36bdb75f8742bd121f0d,0,979
8807d896c8eb703c3597f817,7807,7bb5ad44bfe1005b1009070f30ab8a4e03768978dc9c90fbabbf2b78ab5ca781,0,980
11a170bbc0970a18cf22204d,2022,c346cd94ad2e0f0efc84835f7a38334f0b53986de4257a3dbf479ccb88721093,0,981
b03266b375cbe2d06ce211f0,2943,19950ecaaa02471249fd392bc7c51bcf60986bdae521426b8e817143fff5453b,0,982
988e1bc7ae6e34194a011406,7532,683fd8f74b88c2fd5aa4b90c729a7033088a36b8d695da7fc986f59c5ca23d66,0,983
4fe64b3b805e3a31700d124b,3273,fbdc460a1a998631f7e0720dd188db30d232d63eaa5c259cb3f731cc444c89b9,0,984
7d5e2161811244b69bd710d3,8179,3de8b3df2c7684109c5299c0e8739cdd443ff99cad6234d18611f1256f20cd40,0,985
2c601a54eeabbafdd02326a6,3995,ab9d5729ac04a032e4d459cf9885f736b56283d1944c41b3059519e4e0fba4fd,0,986
b19a56d47dd562771e3da8b1,2169,6a012f0b19fcb926a41505992cc6caee800742d94ab5be17de044425e179ad57,0,987
f605adc637d088b14ecc7a7c,5371,e6e5e35e2aa30bcde5698388dead90c4e2f8830f8a6639bda80ec289af5651c6,0,988
79c10d025ad6e3dbcc06659e,7015,ff1c7db9f15110e09e9e406c6ebd5c5080a11d8551f6af521ed96268c250e50e,0,989
1286766b0bca325980dff0bf,4809,5ffa2a1917df822a2152a5ff5ce5dd0af82a89c650757b69918c9f460ba63532,0,990
7e2f427c6b4f580edf8fd53a,1898,46a18a30e7cf528842732b1633dbfaec861fbc34b21dde528f819b59949f4e90,0,991
f1a2d3c66618f444a1211ca2,1918,727cda68926707c25fadf39d487c4aa10e136268a202f15e57e7e675f517dd29,0,992
48358ffe17f7daea5eba5f73,8972,bb38c8f819872344a1141eef34f99dcbd48e07e8110c290112c60fd0e0665bd6,0,993
75b4fc4abb026917cd6324f6,2161,b62e97e2c67aa172ad8060171e44168cf33a4a1ccdd8ba6c704d188752c5866e,0,994
caab53ac7681fb02b173a67e,7634,d477bba6498aab38f70755641dc4bd000198066967aef4dc3fe8052fcc08c707,0,995
28b1cb2853d5541976cfe139,8584,b2d5aa12d5f1c5eb75f297ca22f48c48b0fab84f794b0f57eed5e1e1466b3da0,0,996
9113c4ff88a3ead9399e3daa,1402,600de2e1d2dd4e1415f8c7033b133ba9e244cdddb39741e33b6d9d9855c03925,0,997
a605488a9d7c22924ecfe12b,2366,e2e6d17c64d1909b715d7ebad57901c219dc9d292010407458a44a8ea5ebdbaa,0,998
74aacaf5b28bd8677d9e6d22,5835,31ac27b275bc26ba42241764ff6dc0a3f36f649f4c821d25d20417d483cc320e,0,999
47c0f4574248177b2490379c,7301,dcf7512ef3dfd314aa878862ab6ac292f40714ebecc2b7b977dbc3c72a2b26a6,0,1000
1ab16bfd96ab6c4ecb08fe22,2310,b9ac58476c179e9c1c7b405699d5a228d4f4302df69e1f19c7d519c2777d6893,0,1001
fa8e536b1b5e05f69865070a,4943,f8753851a3e48307717945d9f313bf7398da290648ff55717bedcb68b21c81a1,0,1002
05759cecad19e086a917c238,7820,3ee5ed3ad29bcaa949808be2c1c25adccd366b7d6b9d3f5cd0b1068e52a0eedc,0,1003
b1b28b57bc071230c2d987c8,6975,f3781ef30847d1151cb3640e96432c66621a83129cd8f2772f70bf922309cf6d,0,1004
821a39f5122bb97011b83e95,7362,0ec1469f1d44993cf1a1664a6721b0bd17439def9fe475869ae4e590948badfe,0,1005
1e7b7c999dd8ebcfaf021658,5194,ae6bc0b140a39a867cb7e392697c859c88f5ac82f5d3bafd12a51778216cb1f0,0,1006
a969e6cadd9ff2b0f4b76ddb,4496,f55211ff105879c180a363596ba61894c8ac9db05f99d8537ee2f97b7e8993b2,0,1007
7c92b27f60e333504f074c5a,5540,6d211aa3ed5cc78376aef9214094da44f4edf16de5d5f6d4e9457f41366c0e38,0,1008
1b0202d3a395d2bb46b7fbdd,8339,cb373792d5303f46abd2bb883e257af0045ad39e619f60b23adca72440f5c915,0,1009
12f264aa25c876f1509fb41e,226,b18e79e5f9af45f0d3d50b8df07b3ae2dcf037bd2fcebd559e7c7049f7d62a02,0,1010
e58ac13bb34403dd17ff58b6,8371,247d29c0b1beda32cfe80d49b90db16c351b6edc8559a466196380ed651c29b4,0,1011
f04b47640a096724f15fdfe1,4737,8f861b9cb4e2a7e7e80e6cf1203bc4954f0320d41236259b78f29e91a9f8a955,0,1012
0d18612ec4f95edd24ed201b,8278,935f1da622e8cc5e75b0703d10b8d9708603f584504911b6bef39255bfb5c171,0,1013
54cc6a3a9c0801d5bcb5273f,1687,a854e468c767ded555d6af475259506cd280ff0ddd6e715ffa803ee40b3aa661,0,1014
278aeb7b92ced794de194402,6649,7244d1d063dc17dffb13890ba4bc194cc85a9dd92c0140d22885589be12753f8,0,1015
4190a4c769eeafc2676689af,5779,ad05998cd5cf9e1f057e5c2f1c379a613b834df97a3dbc29e0bf2791a754c663,0,1016
b29012aa387a933e612f3666,5642,b47c0cb346b4994040c3bcce843f4e28ad49c28b894a0242ee572de3e78d68e6,0,1017
ae90b1657920225ba1c7af65,447,972f1579fbb0f536e228071db20e95a0ea5c52fc2ce7d751d03fa57e94daa3cc,0,1018
6ee58ce297462c6c6bff7336,7877,413bbba2aa7719a2323ee3e9cab7df872d37ee379457d405d72fbdcd2a23fdd3,0,1019
7b0d4d5526b73697c7697e11,8207,ba4be50e09e48465c1d56be76b8d5d564a6121031a2d32ed49f92da5b0c682f5,0,1020
a6c0ef04be010a9acc9a1e84,3585,bceb171d592c9d54c3087dd3de4a7de293d749cd81b5dbccdc99b6f98c550540,0,1021
4c390d0ab8c01a4288503355,3487,f9b260ae97073e832a86add04de0480b27e638f4037fb2c3c43374d86962c694,0,1022
d44f0c32f748d6a7945119c1,4386,a4731567667b6f78ca03e7a0f4e5e6af7b5b89e6d6a3829ff9bc7b6051d7fa24,0,1023
f86460c44942cc59c8036cd9,5060,e16461e8e935c44fa61a3952f9d2639c9d652bb2f3a61bdfabac5bb9ba6065d6,0,1024
70ce2f06a6abcb2e5a216174,7158,b692483554c96d75ba74dfa653e8fa6891a79261c9f80b24a44ee5c85c78787e,0,1025
544ea7912d01aadea9a68ea7,4799,c1b9668ddbe69b66713aa3208aa3f1a4f18c3f4270920aced476b448afde3b02,0,1026
ac9481cd68843b203851d91d,791,c5c403b261acf72a66b6c2331fd81ae32eb7cf7366f4b6368c038406133750e2,0,1027
bfa35c3de8721ef932ebcd81,3859,a50f8c75711fbb49309d51e8b5cc97ddeb65e610dbb09018b1665721267b69ad,0,1028
9a08ecdc8b557070d8ab0124,5744,e200cd7ec636a88675fc956abdc1f1b14c9c24312d139d64513dc8913ce7f760,0,1029
7c872b071292cea071092194,7317,0af0a925d15789eb3df9cf50bd7265395c0fa5ff9d52092e3400f88a415e7d04,0,1030
f74837ca319654622fd95b38,8349,3e405a2c5741b44aa3814a57a79405cf36808af1693103e822680ae9b918300c,0,1031
0daf5b1e8fcb8020b51b2cd7,1133,701aaefb827433e79461b8801a1c19a3bfb304fe0f19dbafe6f544557701d262,0,1032
3e21f7c78260d6dc4bd50bb7,3546,225ac15d63acee68da3b938cbc21406482f4617dc2eccbf44bb8ff875e427ce3,0,1033
e4b3ca8c4ca3c77082dfdcdf,6577,72bba1252a2f088f4339ac35443b66f5291eab30165f19c739dcad5ede107834,0,1034
d0fbf6844c845bc407865146,3942,865560fa6b9f590b0d0b6d6050ae044ceed72ebd81776e0357d6ad6421722740,0,1035
81ac71351fd7ce3375a0d34b,477,7f10635bb3eb3af30609b5973b039b78edb6b21a7ab6cbaf428cfe5b25eedd77,0,1036
da60089e7d0a272004610ba4,55,a26f5c6076e740a5f1106b3fb085e06882a384f844cb406e5e679a0577a138ef,0,1037
330fff65f2e312ce3a90bd97,8453,e45e5babc89460077970c8118310baa64f03875fd19ac4a9410f0f4f40f278e1,0,1038
c851c2d4c65fff274e15329f,8526,77bc46c9060884cbdfb15e9fcfe3b6e7d9c318c2363b624f0f4f44c117adc5eb,0,1039
e73abf449472aceb431fb67e,1440,be5ead8243bde901ca2233ad32bb9406c12c2f44a75a24c2f6a865d477243a24,0,1040
515c219d76c5adaf3672eb33,8230,0b8d473c2e1f10a4dc809ceb79cb650e42cf0c1e60809080b0c30a8bc4e539f8,0,1041
f6ee72cb0097d59b467ad418,5024,a3e5a50118386bb61abc64ded94c0d9c3be3becfaf2741570cd6eba6d7d8e153,0,1042
4dc9b8e44a1f874eaa92cb4c,2955,d23235baa438d09b5a1205b1f4599e2b5989d25b75abc129ba63766119ad2ef3,0,1043
457d686493b2073c0913ed80,713,6b81ef1227b5501fb506e575af056a2bd5246b82c8348bbf867d071cbaff43a3,0,1044
84d134da9fe3ef6617015836,2562,bf49a68f608cd33999b662f02f21f719023cad509e9f5f8f70fd8644c95a798e,0,1045
13c7ff5c29162ffd11b3c203,371,58382adc9db39aa825484223b4c4bfed84b3290d10839712a70274d0a153ddcc,0,1046
1af7b5c60ae80a8e84af2c1c,7198,679de97ab102e2085a706ff216ef9a887cc87f540dda8e5a41ef12b254d22ed4,0,1047
22ea92448e310d8bfe537888,5035,9d47dcbfb347eb2c157dc5b423423a50d4056907ddd09ef0aab3adb9aa10b4c9,0,1048
9cbd9b1f31cad98572059b8b,3066,2d22cc682fb1c7ee4b542b625b66c3942f2315169848138aa6cd08057c8a456e,0,1049
7c0bcdb978da5f20159f19c0,7467,d40e0ebb667ccb6de82114434fcde9d96ff3b6b5f48e09219b01d487c627ff33,0,1050
fb05f829584e323b1afdeb6a,3165,8c664e93fd4be9adf316c68862e0b9ed77c398047ddb0ff406616a35f6dd4160,0,1051
c74e2281350a12ffe6c1095e,5827,44ad0b213daa4a6eba7858b02f6427b28d466ce511757b933f4043ed2f2e6053,0,1052
b51d72f876bca9d2f94c9d64,943,21931d092e3341a3cfb00dae38f228dc585aabb30d5c5e16ebd2fbae2bee7bcf,0,1053
95d95b854cecd55907c4df3a,8691,04c43191118004797487e3f0a04d44569001af0428dcba6ebc4d3c963a1d321a,0,1054
1e5662c48ff150e55e89e931,758,81ecdb2169db0d2154b4a41345438894723029a8931f1311f0ccbceeb1f2079f,0,1055
de0ffa82393efe20cd9ec165,6518,13c1c296ee540a1c804db02a54ff6e2d1080143077374e9411b7f19a7b45d058,0,1056
ec3158a71c5f342a20180363,8629,413c96c953ddcc13c6373728bd6c822aa43df29e5fb016e34f432c56b49f324f,0,1057
86f6573ae4670078306c0cae,7865,445c11d4c5576fd5c666ac8b9c57b9ce6aad48292514ab8aed97d60d2fa2cb97,0,1058
91ca9c50c61b779bf705b954,412,c5958b104e65176eee41f0e1ca984a8c43435494f2d5a3c22e8d1283a0aea324,0,1059
d4dbad7c7debed873032cdaf,7776,982837b662d2f3b7afc38a52bf935100f09e5d8f59dc069836491e705059cd26,0,1060
0dfe4fc84ed4bb7695fa707b,1617,3ec8e2a309564e0e821df654675cd6cd595da448c87ededd291d134608eb89d9,0,1061
873115dc4271761db3f5d75e,5135,b576a39e243975e41d6128093d709e39ee21761c1714f4b9c31a8a501fe67af2,0,1062
f54df1ee40f5583b903f91a0,6766,0cddfa5a7876367f26485015ccbcad2b940528f3a7fc733186c8f73eac2c11cc,0,1063
dcf22df2023bb0d778f5edda,5019,ac6b7a9cca0359f7b968dd818fceef259bc15370651bf5ced5280ab703692a1c,0,1064
7d3400bf2be8e921a815a838,6823,773501ed631d64df882de497a8e5052fb6161d40caa861b8bc0db704609bb2d2,0,1065
51448f001bd0995e73678920,5131,300f0be1ad132c89d19585f8f3c12567f4bc49ccbb68c176a396a1bc05cd282a,0,1066
db111c122ee179e3a258873f,4112,eb07254b68f3af5a025b6e43fdc8c771cab73c4486bd9c1662c3b69f17b5b98c,0,1067
594ea1ebac48b7cb619dcbfb,3337,f21637da96a2cf1b4b1849555985225f9f9ab46f3d8024c54fd42ef6c871213e,0,1068
5903e95fbf90ded2dc63d054,625,9389682eb972efa902a23866a545f3d3d4de7b174837281e4e5ae392b5728a1c,0,1069
98ba6fdbcbe0c849ab9b609a,8178,4edcdc4538a9dfb0fa38d962b79d301d1ea18b7854806721710430f30bb91498,0,1070
a793cadaf683a2e797b4f83d,3384,d0913206b70f53ef192bdf7e712cca8fcea27f944e826d41e7692c7a1c42bc03,0,1071
2b062028326f0ea18b0ecfed,4949,67cabc32e4a5a8d634f0d65566b93cd73334feda70b1c66669f4e89d7942c354,0,1072
6438bb6c3a95777734558f08,5739,e6614982f59f8b70351dd265c411886568ff3536811cee2c3f699e922761b417,0,1073
d899e7ae51d06f61deefefeb,7239,37aefabf41f3c68f500109ffa2a1b2150ce6d03fcd9b6fce1373593b9e5334db,0,1074
944ac9f7ebf0cac3c3359744,3553,796d7f4a5c2ffe76ced252e9a81b624186b6e76710a0402b0ed73b14deea309e,0,1075
6eb02cd67e8d0c8b44288f23,4253,0b936c6fed3a3369998fab5020365b1d384290ad47f71771d94e75f93dc25bdb,0,1076
560b58413c21e2ee982f00d8,7712,2a12cd580b14b1d5f1280710f9a190af705320c96b4359e8dcc65f4ec9d95377,0,1077
a22dc69acfb744a96de0613e,7504,4ea002134aa20faf1944388a1e2d1524c5338c8ca18eb8c15f42a51996b51482,0,1078
7bd43cda846e0728a73cd7a1,7613,b4a675adc9c64f69360c895fe6e4bfe5156052fc02f933a289bcb607b2261b74,0,1079
bde326fa442c23686cbc2bbf,7840,8a484a728a99f231837bb65b2037ff1ffd737206700682ac5788e48512471457,0,1080
2fcbf24e1caefb8b3bb6795d,5625,ec6e8a65561b3d64a0b2837791d60964dd584948e3abce22b0cea83df376b9c8,0,1081
3775ebc61cb06eb5d3991b22,5077,8a91701612eb26a788b6371b6230ed0f9e0d90bf0a62b323d55bd7e0006381e6,0,1082
991ff8cefa0060e4b41bd81b,6230,fa0620adcb9c4b2f1384dc5b00b24fed3395bda33b9ac093dcfa3b942eeda442,0,1083
0ce2ddae22de2fc3e2c0011b,757,baf725e18748f9c26f2389b78c7702b20c5631ba232e9309b9fa2b26307a6147,0,1084
e8e105883f084bc4f8747755,4117,ddaa9ee8cac561f61a382379192f9ddbb03ada4b9d7d325431b64bb0f8f66123,0,1085
e8f061ba9709371318468ca9,118,2cb947e06b99bc2af37247843d5ea7e594853e7bf5ae2cd6a82ebe3716aed06d,0,1086
0239a0d99b35270198e8bdd4,8006,5de9d02cd9be06a1ddc1754375cc8f1cb75b084aec7dc153c1daba867c4797f5,0,1087
8089dbf842fff3981b8d8768,1250,d9d000b175b761074f19b0b6ff1a9668052df3d7dcaab93fb978917193bdf6ce,0,1088
5223050e5e6a11bde1a75feb,4752,4d9f01c0f1fd232b4c66c717e30dc64ea70806fcb5435decd12962e4ec093642,0,1089
4ab6e8d57ca6951f7446b2c8,6617,d077ee64e414d7b3c1040b25ca63de92608ccb422be12a4e5353ca16d922263f,0,1090
0d9a1dd54082ba6c776f7bb2,5415,462ad92f369e6a006fbe26468481179ab347b693b567abe41dd40474f0ff1a40,0,1091
79403e68548824fce2322a84,1416,251eb081db4c014383eb28b6d97151a535b1eece53914d9e98b5c58a1ba37715,0,1092
668dad293cd59c2323235593,8969,fc0a2cf85d6260e83f6b9a9da757d8e6ad0e345a6393eae26a8a5b747258546b,0,1093
5d33fd1417b295ee54199ecb,5883,f78fdcb92cadede0133aefd68168390d9bcad44628ccee660ed976fd6c246258,0,1094
1ba78222f2f3e804f0cf0dfa,6837,13b07c9aaab71191c213352e705c20e3f7f905494b2e0cbd621dacc98693b659,0,1095
205f884215c53e1e20898ecd,2873,0748415cdc6f8111d694511a05a71705e69a56fa531a29e354dc5c639d0bd03a,0,1096
55a921be5269dd9fee3bb06d,7763,b269ea6e53e208d4c5d7ba6b789e8489833740a3b154aa3f32b8a9dd8ec1cab0,0,1097
da81f077ebd78b717c9e4b4d,8048,76bf626a9f2efc70b169d87db235adb6b22a53e5baefaaa6055c4a288a50e9e6,0,1098
d251809111d9b5b828b99cb8,4600,338f768c11a45cdc9405d1f477c51e3a533b45e5709f7d585fac1e294601c05d,0,1099
cc92fbae2e0d65caa428ffaa,173,30f97b9c5816aa847d02eebd84dfdf619e57b13f972ca5705c9b9673395dfae8,0,1100
8245411dea5a960ae84e99f8,286,f2fea3f3771669a91b19e6c967d257f3c984b0ba1ec8a79d63019d5e9d50fa3e,0,1101
33b6303675766f4b4221573f,5407,ed65dfede33845bc2a66687b0737f09709088117d959cd521246417878698a58,0,1102
45ee28d53a60982b40cc2030,6914,570c7ca7e13e465a901c7e0ddfb23367ae08d819529581ac4940962aafda8cca,0,1103
45ad746d48fa286af0b69a4e,8336,e99cecbda54250a5e15d8a9a063c79894fa8c5485144c835e9df77ee76d498e2,0,1104
fa5b6878a7dcd1e9a2575c0e,5163,e9e2e5dc72ef0f8b1dad3fa8adc5c2d7f7591672edc2c9c522dcce1ae34e2e5f,0,1105
11754aafa9535e6c30d57d9d,7303,af78a406900e74bf1be880f156b6dd2a72deb873961a3c07bf9463d02e26e0ae,0,1106
9b8cfb09039d741dd8279187,1609,5ff73b06ffb0c96bfe4460b4715df89810310fcc42e485ecfa6ca7a8d510918a,0,1107
6728969dbc63cb235bf860b4,2467,42c6c130c530e34295a7f073cb552fbaa305b035db70bf0b6d00cde61957fdb3,0,1108
a51614332878bab299bf51cc,6741,95a74a32ef8c92d77f8024fb82124673d57323cd665c86caa36f6aa4895da0ac,0,1109
118259d67342032c7ddbc84f,7267,18618e17cf1045684ca7f6975832eed1fa61b5a5b99ad53c46d60eac80e837cf,0,1110
4fc7bf9f8fd59ee323607ed1,5657,0c2caf901aaa76be7f73f1de6a5de7631834ac690b3b860bb208f06674e65445,0,1111
8ba679f8bc784ef1f4001819,8160,8d409be65ce3584735f67535184def4997580ccbfe7eea1613baadaddb80fe65,0,1112
801b34a46823a26dedf5afdb,5008,958b80c936a3f3890f71682cc594e92701c51ad0733298e16fec3a993614b19f,0,1113
5e19992e95166626bd0a4929,8501,25c7ce8347847768ac520b881c723d29c3fa6db810d1efc2c8777c2640dcafc2,0,1114
21285c7d793e4961c8450e47,1132,d404e07ae6c1c38cf8bb6d1dfddde0b813bf7b9c2606e2f811e0434192a7a175,0,1115
e88cf8d43c1ce24d8d30361a,1432,5bab47be6831a9e9548091377ede54476555e0205db766159eccf9fc81b67876,0,1116
333221c4d69e7315e0de5d52,4233,f83720476f637215ca6bce42233bc9e35606209086326c98789d7e820fa9a14b,0,1117
051afb847af7dd2eaefee621,8096,0192d50b806ee0bc42b89f8339eaa0bb4742895a1f6bc3490b72dda5445f9930,0,1118
f6af3a8a5d4f4f2c28418161,1793,b89d611eca64e1a894b1d99281d010c9067f8b4fa54ca59d1dad8d9388d684b3,0,1119
7866eb8812564d32d27352ad,3212,a939ea815ff5ea392cacf5a180e03f569c6cabf742807076592498084dbbb549,0,1120
ea4c0a72d5c3f4524f0ae9ce,4754,9efcf3ec12e4135490ee22a32bb49ca458cb892eb0cbdfb6dafdaf05c85294d9,0,1121
7a4de3a080b736e672505421,5298,34b5d528b065944726ef78d0eb5bf95cf1a81805efe1bcf743863eff00c3595f,0,1122
57ffc47783ba777623143238,7031,9425b1996fd838203f8ed321326d1915cfb88fff7065a8564c3d83cd963fe9e7,0,1123
aec04b2cde9ce2b514dfc0fe,4320,048f11bd0b1dd7d6bcf70d2f736ae5466a4f40671abec102e51b7023fb17e4e1,0,1124
5352e109afc39495e1a999c9,1470,2ffe26cc8e1d73d420051324e8c097dd3bd50f9c8c261378a310b1230f70e6ba,0,1125
9e647fa4796afb0a590f0189,3935,b5b4c2e4765587003b6206bbe543b87a56eea6d6f84e61a5f364ca1483f732ff,0,1126
d73cc687b0679eeac71439ec,3606,5acbae018909b2d4b81f086db4973e4efbe55be340ae6f1f169bb2bf571fe5fb,0,1127
327c5a0ec40deac1e22da365,1413,d9c79b2e8324e075a1442d1354119820e1d6385361483a9acd7e6ee6c2e0bb0b,0,1128
f978c17f0754454cc6dd7df1,1389,49d0c5efb3ed5bcee15473ae4ec8c14565c9e5d5458de16c6abe843ffb0d47ba,0,1129
0818b657f989423bb8198f03,8623,d701c5980e969a05b51bda8508553f99b6b23160d2bea9d42e0717cd4605840e,0,1130
40ffdb1927359bae5129cc7f,1917,f5cf7a4e98b06bb32b451cf7b0a137a9c81e4db89199ae3cd0ff90a8daa3d0be,0,1131
0bf6ab54cb827ecd5dd7b2ff,1843,58b6f8caa9625e7b3983307db00ae924dd156db005f1c98e2dc943ff58dbbde8,0,1132
f0a8d796ebaa836c60907c72,613,5ee35dfe76a5a6364eb3f1bddb25ff84acd95b371f367eab35172042568a4e0e,0,1133
e96656c6c95f375a26609f4a,3419,9c89d56c7685bf490e5f587bc355f45f9985cd0b84a4f7ebdc157049ad474827,0,1134
33b0cdbd90f24d16e8686c4c,2232,fb09818c68f750750c3990324d4ecec3264fa36bbc5e40b80615dcac4dfacf11,0,1135
c801ef360de8aa2badb88c8c,1972,8ec87ab66d7503f9ff57bf43a72ae2b23a6ca56d71405b5bc32db513ce2c049e,0,1136
ff23021a8d86162b93b853e3,3737,03c8faa47202a523f492b291ce72672f73d7fb967084822016fe3ed35410e6ce,0,1137
b89bf3d392c9f3d7144ede93,8742,b38de36319ec92cd33f62a465f5ed0f7ee07db3a0abf93972d8eef0feab48811,0,1138
2eeffe2d6031af040df715e7,8632,e067ffa8cb96a2249394e1b873a2bd356169195d2b9f20f9fc7b6198f99f95fc,0,1139
2bc5257ac426991b70082a16,8970,46d7e0f635ceaa0738b113701c843f84e2028a95e4c6a4f23833a37b440db66e,0,1140
e8fcae205177b83670206be3,4818,72f70d33dfcf763db00e22a714a1a6ac83dd5b718bfd292004f9986dda2f1a63,0,1141
2d388057eb2afc5bc7fca851,3770,6caccd3f778e922c21efd30e6e98a45e26bd0d4c0a2c9624d2ad73fbc73f734c,0,1142
2d41a0246ceec78ba3bf0ee3,3391,81614238904d404e5445a691f3db9c0305dac4dd1d3eb5ef34e16e77123c7cf2,0,1143
97f0163f3f1de39b8c945fbd,3002,705e9808a451218708060dbc4356fdb1432074e009b3371dd3d498a581c59be8,0,1144
c21cad1c1af2f2cfc821aace,1668,518139d9689c04adff8e2f53839d126a1af590f447bd257e9ebceb1502e4d3dd,0,1145
04cfa3ba8174b626ed749c8b,6126,2f58ad61ffba40eace276da165f149e51093ecbe77f63c53a17cfaea1dc4d97a,0,1146
0b4ff16bd7a6dd189c63fbaa,4545,d0ca3e8388c23c9d0bbb3da909ab6bc5037b235e935d4953ad1f06131c3a0437,0,1147
60f232aadac1ebacbf6d1c53,521,7a77537985941844650be4e7f99f0651b45adf37def13425389237a6988b907a,0,1148
8220031c29ceb8030dbd49fc,3013,61c2ac2598a2b839800601e69930de477818515f1f2381d1437d2ed7131f3cf4,0,1149
2c7d17ecb220ec2a1d33576a,3589,58a781536b7d161703210af51fd0bb9ecd4e9beb5da0b9e36f55c87460d03869,0,1150
27eca7915e82438b76a806b3,3027,ed471b0238aaa215666311f6bda6a323b30b953312b4fc74761789d083e05ce9,0,1151
ce6cf450f104bdc5680bab94,8174,6517be8a120aefecd45328f9eacb8a0d41105dff3c75e8f470e5eb8fd5152183,0,1152
6e948950a7cb85ce4951143e,6712,ed5645226aa42ec8a3db5d157d7bf4d8356d713034186fec7cca410b40594636,0,1153
00525259e851045acefded4a,4035,146c5a7fa8772a90788e4d95221292044b5626bd459b17bf3de66027a0d64a55,0,1154
d9b995fb75eba9b7ff4b9647,5993,b5009de6d2f0b4be708be0bdd7e2098d97cb2941bf5451f3ac292b8c2dc5a239,0,1155
c37e17bb35577d9f46ef4ee4,779,a2354c12b046a6b8f797ee376aa19df10b946aab4b769470c722fb11db6a65fe,0,1156
03ed6e1b33c0cc3c0b484a29,2968,f524efbc8d7a9bfb8b2a8634e26a169a5c2e10e7a32c01eae120e9f3b8ddb511,0,1157
7642c14de394e0c9a8d71cb7,8297,a5557d6aa7903a76acd4fab4b689b977ed409a6e56b041948e2499bf5b0dc234,0,1158
b259f774df8dd061157157cb,2203,39a76ea25fc5b7b1af2885497d6cc0d86ffee2187377b0a333599463d1fd4b39,0,1159
a7b7487a6811502e98d495c4,5435,9165579a6a4ab690327ba25997033e7a4a3d2f3e301b8c38c64274ca9b7f0b02,0,1160
2366c962dced7ffedd57acf2,1597,6d5506e7eef1d510308656e3ae11f70911118bc38b3992d75acdca63c28e5a01,0,1161
e27d89fa95df10cc0f64e4e3,3855,ed6704c96f52a2ccd6d8a74b2f38b8cda643d653a912849016a11b09b2953c61,0,1162
7318e3ed84c500706cf03a18,1902,5ede71fba558809aadbd66ce11bacb3f73c6b6b15c878aa7e045ce1a215b5f3f,0,1163
7e94ff53196565f25ebb9052,8123,92bae3c6fa0dc7d4120dbe1a0a1ca24742a5c1cd467f8991e5f4ee61a7089921,0,1164
6df34608d840d51108c29ae5,4557,124d5bdb22f52f1045966c5167ffe4b6dbdb3ff67e23d627a95a4a6802ef4b2c,0,1165
3679e7664783d7e9bc55e9e9,9156,ddc0e5b6bf6d17c7747d1ee1c9eba1524b6e55f79bda828009ac36df3b086f4f,0,1166
400512d87162366c3d674c84,1273,97b114442698c8496b9f1f23682daafcecd743670a7450db2660c420cfc159e3,0,1167
17acae5d9870da61db1c29d5,2115,89adcf3eb8dda1da35b7e9dbc2daa58e8a5641ed47de4057f2b74cd73eda45fe,0,1168
435af524627e6f823b3dbb38,1223,b917921f4dd6afee705aa40912e02367fb3819be78291f802faed3c57b308113,0,1169
a33393f669a751de518e663c,1153,0270c96b0c37d3be02145144c847bcea8704b4d377f8f7507986439b147069bd,0,1170
3a1cc6a86986574d1f9d02a7,775,e35b02b8eae582e39960507b1a0860f1752ba05db623a71a3b011666f9490fe9,0,1171
9aa235b2a0c3769733b7f315,2481,82e636ed80df4145235d32ae7319843e09b0788768b180942f9cd36083f53e45,0,1172
ffaf744661525cce06a12755,8290,796e653dae88cc6784e4e65180ca85bf33b8ff4cdcfba15f19e9d489605ef31b,0,1173
8a285c6d8d5b044ab6455a3b,6345,14f1ec8fd0450ac7d284d4e60a7f80e2826bd49e2cb17351bea7c17b1e4cbe24,0,1174
6295e1f0f68b71c911390e10,3333,fa93521957409ee933428e10f9ee7982606620d8c4259594fb5c7feb0fdeff2c,0,1175
891e695c7e5548b2f4f006b5,4456,cbcc19efd7bc749d9b7c5e93f3cf90c4e12ea11f539ffe3242df49fe759e793a,0,1176
107c147ef93964880b8c050d,4225,c5559461aad3cb81e077222dd4e6b6a13e781c486fb2d42a4a780626b5a2c8d5,0,1177
3c60327961b78af4f1ffd675,3654,52101c1b396470487d78027e04ac7659015b7c9ad1d854a8843dfb1180c46062,0,1178
ef89d90e9e01eb1d29b7b789,8744,a0917df7e32fad43b3ab5d8d0351f20a660071a5fef5e66c315af79761d7a087,0,1179
3b992c08fc97691d9a579832,788,c544ec21ca4305e31b8a49d7fe21edacb94d580dcbdf779b0d43e3ed8c5e8d32,0,1180
1ba414d7ba4705051c0f1d44,3408,34e08b8a45adc1d498870d41fc82fbc920a5ef6d9ad84954547091b916d87c58,0,1181
403af1ad5018d0086f3212a0,3812,4766ba1d4a47b807e93d8f953b65edcd3242acdc92733f81340ba9df074f7237,0,1182
abba3cfcec4494dfb7550ab1,4544,47fa873bf3819fdbfc0a677248b777c7fa234d9e3fa81cd52603587fdb7a8f1c,0,1183
4efdcabc7eb346dbd6931a76,7219,e50ef988389f3a537adc0d17c5d2454d793bf87f0af0d81ea09357b3dfb3266a,0,1184
05d66d3f233d493bfe965ccd,407,486379a38330757b45f9687e4de2ad319a8e30456c0036d601eaaf4a175f6bf0,0,1185
e7e7173f03ef819e403ba82c,2564,4716c1216003dd65b038cc18e943fd5f6093c70c7ed70bebd1cea35d412a8225,0,1186
bfb2badb2e2c0cbe17c02930,433,3adf08072bc941c41d272af6504a427914b410b9eaae58ceb1a5f2223b4479c6,0,1187
6fbe7e7c46aacac3d9430711,6175,7516d7e9ed6b0e3580b04364ec1300f2dffdd165f66a76c4804b2259786bf90a,0,1188
92073a7234b3aedb57b81a86,8534,e7ba7d38b07e74d6b1a2a764e5c0d7e8fcd372b6e4c8236cd04132368f84ff9a,0,1189
0feec545fdff0b2100ba8581,501,9312a731e2cfb5b0e799a8f09822ba0d0cc0e10e4eebedc2e257a704183099b6,0,1190
332822e52ad21aa453edef72,8531,07ab5a24c7aaecc00b3eff5ef2d8ebaeb5c30d62b933fdf59452d961b7b0667c,0,1191
68df6d6a66a65b9e8a81c9af,8222,e2f1ab956801d2d90cc4e7da7053e5816705325b919cb6eb1667d6657e31cf1c,0,1192
ac72ef464a473c3caf682c78,5102,850317cfdd8e94a31509be9f09bf8389c71991f66cbd2a92f69ea4f4a68fbcee,0,1193
e1d275fb575176d3f1e61d2d,3454,70b81dd1a361671ebe0eaa57fbecbc52b95079706c6bb47b7d5c00c2d603c58d,0,1194
321a03e30c26f04b546fab5e,3544,398376290ba4735577df56f2e09fdf63dd9b7d3fce570323bb3fef9eb70c89ef,0,1195
954bbdaefc2412c6f0f271f0,4642,ddfe403e85f044005dc3630587e3f3198d7cc68ce9b1f2ba0bd2c24f958d37ff,0,1196
ecf7b7c3f593de078f9407a0,1486,7c6b1198853d120a1bf6c0c67797df45d198768d08c0f3b7ab4089ec8f870fd8,0,1197
23f2685d9e36758125f8d87a,8312,d719ceb4c0adeb756618363b4bb499b49b8ba09eb4a097aeae05dc568aed1237,0,1198
010941e82c89f06a09cb9de1,8058,d6ad5ea9a01fd0b21534e6b8eccf916232c563af9684869a47fcec38b0c3f884,0,1199
81409e095a9873f61c75fd7f,6469,803365ff3dece6f15d775756d663b0ea0e17e9cd03be7749dc57b60da35e70ce,0,1200
fae316ed1b94fe2bb80c0fb9,5353,c1643e466ad82ed1399837245b01e2b0dd85acdff7509ec99dc026f1b0cce7de,0,1201
7d24f833b42c98f0c573215e,82,ac63303f1aec9fcd7316a21c5bf8fdbff3a224806f43d28cc27f64dd9874d431,0,1202
c076403a9611bfa953f07c7c,5701,ee2ae99904a7e5931b7df93ab670f206ff98590a80cfd8efeffd7bf6ad1cafcc,0,1203
38bfdc0507416ecea8e42393,431,7b732554c57332bca72c4babe2094e43f82cdd314a56ccae13c14f7780c1125e,0,1204
027a766eb9cdfff2d752528c,2414,9121b232321394a5f0a3d0c3f7e8557e0dee2ac273211178b58a64621019c510,0,1205
e081e445b6cd7453ed3a55b0,1903,dc720b4b0435be976b736f67ee1a3a0ddaafd113dcf04de27f4888816d38f108,0,1206
8e3e1bf5d86750b3845f2496,8106,e2bef50452b7818d831a6e9a8cef8c9b140cb89439273392bda47252f1b22cc2,0,1207
30e1594f6a74f50afb8114df,1515,c7a2808a9b99f8b32a3a4e35801a7373f779b2a0084ecf17c4896e0d2930abf1,0,1208
1d9dff96893b7e3441a31bba,3937,51596197edf3346c29eba1d87177c2a4562893f84d5da9312965631425661405,0,1209
d7b2bab372ee224365806156,4985,62a7dfa2b151350e9fdcb5b0d10fc6eb3fcebfea6c914ee102112249691822d6,0,1210
6f8bff3ff7f4a6115c91f745,1804,63a420d18d010635c456da4a5393ff5e8733bd3b4931363f1fec8cb928968832,0,1211
1e031fb1c6e0478e6985b7ce,7719,155ac964875029c6337f44a8219649589a2aa4814ef1a4f4ee1e8405fdcc6914,0,1212
5bfc15e041f7fb7540dbe35f,7005,8c9b7883c3034eb0bff78f07a07946c06d70acc2111c0cd68a29fde4b3369694,0,1213
448bbffd2e04ff0c16d780d5,6448,a1bda646429946c9e925a99f206d89bbf5b82717af33996ab28b38435b98574f,0,1214
062c83d419da448232e30a38,2732,f21d1f33feb0108a00086007a0f9d9b4b05f1561cb19f5d820f4e2ea92166ad7,0,1215
922b1089f9772024b0cdaa53,47,0a7970e5f334af440b077436334d266a1351dc5da7ea952ba0615e0e0a01700f,0,1216
acdb6a4d35c004b92df1051e,6182,b192c23dec80a42d8baa7b174463b88b58dc3ecd80482470e29de8eb649be1d2,0,1217
ac471805283ec4cd792ba838,415,50b97b10f311dc52e6d50e906d359c4d0638cf157484c46eb5e518f2186dc623,0,1218
6156fb091fd755d21fd977f3,6603,392095bcd4f593f6d4ae0a5c4a3d61da27d95493c7c2d5e0dbec18d7645bf396,0,1219
42353b9f003d2f29295f7570,2544,58bd6629e8ad6c72bb64456b46e88d361334dfed6bb2f6710ea9a27a7e52b2ed,0,1220
d447e8bdddbf3bab6660ae03,7519,983e7bb44c60efc98c612cde1032e8b105c456ad8c46209b2feb5c82a7b5dcee,0,1221
999be64b115b92dd38282b7e,6593,a262875d24a12852aec2a0f51755c7342d626cceed16a4e2666b09fb4092526c,0,1222
0e589d02ed19428a08b93c14,2803,bcb810987cc606bc27b4087a12bed8a92e23f038da434cce78b5bd6c1dab211c,0,1223
b4ce125f62de3ae227aafb25,6618,84bc1bbc7f89101c681c39b87e5bef861e6a2a741ed64cdae9178586e71e9fb2,0,1224
8bb8e2d1fd7d556a2b3f7ea5,3624,d58703bf836e6f5b84d4c4d4f502110dcd23802285c22a03c4b85a615aa5e554,0,1225
da6d912b12ff600058ac095b,4444,716eb5805ec0f34ca29031244b725f2c35e47209f25735786ec040e46385bdc7,0,1226
27d7119c4b5c069aaba38d3f,1565,6a53840a04be9eb720f94af2cfcea7134840410629407f8715259a23752ad33d,0,1227
40b4d29ae7f7e7d787e2be8e,1684,4fbbf5f84267b26deb2c4d2df8a84f391c1f05a41c07ea23b55c8cc191b9240d,0,1228
e54251c18963da9627949148,1177,4c1e2035fdca37e63a16a52f4bb6cdb0b6047ae24fc2a5c2c7bee8f25cb75431,0,1229
ff4175cbf9aa2220b0f474a6,7161,b7f597a58d94d523d5c626b502db529e60bbd22378bd127456e841e2236586e2,0,1230
65e3df1599b6a2d8586f3c97,6048,059b2f292cde8ec887666b47b7a9244637de30c4f2c42723c522402e59fcfbaf,0,1231
e41e57b8cf498617d26f506e,1497,166dc4cf3224c3c2f8bbf765b5322917ca0f177446254030752a22fb486169ae,0,1232
873f273eb0501044ca34fee9,4438,0094b9b4212072345980379990d1a6e00e8c00106017c3bf397d9f50ed1fb17b,0,1233
df94cae5e4f686edef9f7304,5468,7a8c38b534842c743cc0c309a68fad0ab62eb51a18b183e86ad34a7aaa4548cf,0,1234
3fea6a7a887896d470a6fd58,1287,b484899910a45aec31574922a89f9e9d3aa378b8672aaf00eeab9d4c3fbae0b2,0,1235
7e4080c55ee04a211d42cbfc,2089,44d38ebf23f226533bb0794510da3e92885bd8fd22088f8b5a17eb512e67e762,0,1236
a3ff55c25dcedde42bc43e73,615,14a29a1fa6f2cf676c67cbf4ffcb6569a55a4817c535286d96de7c5514ab2603,0,1237
1fb7621752c0218a55bd1580,8882,254aceea1e64fe43f9d5a4b1dac287eff4b09a1ad07bae8e8d975a6becb2ce0c,0,1238
f61a040164229778c44859e5,7586,37e1898cb4c4e41ab7a9149364c68525325737c8596ae55ba735835f6f47ca5f,0,1239
4fc62697f975856c4363c54a,5842,20a327665004b98a3028b2a4f1ebf8f56b44a54ae7e48c43a74c21b24ac6465e,0,1240
4c085a699c99b1ff4d1d274e,5080,0decd0ed8dd6d7dd9dd22a882f6f6d1ca7179e5473501787dcb857026e472e50,0,1241
713c7d6eba2d44170f82dd0a,4926,2fdb63242f01f9d39b0f8257bea02926d3edb210fa6d685d9bcbcc65f1f88e84,0,1242
4f1b907f5e7326f60fcc2cd6,7896,2e819614523a92d957557576d551ea346c8a8bc750a6598ce31224c5bca8c1d9,0,1243
6f9a128a09785ef736a84cc2,102,31b8b25a0af965cf6dac32076dd328f0053f7c5f7759bc793ffe0a3ff1d0b049,0,1244
aa77816f5d157acd215a55f0,3368,b9e3ca6bd5f3230c36de5210a159f4b7aa0de4e852fa279166c07ba89e022a69,0,1245
d18d9e529e4835b51d4a2c13,828,063c81ab4bbe5181a537224a974e75e5b9e2856a1c94004af742d24181bdd328,0,1246
16b8f98732a6f5d9e394a80b,7871,87106d33fec3290dc999675ebf2792a63123f295724e0fc5bc05d26c95bc260f,0,1247
6bee0269dbb78510f9a98be7,520,3cc3249a83595ed0fd90bdc6a33e51944e8c1f10bf6b1b55455940e31f91747e,0,1248
f301e76957be03f9c0e41e92,6923,9534b3fcd93de6653915831af5ef29771e3d35a02c417f2d910d6a09f4a8ecc1,0,1249
90ebbe91f44a7e6c16178e10,6522,6bae93d88feb3f7c47b03e228c4f52304df2ad7e484cebdc655b40a406bc2930,0,1250
6739f928b8ccd0b9ce991d31,812,e174b97fbf92bce9524433a0c455ca019d67bf2760352daeb077360d97a4125c,0,1251
4c577afff1bb4d64fc9b35ec,540,5f1e2fee483f0b48d864945675576782f4bdc384f5b5d1f0ecea0f777fcd3952,0,1252
e59aa4570486e2b0029ae62a,6657,fe2bd2d94337a1b51dab37fadb73e4edf4de25a892574fc02b1b6d4d1446de03,0,1253
b4d6f2eb72b67e2393ca4cf2,1282,9dcb3d49e02653ca74856143a4a346ac172842ac5c3505d3be985e1c2470e4f3,0,1254
ee9ca03347bf8e6b306358fe,5931,b99805bde492b20a48dc0e51b832b2ba858609e7582c53f034157714c876282f,0,1255
4bd016e5a39e48fe73a8f137,6841,855381b360c5607117759dde4aaa08bda31503b8726b805be71434dffff7c4e6,0,1256
d500efb7958b055167f2f91c,5232,8873c75e288640624ae38bbf214a7735005bd365cd4c69ad50349c9cd9cf0280,0,1257
fe1ea22380e7936dc5d52f85,4704,6348bdbdc11b7b34da6aa375e463173629b5f845358a256f7af67c2f3fe494b0,0,1258
9aee23f13fdbdec0bc6fe097,8376,491b2dee1d730470ad25f2df5312329b26cdd1156238f161ad189b8a7d5b6c32,0,1259
b3673cc7aa801a17938a2e82,6853,68914a4e333a430d65231a32f193bdeed9992d8a2cacfc266085cca5195b1347,0,1260
7d06fb6e181427510f79108a,823,c86d50bb2728ce84f20334858657c3abb32d30ffeaf3b41bcb6cc268903c552c,0,1261
333dc3c5224f53b7be717bc0,1398,393d698ae7ab4415483752592ba46eb76be25af73a6e7a1c8dd89252ba20e3fc,0,1262
d4f81782f0e82439caf9459c,1562,33a5e27f645f75116a5af1b59fd8c8d9c7b6fe3f6d4ddc4ee628ef36b947cdef,0,1263
5a7c7e04087b17a1f2c5dafa,2832,defd32c2885c59586258793de2329c057427bc98dfc4cc29a9cf961ecbcb509d,0,1264
922bb127c661542a37e204aa,8381,f57995255c90dcf46f0ce0de69a6a068c0f5809c88ac5d388659136200f2b533,0,1265
6f9b93e68a3278561e83b290,3996,2757ea35590ed56c94552023beb858c6c214a9ac5af03fb7633a449a4ac95402,0,1266
a57ef87d7df5bd5b3077e21f,5239,95e9726f2413599433deabc9ae7f6f7adc1007baa6428d37769c407b76e7eccb,0,1267
731a77dce1070add23c75f86,2912,41cf741707aa65066f7aa26622bb902d9a220a27adf4acc28351337bb25e67ec,0,1268
69ebb75da8290ba3c5acf5c1,6406,a5c770a601f6ccd1b9b72b45f90f1760106cb62720466bc0107b8a1a7f75fcc6,0,1269
361f09924d18e93bb406cde5,2634,a95b19fea66672ad59dd9c7a57b3f19f47ce00acaff25b85e9543fd1d200d00b,0,1270
05ea8d3905d63b437f7fd228,4786,5caeca38e205d4b2105e25df12c1a96ccd78d5c435bfb46046b2c1b43836c0ca,0,1271
14c9bf4e970a1465dfb079ed,5018,e69a83da0bd7bd42161846a8aa354805471b5e51f4bdf390789d24ab4d225cc2,0,1272
6bdbfcea46c0d9032888fe1c,4250,367529b711799a5864c8db2889596145874d2cf4426f03a330488d5e11c6db3e,0,1273
8995755a97afd197f2e38712,350,1e492a58bc25bd9b36c3b30353d829505c2f7312e46544e4731f065995b3d705,0,1274
97108d41a15a78de8b47c78d,2147,4e2a94f816da22692dc8695163995346bc6de614bdffc59c21ef7eb4bd8b98b2,0,1275
6df0d39f142022bb5ffeb382,841,b9b33d1eacb361bd7c3341605292d0cb4dd906770d471f2e724c82a0205ffbcd,0,1276
2c5bf3dc19fe14141b89a957,2376,53e7ac975fa4e1cc746db48308494df701654166a30254dee082fcc16312c514,0,1277
bab6fdd1f0261d0fe762b564,1630,f5d01f5707290ef7a48c6c08593ba989b9c9c3276e5eddafe69357c244db4105,0,1278
778a3994010a55e4c0352ad5,2186,c331b4b2ce79e7cac803045f0089cf3b9c6b8209f8585229fafd19107851cba4,0,1279
6562658e989fb02da93067f2,4489,95b3994f65fb03bf7f4e78db186ce25f8c7a44dfa0cb8602ce5becbd65cd1dd8,0,1280
47b4fb98964137eaeaa43efb,7922,ba172f4a7ee890e52b638bb1ca7f6fe823165ecd0f882d53a491e3152ed93046,0,1281
0dd17334655dc44f62d2ee9c,4014,c2d77518d9172cafdf52e19a14f2c6f3dd55924f187a2c4ceb56f77ea05cab66,0,1282
f8a9212cabe3c86cd73a5c21,6359,2712baa53d3c5157d988b82d56e9a02694b535591287731916e38f63c02675d0,0,1283
59c2e4233ce90cdd704723b5,67,c0b51ba9228905a2e94e3a62d0e8d497b74a18f8198402d5b97eeb1803236754,0,1284
ec86b300d46aa4f61f54a80f,8168,9455bbb52c2e7b90213003558752681780af120ec33f373fe9284302f3f6e9b8,0,1285
7651ef84cece289a5418b63b,4567,acdededebf8e4e8be0877c84b3597584fc50d8099f108ef935d90948ea9c9252,0,1286
6f2ad8046ea9cda177d3a66b,7933,1799c3c0bcb925f258ff97b830a7fce0357316f14979b28792fd4899ff8ce8fb,0,1287
9c9e94d6d5331444c32d801d,1171,8821b2a7a6a3be2b3a763ea48cecd9bfec9af05857a446afb9b5b38cfa193660,0,1288
89007adf54229afdb25a828d,5975,67ece1f36f614eb8699ddd10774e7e98a8b7c80728a968730daced9f1165c05b,0,1289
40f8198643d8ee70437ce8db,235,1920e14431d42bbbdefe8132340aca83ed69af3db422b2ec78d6e31f0c58a5ad,0,1290
6675ebf0c899c057a82e5c4a,946,e807bbd2dbefadeccb0e24c275f33b4d1bc9f09b6647188b4ead46fb8cec1048,0,1291
fb092409542ddcd480c108de,7842,071e9934464a65354fe43fbe1f41832916d2656df0bfd09f104f7f3475b9fd53,0,1292
7e2289d16e2d111293a10e11,1822,79512fe520589eb0faed4af3b4e1315627fb247ca907f870878a155fd5ff1936,0,1293
213ce32a52746b800396c70a,4079,b141f8369e9f9d7e5e21c4e053a126cbfbc7761d7d8a6ad20fff6463bff6b5d4,0,1294
0986ee0a798b76de179a7624,5850,0573646a1118c654a3157f7942afe3206317a8164a9ab26ea75dda8c7da7402c,0,1295
881f8c7fa3c27aa65351a6ad,1706,21f0ccc7e5c8a411faa0a334ddca1497d8f70d8934c902792e9151f29ebb6909,0,1296
449867deac0f764406b8e150,6850,f974094a7474ba1c02d6748f28c4e983b2c8cf54a0e8ca3a211faa7505a6c7c1,0,1297
6f3c28f3cf548b371620a3e3,9149,c3639644cb6581f01c2eb9a24eeb72e29b3ddcf473a36e7e97958f47bbc8639f,0,1298
a0fb26197837120e2ee0831e,1697,b17aaa9370d171ebc7d8d99f9e8be880e9cb78906e6b1b4c7f106677a37b5e77,0,1299
0a4bc652eba30587c085ba73,1868,62980d317ee3c792a7523cf714d92a82a3b340317e5bc8b7a7ed03ab9ff8808a,0,1300
a99e28d453710f75091b2071,6562,0257acd6f45c5553de2d7262a8128ebc217df7fe5c6313b9504c373a9770b6fb,0,1301
65aecfacd2b842f5510b27dd,8137,f3c0b3163015cff2af92ccdbc873ff28c02e23a5ce100f2dd82cc4a24921e7a3,0,1302
a1cf500406c6d1a5a6d22c13,2705,d9fb9201b6ddcb84d70d11240afa34b336ffb60433ed5327c4a54e373080799d,0,1303
fa22dd4a9dac39c949046810,4052,a70d85cb463b5fa0a87e6f0367e38f6958ec7dd65d7c03f37d9cc1e5319d5afe,0,1304
f55f5c78170b8a808d6071cd,5012,a4fbd1106b15cfeda1555b6fbbc5d40e2bd0d88debb01ab2ff378e78cbe8f9d5,0,1305
bafda0cd49b4826429973b5f,851,283b9db47833a71b49ea579d44edc5919726f961a1aed8c7023491fcef1de8cd,0,1306
9190758dc92835c75f079273,7446,378b4449adc3aa925075a0227c35e6e9b24f379424fffd44da10b137b179f996,0,1307
bcc3850aea482e9853f76215,5178,5a9f240663c526722b76816216ee923fb7ce3adf5d2defbe8251ac180d019377,0,1308
47f49e5d67a63b45f1f9aecd,6865,dd62746ee53c9636bc073a4bd692e5e78bac766aacbf30a3069dd9a6da295e0f,0,1309
b9e025aea14b01a9683322c0,8328,c59ea3691c1ca174a25f936068179b07250e52397446a9d7b1fc42a96337c705,0,1310
14fd41faab61feeadd1f5945,8669,4b5d4a44538e06f2fdb1350e491cf7071970fdd91a2851849fd76c91bafde2bc,0,1311
fdd242a6acad6e505edd6c24,925,0c0e813b792b357e9aa809e2ca3b5d2e6e40f03b836921ba42b5ef8796f68fa9,0,1312
3ee53f5e318cd36b9abbd64c,588,5c264194e05bbd693362a6d0a40d5d2cf0ee0dce35b6b959ff485ce38e6806dc,0,1313
f76366ecab27eb72fc4ec5e2,8966,1913b0c5bb72d45c3f20a30b87764bd885c798e3add608e219e2a5e580954597,0,1314
14098e11c1dc14290651300d,7320,6be62857ac96c21fe66da4fb4b7c340908592058212e2dbbd6f9a87cce14b739,0,1315
5e8cd88480e0789a271cb09b,7975,ecfa162fe20b0dd12dc79f5fcb6a7a662577e2dfc7fd76e535b65fc1597d7aa8,0,1316
26e9ef63dfea6f472fc269a5,3224,b06d445390225488b0105ca11dd3997d3dcc7189067a79076a97eafca677e2e3,0,1317
fd0e30b3b2494b3f1dba5955,9022,cb2e3aef982af37605e4bac2caf33c53e14271b1f64774233010f59b07a525e1,0,1318
a9afcbcca3b9c5f781d91874,2804,26c9a2ec21a3d6554147c763d3a056aa20a952d14724ece0fb28cb12f05051f8,0,1319
8437bf94cbf01c392e46ac71,2635,b271c2915327bc55b46c951c1e9b520c2815cb67c6ef6c093363761241397355,0,1320
8400633188e6b3e879de90e1,6780,b928b8529388bd79a9a1ea79ddfe29dc319e073e4d3451b79eedebd25ccd1899,0,1321
e1ece5451b8d332e182ce21e,2645,151f387584ab2b8f11094e97418bed85f511f54d8b7937a3090845c5f154c70a,0,1322
3c793aeff9bb8d074ffc9f00,6500,4a008aee72ca101dddf8e9617a16c995ea3db58bae3711a7bce79ab18be5f2b5,0,1323
8a57b985c3ee55fbda5c1f28,8556,2046a11cd5128e3ed8270e4647335e59e223d1e6b9f8862729ce675b246c95d5,0,1324
cec470d87539533830fcc14f,3334,6df21da273bd541c0eec2d6196c1c13f12f6c6f9a72ce025b766c02ededf427d,0,1325
b36670e5176418a0dfc6aac7,5301,15b06a949bbad89a4e228063c2e5442f25f702204b43f623d20e73482b3fe8fd,0,1326
3da8daccb889f49bc854fee9,5185,b752ed3113d7a2fadf510a860aaf78d77ed9eed396b27a5025995860b33cfac1,0,1327
b84e7b80827fb0698b73bded,7278,5904c488136acae9a54581df5b1afc04db31ad9da3e5e5440b2149796cbbe417,0,1328
815e1d8e01290e5af8a5e102,5039,f026bdc9a0efe2631e3f6f6503512390049dfdb0d8676365fc3295325bbe4a1a,0,1329
39a680c33a95843033cf519b,6060,052a3f4267519e04caa01815b4d5b124500eee1109bb8670b81daa821f3f612d,0,1330
ca458ab0dd8aa253ca371c11,8443,fe4fb903d7971f6b65fa035cd3bc204334e4ed1a4b4dcb5dafdcd92b240b5182,0,1331
6100d5084ad927610aa22e1b,580,9e3acac84037067af43040ca6aee58076b241fd8b9c7b10105493ddc3ca7af14,0,1332
ccc9f27df4b3895b376ef5f7,8879,a54faf9dc5c1b62314c3a084761fcd67420152545e0e098d07467f05285082b2,0,1333
4c8d1cec37c6509c95307408,4733,ac21b0942f808f538041630ad8ef64e8f05fb7cd2a27ea7e49d46b3ecba700f0,0,1334
e797af1d341bc3bf0296f706,3075,9b484cf7f80cf672dcd8f9620113b130e8cb8acc3fe6fe227ac2de013558e486,0,1335
2a0388461f95e49533a89e51,3248,f77301f1b11ea8f1f0270b946b9bcebce56c4c313b3ba06f657641f886eccb18,0,1336
150220acc26ecd24f7c46564,3819,530ae8b61f6af4150260bc0a3bdb9b2df923b86f32fd2b7ef27e7da06be38e74,0,1337
b34a14a0bd445ca6e981739a,230,317d1fb23d841131f5efdc6bfd4989c48462adbafd38e5641cf395253abff0c4,0,1338
e8dee2a11e17919da5e5a896,3293,6b7cb82f47eb0805b2140a21ce9ff94db5514ab631017c868ca5494c4d402749,0,1339
eca436110f7850258eb50858,689,5ee44bbd1e6128fbfd97afc8d4fdd2b9dcd87c2dbf38d1d4992077ff1cb3513a,0,1340
a050ee8598bafd3d281745c0,8985,7c381df4ea44350473e1c4e7c67df4d4b92fbb2f0fd024b333bd5b8c843a7937,0,1341
51f10dcc4f58a821bb6a7f28,8246,378e8a0e7072753c7e39159222f1c0abc3c8c34ee6672e2862a5e77a48b3c2c5,0,1342
badb0c92ad0d6c5bd1a9ddce,1,551a9a41f6b9507273e6b1a4a74b29e5d6f4d8e427c298352c08459ca7afe460,0,1343
e70811f44a5279ac6f51f85d,4617,5048ca155395c55396c5566bf01ffc03840dad4377d8f1ec2989c97a7e29545b,0,1344
5bb8f76c29579eae59e20f12,5151,24944e676f02e5c1d9b2a43941e9a1987a35db770a5cab661ee359853cdb7db5,1,0
89acf0f716f62552eac2af59,5266,a35581cb70d823b98c758e2d90b898133a97111e4bfd75f5b33f0e7deb71527f,1,1
421bc07f80e5c3bb04fcd162,2570,ec24b2d2572873e0f79854b306d329b44f2fb51782a99ab051dca741e0cb2198,1,2
6450fc97d42eaba6506b3bf2,3808,a046865a6efbf322919c9ac23951ef699f0d055a1491bb768edfe4ba222286b3,1,3
0e90d00a5bc6fde7893bd181,5997,b469cef86609fa2e30f27142c157a619facbbe226b64b230a006c67ecdf580d4,1,4
1a00bacfe557b458a5444912,3241,aacdf985f853c03e95d0a3ae56eb58411c4d9f0ca02be14bd2526732922d1fd2,1,5
366e5055278681367f2de6e6,8721,50fa5ca779070d925a40c17928a3c889bf42e912b6e4715f6c1d2864f3eb4f3c,1,6
d8838bb0c4b10d0e4ead2139,3321,d812acd83cea38c5c9e81ec05229b95d1b18fa19f3958f1de524d56e3d92cc6c,1,7
9fa81cc2e15baa58d4911a9f,8654,9372aad9e602bbce3eadff97c6029773b741c73b0849b51df2dddd9274dac1af,1,8
38322d4480db45772cddf0d0,7150,c9086215f05e2c8a54ce312d2302f096a3d88aaeb90b23bf06ab847e76f73f1a,1,9
f012981a5b46d1e7b5ba3d05,2829,e3220ff1f72866b51e171ecf2438fd9dfd49af62ba75963323bd056be98ec6fd,1,10
398387f428733b0aae277970,4271,2c2e392415077febf1f58bcb4f77caafb3468b743e3e91d6a2ea1ea94a4f20bc,1,11
161c9ff358a535aa742110df,213,52388673f0ab53ffb32cd8abd4ea06c1b9a7760ecbd7226e8307b2f09588c34d,1,12
ed8f22b7b2422c9c5a4607ed,4721,a3d2f26dd5cf275f3e71a70fb9574f3d6729b72206f4ac15a5abb347ee0b0440,1,13
e2fcb46c9e605a0f21d02ccc,8674,9ada8632f6ee65d3f5517ad89df908e4f52564bd43a55c85b4c9234cbed7754a,1,14
a92097a274fca924dc22e9ab,50,1e071d2dfa648f83bb69c5a7f304fc94b253335d9735e926cacda5e6d64c8c46,1,15
850e95a66fd94d2255ad4943,3582,56cd559ba5e475d9b05b621bab43f63222b41ff38cefc007fa1f898ccd599da4,1,16
28b1574924d4844df5b7d0be,5211,a2397e01cc3f8e565d414ad1985c9d95808b373b0ab4e753795ea168a28f5964,1,17
4acf229d8a4e6b34fd434e22,8606,92cf6380372c161f3cb8a804f5d0dc977a9ab0231a900b7c61d3800fe3058d6b,1,18
d502b8a39ee00070bbd7a402,5958,acd56cae8b4ca9eb15b4e84ac60573d1034a7518e921dcb52eaa7d05407b95f3,1,19
8cb86da62c1c710046d8838e,7188,8bb7d2e2c88df3a9cac7eff055528d45f70ab56d3f5c9467220510a80c3187cf,1,20
2a7ab1fa0146a2eaf3068b6f,5250,457d88245fb26a7d7a90b31312934b5e62afe3292eae47198afcc5d3870f9f2a,1,21
6bd6bdb3e540933020df98e3,764,9f846e57e5761485adb7fdd319e23e43aa3ce50e9cfac29127825009515df58f,1,22
728059db2da31f3bc2c59c1c,3146,3d8aa6132a2bb82d4e766e6ca3091369eb492c6aa0abdb82dca28c23340dc62d,1,23
7572e7c01c9166dc9921baaa,409,c62b260b63c27488c7e576871062ebe83dff3c22fc850c54532eefc6da283dfd,1,24
011eefca0c0e1d7b5bb0fc61,5548,2b20163567d41d31ea5278e0eaf3b1f3cb84639185a024a1892919fbc257bb5a,1,25
01e31ed62ad43731b50cff59,1956,82cbec17f84ff31bef1de2dd1987c6e108e8b5ad5e77deb3c70ab51c3fe78e45,1,26
f15dd67215968e1a1176eccc,6727,eb4b1e1c662bb4e6250dfb090ffbdef8d43718836d38d9856683f076605a601b,1,27
d782e2a756e9512f20f3b96c,3822,284e6a37311142831c8178abcc6e855cbc72562219bd648e7349f243575d8c67,1,28
8bd36afd430bb2d5e68063f9,6449,e4824e68f94df32436f4e9c3d80edf9f509f9022b70c69d0d846a6cdbeb52079,1,29
369f23489d2f7e69e588469d,6046,b5f4069246c3b2e807d5a9edd1a7c82a7a799dfb83e09655ecc6924a17bf49fc,1,30
42a0f6eb6c465805865b9a58,4449,ba93a0f342b74a7304b837b527923261ca71bbf6b22f931b7e7607813b38c39a,1,31
084fd2a8ba6f76bfab07c677,8169,304db13ae4a85662ae8a7cdeff3fb4bf126944d624ef07bfe57cdb2c98c99a20,1,32
0e41b2f3eb185e79a6a0cc6c,7183,1f0e2ea51ad8d8646ff3eb919c8fbbe2cd0f38d7c9f93910ceb82222a5139242,1,33
fd6d47f9ee35b0038c7db92f,2785,418c11485d8d659ef5f06b7c697b5c3b854ca5402c8ce94fe600309a169f532b,1,34
9448be10ddc280fd77b7d51f,1215,055c07367583f2120d4f554ba19ee4c415fa30358b1606a7e941af2ff552b62c,1,35
12a9d33c2feaced1036620c7,1960,bd4645715b8bea08c4c49f435cf5da283b9e861b6313b693c04aa5b979dec50d,1,36
a44e100bae77a8d8f9e65d47,1856,ab867bd366f2b9879978185e3cd9b5a1ae0b4a1ce5e3315e190f7f8ca45f51fc,1,37
23f872a3d8a43b73aaedb8dd,2697,11a689521b0e68c85ccc4f72a9b0a77ad69436f98834028c4fb89f923ae6ed6f,1,38
26809c0750a1351dacd9ad8d,768,289c4da8a3a5e0d2018beabc7140ffda53641d7e0486548d056111378bf6b5d1,1,39
a918116cf8084031a0bfaf1c,7120,95c807bd857628ca892099eed20c52889ab00415a88074c593b6913744e25bac,1,40
26f6972b9b3e47ec3186e52a,1780,e030601a1ae7a8adb3ca395921d6214148862e5cfad6f109c3a2de045da5c43e,1,41
f4a660299bf87cca8b9f33f5,5795,6ddf709540c3613da7a103d84906222bf7efb31939cdede6f83935c3ed16db77,1,42
346d67e79971f7f59a2b4d58,6156,9db5b5bc7274f8d84b3fb7a1d02a6127b701e606685fe04963a748d1ca6d2b0c,1,43
3212bf1240675ca67b1cdb4e,7838,f9f6c6b958d885a591283fab1f50daab8c7695a1cfc204bc2f180dedcc0dfb55,1,44
51338518c444f6dfc5c98e1c,5941,aa00c3fc3c792b65317e81faffdfbfa2b5c73123e77efcf730ae4ac5720d9df3,1,45
5bdb9698f897f82fc4c39786,8645,e5d9570fbf756474e29ac6f51999382c9f95066f6039be026f9dceb857c1fa0a,1,46
d7c6b648886a2870aeb1ca8b,3663,40a546d89edeab996664adbc68c35ed7a1593589e98c2effecae2a64af67d053,1,47
f83d546c72b55fb01404ad21,2134,715b4de269b429e8161976a5b516e716ae2411d7096aad8261f4f99caa5f9d38,1,48
36b6f29821d695f144d47a15,6457,2837532c4ccc04105909ad8c2f93694d4a3b536b69cec5b47dc55cda33b2dce4,1,49
05fa16715f72ab6889e79546,3887,d261a795def183245f02822d4cf1f1314a313574859b3482ede2ab672e2b9ecd,1,50
3a0dbb07023c69b990d7f334,4184,943bc33168d5c58b3953f5dbaa278d439cbb3a6f4b6623d76282432257b71a82,1,51
e50b79c89b649169e26ac450,8763,375dddb71142b84ee70c47b6fb45e2fef52ad39169146fc5df6c419de21218bc,1,52
5593ba8653aa9fab355abea8,2861,803c9fd6ee980e1e8806e5ca6d64dc6e6d33924e949f2572dec9e7a3ad83dc20,1,53
693458056fca96b29afcff1d,3331,3cd9bc3059a835acd0cc15607373b79ea9b903f5ad78d1e4a62d65b0c2e95352,1,54
