experiment_name,experiment_id,ratio,similarity_condition_id,similarity_enabled,similarity_lower,similarity_upper,metric,effect,analysis_complete,dataset_count,repeat_count_per_dataset,mean,bootstrap_standard_error,ci_lower,ci_upper,dataset_mean_minimum,dataset_mean_maximum,positive_dataset_count,negative_dataset_count,positive_repeat_proportion,gain_recovery,gain_recovery_reportable,gain_recovery_reason
Binary Matched-Size Augmentation Experiment,binary_matched_size_experiment,0.5,OFF,False,,,macro_f1,delta_synth,True,5,50,0.022452265510591735,0.0008710349007701913,0.02076404587966028,0.024197043318048544,-0.015975288221576112,0.12552559182906248,3,2,0.532,1.3450687830674461,True,
Binary Matched-Size Augmentation Experiment,binary_matched_size_experiment,0.5,OFF,False,,,macro_f1,delta_real,True,5,50,0.016692280568276267,0.0006973148009920163,0.015337627505030187,0.01807499575793176,0.0020583253311089456,0.056131432160999896,5,0,0.896,1.3450687830674461,True,
Binary Matched-Size Augmentation Experiment,binary_matched_size_experiment,0.5,OFF,False,,,macro_f1,g_real,True,5,50,0.005759984942315468,0.0007032759852603571,0.0043717513527918505,0.007138861349048445,-0.03101752240992988,0.06939415966806259,1,4,0.316,1.3450687830674461,True,
Binary Matched-Size Augmentation Experiment,binary_matched_size_experiment,0.5,OFF,False,,,auroc,delta_synth,True,5,50,0.0014905200494493567,0.00023123211259036962,0.0010411636244606524,0.0019454681143725252,-0.000493395463077333,0.004527851458885952,4,1,0.636,,False,
Binary Matched-Size Augmentation Experiment,binary_matched_size_experiment,0.5,OFF,False,,,auroc,delta_real,True,5,50,0.005874160621910916,0.00029187930028044736,0.005310225640650602,0.006456654002780682,0.0009798992673992646,0.012947816506410253,5,0,0.928,,False,
Binary Matched-Size Augmentation Experiment,binary_matched_size_experiment,0.5,OFF,False,,,auroc,g_real,True,5,50,-0.004383640572461559,0.00026465377980685483,-0.004895310920867683,-0.0038560478224429783,-0.010699419070512821,-0.0003838884069147097,0,5,0.132,,False,
Binary Matched-Size Augmentation Experiment,binary_matched_size_experiment,0.5,L0.10_U0.60,True,0.1,0.6,macro_f1,delta_synth,True,5,50,0.0195916807287349,0.0008381087146675302,0.01795529972311821,0.021257342144258742,-0.02402464101442165,0.121496145147101,3,2,0.492,1.173697066053931,True,
Binary Matched-Size Augmentation Experiment,binary_matched_size_experiment,0.5,L0.10_U0.60,True,0.1,0.6,macro_f1,delta_real,True,5,50,0.016692280568276267,0.0006936316596571569,0.015351312165643515,0.018063345675474282,0.0020583253311089456,0.056131432160999896,5,0,0.896,1.173697066053931,True,
Binary Matched-Size Augmentation Experiment,binary_matched_size_experiment,0.5,L0.10_U0.60,True,0.1,0.6,macro_f1,g_real,True,5,50,0.0028994001604586302,0.0007106076506285282,0.0014828696255402294,0.004282843706663509,-0.039066875202775415,0.06536471298610108,1,4,0.304,1.173697066053931,True,
Binary Matched-Size Augmentation Experiment,binary_matched_size_experiment,0.5,L0.10_U0.60,True,0.1,0.6,auroc,delta_synth,True,5,50,0.0018898666162916063,0.00024892368318860716,0.0013981220011989707,0.0023670599791238553,-0.0007436250654059861,0.005637488947833762,4,1,0.672,,False,
Binary Matched-Size Augmentation Experiment,binary_matched_size_experiment,0.5,L0.10_U0.60,True,0.1,0.6,auroc,delta_real,True,5,50,0.005874160621910916,0.00029104750241236145,0.005304650568659422,0.006441536147984572,0.0009798992673992646,0.012947816506410253,5,0,0.928,,False,
Binary Matched-Size Augmentation Experiment,binary_matched_size_experiment,0.5,L0.10_U0.60,True,0.1,0.6,auroc,g_real,True,5,50,-0.003984294005619309,0.00029374104363282514,-0.004565100569133326,-0.0034209908178845544,-0.010676482371794882,-0.0005868573677783928,0,5,0.164,,False,
Binary Matched-Size Augmentation Experiment,binary_matched_size_experiment,0.5,L0.10_U0.70,True,0.1,0.7,macro_f1,delta_synth,True,5,50,0.021979573137954227,0.0008571536950755685,0.020290042257399398,0.023649482237695925,-0.01756285956060375,0.1251593543017874,3,2,0.544,1.3167507608113462,True,
Binary Matched-Size Augmentation Experiment,binary_matched_size_experiment,0.5,L0.10_U0.70,True,0.1,0.7,macro_f1,delta_real,True,5,50,0.016692280568276267,0.0006962579783225653,0.015347733781179693,0.018094320260583732,0.0020583253311089456,0.056131432160999896,5,0,0.896,1.3167507608113462,True,
Binary Matched-Size Augmentation Experiment,binary_matched_size_experiment,0.5,L0.10_U0.70,True,0.1,0.7,macro_f1,g_real,True,5,50,0.005287292569677958,0.0007012765077883831,0.003879992884718577,0.006655956656591767,-0.032605093748957516,0.0690279221407875,1,4,0.316,1.3167507608113462,True,
Binary Matched-Size Augmentation Experiment,binary_matched_size_experiment,0.5,L0.10_U0.70,True,0.1,0.7,auroc,delta_synth,True,5,50,0.0017094674562481125,0.00023289407634841233,0.0012553322968637463,0.002172225742145464,-0.0003644640796053844,0.004923076923076919,4,1,0.676,,False,
Binary Matched-Size Augmentation Experiment,binary_matched_size_experiment,0.5,L0.10_U0.70,True,0.1,0.7,auroc,delta_real,True,5,50,0.005874160621910916,0.00028708236718639856,0.0053001974916878575,0.006432999257592299,0.0009798992673992646,0.012947816506410253,5,0,0.928,,False,
Binary Matched-Size Augmentation Experiment,binary_matched_size_experiment,0.5,L0.10_U0.70,True,0.1,0.7,auroc,g_real,True,5,50,-0.004164693165662803,0.0002600518327967805,-0.004665989560474499,-0.003642060982014037,-0.010388120993589765,-0.0003179583574320044,0,5,0.172,,False,
Binary Matched-Size Augmentation Experiment,binary_matched_size_experiment,0.5,L0.10_U0.80,True,0.1,0.8,macro_f1,delta_synth,True,5,50,0.021727187706978155,0.0008774671571576112,0.019993184002405833,0.023434926789221617,-0.019850575138626137,0.12506307787011986,3,2,0.548,1.3016308717138834,True,
Binary Matched-Size Augmentation Experiment,binary_matched_size_experiment,0.5,L0.10_U0.80,True,0.1,0.8,macro_f1,delta_real,True,5,50,0.016692280568276267,0.0007013374668621013,0.015334916045413883,0.01807107752949685,0.0020583253311089456,0.056131432160999896,5,0,0.896,1.3016308717138834,True,
Binary Matched-Size Augmentation Experiment,binary_matched_size_experiment,0.5,L0.10_U0.80,True,0.1,0.8,macro_f1,g_real,True,5,50,0.005034907138701884,0.0007650932902090789,0.00350219187739687,0.006521698850663503,-0.034892809326979905,0.06893164570911994,1,4,0.332,1.3016308717138834,True,
Binary Matched-Size Augmentation Experiment,binary_matched_size_experiment,0.5,L0.10_U0.80,True,0.1,0.8,auroc,delta_synth,True,5,50,0.0016488370494528158,0.00024519020117509227,0.0011713832800472723,0.002129040387800839,-0.0004326251281654203,0.004474801061007972,4,1,0.664,,False,
Binary Matched-Size Augmentation Experiment,binary_matched_size_experiment,0.5,L0.10_U0.80,True,0.1,0.8,auroc,delta_real,True,5,50,0.005874160621910916,0.0002868031709746991,0.005319505801585477,0.0064510464275876365,0.0009798992673992646,0.012947816506410253,5,0,0.928,,False,
Binary Matched-Size Augmentation Experiment,binary_matched_size_experiment,0.5,L0.10_U0.80,True,0.1,0.8,auroc,g_real,True,5,50,-0.0042253235724581,0.0002747985385741138,-0.004770008574263486,-0.0036881768385994473,-0.010367487980769235,-0.00038063186813186656,0,5,0.14,,False,
Binary Matched-Size Augmentation Experiment,binary_matched_size_experiment,0.5,L0.10_U0.90,True,0.1,0.9,macro_f1,delta_synth,True,5,50,0.022571381457248334,0.0008882626034049055,0.020859160433285832,0.024353930937543847,-0.015830539373134323,0.1262380600063778,3,2,0.544,1.3522047730341484,True,
Binary Matched-Size Augmentation Experiment,binary_matched_size_experiment,0.5,L0.10_U0.90,True,0.1,0.9,macro_f1,delta_real,True,5,50,0.016692280568276267,0.0006919877556277407,0.015362911784145701,0.01808543189253073,0.0020583253311089456,0.056131432160999896,5,0,0.896,1.3522047730341484,True,
Binary Matched-Size Augmentation Experiment,binary_matched_size_experiment,0.5,L0.10_U0.90,True,0.1,0.9,macro_f1,g_real,True,5,50,0.0058791008889720695,0.0007246402808725454,0.00442935047716117,0.00728792811372416,-0.030872773561488095,0.07010662784537791,1,4,0.336,1.3522047730341484,True,
Binary Matched-Size Augmentation Experiment,binary_matched_size_experiment,0.5,L0.10_U0.90,True,0.1,0.9,auroc,delta_synth,True,5,50,0.0016769802483080902,0.00023785249543407128,0.0012237792169783573,0.002154225456238464,-0.0005736137329278778,0.005139699381078704,4,1,0.64,,False,
Binary Matched-Size Augmentation Experiment,binary_matched_size_experiment,0.5,L0.10_U0.90,True,0.1,0.9,auroc,delta_real,True,5,50,0.005874160621910916,0.0002860477785979678,0.005330390600478581,0.006455246192142653,0.0009798992673992646,0.012947816506410253,5,0,0.928,,False,
Binary Matched-Size Augmentation Experiment,binary_matched_size_experiment,0.5,L0.10_U0.90,True,0.1,0.9,auroc,g_real,True,5,50,-0.004197180373602826,0.0002646013664758241,-0.0047192147898389375,-0.0036789618896928902,-0.010500100160256423,-0.00036822183664287245,0,5,0.168,,False,
Binary Matched-Size Augmentation Experiment,binary_matched_size_experiment,0.5,L0.20_U0.60,True,0.2,0.6,macro_f1,delta_synth,True,5,50,0.02033652911858983,0.0008566024715873509,0.01868772141395355,0.022004212669047698,-0.021024206227637107,0.12168479720792186,3,2,0.504,1.2183193923327331,True,
Binary Matched-Size Augmentation Experiment,binary_matched_size_experiment,0.5,L0.20_U0.60,True,0.2,0.6,macro_f1,delta_real,True,5,50,0.016692280568276267,0.0006907047119584431,0.015360089125912262,0.018094785829941534,0.0020583253311089456,0.056131432160999896,5,0,0.896,1.2183193923327331,True,
Binary Matched-Size Augmentation Experiment,binary_matched_size_experiment,0.5,L0.20_U0.60,True,0.2,0.6,macro_f1,g_real,True,5,50,0.0036442485503135683,0.000724515576399416,0.002226554373427109,0.005020037168500328,-0.03606644041599087,0.06555336504692197,1,4,0.316,1.2183193923327331,True,
Binary Matched-Size Augmentation Experiment,binary_matched_size_experiment,0.5,L0.20_U0.60,True,0.2,0.6,auroc,delta_synth,True,5,50,0.0019380384277891012,0.00024273278079791976,0.0014599682180970429,0.002406369099199835,-0.0006533637693481364,0.005767462422634824,4,1,0.672,,False,
Binary Matched-Size Augmentation Experiment,binary_matched_size_experiment,0.5,L0.20_U0.60,True,0.2,0.6,auroc,delta_real,True,5,50,0.005874160621910916,0.0002883707117883902,0.005320030796545225,0.006444251062618359,0.0009798992673992646,0.012947816506410253,5,0,0.928,,False,
Binary Matched-Size Augmentation Experiment,binary_matched_size_experiment,0.5,L0.20_U0.60,True,0.2,0.6,auroc,g_real,True,5,50,-0.003936122194121814,0.0002741188410940186,-0.004473402246769068,-0.00340456415895315,-0.010690604967948738,-0.0005703103913630093,0,5,0.192,,False,
Binary Matched-Size Augmentation Experiment,binary_matched_size_experiment,0.5,L0.20_U0.70,True,0.2,0.7,macro_f1,delta_synth,True,5,50,0.020907562752149732,0.0008902824365226186,0.01919078356073528,0.022660086703459068,-0.02184205669080721,0.12353980837196456,3,2,0.564,1.2525288361067104,True,
Binary Matched-Size Augmentation Experiment,binary_matched_size_experiment,0.5,L0.20_U0.70,True,0.2,0.7,macro_f1,delta_real,True,5,50,0.016692280568276267,0.0006919738704941196,0.01535102007570992,0.01806320406956048,0.0020583253311089456,0.056131432160999896,5,0,0.896,1.2525288361067104,True,
Binary Matched-Size Augmentation Experiment,binary_matched_size_experiment,0.5,L0.20_U0.70,True,0.2,0.7,macro_f1,g_real,True,5,50,0.004215282183873463,0.0007386582283325505,0.002745303112704689,0.005652681546384838,-0.03688429087916098,0.06740837621096465,1,4,0.308,1.2525288361067104,True,
Binary Matched-Size Augmentation Experiment,binary_matched_size_experiment,0.5,L0.20_U0.70,True,0.2,0.7,auroc,delta_synth,True,5,50,0.0015825792357420116,0.00024122834238822746,0.0011102435216225743,0.002071104221767468,-0.0003347485145774098,0.003888594164456223,4,1,0.688,,False,
Binary Matched-Size Augmentation Experiment,binary_matched_size_experiment,0.5,L0.20_U0.70,True,0.2,0.7,auroc,delta_real,True,5,50,0.005874160621910916,0.0002892521534423085,0.005307384285123892,0.006445049940704742,0.0009798992673992646,0.012947816506410253,5,0,0.928,,False,
Binary Matched-Size Augmentation Experiment,binary_matched_size_experiment,0.5,L0.20_U0.70,True,0.2,0.7,auroc,g_real,True,5,50,-0.004291581386168904,0.00028399129530723904,-0.004844458411921506,-0.003735367999778291,-0.010072315705128222,-0.0002898303450934869,0,5,0.156,,False,
Binary Matched-Size Augmentation Experiment,binary_matched_size_experiment,0.5,L0.20_U0.80,True,0.2,0.8,macro_f1,delta_synth,True,5,50,0.02217635243328219,0.0008074081465077886,0.020580832612294965,0.023756029939073296,-0.016959873806133306,0.12448537352349108,3,2,0.596,1.3285394013462979,True,
Binary Matched-Size Augmentation Experiment,binary_matched_size_experiment,0.5,L0.20_U0.80,True,0.2,0.8,macro_f1,delta_real,True,5,50,0.016692280568276267,0.0006986364324906496,0.015337408513535296,0.018089920029215226,0.0020583253311089456,0.056131432160999896,5,0,0.896,1.3285394013462979,True,
Binary Matched-Size Augmentation Experiment,binary_matched_size_experiment,0.5,L0.20_U0.80,True,0.2,0.8,macro_f1,g_real,True,5,50,0.005484071865005919,0.0007023084027191708,0.004078013635453082,0.006831501545883575,-0.03200210799448708,0.06835394136249118,1,4,0.312,1.3285394013462979,True,
Binary Matched-Size Augmentation Experiment,binary_matched_size_experiment,0.5,L0.20_U0.80,True,0.2,0.8,auroc,delta_synth,True,5,50,0.0018173249046775784,0.00023412886995519583,0.0013630166559106688,0.0022855749357192675,-0.00039853012417486513,0.004773651635720615,4,1,0.64,,False,
Binary Matched-Size Augmentation Experiment,binary_matched_size_experiment,0.5,L0.20_U0.80,True,0.2,0.8,auroc,delta_real,True,5,50,0.005874160621910916,0.0002902843135021743,0.00530935390063204,0.006442280045870536,0.0009798992673992646,0.012947816506410253,5,0,0.928,,False,
Binary Matched-Size Augmentation Experiment,binary_matched_size_experiment,0.5,L0.20_U0.80,True,0.2,0.8,auroc,g_real,True,5,50,-0.004056835717233337,0.00026344413226852295,-0.004560008990846603,-0.0035373491030504605,-0.009978866185897432,-0.0003568456397403641,0,5,0.148,,False,
Binary Matched-Size Augmentation Experiment,binary_matched_size_experiment,0.5,L0.20_U0.90,True,0.2,0.9,macro_f1,delta_synth,True,5,50,0.022216786191280126,0.0008565292117844194,0.020523823069019145,0.023903863572549294,-0.01705724021738959,0.1254904865893003,3,2,0.54,1.330961704148635,True,
Binary Matched-Size Augmentation Experiment,binary_matched_size_experiment,0.5,L0.20_U0.90,True,0.2,0.9,macro_f1,delta_real,True,5,50,0.016692280568276267,0.0006817988484299609,0.015345964502629735,0.01800728537747992,0.0020583253311089456,0.056131432160999896,5,0,0.896,1.330961704148635,True,
Binary Matched-Size Augmentation Experiment,binary_matched_size_experiment,0.5,L0.20_U0.90,True,0.2,0.9,macro_f1,g_real,True,5,50,0.005524505623003858,0.0007263471899319783,0.004077473441616565,0.006921532025644896,-0.03209947440574336,0.06935905442830037,1,4,0.308,1.330961704148635,True,
Binary Matched-Size Augmentation Experiment,binary_matched_size_experiment,0.5,L0.20_U0.90,True,0.2,0.9,auroc,delta_synth,True,5,50,0.0014428350329160442,0.00024238300240884286,0.0009711336549140715,0.0019215102752820198,-0.0006056714753195803,0.0041865605658709115,4,1,0.624,,False,
Binary Matched-Size Augmentation Experiment,binary_matched_size_experiment,0.5,L0.20_U0.90,True,0.2,0.9,auroc,delta_real,True,5,50,0.005874160621910916,0.000288890201904603,0.005323383113678115,0.006444041104626299,0.0009798992673992646,0.012947816506410253,5,0,0.928,,False,
Binary Matched-Size Augmentation Experiment,binary_matched_size_experiment,0.5,L0.20_U0.90,True,0.2,0.9,auroc,g_real,True,5,50,-0.004431325588994872,0.0002748078160539924,-0.00496298605799206,-0.003891055464190948,-0.010640424679487179,-0.0003587100764732254,0,5,0.164,,False,
Binary Matched-Size Augmentation Experiment,binary_matched_size_experiment,0.5,L0.30_U0.60,True,0.3,0.6,macro_f1,delta_synth,True,5,50,0.019955999973545947,0.0008483666706390405,0.01829975664901714,0.02163841483231041,-0.024780902686513385,0.12330597397405359,3,2,0.528,1.1955226783973658,True,
Binary Matched-Size Augmentation Experiment,binary_matched_size_experiment,0.5,L0.30_U0.60,True,0.3,0.6,macro_f1,delta_real,True,5,50,0.016692280568276267,0.0006882279123374334,0.015332452951673424,0.01803977830574649,0.0020583253311089456,0.056131432160999896,5,0,0.896,1.1955226783973658,True,
Binary Matched-Size Augmentation Experiment,binary_matched_size_experiment,0.5,L0.30_U0.60,True,0.3,0.6,macro_f1,g_real,True,5,50,0.003263719405269683,0.0007561394182987215,0.0017967006695468566,0.00474828984138775,-0.039823136874867146,0.06717454181305368,1,4,0.32,1.1955226783973658,True,
Binary Matched-Size Augmentation Experiment,binary_matched_size_experiment,0.5,L0.30_U0.60,True,0.3,0.6,auroc,delta_synth,True,5,50,0.0019678617966160878,0.0002464357159839024,0.001492693085396048,0.0024552870108507487,-0.0006644579215191993,0.006001768346595937,4,1,0.668,,False,
Binary Matched-Size Augmentation Experiment,binary_matched_size_experiment,0.5,L0.30_U0.60,True,0.3,0.6,auroc,delta_real,True,5,50,0.005874160621910916,0.00029435600085652813,0.005305685500560393,0.006457234577315888,0.0009798992673992646,0.012947816506410253,5,0,0.928,,False,
Binary Matched-Size Augmentation Experiment,binary_matched_size_experiment,0.5,L0.30_U0.60,True,0.3,0.6,auroc,g_real,True,5,50,-0.003906298825294828,0.0002850592053920693,-0.004456566927222604,-0.0033422529227282896,-0.01082061298076924,-0.0005733275496433144,0,5,0.156,,False,
Binary Matched-Size Augmentation Experiment,binary_matched_size_experiment,0.5,L0.30_U0.70,True,0.3,0.7,macro_f1,delta_synth,True,5,50,0.021853757978230953,0.000867529141948802,0.020140805965609142,0.02351836260420936,-0.017873554056621804,0.1243706376604293,3,2,0.568,1.3092134348474882,True,
Binary Matched-Size Augmentation Experiment,binary_matched_size_experiment,0.5,L0.30_U0.70,True,0.3,0.7,macro_f1,delta_real,True,5,50,0.016692280568276267,0.0006998246900239536,0.01534320840177188,0.01805429666142362,0.0020583253311089456,0.056131432160999896,5,0,0.896,1.3092134348474882,True,
Binary Matched-Size Augmentation Experiment,binary_matched_size_experiment,0.5,L0.30_U0.70,True,0.3,0.7,macro_f1,g_real,True,5,50,0.005161477409954688,0.0007601012847823872,0.0036466124403035775,0.006632916543497729,-0.03291578824497557,0.06823920549942941,1,4,0.316,1.3092134348474882,True,
Binary Matched-Size Augmentation Experiment,binary_matched_size_experiment,0.5,L0.30_U0.70,True,0.3,0.7,auroc,delta_synth,True,5,50,0.0014613895469603234,0.00023333196283457274,0.001004208717061849,0.0019179747155884852,-0.0003160964586121473,0.0037541998231653472,4,1,0.672,,False,
Binary Matched-Size Augmentation Experiment,binary_matched_size_experiment,0.5,L0.30_U0.70,True,0.3,0.7,auroc,delta_real,True,5,50,0.005874160621910916,0.0002883100171506259,0.005321234309677484,0.006445286031707119,0.0009798992673992646,0.012947816506410253,5,0,0.928,,False,
Binary Matched-Size Augmentation Experiment,binary_matched_size_experiment,0.5,L0.30_U0.70,True,0.3,0.7,auroc,g_real,True,5,50,-0.004412771074950592,0.0002633160802797645,-0.004934728856569929,-0.003897604289235879,-0.010544671474358972,-0.00026899861834069896,0,5,0.168,,False,
Binary Matched-Size Augmentation Experiment,binary_matched_size_experiment,0.5,L0.30_U0.80,True,0.3,0.8,macro_f1,delta_synth,True,5,50,0.022678644346964632,0.0008030313291264594,0.021107152039896552,0.02426098900786986,-0.01564367388032005,0.12591471590087058,3,2,0.552,1.3586306708782183,True,
Binary Matched-Size Augmentation Experiment,binary_matched_size_experiment,0.5,L0.30_U0.80,True,0.3,0.8,macro_f1,delta_real,True,5,50,0.016692280568276267,0.0006993576497519343,0.015381235763270135,0.018094250833970944,0.0020583253311089456,0.056131432160999896,5,0,0.896,1.3586306708782183,True,
Binary Matched-Size Augmentation Experiment,binary_matched_size_experiment,0.5,L0.30_U0.80,True,0.3,0.8,macro_f1,g_real,True,5,50,0.005986363778688369,0.0007149480547928916,0.004555278466931929,0.007360520152171797,-0.030685908068673814,0.0697832837398707,1,4,0.328,1.3586306708782183,True,
Binary Matched-Size Augmentation Experiment,binary_matched_size_experiment,0.5,L0.30_U0.80,True,0.3,0.8,auroc,delta_synth,True,5,50,0.0017463738190245126,0.00023782712532161875,0.0012957092348712806,0.0022161109112654276,-0.00042492310074075944,0.005032714412024768,4,1,0.656,,False,
Binary Matched-Size Augmentation Experiment,binary_matched_size_experiment,0.5,L0.30_U0.80,True,0.3,0.8,auroc,delta_real,True,5,50,0.005874160621910916,0.0002889777484298536,0.0053112263821331615,0.006444350520206269,0.0009798992673992646,0.012947816506410253,5,0,0.928,,False,
Binary Matched-Size Augmentation Experiment,binary_matched_size_experiment,0.5,L0.30_U0.80,True,0.3,0.8,auroc,g_real,True,5,50,-0.004127786802886403,0.00026276907150925825,-0.0046344172585952624,-0.0036071887109892452,-0.01043329326923078,-0.0003580553948974874,0,5,0.148,,False,
Binary Matched-Size Augmentation Experiment,binary_matched_size_experiment,0.5,L0.30_U0.90,True,0.3,0.9,macro_f1,delta_synth,True,5,50,0.022693688538229728,0.0008680780521011144,0.02100854503220732,0.02439940941323204,-0.01507264702662546,0.12519459498080468,3,2,0.588,1.3595319372572228,True,
Binary Matched-Size Augmentation Experiment,binary_matched_size_experiment,0.5,L0.30_U0.90,True,0.3,0.9,macro_f1,delta_real,True,5,50,0.016692280568276267,0.0006880861338676474,0.015353144409879484,0.01804255678060763,0.0020583253311089456,0.056131432160999896,5,0,0.896,1.3595319372572228,True,
Binary Matched-Size Augmentation Experiment,binary_matched_size_experiment,0.5,L0.30_U0.90,True,0.3,0.9,macro_f1,g_real,True,5,50,0.006001407969953458,0.0007259256522955397,0.004570039232440082,0.007408011973294888,-0.03011488121497923,0.06906316281980476,1,4,0.332,1.3595319372572228,True,
Binary Matched-Size Augmentation Experiment,binary_matched_size_experiment,0.5,L0.30_U0.90,True,0.3,0.9,auroc,delta_synth,True,5,50,0.0015168505532753463,0.0002477099087614007,0.0010394851385830462,0.0020156568100502086,-0.00045401789027164517,0.0043598585322723316,4,1,0.656,,False,
Binary Matched-Size Augmentation Experiment,binary_matched_size_experiment,0.5,L0.30_U0.90,True,0.3,0.9,auroc,delta_real,True,5,50,0.005874160621910916,0.00028742771266314154,0.005315939023262023,0.006448269131683212,0.0009798992673992646,0.012947816506410253,5,0,0.928,,False,
Binary Matched-Size Augmentation Experiment,binary_matched_size_experiment,0.5,L0.30_U0.90,True,0.3,0.9,auroc,g_real,True,5,50,-0.004357310068635569,0.0002699909782820818,-0.0048862367232890185,-0.0038275415943508175,-0.01063651842948719,-0.00036202445215603117,0,5,0.168,,False,
Binary Matched-Size Augmentation Experiment,binary_matched_size_experiment,0.5,L0.40_U0.60,True,0.4,0.6,macro_f1,delta_synth,True,5,50,0.01972691195491298,0.0008383135364585585,0.018059927467114583,0.021365593201551687,-0.023985805314004963,0.12081029747640684,3,2,0.512,1.1817984890814763,True,
Binary Matched-Size Augmentation Experiment,binary_matched_size_experiment,0.5,L0.40_U0.60,True,0.4,0.6,macro_f1,delta_real,True,5,50,0.016692280568276267,0.0006872081609506981,0.015351449425213097,0.018053395983896988,0.0020583253311089456,0.056131432160999896,5,0,0.896,1.1817984890814763,True,
Binary Matched-Size Augmentation Experiment,binary_matched_size_experiment,0.5,L0.40_U0.60,True,0.4,0.6,macro_f1,g_real,True,5,50,0.003034631386636711,0.0007529337677560002,0.0015793393721942122,0.0045286601634239206,-0.03902803950235873,0.06467886531540694,1,4,0.332,1.1817984890814763,True,
Binary Matched-Size Augmentation Experiment,binary_matched_size_experiment,0.5,L0.40_U0.60,True,0.4,0.6,auroc,delta_synth,True,5,50,0.001995524503100368,0.0002499557455748435,0.0015061386531822504,0.002488488613687892,-0.000632267336201724,0.006119363395225457,4,1,0.68,,False,
Binary Matched-Size Augmentation Experiment,binary_matched_size_experiment,0.5,L0.40_U0.60,True,0.4,0.6,auroc,delta_real,True,5,50,0.005874160621910916,0.0002870820344943332,0.005313587133413811,0.006445488669736745,0.0009798992673992646,0.012947816506410253,5,0,0.928,,False,
Binary Matched-Size Augmentation Experiment,binary_matched_size_experiment,0.5,L0.40_U0.60,True,0.4,0.6,auroc,g_real,True,5,50,-0.0038786361188105473,0.00026755425347377374,-0.004404782415650007,-0.0033513801595061415,-0.01082391826923076,-0.0005605439881755569,0,5,0.172,,False,
Binary Matched-Size Augmentation Experiment,binary_matched_size_experiment,0.5,L0.40_U0.70,True,0.4,0.7,macro_f1,delta_synth,True,5,50,0.022017726282150808,0.0008569389556725323,0.020314242675196208,0.02369087045739656,-0.019232658042697415,0.12600933747041584,3,2,0.548,1.319036436758412,True,
Binary Matched-Size Augmentation Experiment,binary_matched_size_experiment,0.5,L0.40_U0.70,True,0.4,0.7,macro_f1,delta_real,True,5,50,0.016692280568276267,0.0006949411464313822,0.01533858593793472,0.018064444796188607,0.0020583253311089456,0.056131432160999896,5,0,0.896,1.319036436758412,True,
Binary Matched-Size Augmentation Experiment,binary_matched_size_experiment,0.5,L0.40_U0.70,True,0.4,0.7,macro_f1,g_real,True,5,50,0.005325445713874542,0.0007265022928351724,0.0038889798476853385,0.006734500586630077,-0.034274892231051186,0.06987790530941596,1,4,0.308,1.319036436758412,True,
Binary Matched-Size Augmentation Experiment,binary_matched_size_experiment,0.5,L0.40_U0.70,True,0.4,0.7,auroc,delta_synth,True,5,50,0.001680215529928283,0.00023196380076097992,0.0012311325223556874,0.0021431119832780524,-0.00032195215457459626,0.004063660477453588,4,1,0.68,,False,
Binary Matched-Size Augmentation Experiment,binary_matched_size_experiment,0.5,L0.40_U0.70,True,0.4,0.7,auroc,delta_real,True,5,50,0.005874160621910916,0.00028974049403864666,0.005306561057789417,0.006438119900995929,0.0009798992673992646,0.012947816506410253,5,0,0.928,,False,
Binary Matched-Size Augmentation Experiment,binary_matched_size_experiment,0.5,L0.40_U0.70,True,0.4,0.7,auroc,g_real,True,5,50,-0.004193945091982633,0.0002659992828416727,-0.004717002503246571,-0.0036668143284639336,-0.009928485576923085,-0.0002773608701239927,0,5,0.16,,False,
Binary Matched-Size Augmentation Experiment,binary_matched_size_experiment,0.5,L0.40_U0.80,True,0.4,0.8,macro_f1,delta_synth,True,5,50,0.022517478640446596,0.0008599884176744877,0.020835694385158136,0.024194201282660397,-0.01721934039519843,0.12631722912980642,3,2,0.592,1.3489755667803198,True,
Binary Matched-Size Augmentation Experiment,binary_matched_size_experiment,0.5,L0.40_U0.80,True,0.4,0.8,macro_f1,delta_real,True,5,50,0.016692280568276267,0.0006907040205990976,0.015339915515443552,0.01805566008929068,0.0020583253311089456,0.056131432160999896,5,0,0.896,1.3489755667803198,True,
Binary Matched-Size Augmentation Experiment,binary_matched_size_experiment,0.5,L0.40_U0.80,True,0.4,0.8,macro_f1,g_real,True,5,50,0.005825198072170331,0.0007217621468038557,0.0043850365981477745,0.007216917620395081,-0.032261574583552194,0.07018579696880653,1,4,0.328,1.3489755667803198,True,
Binary Matched-Size Augmentation Experiment,binary_matched_size_experiment,0.5,L0.40_U0.80,True,0.4,0.8,auroc,delta_synth,True,5,50,0.0016345439717389714,0.00024400352368978749,0.0011580951602747627,0.0021148477797069674,-0.00042075041857516873,0.004653404067197184,4,1,0.656,,False,
Binary Matched-Size Augmentation Experiment,binary_matched_size_experiment,0.5,L0.40_U0.80,True,0.4,0.8,auroc,delta_real,True,5,50,0.005874160621910916,0.00029002761003935816,0.005316279470054411,0.006444352503454493,0.0009798992673992646,0.012947816506410253,5,0,0.928,,False,
Binary Matched-Size Augmentation Experiment,binary_matched_size_experiment,0.5,L0.40_U0.80,True,0.4,0.8,auroc,g_real,True,5,50,-0.004239616650171944,0.00027105432723335517,-0.004767718699220564,-0.003704006788996177,-0.010538361378205147,-0.0003828087847824624,0,5,0.168,,False,
Binary Matched-Size Augmentation Experiment,binary_matched_size_experiment,0.5,L0.40_U0.90,True,0.4,0.9,macro_f1,delta_synth,True,5,50,0.022136648602901928,0.0008321820598521733,0.020525845749675153,0.02376965062180328,-0.017112025319574765,0.12488335894278225,3,2,0.572,1.3261608269976424,True,
Binary Matched-Size Augmentation Experiment,binary_matched_size_experiment,0.5,L0.40_U0.90,True,0.4,0.9,macro_f1,delta_real,True,5,50,0.016692280568276267,0.0006921522089660557,0.015364078942040749,0.018078652881441535,0.0020583253311089456,0.056131432160999896,5,0,0.896,1.3261608269976424,True,
Binary Matched-Size Augmentation Experiment,binary_matched_size_experiment,0.5,L0.40_U0.90,True,0.4,0.9,macro_f1,g_real,True,5,50,0.0054443680346256615,0.0007365957492692661,0.003949241394326908,0.006883249728778043,-0.03215425950792853,0.06875192678178235,1,4,0.32,1.3261608269976424,True,
Binary Matched-Size Augmentation Experiment,binary_matched_size_experiment,0.5,L0.40_U0.90,True,0.4,0.9,auroc,delta_synth,True,5,50,0.0015967828429500105,0.00022851596593534206,0.0011510897902823197,0.0020399620769220527,-0.00042204820472422575,0.004479221927497794,4,1,0.656,,False,
Binary Matched-Size Augmentation Experiment,binary_matched_size_experiment,0.5,L0.40_U0.90,True,0.4,0.9,auroc,delta_real,True,5,50,0.005874160621910916,0.00029073316501757664,0.0053126053223363475,0.006448419551595254,0.0009798992673992646,0.012947816506410253,5,0,0.928,,False,
Binary Matched-Size Augmentation Experiment,binary_matched_size_experiment,0.5,L0.40_U0.90,True,0.4,0.9,auroc,g_real,True,5,50,-0.004277377778960905,0.00027092435059718813,-0.0048058551011483965,-0.003746280902256861,-0.01028735977564103,-0.00043125361480622626,0,5,0.156,,False,
Binary Matched-Size Augmentation Experiment,binary_matched_size_experiment,0.75,OFF,False,,,macro_f1,delta_synth,True,5,50,0.026942649514690702,0.0009794641162938014,0.025069630056974105,0.028849985368711084,-0.01983002360541769,0.1508090014071046,3,2,0.58,1.1921567946557605,True,
Binary Matched-Size Augmentation Experiment,binary_matched_size_experiment,0.75,OFF,False,,,macro_f1,delta_real,True,5,50,0.022599921113959247,0.0007862500235869472,0.021042232866404827,0.02412801749854151,0.002684483152964963,0.07754236279542889,5,0,0.9,1.1921567946557605,True,
Binary Matched-Size Augmentation Experiment,binary_matched_size_experiment,0.75,OFF,False,,,macro_f1,g_real,True,5,50,0.004342728400731456,0.0007898448236191904,0.0028179327119908478,0.005856446042408728,-0.03885071085317809,0.0732666386116757,1,4,0.3,1.1921567946557605,True,
Binary Matched-Size Augmentation Experiment,binary_matched_size_experiment,0.75,OFF,False,,,auroc,delta_synth,True,5,50,0.0017518444149254829,0.0002513491999303139,0.001273354044767451,0.0022549152423808586,-0.0004833995801136304,0.00610344827586208,4,1,0.648,,False,
Binary Matched-Size Augmentation Experiment,binary_matched_size_experiment,0.75,OFF,False,,,auroc,delta_real,True,5,50,0.007797051915944843,0.0003351860309671932,0.007150964203904937,0.00846660416305869,0.0012630036630036834,0.017204226762820504,5,0,0.956,,False,
Binary Matched-Size Augmentation Experiment,binary_matched_size_experiment,0.75,OFF,False,,,auroc,g_real,True,5,50,-0.00604520750101936,0.00027706261323512025,-0.006594973151879483,-0.005505457401847204,-0.01563110977564103,-0.0005136607544502514,0,5,0.112,,False,
Binary Matched-Size Augmentation Experiment,binary_matched_size_experiment,0.75,L0.10_U0.60,True,0.1,0.6,macro_f1,delta_synth,False,5,,,,,,-0.026705978008134287,0.14628806885260157,3,2,,,False,analysis_incomplete
Binary Matched-Size Augmentation Experiment,binary_matched_size_experiment,0.75,L0.10_U0.60,True,0.1,0.6,macro_f1,delta_real,False,5,,,,,,0.002684483152964963,0.07754236279542889,5,0,,,False,analysis_incomplete
Binary Matched-Size Augmentation Experiment,binary_matched_size_experiment,0.75,L0.10_U0.60,True,0.1,0.6,macro_f1,g_real,False,5,,,,,,-0.04572666525589469,0.06874570605717269,1,4,,,False,analysis_incomplete
Binary Matched-Size Augmentation Experiment,binary_matched_size_experiment,0.75,L0.10_U0.60,True,0.1,0.6,auroc,delta_synth,False,5,,,,,,-0.001017893849494582,0.007124668435013257,4,1,,,False,
Binary Matched-Size Augmentation Experiment,binary_matched_size_experiment,0.75,L0.10_U0.60,True,0.1,0.6,auroc,delta_real,False,5,,,,,,0.0012630036630036834,0.017204226762820504,5,0,,,False,
Binary Matched-Size Augmentation Experiment,binary_matched_size_experiment,0.75,L0.10_U0.60,True,0.1,0.6,auroc,g_real,False,5,,,,,,-0.016482471955128204,-0.0010088811773022366,0,5,,,False,
Binary Matched-Size Augmentation Experiment,binary_matched_size_experiment,0.75,L0.10_U0.70,True,0.1,0.7,macro_f1,delta_synth,True,5,50,0.026870554064115842,0.0009889345855483144,0.02493391217611632,0.02878224011089896,-0.019297528091330993,0.15173503827952659,3,2,0.528,1.1889667193359699,True,
Binary Matched-Size Augmentation Experiment,binary_matched_size_experiment,0.75,L0.10_U0.70,True,0.1,0.7,macro_f1,delta_real,True,5,50,0.022599921113959247,0.000793997341568723,0.021035470048837133,0.0241610281921762,0.002684483152964963,0.07754236279542889,5,0,0.9,1.1889667193359699,True,
Binary Matched-Size Augmentation Experiment,binary_matched_size_experiment,0.75,L0.10_U0.70,True,0.1,0.7,macro_f1,g_real,True,5,50,0.0042706329501565965,0.0007912855396973018,0.002731766166605422,0.005848064538644424,-0.03831821533909139,0.07419267548409769,1,4,0.28,1.1889667193359699,True,
Binary Matched-Size Augmentation Experiment,binary_matched_size_experiment,0.75,L0.10_U0.70,True,0.1,0.7,auroc,delta_synth,True,5,50,0.0017700617866211424,0.00027113779245506995,0.0012465667216367817,0.002313550606784034,-0.000435570907416114,0.006378426171529621,4,1,0.656,,False,
Binary Matched-Size Augmentation Experiment,binary_matched_size_experiment,0.75,L0.10_U0.70,True,0.1,0.7,auroc,delta_real,True,5,50,0.007797051915944843,0.0003354119843255423,0.007148711253624928,0.008455528102077349,0.0012630036630036834,0.017204226762820504,5,0,0.956,,False,
Binary Matched-Size Augmentation Experiment,binary_matched_size_experiment,0.75,L0.10_U0.70,True,0.1,0.7,auroc,g_real,True,5,50,-0.006026990129323701,0.00029150314598774303,-0.006606854388350081,-0.005464990963744792,-0.0159332932692308,-0.00046168948011053866,0,5,0.112,,False,
Binary Matched-Size Augmentation Experiment,binary_matched_size_experiment,0.75,L0.10_U0.80,True,0.1,0.8,macro_f1,delta_synth,True,5,50,0.026820001705648716,0.0009688483586854838,0.02493511828119365,0.02872862000774542,-0.02168000551888454,0.1514105419262742,3,2,0.56,1.1867298815075447,True,
Binary Matched-Size Augmentation Experiment,binary_matched_size_experiment,0.75,L0.10_U0.80,True,0.1,0.8,macro_f1,delta_real,True,5,50,0.022599921113959247,0.0007929947591421387,0.021067062931031607,0.024168964788866223,0.002684483152964963,0.07754236279542889,5,0,0.9,1.1867298815075447,True,
Binary Matched-Size Augmentation Experiment,binary_matched_size_experiment,0.75,L0.10_U0.80,True,0.1,0.8,macro_f1,g_real,True,5,50,0.004220080591689468,0.0007912365853414554,0.002643756100421911,0.005751487845885042,-0.04070069276664494,0.0738681791308453,1,4,0.296,1.1867298815075447,True,
Binary Matched-Size Augmentation Experiment,binary_matched_size_experiment,0.75,L0.10_U0.80,True,0.1,0.8,auroc,delta_synth,True,5,50,0.0019620722640881602,0.0002655825073897239,0.0014529488744542344,0.002476417998757306,-0.00044430739230052254,0.006482758620689668,4,1,0.684,,False,
Binary Matched-Size Augmentation Experiment,binary_matched_size_experiment,0.75,L0.10_U0.80,True,0.1,0.8,auroc,delta_real,True,5,50,0.007797051915944843,0.00034008224673120124,0.0071382022220658845,0.008474857785789061,0.0012630036630036834,0.017204226762820504,5,0,0.956,,False,
Binary Matched-Size Augmentation Experiment,binary_matched_size_experiment,0.75,L0.10_U0.80,True,0.1,0.8,auroc,g_real,True,5,50,-0.005834979651856683,0.00028526113263943506,-0.006394486383177953,-0.005285692467116822,-0.01539693509615385,-0.0005215828031617598,0,5,0.124,,False,
Binary Matched-Size Augmentation Experiment,binary_matched_size_experiment,0.75,L0.10_U0.90,True,0.1,0.9,macro_f1,delta_synth,True,5,50,0.026876464083954898,0.0009558334810829052,0.025024850123551583,0.028805344433647587,-0.02026292721083507,0.15109827764262615,3,2,0.552,1.1892282255513789,True,
Binary Matched-Size Augmentation Experiment,binary_matched_size_experiment,0.75,L0.10_U0.90,True,0.1,0.9,macro_f1,delta_real,True,5,50,0.022599921113959247,0.0007901457697643077,0.021052782639448146,0.024166784782431342,0.002684483152964963,0.07754236279542889,5,0,0.9,1.1892282255513789,True,
Binary Matched-Size Augmentation Experiment,binary_matched_size_experiment,0.75,L0.10_U0.90,True,0.1,0.9,macro_f1,g_real,True,5,50,0.004276542969995651,0.0007138742884829449,0.0028969394767209685,0.005670783986597081,-0.039283614458595476,0.07355591484719724,1,4,0.316,1.1892282255513789,True,
Binary Matched-Size Augmentation Experiment,binary_matched_size_experiment,0.75,L0.10_U0.90,True,0.1,0.9,auroc,delta_synth,True,5,50,0.0021222141618032616,0.0002665789851116932,0.0016189177991654728,0.0026651753181081233,-0.0005509767259278008,0.007282935455349257,4,1,0.652,,False,
Binary Matched-Size Augmentation Experiment,binary_matched_size_experiment,0.75,L0.10_U0.90,True,0.1,0.9,auroc,delta_real,True,5,50,0.007797051915944843,0.00033246351617084816,0.007158277856414184,0.008451135166581783,0.0012630036630036834,0.017204226762820504,5,0,0.956,,False,
Binary Matched-Size Augmentation Experiment,binary_matched_size_experiment,0.75,L0.10_U0.90,True,0.1,0.9,auroc,g_real,True,5,50,-0.005674837754141582,0.0002786657561268053,-0.006229542463329507,-0.005131140725858771,-0.015097355769230785,-0.0005055097680097775,0,5,0.124,,False,
Binary Matched-Size Augmentation Experiment,binary_matched_size_experiment,0.75,L0.20_U0.60,True,0.2,0.6,macro_f1,delta_synth,False,5,,,,,,-0.024154224045410667,0.1464732037385097,3,2,,,False,analysis_incomplete
Binary Matched-Size Augmentation Experiment,binary_matched_size_experiment,0.75,L0.20_U0.60,True,0.2,0.6,macro_f1,delta_real,False,5,,,,,,0.002684483152964963,0.07754236279542889,5,0,,,False,analysis_incomplete
Binary Matched-Size Augmentation Experiment,binary_matched_size_experiment,0.75,L0.20_U0.60,True,0.2,0.6,macro_f1,g_real,False,5,,,,,,-0.04317491129317107,0.06893084094308077,1,4,,,False,analysis_incomplete
Binary Matched-Size Augmentation Experiment,binary_matched_size_experiment,0.75,L0.20_U0.60,True,0.2,0.6,auroc,delta_synth,False,5,,,,,,-0.0009390282539981954,0.007244916003536704,4,1,,,False,
Binary Matched-Size Augmentation Experiment,binary_matched_size_experiment,0.75,L0.20_U0.60,True,0.2,0.6,auroc,delta_real,False,5,,,,,,0.0012630036630036834,0.017204226762820504,5,0,,,False,
Binary Matched-Size Augmentation Experiment,binary_matched_size_experiment,0.75,L0.20_U0.60,True,0.2,0.6,auroc,g_real,False,5,,,,,,-0.016161358173076925,-0.0010095928924876386,0,5,,,False,
Binary Matched-Size Augmentation Experiment,binary_matched_size_experiment,0.75,L0.20_U0.70,True,0.2,0.7,macro_f1,delta_synth,True,5,50,0.02605096435970906,0.0010204385907103882,0.024075145100038345,0.02803138148738417,-0.022693493367933363,0.14997738406556108,3,2,0.54,1.1527015615828065,True,
Binary Matched-Size Augmentation Experiment,binary_matched_size_experiment,0.75,L0.20_U0.70,True,0.2,0.7,macro_f1,delta_real,True,5,50,0.022599921113959247,0.0008014150621471325,0.021050128895480934,0.02417753688601321,0.002684483152964963,0.07754236279542889,5,0,0.9,1.1527015615828065,True,
Binary Matched-Size Augmentation Experiment,binary_matched_size_experiment,0.75,L0.20_U0.70,True,0.2,0.7,macro_f1,g_real,True,5,50,0.0034510432457498116,0.000785340642363589,0.0019259943785015705,0.004964537013196947,-0.04171418061569376,0.07243502127013217,1,4,0.28,1.1527015615828065,True,
Binary Matched-Size Augmentation Experiment,binary_matched_size_experiment,0.75,L0.20_U0.70,True,0.2,0.7,auroc,delta_synth,True,5,50,0.0018324346427159132,0.00026775258903910916,0.001309955878196795,0.0023589022448396273,-0.00043031292043511416,0.006015915119363388,4,1,0.684,,False,
Binary Matched-Size Augmentation Experiment,binary_matched_size_experiment,0.75,L0.20_U0.70,True,0.2,0.7,auroc,delta_real,True,5,50,0.007797051915944843,0.0003381079742569774,0.007156736106561043,0.0084805320914834,0.0012630036630036834,0.017204226762820504,5,0,0.956,,False,
Binary Matched-Size Augmentation Experiment,binary_matched_size_experiment,0.75,L0.20_U0.70,True,0.2,0.7,auroc,g_real,True,5,50,-0.005964617273228929,0.00030792060765711516,-0.006582249269181236,-0.005383539997484434,-0.015469050480769237,-0.000428104716920521,0,5,0.124,,False,
Binary Matched-Size Augmentation Experiment,binary_matched_size_experiment,0.75,L0.20_U0.80,True,0.2,0.8,macro_f1,delta_synth,True,5,50,0.027072322947371358,0.0009182418895017735,0.025297409894015157,0.028878390847984273,-0.018310413023679716,0.14937154181261225,3,2,0.564,1.1978945771916722,True,
Binary Matched-Size Augmentation Experiment,binary_matched_size_experiment,0.75,L0.20_U0.80,True,0.2,0.8,macro_f1,delta_real,True,5,50,0.022599921113959247,0.0007915472538818822,0.02105221042761215,0.02417219347106354,0.002684483152964963,0.07754236279542889,5,0,0.9,1.1978945771916722,True,
Binary Matched-Size Augmentation Experiment,binary_matched_size_experiment,0.75,L0.20_U0.80,True,0.2,0.8,macro_f1,g_real,True,5,50,0.004472401833412114,0.0007074931805075795,0.003091055894956301,0.005884650444992469,-0.03733110027144011,0.07182917901718336,1,4,0.3,1.1978945771916722,True,
Binary Matched-Size Augmentation Experiment,binary_matched_size_experiment,0.75,L0.20_U0.80,True,0.2,0.8,auroc,delta_synth,True,5,50,0.0020662299506216874,0.0002592160630594998,0.0015755770621578196,0.002593179361483235,-0.0004050471724976745,0.006540229885057485,4,1,0.672,,False,
Binary Matched-Size Augmentation Experiment,binary_matched_size_experiment,0.75,L0.20_U0.80,True,0.2,0.8,auroc,delta_real,True,5,50,0.007797051915944843,0.0003378558792066917,0.00713535147534614,0.008474504393875162,0.0012630036630036834,0.017204226762820504,5,0,0.956,,False,
Binary Matched-Size Augmentation Experiment,binary_matched_size_experiment,0.75,L0.20_U0.80,True,0.2,0.8,auroc,g_real,True,5,50,-0.005730821965323156,0.00027820732490953226,-0.006266368915038512,-0.005181206871109721,-0.015053185096153858,-0.00048627819548873185,0,5,0.124,,False,
Binary Matched-Size Augmentation Experiment,binary_matched_size_experiment,0.75,L0.20_U0.90,True,0.2,0.9,macro_f1,delta_synth,True,5,50,0.027631503250626195,0.0009437071985109311,0.025778150547210193,0.029479338366020225,-0.015788732444101408,0.1501410321888025,3,2,0.56,1.2226371548509123,True,
Binary Matched-Size Augmentation Experiment,binary_matched_size_experiment,0.75,L0.20_U0.90,True,0.2,0.9,macro_f1,delta_real,True,5,50,0.022599921113959247,0.0007882754841636964,0.0210756601091903,0.02416443411216956,0.002684483152964963,0.07754236279542889,5,0,0.9,1.2226371548509123,True,
Binary Matched-Size Augmentation Experiment,binary_matched_size_experiment,0.75,L0.20_U0.90,True,0.2,0.9,macro_f1,g_real,True,5,50,0.00503158213666695,0.0007437262145338225,0.0035712294123973766,0.006503641793097467,-0.03480941969186181,0.07259866939337362,1,4,0.3,1.2226371548509123,True,
Binary Matched-Size Augmentation Experiment,binary_matched_size_experiment,0.75,L0.20_U0.90,True,0.2,0.9,auroc,delta_synth,True,5,50,0.0018560499649925295,0.00026655282290192497,0.0013388774475676121,0.0023777602220858727,-0.0005676984344360169,0.0064580017683465996,4,1,0.644,,False,
Binary Matched-Size Augmentation Experiment,binary_matched_size_experiment,0.75,L0.20_U0.90,True,0.2,0.9,auroc,delta_real,True,5,50,0.007797051915944843,0.00033964829768166736,0.007149101918901763,0.00847795408787448,0.0012630036630036834,0.017204226762820504,5,0,0.956,,False,
Binary Matched-Size Augmentation Experiment,binary_matched_size_experiment,0.75,L0.20_U0.90,True,0.2,0.9,auroc,g_real,True,5,50,-0.005941001950952314,0.0002874754068781213,-0.006505196563633505,-0.005388055446503496,-0.015514423076923084,-0.0004886567379988471,0,5,0.124,,False,
Binary Matched-Size Augmentation Experiment,binary_matched_size_experiment,0.75,L0.30_U0.60,True,0.3,0.6,macro_f1,delta_synth,False,5,,,,,,-0.025804004732420484,0.14754802094294045,3,2,,,False,analysis_incomplete
Binary Matched-Size Augmentation Experiment,binary_matched_size_experiment,0.75,L0.30_U0.60,True,0.3,0.6,macro_f1,delta_real,False,5,,,,,,0.002684483152964963,0.07754236279542889,5,0,,,False,analysis_incomplete
Binary Matched-Size Augmentation Experiment,binary_matched_size_experiment,0.75,L0.30_U0.60,True,0.3,0.6,macro_f1,g_real,False,5,,,,,,-0.04482469198018088,0.07000565814751156,1,4,,,False,analysis_incomplete
Binary Matched-Size Augmentation Experiment,binary_matched_size_experiment,0.75,L0.30_U0.60,True,0.3,0.6,auroc,delta_synth,False,5,,,,,,-0.0010502763751610478,0.007269672855879758,4,1,,,False,
Binary Matched-Size Augmentation Experiment,binary_matched_size_experiment,0.75,L0.30_U0.60,True,0.3,0.6,auroc,delta_real,False,5,,,,,,0.0012630036630036834,0.017204226762820504,5,0,,,False,
Binary Matched-Size Augmentation Experiment,binary_matched_size_experiment,0.75,L0.30_U0.60,True,0.3,0.6,auroc,g_real,False,5,,,,,,-0.016638721955128236,-0.0009892367135788404,0,5,,,False,
Binary Matched-Size Augmentation Experiment,binary_matched_size_experiment,0.75,L0.30_U0.70,True,0.3,0.7,macro_f1,delta_synth,True,5,50,0.02588762751167121,0.000991038507334583,0.02393008523387941,0.027837115545301976,-0.023839443245641637,0.1506200766857817,3,2,0.572,1.1454742421946442,True,
Binary Matched-Size Augmentation Experiment,binary_matched_size_experiment,0.75,L0.30_U0.70,True,0.3,0.7,macro_f1,delta_real,True,5,50,0.022599921113959247,0.0007822026475626172,0.021083444353045967,0.024158861137995077,0.002684483152964963,0.07754236279542889,5,0,0.9,1.1454742421946442,True,
Binary Matched-Size Augmentation Experiment,binary_matched_size_experiment,0.75,L0.30_U0.70,True,0.3,0.7,macro_f1,g_real,True,5,50,0.0032877063977119632,0.0008245659362493194,0.0017081033892315722,0.004898368467638687,-0.04286013049340204,0.07307771389035281,1,4,0.296,1.1454742421946442,True,
Binary Matched-Size Augmentation Experiment,binary_matched_size_experiment,0.75,L0.30_U0.70,True,0.3,0.7,auroc,delta_synth,True,5,50,0.0015201855147772135,0.00026905545624487297,0.0009971379708031524,0.0020546944938999298,-0.00033947698191139964,0.005391688770999135,4,1,0.668,,False,
Binary Matched-Size Augmentation Experiment,binary_matched_size_experiment,0.75,L0.30_U0.70,True,0.3,0.7,auroc,delta_real,True,5,50,0.007797051915944843,0.000339736973787302,0.007128593885345193,0.008463459005603788,0.0012630036630036834,0.017204226762820504,5,0,0.956,,False,
Binary Matched-Size Augmentation Experiment,binary_matched_size_experiment,0.75,L0.30_U0.70,True,0.3,0.7,auroc,g_real,True,5,50,-0.00627686640116763,0.00028215412680112706,-0.006822950949105332,-0.005720605229416387,-0.01628515625000001,-0.00042274275432170773,0,5,0.128,,False,
Binary Matched-Size Augmentation Experiment,binary_matched_size_experiment,0.75,L0.30_U0.80,True,0.3,0.8,macro_f1,delta_synth,True,5,50,0.02743058159222646,0.0009236349924830069,0.025581677184552353,0.02924456799174308,-0.01770719435848077,0.15167009982320803,3,2,0.572,1.21374678495154,True,
Binary Matched-Size Augmentation Experiment,binary_matched_size_experiment,0.75,L0.30_U0.80,True,0.3,0.8,macro_f1,delta_real,True,5,50,0.022599921113959247,0.0007945675196472184,0.02103866105334713,0.024148170280851405,0.002684483152964963,0.07754236279542889,5,0,0.9,1.21374678495154,True,
Binary Matched-Size Augmentation Experiment,binary_matched_size_experiment,0.75,L0.30_U0.80,True,0.3,0.8,macro_f1,g_real,True,5,50,0.004830660478267209,0.0007364820776098764,0.003369570082844032,0.006258155545536625,-0.036727881606241165,0.0741277370277791,1,4,0.292,1.21374678495154,True,
Binary Matched-Size Augmentation Experiment,binary_matched_size_experiment,0.75,L0.30_U0.80,True,0.3,0.8,auroc,delta_synth,True,5,50,0.0020003698574460544,0.00026243850681345756,0.0014915799323718798,0.002519648233522221,-0.0003766334344682054,0.006814323607427064,4,1,0.684,,False,
Binary Matched-Size Augmentation Experiment,binary_matched_size_experiment,0.75,L0.30_U0.80,True,0.3,0.8,auroc,delta_real,True,5,50,0.007797051915944843,0.0003343729007092729,0.007142178590395747,0.008453076951316748,0.0012630036630036834,0.017204226762820504,5,0,0.956,,False,
Binary Matched-Size Augmentation Experiment,binary_matched_size_experiment,0.75,L0.30_U0.80,True,0.3,0.8,auroc,g_real,True,5,50,-0.005796682058498788,0.00026753934539862817,-0.006323442425770327,-0.005274467378705804,-0.015483774038461528,-0.0005005823854507941,0,5,0.12,,False,
Binary Matched-Size Augmentation Experiment,binary_matched_size_experiment,0.75,L0.30_U0.90,True,0.3,0.9,macro_f1,delta_synth,True,5,50,0.02721379027371692,0.0009984729478010245,0.02526976520269478,0.029143233801956676,-0.017287831295589837,0.14958449675314386,3,2,0.58,1.2041542152511246,True,
Binary Matched-Size Augmentation Experiment,binary_matched_size_experiment,0.75,L0.30_U0.90,True,0.3,0.9,macro_f1,delta_real,True,5,50,0.022599921113959247,0.0007849895148101668,0.021044994513951608,0.024114198383044107,0.002684483152964963,0.07754236279542889,5,0,0.9,1.2041542152511246,True,
Binary Matched-Size Augmentation Experiment,binary_matched_size_experiment,0.75,L0.30_U0.90,True,0.3,0.9,macro_f1,g_real,True,5,50,0.004613869159757681,0.0007866466601262175,0.0030907778536545926,0.006161578937758224,-0.03630851854335024,0.07204213395771498,1,4,0.304,1.2041542152511246,True,
Binary Matched-Size Augmentation Experiment,binary_matched_size_experiment,0.75,L0.30_U0.90,True,0.3,0.9,auroc,delta_synth,True,5,50,0.0018290723735050391,0.0002674524403292748,0.0013041893312280511,0.002352443373513533,-0.0004991028261911401,0.0063342175066312964,4,1,0.648,,False,
Binary Matched-Size Augmentation Experiment,binary_matched_size_experiment,0.75,L0.30_U0.90,True,0.3,0.9,auroc,delta_real,True,5,50,0.007797051915944843,0.0003375090860085484,0.007149104813959588,0.008456133525943333,0.0012630036630036834,0.017204226762820504,5,0,0.956,,False,
Binary Matched-Size Augmentation Experiment,binary_matched_size_experiment,0.75,L0.30_U0.90,True,0.3,0.9,auroc,g_real,True,5,50,-0.005967979542439805,0.0002781178872724545,-0.006514902930021299,-0.005428996539138338,-0.015533353365384613,-0.00048265374975902775,0,5,0.092,,False,
Binary Matched-Size Augmentation Experiment,binary_matched_size_experiment,0.75,L0.40_U0.60,True,0.4,0.6,macro_f1,delta_synth,False,5,,,,,,-0.02716782378064524,0.14596649209246437,3,2,,,False,analysis_incomplete
Binary Matched-Size Augmentation Experiment,binary_matched_size_experiment,0.75,L0.40_U0.60,True,0.4,0.6,macro_f1,delta_real,False,5,,,,,,0.002684483152964963,0.07754236279542889,5,0,,,False,analysis_incomplete
Binary Matched-Size Augmentation Experiment,binary_matched_size_experiment,0.75,L0.40_U0.60,True,0.4,0.6,macro_f1,g_real,False,5,,,,,,-0.04618851102840564,0.06842412929703548,1,4,,,False,analysis_incomplete
Binary Matched-Size Augmentation Experiment,binary_matched_size_experiment,0.75,L0.40_U0.60,True,0.4,0.6,auroc,delta_synth,False,5,,,,,,-0.0010323314678499073,0.007785145888594167,4,1,,,False,
Binary Matched-Size Augmentation Experiment,binary_matched_size_experiment,0.75,L0.40_U0.60,True,0.4,0.6,auroc,delta_real,False,5,,,,,,0.0012630036630036834,0.017204226762820504,5,0,,,False,
Binary Matched-Size Augmentation Experiment,binary_matched_size_experiment,0.75,L0.40_U0.60,True,0.4,0.6,auroc,g_real,False,5,,,,,,-0.01664393028846154,-0.0009545305571621365,0,5,,,False,
Binary Matched-Size Augmentation Experiment,binary_matched_size_experiment,0.75,L0.40_U0.70,True,0.4,0.7,macro_f1,delta_synth,True,5,50,0.026250728321740385,0.0009801650161989875,0.02431942829563772,0.028147498543718296,-0.021626550020761363,0.149989092104959,3,2,0.56,1.1615407058003469,True,
Binary Matched-Size Augmentation Experiment,binary_matched_size_experiment,0.75,L0.40_U0.70,True,0.4,0.7,macro_f1,delta_real,True,5,50,0.022599921113959247,0.0007989958188492985,0.021066068206268614,0.024203273045901294,0.002684483152964963,0.07754236279542889,5,0,0.9,1.1615407058003469,True,
Binary Matched-Size Augmentation Experiment,binary_matched_size_experiment,0.75,L0.40_U0.70,True,0.4,0.7,macro_f1,g_real,True,5,50,0.003650807207781141,0.0007936827083482094,0.002090368428535778,0.005188460109097646,-0.040647237268521756,0.07244672930953011,1,4,0.304,1.1615407058003469,True,
Binary Matched-Size Augmentation Experiment,binary_matched_size_experiment,0.75,L0.40_U0.70,True,0.4,0.7,auroc,delta_synth,True,5,50,0.0018794363068374725,0.0002512797927199901,0.0013873174343537011,0.002377834022252108,-0.000346245909850067,0.005988505747126442,4,1,0.7,,False,
Binary Matched-Size Augmentation Experiment,binary_matched_size_experiment,0.75,L0.40_U0.70,True,0.4,0.7,auroc,delta_real,True,5,50,0.007797051915944843,0.00033631981643391534,0.007142343459790808,0.008463073893308259,0.0012630036630036834,0.017204226762820504,5,0,0.956,,False,
Binary Matched-Size Augmentation Experiment,binary_matched_size_experiment,0.75,L0.40_U0.70,True,0.4,0.7,auroc,g_real,True,5,50,-0.0059176156091073715,0.000296188578180425,-0.006489273454674788,-0.0053240005920374015,-0.015349759615384624,-0.00039169237195552987,0,5,0.14,,False,
Binary Matched-Size Augmentation Experiment,binary_matched_size_experiment,0.75,L0.40_U0.80,True,0.4,0.8,macro_f1,delta_synth,True,5,50,0.027325344636057142,0.0009558171099135035,0.025465627731970295,0.029165570295577536,-0.01825603530633775,0.15082705774598687,3,2,0.572,1.2090902662124405,True,
Binary Matched-Size Augmentation Experiment,binary_matched_size_experiment,0.75,L0.40_U0.80,True,0.4,0.8,macro_f1,delta_real,True,5,50,0.022599921113959247,0.00078875681262077,0.02105779671411705,0.024135255612315137,0.002684483152964963,0.07754236279542889,5,0,0.9,1.2090902662124405,True,
Binary Matched-Size Augmentation Experiment,binary_matched_size_experiment,0.75,L0.40_U0.80,True,0.4,0.8,macro_f1,g_real,True,5,50,0.0047254235220978895,0.0007708090862062765,0.003214612846833468,0.006220798491563744,-0.037276722554098154,0.07328469495055795,1,4,0.32,1.2090902662124405,True,
Binary Matched-Size Augmentation Experiment,binary_matched_size_experiment,0.75,L0.40_U0.80,True,0.4,0.8,auroc,delta_synth,True,5,50,0.0018409616066072964,0.00026553354688135686,0.0013232449940563187,0.0023588537957056734,-0.00041645752113836034,0.006497789566755096,4,1,0.68,,False,
Binary Matched-Size Augmentation Experiment,binary_matched_size_experiment,0.75,L0.40_U0.80,True,0.4,0.8,auroc,delta_real,True,5,50,0.007797051915944843,0.0003336337062994523,0.007160259364495311,0.00846703700676393,0.0012630036630036834,0.017204226762820504,5,0,0.956,,False,
Binary Matched-Size Augmentation Experiment,binary_matched_size_experiment,0.75,L0.40_U0.80,True,0.4,0.8,auroc,g_real,True,5,50,-0.005956090309337548,0.0002974475509721784,-0.0065500451310638854,-0.0053834738250149675,-0.015866586538461548,-0.0005513720197930749,0,5,0.128,,False,
Binary Matched-Size Augmentation Experiment,binary_matched_size_experiment,0.75,L0.40_U0.90,True,0.4,0.9,macro_f1,delta_synth,True,5,50,0.027022989728960896,0.0009717431955379976,0.025128587665482406,0.02893394942738449,-0.01971633947190027,0.15137081531403035,3,2,0.576,1.195711683801837,True,
Binary Matched-Size Augmentation Experiment,binary_matched_size_experiment,0.75,L0.40_U0.90,True,0.4,0.9,macro_f1,delta_real,True,5,50,0.022599921113959247,0.0008002943823939962,0.0210444370610674,0.024165770971034846,0.002684483152964963,0.07754236279542889,5,0,0.9,1.195711683801837,True,
Binary Matched-Size Augmentation Experiment,binary_matched_size_experiment,0.75,L0.40_U0.90,True,0.4,0.9,macro_f1,g_real,True,5,50,0.0044230686150016464,0.0007976020802709378,0.0028717541278074884,0.006005918080418323,-0.03873702671966067,0.07382845251860143,1,4,0.312,1.195711683801837,True,
Binary Matched-Size Augmentation Experiment,binary_matched_size_experiment,0.75,L0.40_U0.90,True,0.4,0.9,auroc,delta_synth,True,5,50,0.0017952452333646197,0.0002516862492414337,0.0013157632276918395,0.0022860888255611896,-0.00041764182676532255,0.00632449160035365,4,1,0.652,,False,
Binary Matched-Size Augmentation Experiment,binary_matched_size_experiment,0.75,L0.40_U0.90,True,0.4,0.9,auroc,delta_real,True,5,50,0.007797051915944843,0.000332522453556249,0.007137322235039521,0.0084552922142143,0.0012630036630036834,0.017204226762820504,5,0,0.956,,False,
Binary Matched-Size Augmentation Experiment,binary_matched_size_experiment,0.75,L0.40_U0.90,True,0.4,0.9,auroc,g_real,True,5,50,-0.006001806682580223,0.00027478912243811634,-0.006533597019420876,-0.005459930978835444,-0.015617387820512828,-0.0005810865304286473,0,5,0.124,,False,
Binary Matched-Size Augmentation Experiment,binary_matched_size_experiment,1.0,OFF,False,,,macro_f1,delta_synth,True,5,50,0.031067596972675277,0.0010345375340488799,0.029085652020399373,0.03306274215251246,-0.02050399819044452,0.1712064402011252,3,2,0.576,1.1198558463242303,True,
Binary Matched-Size Augmentation Experiment,binary_matched_size_experiment,1.0,OFF,False,,,macro_f1,delta_real,True,5,50,0.027742496567437946,0.0009008798208384702,0.02600280424774941,0.029486988271846808,0.0038385390736920045,0.09716510142472659,5,0,0.948,1.1198558463242303,True,
Binary Matched-Size Augmentation Experiment,binary_matched_size_experiment,1.0,OFF,False,,,macro_f1,g_real,True,5,50,0.0033251004052373364,0.0007591253711991773,0.0018392786852018171,0.00479083567182105,-0.0419971807981763,0.07404133877639861,1,4,0.268,1.1198558463242303,True,
Binary Matched-Size Augmentation Experiment,binary_matched_size_experiment,1.0,OFF,False,,,auroc,delta_synth,True,5,50,0.00199163525209103,0.000267155588408673,0.0014750241574157676,0.0025137782583583663,-0.0005583731641126622,0.007741821396993831,4,1,0.668,,False,
Binary Matched-Size Augmentation Experiment,binary_matched_size_experiment,1.0,OFF,False,,,auroc,delta_real,True,5,50,0.009410180627359082,0.00035699525864925575,0.008722977321551341,0.0101106970965399,0.0015733645009960817,0.02023086939102563,5,0,0.968,,False,
Binary Matched-Size Augmentation Experiment,binary_matched_size_experiment,1.0,OFF,False,,,auroc,g_real,True,5,50,-0.007418545375268051,0.00031161924021022607,-0.008027935080335022,-0.006807518956463159,-0.019420372596153857,-0.0006990794293425662,0,5,0.076,,False,
Binary Matched-Size Augmentation Experiment,binary_matched_size_experiment,1.0,L0.10_U0.60,True,0.1,0.6,macro_f1,delta_synth,False,5,,,,,,-0.029155090675653365,0.16429150112743846,2,3,,,False,analysis_incomplete
Binary Matched-Size Augmentation Experiment,binary_matched_size_experiment,1.0,L0.10_U0.60,True,0.1,0.6,macro_f1,delta_real,False,5,,,,,,0.0038385390736920045,0.09716510142472659,5,0,,,False,analysis_incomplete
Binary Matched-Size Augmentation Experiment,binary_matched_size_experiment,1.0,L0.10_U0.60,True,0.1,0.6,macro_f1,g_real,False,5,,,,,,-0.05064827328338515,0.06712639970271184,1,4,,,False,analysis_incomplete
Binary Matched-Size Augmentation Experiment,binary_matched_size_experiment,1.0,L0.10_U0.60,True,0.1,0.6,auroc,delta_synth,False,5,,,,,,-0.0014148904713023635,0.007492484526967307,3,2,,,False,
Binary Matched-Size Augmentation Experiment,binary_matched_size_experiment,1.0,L0.10_U0.60,True,0.1,0.6,auroc,delta_real,False,5,,,,,,0.0015733645009960817,0.02023086939102563,5,0,,,False,
Binary Matched-Size Augmentation Experiment,binary_matched_size_experiment,1.0,L0.10_U0.60,True,0.1,0.6,auroc,g_real,False,5,,,,,,-0.020396534455128207,-0.0014653814022235023,0,5,,,False,
Binary Matched-Size Augmentation Experiment,binary_matched_size_experiment,1.0,L0.10_U0.70,True,0.1,0.7,macro_f1,delta_synth,True,5,50,0.030371031246322427,0.0010015699936211612,0.028425303210011944,0.03235998534240445,-0.021981360681054482,0.17147498261886013,3,2,0.516,1.094747589586788,True,
Binary Matched-Size Augmentation Experiment,binary_matched_size_experiment,1.0,L0.10_U0.70,True,0.1,0.7,macro_f1,delta_real,True,5,50,0.027742496567437946,0.0009027092293521607,0.02599368164856125,0.02953524666896264,0.0038385390736920045,0.09716510142472659,5,0,0.948,1.094747589586788,True,
Binary Matched-Size Augmentation Experiment,binary_matched_size_experiment,1.0,L0.10_U0.70,True,0.1,0.7,macro_f1,g_real,True,5,50,0.002628534678884483,0.0007964421981745306,0.0010633673042335621,0.004170888157451275,-0.04347454328878626,0.07430988119413354,1,4,0.252,1.094747589586788,True,
Binary Matched-Size Augmentation Experiment,binary_matched_size_experiment,1.0,L0.10_U0.70,True,0.1,0.7,auroc,delta_synth,True,5,50,0.00180187986694667,0.00028561703413830845,0.001246089810705116,0.0023666745041298295,-0.000571120192078407,0.007327144120247559,4,1,0.652,,False,
Binary Matched-Size Augmentation Experiment,binary_matched_size_experiment,1.0,L0.10_U0.70,True,0.1,0.7,auroc,delta_real,True,5,50,0.009410180627359082,0.00036359357677470363,0.008696007913053604,0.010130778865924962,0.0015733645009960817,0.02023086939102563,5,0,0.968,,False,
Binary Matched-Size Augmentation Experiment,binary_matched_size_experiment,1.0,L0.10_U0.70,True,0.1,0.7,auroc,g_real,True,5,50,-0.007608300760412412,0.0003206186380299175,-0.008235203378690915,-0.006992275041422464,-0.019864082532051283,-0.0007180844740055026,0,5,0.064,,False,
Binary Matched-Size Augmentation Experiment,binary_matched_size_experiment,1.0,L0.10_U0.80,True,0.1,0.8,macro_f1,delta_synth,True,5,50,0.03014995422026747,0.0010064117190559275,0.028206462840163392,0.03213870316714941,-0.022694575637693202,0.16900698994514557,3,2,0.56,1.0867786951681637,True,
Binary Matched-Size Augmentation Experiment,binary_matched_size_experiment,1.0,L0.10_U0.80,True,0.1,0.8,macro_f1,delta_real,True,5,50,0.027742496567437946,0.0009089067052906675,0.025996572155293954,0.029549789039279534,0.0038385390736920045,0.09716510142472659,5,0,0.948,1.0867786951681637,True,
Binary Matched-Size Augmentation Experiment,binary_matched_size_experiment,1.0,L0.10_U0.80,True,0.1,0.8,macro_f1,g_real,True,5,50,0.002407457652829522,0.0007946398963296745,0.0008235297480863404,0.003960734053785972,-0.04418775824542499,0.07184188852041898,1,4,0.256,1.0867786951681637,True,
Binary Matched-Size Augmentation Experiment,binary_matched_size_experiment,1.0,L0.10_U0.80,True,0.1,0.8,auroc,delta_synth,True,5,50,0.002121362570774891,0.0002749034112477921,0.0015911396666684215,0.00266377246955445,-0.0005496110871817073,0.007960212201591512,4,1,0.664,,False,
Binary Matched-Size Augmentation Experiment,binary_matched_size_experiment,1.0,L0.10_U0.80,True,0.1,0.8,auroc,delta_real,True,5,50,0.009410180627359082,0.00035626149988590884,0.008725269527817204,0.010114554146452442,0.0015733645009960817,0.02023086939102563,5,0,0.968,,False,
Binary Matched-Size Augmentation Experiment,binary_matched_size_experiment,1.0,L0.10_U0.80,True,0.1,0.8,auroc,g_real,True,5,50,-0.007288818056584191,0.0003100132978150086,-0.007874002359329417,-0.0066654332575876865,-0.019294971955128196,-0.0007359785682153941,0,5,0.076,,False,
Binary Matched-Size Augmentation Experiment,binary_matched_size_experiment,1.0,L0.10_U0.90,True,0.1,0.9,macro_f1,delta_synth,True,5,50,0.030889025887106132,0.000993999223386944,0.028940368062963222,0.032814191661422625,-0.01895267543819935,0.17018600491394356,3,2,0.544,1.113419111795488,True,
Binary Matched-Size Augmentation Experiment,binary_matched_size_experiment,1.0,L0.10_U0.90,True,0.1,0.9,macro_f1,delta_real,True,5,50,0.027742496567437946,0.0009124101799059924,0.025978462081076382,0.0295603504734772,0.0038385390736920045,0.09716510142472659,5,0,0.948,1.113419111795488,True,
Binary Matched-Size Augmentation Experiment,binary_matched_size_experiment,1.0,L0.10_U0.90,True,0.1,0.9,macro_f1,g_real,True,5,50,0.0031465293196681794,0.0007265850694598029,0.0017043370337197575,0.004582337393042076,-0.040445858045931135,0.07302090348921696,1,4,0.252,1.113419111795488,True,
Binary Matched-Size Augmentation Experiment,binary_matched_size_experiment,1.0,L0.10_U0.90,True,0.1,0.9,auroc,delta_synth,True,5,50,0.002264681070402512,0.00027334640025366734,0.0017522171398244996,0.00281654001427526,-0.0006518743795875182,0.008804597701149424,4,1,0.644,,False,
Binary Matched-Size Augmentation Experiment,binary_matched_size_experiment,1.0,L0.10_U0.90,True,0.1,0.9,auroc,delta_real,True,5,50,0.009410180627359082,0.0003591242197199865,0.008717805937499606,0.010113623399790944,0.0015733645009960817,0.02023086939102563,5,0,0.968,,False,
Binary Matched-Size Augmentation Experiment,binary_matched_size_experiment,1.0,L0.10_U0.90,True,0.1,0.9,auroc,g_real,True,5,50,-0.007145499556956569,0.0003081505441600049,-0.007748565583339912,-0.00654070685754332,-0.01890635016025642,-0.0007243927125505988,0,5,0.076,,False,
Binary Matched-Size Augmentation Experiment,binary_matched_size_experiment,1.0,L0.20_U0.60,True,0.2,0.6,macro_f1,delta_synth,False,5,,,,,,-0.027030055346455778,0.16503595428413537,3,2,,,False,analysis_incomplete
Binary Matched-Size Augmentation Experiment,binary_matched_size_experiment,1.0,L0.20_U0.60,True,0.2,0.6,macro_f1,delta_real,False,5,,,,,,0.0038385390736920045,0.09716510142472659,5,0,,,False,analysis_incomplete
Binary Matched-Size Augmentation Experiment,binary_matched_size_experiment,1.0,L0.20_U0.60,True,0.2,0.6,macro_f1,g_real,False,5,,,,,,-0.04852323795418756,0.06787085285940876,1,4,,,False,analysis_incomplete
Binary Matched-Size Augmentation Experiment,binary_matched_size_experiment,1.0,L0.20_U0.60,True,0.2,0.6,auroc,delta_synth,False,5,,,,,,-0.0013363592560981475,0.0076030061892130955,3,2,,,False,
Binary Matched-Size Augmentation Experiment,binary_matched_size_experiment,1.0,L0.20_U0.60,True,0.2,0.6,auroc,delta_real,False,5,,,,,,0.0015733645009960817,0.02023086939102563,5,0,,,False,
Binary Matched-Size Augmentation Experiment,binary_matched_size_experiment,1.0,L0.20_U0.60,True,0.2,0.6,auroc,g_real,False,5,,,,,,-0.0204822716346154,-0.0014761029175502816,0,5,,,False,
Binary Matched-Size Augmentation Experiment,binary_matched_size_experiment,1.0,L0.20_U0.70,True,0.2,0.7,macro_f1,delta_synth,True,5,50,0.02956667653110496,0.0010358936344339897,0.02759729973484402,0.031664472587233324,-0.023929428354300734,0.16951381133585272,3,2,0.544,1.065753994390256,True,
Binary Matched-Size Augmentation Experiment,binary_matched_size_experiment,1.0,L0.20_U0.70,True,0.2,0.7,macro_f1,delta_real,True,5,50,0.027742496567437946,0.0009074596346575979,0.025984555902517477,0.02953506117686404,0.0038385390736920045,0.09716510142472659,5,0,0.948,1.065753994390256,True,
Binary Matched-Size Augmentation Experiment,binary_matched_size_experiment,1.0,L0.20_U0.70,True,0.2,0.7,macro_f1,g_real,True,5,50,0.0018241799636670136,0.0007883741384250712,0.000292546130230541,0.0033875791291373037,-0.04542261096203251,0.07234870991112614,1,4,0.248,1.065753994390256,True,
Binary Matched-Size Augmentation Experiment,binary_matched_size_experiment,1.0,L0.20_U0.70,True,0.2,0.7,auroc,delta_synth,True,5,50,0.001974120872645759,0.0002742722566982675,0.0014402991194022408,0.002511016931066134,-0.0005620304696043709,0.007612732095490706,4,1,0.66,,False,
Binary Matched-Size Augmentation Experiment,binary_matched_size_experiment,1.0,L0.20_U0.70,True,0.2,0.7,auroc,delta_real,True,5,50,0.009410180627359082,0.000358792298324243,0.008711456713050637,0.010115976130017185,0.0015733645009960817,0.02023086939102563,5,0,0.968,,False,
Binary Matched-Size Augmentation Experiment,binary_matched_size_experiment,1.0,L0.20_U0.70,True,0.2,0.7,auroc,g_real,True,5,50,-0.007436059754713323,0.000330872870059765,-0.008080746756764002,-0.006775403944358954,-0.019342247596153876,-0.0007030035023456027,0,5,0.068,,False,
Binary Matched-Size Augmentation Experiment,binary_matched_size_experiment,1.0,L0.20_U0.80,True,0.2,0.8,macro_f1,delta_synth,True,5,50,0.03141160020638151,0.0009805929793858205,0.029509505551801322,0.03337468191245513,-0.01871208279221452,0.1703198156686303,3,2,0.576,1.1322557120994683,True,
Binary Matched-Size Augmentation Experiment,binary_matched_size_experiment,1.0,L0.20_U0.80,True,0.2,0.8,macro_f1,delta_real,True,5,50,0.027742496567437946,0.0009108236797497075,0.025997027054502523,0.029548252587073973,0.0038385390736920045,0.09716510142472659,5,0,0.948,1.1322557120994683,True,
Binary Matched-Size Augmentation Experiment,binary_matched_size_experiment,1.0,L0.20_U0.80,True,0.2,0.8,macro_f1,g_real,True,5,50,0.0036691036389435647,0.0007309013210263694,0.0022263653211705464,0.005090588281853549,-0.04020526539994631,0.07315471424390374,1,4,0.296,1.1322557120994683,True,
Binary Matched-Size Augmentation Experiment,binary_matched_size_experiment,1.0,L0.20_U0.80,True,0.2,0.8,auroc,delta_synth,True,5,50,0.002284293010718502,0.0002719113350597804,0.0017536254801916863,0.002827652280073373,-0.000488511928145603,0.008378426171529611,4,1,0.676,,False,
Binary Matched-Size Augmentation Experiment,binary_matched_size_experiment,1.0,L0.20_U0.80,True,0.2,0.8,auroc,delta_real,True,5,50,0.009410180627359082,0.00035828759155965656,0.008719022328229797,0.010127968296531113,0.0015733645009960817,0.02023086939102563,5,0,0.968,,False,
Binary Matched-Size Augmentation Experiment,binary_matched_size_experiment,1.0,L0.20_U0.80,True,0.2,0.8,auroc,g_real,True,5,50,-0.007125887616640579,0.000314494732494138,-0.007743429229139967,-0.006499706345855929,-0.018992588141025644,-0.0006816632928474964,0,5,0.084,,False,
Binary Matched-Size Augmentation Experiment,binary_matched_size_experiment,1.0,L0.20_U0.90,True,0.2,0.9,macro_f1,delta_synth,True,5,50,0.031280963203418014,0.0010131541376142128,0.029302480763416693,0.03330276372990607,-0.01982452654881476,0.17157357272772966,3,2,0.552,1.1275467990913715,True,
Binary Matched-Size Augmentation Experiment,binary_matched_size_experiment,1.0,L0.20_U0.90,True,0.2,0.9,macro_f1,delta_real,True,5,50,0.027742496567437946,0.0008972004673952742,0.02595015869359096,0.029491442185816997,0.0038385390736920045,0.09716510142472659,5,0,0.948,1.1275467990913715,True,
Binary Matched-Size Augmentation Experiment,binary_matched_size_experiment,1.0,L0.20_U0.90,True,0.2,0.9,macro_f1,g_real,True,5,50,0.0035384666359800573,0.0007405788109511931,0.002090171492357609,0.005009865149261348,-0.04131770915654655,0.07440847130300303,1,4,0.26,1.1275467990913715,True,
Binary Matched-Size Augmentation Experiment,binary_matched_size_experiment,1.0,L0.20_U0.90,True,0.2,0.9,auroc,delta_synth,True,5,50,0.002183359170319979,0.0002673321650836733,0.0016634972330372548,0.0027082020777308446,-0.0006261771026023122,0.008267020335985854,4,1,0.66,,False,
Binary Matched-Size Augmentation Experiment,binary_matched_size_experiment,1.0,L0.20_U0.90,True,0.2,0.9,auroc,delta_real,True,5,50,0.009410180627359082,0.0003627166985911978,0.0087049754932504,0.01012408082390767,0.0015733645009960817,0.02023086939102563,5,0,0.968,,False,
Binary Matched-Size Augmentation Experiment,binary_matched_size_experiment,1.0,L0.20_U0.90,True,0.2,0.9,auroc,g_real,True,5,50,-0.007226821457039102,0.0003084602194113035,-0.007825766783766598,-0.006620793047065896,-0.019020032051282044,-0.0006805338667180715,0,5,0.076,,False,
Binary Matched-Size Augmentation Experiment,binary_matched_size_experiment,1.0,L0.30_U0.60,True,0.3,0.6,macro_f1,delta_synth,False,5,,,,,,-0.02711997689381431,0.16577927141560855,3,2,,,False,analysis_incomplete
Binary Matched-Size Augmentation Experiment,binary_matched_size_experiment,1.0,L0.30_U0.60,True,0.3,0.6,macro_f1,delta_real,False,5,,,,,,0.0038385390736920045,0.09716510142472659,5,0,,,False,analysis_incomplete
Binary Matched-Size Augmentation Experiment,binary_matched_size_experiment,1.0,L0.30_U0.60,True,0.3,0.6,macro_f1,g_real,False,5,,,,,,-0.048613159501546085,0.06861416999088196,1,4,,,False,analysis_incomplete
Binary Matched-Size Augmentation Experiment,binary_matched_size_experiment,1.0,L0.30_U0.60,True,0.3,0.6,auroc,delta_synth,False,5,,,,,,-0.0014367225074177802,0.007587091069849694,3,2,,,False,
Binary Matched-Size Augmentation Experiment,binary_matched_size_experiment,1.0,L0.30_U0.60,True,0.3,0.6,auroc,delta_real,False,5,,,,,,0.0015733645009960817,0.02023086939102563,5,0,,,False,
Binary Matched-Size Augmentation Experiment,binary_matched_size_experiment,1.0,L0.30_U0.60,True,0.3,0.6,auroc,g_real,False,5,,,,,,-0.020774439102564105,-0.0014316520467835957,0,5,,,False,
Binary Matched-Size Augmentation Experiment,binary_matched_size_experiment,1.0,L0.30_U0.70,True,0.3,0.7,macro_f1,delta_synth,True,5,50,0.029910160907019007,0.0010794439244078734,0.027816013898640222,0.03202801696298798,-0.02295343686369682,0.16966768051499123,3,2,0.56,1.0781351575303177,True,
Binary Matched-Size Augmentation Experiment,binary_matched_size_experiment,1.0,L0.30_U0.70,True,0.3,0.7,macro_f1,delta_real,True,5,50,0.027742496567437946,0.0009000647994447934,0.025970127078304497,0.02949253593254273,0.0038385390736920045,0.09716510142472659,5,0,0.948,1.0781351575303177,True,
Binary Matched-Size Augmentation Experiment,binary_matched_size_experiment,1.0,L0.30_U0.70,True,0.3,0.7,macro_f1,g_real,True,5,50,0.0021676643395810583,0.0008448752905436479,0.00049708240781112,0.003825599238037427,-0.04444661947142861,0.07250257909026464,1,4,0.252,1.0781351575303177,True,
Binary Matched-Size Augmentation Experiment,binary_matched_size_experiment,1.0,L0.30_U0.70,True,0.3,0.7,auroc,delta_synth,True,5,50,0.0016249068562161572,0.00027639179598594704,0.0010883664328733293,0.0021836952837728635,-0.0004519294445797661,0.006651635720601237,4,1,0.636,,False,
Binary Matched-Size Augmentation Experiment,binary_matched_size_experiment,1.0,L0.30_U0.70,True,0.3,0.7,auroc,delta_real,True,5,50,0.009410180627359082,0.0003594857601431747,0.008712907086009348,0.010125637129157277,0.0015733645009960817,0.02023086939102563,5,0,0.968,,False,
Binary Matched-Size Augmentation Experiment,binary_matched_size_experiment,1.0,L0.30_U0.70,True,0.3,0.7,auroc,g_real,True,5,50,-0.007785273771142925,0.0003164330463610282,-0.00839514753021096,-0.007156100633254446,-0.020086939102564098,-0.0006804583574320233,0,5,0.06,,False,
Binary Matched-Size Augmentation Experiment,binary_matched_size_experiment,1.0,L0.30_U0.80,True,0.3,0.8,macro_f1,delta_synth,True,5,50,0.03140737940909952,0.0010004388118985477,0.029455633396371014,0.03338564048818332,-0.018976536088559336,0.17180918367078843,3,2,0.584,1.132103570158251,True,
Binary Matched-Size Augmentation Experiment,binary_matched_size_experiment,1.0,L0.30_U0.80,True,0.3,0.8,macro_f1,delta_real,True,5,50,0.027742496567437946,0.0009139766217688719,0.025973603368238618,0.029591597674578248,0.0038385390736920045,0.09716510142472659,5,0,0.948,1.132103570158251,True,
Binary Matched-Size Augmentation Experiment,binary_matched_size_experiment,1.0,L0.30_U0.80,True,0.3,0.8,macro_f1,g_real,True,5,50,0.003664882841661577,0.0007494765152094211,0.002202089929847632,0.0051231523256351115,-0.04046971869629111,0.07464408224606185,1,4,0.264,1.132103570158251,True,
Binary Matched-Size Augmentation Experiment,binary_matched_size_experiment,1.0,L0.30_U0.80,True,0.3,0.8,auroc,delta_synth,True,5,50,0.0022186517899139844,0.0002686290680594435,0.00170324054838515,0.00274912983987685,-0.00047294825974291576,0.008419982316534035,4,1,0.684,,False,
Binary Matched-Size Augmentation Experiment,binary_matched_size_experiment,1.0,L0.30_U0.80,True,0.3,0.8,auroc,delta_real,True,5,50,0.009410180627359082,0.0003624560973296787,0.008711904231072279,0.010141676548464785,0.0015733645009960817,0.02023086939102563,5,0,0.968,,False,
Binary Matched-Size Augmentation Experiment,binary_matched_size_experiment,1.0,L0.30_U0.80,True,0.3,0.8,auroc,g_real,True,5,50,-0.007191528837445098,0.0002949131683109813,-0.0077621055915720666,-0.00660715062093393,-0.019238581730769234,-0.0006684909388856464,0,5,0.072,,False,
Binary Matched-Size Augmentation Experiment,binary_matched_size_experiment,1.0,L0.30_U0.90,True,0.3,0.9,macro_f1,delta_synth,True,5,50,0.03131919488594045,0.0010816865479700627,0.029197234366298296,0.03343067856111619,-0.01802658726825683,0.1699483347687064,3,2,0.568,1.1289248900079367,True,
Binary Matched-Size Augmentation Experiment,binary_matched_size_experiment,1.0,L0.30_U0.90,True,0.3,0.9,macro_f1,delta_real,True,5,50,0.027742496567437946,0.0009103340971147788,0.025957009381529516,0.029553425851587486,0.0038385390736920045,0.09716510142472659,5,0,0.948,1.1289248900079367,True,
Binary Matched-Size Augmentation Experiment,binary_matched_size_experiment,1.0,L0.30_U0.90,True,0.3,0.9,macro_f1,g_real,True,5,50,0.0035766983185025005,0.0008092259329373886,0.0019913523006135554,0.005150995184413929,-0.03951976987598862,0.07278323334397982,1,4,0.268,1.1289248900079367,True,
Binary Matched-Size Augmentation Experiment,binary_matched_size_experiment,1.0,L0.30_U0.90,True,0.3,0.9,auroc,delta_synth,True,5,50,0.002035073350627017,0.0002761930955873161,0.001489456968201302,0.0025634114278937853,-0.0005789700472455151,0.007738284703801968,4,1,0.652,,False,
Binary Matched-Size Augmentation Experiment,binary_matched_size_experiment,1.0,L0.30_U0.90,True,0.3,0.9,auroc,delta_real,True,5,50,0.009410180627359082,0.0003568214827962483,0.008715949112215205,0.010119401803815672,0.0015733645009960817,0.02023086939102563,5,0,0.968,,False,
Binary Matched-Size Augmentation Experiment,binary_matched_size_experiment,1.0,L0.30_U0.90,True,0.3,0.9,auroc,g_real,True,5,50,-0.007375107276732065,0.000308399602191503,-0.007984653575601528,-0.00677366609725159,-0.01916656650641024,-0.0006897917871601944,0,5,0.068,,False,
Binary Matched-Size Augmentation Experiment,binary_matched_size_experiment,1.0,L0.40_U0.60,True,0.4,0.6,macro_f1,delta_synth,False,5,,,,,,-0.026948544681906376,0.16450806190887143,3,2,,,False,analysis_incomplete
Binary Matched-Size Augmentation Experiment,binary_matched_size_experiment,1.0,L0.40_U0.60,True,0.4,0.6,macro_f1,delta_real,False,5,,,,,,0.0038385390736920045,0.09716510142472659,5,0,,,False,analysis_incomplete
Binary Matched-Size Augmentation Experiment,binary_matched_size_experiment,1.0,L0.40_U0.60,True,0.4,0.6,macro_f1,g_real,False,5,,,,,,-0.04844172728963816,0.0673429604841448,1,4,,,False,analysis_incomplete
Binary Matched-Size Augmentation Experiment,binary_matched_size_experiment,1.0,L0.40_U0.60,True,0.4,0.6,auroc,delta_synth,False,5,,,,,,-0.0014069554215592882,0.008171529619805506,3,2,,,False,
Binary Matched-Size Augmentation Experiment,binary_matched_size_experiment,1.0,L0.40_U0.60,True,0.4,0.6,auroc,delta_real,False,5,,,,,,0.0015733645009960817,0.02023086939102563,5,0,,,False,
Binary Matched-Size Augmentation Experiment,binary_matched_size_experiment,1.0,L0.40_U0.60,True,0.4,0.6,auroc,g_real,False,5,,,,,,-0.02082131410256409,-0.0014075204035730216,0,5,,,False,
Binary Matched-Size Augmentation Experiment,binary_matched_size_experiment,1.0,L0.40_U0.70,True,0.4,0.7,macro_f1,delta_synth,True,5,50,0.03014890249886018,0.001048255309373184,0.028087001121779996,0.032189757407834634,-0.023805576309134956,0.17156357891189017,3,2,0.58,1.0867407850469626,True,
Binary Matched-Size Augmentation Experiment,binary_matched_size_experiment,1.0,L0.40_U0.70,True,0.4,0.7,macro_f1,delta_real,True,5,50,0.027742496567437946,0.0009152608555809612,0.02595728648524916,0.029513654342094846,0.0038385390736920045,0.09716510142472659,5,0,0.948,1.0867407850469626,True,
Binary Matched-Size Augmentation Experiment,binary_matched_size_experiment,1.0,L0.40_U0.70,True,0.4,0.7,macro_f1,g_real,True,5,50,0.002406405931422231,0.0008007186428199214,0.0008445655171921324,0.003976193858855833,-0.045298758916866744,0.07439847748716356,1,4,0.264,1.0867407850469626,True,
Binary Matched-Size Augmentation Experiment,binary_matched_size_experiment,1.0,L0.40_U0.70,True,0.4,0.7,auroc,delta_synth,True,5,50,0.0020220319805840546,0.0002651153133565231,0.0015205179980998266,0.002560622906847637,-0.00043729096233291687,0.0071741821396993895,4,1,0.668,,False,
Binary Matched-Size Augmentation Experiment,binary_matched_size_experiment,1.0,L0.40_U0.70,True,0.4,0.7,auroc,delta_real,True,5,50,0.009410180627359082,0.00035687496532391084,0.008704337824540298,0.010123632559130881,0.0015733645009960817,0.02023086939102563,5,0,0.968,,False,
Binary Matched-Size Augmentation Experiment,binary_matched_size_experiment,1.0,L0.40_U0.70,True,0.4,0.7,auroc,g_real,True,5,50,-0.007388148646775028,0.0003279478331690683,-0.008032702497343924,-0.006746477676632613,-0.01883163060897437,-0.0006746505687295046,0,5,0.072,,False,
Binary Matched-Size Augmentation Experiment,binary_matched_size_experiment,1.0,L0.40_U0.80,True,0.4,0.8,macro_f1,delta_synth,True,5,50,0.03145000663377964,0.0010219422733478702,0.02941326259887823,0.0334021610679316,-0.019551524308305143,0.1716731101690062,3,2,0.612,1.1336401018318334,True,
Binary Matched-Size Augmentation Experiment,binary_matched_size_experiment,1.0,L0.40_U0.80,True,0.4,0.8,macro_f1,delta_real,True,5,50,0.027742496567437946,0.0009053194072574287,0.02597731017777927,0.029535154645269412,0.0038385390736920045,0.09716510142472659,5,0,0.948,1.1336401018318334,True,
Binary Matched-Size Augmentation Experiment,binary_matched_size_experiment,1.0,L0.40_U0.80,True,0.4,0.8,macro_f1,g_real,True,5,50,0.003707510066341698,0.0007505478686745079,0.0022281823176074165,0.005156027237858226,-0.04104470691603693,0.0745080087442796,1,4,0.284,1.1336401018318334,True,
Binary Matched-Size Augmentation Experiment,binary_matched_size_experiment,1.0,L0.40_U0.80,True,0.4,0.8,auroc,delta_synth,True,5,50,0.0021365150566635344,0.0002691730961848165,0.0016093152164664227,0.0026732790185172383,-0.0004896590242838461,0.008331564986737407,4,1,0.644,,False,
Binary Matched-Size Augmentation Experiment,binary_matched_size_experiment,1.0,L0.40_U0.80,True,0.4,0.8,auroc,delta_real,True,5,50,0.009410180627359082,0.0003601167859252881,0.00871831499830644,0.010135172398294536,0.0015733645009960817,0.02023086939102563,5,0,0.968,,False,
Binary Matched-Size Augmentation Experiment,binary_matched_size_experiment,1.0,L0.40_U0.80,True,0.4,0.8,auroc,g_real,True,5,50,-0.007273665570695548,0.0003297556554181789,-0.007932477418279842,-0.006637150089726339,-0.01940554887820513,-0.0007441697191697117,0,5,0.08,,False,
Binary Matched-Size Augmentation Experiment,binary_matched_size_experiment,1.0,L0.40_U0.90,True,0.4,0.9,macro_f1,delta_synth,True,5,50,0.03122781380970338,0.0009958464230675915,0.0292992200380775,0.03318867673585429,-0.019938209756643014,0.17142946753586263,3,2,0.58,1.1256309876003099,True,
Binary Matched-Size Augmentation Experiment,binary_matched_size_experiment,1.0,L0.40_U0.90,True,0.4,0.9,macro_f1,delta_real,True,5,50,0.027742496567437946,0.0009036055582309235,0.025966839493147573,0.029523329925439195,0.0038385390736920045,0.09716510142472659,5,0,0.948,1.1256309876003099,True,
Binary Matched-Size Augmentation Experiment,binary_matched_size_experiment,1.0,L0.40_U0.90,True,0.4,0.9,macro_f1,g_real,True,5,50,0.0034853172422654303,0.0008044548411207329,0.001896823912887799,0.005068312371284923,-0.0414313923643748,0.07426436611113603,1,4,0.264,1.1256309876003099,True,
Binary Matched-Size Augmentation Experiment,binary_matched_size_experiment,1.0,L0.40_U0.90,True,0.4,0.9,auroc,delta_synth,True,5,50,0.001987818960690374,0.0002676578275314596,0.0014739662094993325,0.0025203515297135145,-0.0005466789457979249,0.008058355437665789,4,1,0.636,,False,
Binary Matched-Size Augmentation Experiment,binary_matched_size_experiment,1.0,L0.40_U0.90,True,0.4,0.9,auroc,delta_real,True,5,50,0.009410180627359082,0.00036433002503956325,0.008702652958129515,0.010136438145075045,0.0015733645009960817,0.02023086939102563,5,0,0.968,,False,
Binary Matched-Size Augmentation Experiment,binary_matched_size_experiment,1.0,L0.40_U0.90,True,0.4,0.9,auroc,g_real,True,5,50,-0.007422361666668707,0.00031040399873281536,-0.008025584434342516,-0.0068191097725272855,-0.019693910256410267,-0.0007568753614806267,0,5,0.052,,False,
Binary Matched-Size Augmentation Experiment,binary_matched_size_experiment,1.25,OFF,False,,,macro_f1,delta_synth,True,5,50,0.03291788462546758,0.0010156519726827829,0.030950742687527042,0.03494923722599596,-0.023079526184261772,0.18354140379922917,3,2,0.564,1.0387670632494437,True,
Binary Matched-Size Augmentation Experiment,binary_matched_size_experiment,1.25,OFF,False,,,macro_f1,delta_real,True,5,50,0.03168938041074842,0.0009832868539506033,0.029787048757341845,0.03364907297490026,0.0043678842369729584,0.11046118812838747,5,0,0.96,1.0387670632494437,True,
Binary Matched-Size Augmentation Experiment,binary_matched_size_experiment,1.25,OFF,False,,,macro_f1,g_real,True,5,50,0.0012285042147191635,0.0007760286797858085,-0.0002615561080747564,0.002777053962524698,-0.047670421849696935,0.07308021567084172,1,4,0.248,1.0387670632494437,True,
Binary Matched-Size Augmentation Experiment,binary_matched_size_experiment,1.25,OFF,False,,,auroc,delta_synth,True,5,50,0.0018669435491469265,0.00029456070840214134,0.0013007716553075858,0.0024518439823560684,-0.0007282796028737249,0.008236074270557043,3,2,0.636,,False,
Binary Matched-Size Augmentation Experiment,binary_matched_size_experiment,1.25,OFF,False,,,auroc,delta_real,True,5,50,0.010978904598236982,0.000368383368019137,0.010277773116127905,0.011707573698001862,0.001796719362508854,0.023083834134615355,5,0,0.98,,False,
Binary Matched-Size Augmentation Experiment,binary_matched_size_experiment,1.25,OFF,False,,,auroc,g_real,True,5,50,-0.009111961049090055,0.000311707917037362,-0.009731164146307626,-0.00850749217562326,-0.023291967147435876,-0.0008958510057194169,0,5,0.048,,False,
Binary Matched-Size Augmentation Experiment,binary_matched_size_experiment,1.25,L0.10_U0.60,True,0.1,0.6,macro_f1,delta_synth,False,5,,,,,,-0.030877624571301228,0.1776373805893026,2,3,,,False,analysis_incomplete
Binary Matched-Size Augmentation Experiment,binary_matched_size_experiment,1.25,L0.10_U0.60,True,0.1,0.6,macro_f1,delta_real,False,5,,,,,,0.0043678842369729584,0.11046118812838747,5,0,,,False,analysis_incomplete
Binary Matched-Size Augmentation Experiment,binary_matched_size_experiment,1.25,L0.10_U0.60,True,0.1,0.6,macro_f1,g_real,False,5,,,,,,-0.05546852023673639,0.06717619246091511,1,4,,,False,analysis_incomplete
Binary Matched-Size Augmentation Experiment,binary_matched_size_experiment,1.25,L0.10_U0.60,True,0.1,0.6,auroc,delta_synth,False,5,,,,,,-0.0017327771945905535,0.007455349248452714,2,3,,,False,
Binary Matched-Size Augmentation Experiment,binary_matched_size_experiment,1.25,L0.10_U0.60,True,0.1,0.6,auroc,delta_real,False,5,,,,,,0.001796719362508854,0.023083834134615355,5,0,,,False,
Binary Matched-Size Augmentation Experiment,binary_matched_size_experiment,1.25,L0.10_U0.60,True,0.1,0.6,auroc,g_real,False,5,,,,,,-0.02472165464743589,-0.0018663742690058572,0,5,,,False,
Binary Matched-Size Augmentation Experiment,binary_matched_size_experiment,1.25,L0.10_U0.70,True,0.1,0.7,macro_f1,delta_synth,True,5,50,0.032446766157414736,0.0010129030799147828,0.030454750107160592,0.034446552899044865,-0.023790573299970093,0.18341088221483187,3,2,0.54,1.0239003015158172,True,
Binary Matched-Size Augmentation Experiment,binary_matched_size_experiment,1.25,L0.10_U0.70,True,0.1,0.7,macro_f1,delta_real,True,5,50,0.03168938041074842,0.000983375400265859,0.029802410447211915,0.03362835062873881,0.0043678842369729584,0.11046118812838747,5,0,0.96,1.0239003015158172,True,
Binary Matched-Size Augmentation Experiment,binary_matched_size_experiment,1.25,L0.10_U0.70,True,0.1,0.7,macro_f1,g_real,True,5,50,0.0007573857466663085,0.0008294458970547931,-0.0008633935760068638,0.0023847235969812813,-0.048381468965405273,0.07294969408644439,1,4,0.256,1.0239003015158172,True,
Binary Matched-Size Augmentation Experiment,binary_matched_size_experiment,1.25,L0.10_U0.70,True,0.1,0.7,auroc,delta_synth,True,5,50,0.0015871936203172194,0.0003060093934248051,0.0009839638658033251,0.002184375224933315,-0.0007365488645402207,0.007284703801945192,3,2,0.632,,False,
Binary Matched-Size Augmentation Experiment,binary_matched_size_experiment,1.25,L0.10_U0.70,True,0.1,0.7,auroc,delta_real,True,5,50,0.010978904598236982,0.00037495500556451364,0.01027228106871802,0.01172903038449741,0.001796719362508854,0.023083834134615355,5,0,0.98,,False,
Binary Matched-Size Augmentation Experiment,binary_matched_size_experiment,1.25,L0.10_U0.70,True,0.1,0.7,auroc,g_real,True,5,50,-0.009391710977919762,0.00031049325723149913,-0.009999796828243994,-0.008795568370303524,-0.023716145833333327,-0.0008776010539168499,0,5,0.04,,False,
Binary Matched-Size Augmentation Experiment,binary_matched_size_experiment,1.25,L0.10_U0.80,True,0.1,0.8,macro_f1,delta_synth,True,5,50,0.03260457584900935,0.001034854085392707,0.030590789609124727,0.03465916975543904,-0.02315280381273014,0.18109189529529376,3,2,0.564,1.0288801935032632,True,
Binary Matched-Size Augmentation Experiment,binary_matched_size_experiment,1.25,L0.10_U0.80,True,0.1,0.8,macro_f1,delta_real,True,5,50,0.03168938041074842,0.0009936388172880476,0.029788796101046164,0.03368294517226405,0.0043678842369729584,0.11046118812838747,5,0,0.96,1.0288801935032632,True,
Binary Matched-Size Augmentation Experiment,binary_matched_size_experiment,1.25,L0.10_U0.80,True,0.1,0.8,macro_f1,g_real,True,5,50,0.0009151954382609327,0.0007877623033766254,-0.0006573060745931298,0.0024096916264588035,-0.04774369947816531,0.07063070716690631,1,4,0.252,1.0288801935032632,True,
Binary Matched-Size Augmentation Experiment,binary_matched_size_experiment,1.25,L0.10_U0.80,True,0.1,0.8,auroc,delta_synth,True,5,50,0.002024795859803815,0.0003045483365034383,0.0014331403367972768,0.0026240755956153344,-0.0006776134120170752,0.008248452696728572,4,1,0.66,,False,
Binary Matched-Size Augmentation Experiment,binary_matched_size_experiment,1.25,L0.10_U0.80,True,0.1,0.8,auroc,delta_real,True,5,50,0.010978904598236982,0.00036612770980313256,0.010273332101490467,0.011706451886079883,0.001796719362508854,0.023083834134615355,5,0,0.98,,False,
Binary Matched-Size Augmentation Experiment,binary_matched_size_experiment,1.25,L0.10_U0.80,True,0.1,0.8,auroc,g_real,True,5,50,-0.008954108738433166,0.00030951928705679626,-0.00955058023985032,-0.008348111969620558,-0.02301933092948718,-0.0009326143885354487,0,5,0.048,,False,
Binary Matched-Size Augmentation Experiment,binary_matched_size_experiment,1.25,L0.10_U0.90,True,0.1,0.9,macro_f1,delta_synth,True,5,50,0.03322117810782381,0.0009809422721790487,0.03127183422254197,0.03513434775516909,-0.02051378138360749,0.1832788926471912,3,2,0.544,1.048337887242372,True,
Binary Matched-Size Augmentation Experiment,binary_matched_size_experiment,1.25,L0.10_U0.90,True,0.1,0.9,macro_f1,delta_real,True,5,50,0.03168938041074842,0.0009682824935994664,0.029773160914654068,0.033569393345293005,0.0043678842369729584,0.11046118812838747,5,0,0.96,1.048337887242372,True,
Binary Matched-Size Augmentation Experiment,binary_matched_size_experiment,1.25,L0.10_U0.90,True,0.1,0.9,macro_f1,g_real,True,5,50,0.0015317976970753773,0.0007645648404020493,3.0296493457034802e-05,0.003045963593447195,-0.04510467704904267,0.0728177045188037,1,4,0.244,1.048337887242372,True,
Binary Matched-Size Augmentation Experiment,binary_matched_size_experiment,1.25,L0.10_U0.90,True,0.1,0.9,auroc,delta_synth,True,5,50,0.002093025634525977,0.0002944335598704871,0.0015254309221850396,0.002672740911351222,-0.0007825136954279488,0.009025641025641018,4,1,0.612,,False,
Binary Matched-Size Augmentation Experiment,binary_matched_size_experiment,1.25,L0.10_U0.90,True,0.1,0.9,auroc,delta_real,True,5,50,0.010978904598236982,0.00036987695619263825,0.010255194357006406,0.011710080954164776,0.001796719362508854,0.023083834134615355,5,0,0.98,,False,
Binary Matched-Size Augmentation Experiment,binary_matched_size_experiment,1.25,L0.10_U0.90,True,0.1,0.9,auroc,g_real,True,5,50,-0.008885878963711003,0.0003106773801351847,-0.009492638374137573,-0.008281892980845891,-0.022771534455128205,-0.000925232150890043,0,5,0.044,,False,
Binary Matched-Size Augmentation Experiment,binary_matched_size_experiment,1.25,L0.20_U0.60,True,0.2,0.6,macro_f1,delta_synth,False,5,,,,,,-0.030067499034065553,0.17726237504970124,3,2,,,False,analysis_incomplete
Binary Matched-Size Augmentation Experiment,binary_matched_size_experiment,1.25,L0.20_U0.60,True,0.2,0.6,macro_f1,delta_real,False,5,,,,,,0.0043678842369729584,0.11046118812838747,5,0,,,False,analysis_incomplete
Binary Matched-Size Augmentation Experiment,binary_matched_size_experiment,1.25,L0.20_U0.60,True,0.2,0.6,macro_f1,g_real,False,5,,,,,,-0.054658394699500706,0.06680118692131375,1,4,,,False,analysis_incomplete
Binary Matched-Size Augmentation Experiment,binary_matched_size_experiment,1.25,L0.20_U0.60,True,0.2,0.6,auroc,delta_synth,False,5,,,,,,-0.001699182582457197,0.007065428824049511,2,3,,,False,
Binary Matched-Size Augmentation Experiment,binary_matched_size_experiment,1.25,L0.20_U0.60,True,0.2,0.6,auroc,delta_real,False,5,,,,,,0.001796719362508854,0.023083834134615355,5,0,,,False,
Binary Matched-Size Augmentation Experiment,binary_matched_size_experiment,1.25,L0.20_U0.60,True,0.2,0.6,auroc,g_real,False,5,,,,,,-0.024675280448717918,-0.0018830264764475224,0,5,,,False,
Binary Matched-Size Augmentation Experiment,binary_matched_size_experiment,1.25,L0.20_U0.70,True,0.2,0.7,macro_f1,delta_synth,True,5,50,0.03183725150553189,0.0010148253862431544,0.029882988498359173,0.03386587018854771,-0.025508395847512983,0.18255194484357587,3,2,0.532,1.0046662665178938,True,
Binary Matched-Size Augmentation Experiment,binary_matched_size_experiment,1.25,L0.20_U0.70,True,0.2,0.7,macro_f1,delta_real,True,5,50,0.03168938041074842,0.0009748065896373248,0.029803617120008435,0.0336078358790544,0.0043678842369729584,0.11046118812838747,5,0,0.96,1.0046662665178938,True,
Binary Matched-Size Augmentation Experiment,binary_matched_size_experiment,1.25,L0.20_U0.70,True,0.2,0.7,macro_f1,g_real,True,5,50,0.00014787109478346886,0.0008158294922898444,-0.0014293254205160182,0.0017786714785635017,-0.05009929151294815,0.0720907567151884,1,4,0.24,1.0046662665178938,True,
Binary Matched-Size Augmentation Experiment,binary_matched_size_experiment,1.25,L0.20_U0.70,True,0.2,0.7,auroc,delta_synth,True,5,50,0.001810551375606444,0.00030087548401151444,0.0012192276284040066,0.0024014454931222794,-0.0006903784554366288,0.007987621573828483,3,2,0.636,,False,
Binary Matched-Size Augmentation Experiment,binary_matched_size_experiment,1.25,L0.20_U0.70,True,0.2,0.7,auroc,delta_real,True,5,50,0.010978904598236982,0.0003696204342688113,0.010276356816514839,0.011726553078142986,0.001796719362508854,0.023083834134615355,5,0,0.98,,False,
Binary Matched-Size Augmentation Experiment,binary_matched_size_experiment,1.25,L0.20_U0.70,True,0.2,0.7,auroc,g_real,True,5,50,-0.009168353222630538,0.0003239950285308413,-0.009808570260884624,-0.008548685046059806,-0.02324248798076921,-0.0008731299402352066,0,5,0.04,,False,
Binary Matched-Size Augmentation Experiment,binary_matched_size_experiment,1.25,L0.20_U0.80,True,0.2,0.8,macro_f1,delta_synth,True,5,50,0.03361585104273877,0.0009742170279252019,0.03172370982073029,0.035533213127280305,-0.01994864882627358,0.1827168952248632,3,2,0.572,1.0607923098217766,True,
Binary Matched-Size Augmentation Experiment,binary_matched_size_experiment,1.25,L0.20_U0.80,True,0.2,0.8,macro_f1,delta_real,True,5,50,0.03168938041074842,0.000980396543135951,0.029794143206693213,0.033649166279503116,0.0043678842369729584,0.11046118812838747,5,0,0.96,1.0607923098217766,True,
Binary Matched-Size Augmentation Experiment,binary_matched_size_experiment,1.25,L0.20_U0.80,True,0.2,0.8,macro_f1,g_real,True,5,50,0.001926470631990352,0.0007528636470170879,0.00044792739906669287,0.0034115435003570197,-0.044539544491708744,0.07225570709647573,1,4,0.264,1.0607923098217766,True,
Binary Matched-Size Augmentation Experiment,binary_matched_size_experiment,1.25,L0.20_U0.80,True,0.2,0.8,auroc,delta_synth,True,5,50,0.0021848036466824558,0.00029134693541990375,0.0016134312288092637,0.0027579690452134375,-0.0006199383677855752,0.008959328028293547,4,1,0.648,,False,
Binary Matched-Size Augmentation Experiment,binary_matched_size_experiment,1.25,L0.20_U0.80,True,0.2,0.8,auroc,delta_real,True,5,50,0.010978904598236982,0.0003711077902704971,0.010255404614927485,0.011713486210552652,0.001796719362508854,0.023083834134615355,5,0,0.98,,False,
Binary Matched-Size Augmentation Experiment,binary_matched_size_experiment,1.25,L0.20_U0.80,True,0.2,0.8,auroc,g_real,True,5,50,-0.008794100951554525,0.00031388967747500316,-0.009405630973891209,-0.00817571666498958,-0.022894631410256387,-0.0009080819034766297,0,5,0.06,,False,
Binary Matched-Size Augmentation Experiment,binary_matched_size_experiment,1.25,L0.20_U0.90,True,0.2,0.9,macro_f1,delta_synth,True,5,50,0.03321388090830875,0.0010357163054539656,0.031212678233716967,0.03524968528962532,-0.02123327403133672,0.1834660280498608,3,2,0.548,1.0481076145320674,True,
Binary Matched-Size Augmentation Experiment,binary_matched_size_experiment,1.25,L0.20_U0.90,True,0.2,0.9,macro_f1,delta_real,True,5,50,0.03168938041074842,0.0009782835077893376,0.02978245255392542,0.03360602213995883,0.0043678842369729584,0.11046118812838747,5,0,0.96,1.0481076145320674,True,
Binary Matched-Size Augmentation Experiment,binary_matched_size_experiment,1.25,L0.20_U0.90,True,0.2,0.9,macro_f1,g_real,True,5,50,0.0015245004975603202,0.0007746820872928352,3.5705773488867314e-06,0.0030616898970647873,-0.045824169696771895,0.07300483992147332,1,4,0.252,1.0481076145320674,True,
Binary Matched-Size Augmentation Experiment,binary_matched_size_experiment,1.25,L0.20_U0.90,True,0.2,0.9,auroc,delta_synth,True,5,50,0.002084966982437247,0.0002960854557713816,0.0015135714778397257,0.002678741254698227,-0.000739420898288401,0.008862068965517231,4,1,0.624,,False,
Binary Matched-Size Augmentation Experiment,binary_matched_size_experiment,1.25,L0.20_U0.90,True,0.2,0.9,auroc,delta_real,True,5,50,0.010978904598236982,0.00036617077187175783,0.010287468194653851,0.011709157716053204,0.001796719362508854,0.023083834134615355,5,0,0.98,,False,
Binary Matched-Size Augmentation Experiment,binary_matched_size_experiment,1.25,L0.20_U0.90,True,0.2,0.9,auroc,g_real,True,5,50,-0.008893937615799735,0.00030287845279291755,-0.009496615551990663,-0.00830415902803317,-0.022823818108974346,-0.0008930668016194288,0,5,0.068,,False,
Binary Matched-Size Augmentation Experiment,binary_matched_size_experiment,1.25,L0.30_U0.60,True,0.3,0.6,macro_f1,delta_synth,False,5,,,,,,-0.03046517141254286,0.1799977423004067,3,2,,,False,analysis_incomplete
Binary Matched-Size Augmentation Experiment,binary_matched_size_experiment,1.25,L0.30_U0.60,True,0.3,0.6,macro_f1,delta_real,False,5,,,,,,0.0043678842369729584,0.11046118812838747,5,0,,,False,analysis_incomplete
Binary Matched-Size Augmentation Experiment,binary_matched_size_experiment,1.25,L0.30_U0.60,True,0.3,0.6,macro_f1,g_real,False,5,,,,,,-0.05505606707797803,0.06953655417201916,1,4,,,False,analysis_incomplete
Binary Matched-Size Augmentation Experiment,binary_matched_size_experiment,1.25,L0.30_U0.60,True,0.3,0.6,auroc,delta_synth,False,5,,,,,,-0.00196614583333333,0.007229000884173304,2,3,,,False,
Binary Matched-Size Augmentation Experiment,binary_matched_size_experiment,1.25,L0.30_U0.60,True,0.3,0.6,auroc,delta_real,False,5,,,,,,0.001796719362508854,0.023083834134615355,5,0,,,False,
Binary Matched-Size Augmentation Experiment,binary_matched_size_experiment,1.25,L0.30_U0.60,True,0.3,0.6,auroc,g_real,False,5,,,,,,-0.025049979967948683,-0.0018514563652721283,0,5,,,False,
Binary Matched-Size Augmentation Experiment,binary_matched_size_experiment,1.25,L0.30_U0.70,True,0.3,0.7,macro_f1,delta_synth,True,5,50,0.031298471355624,0.001027995793877526,0.02929041026427773,0.03331027808576134,-0.027162954253215226,0.18064919538456192,3,2,0.548,0.9876643515885267,True,
Binary Matched-Size Augmentation Experiment,binary_matched_size_experiment,1.25,L0.30_U0.70,True,0.3,0.7,macro_f1,delta_real,True,5,50,0.03168938041074842,0.0009836100039565746,0.029785727925501132,0.03361359970350151,0.0043678842369729584,0.11046118812838747,5,0,0.96,0.9876643515885267,True,
Binary Matched-Size Augmentation Experiment,binary_matched_size_experiment,1.25,L0.30_U0.70,True,0.3,0.7,macro_f1,g_real,True,5,50,-0.00039090905512443664,0.0008288538152356638,-0.0020073852586883737,0.0012563673299230847,-0.05175384991865038,0.07018800725617438,1,4,0.24,0.9876643515885267,True,
Binary Matched-Size Augmentation Experiment,binary_matched_size_experiment,1.25,L0.30_U0.70,True,0.3,0.7,auroc,delta_synth,True,5,50,0.001553291976414154,0.00029766714794693443,0.0009808409838850689,0.0021400383680007626,-0.000804487179487201,0.007272325375773643,3,2,0.652,,False,
Binary Matched-Size Augmentation Experiment,binary_matched_size_experiment,1.25,L0.30_U0.70,True,0.3,0.7,auroc,delta_real,True,5,50,0.010978904598236982,0.0003716102214384995,0.01027263873364798,0.01170729007179385,0.001796719362508854,0.023083834134615355,5,0,0.98,,False,
Binary Matched-Size Augmentation Experiment,binary_matched_size_experiment,1.25,L0.30_U0.70,True,0.3,0.7,auroc,g_real,True,5,50,-0.009425612621822827,0.0003084103125399046,-0.010025031632360038,-0.008818913275299049,-0.023888321314102557,-0.0008388937086305459,0,5,0.028,,False,
Binary Matched-Size Augmentation Experiment,binary_matched_size_experiment,1.25,L0.30_U0.80,True,0.3,0.8,macro_f1,delta_synth,True,5,50,0.03369332689405159,0.001003134113868751,0.03177362383833815,0.0356542088637629,-0.019065621496119588,0.18293785945453853,3,2,0.58,1.0632371620185883,True,
Binary Matched-Size Augmentation Experiment,binary_matched_size_experiment,1.25,L0.30_U0.80,True,0.3,0.8,macro_f1,delta_real,True,5,50,0.03168938041074842,0.000979803691846415,0.02980246319992017,0.033646451996000394,0.0043678842369729584,0.11046118812838747,5,0,0.96,1.0632371620185883,True,
Binary Matched-Size Augmentation Experiment,binary_matched_size_experiment,1.25,L0.30_U0.80,True,0.3,0.8,macro_f1,g_real,True,5,50,0.0020039464833031652,0.0007660817139701857,0.000521547920264464,0.003514829902652638,-0.04365651716155476,0.07247667132615104,1,4,0.252,1.0632371620185883,True,
Binary Matched-Size Augmentation Experiment,binary_matched_size_experiment,1.25,L0.30_U0.80,True,0.3,0.8,auroc,delta_synth,True,5,50,0.002091138780836014,0.000291922682059799,0.0015113416682890053,0.002669559939131749,-0.0006300081646204747,0.00880725022104335,4,1,0.656,,False,
Binary Matched-Size Augmentation Experiment,binary_matched_size_experiment,1.25,L0.30_U0.80,True,0.3,0.8,auroc,delta_real,True,5,50,0.010978904598236982,0.000371184534731941,0.0102704369104863,0.011713681149797555,0.001796719362508854,0.023083834134615355,5,0,0.98,,False,
Binary Matched-Size Augmentation Experiment,binary_matched_size_experiment,1.25,L0.30_U0.80,True,0.3,0.8,auroc,g_real,True,5,50,-0.008887765817400969,0.0002959775441568159,-0.009465707424484004,-0.008296178344043923,-0.022979467147435883,-0.0008888447079236439,0,5,0.044,,False,
Binary Matched-Size Augmentation Experiment,binary_matched_size_experiment,1.25,L0.30_U0.90,True,0.3,0.9,macro_f1,delta_synth,True,5,50,0.0335509667795012,0.0010300940078585134,0.03153529575913331,0.035588182388866865,-0.02060613360970935,0.1833386402912915,3,2,0.556,1.058744801716646,True,
Binary Matched-Size Augmentation Experiment,binary_matched_size_experiment,1.25,L0.30_U0.90,True,0.3,0.9,macro_f1,delta_real,True,5,50,0.03168938041074842,0.0009797192563140021,0.029781563851590417,0.033643762882842314,0.0043678842369729584,0.11046118812838747,5,0,0.96,1.058744801716646,True,
Binary Matched-Size Augmentation Experiment,binary_matched_size_experiment,1.25,L0.30_U0.90,True,0.3,0.9,macro_f1,g_real,True,5,50,0.001861586368752771,0.000775023185171316,0.0003151351706059546,0.0033435441133170592,-0.04519702927514452,0.07287745216290398,1,4,0.248,1.058744801716646,True,
Binary Matched-Size Augmentation Experiment,binary_matched_size_experiment,1.25,L0.30_U0.90,True,0.3,0.9,auroc,delta_synth,True,5,50,0.001873514832914243,0.0002985008744827409,0.0013029440499843213,0.002471769175768023,-0.00072218465494994,0.008038019451812572,4,1,0.652,,False,
Binary Matched-Size Augmentation Experiment,binary_matched_size_experiment,1.25,L0.30_U0.90,True,0.3,0.9,auroc,delta_real,True,5,50,0.010978904598236982,0.00037432647269497585,0.010256195506156793,0.011720558935540118,0.001796719362508854,0.023083834134615355,5,0,0.98,,False,
Binary Matched-Size Augmentation Experiment,binary_matched_size_experiment,1.25,L0.30_U0.90,True,0.3,0.9,auroc,g_real,True,5,50,-0.009105389765322738,0.00031166513380123114,-0.009699133665360215,-0.008484439028709668,-0.022920472756410234,-0.0009000899685110108,0,5,0.04,,False,
Binary Matched-Size Augmentation Experiment,binary_matched_size_experiment,1.25,L0.40_U0.60,True,0.4,0.6,macro_f1,delta_synth,False,5,,,,,,-0.03031145992940906,0.17894335258470392,2,3,,,False,analysis_incomplete
Binary Matched-Size Augmentation Experiment,binary_matched_size_experiment,1.25,L0.40_U0.60,True,0.4,0.6,macro_f1,delta_real,False,5,,,,,,0.0043678842369729584,0.11046118812838747,5,0,,,False,analysis_incomplete
Binary Matched-Size Augmentation Experiment,binary_matched_size_experiment,1.25,L0.40_U0.60,True,0.4,0.6,macro_f1,g_real,False,5,,,,,,-0.054902355594844236,0.06848216445631645,1,4,,,False,analysis_incomplete
Binary Matched-Size Augmentation Experiment,binary_matched_size_experiment,1.25,L0.40_U0.60,True,0.4,0.6,auroc,delta_synth,False,5,,,,,,-0.0017910657051282185,0.0076251105216622525,2,3,,,False,
Binary Matched-Size Augmentation Experiment,binary_matched_size_experiment,1.25,L0.40_U0.60,True,0.4,0.6,auroc,delta_real,False,5,,,,,,0.001796719362508854,0.023083834134615355,5,0,,,False,
Binary Matched-Size Augmentation Experiment,binary_matched_size_experiment,1.25,L0.40_U0.60,True,0.4,0.6,auroc,g_real,False,5,,,,,,-0.024874899839743572,-0.0018352756892230616,0,5,,,False,
Binary Matched-Size Augmentation Experiment,binary_matched_size_experiment,1.25,L0.40_U0.70,True,0.4,0.7,macro_f1,delta_synth,True,5,50,0.031422257829656415,0.0010542108951973619,0.02934086047421638,0.03348961793599534,-0.02859655980113865,0.18262454143027793,3,2,0.552,0.9915705962808474,True,
Binary Matched-Size Augmentation Experiment,binary_matched_size_experiment,1.25,L0.40_U0.70,True,0.4,0.7,macro_f1,delta_real,True,5,50,0.03168938041074842,0.000983049020179636,0.029771045440771925,0.03363618049645472,0.0043678842369729584,0.11046118812838747,5,0,0.96,0.9915705962808474,True,
Binary Matched-Size Augmentation Experiment,binary_matched_size_experiment,1.25,L0.40_U0.70,True,0.4,0.7,macro_f1,g_real,True,5,50,-0.00026712258109201203,0.0008184462032438997,-0.0018961557429794504,0.001317908978224145,-0.053187455466573816,0.07216335330189043,1,4,0.252,0.9915705962808474,True,
Binary Matched-Size Augmentation Experiment,binary_matched_size_experiment,1.25,L0.40_U0.70,True,0.4,0.7,auroc,delta_synth,True,5,50,0.0018485991599055062,0.0002940076921462643,0.0012788978139066198,0.002432786491134157,-0.0005414440253325648,0.007469496021220168,4,1,0.656,,False,
Binary Matched-Size Augmentation Experiment,binary_matched_size_experiment,1.25,L0.40_U0.70,True,0.4,0.7,auroc,delta_real,True,5,50,0.010978904598236982,0.00037110018179279953,0.010273735103749395,0.011722099958090619,0.001796719362508854,0.023083834134615355,5,0,0.98,,False,
Binary Matched-Size Augmentation Experiment,binary_matched_size_experiment,1.25,L0.40_U0.70,True,0.4,0.7,auroc,g_real,True,5,50,-0.009130305438331477,0.0003209949987617127,-0.009770907584374428,-0.008510867458089294,-0.02291566506410256,-0.0008520162585952118,0,5,0.06,,False,
Binary Matched-Size Augmentation Experiment,binary_matched_size_experiment,1.25,L0.40_U0.80,True,0.4,0.8,macro_f1,delta_synth,True,5,50,0.033397557538445796,0.0010414410891836298,0.03137313862921845,0.03543754589802355,-0.021824228598439976,0.18359198613768918,3,2,0.6,1.053903771722782,True,
Binary Matched-Size Augmentation Experiment,binary_matched_size_experiment,1.25,L0.40_U0.80,True,0.4,0.8,macro_f1,delta_real,True,5,50,0.03168938041074842,0.0009765114760364377,0.029802711408422465,0.03364036589141762,0.0043678842369729584,0.11046118812838747,5,0,0.96,1.053903771722782,True,
Binary Matched-Size Augmentation Experiment,binary_matched_size_experiment,1.25,L0.40_U0.80,True,0.4,0.8,macro_f1,g_real,True,5,50,0.001708177127697377,0.0007890242111618458,0.0001570688871863201,0.0032671407535040265,-0.04641512426387513,0.0731307980093017,1,4,0.26,1.053903771722782,True,
Binary Matched-Size Augmentation Experiment,binary_matched_size_experiment,1.25,L0.40_U0.80,True,0.4,0.8,auroc,delta_synth,True,5,50,0.0019837157677223367,0.0002904340246564857,0.001425385265490624,0.002560584348287148,-0.0006032600984089598,0.008446507515473043,3,2,0.636,,False,
Binary Matched-Size Augmentation Experiment,binary_matched_size_experiment,1.25,L0.40_U0.80,True,0.4,0.8,auroc,delta_real,True,5,50,0.010978904598236982,0.0003699481394039882,0.010272182468710074,0.011716650529261373,0.001796719362508854,0.023083834134615355,5,0,0.98,,False,
Binary Matched-Size Augmentation Experiment,binary_matched_size_experiment,1.25,L0.40_U0.80,True,0.4,0.8,auroc,g_real,True,5,50,-0.008995188830514646,0.0003242693999736128,-0.009637833587311182,-0.008364779585986607,-0.023173377403846143,-0.0009576288477604433,0,5,0.04,,False,
Binary Matched-Size Augmentation Experiment,binary_matched_size_experiment,1.25,L0.40_U0.90,True,0.4,0.9,macro_f1,delta_synth,True,5,50,0.0330805290624106,0.001034819842137237,0.03103459483141224,0.03514031693908918,-0.021887240089354044,0.18336761986769023,3,2,0.568,1.0438995219733085,True,
Binary Matched-Size Augmentation Experiment,binary_matched_size_experiment,1.25,L0.40_U0.90,True,0.4,0.9,macro_f1,delta_real,True,5,50,0.03168938041074842,0.0009785424226167476,0.02976326330598062,0.03360056138918713,0.0043678842369729584,0.11046118812838747,5,0,0.96,1.0438995219733085,True,
Binary Matched-Size Augmentation Experiment,binary_matched_size_experiment,1.25,L0.40_U0.90,True,0.4,0.9,macro_f1,g_real,True,5,50,0.001391148651662168,0.0007632165620579993,-8.308262289381967e-05,0.002883132145991766,-0.046478135754789214,0.07290643173930272,1,4,0.236,1.0438995219733085,True,
Binary Matched-Size Augmentation Experiment,binary_matched_size_experiment,1.25,L0.40_U0.90,True,0.4,0.9,auroc,delta_synth,True,5,50,0.0018405365734091884,0.00028948407249999224,0.0012807264692520793,0.0024088305222830543,-0.0007086838401926454,0.008430592396109628,3,2,0.616,,False,
Binary Matched-Size Augmentation Experiment,binary_matched_size_experiment,1.25,L0.40_U0.90,True,0.4,0.9,auroc,delta_real,True,5,50,0.010978904598236982,0.0003726898540098524,0.010250834650551007,0.011721098758702668,0.001796719362508854,0.023083834134615355,5,0,0.98,,False,
Binary Matched-Size Augmentation Experiment,binary_matched_size_experiment,1.25,L0.40_U0.90,True,0.4,0.9,auroc,g_real,True,5,50,-0.009138368024827793,0.0003224980246743919,-0.0097706353258754,-0.008498482247812517,-0.023659755608974348,-0.0009509318167212855,0,5,0.048,,False,
Binary Matched-Size Augmentation Experiment,binary_matched_size_experiment,1.5,OFF,False,,,macro_f1,delta_synth,True,5,50,0.034819064514504436,0.0010270729555083788,0.03280625665339521,0.03686764774846899,-0.02285531660056355,0.1926358356820609,3,2,0.54,0.987427828075305,True,
Binary Matched-Size Augmentation Experiment,binary_matched_size_experiment,1.5,OFF,False,,,macro_f1,delta_real,True,5,50,0.035262389335708494,0.0009988356095224434,0.03330918572845167,0.037226248696956024,0.004792234592674602,0.12441723046074561,5,0,0.976,0.987427828075305,True,
Binary Matched-Size Augmentation Experiment,binary_matched_size_experiment,1.5,OFF,False,,,macro_f1,g_real,True,5,50,-0.00044332482120405006,0.0007659378119702247,-0.0019694675629270525,0.001026228134279294,-0.04972527897760106,0.06821860522131531,1,4,0.232,0.987427828075305,True,
Binary Matched-Size Augmentation Experiment,binary_matched_size_experiment,1.5,OFF,False,,,auroc,delta_synth,True,5,50,0.0017589096557439805,0.0003053501941391912,0.0011631597541353097,0.002356831847368702,-0.0011031650641025736,0.008588859416445622,3,2,0.62,,False,
Binary Matched-Size Augmentation Experiment,binary_matched_size_experiment,1.5,OFF,False,,,auroc,delta_real,True,5,50,0.01241905045904746,0.00037771549031637836,0.01169305237226054,0.013166275276866366,0.0019704493605809306,0.025950721153846133,5,0,0.992,,False,
Binary Matched-Size Augmentation Experiment,binary_matched_size_experiment,1.5,OFF,False,,,auroc,g_real,True,5,50,-0.010660140803303481,0.0003266413995041274,-0.01130120302280889,-0.010025352305833794,-0.027053886217948707,-0.0010550920570657363,0,5,0.024,,False,
Binary Matched-Size Augmentation Experiment,binary_matched_size_experiment,1.5,L0.10_U0.60,True,0.1,0.6,macro_f1,delta_synth,False,5,,,,,,-0.03172623166795665,0.1875069528479078,2,3,,,False,analysis_incomplete
Binary Matched-Size Augmentation Experiment,binary_matched_size_experiment,1.5,L0.10_U0.60,True,0.1,0.6,macro_f1,delta_real,False,5,,,,,,0.004792234592674602,0.12441723046074561,5,0,,,False,analysis_incomplete
Binary Matched-Size Augmentation Experiment,binary_matched_size_experiment,1.5,L0.10_U0.60,True,0.1,0.6,macro_f1,g_real,False,5,,,,,,-0.058596194044994186,0.06308972238716218,1,4,,,False,analysis_incomplete
Binary Matched-Size Augmentation Experiment,binary_matched_size_experiment,1.5,L0.10_U0.60,True,0.1,0.6,auroc,delta_synth,False,5,,,,,,-0.0027147435897436024,0.007639257294429726,2,3,,,False,
Binary Matched-Size Augmentation Experiment,binary_matched_size_experiment,1.5,L0.10_U0.60,True,0.1,0.6,auroc,delta_real,False,5,,,,,,0.001974626027391864,0.025950721153846133,5,0,,,False,
Binary Matched-Size Augmentation Experiment,binary_matched_size_experiment,1.5,L0.10_U0.60,True,0.1,0.6,auroc,g_real,False,5,,,,,,-0.02866546474358974,-0.0022246566835718074,0,5,,,False,
Binary Matched-Size Augmentation Experiment,binary_matched_size_experiment,1.5,L0.10_U0.70,True,0.1,0.7,macro_f1,delta_synth,True,5,50,0.033622209300390116,0.0010631283373663198,0.03151388186105425,0.035664538589384585,-0.026133222966401908,0.19243650798014256,2,3,0.504,0.9534864180727127,True,
Binary Matched-Size Augmentation Experiment,binary_matched_size_experiment,1.5,L0.10_U0.70,True,0.1,0.7,macro_f1,delta_real,True,5,50,0.035262389335708494,0.000995691744838541,0.03333032242017804,0.03719353115345941,0.004792234592674602,0.12441723046074561,5,0,0.976,0.9534864180727127,True,
Binary Matched-Size Augmentation Experiment,binary_matched_size_experiment,1.5,L0.10_U0.70,True,0.1,0.7,macro_f1,g_real,True,5,50,-0.0016401800353183823,0.0007860834897782238,-0.0032094503458093924,-0.00011123854472763054,-0.05300318534343943,0.06801927751939695,1,4,0.236,0.9534864180727127,True,
Binary Matched-Size Augmentation Experiment,binary_matched_size_experiment,1.5,L0.10_U0.70,True,0.1,0.7,auroc,delta_synth,True,5,50,0.0014004063272838392,0.00030480845557246734,0.0007907080045102446,0.0019846229097224013,-0.001517127403846139,0.007349248452696717,3,2,0.616,,False,
Binary Matched-Size Augmentation Experiment,binary_matched_size_experiment,1.5,L0.10_U0.70,True,0.1,0.7,auroc,delta_real,True,5,50,0.01241905045904746,0.00038595290932638086,0.011670867108513134,0.013181254144435604,0.0019704493605809306,0.025950721153846133,5,0,0.992,,False,
Binary Matched-Size Augmentation Experiment,binary_matched_size_experiment,1.5,L0.10_U0.70,True,0.1,0.7,auroc,g_real,True,5,50,-0.011018644131763622,0.0003297929473791426,-0.011660439670931139,-0.01038031635804926,-0.027467848557692274,-0.0010518435511856427,0,5,0.036,,False,
Binary Matched-Size Augmentation Experiment,binary_matched_size_experiment,1.5,L0.10_U0.80,True,0.1,0.8,macro_f1,delta_synth,True,5,50,0.03449532933928816,0.0010419569888004345,0.03246518980912578,0.03652236365128158,-0.02397974938682749,0.1912097353820964,3,2,0.552,0.9782470782363131,True,
Binary Matched-Size Augmentation Experiment,binary_matched_size_experiment,1.5,L0.10_U0.80,True,0.1,0.8,macro_f1,delta_real,True,5,50,0.035262389335708494,0.0010026713888989867,0.03333097325937241,0.03729823204593591,0.004792234592674602,0.12441723046074561,5,0,0.976,0.9782470782363131,True,
Binary Matched-Size Augmentation Experiment,binary_matched_size_experiment,1.5,L0.10_U0.80,True,0.1,0.8,macro_f1,g_real,True,5,50,-0.0007670599964203362,0.0007644788389949098,-0.0022725806230146015,0.0006964427190098983,-0.050849711763865,0.0667925049213508,1,4,0.232,0.9782470782363131,True,
Binary Matched-Size Augmentation Experiment,binary_matched_size_experiment,1.5,L0.10_U0.80,True,0.1,0.8,auroc,delta_synth,True,5,50,0.0019090563066530616,0.0003200236982040098,0.0012770470972478308,0.002533622468848754,-0.0009716546474359044,0.00853050397877985,3,2,0.632,,False,
Binary Matched-Size Augmentation Experiment,binary_matched_size_experiment,1.5,L0.10_U0.80,True,0.1,0.8,auroc,delta_real,True,5,50,0.01241905045904746,0.00038453675229772617,0.011665242090454902,0.013158294371408516,0.0019704493605809306,0.025950721153846133,5,0,0.992,,False,
Binary Matched-Size Augmentation Experiment,binary_matched_size_experiment,1.5,L0.10_U0.80,True,0.1,0.8,auroc,g_real,True,5,50,-0.010509994152394399,0.00031844737285357334,-0.01113542509771601,-0.009880808690552452,-0.026922375801282036,-0.0010657597519439378,0,5,0.04,,False,
Binary Matched-Size Augmentation Experiment,binary_matched_size_experiment,1.5,L0.10_U0.90,True,0.1,0.9,macro_f1,delta_synth,True,5,50,0.03512334215346129,0.0010377236399451036,0.03309510922879571,0.037210380591220824,-0.02117026626717942,0.19311956545315204,3,2,0.54,0.9960567850089954,True,
Binary Matched-Size Augmentation Experiment,binary_matched_size_experiment,1.5,L0.10_U0.90,True,0.1,0.9,macro_f1,delta_real,True,5,50,0.035262389335708494,0.0010014330683992007,0.03328552201152914,0.03723366578627894,0.004792234592674602,0.12441723046074561,5,0,0.976,0.9960567850089954,True,
Binary Matched-Size Augmentation Experiment,binary_matched_size_experiment,1.5,L0.10_U0.90,True,0.1,0.9,macro_f1,g_real,True,5,50,-0.00013904718224720599,0.0007143618894948164,-0.001536497490055734,0.0012599349965445276,-0.048040228644216934,0.06870233499240644,1,4,0.24,0.9960567850089954,True,
Binary Matched-Size Augmentation Experiment,binary_matched_size_experiment,1.5,L0.10_U0.90,True,0.1,0.9,auroc,delta_synth,True,5,50,0.001876837962526506,0.0003074657686291482,0.0012899746973946279,0.0024872148681175294,-0.0009730568910256387,0.00907869142351903,3,2,0.6,,False,
Binary Matched-Size Augmentation Experiment,binary_matched_size_experiment,1.5,L0.10_U0.90,True,0.1,0.9,auroc,delta_real,True,5,50,0.01241905045904746,0.0003823235480096427,0.011674002286699034,0.013178294018537288,0.0019704493605809306,0.025950721153846133,5,0,0.992,,False,
Binary Matched-Size Augmentation Experiment,binary_matched_size_experiment,1.5,L0.10_U0.90,True,0.1,0.9,auroc,g_real,True,5,50,-0.010542212496520955,0.0003288849176404185,-0.011196125802398982,-0.00990229319990461,-0.02692377804487177,-0.0010903123192596764,0,5,0.028,,False,
Binary Matched-Size Augmentation Experiment,binary_matched_size_experiment,1.5,L0.20_U0.60,True,0.2,0.6,macro_f1,delta_synth,False,5,,,,,,-0.03107999074625475,0.18800012511695527,2,3,,,False,analysis_incomplete
Binary Matched-Size Augmentation Experiment,binary_matched_size_experiment,1.5,L0.20_U0.60,True,0.2,0.6,macro_f1,delta_real,False,5,,,,,,0.004792234592674602,0.12441723046074561,5,0,,,False,analysis_incomplete
Binary Matched-Size Augmentation Experiment,binary_matched_size_experiment,1.5,L0.20_U0.60,True,0.2,0.6,macro_f1,g_real,False,5,,,,,,-0.057949953123292264,0.0635828946562097,1,4,,,False,analysis_incomplete
Binary Matched-Size Augmentation Experiment,binary_matched_size_experiment,1.5,L0.20_U0.60,True,0.2,0.6,auroc,delta_synth,False,5,,,,,,-0.002377403846153863,0.007570291777188345,2,3,,,False,
Binary Matched-Size Augmentation Experiment,binary_matched_size_experiment,1.5,L0.20_U0.60,True,0.2,0.6,auroc,delta_real,False,5,,,,,,0.001974626027391864,0.025950721153846133,5,0,,,False,
Binary Matched-Size Augmentation Experiment,binary_matched_size_experiment,1.5,L0.20_U0.60,True,0.2,0.6,auroc,g_real,False,5,,,,,,-0.028328124999999996,-0.0022625228036076547,0,5,,,False,
Binary Matched-Size Augmentation Experiment,binary_matched_size_experiment,1.5,L0.20_U0.70,True,0.2,0.7,macro_f1,delta_synth,True,5,50,0.03325496790213743,0.0010599369536279171,0.03120631306050823,0.0353360358275716,-0.02677696970038113,0.19153653601354514,2,3,0.516,0.9430718827797002,True,
Binary Matched-Size Augmentation Experiment,binary_matched_size_experiment,1.5,L0.20_U0.70,True,0.2,0.7,macro_f1,delta_real,True,5,50,0.035262389335708494,0.0010016008285563347,0.03335733887950718,0.037268645749892186,0.004792234592674602,0.12441723046074561,5,0,0.976,0.9430718827797002,True,
Binary Matched-Size Augmentation Experiment,binary_matched_size_experiment,1.5,L0.20_U0.70,True,0.2,0.7,macro_f1,g_real,True,5,50,-0.0020074214335710655,0.0008065195271999258,-0.0036030922689427314,-0.000414963523457189,-0.053646932077418656,0.06711930555279952,1,4,0.232,0.9430718827797002,True,
Binary Matched-Size Augmentation Experiment,binary_matched_size_experiment,1.5,L0.20_U0.70,True,0.2,0.7,auroc,delta_synth,True,5,50,0.0016161101526473618,0.00032012052039141666,0.000978297387824656,0.002241266676542261,-0.001040865384615386,0.008041556145004432,3,2,0.612,,False,
Binary Matched-Size Augmentation Experiment,binary_matched_size_experiment,1.5,L0.20_U0.70,True,0.2,0.7,auroc,delta_real,True,5,50,0.01241905045904746,0.00038463304039109043,0.011677511271333867,0.013179946444475713,0.0019704493605809306,0.025950721153846133,5,0,0.992,,False,
Binary Matched-Size Augmentation Experiment,binary_matched_size_experiment,1.5,L0.20_U0.70,True,0.2,0.7,auroc,g_real,True,5,50,-0.0108029403064001,0.0003380996852452722,-0.011469787362635786,-0.01014640354858596,-0.02699158653846152,-0.0010439118629907785,0,5,0.032,,False,
Binary Matched-Size Augmentation Experiment,binary_matched_size_experiment,1.5,L0.20_U0.80,True,0.2,0.8,macro_f1,delta_synth,True,5,50,0.0350335589616278,0.001037905988594771,0.03306950295895967,0.037083945996159225,-0.022191609996851245,0.1921170399462948,3,2,0.588,0.9935106390011703,True,
Binary Matched-Size Augmentation Experiment,binary_matched_size_experiment,1.5,L0.20_U0.80,True,0.2,0.8,macro_f1,delta_real,True,5,50,0.035262389335708494,0.0010025818817545693,0.033338752978807576,0.03726775855702777,0.004792234592674602,0.12441723046074561,5,0,0.976,0.9935106390011703,True,
Binary Matched-Size Augmentation Experiment,binary_matched_size_experiment,1.5,L0.20_U0.80,True,0.2,0.8,macro_f1,g_real,True,5,50,-0.00022883037408068796,0.0007212587851785127,-0.0016692836900352905,0.0011604622041634979,-0.04906157237388876,0.06769980948554923,1,4,0.244,0.9935106390011703,True,
Binary Matched-Size Augmentation Experiment,binary_matched_size_experiment,1.5,L0.20_U0.80,True,0.2,0.8,auroc,delta_synth,True,5,50,0.0020029100445922397,0.00029084410773546455,0.0014428542651350423,0.0025703997028186177,-0.0008842147435897462,0.009131741821397,3,2,0.628,,False,
Binary Matched-Size Augmentation Experiment,binary_matched_size_experiment,1.5,L0.20_U0.80,True,0.2,0.8,auroc,delta_real,True,5,50,0.01241905045904746,0.0003732961860783967,0.011698007029445519,0.01315796171174582,0.0019704493605809306,0.025950721153846133,5,0,0.992,,False,
Binary Matched-Size Augmentation Experiment,binary_matched_size_experiment,1.5,L0.20_U0.80,True,0.2,0.8,auroc,g_real,True,5,50,-0.010416140414455221,0.0003171141469579597,-0.011030359522815114,-0.009781801917862022,-0.026834935897435887,-0.0010581574127626636,0,5,0.044,,False,
Binary Matched-Size Augmentation Experiment,binary_matched_size_experiment,1.5,L0.20_U0.90,True,0.2,0.9,macro_f1,delta_synth,True,5,50,0.03483664140947381,0.0010524396157924436,0.032799620443092425,0.036925085587445367,-0.022797627236711544,0.19263343148017992,3,2,0.548,0.9879262881995478,True,
Binary Matched-Size Augmentation Experiment,binary_matched_size_experiment,1.5,L0.20_U0.90,True,0.2,0.9,macro_f1,delta_real,True,5,50,0.035262389335708494,0.0009931666535549118,0.03333468321825959,0.03723971382409331,0.004792234592674602,0.12441723046074561,5,0,0.976,0.9879262881995478,True,
Binary Matched-Size Augmentation Experiment,binary_matched_size_experiment,1.5,L0.20_U0.90,True,0.2,0.9,macro_f1,g_real,True,5,50,-0.0004257479262346771,0.0007411548820398257,-0.001862177105698467,0.0010241702132414293,-0.049667589613749064,0.06821620101943435,1,4,0.24,0.9879262881995478,True,
Binary Matched-Size Augmentation Experiment,binary_matched_size_experiment,1.5,L0.20_U0.90,True,0.2,0.9,auroc,delta_synth,True,5,50,0.001979072265121,0.00031480176665370756,0.0013598096077384084,0.0025819929798759932,-0.0008343874267958818,0.009265251989389928,3,2,0.604,,False,
Binary Matched-Size Augmentation Experiment,binary_matched_size_experiment,1.5,L0.20_U0.90,True,0.2,0.9,auroc,delta_real,True,5,50,0.01241905045904746,0.00038439637511801506,0.011671107337077777,0.013175976530496373,0.0019704493605809306,0.025950721153846133,5,0,0.992,,False,
Binary Matched-Size Augmentation Experiment,binary_matched_size_experiment,1.5,L0.20_U0.90,True,0.2,0.9,auroc,g_real,True,5,50,-0.01043997819392646,0.0003215780607335023,-0.011065801921064822,-0.009811377010001069,-0.026702724358974358,-0.0010576127819548686,0,5,0.036,,False,
Binary Matched-Size Augmentation Experiment,binary_matched_size_experiment,1.5,L0.30_U0.60,True,0.3,0.6,macro_f1,delta_synth,False,5,,,,,,-0.03212695451945726,0.18920788347872564,2,3,,,False,analysis_incomplete
Binary Matched-Size Augmentation Experiment,binary_matched_size_experiment,1.5,L0.30_U0.60,True,0.3,0.6,macro_f1,delta_real,False,5,,,,,,0.004792234592674602,0.12441723046074561,5,0,,,False,analysis_incomplete
Binary Matched-Size Augmentation Experiment,binary_matched_size_experiment,1.5,L0.30_U0.60,True,0.3,0.6,macro_f1,g_real,False,5,,,,,,-0.05899691689649478,0.06479065301798002,1,4,,,False,analysis_incomplete
Binary Matched-Size Augmentation Experiment,binary_matched_size_experiment,1.5,L0.30_U0.60,True,0.3,0.6,auroc,delta_synth,False,5,,,,,,-0.003129407051282067,0.007372236958443865,2,3,,,False,
Binary Matched-Size Augmentation Experiment,binary_matched_size_experiment,1.5,L0.30_U0.60,True,0.3,0.6,auroc,delta_real,False,5,,,,,,0.001974626027391864,0.025950721153846133,5,0,,,False,
Binary Matched-Size Augmentation Experiment,binary_matched_size_experiment,1.5,L0.30_U0.60,True,0.3,0.6,auroc,g_real,False,5,,,,,,-0.029080128205128196,-0.002227894435198384,0,5,,,False,
Binary Matched-Size Augmentation Experiment,binary_matched_size_experiment,1.5,L0.30_U0.70,True,0.3,0.7,macro_f1,delta_synth,True,5,50,0.03306699975573403,0.0010628514640182427,0.03099610717013935,0.03517473722090019,-0.02653655544761034,0.1892782140783926,3,2,0.532,0.9377413266278216,True,
Binary Matched-Size Augmentation Experiment,binary_matched_size_experiment,1.5,L0.30_U0.70,True,0.3,0.7,macro_f1,delta_real,True,5,50,0.035262389335708494,0.0009891665617858406,0.03332244172465951,0.037235046864071704,0.004792234592674602,0.12441723046074561,5,0,0.976,0.9377413266278216,True,
Binary Matched-Size Augmentation Experiment,binary_matched_size_experiment,1.5,L0.30_U0.70,True,0.3,0.7,macro_f1,g_real,True,5,50,-0.0021953895799744576,0.0007826343275253812,-0.0037015620813549404,-0.0006605858545379893,-0.05340651782464785,0.06486098361764701,1,4,0.232,0.9377413266278216,True,
Binary Matched-Size Augmentation Experiment,binary_matched_size_experiment,1.5,L0.30_U0.70,True,0.3,0.7,auroc,delta_synth,True,5,50,0.001365602498879662,0.0003162126221258951,0.0007411979386571711,0.001975812906291335,-0.0018582732371795108,0.007473032714412011,3,2,0.632,,False,
Binary Matched-Size Augmentation Experiment,binary_matched_size_experiment,1.5,L0.30_U0.70,True,0.3,0.7,auroc,delta_real,True,5,50,0.01241905045904746,0.00038460370367030694,0.011668756704254513,0.013176351561461496,0.0019704493605809306,0.025950721153846133,5,0,0.992,,False,
Binary Matched-Size Augmentation Experiment,binary_matched_size_experiment,1.5,L0.30_U0.70,True,0.3,0.7,auroc,g_real,True,5,50,-0.011053447960167799,0.0003268684922359433,-0.011683792775726261,-0.010403719383264919,-0.027808994391025646,-0.0009975877192982408,0,5,0.028,,False,
Binary Matched-Size Augmentation Experiment,binary_matched_size_experiment,1.5,L0.30_U0.80,True,0.3,0.8,macro_f1,delta_synth,True,5,50,0.03497286371223584,0.001019133043843694,0.0330067904306618,0.036987346073578356,-0.021619880244565418,0.19219417516604506,3,2,0.572,0.9917893929218385,True,
Binary Matched-Size Augmentation Experiment,binary_matched_size_experiment,1.5,L0.30_U0.80,True,0.3,0.8,macro_f1,delta_real,True,5,50,0.035262389335708494,0.0009926057336445999,0.03335551336208059,0.037217100260537775,0.004792234592674602,0.12441723046074561,5,0,0.976,0.9917893929218385,True,
Binary Matched-Size Augmentation Experiment,binary_matched_size_experiment,1.5,L0.30_U0.80,True,0.3,0.8,macro_f1,g_real,True,5,50,-0.00028952562347265583,0.000742410382024298,-0.0017522088823240787,0.00115248343525682,-0.048489842621602934,0.06777694470529945,1,4,0.232,0.9917893929218385,True,
Binary Matched-Size Augmentation Experiment,binary_matched_size_experiment,1.5,L0.30_U0.80,True,0.3,0.8,auroc,delta_synth,True,5,50,0.0020259066884735855,0.0002995245118949478,0.0014418670999167737,0.002609242679730217,-0.0006836223235212735,0.009143236074270549,3,2,0.632,,False,
Binary Matched-Size Augmentation Experiment,binary_matched_size_experiment,1.5,L0.30_U0.80,True,0.3,0.8,auroc,delta_real,True,5,50,0.01241905045904746,0.00038317968331523896,0.011679080402638837,0.013172576357474998,0.0019704493605809306,0.025950721153846133,5,0,0.992,,False,
Binary Matched-Size Augmentation Experiment,binary_matched_size_experiment,1.5,L0.30_U0.80,True,0.3,0.8,auroc,g_real,True,5,50,-0.010393143770573876,0.00030683566366409974,-0.010981652845340613,-0.009789648177050943,-0.026612880608974362,-0.0010205682475419042,0,5,0.044,,False,
Binary Matched-Size Augmentation Experiment,binary_matched_size_experiment,1.5,L0.30_U0.90,True,0.3,0.9,macro_f1,delta_synth,True,5,50,0.03485652044936782,0.0010421034232586885,0.0328424254564199,0.03694279435525516,-0.02282283557934664,0.1921563551761586,3,2,0.548,0.9884900344535171,True,
Binary Matched-Size Augmentation Experiment,binary_matched_size_experiment,1.5,L0.30_U0.90,True,0.3,0.9,macro_f1,delta_real,True,5,50,0.035262389335708494,0.0009949246603891348,0.03333034180486645,0.03726312929359037,0.004792234592674602,0.12441723046074561,5,0,0.976,0.9884900344535171,True,
Binary Matched-Size Augmentation Experiment,binary_matched_size_experiment,1.5,L0.30_U0.90,True,0.3,0.9,macro_f1,g_real,True,5,50,-0.00040586888634067553,0.0007712047600038573,-0.0019388023640328838,0.0011000388456621941,-0.04969279795638415,0.06773912471541296,1,4,0.244,0.9884900344535171,True,
Binary Matched-Size Augmentation Experiment,binary_matched_size_experiment,1.5,L0.30_U0.90,True,0.3,0.9,auroc,delta_synth,True,5,50,0.0016895242307162085,0.00031325851401552753,0.0010999977248499515,0.002315012602837843,-0.0009962940705128332,0.008134394341290903,3,2,0.628,,False,
Binary Matched-Size Augmentation Experiment,binary_matched_size_experiment,1.5,L0.30_U0.90,True,0.3,0.9,auroc,delta_real,True,5,50,0.01241905045904746,0.00038086211237669577,0.011671819206941478,0.013168421743045921,0.0019704493605809306,0.025950721153846133,5,0,0.992,,False,
Binary Matched-Size Augmentation Experiment,binary_matched_size_experiment,1.5,L0.30_U0.90,True,0.3,0.9,auroc,g_real,True,5,50,-0.010729526228331253,0.00033259407899442235,-0.0113711001002851,-0.010059536392533283,-0.02694701522435897,-0.0010609697320223387,0,5,0.028,,False,
Binary Matched-Size Augmentation Experiment,binary_matched_size_experiment,1.5,L0.40_U0.60,True,0.4,0.6,macro_f1,delta_synth,False,5,,,,,,-0.032835412597091156,0.18684727243899438,2,3,,,False,analysis_incomplete
Binary Matched-Size Augmentation Experiment,binary_matched_size_experiment,1.5,L0.40_U0.60,True,0.4,0.6,macro_f1,delta_real,False,5,,,,,,0.004792234592674602,0.12441723046074561,5,0,,,False,analysis_incomplete
Binary Matched-Size Augmentation Experiment,binary_matched_size_experiment,1.5,L0.40_U0.60,True,0.4,0.6,macro_f1,g_real,False,5,,,,,,-0.059705374974128665,0.06243004197824879,1,4,,,False,analysis_incomplete
Binary Matched-Size Augmentation Experiment,binary_matched_size_experiment,1.5,L0.40_U0.60,True,0.4,0.6,auroc,delta_synth,False,5,,,,,,-0.002749799679487188,0.007932802829354562,2,3,,,False,
Binary Matched-Size Augmentation Experiment,binary_matched_size_experiment,1.5,L0.40_U0.60,True,0.4,0.6,auroc,delta_real,False,5,,,,,,0.001974626027391864,0.025950721153846133,5,0,,,False,
Binary Matched-Size Augmentation Experiment,binary_matched_size_experiment,1.5,L0.40_U0.60,True,0.4,0.6,auroc,g_real,False,5,,,,,,-0.028700520833333326,-0.0022060187097780854,0,5,,,False,
Binary Matched-Size Augmentation Experiment,binary_matched_size_experiment,1.5,L0.40_U0.70,True,0.4,0.7,macro_f1,delta_synth,True,5,50,0.03329434832827353,0.0010712382542456035,0.031207700836252687,0.03538568461245135,-0.02839331572796266,0.1923483229262083,3,2,0.536,0.9441886654730447,True,
Binary Matched-Size Augmentation Experiment,binary_matched_size_experiment,1.5,L0.40_U0.70,True,0.4,0.7,macro_f1,delta_real,True,5,50,0.035262389335708494,0.0009948482068500872,0.03335171243167826,0.03725392717746534,0.004792234592674602,0.12441723046074561,5,0,0.976,0.9441886654730447,True,
Binary Matched-Size Augmentation Experiment,binary_matched_size_experiment,1.5,L0.40_U0.70,True,0.4,0.7,macro_f1,g_real,True,5,50,-0.0019680410074349565,0.0007992179347095849,-0.0035496283170281546,-0.0004231707241069336,-0.055263278105000174,0.06793109246546274,1,4,0.228,0.9441886654730447,True,
Binary Matched-Size Augmentation Experiment,binary_matched_size_experiment,1.5,L0.40_U0.70,True,0.4,0.7,auroc,delta_synth,True,5,50,0.0016201908246254778,0.0003047059976262428,0.0010194967753767113,0.0022149559531880925,-0.00079587339743592,0.007511052166224592,3,2,0.632,,False,
Binary Matched-Size Augmentation Experiment,binary_matched_size_experiment,1.5,L0.40_U0.70,True,0.4,0.7,auroc,delta_real,True,5,50,0.01241905045904746,0.0003816705535159696,0.01167369082618525,0.013177054132769003,0.0019704493605809306,0.025950721153846133,5,0,0.992,,False,
Binary Matched-Size Augmentation Experiment,binary_matched_size_experiment,1.5,L0.40_U0.70,True,0.4,0.7,auroc,g_real,True,5,50,-0.010798859634421983,0.0003435179000193363,-0.01147758066359853,-0.010131912814264501,-0.026746594551282053,-0.0010210494184178232,0,5,0.044,,False,
Binary Matched-Size Augmentation Experiment,binary_matched_size_experiment,1.5,L0.40_U0.80,True,0.4,0.8,macro_f1,delta_synth,True,5,50,0.03529852335859617,0.0010328244104382542,0.033302584918153924,0.03732272103745967,-0.021185739042309866,0.1928470366076611,3,2,0.588,1.001024718505138,True,
Binary Matched-Size Augmentation Experiment,binary_matched_size_experiment,1.5,L0.40_U0.80,True,0.4,0.8,macro_f1,delta_real,True,5,50,0.035262389335708494,0.0009818346563958394,0.03334708535582032,0.037221932021584865,0.004792234592674602,0.12441723046074561,5,0,0.976,1.001024718505138,True,
Binary Matched-Size Augmentation Experiment,binary_matched_size_experiment,1.5,L0.40_U0.80,True,0.4,0.8,macro_f1,g_real,True,5,50,3.6134022887685315e-05,0.0006987780696022561,-0.0013477156310789406,0.0013762213813575278,-0.04805570141934738,0.0684298061469155,1,4,0.228,1.001024718505138,True,
Binary Matched-Size Augmentation Experiment,binary_matched_size_experiment,1.5,L0.40_U0.80,True,0.4,0.8,auroc,delta_synth,True,5,50,0.0018734714882582607,0.0002992439659103811,0.0012884743566990097,0.002462664935806046,-0.0009130608974359089,0.008592396109637508,3,2,0.648,,False,
Binary Matched-Size Augmentation Experiment,binary_matched_size_experiment,1.5,L0.40_U0.80,True,0.4,0.8,auroc,delta_real,True,5,50,0.01241905045904746,0.0003784537653018974,0.011680958989006571,0.013167239593419864,0.0019704493605809306,0.025950721153846133,5,0,0.992,,False,
Binary Matched-Size Augmentation Experiment,binary_matched_size_experiment,1.5,L0.40_U0.80,True,0.4,0.8,auroc,g_real,True,5,50,-0.010545578970789199,0.00033677722286552705,-0.011200052454506976,-0.009882219921433011,-0.02686378205128204,-0.0010767640254482202,0,5,0.032,,False,
Binary Matched-Size Augmentation Experiment,binary_matched_size_experiment,1.5,L0.40_U0.90,True,0.4,0.9,macro_f1,delta_synth,True,5,50,0.035079509075283385,0.0010583307673499185,0.03299850746099717,0.03711350844805035,-0.022340544202071242,0.19334910598467833,3,2,0.556,0.9948137303265518,True,
Binary Matched-Size Augmentation Experiment,binary_matched_size_experiment,1.5,L0.40_U0.90,True,0.4,0.9,macro_f1,delta_real,True,5,50,0.035262389335708494,0.0010018713345853521,0.03331279711462111,0.037218269681371395,0.004792234592674602,0.12441723046074561,5,0,0.976,0.9948137303265518,True,
Binary Matched-Size Augmentation Experiment,binary_matched_size_experiment,1.5,L0.40_U0.90,True,0.4,0.9,macro_f1,g_real,True,5,50,-0.00018288026042510096,0.0008225803591079523,-0.001813802301106679,0.0014159123703249672,-0.04921050657910877,0.06893187552393278,1,4,0.236,0.9948137303265518,True,
Binary Matched-Size Augmentation Experiment,binary_matched_size_experiment,1.5,L0.40_U0.90,True,0.4,0.9,auroc,delta_synth,True,5,50,0.0017422952032482928,0.00029586433953524124,0.0011602363716191934,0.0023187144056200475,-0.001362580128205153,0.008644562334217508,3,2,0.62,,False,
Binary Matched-Size Augmentation Experiment,binary_matched_size_experiment,1.5,L0.40_U0.90,True,0.4,0.9,auroc,delta_real,True,5,50,0.01241905045904746,0.0003845176346501955,0.011673021384720168,0.013181344193981693,0.0019704493605809306,0.025950721153846133,5,0,0.992,,False,
Binary Matched-Size Augmentation Experiment,binary_matched_size_experiment,1.5,L0.40_U0.90,True,0.4,0.9,auroc,g_real,True,5,50,-0.010676755255799168,0.00033193977760148977,-0.011316867680456932,-0.010021335836381184,-0.027313301282051287,-0.0010997140286613583,0,5,0.032,,False,
Binary Matched-Size Augmentation Experiment,binary_matched_size_experiment,1.75,OFF,False,,,macro_f1,delta_synth,True,5,50,0.03590653833583486,0.0010401660537057258,0.033883683626359594,0.03795022724388629,-0.024324295059872172,0.19892584506002384,3,2,0.56,0.9556328817333354,True,
Binary Matched-Size Augmentation Experiment,binary_matched_size_experiment,1.75,OFF,False,,,macro_f1,delta_real,True,5,50,0.03757356932999968,0.0010176924240581791,0.03559699718426925,0.039574732377870514,0.005345791963514728,0.13306170406437104,5,0,0.968,0.9556328817333354,True,
Binary Matched-Size Augmentation Experiment,binary_matched_size_experiment,1.75,OFF,False,,,macro_f1,g_real,True,5,50,-0.0016670309941648367,0.0007149128813395052,-0.0030723306697229735,-0.00029964490616777147,-0.05201479939830307,0.06586414099565274,1,4,0.236,0.9556328817333354,True,
Binary Matched-Size Augmentation Experiment,binary_matched_size_experiment,1.75,OFF,False,,,auroc,delta_synth,True,5,50,0.001820108776290989,0.00031046110669422767,0.001225482881637719,0.0024456241676557963,-0.0017669270833333272,0.009328912466843529,3,2,0.632,,False,
Binary Matched-Size Augmentation Experiment,binary_matched_size_experiment,1.75,OFF,False,,,auroc,delta_real,True,5,50,0.013596137104468225,0.00038168886232220413,0.012874323690039734,0.014383325178486424,0.002173518732729287,0.028227664262820498,5,0,0.996,,False,
Binary Matched-Size Augmentation Experiment,binary_matched_size_experiment,1.75,OFF,False,,,auroc,g_real,True,5,50,-0.011776028328177236,0.0003075819067686218,-0.01239345887925742,-0.011184227638334718,-0.02999459134615383,-0.0012217466743782567,0,5,0.02,,False,
Binary Matched-Size Augmentation Experiment,binary_matched_size_experiment,1.75,L0.10_U0.60,True,0.1,0.6,macro_f1,delta_synth,False,5,,,,,,-0.03253598183833672,0.19261077077631658,2,3,,,False,analysis_incomplete
Binary Matched-Size Augmentation Experiment,binary_matched_size_experiment,1.75,L0.10_U0.60,True,0.1,0.6,macro_f1,delta_real,False,5,,,,,,0.005345791963514728,0.13306170406437104,5,0,,,False,analysis_incomplete
Binary Matched-Size Augmentation Experiment,binary_matched_size_experiment,1.75,L0.10_U0.60,True,0.1,0.6,macro_f1,g_real,False,5,,,,,,-0.0602264861767676,0.059549066711945514,1,4,,,False,analysis_incomplete
Binary Matched-Size Augmentation Experiment,binary_matched_size_experiment,1.75,L0.10_U0.60,True,0.1,0.6,auroc,delta_synth,False,5,,,,,,-0.00378675881410258,0.007733863837312129,2,3,,,False,
Binary Matched-Size Augmentation Experiment,binary_matched_size_experiment,1.75,L0.10_U0.60,True,0.1,0.6,auroc,delta_real,False,5,,,,,,0.0021839208500057383,0.028227664262820498,5,0,,,False,
Binary Matched-Size Augmentation Experiment,binary_matched_size_experiment,1.75,L0.10_U0.60,True,0.1,0.6,auroc,g_real,False,5,,,,,,-0.03201442307692308,-0.002575843717089709,0,5,,,False,
Binary Matched-Size Augmentation Experiment,binary_matched_size_experiment,1.75,L0.10_U0.70,True,0.1,0.7,macro_f1,delta_synth,True,5,50,0.03448319389826763,0.001049841378654211,0.0324249154730772,0.036548202352302474,-0.02659573768056365,0.19798113470709477,2,3,0.5,0.9177513479065558,True,
Binary Matched-Size Augmentation Experiment,binary_matched_size_experiment,1.75,L0.10_U0.70,True,0.1,0.7,macro_f1,delta_real,True,5,50,0.03757356932999968,0.0010300519311115552,0.03559776338758131,0.039649241749390794,0.005345791963514728,0.13306170406437104,5,0,0.968,0.9177513479065558,True,
Binary Matched-Size Augmentation Experiment,binary_matched_size_experiment,1.75,L0.10_U0.70,True,0.1,0.7,macro_f1,g_real,True,5,50,-0.0030903754317320627,0.0007180813709226987,-0.004519620009109645,-0.0017252561830858853,-0.05428624201899453,0.06491943064272372,1,4,0.224,0.9177513479065558,True,
Binary Matched-Size Augmentation Experiment,binary_matched_size_experiment,1.75,L0.10_U0.70,True,0.1,0.7,auroc,delta_synth,True,5,50,0.0013624020615287992,0.00032392223550054455,0.0007212204757287544,0.0019851451188478255,-0.002425580929487188,0.008147656940760386,3,2,0.588,,False,
Binary Matched-Size Augmentation Experiment,binary_matched_size_experiment,1.75,L0.10_U0.70,True,0.1,0.7,auroc,delta_real,True,5,50,0.013596137104468225,0.0003811494626649356,0.012845725396168559,0.014354254801256808,0.002173518732729287,0.028227664262820498,5,0,0.996,,False,
Binary Matched-Size Augmentation Experiment,binary_matched_size_experiment,1.75,L0.10_U0.70,True,0.1,0.7,auroc,g_real,True,5,50,-0.012233735042939427,0.0003121933013204706,-0.012855026186888814,-0.011619827379874251,-0.03065324519230769,-0.0012471362701625898,0,5,0.016,,False,
Binary Matched-Size Augmentation Experiment,binary_matched_size_experiment,1.75,L0.10_U0.80,True,0.1,0.8,macro_f1,delta_synth,True,5,50,0.035783794048051785,0.001041812790950727,0.03377158365120891,0.03788372960615767,-0.02342325972528987,0.19732888819641153,3,2,0.568,0.9523661096387004,True,
Binary Matched-Size Augmentation Experiment,binary_matched_size_experiment,1.75,L0.10_U0.80,True,0.1,0.8,macro_f1,delta_real,True,5,50,0.03757356932999968,0.0010193473611542787,0.03559333178304067,0.03959049097069079,0.005345791963514728,0.13306170406437104,5,0,0.968,0.9523661096387004,True,
Binary Matched-Size Augmentation Experiment,binary_matched_size_experiment,1.75,L0.10_U0.80,True,0.1,0.8,macro_f1,g_real,True,5,50,-0.0017897752819478977,0.0007068044997513052,-0.0031797766745807,-0.00042450294532718957,-0.05111376406372077,0.06426718413204052,1,4,0.232,0.9523661096387004,True,
Binary Matched-Size Augmentation Experiment,binary_matched_size_experiment,1.75,L0.10_U0.80,True,0.1,0.8,auroc,delta_synth,True,5,50,0.0019546081190865592,0.00032501639235150845,0.0013086951210144855,0.002589570219139006,-0.0017069310897435863,0.009480106100795757,3,2,0.628,,False,
Binary Matched-Size Augmentation Experiment,binary_matched_size_experiment,1.75,L0.10_U0.80,True,0.1,0.8,auroc,delta_real,True,5,50,0.013596137104468225,0.0003832890536763424,0.012856419441855255,0.01436605186288091,0.002173518732729287,0.028227664262820498,5,0,0.996,,False,
Binary Matched-Size Augmentation Experiment,binary_matched_size_experiment,1.75,L0.10_U0.80,True,0.1,0.8,auroc,g_real,True,5,50,-0.011641528985381667,0.00030408450914102376,-0.012235998922507336,-0.011034250378986688,-0.029934595352564087,-0.0012469499068183576,0,5,0.02,,False,
Binary Matched-Size Augmentation Experiment,binary_matched_size_experiment,1.75,L0.10_U0.90,True,0.1,0.9,macro_f1,delta_synth,True,5,50,0.03625399921705291,0.0010535498129345768,0.034193847551337565,0.03834939491389633,-0.022332991894259125,0.1996551993901192,3,2,0.544,0.9648803630723155,True,
Binary Matched-Size Augmentation Experiment,binary_matched_size_experiment,1.75,L0.10_U0.90,True,0.1,0.9,macro_f1,delta_real,True,5,50,0.03757356932999968,0.00102420008172115,0.03559423462632739,0.03959110858229521,0.005345791963514728,0.13306170406437104,5,0,0.968,0.9648803630723155,True,
Binary Matched-Size Augmentation Experiment,binary_matched_size_experiment,1.75,L0.10_U0.90,True,0.1,0.9,macro_f1,g_real,True,5,50,-0.001319570112946777,0.0006961339125344633,-0.002687491779404443,3.979533292743102e-05,-0.050023496232690014,0.06659349532574815,1,4,0.236,0.9648803630723155,True,
Binary Matched-Size Augmentation Experiment,binary_matched_size_experiment,1.75,L0.10_U0.90,True,0.1,0.9,auroc,delta_synth,True,5,50,0.0019584238790079566,0.00030807987039348434,0.0013743333840546877,0.002571103515743398,-0.0014826722756410549,0.00986206896551725,3,2,0.608,,False,
Binary Matched-Size Augmentation Experiment,binary_matched_size_experiment,1.75,L0.10_U0.90,True,0.1,0.9,auroc,delta_real,True,5,50,0.013596137104468225,0.0003794903776449269,0.012879530614140947,0.01434055983113034,0.002173518732729287,0.028227664262820498,5,0,0.996,,False,
Binary Matched-Size Augmentation Experiment,binary_matched_size_experiment,1.75,L0.10_U0.90,True,0.1,0.9,auroc,g_real,True,5,50,-0.01163771322546027,0.00029841863048881854,-0.012229335899196163,-0.01105240778648551,-0.029710336538461557,-0.0012484536662168554,0,5,0.016,,False,
Binary Matched-Size Augmentation Experiment,binary_matched_size_experiment,1.75,L0.20_U0.60,True,0.2,0.6,macro_f1,delta_synth,False,5,,,,,,-0.03180348654577857,0.19296083229705188,2,3,,,False,analysis_incomplete
Binary Matched-Size Augmentation Experiment,binary_matched_size_experiment,1.75,L0.20_U0.60,True,0.2,0.6,macro_f1,delta_real,False,5,,,,,,0.005345791963514728,0.13306170406437104,5,0,,,False,analysis_incomplete
Binary Matched-Size Augmentation Experiment,binary_matched_size_experiment,1.75,L0.20_U0.60,True,0.2,0.6,macro_f1,g_real,False,5,,,,,,-0.05949399088420945,0.05989912823268084,1,4,,,False,analysis_incomplete
Binary Matched-Size Augmentation Experiment,binary_matched_size_experiment,1.75,L0.20_U0.60,True,0.2,0.6,auroc,delta_synth,False,5,,,,,,-0.0033044871794872055,0.00774182139699382,2,3,,,False,
Binary Matched-Size Augmentation Experiment,binary_matched_size_experiment,1.75,L0.20_U0.60,True,0.2,0.6,auroc,delta_real,False,5,,,,,,0.0021839208500057383,0.028227664262820498,5,0,,,False,
Binary Matched-Size Augmentation Experiment,binary_matched_size_experiment,1.75,L0.20_U0.60,True,0.2,0.6,auroc,g_real,False,5,,,,,,-0.031532151442307706,-0.00260565398320501,0,5,,,False,
Binary Matched-Size Augmentation Experiment,binary_matched_size_experiment,1.75,L0.20_U0.70,True,0.2,0.7,macro_f1,delta_synth,True,5,50,0.034016866053809436,0.0010658696117264615,0.031906779972835274,0.03611624459180154,-0.028762877127656936,0.19761762904447014,2,3,0.496,0.9053402873452727,True,
Binary Matched-Size Augmentation Experiment,binary_matched_size_experiment,1.75,L0.20_U0.70,True,0.2,0.7,macro_f1,delta_real,True,5,50,0.03757356932999968,0.0010235799777491886,0.03558789894888428,0.03958857486793991,0.005345791963514728,0.13306170406437104,5,0,0.968,0.9053402873452727,True,
Binary Matched-Size Augmentation Experiment,binary_matched_size_experiment,1.75,L0.20_U0.70,True,0.2,0.7,macro_f1,g_real,True,5,50,-0.0035567032761902604,0.0007429616291239269,-0.005033977368042124,-0.002119908734674697,-0.056453381466087825,0.06455592498009906,1,4,0.224,0.9053402873452727,True,
Binary Matched-Size Augmentation Experiment,binary_matched_size_experiment,1.75,L0.20_U0.70,True,0.2,0.7,auroc,delta_synth,True,5,50,0.0015025668118670275,0.00032612378283959897,0.0008648989199591229,0.0021290835714919895,-0.002028846153846171,0.008528735632183919,3,2,0.612,,False,
Binary Matched-Size Augmentation Experiment,binary_matched_size_experiment,1.75,L0.20_U0.70,True,0.2,0.7,auroc,delta_real,True,5,50,0.013596137104468225,0.00038148515994963956,0.012859656977790419,0.014348616397134521,0.002173518732729287,0.028227664262820498,5,0,0.996,,False,
Binary Matched-Size Augmentation Experiment,binary_matched_size_experiment,1.75,L0.20_U0.70,True,0.2,0.7,auroc,g_real,True,5,50,-0.012093570292601198,0.00032751295510317295,-0.012737948894320807,-0.011452753801738146,-0.030256510416666674,-0.0012365015101857546,0,5,0.012,,False,
Binary Matched-Size Augmentation Experiment,binary_matched_size_experiment,1.75,L0.20_U0.80,True,0.2,0.8,macro_f1,delta_synth,True,5,50,0.0361368796662748,0.001005495853078984,0.03417917210713188,0.03812884489307369,-0.022774605902195478,0.19827120811236962,3,2,0.568,0.9617632902770887,True,
Binary Matched-Size Augmentation Experiment,binary_matched_size_experiment,1.75,L0.20_U0.80,True,0.2,0.8,macro_f1,delta_real,True,5,50,0.03757356932999968,0.0010069130748632817,0.035638311457217735,0.039564805169433184,0.005345791963514728,0.13306170406437104,5,0,0.968,0.9617632902770887,True,
Binary Matched-Size Augmentation Experiment,binary_matched_size_experiment,1.75,L0.20_U0.80,True,0.2,0.8,macro_f1,g_real,True,5,50,-0.0014366896637248924,0.0007025237562273516,-0.0028339840402357673,-3.7110074862999625e-05,-0.05046511024062636,0.06520950404799855,1,4,0.24,0.9617632902770887,True,
Binary Matched-Size Augmentation Experiment,binary_matched_size_experiment,1.75,L0.20_U0.80,True,0.2,0.8,auroc,delta_synth,True,5,50,0.0019932638764622573,0.0003053794978859202,0.0014037258809075552,0.0025973094620385575,-0.0017479967948718267,0.00984173297966401,3,2,0.64,,False,
Binary Matched-Size Augmentation Experiment,binary_matched_size_experiment,1.75,L0.20_U0.80,True,0.2,0.8,auroc,delta_real,True,5,50,0.013596137104468225,0.00038196585630418864,0.012857396316024979,0.014356563620374416,0.002173518732729287,0.028227664262820498,5,0,0.996,,False,
Binary Matched-Size Augmentation Experiment,binary_matched_size_experiment,1.75,L0.20_U0.80,True,0.2,0.8,auroc,g_real,True,5,50,-0.011602873228005968,0.00030679711322069344,-0.012199023950635525,-0.011000651677866548,-0.029975661057692327,-0.0012449754193175377,0,5,0.024,,False,
Binary Matched-Size Augmentation Experiment,binary_matched_size_experiment,1.75,L0.20_U0.90,True,0.2,0.9,macro_f1,delta_synth,True,5,50,0.036441964312384875,0.0010436570163568637,0.034417898845819854,0.03851599062787826,-0.02113004609962034,0.19845653803313099,3,2,0.568,0.969882951292804,True,
Binary Matched-Size Augmentation Experiment,binary_matched_size_experiment,1.75,L0.20_U0.90,True,0.2,0.9,macro_f1,delta_real,True,5,50,0.03757356932999968,0.0010187068580283156,0.035605977676581795,0.03964224738877422,0.005345791963514728,0.13306170406437104,5,0,0.968,0.969882951292804,True,
Binary Matched-Size Augmentation Experiment,binary_matched_size_experiment,1.75,L0.20_U0.90,True,0.2,0.9,macro_f1,g_real,True,5,50,-0.001131605017614821,0.0006826409859447673,-0.002494008767297869,0.00015181946602838982,-0.048820550438051245,0.06539483396875992,1,4,0.236,0.969882951292804,True,
Binary Matched-Size Augmentation Experiment,binary_matched_size_experiment,1.75,L0.20_U0.90,True,0.2,0.9,auroc,delta_synth,True,5,50,0.001970815011030043,0.0003253057664502008,0.00133904978913511,0.0026168857161277172,-0.001408253205128227,0.009826702033598596,3,2,0.604,,False,
Binary Matched-Size Augmentation Experiment,binary_matched_size_experiment,1.75,L0.20_U0.90,True,0.2,0.9,auroc,delta_real,True,5,50,0.013596137104468225,0.00039158490903489667,0.012841019631094314,0.014370625505753009,0.002173518732729287,0.028227664262820498,5,0,0.996,,False,
Binary Matched-Size Augmentation Experiment,binary_matched_size_experiment,1.75,L0.20_U0.90,True,0.2,0.9,auroc,g_real,True,5,50,-0.011625322093438185,0.0003121455465497466,-0.012234070205151342,-0.011008159080365088,-0.029635917467948733,-0.0012386438853544113,0,5,0.02,,False,
Binary Matched-Size Augmentation Experiment,binary_matched_size_experiment,1.75,L0.30_U0.60,True,0.3,0.6,macro_f1,delta_synth,False,5,,,,,,-0.03513178050215398,0.19447082520038392,2,3,,,False,analysis_incomplete
Binary Matched-Size Augmentation Experiment,binary_matched_size_experiment,1.75,L0.30_U0.60,True,0.3,0.6,macro_f1,delta_real,False,5,,,,,,0.005345791963514728,0.13306170406437104,5,0,,,False,analysis_incomplete
Binary Matched-Size Augmentation Experiment,binary_matched_size_experiment,1.75,L0.30_U0.60,True,0.3,0.6,macro_f1,g_real,False,5,,,,,,-0.06282228484058487,0.06140912113601288,1,4,,,False,analysis_incomplete
Binary Matched-Size Augmentation Experiment,binary_matched_size_experiment,1.75,L0.30_U0.60,True,0.3,0.6,auroc,delta_synth,False,5,,,,,,-0.004111678685897442,0.007289124668435023,2,3,,,False,
Binary Matched-Size Augmentation Experiment,binary_matched_size_experiment,1.75,L0.30_U0.60,True,0.3,0.6,auroc,delta_real,False,5,,,,,,0.0021839208500057383,0.028227664262820498,5,0,,,False,
Binary Matched-Size Augmentation Experiment,binary_matched_size_experiment,1.75,L0.30_U0.60,True,0.3,0.6,auroc,g_real,False,5,,,,,,-0.032339342948717945,-0.002614790180579672,0,5,,,False,
Binary Matched-Size Augmentation Experiment,binary_matched_size_experiment,1.75,L0.30_U0.70,True,0.3,0.7,macro_f1,delta_synth,True,5,50,0.034343761868754756,0.0010423526511687277,0.03229812607825404,0.036359236214695986,-0.025806941004201365,0.1953414423068456,3,2,0.524,0.9140404406917454,True,
Binary Matched-Size Augmentation Experiment,binary_matched_size_experiment,1.75,L0.30_U0.70,True,0.3,0.7,macro_f1,delta_real,True,5,50,0.03757356932999968,0.0010234161592964908,0.035572590009011855,0.03961653279865214,0.005345791963514728,0.13306170406437104,5,0,0.968,0.9140404406917454,True,
Binary Matched-Size Augmentation Experiment,binary_matched_size_experiment,1.75,L0.30_U0.70,True,0.3,0.7,macro_f1,g_real,True,5,50,-0.0032298074612449245,0.0007523857260620048,-0.004711725371180462,-0.0017729439979571639,-0.053497445342632254,0.06227973824247459,1,4,0.22,0.9140404406917454,True,
Binary Matched-Size Augmentation Experiment,binary_matched_size_experiment,1.75,L0.30_U0.70,True,0.3,0.7,auroc,delta_synth,True,5,50,0.0013028730763075314,0.00033189668058202453,0.0006515712008087774,0.001955102512112149,-0.002892728365384636,0.008166224580017667,3,2,0.616,,False,
Binary Matched-Size Augmentation Experiment,binary_matched_size_experiment,1.75,L0.30_U0.70,True,0.3,0.7,auroc,delta_real,True,5,50,0.013596137104468225,0.0003759516181060492,0.012881624210256978,0.014338295381039182,0.002173518732729287,0.028227664262820498,5,0,0.996,,False,
Binary Matched-Size Augmentation Experiment,binary_matched_size_experiment,1.75,L0.30_U0.70,True,0.3,0.7,auroc,g_real,True,5,50,-0.012293264028160692,0.0003225518026206111,-0.01293239090383907,-0.011656631642180828,-0.03112039262820513,-0.0012068046719362656,0,5,0.016,,False,
Binary Matched-Size Augmentation Experiment,binary_matched_size_experiment,1.75,L0.30_U0.80,True,0.3,0.8,macro_f1,delta_synth,True,5,50,0.03621441562027137,0.0010586957331500083,0.03417088924859869,0.03829189216581626,-0.02262121962304988,0.19928635424772057,3,2,0.556,0.9638268672909089,True,
Binary Matched-Size Augmentation Experiment,binary_matched_size_experiment,1.75,L0.30_U0.80,True,0.3,0.8,macro_f1,delta_real,True,5,50,0.03757356932999968,0.0010195174832205432,0.03564582578164213,0.039623198818606285,0.005345791963514728,0.13306170406437104,5,0,0.968,0.9638268672909089,True,
Binary Matched-Size Augmentation Experiment,binary_matched_size_experiment,1.75,L0.30_U0.80,True,0.3,0.8,macro_f1,g_real,True,5,50,-0.0013591537097283227,0.0007030359297442134,-0.002732224410036739,2.3953819105710253e-05,-0.05031172396148078,0.06622465018334953,1,4,0.232,0.9638268672909089,True,
Binary Matched-Size Augmentation Experiment,binary_matched_size_experiment,1.75,L0.30_U0.80,True,0.3,0.8,auroc,delta_synth,True,5,50,0.0019573887724680665,0.00030832498379901064,0.001357660289394682,0.0025649029355059565,-0.001339843749999996,0.009411140583554396,3,2,0.628,,False,
Binary Matched-Size Augmentation Experiment,binary_matched_size_experiment,1.75,L0.30_U0.80,True,0.3,0.8,auroc,delta_real,True,5,50,0.013596137104468225,0.00038405331727403813,0.012859142755447868,0.014364024176761359,0.002173518732729287,0.028227664262820498,5,0,0.996,,False,
Binary Matched-Size Augmentation Experiment,binary_matched_size_experiment,1.75,L0.30_U0.80,True,0.3,0.8,auroc,g_real,True,5,50,-0.011638748332000159,0.0002871012354560229,-0.012190904469436176,-0.011062516274193817,-0.029567508012820497,-0.0011975009639483636,0,5,0.016,,False,
Binary Matched-Size Augmentation Experiment,binary_matched_size_experiment,1.75,L0.30_U0.90,True,0.3,0.9,macro_f1,delta_synth,True,5,50,0.03621528953170476,0.0010334416495025884,0.03422281090827589,0.03828757725538199,-0.02273346962873536,0.19857328020460766,3,2,0.56,0.963850125965796,True,
Binary Matched-Size Augmentation Experiment,binary_matched_size_experiment,1.75,L0.30_U0.90,True,0.3,0.9,macro_f1,delta_real,True,5,50,0.03757356932999968,0.0010156725158968999,0.03559993969138851,0.039610191016098834,0.005345791963514728,0.13306170406437104,5,0,0.968,0.963850125965796,True,
Binary Matched-Size Augmentation Experiment,binary_matched_size_experiment,1.75,L0.30_U0.90,True,0.3,0.9,macro_f1,g_real,True,5,50,-0.0013582797982949414,0.0007084677755273176,-0.0027431478598331726,2.125424897998636e-05,-0.050423973967166254,0.06551157614023656,1,4,0.24,0.963850125965796,True,
Binary Matched-Size Augmentation Experiment,binary_matched_size_experiment,1.75,L0.30_U0.90,True,0.3,0.9,auroc,delta_synth,True,5,50,0.0016947338828107502,0.0003153734724614856,0.0010859787888695392,0.0023105145070609345,-0.0016113782051282155,0.008685234305923963,3,2,0.632,,False,
Binary Matched-Size Augmentation Experiment,binary_matched_size_experiment,1.75,L0.30_U0.90,True,0.3,0.9,auroc,delta_real,True,5,50,0.013596137104468225,0.0003802098920619194,0.01285787395956234,0.014357687941925303,0.002173518732729287,0.028227664262820498,5,0,0.996,,False,
Binary Matched-Size Augmentation Experiment,binary_matched_size_experiment,1.75,L0.30_U0.90,True,0.3,0.9,auroc,g_real,True,5,50,-0.011901403221657475,0.0003049106124817351,-0.012483552652250412,-0.011308323770369486,-0.029839042467948714,-0.0012364243943191555,0,5,0.016,,False,
Binary Matched-Size Augmentation Experiment,binary_matched_size_experiment,1.75,L0.40_U0.60,True,0.4,0.6,macro_f1,delta_synth,False,5,,,,,,-0.03328065364542282,0.19366527590284413,2,3,,,False,analysis_incomplete
Binary Matched-Size Augmentation Experiment,binary_matched_size_experiment,1.75,L0.40_U0.60,True,0.4,0.6,macro_f1,delta_real,False,5,,,,,,0.004619144993072514,0.13306170406437104,5,0,,,False,analysis_incomplete
Binary Matched-Size Augmentation Experiment,binary_matched_size_experiment,1.75,L0.40_U0.60,True,0.4,0.6,macro_f1,g_real,False,5,,,,,,-0.060971157983853726,0.060603571838473085,1,4,,,False,analysis_incomplete
Binary Matched-Size Augmentation Experiment,binary_matched_size_experiment,1.75,L0.40_U0.60,True,0.4,0.6,auroc,delta_synth,False,5,,,,,,-0.003565705128205161,0.008173297966401422,2,3,,,False,
Binary Matched-Size Augmentation Experiment,binary_matched_size_experiment,1.75,L0.40_U0.60,True,0.4,0.6,auroc,delta_real,False,5,,,,,,0.0021775534254975387,0.028227664262820498,5,0,,,False,
Binary Matched-Size Augmentation Experiment,binary_matched_size_experiment,1.75,L0.40_U0.60,True,0.4,0.6,auroc,g_real,False,5,,,,,,-0.03179336939102566,-0.002580547422241508,0,5,,,False,
Binary Matched-Size Augmentation Experiment,binary_matched_size_experiment,1.75,L0.40_U0.70,True,0.4,0.7,macro_f1,delta_synth,True,5,50,0.034221092959498,0.0010788699763233543,0.03208734880205488,0.03632477183626503,-0.02915357288698381,0.19826000930287702,3,2,0.536,0.9107756747553665,True,
Binary Matched-Size Augmentation Experiment,binary_matched_size_experiment,1.75,L0.40_U0.70,True,0.4,0.7,macro_f1,delta_real,True,5,50,0.03757356932999968,0.0010176089881565966,0.03555916207158895,0.039572444924071616,0.005345791963514728,0.13306170406437104,5,0,0.968,0.9107756747553665,True,
Binary Matched-Size Augmentation Experiment,binary_matched_size_experiment,1.75,L0.40_U0.70,True,0.4,0.7,macro_f1,g_real,True,5,50,-0.003352476370501687,0.0008135631328786278,-0.004983207971579555,-0.0017951983513397709,-0.056844077225414694,0.06519830523850598,1,4,0.22,0.9107756747553665,True,
Binary Matched-Size Augmentation Experiment,binary_matched_size_experiment,1.75,L0.40_U0.70,True,0.4,0.7,auroc,delta_synth,True,5,50,0.001618766178156426,0.0003144214791106712,0.0009982147089775573,0.0022391080239328085,-0.0016396233974359231,0.008418213969938127,3,2,0.62,,False,
Binary Matched-Size Augmentation Experiment,binary_matched_size_experiment,1.75,L0.40_U0.70,True,0.4,0.7,auroc,delta_real,True,5,50,0.013596137104468225,0.00038289537311057646,0.012872129749396898,0.014373722686606385,0.002173518732729287,0.028227664262820498,5,0,0.996,,False,
Binary Matched-Size Augmentation Experiment,binary_matched_size_experiment,1.75,L0.40_U0.70,True,0.4,0.7,auroc,g_real,True,5,50,-0.011977370926311801,0.0003237657752076273,-0.012620321729849527,-0.011357369541119664,-0.02986728766025643,-0.0012310198573356424,0,5,0.024,,False,
Binary Matched-Size Augmentation Experiment,binary_matched_size_experiment,1.75,L0.40_U0.80,True,0.4,0.8,macro_f1,delta_synth,True,5,50,0.03650788009944823,0.0010535913589855923,0.034485037947761685,0.03859030112103483,-0.02107978543121227,0.19885890012176638,3,2,0.592,0.9716372639183741,True,
Binary Matched-Size Augmentation Experiment,binary_matched_size_experiment,1.75,L0.40_U0.80,True,0.4,0.8,macro_f1,delta_real,True,5,50,0.03757356932999968,0.001012855909367768,0.03563462946264235,0.039615629086105296,0.005345791963514728,0.13306170406437104,5,0,0.968,0.9716372639183741,True,
Binary Matched-Size Augmentation Experiment,binary_matched_size_experiment,1.75,L0.40_U0.80,True,0.4,0.8,macro_f1,g_real,True,5,50,-0.0010656892305514574,0.0006890257329605909,-0.002420127256166913,0.00026957303551582596,-0.048770289769643156,0.06579719605739535,1,4,0.236,0.9716372639183741,True,
Binary Matched-Size Augmentation Experiment,binary_matched_size_experiment,1.75,L0.40_U0.80,True,0.4,0.8,auroc,delta_synth,True,5,50,0.001989094628380524,0.00030834827173318316,0.0013937395857471025,0.002594234819457193,-0.0017263621794871863,0.00983908045977012,3,2,0.632,,False,
Binary Matched-Size Augmentation Experiment,binary_matched_size_experiment,1.75,L0.40_U0.80,True,0.4,0.8,auroc,delta_real,True,5,50,0.013596137104468225,0.00038160259100796114,0.012860302530600934,0.01436670781395131,0.002173518732729287,0.028227664262820498,5,0,0.996,,False,
Binary Matched-Size Augmentation Experiment,binary_matched_size_experiment,1.75,L0.40_U0.80,True,0.4,0.8,auroc,g_real,True,5,50,-0.0116070424760877,0.00031602903256074957,-0.01221947377997028,-0.010988289413461144,-0.029954026442307685,-0.0012491220037272766,0,5,0.02,,False,
Binary Matched-Size Augmentation Experiment,binary_matched_size_experiment,1.75,L0.40_U0.90,True,0.4,0.9,macro_f1,delta_synth,True,5,50,0.036461635029383765,0.0010408005809976594,0.03441216518075112,0.03852788947663035,-0.022646066122981,0.19945005388311685,3,2,0.584,0.9704064766684777,True,
Binary Matched-Size Augmentation Experiment,binary_matched_size_experiment,1.75,L0.40_U0.90,True,0.4,0.9,macro_f1,delta_real,True,5,50,0.03757356932999968,0.0010131660506996444,0.035596019038353605,0.03957006703679589,0.005345791963514728,0.13306170406437104,5,0,0.968,0.9704064766684777,True,
Binary Matched-Size Augmentation Experiment,binary_matched_size_experiment,1.75,L0.40_U0.90,True,0.4,0.9,macro_f1,g_real,True,5,50,-0.00111193430061592,0.000742829246128696,-0.0025573008803915914,0.00033538570023686063,-0.050336570461411885,0.0663883498187458,1,4,0.236,0.9704064766684777,True,
Binary Matched-Size Augmentation Experiment,binary_matched_size_experiment,1.75,L0.40_U0.90,True,0.4,0.9,auroc,delta_synth,True,5,50,0.001960724282188199,0.00031352190769585466,0.0013396005151755353,0.0025840176202344416,-0.0015836338141025875,0.00979310344827587,3,2,0.616,,False,
Binary Matched-Size Augmentation Experiment,binary_matched_size_experiment,1.75,L0.40_U0.90,True,0.4,0.9,auroc,delta_real,True,5,50,0.013596137104468225,0.0003836810642097933,0.012847210189903643,0.014364930164383892,0.002173518732729287,0.028227664262820498,5,0,0.996,,False,
Binary Matched-Size Augmentation Experiment,binary_matched_size_experiment,1.75,L0.40_U0.90,True,0.4,0.9,auroc,g_real,True,5,50,-0.011635412822280027,0.00031868110719192967,-0.01226766309114645,-0.0110195374165718,-0.029811298076923086,-0.0012547418225049812,0,5,0.016,,False,
Binary Matched-Size Augmentation Experiment,binary_matched_size_experiment,2.0,OFF,False,,,macro_f1,delta_synth,True,5,50,0.03696099873189142,0.0010331315980434243,0.03494216213870313,0.03901274196096005,-0.024803504431746108,0.20411511255292422,3,2,0.584,0.9268730115236127,True,
Binary Matched-Size Augmentation Experiment,binary_matched_size_experiment,2.0,OFF,False,,,macro_f1,delta_real,True,5,50,0.03987709025115984,0.0010782731777709042,0.03778281921725354,0.04204329429848511,0.005842535036096969,0.14119021733529033,5,0,0.984,0.9268730115236127,True,
Binary Matched-Size Augmentation Experiment,binary_matched_size_experiment,2.0,OFF,False,,,macro_f1,g_real,True,5,50,-0.0029160915192684178,0.0007217146564157803,-0.0043200934776839095,-0.0015044466070860882,-0.05297579897699336,0.06292489521763393,1,4,0.224,0.9268730115236127,True,
Binary Matched-Size Augmentation Experiment,binary_matched_size_experiment,2.0,OFF,False,,,auroc,delta_synth,True,5,50,0.0018993959283460724,0.000318998985135915,0.0012754304538755599,0.002531667823504811,-0.0022999799679487443,0.010152961980548192,3,2,0.652,,False,
Binary Matched-Size Augmentation Experiment,binary_matched_size_experiment,2.0,OFF,False,,,auroc,delta_real,True,5,50,0.014755144912399593,0.00039335338088780403,0.013996378845578632,0.015530443353797016,0.0023372871280766326,0.030831730769230768,5,0,1.0,,False,
Binary Matched-Size Augmentation Experiment,binary_matched_size_experiment,2.0,OFF,False,,,auroc,g_real,True,5,50,-0.012855748984053523,0.00032209707920535633,-0.01347942280488454,-0.012226409566112116,-0.03313171073717952,-0.0013551129426129438,0,5,0.02,,False,
Binary Matched-Size Augmentation Experiment,binary_matched_size_experiment,2.0,L0.10_U0.60,True,0.1,0.6,macro_f1,delta_synth,False,5,,,,,,-0.033321159931029416,0.19782275869072363,3,2,,,False,analysis_incomplete
Binary Matched-Size Augmentation Experiment,binary_matched_size_experiment,2.0,L0.10_U0.60,True,0.1,0.6,macro_f1,delta_real,False,5,,,,,,0.005994771729028121,0.14119021733529033,5,0,,,False,analysis_incomplete
Binary Matched-Size Augmentation Experiment,binary_matched_size_experiment,2.0,L0.10_U0.60,True,0.1,0.6,macro_f1,g_real,False,5,,,,,,-0.06149345447627667,0.056632541355433344,1,4,,,False,analysis_incomplete
Binary Matched-Size Augmentation Experiment,binary_matched_size_experiment,2.0,L0.10_U0.60,True,0.1,0.6,auroc,delta_synth,False,5,,,,,,-0.005811095505617758,0.007137046861184788,1,4,,,False,
Binary Matched-Size Augmentation Experiment,binary_matched_size_experiment,2.0,L0.10_U0.60,True,0.1,0.6,auroc,delta_real,False,5,,,,,,0.0023014453869717455,0.030831730769230768,5,0,,,False,
Binary Matched-Size Augmentation Experiment,binary_matched_size_experiment,2.0,L0.10_U0.60,True,0.1,0.6,auroc,g_real,False,5,,,,,,-0.03519971955128205,-0.0028465313925840592,0,5,,,False,
Binary Matched-Size Augmentation Experiment,binary_matched_size_experiment,2.0,L0.10_U0.70,True,0.1,0.7,macro_f1,delta_synth,True,5,50,0.03523084893328167,0.0010386383971303145,0.03319026685075562,0.03724767845295185,-0.02731804659898364,0.2028144139483155,2,3,0.472,0.8834859492351493,True,
Binary Matched-Size Augmentation Experiment,binary_matched_size_experiment,2.0,L0.10_U0.70,True,0.1,0.7,macro_f1,delta_real,True,5,50,0.03987709025115984,0.001061013127770812,0.03778838445482128,0.041939527620535884,0.005842535036096969,0.14119021733529033,5,0,0.984,0.8834859492351493,True,
Binary Matched-Size Augmentation Experiment,binary_matched_size_experiment,2.0,L0.10_U0.70,True,0.1,0.7,macro_f1,g_real,True,5,50,-0.004646241317878171,0.0007823850524546425,-0.006222798554881936,-0.0031222007379273333,-0.05549034114423088,0.061624196613025164,1,4,0.216,0.8834859492351493,True,
Binary Matched-Size Augmentation Experiment,binary_matched_size_experiment,2.0,L0.10_U0.70,True,0.1,0.7,auroc,delta_synth,True,5,50,0.0013497284574503564,0.0003236492394833835,0.0007075170643800632,0.001982574724182569,-0.0028663862179487422,0.008618921308576485,3,2,0.596,,False,
Binary Matched-Size Augmentation Experiment,binary_matched_size_experiment,2.0,L0.10_U0.70,True,0.1,0.7,auroc,delta_real,True,5,50,0.014755144912399593,0.0003855382656432895,0.013990134633621974,0.01550814740672188,0.0023372871280766326,0.030831730769230768,5,0,1.0,,False,
Binary Matched-Size Augmentation Experiment,binary_matched_size_experiment,2.0,L0.10_U0.70,True,0.1,0.7,auroc,g_real,True,5,50,-0.013405416454949238,0.00032026836397512637,-0.014020495423179695,-0.012772836382218978,-0.03369811698717951,-0.0014185214639162247,0,5,0.012,,False,
Binary Matched-Size Augmentation Experiment,binary_matched_size_experiment,2.0,L0.10_U0.80,True,0.1,0.8,macro_f1,delta_synth,True,5,50,0.03701819511754604,0.0010841686272988536,0.03494591487129594,0.03917007638277201,-0.022410492838477573,0.20231487363678888,3,2,0.572,0.9283073284533179,True,
Binary Matched-Size Augmentation Experiment,binary_matched_size_experiment,2.0,L0.10_U0.80,True,0.1,0.8,macro_f1,delta_real,True,5,50,0.03987709025115984,0.0010750716005290693,0.0377919718350408,0.04203214763420028,0.005842535036096969,0.14119021733529033,5,0,0.984,0.9283073284533179,True,
Binary Matched-Size Augmentation Experiment,binary_matched_size_experiment,2.0,L0.10_U0.80,True,0.1,0.8,macro_f1,g_real,True,5,50,-0.0028588951336137986,0.0007067320210078652,-0.004260334282392702,-0.0014794374734459414,-0.05058278738372483,0.061124656301498576,1,4,0.22,0.9283073284533179,True,
Binary Matched-Size Augmentation Experiment,binary_matched_size_experiment,2.0,L0.10_U0.80,True,0.1,0.8,auroc,delta_synth,True,5,50,0.0019491791817814214,0.0003351496099517398,0.0012975296637142508,0.002616176536236748,-0.002248197115384627,0.010076923076923087,3,2,0.624,,False,
Binary Matched-Size Augmentation Experiment,binary_matched_size_experiment,2.0,L0.10_U0.80,True,0.1,0.8,auroc,delta_real,True,5,50,0.014755144912399593,0.00039106871081649253,0.014008521116775951,0.01554572302722924,0.0023372871280766326,0.030831730769230768,5,0,1.0,,False,
Binary Matched-Size Augmentation Experiment,binary_matched_size_experiment,2.0,L0.10_U0.80,True,0.1,0.8,auroc,g_real,True,5,50,-0.012805965730618171,0.00032323956966388395,-0.013437142763827644,-0.012169592657322679,-0.0330799278846154,-0.0014025512499196702,0,5,0.012,,False,
Binary Matched-Size Augmentation Experiment,binary_matched_size_experiment,2.0,L0.10_U0.90,True,0.1,0.9,macro_f1,delta_synth,True,5,50,0.03725041693172566,0.001047120706763529,0.03524114566198569,0.03932757436461221,-0.023244016453243966,0.20475609929205532,3,2,0.532,0.9341307677443246,True,
Binary Matched-Size Augmentation Experiment,binary_matched_size_experiment,2.0,L0.10_U0.90,True,0.1,0.9,macro_f1,delta_real,True,5,50,0.03987709025115984,0.0010760330781238645,0.03783923804833033,0.0419973377557307,0.005842535036096969,0.14119021733529033,5,0,0.984,0.9341307677443246,True,
Binary Matched-Size Augmentation Experiment,binary_matched_size_experiment,2.0,L0.10_U0.90,True,0.1,0.9,macro_f1,g_real,True,5,50,-0.0026266733194341817,0.0007289103346910117,-0.0040357357114937775,-0.001172671490881059,-0.05141631099849121,0.06356588195676499,1,4,0.22,0.9341307677443246,True,
Binary Matched-Size Augmentation Experiment,binary_matched_size_experiment,2.0,L0.10_U0.90,True,0.1,0.9,auroc,delta_synth,True,5,50,0.0019948864123424327,0.0003136692595807567,0.0013998573394018753,0.0026193909902911846,-0.0019797676282051467,0.010457117595048623,3,2,0.616,,False,
Binary Matched-Size Augmentation Experiment,binary_matched_size_experiment,2.0,L0.10_U0.90,True,0.1,0.9,auroc,delta_real,True,5,50,0.014755144912399593,0.00039297765017911294,0.014003910681232362,0.015539494292855845,0.0023372871280766326,0.030831730769230768,5,0,1.0,,False,
Binary Matched-Size Augmentation Experiment,binary_matched_size_experiment,2.0,L0.10_U0.90,True,0.1,0.9,auroc,g_real,True,5,50,-0.012760258500057162,0.00030799632076766416,-0.01336850175566447,-0.01215453785359749,-0.03281149839743592,-0.0013799153332048463,0,5,0.016,,False,
Binary Matched-Size Augmentation Experiment,binary_matched_size_experiment,2.0,L0.20_U0.60,True,0.2,0.6,macro_f1,delta_synth,False,5,,,,,,-0.03464964934829412,0.199395454542356,2,3,,,False,analysis_incomplete
Binary Matched-Size Augmentation Experiment,binary_matched_size_experiment,2.0,L0.20_U0.60,True,0.2,0.6,macro_f1,delta_real,False,5,,,,,,0.005994771729028121,0.14119021733529033,5,0,,,False,analysis_incomplete
Binary Matched-Size Augmentation Experiment,binary_matched_size_experiment,2.0,L0.20_U0.60,True,0.2,0.6,macro_f1,g_real,False,5,,,,,,-0.06282194389354137,0.05820523720706568,1,4,,,False,analysis_incomplete
Binary Matched-Size Augmentation Experiment,binary_matched_size_experiment,2.0,L0.20_U0.60,True,0.2,0.6,auroc,delta_synth,False,5,,,,,,-0.005375117041198418,0.007018567639257294,1,4,,,False,
Binary Matched-Size Augmentation Experiment,binary_matched_size_experiment,2.0,L0.20_U0.60,True,0.2,0.6,auroc,delta_real,False,5,,,,,,0.0023014453869717455,0.030831730769230768,5,0,,,False,
Binary Matched-Size Augmentation Experiment,binary_matched_size_experiment,2.0,L0.20_U0.60,True,0.2,0.6,auroc,g_real,False,5,,,,,,-0.03503285256410256,-0.002866627930224428,0,5,,,False,
Binary Matched-Size Augmentation Experiment,binary_matched_size_experiment,2.0,L0.20_U0.70,True,0.2,0.7,macro_f1,delta_synth,True,5,50,0.034770062574219406,0.0010619945176975336,0.03268885310702163,0.03687393079130299,-0.02867601069031922,0.20157921573834034,2,3,0.496,0.8719307841977789,True,
Binary Matched-Size Augmentation Experiment,binary_matched_size_experiment,2.0,L0.20_U0.70,True,0.2,0.7,macro_f1,delta_real,True,5,50,0.03987709025115984,0.0010799787114347313,0.03782102713207372,0.04203374194964717,0.005842535036096969,0.14119021733529033,5,0,0.984,0.8719307841977789,True,
Binary Matched-Size Augmentation Experiment,binary_matched_size_experiment,2.0,L0.20_U0.70,True,0.2,0.7,macro_f1,g_real,True,5,50,-0.005107027676940431,0.0007650885901262429,-0.006599645432462336,-0.0036018956465246974,-0.05684830523556647,0.06038899840305003,1,4,0.216,0.8719307841977789,True,
Binary Matched-Size Augmentation Experiment,binary_matched_size_experiment,2.0,L0.20_U0.70,True,0.2,0.7,auroc,delta_synth,True,5,50,0.001535210572999836,0.00033007242144479637,0.0008744867799620549,0.002187748486586199,-0.0024292868589743666,0.009208664898320071,3,2,0.588,,False,
Binary Matched-Size Augmentation Experiment,binary_matched_size_experiment,2.0,L0.20_U0.70,True,0.2,0.7,auroc,delta_real,True,5,50,0.014755144912399593,0.00038780138677770953,0.014010280449949794,0.015521433536544624,0.0023372871280766326,0.030831730769230768,5,0,1.0,,False,
Binary Matched-Size Augmentation Experiment,binary_matched_size_experiment,2.0,L0.20_U0.70,True,0.2,0.7,auroc,g_real,True,5,50,-0.013219934339399757,0.0003328755123936381,-0.01388012246104035,-0.012564883767997151,-0.03326101762820514,-0.0014142029753871999,0,5,0.008,,False,
Binary Matched-Size Augmentation Experiment,binary_matched_size_experiment,2.0,L0.20_U0.80,True,0.2,0.8,macro_f1,delta_synth,True,5,50,0.03688224320252481,0.0010368538643423864,0.0348440090341189,0.038919548287710826,-0.02349262285035203,0.20261619991692256,3,2,0.576,0.9248980547534327,True,
Binary Matched-Size Augmentation Experiment,binary_matched_size_experiment,2.0,L0.20_U0.80,True,0.2,0.8,macro_f1,delta_real,True,5,50,0.03987709025115984,0.0010705467194799285,0.03785035737257986,0.04201992658473962,0.005842535036096969,0.14119021733529033,5,0,0.984,0.9248980547534327,True,
Binary Matched-Size Augmentation Experiment,binary_matched_size_experiment,2.0,L0.20_U0.80,True,0.2,0.8,macro_f1,g_real,True,5,50,-0.002994847048635026,0.0007164273230756413,-0.004405625988426712,-0.0015945023873457907,-0.05166491739559928,0.06142598258163225,1,4,0.228,0.9248980547534327,True,
Binary Matched-Size Augmentation Experiment,binary_matched_size_experiment,2.0,L0.20_U0.80,True,0.2,0.8,auroc,delta_synth,True,5,50,0.002042968595190613,0.0003126647773871171,0.001439315947070267,0.002671980893100255,-0.002171975160256423,0.010639257294429709,3,2,0.612,,False,
Binary Matched-Size Augmentation Experiment,binary_matched_size_experiment,2.0,L0.20_U0.80,True,0.2,0.8,auroc,delta_real,True,5,50,0.014755144912399593,0.00039357005955756026,0.013999713949406342,0.015536184548866232,0.0023372871280766326,0.030831730769230768,5,0,1.0,,False,
Binary Matched-Size Augmentation Experiment,binary_matched_size_experiment,2.0,L0.20_U0.80,True,0.2,0.8,auroc,g_real,True,5,50,-0.012712176317208982,0.00033154669783839547,-0.013363131445143995,-0.01206053384983539,-0.0330037059294872,-0.0013616260201786722,0,5,0.016,,False,
Binary Matched-Size Augmentation Experiment,binary_matched_size_experiment,2.0,L0.20_U0.90,True,0.2,0.9,macro_f1,delta_synth,True,5,50,0.03731947305167937,0.0010556375029197667,0.03531509420862385,0.03946410970762706,-0.022647726528263145,0.20371597208507017,3,2,0.576,0.9358624918876551,True,
Binary Matched-Size Augmentation Experiment,binary_matched_size_experiment,2.0,L0.20_U0.90,True,0.2,0.9,macro_f1,delta_real,True,5,50,0.03987709025115984,0.0010843742514899549,0.037819479475777504,0.042090281481992564,0.005842535036096969,0.14119021733529033,5,0,0.984,0.9358624918876551,True,
Binary Matched-Size Augmentation Experiment,binary_matched_size_experiment,2.0,L0.20_U0.90,True,0.2,0.9,macro_f1,g_real,True,5,50,-0.0025576171994804745,0.0007170008394916797,-0.00394639957223277,-0.0011621020815238841,-0.05082002107351039,0.06252575474977981,1,4,0.232,0.9358624918876551,True,
Binary Matched-Size Augmentation Experiment,binary_matched_size_experiment,2.0,L0.20_U0.90,True,0.2,0.9,auroc,delta_synth,True,5,50,0.002027215609570484,0.0003267026495051916,0.00137924613399575,0.0026771815725625528,-0.0018817107371795073,0.010408488063660475,3,2,0.612,,False,
Binary Matched-Size Augmentation Experiment,binary_matched_size_experiment,2.0,L0.20_U0.90,True,0.2,0.9,auroc,delta_real,True,5,50,0.014755144912399593,0.00039273023282323805,0.01399692292974372,0.015542465795883052,0.0023372871280766326,0.030831730769230768,5,0,1.0,,False,
Binary Matched-Size Augmentation Experiment,binary_matched_size_experiment,2.0,L0.20_U0.90,True,0.2,0.9,auroc,g_real,True,5,50,-0.012727929302829111,0.00032537283229230565,-0.01335701453195588,-0.012077269350691412,-0.032713441506410285,-0.0013745573870574091,0,5,0.016,,False,
Binary Matched-Size Augmentation Experiment,binary_matched_size_experiment,2.0,L0.30_U0.60,True,0.3,0.6,macro_f1,delta_synth,False,5,,,,,,-0.03624899786931929,0.19917320482282508,2,3,,,False,analysis_incomplete
Binary Matched-Size Augmentation Experiment,binary_matched_size_experiment,2.0,L0.30_U0.60,True,0.3,0.6,macro_f1,delta_real,False,5,,,,,,0.005994771729028121,0.14119021733529033,5,0,,,False,analysis_incomplete
Binary Matched-Size Augmentation Experiment,binary_matched_size_experiment,2.0,L0.30_U0.60,True,0.3,0.6,macro_f1,g_real,False,5,,,,,,-0.06442129241456654,0.05798298748753475,1,4,,,False,analysis_incomplete
Binary Matched-Size Augmentation Experiment,binary_matched_size_experiment,2.0,L0.30_U0.60,True,0.3,0.6,auroc,delta_synth,False,5,,,,,,-0.005620903558052337,0.00691954022988507,1,4,,,False,
Binary Matched-Size Augmentation Experiment,binary_matched_size_experiment,2.0,L0.30_U0.60,True,0.3,0.6,auroc,delta_real,False,5,,,,,,0.0023014453869717455,0.030831730769230768,5,0,,,False,
Binary Matched-Size Augmentation Experiment,binary_matched_size_experiment,2.0,L0.30_U0.60,True,0.3,0.6,auroc,g_real,False,5,,,,,,-0.03570322516025644,-0.002858990424779943,0,5,,,False,
Binary Matched-Size Augmentation Experiment,binary_matched_size_experiment,2.0,L0.30_U0.70,True,0.3,0.7,macro_f1,delta_synth,True,5,50,0.03522639716715733,0.0010686203447400277,0.03312238209338242,0.037312258348808386,-0.02722028128760874,0.20172742979641797,2,3,0.5,0.8833743120495798,True,
Binary Matched-Size Augmentation Experiment,binary_matched_size_experiment,2.0,L0.30_U0.70,True,0.3,0.7,macro_f1,delta_real,True,5,50,0.03987709025115984,0.0010732184550285443,0.037787748409610085,0.04197334904025845,0.005842535036096969,0.14119021733529033,5,0,0.984,0.8833743120495798,True,
Binary Matched-Size Augmentation Experiment,binary_matched_size_experiment,2.0,L0.30_U0.70,True,0.3,0.7,macro_f1,g_real,True,5,50,-0.004650693084002514,0.0007756736739506216,-0.006176954197144458,-0.0031183683666552125,-0.055392575832856006,0.06053721246112762,1,4,0.22,0.8833743120495798,True,
Binary Matched-Size Augmentation Experiment,binary_matched_size_experiment,2.0,L0.30_U0.70,True,0.3,0.7,auroc,delta_synth,True,5,50,0.0013178853381607808,0.0003376307442394282,0.0006576388718477436,0.0019926249573827106,-0.0033580729166666832,0.00884615384615385,3,2,0.6,,False,
Binary Matched-Size Augmentation Experiment,binary_matched_size_experiment,2.0,L0.30_U0.70,True,0.3,0.7,auroc,delta_real,True,5,50,0.014755144912399593,0.0003900520239509637,0.014001207666638968,0.015569354084620205,0.0023372871280766326,0.030831730769230768,5,0,1.0,,False,
Binary Matched-Size Augmentation Experiment,binary_matched_size_experiment,2.0,L0.30_U0.70,True,0.3,0.7,auroc,g_real,True,5,50,-0.013437259574238813,0.0003240202941826788,-0.014089284988015807,-0.01280479522542718,-0.034189803685897455,-0.0013922988561146732,0,5,0.016,,False,
Binary Matched-Size Augmentation Experiment,binary_matched_size_experiment,2.0,L0.30_U0.80,True,0.3,0.8,macro_f1,delta_synth,True,5,50,0.03746322352955778,0.0010828881784779043,0.035358799556983664,0.039609416733808404,-0.02102002662092615,0.20313296034086542,3,2,0.552,0.9394673305800729,True,
Binary Matched-Size Augmentation Experiment,binary_matched_size_experiment,2.0,L0.30_U0.80,True,0.3,0.8,macro_f1,delta_real,True,5,50,0.03987709025115984,0.0010868636871079183,0.037754084014844355,0.04205242947923797,0.005842535036096969,0.14119021733529033,5,0,0.984,0.9394673305800729,True,
Binary Matched-Size Augmentation Experiment,binary_matched_size_experiment,2.0,L0.30_U0.80,True,0.3,0.8,macro_f1,g_real,True,5,50,-0.002413866721602054,0.0006934879969131525,-0.003800844436449625,-0.00104342928134123,-0.0491923211661734,0.0619427430055751,1,4,0.228,0.9394673305800729,True,
Binary Matched-Size Augmentation Experiment,binary_matched_size_experiment,2.0,L0.30_U0.80,True,0.3,0.8,auroc,delta_synth,True,5,50,0.0020251432873303363,0.00030526914490280004,0.0014396986494603753,0.0026267006989282708,-0.001983774038461559,0.010329796640141484,3,2,0.62,,False,
Binary Matched-Size Augmentation Experiment,binary_matched_size_experiment,2.0,L0.30_U0.80,True,0.3,0.8,auroc,delta_real,True,5,50,0.014755144912399593,0.00039372020251877174,0.014003515159269926,0.015547057822006985,0.0023372871280766326,0.030831730769230768,5,0,1.0,,False,
Binary Matched-Size Augmentation Experiment,binary_matched_size_experiment,2.0,L0.30_U0.80,True,0.3,0.8,auroc,g_real,True,5,50,-0.012730001625069256,0.0003008975196212788,-0.013317019667473945,-0.012139554457964394,-0.032815504807692325,-0.0013236030782083597,0,5,0.02,,False,
Binary Matched-Size Augmentation Experiment,binary_matched_size_experiment,2.0,L0.30_U0.90,True,0.3,0.9,macro_f1,delta_synth,True,5,50,0.03730800057670587,0.0010540407681617267,0.035250061332017614,0.03937524123385923,-0.023079711741620913,0.20430203967297383,3,2,0.56,0.935574795997578,True,
Binary Matched-Size Augmentation Experiment,binary_matched_size_experiment,2.0,L0.30_U0.90,True,0.3,0.9,macro_f1,delta_real,True,5,50,0.03987709025115984,0.0010797412813755313,0.037784352532952065,0.041980660698894084,0.005842535036096969,0.14119021733529033,5,0,0.984,0.935574795997578,True,
Binary Matched-Size Augmentation Experiment,binary_matched_size_experiment,2.0,L0.30_U0.90,True,0.3,0.9,macro_f1,g_real,True,5,50,-0.0025690896744539663,0.0007502674660190026,-0.00402238554391077,-0.0010928177511525124,-0.05125200628686815,0.06311182233768348,1,4,0.236,0.935574795997578,True,
Binary Matched-Size Augmentation Experiment,binary_matched_size_experiment,2.0,L0.30_U0.90,True,0.3,0.9,auroc,delta_synth,True,5,50,0.0018013157942170818,0.0003162311260425247,0.001191129729570778,0.002424933480408483,-0.002077924679487189,0.009620689655172425,3,2,0.636,,False,
Binary Matched-Size Augmentation Experiment,binary_matched_size_experiment,2.0,L0.30_U0.90,True,0.3,0.9,auroc,delta_real,True,5,50,0.014755144912399593,0.0003902710222916122,0.013996192364906963,0.015528610040772495,0.0023372871280766326,0.030831730769230768,5,0,1.0,,False,
Binary Matched-Size Augmentation Experiment,binary_matched_size_experiment,2.0,L0.30_U0.90,True,0.3,0.9,auroc,g_real,True,5,50,-0.01295382911818251,0.0003174369278111328,-0.013569034972153119,-0.012328945999217536,-0.03290965544871796,-0.0013684081999871655,0,5,0.008,,False,
Binary Matched-Size Augmentation Experiment,binary_matched_size_experiment,2.0,L0.40_U0.60,True,0.4,0.6,macro_f1,delta_synth,False,5,,,,,,-0.0345331743572369,0.19753780693751546,3,2,,,False,analysis_incomplete
Binary Matched-Size Augmentation Experiment,binary_matched_size_experiment,2.0,L0.40_U0.60,True,0.4,0.6,macro_f1,delta_real,False,5,,,,,,0.005900337169870259,0.14119021733529033,5,0,,,False,analysis_incomplete
Binary Matched-Size Augmentation Experiment,binary_matched_size_experiment,2.0,L0.40_U0.60,True,0.4,0.6,macro_f1,g_real,False,5,,,,,,-0.06270546890248413,0.05634758960222516,1,4,,,False,analysis_incomplete
Binary Matched-Size Augmentation Experiment,binary_matched_size_experiment,2.0,L0.40_U0.60,True,0.4,0.6,auroc,delta_synth,False,5,,,,,,-0.004567532771535432,0.007603890362511061,1,4,,,False,
Binary Matched-Size Augmentation Experiment,binary_matched_size_experiment,2.0,L0.40_U0.60,True,0.4,0.6,auroc,delta_real,False,5,,,,,,0.002357199274273986,0.030831730769230768,5,0,,,False,
Binary Matched-Size Augmentation Experiment,binary_matched_size_experiment,2.0,L0.40_U0.60,True,0.4,0.6,auroc,g_real,False,5,,,,,,-0.03526211939102565,-0.0028818178795229077,0,5,,,False,
Binary Matched-Size Augmentation Experiment,binary_matched_size_experiment,2.0,L0.40_U0.70,True,0.4,0.7,macro_f1,delta_synth,True,5,50,0.034848872446757315,0.0010831710995241586,0.03273444112451895,0.03699303518172766,-0.030819118291982674,0.203221545675941,3,2,0.52,0.8739071037346744,True,
Binary Matched-Size Augmentation Experiment,binary_matched_size_experiment,2.0,L0.40_U0.70,True,0.4,0.7,macro_f1,delta_real,True,5,50,0.03987709025115984,0.0010717698677900822,0.037833174529758026,0.04200106156820874,0.005842535036096969,0.14119021733529033,5,0,0.984,0.8739071037346744,True,
Binary Matched-Size Augmentation Experiment,binary_matched_size_experiment,2.0,L0.40_U0.70,True,0.4,0.7,macro_f1,g_real,True,5,50,-0.0050282178044025235,0.0008414646355542522,-0.006674612841570954,-0.0033610634114257486,-0.05899141283722992,0.06203132834065066,1,4,0.22,0.8739071037346744,True,
Binary Matched-Size Augmentation Experiment,binary_matched_size_experiment,2.0,L0.40_U0.70,True,0.4,0.7,auroc,delta_synth,True,5,50,0.001495670372775796,0.00031542204390319287,0.0008752014507510365,0.002112328549712734,-0.0025363581730769424,0.008770114942528747,3,2,0.612,,False,
Binary Matched-Size Augmentation Experiment,binary_matched_size_experiment,2.0,L0.40_U0.70,True,0.4,0.7,auroc,delta_real,True,5,50,0.014755144912399593,0.00038876903005423505,0.01401416161621931,0.01552950580802261,0.0023372871280766326,0.030831730769230768,5,0,1.0,,False,
Binary Matched-Size Augmentation Experiment,binary_matched_size_experiment,2.0,L0.40_U0.70,True,0.4,0.7,auroc,g_real,True,5,50,-0.013259474539623797,0.00033393954858953865,-0.013929794563433903,-0.012600611520272068,-0.033368088942307715,-0.0013915501895765093,0,5,0.012,,False,
Binary Matched-Size Augmentation Experiment,binary_matched_size_experiment,2.0,L0.40_U0.80,True,0.4,0.8,macro_f1,delta_synth,True,5,50,0.037630231535012056,0.001072529259312325,0.035561715538854,0.03978184528988509,-0.02150491035554928,0.20453499565152844,3,2,0.588,0.9436553995791498,True,
Binary Matched-Size Augmentation Experiment,binary_matched_size_experiment,2.0,L0.40_U0.80,True,0.4,0.8,macro_f1,delta_real,True,5,50,0.03987709025115984,0.0010899841014158948,0.03780022511735014,0.04208646106264534,0.005842535036096969,0.14119021733529033,5,0,0.984,0.9436553995791498,True,
Binary Matched-Size Augmentation Experiment,binary_matched_size_experiment,2.0,L0.40_U0.80,True,0.4,0.8,macro_f1,g_real,True,5,50,-0.0022468587161477774,0.0007399356319536869,-0.0036595720488482955,-0.000801668947470629,-0.04967720490079652,0.06334477831623814,1,4,0.224,0.9436553995791498,True,
Binary Matched-Size Augmentation Experiment,binary_matched_size_experiment,2.0,L0.40_U0.80,True,0.4,0.8,auroc,delta_synth,True,5,50,0.0020991712066150236,0.00031061054512538874,0.0014954350619384173,0.0027186403398630882,-0.002184795673076936,0.010883289124668453,3,2,0.636,,False,
Binary Matched-Size Augmentation Experiment,binary_matched_size_experiment,2.0,L0.40_U0.80,True,0.4,0.8,auroc,delta_real,True,5,50,0.014755144912399593,0.0003923869490702411,0.013994474678028675,0.015538364118418191,0.0023372871280766326,0.030831730769230768,5,0,1.0,,False,
Binary Matched-Size Augmentation Experiment,binary_matched_size_experiment,2.0,L0.40_U0.80,True,0.4,0.8,auroc,g_real,True,5,50,-0.01265597370578457,0.00032642064806717545,-0.01329707194712133,-0.012003580668349641,-0.03301652644230771,-0.001378732086626826,0,5,0.012,,False,
Binary Matched-Size Augmentation Experiment,binary_matched_size_experiment,2.0,L0.40_U0.90,True,0.4,0.9,macro_f1,delta_synth,True,5,50,0.03695442846361106,0.0010414090490298315,0.03487624216675031,0.03901451264583551,-0.024511063835723976,0.20387030530461395,3,2,0.576,0.926708248542187,True,
Binary Matched-Size Augmentation Experiment,binary_matched_size_experiment,2.0,L0.40_U0.90,True,0.4,0.9,macro_f1,delta_real,True,5,50,0.03987709025115984,0.0010815608099506641,0.037771549286819604,0.04200541410923506,0.005842535036096969,0.14119021733529033,5,0,0.984,0.926708248542187,True,
Binary Matched-Size Augmentation Experiment,binary_matched_size_experiment,2.0,L0.40_U0.90,True,0.4,0.9,macro_f1,g_real,True,5,50,-0.0029226617875487727,0.0007809375645088275,-0.004436406011047318,-0.0013940968707622683,-0.052683358380971226,0.06268008796932367,1,4,0.232,0.926708248542187,True,
Binary Matched-Size Augmentation Experiment,binary_matched_size_experiment,2.0,L0.40_U0.90,True,0.4,0.9,auroc,delta_synth,True,5,50,0.0019914213634316265,0.00030266383103873403,0.001399780777868397,0.0025966259849336845,-0.0021002604166666817,0.010383731211317415,3,2,0.62,,False,
Binary Matched-Size Augmentation Experiment,binary_matched_size_experiment,2.0,L0.40_U0.90,True,0.4,0.9,auroc,delta_real,True,5,50,0.014755144912399593,0.000395241368837984,0.013992120688911395,0.01553569366175891,0.0023372871280766326,0.030831730769230768,5,0,1.0,,False,
Binary Matched-Size Augmentation Experiment,binary_matched_size_experiment,2.0,L0.40_U0.90,True,0.4,0.9,auroc,g_real,True,5,50,-0.012763723548967968,0.00033293647265323294,-0.013415169088711808,-0.01211595522470457,-0.03293199118589746,-0.0013841470663839273,0,5,0.012,,False,
Binary Matched-Size Augmentation Experiment,binary_matched_size_experiment,2.5,OFF,False,,,macro_f1,delta_synth,True,5,50,0.03817971227038354,0.00104598021062769,0.03615239972620113,0.04023175389637014,-0.026973836152358172,0.21177874348149697,3,2,0.56,0.8652113729087425,True,
Binary Matched-Size Augmentation Experiment,binary_matched_size_experiment,2.5,OFF,False,,,macro_f1,delta_real,True,5,50,0.04412761258792482,0.0010455778591736522,0.04210710162212549,0.046209395463930346,0.006643077555476766,0.15846203948526308,5,0,0.984,0.8652113729087425,True,
Binary Matched-Size Augmentation Experiment,binary_matched_size_experiment,2.5,OFF,False,,,macro_f1,g_real,True,5,50,-0.005947900317541279,0.0006888326993659712,-0.0073058948797996405,-0.004619073505866923,-0.05585772767741837,0.05331670399623387,1,4,0.228,0.8652113729087425,True,
Binary Matched-Size Augmentation Experiment,binary_matched_size_experiment,2.5,OFF,False,,,auroc,delta_synth,True,5,50,0.0016997285926789861,0.0003374252912287299,0.0010551775175083988,0.002370843819380969,-0.003342247596153849,0.010074270557029166,3,2,0.628,,False,
Binary Matched-Size Augmentation Experiment,binary_matched_size_experiment,2.5,OFF,False,,,auroc,delta_real,True,5,50,0.016496170269060063,0.0003900108174145332,0.015733842924889295,0.017266246510804644,0.002608294775400064,0.034317808493589744,5,0,1.0,,False,
Binary Matched-Size Augmentation Experiment,binary_matched_size_experiment,2.5,OFF,False,,,auroc,g_real,True,5,50,-0.014796441676381075,0.0003144776764173761,-0.015413731768691446,-0.014181874843830445,-0.03766005608974359,-0.0016213546687231229,0,5,0.004,,False,
Binary Matched-Size Augmentation Experiment,binary_matched_size_experiment,2.5,L0.10_U0.60,True,0.1,0.6,macro_f1,delta_synth,False,5,,,,,,-0.03557357591638836,0.20445160759976747,2,2,,,False,analysis_incomplete
Binary Matched-Size Augmentation Experiment,binary_matched_size_experiment,2.5,L0.10_U0.60,True,0.1,0.6,macro_f1,delta_real,False,5,,,,,,0.006005152543902651,0.15846203948526308,4,0,,,False,analysis_incomplete
Binary Matched-Size Augmentation Experiment,binary_matched_size_experiment,2.5,L0.10_U0.60,True,0.1,0.6,macro_f1,g_real,False,5,,,,,,-0.06445746744144855,0.045989568114504366,1,3,,,False,analysis_incomplete
Binary Matched-Size Augmentation Experiment,binary_matched_size_experiment,2.5,L0.10_U0.60,True,0.1,0.6,auroc,delta_synth,False,5,,,,,,-0.005995092147435903,0.006832007073386397,1,3,,,False,
Binary Matched-Size Augmentation Experiment,binary_matched_size_experiment,2.5,L0.10_U0.60,True,0.1,0.6,auroc,delta_real,False,5,,,,,,0.002640747702589823,0.034317808493589744,4,0,,,False,
Binary Matched-Size Augmentation Experiment,binary_matched_size_experiment,2.5,L0.10_U0.60,True,0.1,0.6,auroc,g_real,False,5,,,,,,-0.04031290064102564,-0.003585905468800199,0,4,,,False,
Binary Matched-Size Augmentation Experiment,binary_matched_size_experiment,2.5,L0.10_U0.70,True,0.1,0.7,macro_f1,delta_synth,True,5,50,0.03623793275515004,0.0010689697042871502,0.03417840952219898,0.038386218078092844,-0.02925689575523462,0.2096352027706141,2,3,0.48,0.8212076436935152,True,
Binary Matched-Size Augmentation Experiment,binary_matched_size_experiment,2.5,L0.10_U0.70,True,0.1,0.7,macro_f1,delta_real,True,5,50,0.04412761258792482,0.00103333326750281,0.042144779404364625,0.046183817154297535,0.006643077555476766,0.15846203948526308,5,0,0.984,0.8212076436935152,True,
Binary Matched-Size Augmentation Experiment,binary_matched_size_experiment,2.5,L0.10_U0.70,True,0.1,0.7,macro_f1,g_real,True,5,50,-0.007889679832774773,0.0006664887918985727,-0.009205124164142417,-0.006592116227312564,-0.05814078728029481,0.051173163285351014,1,4,0.208,0.8212076436935152,True,
Binary Matched-Size Augmentation Experiment,binary_matched_size_experiment,2.5,L0.10_U0.70,True,0.1,0.7,auroc,delta_synth,True,5,50,0.0010764871592423599,0.00033143481741283157,0.00042505708112190813,0.0017341493218950355,-0.004072015224358976,0.008728558797524322,3,2,0.58,,False,
Binary Matched-Size Augmentation Experiment,binary_matched_size_experiment,2.5,L0.10_U0.70,True,0.1,0.7,auroc,delta_real,True,5,50,0.016496170269060063,0.00038980822368781995,0.01574687351850059,0.017270185476892925,0.002608294775400064,0.034317808493589744,5,0,1.0,,False,
Binary Matched-Size Augmentation Experiment,binary_matched_size_experiment,2.5,L0.10_U0.70,True,0.1,0.7,auroc,g_real,True,5,50,-0.015419683109817704,0.00031952301137370287,-0.01605045170128781,-0.014800990790642602,-0.03838982371794872,-0.001728912023648872,0,5,0.0,,False,
Binary Matched-Size Augmentation Experiment,binary_matched_size_experiment,2.5,L0.10_U0.80,True,0.1,0.8,macro_f1,delta_synth,True,5,50,0.038060510855328834,0.0010265574802951678,0.036075351872631264,0.04010223565573336,-0.025422896135174667,0.21090390505937848,3,2,0.548,0.8625100843489503,True,
Binary Matched-Size Augmentation Experiment,binary_matched_size_experiment,2.5,L0.10_U0.80,True,0.1,0.8,macro_f1,delta_real,True,5,50,0.04412761258792482,0.001028545302969205,0.04210776464747266,0.04614108828053959,0.006643077555476766,0.15846203948526308,5,0,0.984,0.8625100843489503,True,
Binary Matched-Size Augmentation Experiment,binary_matched_size_experiment,2.5,L0.10_U0.80,True,0.1,0.8,macro_f1,g_real,True,5,50,-0.006067101732595989,0.0006399625245752304,-0.00730761732190062,-0.004825789709311038,-0.05430678766023486,0.05244186557411537,1,4,0.212,0.8625100843489503,True,
Binary Matched-Size Augmentation Experiment,binary_matched_size_experiment,2.5,L0.10_U0.80,True,0.1,0.8,auroc,delta_synth,True,5,50,0.0017164651756519714,0.00034767158665116593,0.0010457495334796302,0.002400326710705051,-0.003415564903846182,0.01000000000000001,3,2,0.616,,False,
Binary Matched-Size Augmentation Experiment,binary_matched_size_experiment,2.5,L0.10_U0.80,True,0.1,0.8,auroc,delta_real,True,5,50,0.016496170269060063,0.0003936559741898216,0.015721451809181868,0.017263571284223032,0.002608294775400064,0.034317808493589744,5,0,1.0,,False,
Binary Matched-Size Augmentation Experiment,binary_matched_size_experiment,2.5,L0.10_U0.80,True,0.1,0.8,auroc,g_real,True,5,50,-0.014779705093408091,0.0003231053976884202,-0.01543298321408255,-0.014153689341274627,-0.03773337339743592,-0.0016715908360645227,0,5,0.012,,False,
Binary Matched-Size Augmentation Experiment,binary_matched_size_experiment,2.5,L0.10_U0.90,True,0.1,0.9,macro_f1,delta_synth,True,5,50,0.03847577260666748,0.0010412629327281539,0.03642939524587531,0.04052050573602797,-0.025194923972977117,0.2124326151358219,3,2,0.544,0.8719205583579674,True,
Binary Matched-Size Augmentation Experiment,binary_matched_size_experiment,2.5,L0.10_U0.90,True,0.1,0.9,macro_f1,delta_real,True,5,50,0.04412761258792482,0.0010408570649493726,0.042093165291410536,0.04616975859311265,0.006643077555476766,0.15846203948526308,5,0,0.984,0.8719205583579674,True,
Binary Matched-Size Augmentation Experiment,binary_matched_size_experiment,2.5,L0.10_U0.90,True,0.1,0.9,macro_f1,g_real,True,5,50,-0.005651839981257331,0.0006682293230266187,-0.006971670012320416,-0.004360642076146042,-0.0540788154980373,0.05397057565055882,1,4,0.224,0.8719205583579674,True,
Binary Matched-Size Augmentation Experiment,binary_matched_size_experiment,2.5,L0.10_U0.90,True,0.1,0.9,auroc,delta_synth,True,5,50,0.0018868070760163385,0.0003329832952979158,0.001259652255148198,0.0025550103165675906,-0.002949118589743622,0.010833775419982306,3,2,0.592,,False,
Binary Matched-Size Augmentation Experiment,binary_matched_size_experiment,2.5,L0.10_U0.90,True,0.1,0.9,auroc,delta_real,True,5,50,0.016496170269060063,0.0003901748652186333,0.015756185162598992,0.017275716601528324,0.002608294775400064,0.034317808493589744,5,0,1.0,,False,
Binary Matched-Size Augmentation Experiment,binary_matched_size_experiment,2.5,L0.10_U0.90,True,0.1,0.9,auroc,g_real,True,5,50,-0.014609363193043725,0.0003290988522712011,-0.015270912825332402,-0.01397357576290243,-0.037266927083333366,-0.0016412754643018125,0,5,0.008,,False,
Binary Matched-Size Augmentation Experiment,binary_matched_size_experiment,2.5,L0.20_U0.60,True,0.2,0.6,macro_f1,delta_synth,False,5,,,,,,-0.035563939384291234,0.2065727384970259,2,2,,,False,analysis_incomplete
Binary Matched-Size Augmentation Experiment,binary_matched_size_experiment,2.5,L0.20_U0.60,True,0.2,0.6,macro_f1,delta_real,False,5,,,,,,0.006005152543902651,0.15846203948526308,4,0,,,False,analysis_incomplete
Binary Matched-Size Augmentation Experiment,binary_matched_size_experiment,2.5,L0.20_U0.60,True,0.2,0.6,macro_f1,g_real,False,5,,,,,,-0.06444783090935143,0.0481106990117628,1,3,,,False,analysis_incomplete
Binary Matched-Size Augmentation Experiment,binary_matched_size_experiment,2.5,L0.20_U0.60,True,0.2,0.6,auroc,delta_synth,False,5,,,,,,-0.005741987179487207,0.006557029177718839,1,3,,,False,
Binary Matched-Size Augmentation Experiment,binary_matched_size_experiment,2.5,L0.20_U0.60,True,0.2,0.6,auroc,delta_real,False,5,,,,,,0.002640747702589823,0.034317808493589744,4,0,,,False,
Binary Matched-Size Augmentation Experiment,binary_matched_size_experiment,2.5,L0.20_U0.60,True,0.2,0.6,auroc,g_real,False,5,,,,,,-0.04005979567307695,-0.0036196388406914614,0,4,,,False,
Binary Matched-Size Augmentation Experiment,binary_matched_size_experiment,2.5,L0.20_U0.70,True,0.2,0.7,macro_f1,delta_synth,True,5,50,0.036022939352108305,0.0010688423102872791,0.033915014008824844,0.03810549042258824,-0.029646261738644774,0.20926647723613784,2,3,0.484,0.8163355604233551,True,
Binary Matched-Size Augmentation Experiment,binary_matched_size_experiment,2.5,L0.20_U0.70,True,0.2,0.7,macro_f1,delta_real,True,5,50,0.04412761258792482,0.0010392959417096271,0.04211690735920797,0.04616052273598624,0.006643077555476766,0.15846203948526308,5,0,0.984,0.8163355604233551,True,
Binary Matched-Size Augmentation Experiment,binary_matched_size_experiment,2.5,L0.20_U0.70,True,0.2,0.7,macro_f1,g_real,True,5,50,-0.008104673235816519,0.0007305477749986502,-0.009538445244984385,-0.00667144270648733,-0.05853015326370496,0.050804437750874704,1,4,0.204,0.8163355604233551,True,
Binary Matched-Size Augmentation Experiment,binary_matched_size_experiment,2.5,L0.20_U0.70,True,0.2,0.7,auroc,delta_synth,True,5,50,0.0012365244548352544,0.00034446261636943105,0.0005608937019946082,0.0019163650602321077,-0.0037517027243589786,0.009267904509283829,3,2,0.588,,False,
Binary Matched-Size Augmentation Experiment,binary_matched_size_experiment,2.5,L0.20_U0.70,True,0.2,0.7,auroc,delta_real,True,5,50,0.016496170269060063,0.000391779172974966,0.015734164809849335,0.01726628810217202,0.002608294775400064,0.034317808493589744,5,0,1.0,,False,
Binary Matched-Size Augmentation Experiment,binary_matched_size_experiment,2.5,L0.20_U0.70,True,0.2,0.7,auroc,g_real,True,5,50,-0.01525964581422481,0.0003286047510798023,-0.0158984603558682,-0.014618300085549655,-0.03806951121794872,-0.0017103897564423943,0,5,0.004,,False,
Binary Matched-Size Augmentation Experiment,binary_matched_size_experiment,2.5,L0.20_U0.80,True,0.2,0.8,macro_f1,delta_synth,True,5,50,0.03851965816666404,0.0010459627243212706,0.03649796502722016,0.04055003958694882,-0.022481611463017383,0.21038890842540908,3,2,0.536,0.872915073071609,True,
Binary Matched-Size Augmentation Experiment,binary_matched_size_experiment,2.5,L0.20_U0.80,True,0.2,0.8,macro_f1,delta_real,True,5,50,0.04412761258792482,0.0010504545611415036,0.04207698498678592,0.04618938474371411,0.006643077555476766,0.15846203948526308,5,0,0.984,0.872915073071609,True,
Binary Matched-Size Augmentation Experiment,binary_matched_size_experiment,2.5,L0.20_U0.80,True,0.2,0.8,macro_f1,g_real,True,5,50,-0.005607954421260766,0.0006576982729377187,-0.006894596736065788,-0.0043085266839316344,-0.05136550298807757,0.05192686894014601,1,4,0.224,0.872915073071609,True,
Binary Matched-Size Augmentation Experiment,binary_matched_size_experiment,2.5,L0.20_U0.80,True,0.2,0.8,auroc,delta_synth,True,5,50,0.001901474892546087,0.0003212474365031854,0.0012842792795405703,0.0025370055408008153,-0.003277944711538472,0.011054818744473928,3,2,0.616,,False,
Binary Matched-Size Augmentation Experiment,binary_matched_size_experiment,2.5,L0.20_U0.80,True,0.2,0.8,auroc,delta_real,True,5,50,0.016496170269060063,0.00038940884899901497,0.01573769797803915,0.017277852290543304,0.002608294775400064,0.034317808493589744,5,0,1.0,,False,
Binary Matched-Size Augmentation Experiment,binary_matched_size_experiment,2.5,L0.20_U0.80,True,0.2,0.8,auroc,g_real,True,5,50,-0.014594695376513974,0.00033161221287726964,-0.015251353142631038,-0.013939835967324067,-0.037595753205128216,-0.0016259374397532356,0,5,0.008,,False,
Binary Matched-Size Augmentation Experiment,binary_matched_size_experiment,2.5,L0.20_U0.90,True,0.2,0.9,macro_f1,delta_synth,True,5,50,0.0382990384444371,0.0010566553241081876,0.03625813186350116,0.040372159524937924,-0.02505910434395397,0.21148526321170316,3,2,0.552,0.8679154887005452,True,
Binary Matched-Size Augmentation Experiment,binary_matched_size_experiment,2.5,L0.20_U0.90,True,0.2,0.9,macro_f1,delta_real,True,5,50,0.04412761258792482,0.0010304611113241084,0.04212108412830247,0.04613778043117479,0.006643077555476766,0.15846203948526308,5,0,0.984,0.8679154887005452,True,
Binary Matched-Size Augmentation Experiment,binary_matched_size_experiment,2.5,L0.20_U0.90,True,0.2,0.9,macro_f1,g_real,True,5,50,-0.005828574143487722,0.0006857299223409581,-0.007212182160498435,-0.004530768537193907,-0.05394299586901417,0.05302322372644006,1,4,0.22,0.8679154887005452,True,
Binary Matched-Size Augmentation Experiment,binary_matched_size_experiment,2.5,L0.20_U0.90,True,0.2,0.9,auroc,delta_synth,True,5,50,0.0018137942798827234,0.0003470391730617734,0.0011415573717506113,0.0024911811805885453,-0.003072115384615373,0.010545534924845279,3,2,0.6,,False,
Binary Matched-Size Augmentation Experiment,binary_matched_size_experiment,2.5,L0.20_U0.90,True,0.2,0.9,auroc,delta_real,True,5,50,0.016496170269060063,0.0003874932586602247,0.01574140561338735,0.01726998316439595,0.002608294775400064,0.034317808493589744,5,0,1.0,,False,
Binary Matched-Size Augmentation Experiment,binary_matched_size_experiment,2.5,L0.20_U0.90,True,0.2,0.9,auroc,g_real,True,5,50,-0.01468237598917734,0.00033533794236644557,-0.015330915497790582,-0.014019455070112152,-0.03738992387820512,-0.0016544638840691617,0,5,0.008,,False,
Binary Matched-Size Augmentation Experiment,binary_matched_size_experiment,2.5,L0.30_U0.60,True,0.3,0.6,macro_f1,delta_synth,False,5,,,,,,-0.03590299863543036,0.2068873189744024,2,2,,,False,analysis_incomplete
Binary Matched-Size Augmentation Experiment,binary_matched_size_experiment,2.5,L0.30_U0.60,True,0.3,0.6,macro_f1,delta_real,False,5,,,,,,0.006005152543902651,0.15846203948526308,4,0,,,False,analysis_incomplete
Binary Matched-Size Augmentation Experiment,binary_matched_size_experiment,2.5,L0.30_U0.60,True,0.3,0.6,macro_f1,g_real,False,5,,,,,,-0.06478689016049055,0.04842527948913931,1,3,,,False,analysis_incomplete
Binary Matched-Size Augmentation Experiment,binary_matched_size_experiment,2.5,L0.30_U0.60,True,0.3,0.6,auroc,delta_synth,False,5,,,,,,-0.006036959134615411,0.006656940760389043,1,3,,,False,
Binary Matched-Size Augmentation Experiment,binary_matched_size_experiment,2.5,L0.30_U0.60,True,0.3,0.6,auroc,delta_real,False,5,,,,,,0.002640747702589823,0.034317808493589744,4,0,,,False,
Binary Matched-Size Augmentation Experiment,binary_matched_size_experiment,2.5,L0.30_U0.60,True,0.3,0.6,auroc,g_real,False,5,,,,,,-0.040354767628205154,-0.003602933616091506,0,4,,,False,
Binary Matched-Size Augmentation Experiment,binary_matched_size_experiment,2.5,L0.30_U0.70,True,0.3,0.7,macro_f1,delta_synth,True,5,50,0.03594300244912722,0.001077768036867491,0.033845265710757265,0.03808845189932153,-0.02957098421686468,0.2085907355608868,2,3,0.488,0.814524066479018,True,
Binary Matched-Size Augmentation Experiment,binary_matched_size_experiment,2.5,L0.30_U0.70,True,0.3,0.7,macro_f1,delta_real,True,5,50,0.04412761258792482,0.0010405196701443755,0.04210800923261918,0.04618542170981743,0.006643077555476766,0.15846203948526308,5,0,0.984,0.814524066479018,True,
Binary Matched-Size Augmentation Experiment,binary_matched_size_experiment,2.5,L0.30_U0.70,True,0.3,0.7,macro_f1,g_real,True,5,50,-0.008184610138797599,0.0007085788408977238,-0.009597801719710558,-0.006819686569143149,-0.05845487574192486,0.0501286960756237,1,4,0.208,0.814524066479018,True,
Binary Matched-Size Augmentation Experiment,binary_matched_size_experiment,2.5,L0.30_U0.70,True,0.3,0.7,auroc,delta_synth,True,5,50,0.0009891569905979235,0.00035031291825261276,0.00028593488836147195,0.0016854583065519899,-0.004732371794871817,0.008910698496905387,3,2,0.572,,False,
Binary Matched-Size Augmentation Experiment,binary_matched_size_experiment,2.5,L0.30_U0.70,True,0.3,0.7,auroc,delta_real,True,5,50,0.016496170269060063,0.00039330493710324166,0.015744508480944837,0.017272122651809416,0.002608294775400064,0.034317808493589744,5,0,1.0,,False,
Binary Matched-Size Augmentation Experiment,binary_matched_size_experiment,2.5,L0.30_U0.70,True,0.3,0.7,auroc,g_real,True,5,50,-0.015507013278462139,0.0003305754010754287,-0.0161582131966114,-0.014869591675225776,-0.03905018028846156,-0.0017155139451191913,0,5,0.0,,False,
Binary Matched-Size Augmentation Experiment,binary_matched_size_experiment,2.5,L0.30_U0.80,True,0.3,0.8,macro_f1,delta_synth,True,5,50,0.03799054760105214,0.0010451802456320706,0.03595780343291428,0.04007704236946723,-0.024633164011864883,0.2102576256480956,3,2,0.556,0.8609246087210247,True,
Binary Matched-Size Augmentation Experiment,binary_matched_size_experiment,2.5,L0.30_U0.80,True,0.3,0.8,macro_f1,delta_real,True,5,50,0.04412761258792482,0.0010437600910777852,0.0420947830021906,0.0462033645680569,0.006643077555476766,0.15846203948526308,5,0,0.984,0.8609246087210247,True,
Binary Matched-Size Augmentation Experiment,binary_matched_size_experiment,2.5,L0.30_U0.80,True,0.3,0.8,macro_f1,g_real,True,5,50,-0.00613706498687268,0.0006491201966747898,-0.007407634281555423,-0.004884930677081049,-0.05351705553692507,0.0517955861628325,1,4,0.22,0.8609246087210247,True,
Binary Matched-Size Augmentation Experiment,binary_matched_size_experiment,2.5,L0.30_U0.80,True,0.3,0.8,auroc,delta_synth,True,5,50,0.001841056439647879,0.00031695060705175026,0.0012163374836520898,0.002467371214807167,-0.0030761217948718023,0.010552608311229013,3,2,0.616,,False,
Binary Matched-Size Augmentation Experiment,binary_matched_size_experiment,2.5,L0.30_U0.80,True,0.3,0.8,auroc,delta_real,True,5,50,0.016496170269060063,0.00039297171238185684,0.015732700141229298,0.01727023969444179,0.002608294775400064,0.034317808493589744,5,0,1.0,,False,
Binary Matched-Size Augmentation Experiment,binary_matched_size_experiment,2.5,L0.30_U0.80,True,0.3,0.8,auroc,g_real,True,5,50,-0.014655113829412186,0.0003044200047346313,-0.015248336402932357,-0.014061992892072096,-0.03739393028846155,-0.0016005847953216646,0,5,0.004,,False,
Binary Matched-Size Augmentation Experiment,binary_matched_size_experiment,2.5,L0.30_U0.90,True,0.3,0.9,macro_f1,delta_synth,True,5,50,0.03819658309215413,0.0010636253162278238,0.03610620565982227,0.0403008320757353,-0.026200084392594657,0.21191608694548134,3,2,0.568,0.8655936918419723,True,
Binary Matched-Size Augmentation Experiment,binary_matched_size_experiment,2.5,L0.30_U0.90,True,0.3,0.9,macro_f1,delta_real,True,5,50,0.04412761258792482,0.0010412341295336358,0.04204500167992836,0.046145886960326406,0.006643077555476766,0.15846203948526308,5,0,0.984,0.8655936918419723,True,
Binary Matched-Size Augmentation Experiment,binary_matched_size_experiment,2.5,L0.30_U0.90,True,0.3,0.9,macro_f1,g_real,True,5,50,-0.005931029495770685,0.0006786355565569988,-0.007257512166696703,-0.0046122712565960814,-0.05508397591765484,0.05345404746021824,1,4,0.224,0.8655936918419723,True,
Binary Matched-Size Augmentation Experiment,binary_matched_size_experiment,2.5,L0.30_U0.90,True,0.3,0.9,auroc,delta_synth,True,5,50,0.0016372680498385965,0.0003384817053937196,0.0009748795884625442,0.0023062145506699077,-0.0030685096153846314,0.009910698496905396,3,2,0.62,,False,
Binary Matched-Size Augmentation Experiment,binary_matched_size_experiment,2.5,L0.30_U0.90,True,0.3,0.9,auroc,delta_real,True,5,50,0.016496170269060063,0.00039438842888911435,0.015730989105845028,0.01728880042962717,0.002608294775400064,0.034317808493589744,5,0,1.0,,False,
Binary Matched-Size Augmentation Experiment,binary_matched_size_experiment,2.5,L0.30_U0.90,True,0.3,0.9,auroc,g_real,True,5,50,-0.014858902219221468,0.00032407008247920015,-0.0154887076863476,-0.01421311532833414,-0.03738631810897437,-0.0016275793650793857,0,5,0.004,,False,
Binary Matched-Size Augmentation Experiment,binary_matched_size_experiment,2.5,L0.40_U0.60,True,0.4,0.6,macro_f1,delta_synth,False,5,,,,,,-0.034645954982080826,0.20457728390876562,2,2,,,False,analysis_incomplete
Binary Matched-Size Augmentation Experiment,binary_matched_size_experiment,2.5,L0.40_U0.60,True,0.4,0.6,macro_f1,delta_real,False,5,,,,,,0.00546518893945074,0.15846203948526308,4,0,,,False,analysis_incomplete
Binary Matched-Size Augmentation Experiment,binary_matched_size_experiment,2.5,L0.40_U0.60,True,0.4,0.6,macro_f1,g_real,False,5,,,,,,-0.06352984650714101,0.0461152444235025,1,3,,,False,analysis_incomplete
Binary Matched-Size Augmentation Experiment,binary_matched_size_experiment,2.5,L0.40_U0.60,True,0.4,0.6,auroc,delta_synth,False,5,,,,,,-0.005684294871794881,0.007519009725906296,1,3,,,False,
Binary Matched-Size Augmentation Experiment,binary_matched_size_experiment,2.5,L0.40_U0.60,True,0.4,0.6,auroc,delta_real,False,5,,,,,,0.002672570180793874,0.034317808493589744,4,0,,,False,
Binary Matched-Size Augmentation Experiment,binary_matched_size_experiment,2.5,L0.40_U0.60,True,0.4,0.6,auroc,g_real,False,5,,,,,,-0.04000210336538463,-0.0036050663517768707,0,4,,,False,
Binary Matched-Size Augmentation Experiment,binary_matched_size_experiment,2.5,L0.40_U0.70,True,0.4,0.7,macro_f1,delta_synth,True,5,50,0.03598674516324493,0.0010519201981527878,0.03391061598914662,0.038045760142924344,-0.031083897397778563,0.2093455652691264,3,2,0.512,0.8155153440839541,True,
Binary Matched-Size Augmentation Experiment,binary_matched_size_experiment,2.5,L0.40_U0.70,True,0.4,0.7,macro_f1,delta_real,True,5,50,0.04412761258792482,0.0010351149522097522,0.042085141538478456,0.04615111506279059,0.006643077555476766,0.15846203948526308,5,0,0.984,0.8155153440839541,True,
Binary Matched-Size Augmentation Experiment,binary_matched_size_experiment,2.5,L0.40_U0.70,True,0.4,0.7,macro_f1,g_real,True,5,50,-0.008140867424679886,0.0007155122905388388,-0.009560561006119092,-0.006767501556829501,-0.05996778892283875,0.050883525783863306,1,4,0.204,0.8155153440839541,True,
Binary Matched-Size Augmentation Experiment,binary_matched_size_experiment,2.5,L0.40_U0.70,True,0.4,0.7,auroc,delta_synth,True,5,50,0.0012243957488757339,0.0003406751364772244,0.0005738651391700571,0.0018882441795980663,-0.0037912660256410337,0.008893899204244033,3,2,0.596,,False,
Binary Matched-Size Augmentation Experiment,binary_matched_size_experiment,2.5,L0.40_U0.70,True,0.4,0.7,auroc,delta_real,True,5,50,0.016496170269060063,0.0003958762982545325,0.01573663374277123,0.017276186579758285,0.002608294775400064,0.034317808493589744,5,0,1.0,,False,
Binary Matched-Size Augmentation Experiment,binary_matched_size_experiment,2.5,L0.40_U0.70,True,0.4,0.7,auroc,g_real,True,5,50,-0.015271774520184328,0.00033805518060044484,-0.015931883117010406,-0.014615414758210179,-0.038109074519230776,-0.0016854973973394927,0,5,0.008,,False,
Binary Matched-Size Augmentation Experiment,binary_matched_size_experiment,2.5,L0.40_U0.80,True,0.4,0.8,macro_f1,delta_synth,True,5,50,0.0391028023880927,0.001051729906265068,0.03704422907399069,0.04119005648292033,-0.021701782416212095,0.2118200636315009,3,2,0.576,0.8861300236938919,True,
Binary Matched-Size Augmentation Experiment,binary_matched_size_experiment,2.5,L0.40_U0.80,True,0.4,0.8,macro_f1,delta_real,True,5,50,0.04412761258792482,0.0010458729653539795,0.04209346301013606,0.04618148636369919,0.006643077555476766,0.15846203948526308,5,0,0.984,0.8861300236938919,True,
Binary Matched-Size Augmentation Experiment,binary_matched_size_experiment,2.5,L0.40_U0.80,True,0.4,0.8,macro_f1,g_real,True,5,50,-0.0050248101998321085,0.0006692017442922393,-0.00636191850254064,-0.0037467806996660832,-0.05058567394127229,0.05335802414623783,1,4,0.22,0.8861300236938919,True,
Binary Matched-Size Augmentation Experiment,binary_matched_size_experiment,2.5,L0.40_U0.80,True,0.4,0.8,auroc,delta_synth,True,5,50,0.002034788484693203,0.0003362001389737056,0.00138731381698075,0.002705067307357962,-0.003259615384615404,0.011458001768346614,3,2,0.62,,False,
Binary Matched-Size Augmentation Experiment,binary_matched_size_experiment,2.5,L0.40_U0.80,True,0.4,0.8,auroc,delta_real,True,5,50,0.016496170269060063,0.0003942654700079827,0.01573783502323724,0.01728013999500492,0.002608294775400064,0.034317808493589744,5,0,1.0,,False,
Binary Matched-Size Augmentation Experiment,binary_matched_size_experiment,2.5,L0.40_U0.80,True,0.4,0.8,auroc,g_real,True,5,50,-0.014461381784366862,0.00033029109585558543,-0.015120407052283055,-0.013832933764458188,-0.037577423878205146,-0.0016381137137716072,0,5,0.012,,False,
Binary Matched-Size Augmentation Experiment,binary_matched_size_experiment,2.5,L0.40_U0.90,True,0.4,0.9,macro_f1,delta_synth,True,5,50,0.038361991401519455,0.0010156419763133234,0.03637815149965489,0.040328125833864116,-0.025453000783197385,0.21197580106731678,3,2,0.568,0.8693421001438206,True,
Binary Matched-Size Augmentation Experiment,binary_matched_size_experiment,2.5,L0.40_U0.90,True,0.4,0.9,macro_f1,delta_real,True,5,50,0.04412761258792482,0.001035388581391519,0.04208325776974496,0.046136517019788006,0.006643077555476766,0.15846203948526308,5,0,0.984,0.8693421001438206,True,
Binary Matched-Size Augmentation Experiment,binary_matched_size_experiment,2.5,L0.40_U0.90,True,0.4,0.9,macro_f1,g_real,True,5,50,-0.00576562118640536,0.0007320981188261785,-0.007236903280760164,-0.004347497951662447,-0.05433689230825758,0.05351376158205372,1,4,0.22,0.8693421001438206,True,
Binary Matched-Size Augmentation Experiment,binary_matched_size_experiment,2.5,L0.40_U0.90,True,0.4,0.9,auroc,delta_synth,True,5,50,0.0017933940648585489,0.00033162581938991063,0.0011651340423229942,0.002454230917141854,-0.0031750801282051364,0.010572060123784262,3,2,0.608,,False,
Binary Matched-Size Augmentation Experiment,binary_matched_size_experiment,2.5,L0.40_U0.90,True,0.4,0.9,auroc,delta_real,True,5,50,0.016496170269060063,0.0003923879317136442,0.015735227105635696,0.017283616799700054,0.002608294775400064,0.034317808493589744,5,0,1.0,,False,
Binary Matched-Size Augmentation Experiment,binary_matched_size_experiment,2.5,L0.40_U0.90,True,0.4,0.9,auroc,g_real,True,5,50,-0.014702776204201512,0.0003386754218843748,-0.01537080689173505,-0.014051619886326545,-0.037492888621794875,-0.0016558085919928156,0,5,0.012,,False,
Binary Matched-Size Augmentation Experiment,binary_matched_size_experiment,3.0,OFF,False,,,macro_f1,delta_synth,True,5,50,0.0395919153406515,0.0010605882048148765,0.03756188656599561,0.04168978819418317,-0.026008777537944453,0.2171168889344444,3,2,0.58,0.8364660998147655,True,
Binary Matched-Size Augmentation Experiment,binary_matched_size_experiment,3.0,OFF,False,,,macro_f1,delta_real,True,5,50,0.047332360928218235,0.001041867563687286,0.045317540217788145,0.04940762235458762,0.007264787113618376,0.17127108720249495,5,0,0.992,0.8364660998147655,True,
Binary Matched-Size Augmentation Experiment,binary_matched_size_experiment,3.0,OFF,False,,,macro_f1,g_real,True,5,50,-0.007740445587566753,0.0006690321499116021,-0.009041081054461718,-0.0064091155547518035,-0.056100377344413664,0.04584580173194937,1,4,0.224,0.8364660998147655,True,
Binary Matched-Size Augmentation Experiment,binary_matched_size_experiment,3.0,OFF,False,,,auroc,delta_synth,True,5,50,0.0017657564524708378,0.0003468391149213042,0.0010891452374769599,0.002441423362447064,-0.004368289262820506,0.011404067197170641,3,2,0.624,,False,
Binary Matched-Size Augmentation Experiment,binary_matched_size_experiment,3.0,OFF,False,,,auroc,delta_real,True,5,50,0.017940214020744395,0.00039566226824188825,0.01715977252198133,0.01871309282217458,0.002813744296639038,0.03723377403846154,5,0,1.0,,False,
Binary Matched-Size Augmentation Experiment,binary_matched_size_experiment,3.0,OFF,False,,,auroc,g_real,True,5,50,-0.016174457568273556,0.00032312708510398894,-0.016802332753151142,-0.01554019504362358,-0.04160206330128204,-0.0018289393355182804,0,5,0.0,,False,
Binary Matched-Size Augmentation Experiment,binary_matched_size_experiment,3.0,L0.10_U0.60,True,0.1,0.6,macro_f1,delta_synth,False,5,,,,,,-0.03677522383081286,0.21030775677354396,2,2,,,False,analysis_incomplete
Binary Matched-Size Augmentation Experiment,binary_matched_size_experiment,3.0,L0.10_U0.60,True,0.1,0.6,macro_f1,delta_real,False,5,,,,,,0.0041158195556421084,0.17127108720249495,4,0,,,False,analysis_incomplete
Binary Matched-Size Augmentation Experiment,binary_matched_size_experiment,3.0,L0.10_U0.60,True,0.1,0.6,macro_f1,g_real,False,5,,,,,,-0.06686682363728207,0.039036669571048954,1,3,,,False,analysis_incomplete
Binary Matched-Size Augmentation Experiment,binary_matched_size_experiment,3.0,L0.10_U0.60,True,0.1,0.6,auroc,delta_synth,False,5,,,,,,-0.007171975160256425,0.006505747126436799,1,3,,,False,
Binary Matched-Size Augmentation Experiment,binary_matched_size_experiment,3.0,L0.10_U0.60,True,0.1,0.6,auroc,delta_real,False,5,,,,,,0.003365995115995135,0.03723377403846154,4,0,,,False,
Binary Matched-Size Augmentation Experiment,binary_matched_size_experiment,3.0,L0.10_U0.60,True,0.1,0.6,auroc,g_real,False,5,,,,,,-0.04440574919871796,-0.0036997461602724215,0,4,,,False,
Binary Matched-Size Augmentation Experiment,binary_matched_size_experiment,3.0,L0.10_U0.70,True,0.1,0.7,macro_f1,delta_synth,True,5,50,0.03668844148067395,0.001057745806088302,0.03463940932518847,0.038777581556580204,-0.030691127285488565,0.21385851752199966,2,3,0.484,0.7751238425717598,True,
Binary Matched-Size Augmentation Experiment,binary_matched_size_experiment,3.0,L0.10_U0.70,True,0.1,0.7,macro_f1,delta_real,True,5,50,0.047332360928218235,0.001035480147570473,0.04532113071875266,0.04931644468340341,0.007264787113618376,0.17127108720249495,5,0,0.992,0.7751238425717598,True,
Binary Matched-Size Augmentation Experiment,binary_matched_size_experiment,3.0,L0.10_U0.70,True,0.1,0.7,macro_f1,g_real,True,5,50,-0.010643919447544292,0.0006422068337601779,-0.0119036805649195,-0.009384292601274501,-0.060782727091957776,0.04258743031950469,1,4,0.212,0.7751238425717598,True,
Binary Matched-Size Augmentation Experiment,binary_matched_size_experiment,3.0,L0.10_U0.70,True,0.1,0.7,auroc,delta_synth,True,5,50,0.0010026842626353143,0.0003407730232665782,0.00033099722834068146,0.0016692825880913267,-0.004960637019230778,0.009614500442086655,3,2,0.572,,False,
Binary Matched-Size Augmentation Experiment,binary_matched_size_experiment,3.0,L0.10_U0.70,True,0.1,0.7,auroc,delta_real,True,5,50,0.017940214020744395,0.00039254841066684894,0.017156254056922296,0.018702615463250406,0.002813744296639038,0.03723377403846154,5,0,1.0,,False,
Binary Matched-Size Augmentation Experiment,binary_matched_size_experiment,3.0,L0.10_U0.70,True,0.1,0.7,auroc,g_real,True,5,50,-0.016937529758109082,0.0003235245187710544,-0.01757457159655952,-0.016295821620692548,-0.04219441105769231,-0.0019782332433647774,0,5,0.0,,False,
Binary Matched-Size Augmentation Experiment,binary_matched_size_experiment,3.0,L0.10_U0.80,True,0.1,0.8,macro_f1,delta_synth,True,5,50,0.03919797534423235,0.001052749817246119,0.03712485854213339,0.04126473446050134,-0.025225022937849846,0.21604544670354325,3,2,0.556,0.8281432528514251,True,
Binary Matched-Size Augmentation Experiment,binary_matched_size_experiment,3.0,L0.10_U0.80,True,0.1,0.8,macro_f1,delta_real,True,5,50,0.047332360928218235,0.0010505358153474556,0.045271276860028103,0.04945944749015509,0.007264787113618376,0.17127108720249495,5,0,0.992,0.8281432528514251,True,
Binary Matched-Size Augmentation Experiment,binary_matched_size_experiment,3.0,L0.10_U0.80,True,0.1,0.8,macro_f1,g_real,True,5,50,-0.008134385583985894,0.0006003453094410431,-0.009328104547683638,-0.006954298755004186,-0.055316622744319054,0.0447743595010483,1,4,0.212,0.8281432528514251,True,
Binary Matched-Size Augmentation Experiment,binary_matched_size_experiment,3.0,L0.10_U0.80,True,0.1,0.8,auroc,delta_synth,True,5,50,0.0017305060124662229,0.0003578338502414545,0.0010161142788309221,0.0024241854041146516,-0.004138120993589758,0.010900088417329786,3,2,0.604,,False,
Binary Matched-Size Augmentation Experiment,binary_matched_size_experiment,3.0,L0.10_U0.80,True,0.1,0.8,auroc,delta_real,True,5,50,0.017940214020744395,0.00039304783908772583,0.0171789196277666,0.01870208914050083,0.002813744296639038,0.03723377403846154,5,0,1.0,,False,
Binary Matched-Size Augmentation Experiment,binary_matched_size_experiment,3.0,L0.10_U0.80,True,0.1,0.8,auroc,g_real,True,5,50,-0.016209708008278173,0.00032696807662243086,-0.016862389118980095,-0.015575026459749949,-0.04137189503205129,-0.0018588514555619717,0,5,0.004,,False,
Binary Matched-Size Augmentation Experiment,binary_matched_size_experiment,3.0,L0.10_U0.90,True,0.1,0.9,macro_f1,delta_synth,True,5,50,0.039363717571866456,0.001042472972861322,0.0372741420142217,0.041349378950167104,-0.025213600260926804,0.21655733280665412,3,2,0.552,0.8316449211473604,True,
Binary Matched-Size Augmentation Experiment,binary_matched_size_experiment,3.0,L0.10_U0.90,True,0.1,0.9,macro_f1,delta_real,True,5,50,0.047332360928218235,0.0010375707381723499,0.045292742522310955,0.04937393997653036,0.007264787113618376,0.17127108720249495,5,0,0.992,0.8316449211473604,True,
Binary Matched-Size Augmentation Experiment,binary_matched_size_experiment,3.0,L0.10_U0.90,True,0.1,0.9,macro_f1,g_real,True,5,50,-0.007968643356351779,0.0005882279604341074,-0.009136769461463667,-0.006830507699926276,-0.05530520006739602,0.0452862456041592,1,4,0.22,0.8316449211473604,True,
Binary Matched-Size Augmentation Experiment,binary_matched_size_experiment,3.0,L0.10_U0.90,True,0.1,0.9,auroc,delta_synth,True,5,50,0.0019609149198463733,0.00033830878555540745,0.0012981897964609215,0.0026332715735327295,-0.00367808493589747,0.011916887709991143,3,2,0.58,,False,
Binary Matched-Size Augmentation Experiment,binary_matched_size_experiment,3.0,L0.10_U0.90,True,0.1,0.9,auroc,delta_real,True,5,50,0.017940214020744395,0.0003936592507819898,0.01718767592410514,0.018711945943781522,0.002813744296639038,0.03723377403846154,5,0,1.0,,False,
Binary Matched-Size Augmentation Experiment,binary_matched_size_experiment,3.0,L0.10_U0.90,True,0.1,0.9,auroc,g_real,True,5,50,-0.01597929910089802,0.0003240945328237211,-0.016605689026567744,-0.015348276468465887,-0.04091185897435901,-0.0018380285650022499,0,5,0.0,,False,
Binary Matched-Size Augmentation Experiment,binary_matched_size_experiment,3.0,L0.20_U0.60,True,0.2,0.6,macro_f1,delta_synth,False,5,,,,,,-0.03576675762692454,0.2116795515329658,2,2,,,False,analysis_incomplete
Binary Matched-Size Augmentation Experiment,binary_matched_size_experiment,3.0,L0.20_U0.60,True,0.2,0.6,macro_f1,delta_real,False,5,,,,,,0.0041158195556421084,0.17127108720249495,4,0,,,False,analysis_incomplete
Binary Matched-Size Augmentation Experiment,binary_matched_size_experiment,3.0,L0.20_U0.60,True,0.2,0.6,macro_f1,g_real,False,5,,,,,,-0.06585835743339376,0.0404084643304709,1,3,,,False,analysis_incomplete
Binary Matched-Size Augmentation Experiment,binary_matched_size_experiment,3.0,L0.20_U0.60,True,0.2,0.6,auroc,delta_synth,False,5,,,,,,-0.007193910256410265,0.006471264367816094,1,3,,,False,
Binary Matched-Size Augmentation Experiment,binary_matched_size_experiment,3.0,L0.20_U0.60,True,0.2,0.6,auroc,delta_real,False,5,,,,,,0.003365995115995135,0.03723377403846154,4,0,,,False,
Binary Matched-Size Augmentation Experiment,binary_matched_size_experiment,3.0,L0.20_U0.60,True,0.2,0.6,auroc,g_real,False,5,,,,,,-0.0444276842948718,-0.003666730929888895,0,4,,,False,
Binary Matched-Size Augmentation Experiment,binary_matched_size_experiment,3.0,L0.20_U0.70,True,0.2,0.7,macro_f1,delta_synth,True,5,50,0.03654980807150288,0.0010514441016973288,0.03453190764945188,0.038656873737949064,-0.0316569608366579,0.2142195350339844,2,3,0.488,0.7721949075587503,True,
Binary Matched-Size Augmentation Experiment,binary_matched_size_experiment,3.0,L0.20_U0.70,True,0.2,0.7,macro_f1,delta_real,True,5,50,0.047332360928218235,0.0010439157393714227,0.04530525558809082,0.04938975741226437,0.007264787113618376,0.17127108720249495,5,0,0.992,0.7721949075587503,True,
Binary Matched-Size Augmentation Experiment,binary_matched_size_experiment,3.0,L0.20_U0.70,True,0.2,0.7,macro_f1,g_real,True,5,50,-0.010782552856715356,0.000634486833767047,-0.012024807452575626,-0.009530034079102785,-0.06174856064312711,0.04294844783148944,1,4,0.208,0.7721949075587503,True,
Binary Matched-Size Augmentation Experiment,binary_matched_size_experiment,3.0,L0.20_U0.70,True,0.2,0.7,auroc,delta_synth,True,5,50,0.0010950605434418923,0.0003582560948895838,0.000390003797632115,0.0017941253758754544,-0.0048587740384615505,0.0100477453580902,3,2,0.56,,False,
Binary Matched-Size Augmentation Experiment,binary_matched_size_experiment,3.0,L0.20_U0.70,True,0.2,0.7,auroc,delta_real,True,5,50,0.017940214020744395,0.00039459352075962503,0.017173260426846915,0.018736678929096296,0.002813744296639038,0.03723377403846154,5,0,1.0,,False,
Binary Matched-Size Augmentation Experiment,binary_matched_size_experiment,3.0,L0.20_U0.70,True,0.2,0.7,auroc,g_real,True,5,50,-0.016845153477302505,0.00032777821763517364,-0.017503678761677247,-0.01621326837591486,-0.04209254807692309,-0.0019888961185013667,0,5,0.0,,False,
Binary Matched-Size Augmentation Experiment,binary_matched_size_experiment,3.0,L0.20_U0.80,True,0.2,0.8,macro_f1,delta_synth,True,5,50,0.03953266442351421,0.0010524486281883476,0.03743633393854499,0.041580093609074865,-0.022534261689872673,0.21527654036174748,3,2,0.556,0.8352142941584377,True,
Binary Matched-Size Augmentation Experiment,binary_matched_size_experiment,3.0,L0.20_U0.80,True,0.2,0.8,macro_f1,delta_real,True,5,50,0.047332360928218235,0.0010387897503262031,0.045282345028569544,0.04936649730019591,0.007264787113618376,0.17127108720249495,5,0,0.992,0.8352142941584377,True,
Binary Matched-Size Augmentation Experiment,binary_matched_size_experiment,3.0,L0.20_U0.80,True,0.2,0.8,macro_f1,g_real,True,5,50,-0.007799696504704033,0.0006428632269105097,-0.009083580260313816,-0.006547545992556186,-0.05262586149634188,0.044005453159252486,1,4,0.212,0.8352142941584377,True,
Binary Matched-Size Augmentation Experiment,binary_matched_size_experiment,3.0,L0.20_U0.80,True,0.2,0.8,auroc,delta_synth,True,5,50,0.0019353663750930155,0.00033123659580915895,0.0012844611219139453,0.002579621573597774,-0.00410987580128209,0.012041556145004432,3,2,0.612,,False,
Binary Matched-Size Augmentation Experiment,binary_matched_size_experiment,3.0,L0.20_U0.80,True,0.2,0.8,auroc,delta_real,True,5,50,0.017940214020744395,0.000391172509585893,0.01718137154352315,0.01871865924243192,0.002813744296639038,0.03723377403846154,5,0,1.0,,False,
Binary Matched-Size Augmentation Experiment,binary_matched_size_experiment,3.0,L0.20_U0.80,True,0.2,0.8,auroc,g_real,True,5,50,-0.016004847645651375,0.00033299696835153015,-0.016655512371427983,-0.015358120909082331,-0.04134364983974362,-0.001826252329541782,0,5,0.004,,False,
Binary Matched-Size Augmentation Experiment,binary_matched_size_experiment,3.0,L0.20_U0.90,True,0.2,0.9,macro_f1,delta_synth,True,5,50,0.039501051714968434,0.0010497371686750754,0.03746535681940399,0.04155446070035137,-0.02447467186293457,0.2163067866433023,3,2,0.576,0.8345464063132969,True,
Binary Matched-Size Augmentation Experiment,binary_matched_size_experiment,3.0,L0.20_U0.90,True,0.2,0.9,macro_f1,delta_real,True,5,50,0.047332360928218235,0.0010411249354955654,0.04532382251261427,0.049370014036899015,0.007264787113618376,0.17127108720249495,5,0,0.992,0.8345464063132969,True,
Binary Matched-Size Augmentation Experiment,binary_matched_size_experiment,3.0,L0.20_U0.90,True,0.2,0.9,macro_f1,g_real,True,5,50,-0.007831309213249815,0.0006424132757091686,-0.009117686966345462,-0.00658032029160819,-0.05456627166940379,0.04503569944080733,1,4,0.22,0.8345464063132969,True,
Binary Matched-Size Augmentation Experiment,binary_matched_size_experiment,3.0,L0.20_U0.90,True,0.2,0.9,auroc,delta_synth,True,5,50,0.0018583990431616886,0.00035418369135339976,0.0011625739784385588,0.002552624644990953,-0.0038526642628205444,0.01136693191865608,3,2,0.608,,False,
Binary Matched-Size Augmentation Experiment,binary_matched_size_experiment,3.0,L0.20_U0.90,True,0.2,0.9,auroc,delta_real,True,5,50,0.017940214020744395,0.00039248861422488767,0.017173795745096577,0.01871995548081382,0.002813744296639038,0.03723377403846154,5,0,1.0,,False,
Binary Matched-Size Augmentation Experiment,binary_matched_size_experiment,3.0,L0.20_U0.90,True,0.2,0.9,auroc,g_real,True,5,50,-0.01608181497758271,0.00032619671850454574,-0.016727646071194188,-0.015442608922192411,-0.041086438301282086,-0.0018526701368806453,0,5,0.0,,False,
Binary Matched-Size Augmentation Experiment,binary_matched_size_experiment,3.0,L0.30_U0.60,True,0.3,0.6,macro_f1,delta_synth,False,5,,,,,,-0.03687397379042026,0.21131393860138456,2,2,,,False,analysis_incomplete
Binary Matched-Size Augmentation Experiment,binary_matched_size_experiment,3.0,L0.30_U0.60,True,0.3,0.6,macro_f1,delta_real,False,5,,,,,,0.0041158195556421084,0.17127108720249495,4,0,,,False,analysis_incomplete
Binary Matched-Size Augmentation Experiment,binary_matched_size_experiment,3.0,L0.30_U0.60,True,0.3,0.6,macro_f1,g_real,False,5,,,,,,-0.06696557359688947,0.04004285139888959,1,3,,,False,analysis_incomplete
Binary Matched-Size Augmentation Experiment,binary_matched_size_experiment,3.0,L0.30_U0.60,True,0.3,0.6,auroc,delta_synth,False,5,,,,,,-0.007174178685897445,0.006501326259946949,1,3,,,False,
Binary Matched-Size Augmentation Experiment,binary_matched_size_experiment,3.0,L0.30_U0.60,True,0.3,0.6,auroc,delta_real,False,5,,,,,,0.003365995115995135,0.03723377403846154,4,0,,,False,
Binary Matched-Size Augmentation Experiment,binary_matched_size_experiment,3.0,L0.30_U0.60,True,0.3,0.6,auroc,g_real,False,5,,,,,,-0.044407952724358976,-0.0037033208020051276,0,4,,,False,
Binary Matched-Size Augmentation Experiment,binary_matched_size_experiment,3.0,L0.30_U0.70,True,0.3,0.7,macro_f1,delta_synth,True,5,50,0.036330112745802404,0.0010652449993743482,0.03427955846972246,0.0384497128404419,-0.03175283334314455,0.2126659512412938,2,3,0.496,0.7675533616609308,True,
Binary Matched-Size Augmentation Experiment,binary_matched_size_experiment,3.0,L0.30_U0.70,True,0.3,0.7,macro_f1,delta_real,True,5,50,0.047332360928218235,0.0010436520322553607,0.04531782310725164,0.049399129680609104,0.007264787113618376,0.17127108720249495,5,0,0.992,0.7675533616609308,True,
Binary Matched-Size Augmentation Experiment,binary_matched_size_experiment,3.0,L0.30_U0.70,True,0.3,0.7,macro_f1,g_real,True,5,50,-0.011002248182415837,0.0006457769544963769,-0.012263291508633695,-0.009740938976835966,-0.06184443314961376,0.04139486403879883,1,4,0.208,0.7675533616609308,True,
Binary Matched-Size Augmentation Experiment,binary_matched_size_experiment,3.0,L0.30_U0.70,True,0.3,0.7,auroc,delta_synth,True,5,50,0.0008565686304014769,0.00036921952222353254,0.00012845801408146193,0.0015771641798514007,-0.005454527243589764,0.009369584438549955,3,2,0.564,,False,
Binary Matched-Size Augmentation Experiment,binary_matched_size_experiment,3.0,L0.30_U0.70,True,0.3,0.7,auroc,delta_real,True,5,50,0.017940214020744395,0.00039814704017952855,0.017172820666816392,0.01873734729781286,0.002813744296639038,0.03723377403846154,5,0,1.0,,False,
Binary Matched-Size Augmentation Experiment,binary_matched_size_experiment,3.0,L0.30_U0.70,True,0.3,0.7,auroc,g_real,True,5,50,-0.01708364539034292,0.00032898277955155717,-0.017733315905605312,-0.016442633153822286,-0.0426883012820513,-0.001964051956815096,0,5,0.0,,False,
Binary Matched-Size Augmentation Experiment,binary_matched_size_experiment,3.0,L0.30_U0.80,True,0.3,0.8,macro_f1,delta_synth,True,5,50,0.03890486426073822,0.0010207193856208924,0.036870142206420445,0.04085372420498606,-0.025896002286723282,0.2154808468436178,3,2,0.552,0.8219506379523153,True,
Binary Matched-Size Augmentation Experiment,binary_matched_size_experiment,3.0,L0.30_U0.80,True,0.3,0.8,macro_f1,delta_real,True,5,50,0.047332360928218235,0.001043266040940549,0.04529844497198062,0.049365131100285585,0.007264787113618376,0.17127108720249495,5,0,0.992,0.8219506379523153,True,
Binary Matched-Size Augmentation Experiment,binary_matched_size_experiment,3.0,L0.30_U0.80,True,0.3,0.8,macro_f1,g_real,True,5,50,-0.008427496667480026,0.0005848150715569829,-0.00956543997941727,-0.007281313525504759,-0.05598760209319249,0.04420975964112281,1,4,0.212,0.8219506379523153,True,
Binary Matched-Size Augmentation Experiment,binary_matched_size_experiment,3.0,L0.30_U0.80,True,0.3,0.8,auroc,delta_synth,True,5,50,0.0018022620481395885,0.0003237699056651758,0.0011701897030630029,0.00243713405200057,-0.003908653846153856,0.011360742705570304,3,2,0.596,,False,
Binary Matched-Size Augmentation Experiment,binary_matched_size_experiment,3.0,L0.30_U0.80,True,0.3,0.8,auroc,delta_real,True,5,50,0.017940214020744395,0.00039517573451506324,0.017165532368682984,0.018725850320002933,0.002813744296639038,0.03723377403846154,5,0,1.0,,False,
Binary Matched-Size Augmentation Experiment,binary_matched_size_experiment,3.0,L0.30_U0.80,True,0.3,0.8,auroc,g_real,True,5,50,-0.016137951972604807,0.00031453072720076124,-0.01676558957043231,-0.015530750972068685,-0.04114242788461539,-0.0018169807531649518,0,5,0.004,,False,
Binary Matched-Size Augmentation Experiment,binary_matched_size_experiment,3.0,L0.30_U0.90,True,0.3,0.9,macro_f1,delta_synth,True,5,50,0.03907412418175515,0.0010851457739300414,0.03695574780923599,0.04123698707397802,-0.026332418379487993,0.21605756994378694,3,2,0.564,0.825526625240877,True,
Binary Matched-Size Augmentation Experiment,binary_matched_size_experiment,3.0,L0.30_U0.90,True,0.3,0.9,macro_f1,delta_real,True,5,50,0.047332360928218235,0.001049091101475793,0.045280131179038605,0.049413386604838475,0.007264787113618376,0.17127108720249495,5,0,0.992,0.825526625240877,True,
Binary Matched-Size Augmentation Experiment,binary_matched_size_experiment,3.0,L0.30_U0.90,True,0.3,0.9,macro_f1,g_real,True,5,50,-0.008258236746463086,0.0006293494217458949,-0.009480638716221523,-0.006984172099014326,-0.05642401818595721,0.04478648274129201,1,4,0.22,0.825526625240877,True,
Binary Matched-Size Augmentation Experiment,binary_matched_size_experiment,3.0,L0.30_U0.90,True,0.3,0.9,auroc,delta_synth,True,5,50,0.0017589444789210778,0.00033664821627761484,0.0011138521717074551,0.002437347839230974,-0.0037668269230769313,0.01097259062776303,3,2,0.62,,False,
Binary Matched-Size Augmentation Experiment,binary_matched_size_experiment,3.0,L0.30_U0.90,True,0.3,0.9,auroc,delta_real,True,5,50,0.017940214020744395,0.00039430109166230687,0.017176659835000534,0.0187099335313382,0.002813744296639038,0.03723377403846154,5,0,1.0,,False,
Binary Matched-Size Augmentation Experiment,binary_matched_size_experiment,3.0,L0.30_U0.90,True,0.3,0.9,auroc,g_real,True,5,50,-0.016181269541823317,0.0003269305736255144,-0.016826931351453918,-0.015552770632997153,-0.041000600961538465,-0.0018226230640704345,0,5,0.0,,False,
Binary Matched-Size Augmentation Experiment,binary_matched_size_experiment,3.0,L0.40_U0.60,True,0.4,0.6,macro_f1,delta_synth,False,5,,,,,,-0.03612812241540599,0.20910590496529072,2,2,,,False,analysis_incomplete
Binary Matched-Size Augmentation Experiment,binary_matched_size_experiment,3.0,L0.40_U0.60,True,0.4,0.6,macro_f1,delta_real,False,5,,,,,,0.0041158195556421084,0.17127108720249495,4,0,,,False,analysis_incomplete
Binary Matched-Size Augmentation Experiment,binary_matched_size_experiment,3.0,L0.40_U0.60,True,0.4,0.6,macro_f1,g_real,False,5,,,,,,-0.06621972222187521,0.03783481776279572,1,3,,,False,analysis_incomplete
Binary Matched-Size Augmentation Experiment,binary_matched_size_experiment,3.0,L0.40_U0.60,True,0.4,0.6,auroc,delta_synth,False,5,,,,,,-0.0070611979166666705,0.007231653404067211,1,3,,,False,
Binary Matched-Size Augmentation Experiment,binary_matched_size_experiment,3.0,L0.40_U0.60,True,0.4,0.6,auroc,delta_real,False,5,,,,,,0.003170948203843005,0.03723377403846154,4,0,,,False,
Binary Matched-Size Augmentation Experiment,binary_matched_size_experiment,3.0,L0.40_U0.60,True,0.4,0.6,auroc,g_real,False,5,,,,,,-0.044294971955128215,-0.0036869517543860753,0,4,,,False,
Binary Matched-Size Augmentation Experiment,binary_matched_size_experiment,3.0,L0.40_U0.70,True,0.4,0.7,macro_f1,delta_synth,True,5,50,0.03653663934965501,0.0010730105175782464,0.03442772238444525,0.038651585401096825,-0.03224501750972113,0.21366416853085946,3,2,0.504,0.7719166894096948,True,
Binary Matched-Size Augmentation Experiment,binary_matched_size_experiment,3.0,L0.40_U0.70,True,0.4,0.7,macro_f1,delta_real,True,5,50,0.047332360928218235,0.0010558942365240063,0.045296385910543024,0.04939225280141848,0.007264787113618376,0.17127108720249495,5,0,0.992,0.7719166894096948,True,
Binary Matched-Size Augmentation Experiment,binary_matched_size_experiment,3.0,L0.40_U0.70,True,0.4,0.7,macro_f1,g_real,True,5,50,-0.010795721578563228,0.0006780165562006041,-0.012142947092491623,-0.009473585502252038,-0.06233661731619034,0.042393081328364515,1,4,0.208,0.7719166894096948,True,
Binary Matched-Size Augmentation Experiment,binary_matched_size_experiment,3.0,L0.40_U0.70,True,0.4,0.7,auroc,delta_synth,True,5,50,0.0012095596488974592,0.00034629270986474175,0.0005344046675003387,0.0018955861643553957,-0.004685296474358985,0.010015915119363405,3,2,0.58,,False,
Binary Matched-Size Augmentation Experiment,binary_matched_size_experiment,3.0,L0.40_U0.70,True,0.4,0.7,auroc,delta_real,True,5,50,0.017940214020744395,0.0003923216732748226,0.017178691633234353,0.018713141007523495,0.002813744296639038,0.03723377403846154,5,0,1.0,,False,
Binary Matched-Size Augmentation Experiment,binary_matched_size_experiment,3.0,L0.40_U0.70,True,0.4,0.7,auroc,g_real,True,5,50,-0.01673065437184694,0.00033436166353088094,-0.017388739760854,-0.01607693187668813,-0.04191907051282053,-0.0019523030332240744,0,5,0.004,,False,
Binary Matched-Size Augmentation Experiment,binary_matched_size_experiment,3.0,L0.40_U0.80,True,0.4,0.8,macro_f1,delta_synth,True,5,50,0.03969790668087303,0.0010461712995968814,0.03767163742442822,0.04173496598097251,-0.022618212787924658,0.2160172213454772,3,2,0.556,0.8387053994850749,True,
Binary Matched-Size Augmentation Experiment,binary_matched_size_experiment,3.0,L0.40_U0.80,True,0.4,0.8,macro_f1,delta_real,True,5,50,0.047332360928218235,0.0010353912099856026,0.045342863973190324,0.04936085817396059,0.007264787113618376,0.17127108720249495,5,0,0.992,0.8387053994850749,True,
Binary Matched-Size Augmentation Experiment,binary_matched_size_experiment,3.0,L0.40_U0.80,True,0.4,0.8,macro_f1,g_real,True,5,50,-0.007634454247345206,0.0006153488788046486,-0.008858444504615568,-0.0064279208231921995,-0.05270981259439386,0.04474613414298227,1,4,0.212,0.8387053994850749,True,
Binary Matched-Size Augmentation Experiment,binary_matched_size_experiment,3.0,L0.40_U0.80,True,0.4,0.8,auroc,delta_synth,True,5,50,0.0019810736887444494,0.00034091044120909887,0.001313820052851224,0.002655178965278347,-0.004036458333333346,0.011993810786914243,3,2,0.62,,False,
Binary Matched-Size Augmentation Experiment,binary_matched_size_experiment,3.0,L0.40_U0.80,True,0.4,0.8,auroc,delta_real,True,5,50,0.017940214020744395,0.0003929828699303073,0.017182409567377828,0.018715984035526295,0.002813744296639038,0.03723377403846154,5,0,1.0,,False,
Binary Matched-Size Augmentation Experiment,binary_matched_size_experiment,3.0,L0.40_U0.80,True,0.4,0.8,auroc,g_real,True,5,50,-0.01595914033199995,0.0003290377360231013,-0.016609554300324885,-0.015323097743484934,-0.04127023237179489,-0.001832856178908804,0,5,0.004,,False,
Binary Matched-Size Augmentation Experiment,binary_matched_size_experiment,3.0,L0.40_U0.90,True,0.4,0.9,macro_f1,delta_synth,True,5,50,0.03942875679649177,0.0010309222444982702,0.037446611428256185,0.041462537634236185,-0.025629158130355267,0.21681011715694512,3,2,0.572,0.8330190175023668,True,
Binary Matched-Size Augmentation Experiment,binary_matched_size_experiment,3.0,L0.40_U0.90,True,0.4,0.9,macro_f1,delta_real,True,5,50,0.047332360928218235,0.0010432877398820603,0.04530986409086064,0.04941072052691766,0.007264787113618376,0.17127108720249495,5,0,0.992,0.8330190175023668,True,
Binary Matched-Size Augmentation Experiment,binary_matched_size_experiment,3.0,L0.40_U0.90,True,0.4,0.9,macro_f1,g_real,True,5,50,-0.007903604131726468,0.0006576920567851455,-0.009187809550184762,-0.006596735187894074,-0.055720757936824475,0.04553902995445018,1,4,0.216,0.8330190175023668,True,
Binary Matched-Size Augmentation Experiment,binary_matched_size_experiment,3.0,L0.40_U0.90,True,0.4,0.9,auroc,delta_synth,True,5,50,0.0018179033162448327,0.0003340218083027011,0.0011656207481122146,0.002480004051699583,-0.003983774038461545,0.011431476569407614,3,2,0.624,,False,
Binary Matched-Size Augmentation Experiment,binary_matched_size_experiment,3.0,L0.40_U0.90,True,0.4,0.9,auroc,delta_real,True,5,50,0.017940214020744395,0.0003909340497126065,0.017188165945993747,0.018717327345299968,0.002813744296639038,0.03723377403846154,5,0,1.0,,False,
Binary Matched-Size Augmentation Experiment,binary_matched_size_experiment,3.0,L0.40_U0.90,True,0.4,0.9,auroc,g_real,True,5,50,-0.016122310704499564,0.00032884407445967384,-0.016767911140246963,-0.015481898985168748,-0.041217548076923086,-0.001846559507743708,0,5,0.004,,False,
Binary Matched-Size Augmentation Experiment,binary_matched_size_experiment,3.5,OFF,False,,,macro_f1,delta_synth,True,5,50,0.04018315585211839,0.0010535290657867084,0.03814231516635346,0.04225092771021852,-0.026273474702707314,0.2201497233486092,3,2,0.58,0.7835542548701022,True,
Binary Matched-Size Augmentation Experiment,binary_matched_size_experiment,3.5,OFF,False,,,macro_f1,delta_real,True,5,50,0.051283182501229554,0.0010608024359130257,0.049249204964452835,0.05335937362124232,0.007690086245785061,0.18595835135937602,5,0,0.996,0.7835542548701022,True,
Binary Matched-Size Augmentation Experiment,binary_matched_size_experiment,3.5,OFF,False,,,macro_f1,g_real,True,5,50,-0.011100026649111172,0.0006568896508221802,-0.012398812013991014,-0.009816180294367918,-0.05846923110405258,0.03419137198923314,1,4,0.22,0.7835542548701022,True,
Binary Matched-Size Augmentation Experiment,binary_matched_size_experiment,3.5,OFF,False,,,auroc,delta_synth,True,5,50,0.0016099722361892748,0.00035651354797463814,0.0009088173542581789,0.002315217020865802,-0.005179687500000003,0.011473032714412017,3,2,0.62,,False,
Binary Matched-Size Augmentation Experiment,binary_matched_size_experiment,3.5,OFF,False,,,auroc,delta_real,True,5,50,0.019288716102519855,0.0003955238700706765,0.018514153649833505,0.02006557710266814,0.0030220720069404614,0.04000661057692308,5,0,1.0,,False,
Binary Matched-Size Augmentation Experiment,binary_matched_size_experiment,3.5,OFF,False,,,auroc,g_real,True,5,50,-0.017678743866330577,0.00033219233488088987,-0.018331101002477496,-0.01703404062634633,-0.045186298076923065,-0.002070273440010313,0,5,0.0,,False,
Binary Matched-Size Augmentation Experiment,binary_matched_size_experiment,3.5,L0.10_U0.60,True,0.1,0.6,macro_f1,delta_synth,False,5,,,,,,-0.036697888541695874,0.21321286073198475,1,1,,,False,analysis_incomplete
Binary Matched-Size Augmentation Experiment,binary_matched_size_experiment,3.5,L0.10_U0.60,True,0.1,0.6,macro_f1,delta_real,False,5,,,,,,0.03219575640134527,0.18595835135937602,2,0,,,False,analysis_incomplete
Binary Matched-Size Augmentation Experiment,binary_matched_size_experiment,3.5,L0.10_U0.60,True,0.1,0.6,macro_f1,g_real,False,5,,,,,,-0.06889364494304114,0.027254509372608694,1,1,,,False,analysis_incomplete
Binary Matched-Size Augmentation Experiment,binary_matched_size_experiment,3.5,L0.10_U0.60,True,0.1,0.6,auroc,delta_synth,False,5,,,,,,-0.00826772836538463,0.006778956675508398,1,1,,,False,
Binary Matched-Size Augmentation Experiment,binary_matched_size_experiment,3.5,L0.10_U0.60,True,0.1,0.6,auroc,delta_real,False,5,,,,,,0.03681697612732097,0.04000661057692308,2,0,,,False,
Binary Matched-Size Augmentation Experiment,binary_matched_size_experiment,3.5,L0.10_U0.60,True,0.1,0.6,auroc,g_real,False,5,,,,,,-0.04827433894230771,-0.03003801945181257,0,2,,,False,
Binary Matched-Size Augmentation Experiment,binary_matched_size_experiment,3.5,L0.10_U0.70,True,0.1,0.7,macro_f1,delta_synth,True,5,50,0.037464941512163015,0.0010920565738596168,0.03537053102876036,0.03959644284982051,-0.029282755745846826,0.21659109192781062,2,3,0.484,0.7305502444444583,True,
Binary Matched-Size Augmentation Experiment,binary_matched_size_experiment,3.5,L0.10_U0.70,True,0.1,0.7,macro_f1,delta_real,True,5,50,0.051283182501229554,0.001061993977997813,0.049249636768571296,0.05336089068705362,0.007690086245785061,0.18595835135937602,5,0,0.996,0.7305502444444583,True,
Binary Matched-Size Augmentation Experiment,binary_matched_size_experiment,3.5,L0.10_U0.70,True,0.1,0.7,macro_f1,g_real,True,5,50,-0.013818240989066546,0.0006756696271604604,-0.015155870821656337,-0.012498333724423518,-0.0614785121471921,0.03063274056843459,1,4,0.208,0.7305502444444583,True,
Binary Matched-Size Augmentation Experiment,binary_matched_size_experiment,3.5,L0.10_U0.70,True,0.1,0.7,auroc,delta_synth,True,5,50,0.0008390321648560489,0.00036203886521573886,0.00012848467695265756,0.001539059910928238,-0.005816706730769241,0.010014146772767461,3,2,0.568,,False,
Binary Matched-Size Augmentation Experiment,binary_matched_size_experiment,3.5,L0.10_U0.70,True,0.1,0.7,auroc,delta_real,True,5,50,0.019288716102519855,0.0003956779860695354,0.018503082397950333,0.020064398782728657,0.0030220720069404614,0.04000661057692308,5,0,1.0,,False,
Binary Matched-Size Augmentation Experiment,binary_matched_size_experiment,3.5,L0.10_U0.70,True,0.1,0.7,auroc,g_real,True,5,50,-0.01844968393766381,0.00033439336965930923,-0.019102744822300826,-0.017795728487865037,-0.04582331730769232,-0.0022581011824433037,0,5,0.0,,False,
Binary Matched-Size Augmentation Experiment,binary_matched_size_experiment,3.5,L0.10_U0.80,True,0.1,0.8,macro_f1,delta_synth,True,5,50,0.03940879199421561,0.0010445590646794701,0.03738743709105638,0.04145728019044378,-0.027088871499865403,0.21903594166021303,3,2,0.54,0.7684544927232384,True,
Binary Matched-Size Augmentation Experiment,binary_matched_size_experiment,3.5,L0.10_U0.80,True,0.1,0.8,macro_f1,delta_real,True,5,50,0.051283182501229554,0.0010762808765388287,0.04922936547200723,0.05339185370549283,0.007690086245785061,0.18595835135937602,5,0,0.996,0.7684544927232384,True,
Binary Matched-Size Augmentation Experiment,binary_matched_size_experiment,3.5,L0.10_U0.80,True,0.1,0.8,macro_f1,g_real,True,5,50,-0.011874390507013948,0.0005677614641484991,-0.013003315228477441,-0.01076857083454067,-0.05928462790121069,0.03307759030083699,1,4,0.208,0.7684544927232384,True,
Binary Matched-Size Augmentation Experiment,binary_matched_size_experiment,3.5,L0.10_U0.80,True,0.1,0.8,auroc,delta_synth,True,5,50,0.0016140419624042241,0.00036599533064152244,0.0009073215991749639,0.0023384816400811126,-0.004783052884615426,0.010990274093722377,3,2,0.612,,False,
Binary Matched-Size Augmentation Experiment,binary_matched_size_experiment,3.5,L0.10_U0.80,True,0.1,0.8,auroc,delta_real,True,5,50,0.019288716102519855,0.00039365971902813535,0.018519430598975848,0.020074699917815606,0.0030220720069404614,0.04000661057692308,5,0,1.0,,False,
Binary Matched-Size Augmentation Experiment,binary_matched_size_experiment,3.5,L0.10_U0.80,True,0.1,0.8,auroc,g_real,True,5,50,-0.01767467414011563,0.00033463680772444633,-0.018333032130629184,-0.017020991595991866,-0.0447896634615385,-0.002068170426065201,0,5,0.004,,False,
Binary Matched-Size Augmentation Experiment,binary_matched_size_experiment,3.5,L0.10_U0.90,True,0.1,0.9,macro_f1,delta_synth,True,5,50,0.0397395229481567,0.0010228949468345226,0.03775744279236419,0.04174404209924399,-0.026738287977451973,0.220050644434988,3,2,0.532,0.7749036040656001,True,
Binary Matched-Size Augmentation Experiment,binary_matched_size_experiment,3.5,L0.10_U0.90,True,0.1,0.9,macro_f1,delta_real,True,5,50,0.051283182501229554,0.0010631745556154175,0.04923707199244664,0.053395393641804935,0.007690086245785061,0.18595835135937602,5,0,0.996,0.7749036040656001,True,
Binary Matched-Size Augmentation Experiment,binary_matched_size_experiment,3.5,L0.10_U0.90,True,0.1,0.9,macro_f1,g_real,True,5,50,-0.01154365955307287,0.0005731104177318098,-0.01266583054236379,-0.010406525686182158,-0.05893404437879725,0.03409229307561194,1,4,0.216,0.7749036040656001,True,
Binary Matched-Size Augmentation Experiment,binary_matched_size_experiment,3.5,L0.10_U0.90,True,0.1,0.9,auroc,delta_synth,True,5,50,0.001819449388181915,0.0003472673369596405,0.0011507692576410936,0.002512794663587205,-0.004426582532051284,0.011928381962864722,3,2,0.576,,False,
Binary Matched-Size Augmentation Experiment,binary_matched_size_experiment,3.5,L0.10_U0.90,True,0.1,0.9,auroc,delta_real,True,5,50,0.019288716102519855,0.00039678750255527697,0.018532992600828326,0.02009322741011819,0.0030220720069404614,0.04000661057692308,5,0,1.0,,False,
Binary Matched-Size Augmentation Experiment,binary_matched_size_experiment,3.5,L0.10_U0.90,True,0.1,0.9,auroc,g_real,True,5,50,-0.01746926671433794,0.0003287841511017805,-0.018106631022975155,-0.016839949305316675,-0.04443319310897435,-0.002080731476126214,0,5,0.0,,False,
Binary Matched-Size Augmentation Experiment,binary_matched_size_experiment,3.5,L0.20_U0.60,True,0.2,0.6,macro_f1,delta_synth,False,5,,,,,,-0.0384014206360529,0.21482060437920006,1,1,,,False,analysis_incomplete
Binary Matched-Size Augmentation Experiment,binary_matched_size_experiment,3.5,L0.20_U0.60,True,0.2,0.6,macro_f1,delta_real,False,5,,,,,,0.03219575640134527,0.18595835135937602,2,0,,,False,analysis_incomplete
Binary Matched-Size Augmentation Experiment,binary_matched_size_experiment,3.5,L0.20_U0.60,True,0.2,0.6,macro_f1,g_real,False,5,,,,,,-0.07059717703739818,0.028862253019824004,1,1,,,False,analysis_incomplete
Binary Matched-Size Augmentation Experiment,binary_matched_size_experiment,3.5,L0.20_U0.60,True,0.2,0.6,auroc,delta_synth,False,5,,,,,,-0.008231570512820516,0.006359858532272329,1,1,,,False,
Binary Matched-Size Augmentation Experiment,binary_matched_size_experiment,3.5,L0.20_U0.60,True,0.2,0.6,auroc,delta_real,False,5,,,,,,0.03681697612732097,0.04000661057692308,2,0,,,False,
Binary Matched-Size Augmentation Experiment,binary_matched_size_experiment,3.5,L0.20_U0.60,True,0.2,0.6,auroc,g_real,False,5,,,,,,-0.04823818108974359,-0.03045711759504864,0,2,,,False,
Binary Matched-Size Augmentation Experiment,binary_matched_size_experiment,3.5,L0.20_U0.70,True,0.2,0.7,macro_f1,delta_synth,True,5,50,0.03711233575363272,0.001072785071258748,0.034966016093585774,0.0391648750428191,-0.03200012663045571,0.21762820037804512,2,3,0.48,0.7236745838217612,True,
Binary Matched-Size Augmentation Experiment,binary_matched_size_experiment,3.5,L0.20_U0.70,True,0.2,0.7,macro_f1,delta_real,True,5,50,0.051283182501229554,0.0010709512753487086,0.04919016971613647,0.053368912025144065,0.007690086245785061,0.18595835135937602,5,0,0.996,0.7236745838217612,True,
Binary Matched-Size Augmentation Experiment,binary_matched_size_experiment,3.5,L0.20_U0.70,True,0.2,0.7,macro_f1,g_real,True,5,50,-0.01417084674759685,0.0006514088262661379,-0.015454662275328103,-0.012905768527844846,-0.06419588303180099,0.03166984901866903,1,4,0.2,0.7236745838217612,True,
Binary Matched-Size Augmentation Experiment,binary_matched_size_experiment,3.5,L0.20_U0.70,True,0.2,0.7,auroc,delta_synth,True,5,50,0.0008842870106501751,0.00037047089080231843,0.00015552939753459146,0.0016146239324962598,-0.0056399238782051395,0.01003713527851458,3,2,0.556,,False,
Binary Matched-Size Augmentation Experiment,binary_matched_size_experiment,3.5,L0.20_U0.70,True,0.2,0.7,auroc,delta_real,True,5,50,0.019288716102519855,0.00039597473204360277,0.01851805869868906,0.020061850559347217,0.0030220720069404614,0.04000661057692308,5,0,1.0,,False,
Binary Matched-Size Augmentation Experiment,binary_matched_size_experiment,3.5,L0.20_U0.70,True,0.2,0.7,auroc,g_real,True,5,50,-0.01840442909186968,0.0003448887324850757,-0.019077191801424972,-0.01771042558863802,-0.04564653445512821,-0.0022706911509543094,0,5,0.0,,False,
Binary Matched-Size Augmentation Experiment,binary_matched_size_experiment,3.5,L0.20_U0.80,True,0.2,0.8,macro_f1,delta_synth,True,5,50,0.03973616523004534,0.0010407244799000288,0.03771934579236365,0.041772196813136514,-0.02494332281412595,0.2187169670824637,3,2,0.56,0.7748381300067061,True,
Binary Matched-Size Augmentation Experiment,binary_matched_size_experiment,3.5,L0.20_U0.80,True,0.2,0.8,macro_f1,delta_real,True,5,50,0.051283182501229554,0.0010600752790336512,0.04922664031829462,0.05339312053427312,0.007690086245785061,0.18595835135937602,5,0,0.996,0.7748381300067061,True,
Binary Matched-Size Augmentation Experiment,binary_matched_size_experiment,3.5,L0.20_U0.80,True,0.2,0.8,macro_f1,g_real,True,5,50,-0.011547017271184226,0.000552750098525069,-0.012615987096980837,-0.010449168571781622,-0.05713907921547122,0.03275861572308761,1,4,0.208,0.7748381300067061,True,
Binary Matched-Size Augmentation Experiment,binary_matched_size_experiment,3.5,L0.20_U0.80,True,0.2,0.8,auroc,delta_synth,True,5,50,0.0017352763082724627,0.0003431059336243344,0.001069226769579994,0.002411439830186008,-0.00508183092948719,0.012062776304155627,3,2,0.608,,False,
Binary Matched-Size Augmentation Experiment,binary_matched_size_experiment,3.5,L0.20_U0.80,True,0.2,0.8,auroc,delta_real,True,5,50,0.019288716102519855,0.00039567098053311617,0.018516933306133684,0.02006480240619964,0.0030220720069404614,0.04000661057692308,5,0,1.0,,False,
Binary Matched-Size Augmentation Experiment,binary_matched_size_experiment,3.5,L0.20_U0.80,True,0.2,0.8,auroc,g_real,True,5,50,-0.017553439794247394,0.000342620536119525,-0.018221941291368005,-0.01687970685081006,-0.04508844150641027,-0.0020439632735685786,0,5,0.0,,False,
Binary Matched-Size Augmentation Experiment,binary_matched_size_experiment,3.5,L0.20_U0.90,True,0.2,0.9,macro_f1,delta_synth,True,5,50,0.03979022247351574,0.001055895999849224,0.037764413936239395,0.04188777187593147,-0.025744607616569683,0.2194147396221146,3,2,0.56,0.7758922230023797,True,
Binary Matched-Size Augmentation Experiment,binary_matched_size_experiment,3.5,L0.20_U0.90,True,0.2,0.9,macro_f1,delta_real,True,5,50,0.051283182501229554,0.0010648585175804701,0.04923477792938873,0.053393669009965,0.007690086245785061,0.18595835135937602,5,0,0.996,0.7758922230023797,True,
Binary Matched-Size Augmentation Experiment,binary_matched_size_experiment,3.5,L0.20_U0.90,True,0.2,0.9,macro_f1,g_real,True,5,50,-0.011492960027713828,0.000691873384701036,-0.012862688788123454,-0.010134902358903394,-0.05794036401791496,0.033456388262738536,1,4,0.208,0.7758922230023797,True,
Binary Matched-Size Augmentation Experiment,binary_matched_size_experiment,3.5,L0.20_U0.90,True,0.2,0.9,auroc,delta_synth,True,5,50,0.0016874316123390673,0.0003703135806319731,0.0009510736778869464,0.0024119417252501892,-0.0045704126602564375,0.011135278514588863,3,2,0.608,,False,
Binary Matched-Size Augmentation Experiment,binary_matched_size_experiment,3.5,L0.20_U0.90,True,0.2,0.9,auroc,delta_real,True,5,50,0.019288716102519855,0.00039807491101566395,0.018523540395232765,0.020068047348689434,0.0030220720069404614,0.04000661057692308,5,0,1.0,,False,
Binary Matched-Size Augmentation Experiment,binary_matched_size_experiment,3.5,L0.20_U0.90,True,0.2,0.9,auroc,g_real,True,5,50,-0.017601284490180787,0.00033786730121277965,-0.018267126777092718,-0.01694353921790118,-0.04457702323717951,-0.0020713402094981004,0,5,0.0,,False,
Binary Matched-Size Augmentation Experiment,binary_matched_size_experiment,3.5,L0.30_U0.60,True,0.3,0.6,macro_f1,delta_synth,False,5,,,,,,-0.03832074226511566,0.21539394877751789,1,1,,,False,analysis_incomplete
Binary Matched-Size Augmentation Experiment,binary_matched_size_experiment,3.5,L0.30_U0.60,True,0.3,0.6,macro_f1,delta_real,False,5,,,,,,0.03219575640134527,0.18595835135937602,2,0,,,False,analysis_incomplete
Binary Matched-Size Augmentation Experiment,binary_matched_size_experiment,3.5,L0.30_U0.60,True,0.3,0.6,macro_f1,g_real,False,5,,,,,,-0.07051649866646093,0.029435597418141866,1,1,,,False,analysis_incomplete
Binary Matched-Size Augmentation Experiment,binary_matched_size_experiment,3.5,L0.30_U0.60,True,0.3,0.6,auroc,delta_synth,False,5,,,,,,-0.008382411858974372,0.006191865605658726,1,1,,,False,
Binary Matched-Size Augmentation Experiment,binary_matched_size_experiment,3.5,L0.30_U0.60,True,0.3,0.6,auroc,delta_real,False,5,,,,,,0.03681697612732097,0.04000661057692308,2,0,,,False,
Binary Matched-Size Augmentation Experiment,binary_matched_size_experiment,3.5,L0.30_U0.60,True,0.3,0.6,auroc,g_real,False,5,,,,,,-0.04838902243589745,-0.030625110521662238,0,2,,,False,
Binary Matched-Size Augmentation Experiment,binary_matched_size_experiment,3.5,L0.30_U0.70,True,0.3,0.7,macro_f1,delta_synth,True,5,50,0.037304496585266425,0.0010914040435839013,0.03521720151939289,0.03945901939300164,-0.03139239434866589,0.21726337093457013,2,3,0.492,0.7274216373832108,True,
Binary Matched-Size Augmentation Experiment,binary_matched_size_experiment,3.5,L0.30_U0.70,True,0.3,0.7,macro_f1,delta_real,True,5,50,0.051283182501229554,0.0010654791889338835,0.04919885816657457,0.05336784737634971,0.007690086245785061,0.18595835135937602,5,0,0.996,0.7274216373832108,True,
Binary Matched-Size Augmentation Experiment,binary_matched_size_experiment,3.5,L0.30_U0.70,True,0.3,0.7,macro_f1,g_real,True,5,50,-0.01397868591596314,0.0006974232101692511,-0.01533195990593849,-0.012620775640411324,-0.06358815075001116,0.03130501957519404,1,4,0.2,0.7274216373832108,True,
Binary Matched-Size Augmentation Experiment,binary_matched_size_experiment,3.5,L0.30_U0.70,True,0.3,0.7,auroc,delta_synth,True,5,50,0.0007250742478446862,0.00037776885431744616,-1.7739568884331936e-05,0.0014749732192647549,-0.00623407451923079,0.009744473916887701,3,2,0.556,,False,
Binary Matched-Size Augmentation Experiment,binary_matched_size_experiment,3.5,L0.30_U0.70,True,0.3,0.7,auroc,delta_real,True,5,50,0.019288716102519855,0.00040013756607902606,0.01850746305744447,0.02007164230754418,0.0030220720069404614,0.04000661057692308,5,0,1.0,,False,
Binary Matched-Size Augmentation Experiment,binary_matched_size_experiment,3.5,L0.30_U0.70,True,0.3,0.7,auroc,g_real,True,5,50,-0.01856364185467517,0.00034562447977352884,-0.019245494564694317,-0.01789278549866601,-0.046240685096153866,-0.002235319066898016,0,5,0.0,,False,
Binary Matched-Size Augmentation Experiment,binary_matched_size_experiment,3.5,L0.30_U0.80,True,0.3,0.8,macro_f1,delta_synth,True,5,50,0.03928362378975954,0.00105574795646896,0.03719124671355668,0.04138942346415948,-0.028113603939831956,0.21939824745835396,3,2,0.54,0.7660137665757714,True,
Binary Matched-Size Augmentation Experiment,binary_matched_size_experiment,3.5,L0.30_U0.80,True,0.3,0.8,macro_f1,delta_real,True,5,50,0.051283182501229554,0.00105629558406744,0.049213959882507596,0.053406353108238845,0.007690086245785061,0.18595835135937602,5,0,0.996,0.7660137665757714,True,
Binary Matched-Size Augmentation Experiment,binary_matched_size_experiment,3.5,L0.30_U0.80,True,0.3,0.8,macro_f1,g_real,True,5,50,-0.011999558711470019,0.0006458299686846184,-0.013280642857154074,-0.010774559287709429,-0.060309360341177225,0.03343989609897791,1,4,0.208,0.7660137665757714,True,
Binary Matched-Size Augmentation Experiment,binary_matched_size_experiment,3.5,L0.30_U0.80,True,0.3,0.8,auroc,delta_synth,True,5,50,0.0017134127195188244,0.00033842764850637754,0.0010603580421518688,0.0023809427491391965,-0.004531650641025637,0.011542882404951377,3,2,0.6,,False,
Binary Matched-Size Augmentation Experiment,binary_matched_size_experiment,3.5,L0.30_U0.80,True,0.3,0.8,auroc,delta_real,True,5,50,0.019288716102519855,0.0003943053429815493,0.018528378451926703,0.020069745565178064,0.0030220720069404614,0.04000661057692308,5,0,1.0,,False,
Binary Matched-Size Augmentation Experiment,binary_matched_size_experiment,3.5,L0.30_U0.80,True,0.3,0.8,auroc,g_real,True,5,50,-0.017575303383001027,0.0003316659695194294,-0.01822013229563002,-0.016933997249751677,-0.0445382612179487,-0.0020446460703039794,0,5,0.0,,False,
Binary Matched-Size Augmentation Experiment,binary_matched_size_experiment,3.5,L0.30_U0.90,True,0.3,0.9,macro_f1,delta_synth,True,5,50,0.03977615260375604,0.0010896559735459868,0.037610653704939934,0.041958050165720934,-0.026206012715197423,0.21971454949741273,3,2,0.564,0.7756178665940316,True,
Binary Matched-Size Augmentation Experiment,binary_matched_size_experiment,3.5,L0.30_U0.90,True,0.3,0.9,macro_f1,delta_real,True,5,50,0.051283182501229554,0.0010630911300286512,0.04922556654677043,0.05339667408931787,0.007690086245785061,0.18595835135937602,5,0,0.996,0.7756178665940316,True,
Binary Matched-Size Augmentation Experiment,binary_matched_size_experiment,3.5,L0.30_U0.90,True,0.3,0.9,macro_f1,g_real,True,5,50,-0.011507029897473525,0.0006344702825884262,-0.012754664994874373,-0.010264132637450386,-0.0584017691165427,0.03375619813803666,1,4,0.212,0.7756178665940316,True,
Binary Matched-Size Augmentation Experiment,binary_matched_size_experiment,3.5,L0.30_U0.90,True,0.3,0.9,auroc,delta_synth,True,5,50,0.0016069834781208645,0.0003480111969991703,0.0009300105887972064,0.002280618026231873,-0.00462590144230769,0.01111140583554377,3,2,0.604,,False,
Binary Matched-Size Augmentation Experiment,binary_matched_size_experiment,3.5,L0.30_U0.90,True,0.3,0.9,auroc,delta_real,True,5,50,0.019288716102519855,0.00039283208634102284,0.018533181065482848,0.02007450824910848,0.0030220720069404614,0.04000661057692308,5,0,1.0,,False,
Binary Matched-Size Augmentation Experiment,binary_matched_size_experiment,3.5,L0.30_U0.90,True,0.3,0.9,auroc,g_real,True,5,50,-0.017681732624398993,0.0003357412699961782,-0.01834551109265375,-0.01703560623192521,-0.044632512019230776,-0.002044352869352886,0,5,0.0,,False,
Binary Matched-Size Augmentation Experiment,binary_matched_size_experiment,3.5,L0.40_U0.60,True,0.4,0.6,macro_f1,delta_synth,False,5,,,,,,-0.03666341035025393,0.21373464330520325,1,1,,,False,analysis_incomplete
Binary Matched-Size Augmentation Experiment,binary_matched_size_experiment,3.5,L0.40_U0.60,True,0.4,0.6,macro_f1,delta_real,False,5,,,,,,0.03219575640134527,0.18595835135937602,2,0,,,False,analysis_incomplete
Binary Matched-Size Augmentation Experiment,binary_matched_size_experiment,3.5,L0.40_U0.60,True,0.4,0.6,macro_f1,g_real,False,5,,,,,,-0.06885916675159921,0.027776291945827182,1,1,,,False,analysis_incomplete
Binary Matched-Size Augmentation Experiment,binary_matched_size_experiment,3.5,L0.40_U0.60,True,0.4,0.6,auroc,delta_synth,False,5,,,,,,-0.008305889423076935,0.00712290008841733,1,1,,,False,
Binary Matched-Size Augmentation Experiment,binary_matched_size_experiment,3.5,L0.40_U0.60,True,0.4,0.6,auroc,delta_real,False,5,,,,,,0.03681697612732097,0.04000661057692308,2,0,,,False,
Binary Matched-Size Augmentation Experiment,binary_matched_size_experiment,3.5,L0.40_U0.60,True,0.4,0.6,auroc,g_real,False,5,,,,,,-0.048312500000000015,-0.029694076038903637,0,2,,,False,
Binary Matched-Size Augmentation Experiment,binary_matched_size_experiment,3.5,L0.40_U0.70,True,0.4,0.7,macro_f1,delta_synth,True,5,50,0.03727793823629051,0.0010888846554053318,0.03515703460190238,0.03947040130639773,-0.03187653526460097,0.21750255418605668,2,3,0.516,0.7269037610018985,True,
Binary Matched-Size Augmentation Experiment,binary_matched_size_experiment,3.5,L0.40_U0.70,True,0.4,0.7,macro_f1,delta_real,True,5,50,0.051283182501229554,0.0010659930709481856,0.04923078169377406,0.05341435054378481,0.007690086245785061,0.18595835135937602,5,0,0.996,0.7269037610018985,True,
Binary Matched-Size Augmentation Experiment,binary_matched_size_experiment,3.5,L0.40_U0.70,True,0.4,0.7,macro_f1,g_real,True,5,50,-0.014005244264939046,0.0007000779700803897,-0.01536364537751618,-0.01263861455285262,-0.06407229166594625,0.03154420282668065,1,4,0.2,0.7269037610018985,True,
Binary Matched-Size Augmentation Experiment,binary_matched_size_experiment,3.5,L0.40_U0.70,True,0.4,0.7,auroc,delta_synth,True,5,50,0.0009706990389007148,0.0003583981345366387,0.00026976870428883004,0.0016613971571821863,-0.005799479166666681,0.010269672855879772,3,2,0.56,,False,
Binary Matched-Size Augmentation Experiment,binary_matched_size_experiment,3.5,L0.40_U0.70,True,0.4,0.7,auroc,delta_real,True,5,50,0.019288716102519855,0.000394402249905128,0.01851821507159533,0.020043284333867557,0.0030220720069404614,0.04000661057692308,5,0,1.0,,False,
Binary Matched-Size Augmentation Experiment,binary_matched_size_experiment,3.5,L0.40_U0.70,True,0.4,0.7,auroc,g_real,True,5,50,-0.01831801706361914,0.00035533831286817323,-0.019014714287944635,-0.017622234848720154,-0.045806089743589753,-0.0022228953794743546,0,5,0.0,,False,
Binary Matched-Size Augmentation Experiment,binary_matched_size_experiment,3.5,L0.40_U0.80,True,0.4,0.8,macro_f1,delta_synth,True,5,50,0.04043601529999275,0.001069487077889002,0.038299204981117156,0.042528504558721245,-0.022824067333803127,0.21940838329570903,3,2,0.552,0.7884849053395481,True,
Binary Matched-Size Augmentation Experiment,binary_matched_size_experiment,3.5,L0.40_U0.80,True,0.4,0.8,macro_f1,delta_real,True,5,50,0.051283182501229554,0.0010764388756618274,0.049200976458093584,0.053373381058337006,0.007690086245785061,0.18595835135937602,5,0,0.996,0.7884849053395481,True,
Binary Matched-Size Augmentation Experiment,binary_matched_size_experiment,3.5,L0.40_U0.80,True,0.4,0.8,macro_f1,g_real,True,5,50,-0.010847167201236822,0.000618054272870506,-0.012039592539834413,-0.009640228994592201,-0.05501982373514841,0.03345003193633293,1,4,0.208,0.7884849053395481,True,
Binary Matched-Size Augmentation Experiment,binary_matched_size_experiment,3.5,L0.40_U0.80,True,0.4,0.8,auroc,delta_synth,True,5,50,0.0018510543037491955,0.000354194644623094,0.001154203490412891,0.0025441798456532837,-0.004813401442307712,0.012197170645446502,3,2,0.612,,False,
Binary Matched-Size Augmentation Experiment,binary_matched_size_experiment,3.5,L0.40_U0.80,True,0.4,0.8,auroc,delta_real,True,5,50,0.019288716102519855,0.0003990780497014079,0.01851609715392876,0.020071691966151026,0.0030220720069404614,0.04000661057692308,5,0,1.0,,False,
Binary Matched-Size Augmentation Experiment,binary_matched_size_experiment,3.5,L0.40_U0.80,True,0.4,0.8,auroc,g_real,True,5,50,-0.01743766179877066,0.0003297957055124179,-0.018084878315171256,-0.01679740293510321,-0.04482001201923078,-0.0020472503373819406,0,5,0.0,,False,
Binary Matched-Size Augmentation Experiment,binary_matched_size_experiment,3.5,L0.40_U0.90,True,0.4,0.9,macro_f1,delta_synth,True,5,50,0.0400656506991397,0.0010515062117719045,0.03803377981138428,0.042100357774999105,-0.02569020556407497,0.22069220890286936,3,2,0.548,0.7812629549302853,True,
Binary Matched-Size Augmentation Experiment,binary_matched_size_experiment,3.5,L0.40_U0.90,True,0.4,0.9,macro_f1,delta_real,True,5,50,0.051283182501229554,0.001049243428895854,0.0492300949947264,0.053339321455504025,0.007690086245785061,0.18595835135937602,5,0,0.996,0.7812629549302853,True,
Binary Matched-Size Augmentation Experiment,binary_matched_size_experiment,3.5,L0.40_U0.90,True,0.4,0.9,macro_f1,g_real,True,5,50,-0.011217531802089864,0.0006523919662402689,-0.01248197603071065,-0.009914818086611807,-0.05788596196542024,0.03473385754349331,1,4,0.208,0.7812629549302853,True,
Binary Matched-Size Augmentation Experiment,binary_matched_size_experiment,3.5,L0.40_U0.90,True,0.4,0.9,auroc,delta_synth,True,5,50,0.0017389443543147092,0.00034592861252130203,0.0010738381306913628,0.002431266407992006,-0.004600060096153871,0.011572060123784256,3,2,0.588,,False,
Binary Matched-Size Augmentation Experiment,binary_matched_size_experiment,3.5,L0.40_U0.90,True,0.4,0.9,auroc,delta_real,True,5,50,0.019288716102519855,0.0003925651349273213,0.018528981356429525,0.020072136039754454,0.0030220720069404614,0.04000661057692308,5,0,1.0,,False,
Binary Matched-Size Augmentation Experiment,binary_matched_size_experiment,3.5,L0.40_U0.90,True,0.4,0.9,auroc,g_real,True,5,50,-0.017549771748205146,0.00033549223841991684,-0.01820658237998013,-0.016889111095986988,-0.044606670673076936,-0.0020718711843711966,0,5,0.0,,False,
Binary Matched-Size Augmentation Experiment,binary_matched_size_experiment,4.0,OFF,False,,,macro_f1,delta_synth,True,5,50,0.04027100705103515,0.0010745486313373052,0.03815402275685493,0.04236472257438397,-0.027279809251540374,0.2219328612342324,3,2,0.572,0.751302516985125,True,
Binary Matched-Size Augmentation Experiment,binary_matched_size_experiment,4.0,OFF,False,,,macro_f1,delta_real,True,5,50,0.053601586765125234,0.0010542272273130894,0.05154287609511139,0.055644202253907045,0.007278144599633425,0.19500738655168162,5,0,0.996,0.751302516985125,True,
Binary Matched-Size Augmentation Experiment,binary_matched_size_experiment,4.0,OFF,False,,,macro_f1,g_real,True,5,50,-0.013330579714090079,0.0006266699865386755,-0.01454984055586098,-0.01210264086826344,-0.05953098814914979,0.02692547468255078,1,4,0.208,0.751302516985125,True,
Binary Matched-Size Augmentation Experiment,binary_matched_size_experiment,4.0,OFF,False,,,auroc,delta_synth,True,5,50,0.0016915130758822256,0.00037354591124147114,0.000957291748188734,0.0024158690037577343,-0.005632311698717965,0.012246684350132637,3,2,0.632,,False,
Binary Matched-Size Augmentation Experiment,binary_matched_size_experiment,4.0,OFF,False,,,auroc,delta_real,True,5,50,0.020544323459548975,0.0003974177671924075,0.01976505330710418,0.021317704571826034,0.0032942396054238365,0.042227063301282036,5,0,1.0,,False,
Binary Matched-Size Augmentation Experiment,binary_matched_size_experiment,4.0,OFF,False,,,auroc,g_real,True,5,50,-0.01885281038366675,0.0003284995757262083,-0.019496148972174384,-0.018214226984657498,-0.04785937500000001,-0.002335740794293433,0,5,0.0,,False,
Binary Matched-Size Augmentation Experiment,binary_matched_size_experiment,4.0,L0.10_U0.60,True,0.1,0.6,macro_f1,delta_synth,False,5,,,,,,-0.03798227732055815,0.21633012060211146,1,1,,,False,analysis_incomplete
Binary Matched-Size Augmentation Experiment,binary_matched_size_experiment,4.0,L0.10_U0.60,True,0.1,0.6,macro_f1,delta_real,False,5,,,,,,0.03225117889760941,0.19500738655168162,2,0,,,False,analysis_incomplete
Binary Matched-Size Augmentation Experiment,binary_matched_size_experiment,4.0,L0.10_U0.60,True,0.1,0.6,macro_f1,g_real,False,5,,,,,,-0.07023345621816755,0.021322734050429802,1,1,,,False,analysis_incomplete
Binary Matched-Size Augmentation Experiment,binary_matched_size_experiment,4.0,L0.10_U0.60,True,0.1,0.6,auroc,delta_synth,False,5,,,,,,-0.009402243589743594,0.006385499557913368,1,1,,,False,
Binary Matched-Size Augmentation Experiment,binary_matched_size_experiment,4.0,L0.10_U0.60,True,0.1,0.6,auroc,delta_real,False,5,,,,,,0.03949336870026536,0.042227063301282036,2,0,,,False,
Binary Matched-Size Augmentation Experiment,binary_matched_size_experiment,4.0,L0.10_U0.60,True,0.1,0.6,auroc,g_real,False,5,,,,,,-0.051629306891025635,-0.03310786914235199,0,2,,,False,
Binary Matched-Size Augmentation Experiment,binary_matched_size_experiment,4.0,L0.10_U0.70,True,0.1,0.7,macro_f1,delta_synth,True,5,50,0.0374557769727555,0.0010799331409435322,0.03537436075915116,0.0395501314309488,-0.03108870519116598,0.219181552272308,2,3,0.476,0.6987811225977609,True,
Binary Matched-Size Augmentation Experiment,binary_matched_size_experiment,4.0,L0.10_U0.70,True,0.1,0.7,macro_f1,delta_real,True,5,50,0.053601586765125234,0.001049634883833887,0.05158237248627989,0.05563768020132097,0.007278144599633425,0.19500738655168162,5,0,0.996,0.6987811225977609,True,
Binary Matched-Size Augmentation Experiment,binary_matched_size_experiment,4.0,L0.10_U0.70,True,0.1,0.7,macro_f1,g_real,True,5,50,-0.016145809792369733,0.0006473109186289071,-0.017419734594647837,-0.01488451770088704,-0.06333988408877539,0.024174165720626414,1,4,0.2,0.6987811225977609,True,
Binary Matched-Size Augmentation Experiment,binary_matched_size_experiment,4.0,L0.10_U0.70,True,0.1,0.7,auroc,delta_synth,True,5,50,0.0007234555502868727,0.00038025061773528794,-2.7814111502840633e-05,0.0014741443288025697,-0.006473457532051308,0.010505747126436786,3,2,0.548,,False,
Binary Matched-Size Augmentation Experiment,binary_matched_size_experiment,4.0,L0.10_U0.70,True,0.1,0.7,auroc,delta_real,True,5,50,0.020544323459548975,0.0004015417690417577,0.019750006005777313,0.02132171051181043,0.0032942396054238365,0.042227063301282036,5,0,1.0,,False,
Binary Matched-Size Augmentation Experiment,binary_matched_size_experiment,4.0,L0.10_U0.70,True,0.1,0.7,auroc,g_real,True,5,50,-0.0198208679092621,0.0003271453684697828,-0.02046240839772251,-0.019181674580480156,-0.048700520833333344,-0.0025984657155709943,0,5,0.0,,False,
Binary Matched-Size Augmentation Experiment,binary_matched_size_experiment,4.0,L0.10_U0.80,True,0.1,0.8,macro_f1,delta_synth,True,5,50,0.039621877657968964,0.0010592663790852947,0.03757998753073091,0.041731095681828076,-0.028149947255118296,0.22106126533446363,3,2,0.544,0.7391922524903334,True,
Binary Matched-Size Augmentation Experiment,binary_matched_size_experiment,4.0,L0.10_U0.80,True,0.1,0.8,macro_f1,delta_real,True,5,50,0.053601586765125234,0.0010471233939784025,0.051576855793453905,0.055693066487355204,0.007278144599633425,0.19500738655168162,5,0,0.996,0.7391922524903334,True,
Binary Matched-Size Augmentation Experiment,binary_matched_size_experiment,4.0,L0.10_U0.80,True,0.1,0.8,macro_f1,g_real,True,5,50,-0.013979709107156263,0.0006117373469716512,-0.015156511891793142,-0.01276426514889495,-0.060401126152727705,0.02605387878278205,1,4,0.196,0.7391922524903334,True,
Binary Matched-Size Augmentation Experiment,binary_matched_size_experiment,4.0,L0.10_U0.80,True,0.1,0.8,auroc,delta_synth,True,5,50,0.0016204230585473514,0.0003677576596093191,0.0008967461218077892,0.0023425387528150984,-0.0054203725961538595,0.011762157382847027,3,2,0.612,,False,
Binary Matched-Size Augmentation Experiment,binary_matched_size_experiment,4.0,L0.10_U0.80,True,0.1,0.8,auroc,delta_real,True,5,50,0.020544323459548975,0.0003974537442401568,0.019764943337051123,0.021318237424418233,0.0032942396054238365,0.042227063301282036,5,0,1.0,,False,
Binary Matched-Size Augmentation Experiment,binary_matched_size_experiment,4.0,L0.10_U0.80,True,0.1,0.8,auroc,g_real,True,5,50,-0.01892390040100162,0.0003233619493383787,-0.019551900373364718,-0.018290738312473305,-0.0476474358974359,-0.0023688403701561823,0,5,0.0,,False,
Binary Matched-Size Augmentation Experiment,binary_matched_size_experiment,4.0,L0.10_U0.90,True,0.1,0.9,macro_f1,delta_synth,True,5,50,0.040307543785959986,0.0010350342768681966,0.03830541552424752,0.04236883240326753,-0.026304635682412248,0.22239532330885758,3,2,0.54,0.7519841523084398,True,
Binary Matched-Size Augmentation Experiment,binary_matched_size_experiment,4.0,L0.10_U0.90,True,0.1,0.9,macro_f1,delta_real,True,5,50,0.053601586765125234,0.0010465552187391828,0.05161880072114602,0.055725206166351834,0.007278144599633425,0.19500738655168162,5,0,0.996,0.7519841523084398,True,
Binary Matched-Size Augmentation Experiment,binary_matched_size_experiment,4.0,L0.10_U0.90,True,0.1,0.9,macro_f1,g_real,True,5,50,-0.013294042979165241,0.0005674504736165239,-0.014382941670772849,-0.012179690688956777,-0.05855581458002167,0.027387936757175987,1,4,0.2,0.7519841523084398,True,
Binary Matched-Size Augmentation Experiment,binary_matched_size_experiment,4.0,L0.10_U0.90,True,0.1,0.9,auroc,delta_synth,True,5,50,0.001797293110049509,0.00033913056341042486,0.0011377844622614502,0.002490680199719337,-0.005092347756410262,0.012369584438549968,3,2,0.584,,False,
Binary Matched-Size Augmentation Experiment,binary_matched_size_experiment,4.0,L0.10_U0.90,True,0.1,0.9,auroc,delta_real,True,5,50,0.020544323459548975,0.00038621061550818885,0.019796699302313283,0.02130965702946921,0.0032942396054238365,0.042227063301282036,5,0,1.0,,False,
Binary Matched-Size Augmentation Experiment,binary_matched_size_experiment,4.0,L0.10_U0.90,True,0.1,0.9,auroc,g_real,True,5,50,-0.018747030349499465,0.0003220453553357369,-0.019379857152557915,-0.01811445389947359,-0.04731941105769231,-0.0023589052760105635,0,5,0.0,,False,
Binary Matched-Size Augmentation Experiment,binary_matched_size_experiment,4.0,L0.20_U0.60,True,0.2,0.6,macro_f1,delta_synth,False,5,,,,,,-0.038217059898739476,0.21721615882063466,1,1,,,False,analysis_incomplete
Binary Matched-Size Augmentation Experiment,binary_matched_size_experiment,4.0,L0.20_U0.60,True,0.2,0.6,macro_f1,delta_real,False,5,,,,,,0.03225117889760941,0.19500738655168162,2,0,,,False,analysis_incomplete
Binary Matched-Size Augmentation Experiment,binary_matched_size_experiment,4.0,L0.20_U0.60,True,0.2,0.6,macro_f1,g_real,False,5,,,,,,-0.07046823879634889,0.02220877226895306,1,1,,,False,analysis_incomplete
Binary Matched-Size Augmentation Experiment,binary_matched_size_experiment,4.0,L0.20_U0.60,True,0.2,0.6,auroc,delta_synth,False,5,,,,,,-0.009444811698717963,0.005822281167108772,1,1,,,False,
Binary Matched-Size Augmentation Experiment,binary_matched_size_experiment,4.0,L0.20_U0.60,True,0.2,0.6,auroc,delta_real,False,5,,,,,,0.03949336870026536,0.042227063301282036,2,0,,,False,
Binary Matched-Size Augmentation Experiment,binary_matched_size_experiment,4.0,L0.20_U0.60,True,0.2,0.6,auroc,g_real,False,5,,,,,,-0.051671875,-0.03367108753315659,0,2,,,False,
Binary Matched-Size Augmentation Experiment,binary_matched_size_experiment,4.0,L0.20_U0.70,True,0.2,0.7,macro_f1,delta_synth,True,5,50,0.03725374116971754,0.0010773797501271837,0.03519799098046432,0.03943497647278626,-0.03233765667123115,0.21915346306699976,2,3,0.492,0.6950119094973494,True,
Binary Matched-Size Augmentation Experiment,binary_matched_size_experiment,4.0,L0.20_U0.70,True,0.2,0.7,macro_f1,delta_real,True,5,50,0.053601586765125234,0.0010504798179491674,0.051637185821166186,0.05573435755881536,0.007278144599633425,0.19500738655168162,5,0,0.996,0.6950119094973494,True,
Binary Matched-Size Augmentation Experiment,binary_matched_size_experiment,4.0,L0.20_U0.70,True,0.2,0.7,macro_f1,g_real,True,5,50,-0.01634784559540769,0.000618868837510499,-0.017576184065009364,-0.015132218087649413,-0.06458883556884057,0.024146076515318162,1,4,0.2,0.6950119094973494,True,
Binary Matched-Size Augmentation Experiment,binary_matched_size_experiment,4.0,L0.20_U0.70,True,0.2,0.7,auroc,delta_synth,True,5,50,0.0007021245470211965,0.000371141594638689,-1.85251007292913e-05,0.0014394360474202993,-0.006625300480769256,0.010486295313881533,3,2,0.54,,False,
Binary Matched-Size Augmentation Experiment,binary_matched_size_experiment,4.0,L0.20_U0.70,True,0.2,0.7,auroc,delta_real,True,5,50,0.020544323459548975,0.00039247735653838157,0.01977622846947648,0.021325507724142538,0.0032942396054238365,0.042227063301282036,5,0,1.0,,False,
Binary Matched-Size Augmentation Experiment,binary_matched_size_experiment,4.0,L0.20_U0.70,True,0.2,0.7,auroc,g_real,True,5,50,-0.019842198912527774,0.0003375968960142487,-0.020504964995130784,-0.019190805482955785,-0.048852363782051295,-0.0026264298566930177,0,5,0.0,,False,
Binary Matched-Size Augmentation Experiment,binary_matched_size_experiment,4.0,L0.20_U0.80,True,0.2,0.8,macro_f1,delta_synth,True,5,50,0.040218276021813014,0.001066932632660691,0.03810646742953144,0.04229750080069245,-0.025203031420858685,0.22141237417462167,3,2,0.548,0.7503187582495264,True,
Binary Matched-Size Augmentation Experiment,binary_matched_size_experiment,4.0,L0.20_U0.80,True,0.2,0.8,macro_f1,delta_real,True,5,50,0.053601586765125234,0.0010559818096983413,0.05149995111447255,0.05565200406480735,0.007278144599633425,0.19500738655168162,5,0,0.996,0.7503187582495264,True,
Binary Matched-Size Augmentation Experiment,binary_matched_size_experiment,4.0,L0.20_U0.80,True,0.2,0.8,macro_f1,g_real,True,5,50,-0.013383310743312204,0.0005629452911362536,-0.0144915354268619,-0.012267512541546266,-0.05745421031846809,0.026404987622940107,1,4,0.2,0.7503187582495264,True,
Binary Matched-Size Augmentation Experiment,binary_matched_size_experiment,4.0,L0.20_U0.80,True,0.2,0.8,auroc,delta_synth,True,5,50,0.0017514675763687284,0.0003546780484134758,0.0010671481267096792,0.0024412274319087638,-0.005527043269230771,0.012656056587091074,3,2,0.6,,False,
Binary Matched-Size Augmentation Experiment,binary_matched_size_experiment,4.0,L0.20_U0.80,True,0.2,0.8,auroc,delta_real,True,5,50,0.020544323459548975,0.00039654181923142715,0.019790946408966042,0.021323093922022588,0.0032942396054238365,0.042227063301282036,5,0,1.0,,False,
Binary Matched-Size Augmentation Experiment,binary_matched_size_experiment,4.0,L0.20_U0.80,True,0.2,0.8,auroc,g_real,True,5,50,-0.018792855883180245,0.0003314903401754518,-0.019439876084893212,-0.018137128645650907,-0.04775410657051281,-0.0023165855343486898,0,5,0.0,,False,
Binary Matched-Size Augmentation Experiment,binary_matched_size_experiment,4.0,L0.20_U0.90,True,0.2,0.9,macro_f1,delta_synth,True,5,50,0.040363286295988836,0.0010786831494983278,0.03827543206892612,0.042481345024872816,-0.026519151762026495,0.22286975871076958,3,2,0.552,0.7530240937242249,True,
Binary Matched-Size Augmentation Experiment,binary_matched_size_experiment,4.0,L0.20_U0.90,True,0.2,0.9,macro_f1,delta_real,True,5,50,0.053601586765125234,0.0010497287148374692,0.05158688563832215,0.05571904232018507,0.007278144599633425,0.19500738655168162,5,0,0.996,0.7530240937242249,True,
Binary Matched-Size Augmentation Experiment,binary_matched_size_experiment,4.0,L0.20_U0.90,True,0.2,0.9,macro_f1,g_real,True,5,50,-0.013238300469136387,0.0006211446858998583,-0.014456605431328422,-0.012046767079293186,-0.05877033065963591,0.027862372159088003,1,4,0.2,0.7530240937242249,True,
Binary Matched-Size Augmentation Experiment,binary_matched_size_experiment,4.0,L0.20_U0.90,True,0.2,0.9,auroc,delta_synth,True,5,50,0.0017058814061564787,0.0003770565686949979,0.0009691580272574899,0.0024386942104334675,-0.005205028044871789,0.011771883289124686,3,2,0.62,,False,
Binary Matched-Size Augmentation Experiment,binary_matched_size_experiment,4.0,L0.20_U0.90,True,0.2,0.9,auroc,delta_real,True,5,50,0.020544323459548975,0.00040128359163907687,0.01976486305721199,0.021319095866885213,0.0032942396054238365,0.042227063301282036,5,0,1.0,,False,
Binary Matched-Size Augmentation Experiment,binary_matched_size_experiment,4.0,L0.20_U0.90,True,0.2,0.9,auroc,g_real,True,5,50,-0.018838442053392496,0.00033628760178116125,-0.019495876581967858,-0.01816934636305661,-0.04743209134615383,-0.002342017704517745,0,5,0.0,,False,
Binary Matched-Size Augmentation Experiment,binary_matched_size_experiment,4.0,L0.30_U0.60,True,0.3,0.6,macro_f1,delta_synth,False,5,,,,,,-0.03848926832639847,0.2176087864542933,1,1,,,False,analysis_incomplete
Binary Matched-Size Augmentation Experiment,binary_matched_size_experiment,4.0,L0.30_U0.60,True,0.3,0.6,macro_f1,delta_real,False,5,,,,,,0.03225117889760941,0.19500738655168162,2,0,,,False,analysis_incomplete
Binary Matched-Size Augmentation Experiment,binary_matched_size_experiment,4.0,L0.30_U0.60,True,0.3,0.6,macro_f1,g_real,False,5,,,,,,-0.07074044722400787,0.022601399902611702,1,1,,,False,analysis_incomplete
Binary Matched-Size Augmentation Experiment,binary_matched_size_experiment,4.0,L0.30_U0.60,True,0.3,0.6,auroc,delta_synth,False,5,,,,,,-0.009463141025641036,0.006040671971706466,1,1,,,False,
Binary Matched-Size Augmentation Experiment,binary_matched_size_experiment,4.0,L0.30_U0.60,True,0.3,0.6,auroc,delta_real,False,5,,,,,,0.03949336870026536,0.042227063301282036,2,0,,,False,
Binary Matched-Size Augmentation Experiment,binary_matched_size_experiment,4.0,L0.30_U0.60,True,0.3,0.6,auroc,g_real,False,5,,,,,,-0.051690204326923075,-0.03345269672855889,0,2,,,False,
Binary Matched-Size Augmentation Experiment,binary_matched_size_experiment,4.0,L0.30_U0.70,True,0.3,0.7,macro_f1,delta_synth,True,5,50,0.03759332483367713,0.0010779456720376806,0.035405461802009486,0.03967863153273425,-0.03205828111401461,0.21985139633721648,2,3,0.504,0.7013472380660278,True,
Binary Matched-Size Augmentation Experiment,binary_matched_size_experiment,4.0,L0.30_U0.70,True,0.3,0.7,macro_f1,delta_real,True,5,50,0.053601586765125234,0.001059853353738702,0.05151820028910252,0.055714639155253515,0.007278144599633425,0.19500738655168162,5,0,0.996,0.7013472380660278,True,
Binary Matched-Size Augmentation Experiment,binary_matched_size_experiment,4.0,L0.30_U0.70,True,0.3,0.7,macro_f1,g_real,True,5,50,-0.0160082619314481,0.000644399086413111,-0.01726044719533331,-0.014745264208821949,-0.06430946001162402,0.024844009785534867,1,4,0.2,0.7013472380660278,True,
Binary Matched-Size Augmentation Experiment,binary_matched_size_experiment,4.0,L0.30_U0.70,True,0.3,0.7,auroc,delta_synth,True,5,50,0.0006583995818284811,0.00038159007206338256,-9.658071545150966e-05,0.0013946147121901352,-0.006870893429487206,0.010386383731211308,3,2,0.556,,False,
Binary Matched-Size Augmentation Experiment,binary_matched_size_experiment,4.0,L0.30_U0.70,True,0.3,0.7,auroc,delta_real,True,5,50,0.020544323459548975,0.0003943363282256177,0.01977420959228795,0.02131304021175406,0.0032942396054238365,0.042227063301282036,5,0,1.0,,False,
Binary Matched-Size Augmentation Experiment,binary_matched_size_experiment,4.0,L0.30_U0.70,True,0.3,0.7,auroc,g_real,True,5,50,-0.019885923877720493,0.0003352308949630861,-0.020541547664397787,-0.019222868993459142,-0.04909795673076925,-0.002558384743911093,0,5,0.0,,False,
Binary Matched-Size Augmentation Experiment,binary_matched_size_experiment,4.0,L0.30_U0.80,True,0.3,0.8,macro_f1,delta_synth,True,5,50,0.0396404653862584,0.0010799710944880488,0.03752369329274791,0.04177933628991051,-0.02844433082928482,0.22196049033687582,3,2,0.548,0.7395390281999945,True,
Binary Matched-Size Augmentation Experiment,binary_matched_size_experiment,4.0,L0.30_U0.80,True,0.3,0.8,macro_f1,delta_real,True,5,50,0.053601586765125234,0.001043708556889091,0.051559250127741756,0.05566510894450276,0.007278144599633425,0.19500738655168162,5,0,0.996,0.7395390281999945,True,
Binary Matched-Size Augmentation Experiment,binary_matched_size_experiment,4.0,L0.30_U0.80,True,0.3,0.8,macro_f1,g_real,True,5,50,-0.013961121378866828,0.0006222571073392992,-0.015172894341082838,-0.012728630857987143,-0.06069550972689423,0.026953103785194218,1,4,0.204,0.7395390281999945,True,
Binary Matched-Size Augmentation Experiment,binary_matched_size_experiment,4.0,L0.30_U0.80,True,0.3,0.8,auroc,delta_synth,True,5,50,0.0017379404049853685,0.0003447930622794207,0.0010679375913390718,0.0024109879189438033,-0.005137620192307712,0.012307692307692339,3,2,0.604,,False,
Binary Matched-Size Augmentation Experiment,binary_matched_size_experiment,4.0,L0.30_U0.80,True,0.3,0.8,auroc,delta_real,True,5,50,0.020544323459548975,0.0003972446962312751,0.01977005760180449,0.0213347855610687,0.0032942396054238365,0.042227063301282036,5,0,1.0,,False,
Binary Matched-Size Augmentation Experiment,binary_matched_size_experiment,4.0,L0.30_U0.80,True,0.3,0.8,auroc,g_real,True,5,50,-0.018806383054563603,0.0003273537548010837,-0.019454924266506118,-0.01817651593314057,-0.04736468349358975,-0.002339792590450478,0,5,0.0,,False,
Binary Matched-Size Augmentation Experiment,binary_matched_size_experiment,4.0,L0.30_U0.90,True,0.3,0.9,macro_f1,delta_synth,True,5,50,0.039971813901349455,0.00109999540878981,0.03777595048781538,0.04210230867644115,-0.027711121561459516,0.22199466559202122,3,2,0.564,0.7457207204797954,True,
Binary Matched-Size Augmentation Experiment,binary_matched_size_experiment,4.0,L0.30_U0.90,True,0.3,0.9,macro_f1,delta_real,True,5,50,0.053601586765125234,0.0010517791772278917,0.05152637643400427,0.05568168396724027,0.007278144599633425,0.19500738655168162,5,0,0.996,0.7457207204797954,True,
Binary Matched-Size Augmentation Experiment,binary_matched_size_experiment,4.0,L0.30_U0.90,True,0.3,0.9,macro_f1,g_real,True,5,50,-0.01362977286377578,0.0005830855636160326,-0.014821828582639507,-0.012528900461936957,-0.059962300459068925,0.02698727904033956,1,4,0.204,0.7457207204797954,True,
Binary Matched-Size Augmentation Experiment,binary_matched_size_experiment,4.0,L0.30_U0.90,True,0.3,0.9,auroc,delta_synth,True,5,50,0.0016680043844008352,0.0003546469143776399,0.0009847428614636175,0.0023571126146162817,-0.005237479967948719,0.01191069849690538,3,2,0.62,,False,
Binary Matched-Size Augmentation Experiment,binary_matched_size_experiment,4.0,L0.30_U0.90,True,0.3,0.9,auroc,delta_real,True,5,50,0.020544323459548975,0.00038926553070311434,0.019785132313876085,0.021304063711748696,0.0032942396054238365,0.042227063301282036,5,0,1.0,,False,
Binary Matched-Size Augmentation Experiment,binary_matched_size_experiment,4.0,L0.30_U0.90,True,0.3,0.9,auroc,g_real,True,5,50,-0.018876319075148137,0.0003287342252693787,-0.019526176209677667,-0.018236704404556263,-0.04746454326923076,-0.0023325726174410464,0,5,0.0,,False,
Binary Matched-Size Augmentation Experiment,binary_matched_size_experiment,4.0,L0.40_U0.60,True,0.4,0.6,macro_f1,delta_synth,False,5,,,,,,-0.03683306886438156,0.2160829802669731,1,1,,,False,analysis_incomplete
Binary Matched-Size Augmentation Experiment,binary_matched_size_experiment,4.0,L0.40_U0.60,True,0.4,0.6,macro_f1,delta_real,False,5,,,,,,0.03225117889760941,0.19500738655168162,2,0,,,False,analysis_incomplete
Binary Matched-Size Augmentation Experiment,binary_matched_size_experiment,4.0,L0.40_U0.60,True,0.4,0.6,macro_f1,g_real,False,5,,,,,,-0.06908424776199097,0.02107559371529145,1,1,,,False,analysis_incomplete
Binary Matched-Size Augmentation Experiment,binary_matched_size_experiment,4.0,L0.40_U0.60,True,0.4,0.6,auroc,delta_synth,False,5,,,,,,-0.009421374198717983,0.006706454465075173,1,1,,,False,
Binary Matched-Size Augmentation Experiment,binary_matched_size_experiment,4.0,L0.40_U0.60,True,0.4,0.6,auroc,delta_real,False,5,,,,,,0.03949336870026536,0.042227063301282036,2,0,,,False,
Binary Matched-Size Augmentation Experiment,binary_matched_size_experiment,4.0,L0.40_U0.60,True,0.4,0.6,auroc,g_real,False,5,,,,,,-0.051648437500000026,-0.03278691423519018,0,2,,,False,
Binary Matched-Size Augmentation Experiment,binary_matched_size_experiment,4.0,L0.40_U0.70,True,0.4,0.7,macro_f1,delta_synth,True,5,50,0.03744740769989105,0.0010887030120980568,0.03537100024471474,0.03963598268807512,-0.03343861456073875,0.21996386357161388,2,3,0.516,0.6986249840696028,True,
Binary Matched-Size Augmentation Experiment,binary_matched_size_experiment,4.0,L0.40_U0.70,True,0.4,0.7,macro_f1,delta_real,True,5,50,0.053601586765125234,0.001047258920791434,0.05160374549718794,0.05571063746878765,0.007278144599633425,0.19500738655168162,5,0,0.996,0.6986249840696028,True,
Binary Matched-Size Augmentation Experiment,binary_matched_size_experiment,4.0,L0.40_U0.70,True,0.4,0.7,macro_f1,g_real,True,5,50,-0.016154179065234177,0.0006894063551233274,-0.01748758433126972,-0.014802918923243216,-0.06568979345834816,0.02495647701993227,1,4,0.2,0.6986249840696028,True,
Binary Matched-Size Augmentation Experiment,binary_matched_size_experiment,4.0,L0.40_U0.70,True,0.4,0.7,auroc,delta_synth,True,5,50,0.0008407667479790604,0.00037376908773155036,0.00011388984182831133,0.0015830930989338716,-0.0063650841346153866,0.010536693191865598,3,2,0.56,,False,
Binary Matched-Size Augmentation Experiment,binary_matched_size_experiment,4.0,L0.40_U0.70,True,0.4,0.7,auroc,delta_real,True,5,50,0.020544323459548975,0.00039005536426908873,0.019784586096082635,0.02131513974002754,0.0032942396054238365,0.042227063301282036,5,0,1.0,,False,
Binary Matched-Size Augmentation Experiment,binary_matched_size_experiment,4.0,L0.40_U0.70,True,0.4,0.7,auroc,g_real,True,5,50,-0.01970355671156991,0.00034573064408926216,-0.02039637749328062,-0.01903358054820499,-0.048592147435897425,-0.002547580489685759,0,5,0.0,,False,
Binary Matched-Size Augmentation Experiment,binary_matched_size_experiment,4.0,L0.40_U0.80,True,0.4,0.8,macro_f1,delta_synth,True,5,50,0.040554497391363346,0.0010700013613082478,0.038497943518793695,0.04267110251960189,-0.023904023522203513,0.22143527217774783,3,2,0.552,0.7565913593018723,True,
Binary Matched-Size Augmentation Experiment,binary_matched_size_experiment,4.0,L0.40_U0.80,True,0.4,0.8,macro_f1,delta_real,True,5,50,0.053601586765125234,0.001048084535824569,0.051558024857363195,0.055679366266870665,0.007278144599633425,0.19500738655168162,5,0,0.996,0.7565913593018723,True,
Binary Matched-Size Augmentation Experiment,binary_matched_size_experiment,4.0,L0.40_U0.80,True,0.4,0.8,macro_f1,g_real,True,5,50,-0.01304708937376188,0.0005670273323833863,-0.01416056179513183,-0.011950692037483815,-0.05615520241981292,0.02642788562606622,1,4,0.2,0.7565913593018723,True,
Binary Matched-Size Augmentation Experiment,binary_matched_size_experiment,4.0,L0.40_U0.80,True,0.4,0.8,auroc,delta_synth,True,5,50,0.0018489615038749193,0.00035758796612369854,0.0011502553001181328,0.0025599243234694746,-0.005510016025641034,0.012977895667550842,3,2,0.596,,False,
Binary Matched-Size Augmentation Experiment,binary_matched_size_experiment,4.0,L0.40_U0.80,True,0.4,0.8,auroc,delta_real,True,5,50,0.020544323459548975,0.00039365141157640747,0.019786850042106296,0.02132407785394094,0.0032942396054238365,0.042227063301282036,5,0,1.0,,False,
Binary Matched-Size Augmentation Experiment,binary_matched_size_experiment,4.0,L0.40_U0.80,True,0.4,0.8,auroc,g_real,True,5,50,-0.018695361955674054,0.00032017300758896693,-0.019345809242871513,-0.018077386277395625,-0.04773707932692308,-0.0023355222993380973,0,5,0.0,,False,
Binary Matched-Size Augmentation Experiment,binary_matched_size_experiment,4.0,L0.40_U0.90,True,0.4,0.9,macro_f1,delta_synth,True,5,50,0.04088058198489504,0.0010576137129219916,0.03882545345093912,0.042962275313995366,-0.02426800222840773,0.22226545504186845,3,2,0.556,0.7626748469971256,True,
Binary Matched-Size Augmentation Experiment,binary_matched_size_experiment,4.0,L0.40_U0.90,True,0.4,0.9,macro_f1,delta_real,True,5,50,0.053601586765125234,0.0010556983116155137,0.05155855793871252,0.0556463756004764,0.007278144599633425,0.19500738655168162,5,0,0.996,0.7626748469971256,True,
Binary Matched-Size Augmentation Experiment,binary_matched_size_experiment,4.0,L0.40_U0.90,True,0.4,0.9,macro_f1,g_real,True,5,50,-0.01272100478023019,0.0006012638343010891,-0.01387943319302326,-0.011528753219819577,-0.05651918112601714,0.027258068490186842,1,4,0.204,0.7626748469971256,True,
Binary Matched-Size Augmentation Experiment,binary_matched_size_experiment,4.0,L0.40_U0.90,True,0.4,0.9,auroc,delta_synth,True,5,50,0.0017898876794346353,0.0003534394659659584,0.0011047509297709267,0.002492716730618804,-0.005161658653846153,0.012353669319186564,3,2,0.596,,False,
Binary Matched-Size Augmentation Experiment,binary_matched_size_experiment,4.0,L0.40_U0.90,True,0.4,0.9,auroc,delta_real,True,5,50,0.020544323459548975,0.0003937038651459123,0.01978368436044588,0.021323412584508792,0.0032942396054238365,0.042227063301282036,5,0,1.0,,False,
Binary Matched-Size Augmentation Experiment,binary_matched_size_experiment,4.0,L0.40_U0.90,True,0.4,0.9,auroc,g_real,True,5,50,-0.018754435780114338,0.0003435287629362955,-0.01942043878675772,-0.018081010470485336,-0.04738872195512818,-0.002347210976158349,0,5,0.0,,False,
