cell_id,repeat_seed,ratio,similarity_condition_id,lower,upper,target_n,target_label_vector,eligible_n,eligible_label_vector,selected_n,selected_label_vector,selected_global_generation_indices,selected_parent_count,selection_sha256,feasible,infeasible_reason
bn_binary_cinexdrama,1000,1.5,L0.10_U0.60,0.1,0.6,420,"{'0': 191, '1': 229}",821,"{'0': 613, '1': 208}",0,"{'0': 0, '1': 0}",[],0,4f53cda18c2baa0c0354bb5f9a3ecbe5ed12ab4d8e11ba873c2f11161202b945,False,"insufficient_eligible_synthetic:{""1"":21}"
bn_binary_cinexdrama,1000,1.5,L0.20_U0.60,0.2,0.6,420,"{'0': 191, '1': 229}",821,"{'0': 613, '1': 208}",0,"{'0': 0, '1': 0}",[],0,4f53cda18c2baa0c0354bb5f9a3ecbe5ed12ab4d8e11ba873c2f11161202b945,False,"insufficient_eligible_synthetic:{""1"":21}"
bn_binary_cinexdrama,1000,1.5,L0.30_U0.60,0.3,0.6,420,"{'0': 191, '1': 229}",816,"{'0': 608, '1': 208}",0,"{'0': 0, '1': 0}",[],0,4f53cda18c2baa0c0354bb5f9a3ecbe5ed12ab4d8e11ba873c2f11161202b945,False,"insufficient_eligible_synthetic:{""1"":21}"
bn_binary_cinexdrama,1000,1.5,L0.40_U0.60,0.4,0.6,420,"{'0': 191, '1': 229}",758,"{'0': 564, '1': 194}",0,"{'0': 0, '1': 0}",[],0,4f53cda18c2baa0c0354bb5f9a3ecbe5ed12ab4d8e11ba873c2f11161202b945,False,"insufficient_eligible_synthetic:{""1"":35}"
bn_binary_cinexdrama,1000,1.75,L0.10_U0.60,0.1,0.6,490,"{'0': 222, '1': 268}",821,"{'0': 613, '1': 208}",0,"{'0': 0, '1': 0}",[],0,4f53cda18c2baa0c0354bb5f9a3ecbe5ed12ab4d8e11ba873c2f11161202b945,False,"insufficient_eligible_synthetic:{""1"":60}"
bn_binary_cinexdrama,1000,1.75,L0.20_U0.60,0.2,0.6,490,"{'0': 222, '1': 268}",821,"{'0': 613, '1': 208}",0,"{'0': 0, '1': 0}",[],0,4f53cda18c2baa0c0354bb5f9a3ecbe5ed12ab4d8e11ba873c2f11161202b945,False,"insufficient_eligible_synthetic:{""1"":60}"
bn_binary_cinexdrama,1000,1.75,L0.30_U0.60,0.3,0.6,490,"{'0': 222, '1': 268}",816,"{'0': 608, '1': 208}",0,"{'0': 0, '1': 0}",[],0,4f53cda18c2baa0c0354bb5f9a3ecbe5ed12ab4d8e11ba873c2f11161202b945,False,"insufficient_eligible_synthetic:{""1"":60}"
bn_binary_cinexdrama,1000,1.75,L0.40_U0.60,0.4,0.6,490,"{'0': 222, '1': 268}",758,"{'0': 564, '1': 194}",0,"{'0': 0, '1': 0}",[],0,4f53cda18c2baa0c0354bb5f9a3ecbe5ed12ab4d8e11ba873c2f11161202b945,False,"insufficient_eligible_synthetic:{""1"":74}"
bn_binary_cinexdrama,1000,2.0,L0.10_U0.60,0.1,0.6,560,"{'0': 254, '1': 306}",821,"{'0': 613, '1': 208}",0,"{'0': 0, '1': 0}",[],0,4f53cda18c2baa0c0354bb5f9a3ecbe5ed12ab4d8e11ba873c2f11161202b945,False,"insufficient_eligible_synthetic:{""1"":98}"
bn_binary_cinexdrama,1000,2.0,L0.20_U0.60,0.2,0.6,560,"{'0': 254, '1': 306}",821,"{'0': 613, '1': 208}",0,"{'0': 0, '1': 0}",[],0,4f53cda18c2baa0c0354bb5f9a3ecbe5ed12ab4d8e11ba873c2f11161202b945,False,"insufficient_eligible_synthetic:{""1"":98}"
bn_binary_cinexdrama,1000,2.0,L0.30_U0.60,0.3,0.6,560,"{'0': 254, '1': 306}",816,"{'0': 608, '1': 208}",0,"{'0': 0, '1': 0}",[],0,4f53cda18c2baa0c0354bb5f9a3ecbe5ed12ab4d8e11ba873c2f11161202b945,False,"insufficient_eligible_synthetic:{""1"":98}"
bn_binary_cinexdrama,1000,2.0,L0.40_U0.60,0.4,0.6,560,"{'0': 254, '1': 306}",758,"{'0': 564, '1': 194}",0,"{'0': 0, '1': 0}",[],0,4f53cda18c2baa0c0354bb5f9a3ecbe5ed12ab4d8e11ba873c2f11161202b945,False,"insufficient_eligible_synthetic:{""1"":112}"
bn_binary_cinexdrama,1000,2.5,L0.10_U0.60,0.1,0.6,700,"{'0': 318, '1': 382}",821,"{'0': 613, '1': 208}",0,"{'0': 0, '1': 0}",[],0,4f53cda18c2baa0c0354bb5f9a3ecbe5ed12ab4d8e11ba873c2f11161202b945,False,"insufficient_eligible_synthetic:{""1"":174}"
bn_binary_cinexdrama,1000,2.5,L0.20_U0.60,0.2,0.6,700,"{'0': 318, '1': 382}",821,"{'0': 613, '1': 208}",0,"{'0': 0, '1': 0}",[],0,4f53cda18c2baa0c0354bb5f9a3ecbe5ed12ab4d8e11ba873c2f11161202b945,False,"insufficient_eligible_synthetic:{""1"":174}"
bn_binary_cinexdrama,1000,2.5,L0.30_U0.60,0.3,0.6,700,"{'0': 318, '1': 382}",816,"{'0': 608, '1': 208}",0,"{'0': 0, '1': 0}",[],0,4f53cda18c2baa0c0354bb5f9a3ecbe5ed12ab4d8e11ba873c2f11161202b945,False,"insufficient_eligible_synthetic:{""1"":174}"
bn_binary_cinexdrama,1000,2.5,L0.40_U0.60,0.4,0.6,700,"{'0': 318, '1': 382}",758,"{'0': 564, '1': 194}",0,"{'0': 0, '1': 0}",[],0,4f53cda18c2baa0c0354bb5f9a3ecbe5ed12ab4d8e11ba873c2f11161202b945,False,"insufficient_eligible_synthetic:{""1"":188}"
bn_binary_cinexdrama,1000,3.0,L0.10_U0.60,0.1,0.6,840,"{'0': 381, '1': 459}",821,"{'0': 613, '1': 208}",0,"{'0': 0, '1': 0}",[],0,4f53cda18c2baa0c0354bb5f9a3ecbe5ed12ab4d8e11ba873c2f11161202b945,False,"insufficient_eligible_synthetic:{""1"":251}"
bn_binary_cinexdrama,1000,3.0,L0.20_U0.60,0.2,0.6,840,"{'0': 381, '1': 459}",821,"{'0': 613, '1': 208}",0,"{'0': 0, '1': 0}",[],0,4f53cda18c2baa0c0354bb5f9a3ecbe5ed12ab4d8e11ba873c2f11161202b945,False,"insufficient_eligible_synthetic:{""1"":251}"
bn_binary_cinexdrama,1000,3.0,L0.30_U0.60,0.3,0.6,840,"{'0': 381, '1': 459}",816,"{'0': 608, '1': 208}",0,"{'0': 0, '1': 0}",[],0,4f53cda18c2baa0c0354bb5f9a3ecbe5ed12ab4d8e11ba873c2f11161202b945,False,"insufficient_eligible_synthetic:{""1"":251}"
bn_binary_cinexdrama,1000,3.0,L0.40_U0.60,0.4,0.6,840,"{'0': 381, '1': 459}",758,"{'0': 564, '1': 194}",0,"{'0': 0, '1': 0}",[],0,4f53cda18c2baa0c0354bb5f9a3ecbe5ed12ab4d8e11ba873c2f11161202b945,False,"insufficient_eligible_synthetic:{""1"":265}"
bn_binary_cinexdrama,1000,3.5,L0.10_U0.60,0.1,0.6,980,"{'0': 445, '1': 535}",821,"{'0': 613, '1': 208}",0,"{'0': 0, '1': 0}",[],0,4f53cda18c2baa0c0354bb5f9a3ecbe5ed12ab4d8e11ba873c2f11161202b945,False,"insufficient_eligible_synthetic:{""1"":327}"
bn_binary_cinexdrama,1000,3.5,L0.20_U0.60,0.2,0.6,980,"{'0': 445, '1': 535}",821,"{'0': 613, '1': 208}",0,"{'0': 0, '1': 0}",[],0,4f53cda18c2baa0c0354bb5f9a3ecbe5ed12ab4d8e11ba873c2f11161202b945,False,"insufficient_eligible_synthetic:{""1"":327}"
bn_binary_cinexdrama,1000,3.5,L0.30_U0.60,0.3,0.6,980,"{'0': 445, '1': 535}",816,"{'0': 608, '1': 208}",0,"{'0': 0, '1': 0}",[],0,4f53cda18c2baa0c0354bb5f9a3ecbe5ed12ab4d8e11ba873c2f11161202b945,False,"insufficient_eligible_synthetic:{""1"":327}"
bn_binary_cinexdrama,1000,3.5,L0.40_U0.60,0.4,0.6,980,"{'0': 445, '1': 535}",758,"{'0': 564, '1': 194}",0,"{'0': 0, '1': 0}",[],0,4f53cda18c2baa0c0354bb5f9a3ecbe5ed12ab4d8e11ba873c2f11161202b945,False,"insufficient_eligible_synthetic:{""1"":341}"
bn_binary_cinexdrama,1000,4.0,L0.10_U0.60,0.1,0.6,1120,"{'0': 508, '1': 612}",821,"{'0': 613, '1': 208}",0,"{'0': 0, '1': 0}",[],0,4f53cda18c2baa0c0354bb5f9a3ecbe5ed12ab4d8e11ba873c2f11161202b945,False,"insufficient_eligible_synthetic:{""1"":404}"
bn_binary_cinexdrama,1000,4.0,L0.20_U0.60,0.2,0.6,1120,"{'0': 508, '1': 612}",821,"{'0': 613, '1': 208}",0,"{'0': 0, '1': 0}",[],0,4f53cda18c2baa0c0354bb5f9a3ecbe5ed12ab4d8e11ba873c2f11161202b945,False,"insufficient_eligible_synthetic:{""1"":404}"
bn_binary_cinexdrama,1000,4.0,L0.30_U0.60,0.3,0.6,1120,"{'0': 508, '1': 612}",816,"{'0': 608, '1': 208}",0,"{'0': 0, '1': 0}",[],0,4f53cda18c2baa0c0354bb5f9a3ecbe5ed12ab4d8e11ba873c2f11161202b945,False,"insufficient_eligible_synthetic:{""1"":404}"
bn_binary_cinexdrama,1000,4.0,L0.40_U0.60,0.4,0.6,1120,"{'0': 508, '1': 612}",758,"{'0': 564, '1': 194}",0,"{'0': 0, '1': 0}",[],0,4f53cda18c2baa0c0354bb5f9a3ecbe5ed12ab4d8e11ba873c2f11161202b945,False,"insufficient_eligible_synthetic:{""1"":418}"
bn_binary_cinexdrama,1001,1.75,L0.10_U0.60,0.1,0.6,490,"{'0': 222, '1': 268}",761,"{'0': 516, '1': 245}",0,"{'0': 0, '1': 0}",[],0,4f53cda18c2baa0c0354bb5f9a3ecbe5ed12ab4d8e11ba873c2f11161202b945,False,"insufficient_eligible_synthetic:{""1"":23}"
bn_binary_cinexdrama,1001,1.75,L0.20_U0.60,0.2,0.6,490,"{'0': 222, '1': 268}",761,"{'0': 516, '1': 245}",0,"{'0': 0, '1': 0}",[],0,4f53cda18c2baa0c0354bb5f9a3ecbe5ed12ab4d8e11ba873c2f11161202b945,False,"insufficient_eligible_synthetic:{""1"":23}"
bn_binary_cinexdrama,1001,1.75,L0.30_U0.60,0.3,0.6,490,"{'0': 222, '1': 268}",761,"{'0': 516, '1': 245}",0,"{'0': 0, '1': 0}",[],0,4f53cda18c2baa0c0354bb5f9a3ecbe5ed12ab4d8e11ba873c2f11161202b945,False,"insufficient_eligible_synthetic:{""1"":23}"
bn_binary_cinexdrama,1001,1.75,L0.40_U0.60,0.4,0.6,490,"{'0': 222, '1': 268}",750,"{'0': 512, '1': 238}",0,"{'0': 0, '1': 0}",[],0,4f53cda18c2baa0c0354bb5f9a3ecbe5ed12ab4d8e11ba873c2f11161202b945,False,"insufficient_eligible_synthetic:{""1"":30}"
bn_binary_cinexdrama,1001,2.0,L0.10_U0.60,0.1,0.6,560,"{'0': 254, '1': 306}",761,"{'0': 516, '1': 245}",0,"{'0': 0, '1': 0}",[],0,4f53cda18c2baa0c0354bb5f9a3ecbe5ed12ab4d8e11ba873c2f11161202b945,False,"insufficient_eligible_synthetic:{""1"":61}"
bn_binary_cinexdrama,1001,2.0,L0.20_U0.60,0.2,0.6,560,"{'0': 254, '1': 306}",761,"{'0': 516, '1': 245}",0,"{'0': 0, '1': 0}",[],0,4f53cda18c2baa0c0354bb5f9a3ecbe5ed12ab4d8e11ba873c2f11161202b945,False,"insufficient_eligible_synthetic:{""1"":61}"
bn_binary_cinexdrama,1001,2.0,L0.30_U0.60,0.3,0.6,560,"{'0': 254, '1': 306}",761,"{'0': 516, '1': 245}",0,"{'0': 0, '1': 0}",[],0,4f53cda18c2baa0c0354bb5f9a3ecbe5ed12ab4d8e11ba873c2f11161202b945,False,"insufficient_eligible_synthetic:{""1"":61}"
bn_binary_cinexdrama,1001,2.0,L0.40_U0.60,0.4,0.6,560,"{'0': 254, '1': 306}",750,"{'0': 512, '1': 238}",0,"{'0': 0, '1': 0}",[],0,4f53cda18c2baa0c0354bb5f9a3ecbe5ed12ab4d8e11ba873c2f11161202b945,False,"insufficient_eligible_synthetic:{""1"":68}"
bn_binary_cinexdrama,1001,2.5,L0.10_U0.60,0.1,0.6,700,"{'0': 318, '1': 382}",761,"{'0': 516, '1': 245}",0,"{'0': 0, '1': 0}",[],0,4f53cda18c2baa0c0354bb5f9a3ecbe5ed12ab4d8e11ba873c2f11161202b945,False,"insufficient_eligible_synthetic:{""1"":137}"
bn_binary_cinexdrama,1001,2.5,L0.20_U0.60,0.2,0.6,700,"{'0': 318, '1': 382}",761,"{'0': 516, '1': 245}",0,"{'0': 0, '1': 0}",[],0,4f53cda18c2baa0c0354bb5f9a3ecbe5ed12ab4d8e11ba873c2f11161202b945,False,"insufficient_eligible_synthetic:{""1"":137}"
bn_binary_cinexdrama,1001,2.5,L0.30_U0.60,0.3,0.6,700,"{'0': 318, '1': 382}",761,"{'0': 516, '1': 245}",0,"{'0': 0, '1': 0}",[],0,4f53cda18c2baa0c0354bb5f9a3ecbe5ed12ab4d8e11ba873c2f11161202b945,False,"insufficient_eligible_synthetic:{""1"":137}"
bn_binary_cinexdrama,1001,2.5,L0.40_U0.60,0.4,0.6,700,"{'0': 318, '1': 382}",750,"{'0': 512, '1': 238}",0,"{'0': 0, '1': 0}",[],0,4f53cda18c2baa0c0354bb5f9a3ecbe5ed12ab4d8e11ba873c2f11161202b945,False,"insufficient_eligible_synthetic:{""1"":144}"
bn_binary_cinexdrama,1001,3.0,L0.10_U0.60,0.1,0.6,840,"{'0': 381, '1': 459}",761,"{'0': 516, '1': 245}",0,"{'0': 0, '1': 0}",[],0,4f53cda18c2baa0c0354bb5f9a3ecbe5ed12ab4d8e11ba873c2f11161202b945,False,"insufficient_eligible_synthetic:{""1"":214}"
bn_binary_cinexdrama,1001,3.0,L0.20_U0.60,0.2,0.6,840,"{'0': 381, '1': 459}",761,"{'0': 516, '1': 245}",0,"{'0': 0, '1': 0}",[],0,4f53cda18c2baa0c0354bb5f9a3ecbe5ed12ab4d8e11ba873c2f11161202b945,False,"insufficient_eligible_synthetic:{""1"":214}"
bn_binary_cinexdrama,1001,3.0,L0.30_U0.60,0.3,0.6,840,"{'0': 381, '1': 459}",761,"{'0': 516, '1': 245}",0,"{'0': 0, '1': 0}",[],0,4f53cda18c2baa0c0354bb5f9a3ecbe5ed12ab4d8e11ba873c2f11161202b945,False,"insufficient_eligible_synthetic:{""1"":214}"
bn_binary_cinexdrama,1001,3.0,L0.40_U0.60,0.4,0.6,840,"{'0': 381, '1': 459}",750,"{'0': 512, '1': 238}",0,"{'0': 0, '1': 0}",[],0,4f53cda18c2baa0c0354bb5f9a3ecbe5ed12ab4d8e11ba873c2f11161202b945,False,"insufficient_eligible_synthetic:{""1"":221}"
bn_binary_cinexdrama,1001,3.5,L0.10_U0.60,0.1,0.6,980,"{'0': 445, '1': 535}",761,"{'0': 516, '1': 245}",0,"{'0': 0, '1': 0}",[],0,4f53cda18c2baa0c0354bb5f9a3ecbe5ed12ab4d8e11ba873c2f11161202b945,False,"insufficient_eligible_synthetic:{""1"":290}"
bn_binary_cinexdrama,1001,3.5,L0.20_U0.60,0.2,0.6,980,"{'0': 445, '1': 535}",761,"{'0': 516, '1': 245}",0,"{'0': 0, '1': 0}",[],0,4f53cda18c2baa0c0354bb5f9a3ecbe5ed12ab4d8e11ba873c2f11161202b945,False,"insufficient_eligible_synthetic:{""1"":290}"
bn_binary_cinexdrama,1001,3.5,L0.30_U0.60,0.3,0.6,980,"{'0': 445, '1': 535}",761,"{'0': 516, '1': 245}",0,"{'0': 0, '1': 0}",[],0,4f53cda18c2baa0c0354bb5f9a3ecbe5ed12ab4d8e11ba873c2f11161202b945,False,"insufficient_eligible_synthetic:{""1"":290}"
bn_binary_cinexdrama,1001,3.5,L0.40_U0.60,0.4,0.6,980,"{'0': 445, '1': 535}",750,"{'0': 512, '1': 238}",0,"{'0': 0, '1': 0}",[],0,4f53cda18c2baa0c0354bb5f9a3ecbe5ed12ab4d8e11ba873c2f11161202b945,False,"insufficient_eligible_synthetic:{""1"":297}"
bn_binary_cinexdrama,1001,4.0,L0.10_U0.60,0.1,0.6,1120,"{'0': 508, '1': 612}",761,"{'0': 516, '1': 245}",0,"{'0': 0, '1': 0}",[],0,4f53cda18c2baa0c0354bb5f9a3ecbe5ed12ab4d8e11ba873c2f11161202b945,False,"insufficient_eligible_synthetic:{""1"":367}"
bn_binary_cinexdrama,1001,4.0,L0.20_U0.60,0.2,0.6,1120,"{'0': 508, '1': 612}",761,"{'0': 516, '1': 245}",0,"{'0': 0, '1': 0}",[],0,4f53cda18c2baa0c0354bb5f9a3ecbe5ed12ab4d8e11ba873c2f11161202b945,False,"insufficient_eligible_synthetic:{""1"":367}"
bn_binary_cinexdrama,1001,4.0,L0.30_U0.60,0.3,0.6,1120,"{'0': 508, '1': 612}",761,"{'0': 516, '1': 245}",0,"{'0': 0, '1': 0}",[],0,4f53cda18c2baa0c0354bb5f9a3ecbe5ed12ab4d8e11ba873c2f11161202b945,False,"insufficient_eligible_synthetic:{""1"":367}"
bn_binary_cinexdrama,1001,4.0,L0.40_U0.60,0.4,0.6,1120,"{'0': 508, '1': 612}",750,"{'0': 512, '1': 238}",0,"{'0': 0, '1': 0}",[],0,4f53cda18c2baa0c0354bb5f9a3ecbe5ed12ab4d8e11ba873c2f11161202b945,False,"insufficient_eligible_synthetic:{""1"":374}"
bn_binary_cinexdrama,1002,1.75,L0.40_U0.60,0.4,0.6,490,"{'0': 222, '1': 268}",768,"{'0': 506, '1': 262}",0,"{'0': 0, '1': 0}",[],0,4f53cda18c2baa0c0354bb5f9a3ecbe5ed12ab4d8e11ba873c2f11161202b945,False,"insufficient_eligible_synthetic:{""1"":6}"
bn_binary_cinexdrama,1002,2.0,L0.10_U0.60,0.1,0.6,560,"{'0': 254, '1': 306}",812,"{'0': 526, '1': 286}",0,"{'0': 0, '1': 0}",[],0,4f53cda18c2baa0c0354bb5f9a3ecbe5ed12ab4d8e11ba873c2f11161202b945,False,"insufficient_eligible_synthetic:{""1"":20}"
bn_binary_cinexdrama,1002,2.0,L0.20_U0.60,0.2,0.6,560,"{'0': 254, '1': 306}",812,"{'0': 526, '1': 286}",0,"{'0': 0, '1': 0}",[],0,4f53cda18c2baa0c0354bb5f9a3ecbe5ed12ab4d8e11ba873c2f11161202b945,False,"insufficient_eligible_synthetic:{""1"":20}"
bn_binary_cinexdrama,1002,2.0,L0.30_U0.60,0.3,0.6,560,"{'0': 254, '1': 306}",811,"{'0': 525, '1': 286}",0,"{'0': 0, '1': 0}",[],0,4f53cda18c2baa0c0354bb5f9a3ecbe5ed12ab4d8e11ba873c2f11161202b945,False,"insufficient_eligible_synthetic:{""1"":20}"
bn_binary_cinexdrama,1002,2.0,L0.40_U0.60,0.4,0.6,560,"{'0': 254, '1': 306}",768,"{'0': 506, '1': 262}",0,"{'0': 0, '1': 0}",[],0,4f53cda18c2baa0c0354bb5f9a3ecbe5ed12ab4d8e11ba873c2f11161202b945,False,"insufficient_eligible_synthetic:{""1"":44}"
bn_binary_cinexdrama,1002,2.5,L0.10_U0.60,0.1,0.6,700,"{'0': 318, '1': 382}",812,"{'0': 526, '1': 286}",0,"{'0': 0, '1': 0}",[],0,4f53cda18c2baa0c0354bb5f9a3ecbe5ed12ab4d8e11ba873c2f11161202b945,False,"insufficient_eligible_synthetic:{""1"":96}"
bn_binary_cinexdrama,1002,2.5,L0.20_U0.60,0.2,0.6,700,"{'0': 318, '1': 382}",812,"{'0': 526, '1': 286}",0,"{'0': 0, '1': 0}",[],0,4f53cda18c2baa0c0354bb5f9a3ecbe5ed12ab4d8e11ba873c2f11161202b945,False,"insufficient_eligible_synthetic:{""1"":96}"
bn_binary_cinexdrama,1002,2.5,L0.30_U0.60,0.3,0.6,700,"{'0': 318, '1': 382}",811,"{'0': 525, '1': 286}",0,"{'0': 0, '1': 0}",[],0,4f53cda18c2baa0c0354bb5f9a3ecbe5ed12ab4d8e11ba873c2f11161202b945,False,"insufficient_eligible_synthetic:{""1"":96}"
bn_binary_cinexdrama,1002,2.5,L0.40_U0.60,0.4,0.6,700,"{'0': 318, '1': 382}",768,"{'0': 506, '1': 262}",0,"{'0': 0, '1': 0}",[],0,4f53cda18c2baa0c0354bb5f9a3ecbe5ed12ab4d8e11ba873c2f11161202b945,False,"insufficient_eligible_synthetic:{""1"":120}"
bn_binary_cinexdrama,1002,3.0,L0.10_U0.60,0.1,0.6,840,"{'0': 381, '1': 459}",812,"{'0': 526, '1': 286}",0,"{'0': 0, '1': 0}",[],0,4f53cda18c2baa0c0354bb5f9a3ecbe5ed12ab4d8e11ba873c2f11161202b945,False,"insufficient_eligible_synthetic:{""1"":173}"
bn_binary_cinexdrama,1002,3.0,L0.20_U0.60,0.2,0.6,840,"{'0': 381, '1': 459}",812,"{'0': 526, '1': 286}",0,"{'0': 0, '1': 0}",[],0,4f53cda18c2baa0c0354bb5f9a3ecbe5ed12ab4d8e11ba873c2f11161202b945,False,"insufficient_eligible_synthetic:{""1"":173}"
bn_binary_cinexdrama,1002,3.0,L0.30_U0.60,0.3,0.6,840,"{'0': 381, '1': 459}",811,"{'0': 525, '1': 286}",0,"{'0': 0, '1': 0}",[],0,4f53cda18c2baa0c0354bb5f9a3ecbe5ed12ab4d8e11ba873c2f11161202b945,False,"insufficient_eligible_synthetic:{""1"":173}"
bn_binary_cinexdrama,1002,3.0,L0.40_U0.60,0.4,0.6,840,"{'0': 381, '1': 459}",768,"{'0': 506, '1': 262}",0,"{'0': 0, '1': 0}",[],0,4f53cda18c2baa0c0354bb5f9a3ecbe5ed12ab4d8e11ba873c2f11161202b945,False,"insufficient_eligible_synthetic:{""1"":197}"
bn_binary_cinexdrama,1002,3.5,L0.10_U0.60,0.1,0.6,980,"{'0': 445, '1': 535}",812,"{'0': 526, '1': 286}",0,"{'0': 0, '1': 0}",[],0,4f53cda18c2baa0c0354bb5f9a3ecbe5ed12ab4d8e11ba873c2f11161202b945,False,"insufficient_eligible_synthetic:{""1"":249}"
bn_binary_cinexdrama,1002,3.5,L0.20_U0.60,0.2,0.6,980,"{'0': 445, '1': 535}",812,"{'0': 526, '1': 286}",0,"{'0': 0, '1': 0}",[],0,4f53cda18c2baa0c0354bb5f9a3ecbe5ed12ab4d8e11ba873c2f11161202b945,False,"insufficient_eligible_synthetic:{""1"":249}"
bn_binary_cinexdrama,1002,3.5,L0.30_U0.60,0.3,0.6,980,"{'0': 445, '1': 535}",811,"{'0': 525, '1': 286}",0,"{'0': 0, '1': 0}",[],0,4f53cda18c2baa0c0354bb5f9a3ecbe5ed12ab4d8e11ba873c2f11161202b945,False,"insufficient_eligible_synthetic:{""1"":249}"
bn_binary_cinexdrama,1002,3.5,L0.40_U0.60,0.4,0.6,980,"{'0': 445, '1': 535}",768,"{'0': 506, '1': 262}",0,"{'0': 0, '1': 0}",[],0,4f53cda18c2baa0c0354bb5f9a3ecbe5ed12ab4d8e11ba873c2f11161202b945,False,"insufficient_eligible_synthetic:{""1"":273}"
bn_binary_cinexdrama,1002,4.0,L0.10_U0.60,0.1,0.6,1120,"{'0': 508, '1': 612}",812,"{'0': 526, '1': 286}",0,"{'0': 0, '1': 0}",[],0,4f53cda18c2baa0c0354bb5f9a3ecbe5ed12ab4d8e11ba873c2f11161202b945,False,"insufficient_eligible_synthetic:{""1"":326}"
bn_binary_cinexdrama,1002,4.0,L0.20_U0.60,0.2,0.6,1120,"{'0': 508, '1': 612}",812,"{'0': 526, '1': 286}",0,"{'0': 0, '1': 0}",[],0,4f53cda18c2baa0c0354bb5f9a3ecbe5ed12ab4d8e11ba873c2f11161202b945,False,"insufficient_eligible_synthetic:{""1"":326}"
bn_binary_cinexdrama,1002,4.0,L0.30_U0.60,0.3,0.6,1120,"{'0': 508, '1': 612}",811,"{'0': 525, '1': 286}",0,"{'0': 0, '1': 0}",[],0,4f53cda18c2baa0c0354bb5f9a3ecbe5ed12ab4d8e11ba873c2f11161202b945,False,"insufficient_eligible_synthetic:{""1"":326}"
bn_binary_cinexdrama,1002,4.0,L0.40_U0.60,0.4,0.6,1120,"{'0': 508, '1': 612}",768,"{'0': 506, '1': 262}",0,"{'0': 0, '1': 0}",[],0,4f53cda18c2baa0c0354bb5f9a3ecbe5ed12ab4d8e11ba873c2f11161202b945,False,"insufficient_eligible_synthetic:{""0"":2,""1"":350}"
bn_binary_cinexdrama,1003,1.75,L0.10_U0.60,0.1,0.6,490,"{'0': 222, '1': 268}",933,"{'0': 689, '1': 244}",0,"{'0': 0, '1': 0}",[],0,4f53cda18c2baa0c0354bb5f9a3ecbe5ed12ab4d8e11ba873c2f11161202b945,False,"insufficient_eligible_synthetic:{""1"":24}"
bn_binary_cinexdrama,1003,1.75,L0.20_U0.60,0.2,0.6,490,"{'0': 222, '1': 268}",933,"{'0': 689, '1': 244}",0,"{'0': 0, '1': 0}",[],0,4f53cda18c2baa0c0354bb5f9a3ecbe5ed12ab4d8e11ba873c2f11161202b945,False,"insufficient_eligible_synthetic:{""1"":24}"
bn_binary_cinexdrama,1003,1.75,L0.30_U0.60,0.3,0.6,490,"{'0': 222, '1': 268}",933,"{'0': 689, '1': 244}",0,"{'0': 0, '1': 0}",[],0,4f53cda18c2baa0c0354bb5f9a3ecbe5ed12ab4d8e11ba873c2f11161202b945,False,"insufficient_eligible_synthetic:{""1"":24}"
bn_binary_cinexdrama,1003,1.75,L0.40_U0.60,0.4,0.6,490,"{'0': 222, '1': 268}",880,"{'0': 650, '1': 230}",0,"{'0': 0, '1': 0}",[],0,4f53cda18c2baa0c0354bb5f9a3ecbe5ed12ab4d8e11ba873c2f11161202b945,False,"insufficient_eligible_synthetic:{""1"":38}"
bn_binary_cinexdrama,1003,2.0,L0.10_U0.60,0.1,0.6,560,"{'0': 254, '1': 306}",933,"{'0': 689, '1': 244}",0,"{'0': 0, '1': 0}",[],0,4f53cda18c2baa0c0354bb5f9a3ecbe5ed12ab4d8e11ba873c2f11161202b945,False,"insufficient_eligible_synthetic:{""1"":62}"
bn_binary_cinexdrama,1003,2.0,L0.20_U0.60,0.2,0.6,560,"{'0': 254, '1': 306}",933,"{'0': 689, '1': 244}",0,"{'0': 0, '1': 0}",[],0,4f53cda18c2baa0c0354bb5f9a3ecbe5ed12ab4d8e11ba873c2f11161202b945,False,"insufficient_eligible_synthetic:{""1"":62}"
bn_binary_cinexdrama,1003,2.0,L0.30_U0.60,0.3,0.6,560,"{'0': 254, '1': 306}",933,"{'0': 689, '1': 244}",0,"{'0': 0, '1': 0}",[],0,4f53cda18c2baa0c0354bb5f9a3ecbe5ed12ab4d8e11ba873c2f11161202b945,False,"insufficient_eligible_synthetic:{""1"":62}"
bn_binary_cinexdrama,1003,2.0,L0.40_U0.60,0.4,0.6,560,"{'0': 254, '1': 306}",880,"{'0': 650, '1': 230}",0,"{'0': 0, '1': 0}",[],0,4f53cda18c2baa0c0354bb5f9a3ecbe5ed12ab4d8e11ba873c2f11161202b945,False,"insufficient_eligible_synthetic:{""1"":76}"
bn_binary_cinexdrama,1003,2.5,L0.10_U0.60,0.1,0.6,700,"{'0': 318, '1': 382}",933,"{'0': 689, '1': 244}",0,"{'0': 0, '1': 0}",[],0,4f53cda18c2baa0c0354bb5f9a3ecbe5ed12ab4d8e11ba873c2f11161202b945,False,"insufficient_eligible_synthetic:{""1"":138}"
bn_binary_cinexdrama,1003,2.5,L0.20_U0.60,0.2,0.6,700,"{'0': 318, '1': 382}",933,"{'0': 689, '1': 244}",0,"{'0': 0, '1': 0}",[],0,4f53cda18c2baa0c0354bb5f9a3ecbe5ed12ab4d8e11ba873c2f11161202b945,False,"insufficient_eligible_synthetic:{""1"":138}"
bn_binary_cinexdrama,1003,2.5,L0.30_U0.60,0.3,0.6,700,"{'0': 318, '1': 382}",933,"{'0': 689, '1': 244}",0,"{'0': 0, '1': 0}",[],0,4f53cda18c2baa0c0354bb5f9a3ecbe5ed12ab4d8e11ba873c2f11161202b945,False,"insufficient_eligible_synthetic:{""1"":138}"
bn_binary_cinexdrama,1003,2.5,L0.40_U0.60,0.4,0.6,700,"{'0': 318, '1': 382}",880,"{'0': 650, '1': 230}",0,"{'0': 0, '1': 0}",[],0,4f53cda18c2baa0c0354bb5f9a3ecbe5ed12ab4d8e11ba873c2f11161202b945,False,"insufficient_eligible_synthetic:{""1"":152}"
bn_binary_cinexdrama,1003,3.0,L0.10_U0.60,0.1,0.6,840,"{'0': 381, '1': 459}",933,"{'0': 689, '1': 244}",0,"{'0': 0, '1': 0}",[],0,4f53cda18c2baa0c0354bb5f9a3ecbe5ed12ab4d8e11ba873c2f11161202b945,False,"insufficient_eligible_synthetic:{""1"":215}"
bn_binary_cinexdrama,1003,3.0,L0.20_U0.60,0.2,0.6,840,"{'0': 381, '1': 459}",933,"{'0': 689, '1': 244}",0,"{'0': 0, '1': 0}",[],0,4f53cda18c2baa0c0354bb5f9a3ecbe5ed12ab4d8e11ba873c2f11161202b945,False,"insufficient_eligible_synthetic:{""1"":215}"
bn_binary_cinexdrama,1003,3.0,L0.30_U0.60,0.3,0.6,840,"{'0': 381, '1': 459}",933,"{'0': 689, '1': 244}",0,"{'0': 0, '1': 0}",[],0,4f53cda18c2baa0c0354bb5f9a3ecbe5ed12ab4d8e11ba873c2f11161202b945,False,"insufficient_eligible_synthetic:{""1"":215}"
bn_binary_cinexdrama,1003,3.0,L0.40_U0.60,0.4,0.6,840,"{'0': 381, '1': 459}",880,"{'0': 650, '1': 230}",0,"{'0': 0, '1': 0}",[],0,4f53cda18c2baa0c0354bb5f9a3ecbe5ed12ab4d8e11ba873c2f11161202b945,False,"insufficient_eligible_synthetic:{""1"":229}"
bn_binary_cinexdrama,1003,3.5,L0.10_U0.60,0.1,0.6,980,"{'0': 445, '1': 535}",933,"{'0': 689, '1': 244}",0,"{'0': 0, '1': 0}",[],0,4f53cda18c2baa0c0354bb5f9a3ecbe5ed12ab4d8e11ba873c2f11161202b945,False,"insufficient_eligible_synthetic:{""1"":291}"
bn_binary_cinexdrama,1003,3.5,L0.20_U0.60,0.2,0.6,980,"{'0': 445, '1': 535}",933,"{'0': 689, '1': 244}",0,"{'0': 0, '1': 0}",[],0,4f53cda18c2baa0c0354bb5f9a3ecbe5ed12ab4d8e11ba873c2f11161202b945,False,"insufficient_eligible_synthetic:{""1"":291}"
bn_binary_cinexdrama,1003,3.5,L0.30_U0.60,0.3,0.6,980,"{'0': 445, '1': 535}",933,"{'0': 689, '1': 244}",0,"{'0': 0, '1': 0}",[],0,4f53cda18c2baa0c0354bb5f9a3ecbe5ed12ab4d8e11ba873c2f11161202b945,False,"insufficient_eligible_synthetic:{""1"":291}"
bn_binary_cinexdrama,1003,3.5,L0.40_U0.60,0.4,0.6,980,"{'0': 445, '1': 535}",880,"{'0': 650, '1': 230}",0,"{'0': 0, '1': 0}",[],0,4f53cda18c2baa0c0354bb5f9a3ecbe5ed12ab4d8e11ba873c2f11161202b945,False,"insufficient_eligible_synthetic:{""1"":305}"
bn_binary_cinexdrama,1003,4.0,L0.10_U0.60,0.1,0.6,1120,"{'0': 508, '1': 612}",933,"{'0': 689, '1': 244}",0,"{'0': 0, '1': 0}",[],0,4f53cda18c2baa0c0354bb5f9a3ecbe5ed12ab4d8e11ba873c2f11161202b945,False,"insufficient_eligible_synthetic:{""1"":368}"
bn_binary_cinexdrama,1003,4.0,L0.20_U0.60,0.2,0.6,1120,"{'0': 508, '1': 612}",933,"{'0': 689, '1': 244}",0,"{'0': 0, '1': 0}",[],0,4f53cda18c2baa0c0354bb5f9a3ecbe5ed12ab4d8e11ba873c2f11161202b945,False,"insufficient_eligible_synthetic:{""1"":368}"
bn_binary_cinexdrama,1003,4.0,L0.30_U0.60,0.3,0.6,1120,"{'0': 508, '1': 612}",933,"{'0': 689, '1': 244}",0,"{'0': 0, '1': 0}",[],0,4f53cda18c2baa0c0354bb5f9a3ecbe5ed12ab4d8e11ba873c2f11161202b945,False,"insufficient_eligible_synthetic:{""1"":368}"
bn_binary_cinexdrama,1003,4.0,L0.40_U0.60,0.4,0.6,1120,"{'0': 508, '1': 612}",880,"{'0': 650, '1': 230}",0,"{'0': 0, '1': 0}",[],0,4f53cda18c2baa0c0354bb5f9a3ecbe5ed12ab4d8e11ba873c2f11161202b945,False,"insufficient_eligible_synthetic:{""1"":382}"
bn_binary_cinexdrama,1004,1.25,L0.40_U0.60,0.4,0.6,350,"{'0': 159, '1': 191}",736,"{'0': 557, '1': 179}",0,"{'0': 0, '1': 0}",[],0,4f53cda18c2baa0c0354bb5f9a3ecbe5ed12ab4d8e11ba873c2f11161202b945,False,"insufficient_eligible_synthetic:{""1"":12}"
bn_binary_cinexdrama,1004,1.5,L0.10_U0.60,0.1,0.6,420,"{'0': 191, '1': 229}",809,"{'0': 606, '1': 203}",0,"{'0': 0, '1': 0}",[],0,4f53cda18c2baa0c0354bb5f9a3ecbe5ed12ab4d8e11ba873c2f11161202b945,False,"insufficient_eligible_synthetic:{""1"":26}"
bn_binary_cinexdrama,1004,1.5,L0.20_U0.60,0.2,0.6,420,"{'0': 191, '1': 229}",809,"{'0': 606, '1': 203}",0,"{'0': 0, '1': 0}",[],0,4f53cda18c2baa0c0354bb5f9a3ecbe5ed12ab4d8e11ba873c2f11161202b945,False,"insufficient_eligible_synthetic:{""1"":26}"
bn_binary_cinexdrama,1004,1.5,L0.30_U0.60,0.3,0.6,420,"{'0': 191, '1': 229}",804,"{'0': 601, '1': 203}",0,"{'0': 0, '1': 0}",[],0,4f53cda18c2baa0c0354bb5f9a3ecbe5ed12ab4d8e11ba873c2f11161202b945,False,"insufficient_eligible_synthetic:{""1"":26}"
bn_binary_cinexdrama,1004,1.5,L0.40_U0.60,0.4,0.6,420,"{'0': 191, '1': 229}",736,"{'0': 557, '1': 179}",0,"{'0': 0, '1': 0}",[],0,4f53cda18c2baa0c0354bb5f9a3ecbe5ed12ab4d8e11ba873c2f11161202b945,False,"insufficient_eligible_synthetic:{""1"":50}"
bn_binary_cinexdrama,1004,1.75,L0.10_U0.60,0.1,0.6,490,"{'0': 222, '1': 268}",809,"{'0': 606, '1': 203}",0,"{'0': 0, '1': 0}",[],0,4f53cda18c2baa0c0354bb5f9a3ecbe5ed12ab4d8e11ba873c2f11161202b945,False,"insufficient_eligible_synthetic:{""1"":65}"
bn_binary_cinexdrama,1004,1.75,L0.20_U0.60,0.2,0.6,490,"{'0': 222, '1': 268}",809,"{'0': 606, '1': 203}",0,"{'0': 0, '1': 0}",[],0,4f53cda18c2baa0c0354bb5f9a3ecbe5ed12ab4d8e11ba873c2f11161202b945,False,"insufficient_eligible_synthetic:{""1"":65}"
bn_binary_cinexdrama,1004,1.75,L0.30_U0.60,0.3,0.6,490,"{'0': 222, '1': 268}",804,"{'0': 601, '1': 203}",0,"{'0': 0, '1': 0}",[],0,4f53cda18c2baa0c0354bb5f9a3ecbe5ed12ab4d8e11ba873c2f11161202b945,False,"insufficient_eligible_synthetic:{""1"":65}"
bn_binary_cinexdrama,1004,1.75,L0.40_U0.60,0.4,0.6,490,"{'0': 222, '1': 268}",736,"{'0': 557, '1': 179}",0,"{'0': 0, '1': 0}",[],0,4f53cda18c2baa0c0354bb5f9a3ecbe5ed12ab4d8e11ba873c2f11161202b945,False,"insufficient_eligible_synthetic:{""1"":89}"
bn_binary_cinexdrama,1004,2.0,L0.10_U0.60,0.1,0.6,560,"{'0': 254, '1': 306}",809,"{'0': 606, '1': 203}",0,"{'0': 0, '1': 0}",[],0,4f53cda18c2baa0c0354bb5f9a3ecbe5ed12ab4d8e11ba873c2f11161202b945,False,"insufficient_eligible_synthetic:{""1"":103}"
bn_binary_cinexdrama,1004,2.0,L0.20_U0.60,0.2,0.6,560,"{'0': 254, '1': 306}",809,"{'0': 606, '1': 203}",0,"{'0': 0, '1': 0}",[],0,4f53cda18c2baa0c0354bb5f9a3ecbe5ed12ab4d8e11ba873c2f11161202b945,False,"insufficient_eligible_synthetic:{""1"":103}"
bn_binary_cinexdrama,1004,2.0,L0.30_U0.60,0.3,0.6,560,"{'0': 254, '1': 306}",804,"{'0': 601, '1': 203}",0,"{'0': 0, '1': 0}",[],0,4f53cda18c2baa0c0354bb5f9a3ecbe5ed12ab4d8e11ba873c2f11161202b945,False,"insufficient_eligible_synthetic:{""1"":103}"
bn_binary_cinexdrama,1004,2.0,L0.40_U0.60,0.4,0.6,560,"{'0': 254, '1': 306}",736,"{'0': 557, '1': 179}",0,"{'0': 0, '1': 0}",[],0,4f53cda18c2baa0c0354bb5f9a3ecbe5ed12ab4d8e11ba873c2f11161202b945,False,"insufficient_eligible_synthetic:{""1"":127}"
bn_binary_cinexdrama,1004,2.5,L0.10_U0.60,0.1,0.6,700,"{'0': 318, '1': 382}",809,"{'0': 606, '1': 203}",0,"{'0': 0, '1': 0}",[],0,4f53cda18c2baa0c0354bb5f9a3ecbe5ed12ab4d8e11ba873c2f11161202b945,False,"insufficient_eligible_synthetic:{""1"":179}"
bn_binary_cinexdrama,1004,2.5,L0.20_U0.60,0.2,0.6,700,"{'0': 318, '1': 382}",809,"{'0': 606, '1': 203}",0,"{'0': 0, '1': 0}",[],0,4f53cda18c2baa0c0354bb5f9a3ecbe5ed12ab4d8e11ba873c2f11161202b945,False,"insufficient_eligible_synthetic:{""1"":179}"
bn_binary_cinexdrama,1004,2.5,L0.30_U0.60,0.3,0.6,700,"{'0': 318, '1': 382}",804,"{'0': 601, '1': 203}",0,"{'0': 0, '1': 0}",[],0,4f53cda18c2baa0c0354bb5f9a3ecbe5ed12ab4d8e11ba873c2f11161202b945,False,"insufficient_eligible_synthetic:{""1"":179}"
bn_binary_cinexdrama,1004,2.5,L0.40_U0.60,0.4,0.6,700,"{'0': 318, '1': 382}",736,"{'0': 557, '1': 179}",0,"{'0': 0, '1': 0}",[],0,4f53cda18c2baa0c0354bb5f9a3ecbe5ed12ab4d8e11ba873c2f11161202b945,False,"insufficient_eligible_synthetic:{""1"":203}"
bn_binary_cinexdrama,1004,3.0,L0.10_U0.60,0.1,0.6,840,"{'0': 381, '1': 459}",809,"{'0': 606, '1': 203}",0,"{'0': 0, '1': 0}",[],0,4f53cda18c2baa0c0354bb5f9a3ecbe5ed12ab4d8e11ba873c2f11161202b945,False,"insufficient_eligible_synthetic:{""1"":256}"
bn_binary_cinexdrama,1004,3.0,L0.20_U0.60,0.2,0.6,840,"{'0': 381, '1': 459}",809,"{'0': 606, '1': 203}",0,"{'0': 0, '1': 0}",[],0,4f53cda18c2baa0c0354bb5f9a3ecbe5ed12ab4d8e11ba873c2f11161202b945,False,"insufficient_eligible_synthetic:{""1"":256}"
bn_binary_cinexdrama,1004,3.0,L0.30_U0.60,0.3,0.6,840,"{'0': 381, '1': 459}",804,"{'0': 601, '1': 203}",0,"{'0': 0, '1': 0}",[],0,4f53cda18c2baa0c0354bb5f9a3ecbe5ed12ab4d8e11ba873c2f11161202b945,False,"insufficient_eligible_synthetic:{""1"":256}"
bn_binary_cinexdrama,1004,3.0,L0.40_U0.60,0.4,0.6,840,"{'0': 381, '1': 459}",736,"{'0': 557, '1': 179}",0,"{'0': 0, '1': 0}",[],0,4f53cda18c2baa0c0354bb5f9a3ecbe5ed12ab4d8e11ba873c2f11161202b945,False,"insufficient_eligible_synthetic:{""1"":280}"
bn_binary_cinexdrama,1004,3.5,L0.10_U0.60,0.1,0.6,980,"{'0': 445, '1': 535}",809,"{'0': 606, '1': 203}",0,"{'0': 0, '1': 0}",[],0,4f53cda18c2baa0c0354bb5f9a3ecbe5ed12ab4d8e11ba873c2f11161202b945,False,"insufficient_eligible_synthetic:{""1"":332}"
bn_binary_cinexdrama,1004,3.5,L0.20_U0.60,0.2,0.6,980,"{'0': 445, '1': 535}",809,"{'0': 606, '1': 203}",0,"{'0': 0, '1': 0}",[],0,4f53cda18c2baa0c0354bb5f9a3ecbe5ed12ab4d8e11ba873c2f11161202b945,False,"insufficient_eligible_synthetic:{""1"":332}"
bn_binary_cinexdrama,1004,3.5,L0.30_U0.60,0.3,0.6,980,"{'0': 445, '1': 535}",804,"{'0': 601, '1': 203}",0,"{'0': 0, '1': 0}",[],0,4f53cda18c2baa0c0354bb5f9a3ecbe5ed12ab4d8e11ba873c2f11161202b945,False,"insufficient_eligible_synthetic:{""1"":332}"
bn_binary_cinexdrama,1004,3.5,L0.40_U0.60,0.4,0.6,980,"{'0': 445, '1': 535}",736,"{'0': 557, '1': 179}",0,"{'0': 0, '1': 0}",[],0,4f53cda18c2baa0c0354bb5f9a3ecbe5ed12ab4d8e11ba873c2f11161202b945,False,"insufficient_eligible_synthetic:{""1"":356}"
bn_binary_cinexdrama,1004,4.0,L0.10_U0.60,0.1,0.6,1120,"{'0': 508, '1': 612}",809,"{'0': 606, '1': 203}",0,"{'0': 0, '1': 0}",[],0,4f53cda18c2baa0c0354bb5f9a3ecbe5ed12ab4d8e11ba873c2f11161202b945,False,"insufficient_eligible_synthetic:{""1"":409}"
bn_binary_cinexdrama,1004,4.0,L0.20_U0.60,0.2,0.6,1120,"{'0': 508, '1': 612}",809,"{'0': 606, '1': 203}",0,"{'0': 0, '1': 0}",[],0,4f53cda18c2baa0c0354bb5f9a3ecbe5ed12ab4d8e11ba873c2f11161202b945,False,"insufficient_eligible_synthetic:{""1"":409}"
bn_binary_cinexdrama,1004,4.0,L0.30_U0.60,0.3,0.6,1120,"{'0': 508, '1': 612}",804,"{'0': 601, '1': 203}",0,"{'0': 0, '1': 0}",[],0,4f53cda18c2baa0c0354bb5f9a3ecbe5ed12ab4d8e11ba873c2f11161202b945,False,"insufficient_eligible_synthetic:{""1"":409}"
bn_binary_cinexdrama,1004,4.0,L0.40_U0.60,0.4,0.6,1120,"{'0': 508, '1': 612}",736,"{'0': 557, '1': 179}",0,"{'0': 0, '1': 0}",[],0,4f53cda18c2baa0c0354bb5f9a3ecbe5ed12ab4d8e11ba873c2f11161202b945,False,"insufficient_eligible_synthetic:{""1"":433}"
bn_binary_cinexdrama,1005,1.75,L0.10_U0.60,0.1,0.6,490,"{'0': 222, '1': 268}",783,"{'0': 529, '1': 254}",0,"{'0': 0, '1': 0}",[],0,4f53cda18c2baa0c0354bb5f9a3ecbe5ed12ab4d8e11ba873c2f11161202b945,False,"insufficient_eligible_synthetic:{""1"":14}"
bn_binary_cinexdrama,1005,1.75,L0.20_U0.60,0.2,0.6,490,"{'0': 222, '1': 268}",783,"{'0': 529, '1': 254}",0,"{'0': 0, '1': 0}",[],0,4f53cda18c2baa0c0354bb5f9a3ecbe5ed12ab4d8e11ba873c2f11161202b945,False,"insufficient_eligible_synthetic:{""1"":14}"
bn_binary_cinexdrama,1005,1.75,L0.30_U0.60,0.3,0.6,490,"{'0': 222, '1': 268}",783,"{'0': 529, '1': 254}",0,"{'0': 0, '1': 0}",[],0,4f53cda18c2baa0c0354bb5f9a3ecbe5ed12ab4d8e11ba873c2f11161202b945,False,"insufficient_eligible_synthetic:{""1"":14}"
bn_binary_cinexdrama,1005,1.75,L0.40_U0.60,0.4,0.6,490,"{'0': 222, '1': 268}",755,"{'0': 515, '1': 240}",0,"{'0': 0, '1': 0}",[],0,4f53cda18c2baa0c0354bb5f9a3ecbe5ed12ab4d8e11ba873c2f11161202b945,False,"insufficient_eligible_synthetic:{""1"":28}"
bn_binary_cinexdrama,1005,2.0,L0.10_U0.60,0.1,0.6,560,"{'0': 254, '1': 306}",783,"{'0': 529, '1': 254}",0,"{'0': 0, '1': 0}",[],0,4f53cda18c2baa0c0354bb5f9a3ecbe5ed12ab4d8e11ba873c2f11161202b945,False,"insufficient_eligible_synthetic:{""1"":52}"
bn_binary_cinexdrama,1005,2.0,L0.20_U0.60,0.2,0.6,560,"{'0': 254, '1': 306}",783,"{'0': 529, '1': 254}",0,"{'0': 0, '1': 0}",[],0,4f53cda18c2baa0c0354bb5f9a3ecbe5ed12ab4d8e11ba873c2f11161202b945,False,"insufficient_eligible_synthetic:{""1"":52}"
bn_binary_cinexdrama,1005,2.0,L0.30_U0.60,0.3,0.6,560,"{'0': 254, '1': 306}",783,"{'0': 529, '1': 254}",0,"{'0': 0, '1': 0}",[],0,4f53cda18c2baa0c0354bb5f9a3ecbe5ed12ab4d8e11ba873c2f11161202b945,False,"insufficient_eligible_synthetic:{""1"":52}"
bn_binary_cinexdrama,1005,2.0,L0.40_U0.60,0.4,0.6,560,"{'0': 254, '1': 306}",755,"{'0': 515, '1': 240}",0,"{'0': 0, '1': 0}",[],0,4f53cda18c2baa0c0354bb5f9a3ecbe5ed12ab4d8e11ba873c2f11161202b945,False,"insufficient_eligible_synthetic:{""1"":66}"
bn_binary_cinexdrama,1005,2.5,L0.10_U0.60,0.1,0.6,700,"{'0': 318, '1': 382}",783,"{'0': 529, '1': 254}",0,"{'0': 0, '1': 0}",[],0,4f53cda18c2baa0c0354bb5f9a3ecbe5ed12ab4d8e11ba873c2f11161202b945,False,"insufficient_eligible_synthetic:{""1"":128}"
bn_binary_cinexdrama,1005,2.5,L0.20_U0.60,0.2,0.6,700,"{'0': 318, '1': 382}",783,"{'0': 529, '1': 254}",0,"{'0': 0, '1': 0}",[],0,4f53cda18c2baa0c0354bb5f9a3ecbe5ed12ab4d8e11ba873c2f11161202b945,False,"insufficient_eligible_synthetic:{""1"":128}"
bn_binary_cinexdrama,1005,2.5,L0.30_U0.60,0.3,0.6,700,"{'0': 318, '1': 382}",783,"{'0': 529, '1': 254}",0,"{'0': 0, '1': 0}",[],0,4f53cda18c2baa0c0354bb5f9a3ecbe5ed12ab4d8e11ba873c2f11161202b945,False,"insufficient_eligible_synthetic:{""1"":128}"
bn_binary_cinexdrama,1005,2.5,L0.40_U0.60,0.4,0.6,700,"{'0': 318, '1': 382}",755,"{'0': 515, '1': 240}",0,"{'0': 0, '1': 0}",[],0,4f53cda18c2baa0c0354bb5f9a3ecbe5ed12ab4d8e11ba873c2f11161202b945,False,"insufficient_eligible_synthetic:{""1"":142}"
bn_binary_cinexdrama,1005,3.0,L0.10_U0.60,0.1,0.6,840,"{'0': 381, '1': 459}",783,"{'0': 529, '1': 254}",0,"{'0': 0, '1': 0}",[],0,4f53cda18c2baa0c0354bb5f9a3ecbe5ed12ab4d8e11ba873c2f11161202b945,False,"insufficient_eligible_synthetic:{""1"":205}"
bn_binary_cinexdrama,1005,3.0,L0.20_U0.60,0.2,0.6,840,"{'0': 381, '1': 459}",783,"{'0': 529, '1': 254}",0,"{'0': 0, '1': 0}",[],0,4f53cda18c2baa0c0354bb5f9a3ecbe5ed12ab4d8e11ba873c2f11161202b945,False,"insufficient_eligible_synthetic:{""1"":205}"
bn_binary_cinexdrama,1005,3.0,L0.30_U0.60,0.3,0.6,840,"{'0': 381, '1': 459}",783,"{'0': 529, '1': 254}",0,"{'0': 0, '1': 0}",[],0,4f53cda18c2baa0c0354bb5f9a3ecbe5ed12ab4d8e11ba873c2f11161202b945,False,"insufficient_eligible_synthetic:{""1"":205}"
bn_binary_cinexdrama,1005,3.0,L0.40_U0.60,0.4,0.6,840,"{'0': 381, '1': 459}",755,"{'0': 515, '1': 240}",0,"{'0': 0, '1': 0}",[],0,4f53cda18c2baa0c0354bb5f9a3ecbe5ed12ab4d8e11ba873c2f11161202b945,False,"insufficient_eligible_synthetic:{""1"":219}"
bn_binary_cinexdrama,1005,3.5,L0.10_U0.60,0.1,0.6,980,"{'0': 445, '1': 535}",783,"{'0': 529, '1': 254}",0,"{'0': 0, '1': 0}",[],0,4f53cda18c2baa0c0354bb5f9a3ecbe5ed12ab4d8e11ba873c2f11161202b945,False,"insufficient_eligible_synthetic:{""1"":281}"
bn_binary_cinexdrama,1005,3.5,L0.20_U0.60,0.2,0.6,980,"{'0': 445, '1': 535}",783,"{'0': 529, '1': 254}",0,"{'0': 0, '1': 0}",[],0,4f53cda18c2baa0c0354bb5f9a3ecbe5ed12ab4d8e11ba873c2f11161202b945,False,"insufficient_eligible_synthetic:{""1"":281}"
bn_binary_cinexdrama,1005,3.5,L0.30_U0.60,0.3,0.6,980,"{'0': 445, '1': 535}",783,"{'0': 529, '1': 254}",0,"{'0': 0, '1': 0}",[],0,4f53cda18c2baa0c0354bb5f9a3ecbe5ed12ab4d8e11ba873c2f11161202b945,False,"insufficient_eligible_synthetic:{""1"":281}"
bn_binary_cinexdrama,1005,3.5,L0.40_U0.60,0.4,0.6,980,"{'0': 445, '1': 535}",755,"{'0': 515, '1': 240}",0,"{'0': 0, '1': 0}",[],0,4f53cda18c2baa0c0354bb5f9a3ecbe5ed12ab4d8e11ba873c2f11161202b945,False,"insufficient_eligible_synthetic:{""1"":295}"
bn_binary_cinexdrama,1005,4.0,L0.10_U0.60,0.1,0.6,1120,"{'0': 508, '1': 612}",783,"{'0': 529, '1': 254}",0,"{'0': 0, '1': 0}",[],0,4f53cda18c2baa0c0354bb5f9a3ecbe5ed12ab4d8e11ba873c2f11161202b945,False,"insufficient_eligible_synthetic:{""1"":358}"
bn_binary_cinexdrama,1005,4.0,L0.20_U0.60,0.2,0.6,1120,"{'0': 508, '1': 612}",783,"{'0': 529, '1': 254}",0,"{'0': 0, '1': 0}",[],0,4f53cda18c2baa0c0354bb5f9a3ecbe5ed12ab4d8e11ba873c2f11161202b945,False,"insufficient_eligible_synthetic:{""1"":358}"
bn_binary_cinexdrama,1005,4.0,L0.30_U0.60,0.3,0.6,1120,"{'0': 508, '1': 612}",783,"{'0': 529, '1': 254}",0,"{'0': 0, '1': 0}",[],0,4f53cda18c2baa0c0354bb5f9a3ecbe5ed12ab4d8e11ba873c2f11161202b945,False,"insufficient_eligible_synthetic:{""1"":358}"
bn_binary_cinexdrama,1005,4.0,L0.40_U0.60,0.4,0.6,1120,"{'0': 508, '1': 612}",755,"{'0': 515, '1': 240}",0,"{'0': 0, '1': 0}",[],0,4f53cda18c2baa0c0354bb5f9a3ecbe5ed12ab4d8e11ba873c2f11161202b945,False,"insufficient_eligible_synthetic:{""1"":372}"
bn_binary_cinexdrama,1006,1.5,L0.10_U0.60,0.1,0.6,420,"{'0': 191, '1': 229}",803,"{'0': 579, '1': 224}",0,"{'0': 0, '1': 0}",[],0,4f53cda18c2baa0c0354bb5f9a3ecbe5ed12ab4d8e11ba873c2f11161202b945,False,"insufficient_eligible_synthetic:{""1"":5}"
bn_binary_cinexdrama,1006,1.5,L0.20_U0.60,0.2,0.6,420,"{'0': 191, '1': 229}",803,"{'0': 579, '1': 224}",0,"{'0': 0, '1': 0}",[],0,4f53cda18c2baa0c0354bb5f9a3ecbe5ed12ab4d8e11ba873c2f11161202b945,False,"insufficient_eligible_synthetic:{""1"":5}"
bn_binary_cinexdrama,1006,1.5,L0.30_U0.60,0.3,0.6,420,"{'0': 191, '1': 229}",803,"{'0': 579, '1': 224}",0,"{'0': 0, '1': 0}",[],0,4f53cda18c2baa0c0354bb5f9a3ecbe5ed12ab4d8e11ba873c2f11161202b945,False,"insufficient_eligible_synthetic:{""1"":5}"
bn_binary_cinexdrama,1006,1.5,L0.40_U0.60,0.4,0.6,420,"{'0': 191, '1': 229}",743,"{'0': 547, '1': 196}",0,"{'0': 0, '1': 0}",[],0,4f53cda18c2baa0c0354bb5f9a3ecbe5ed12ab4d8e11ba873c2f11161202b945,False,"insufficient_eligible_synthetic:{""1"":33}"
bn_binary_cinexdrama,1006,1.75,L0.10_U0.60,0.1,0.6,490,"{'0': 222, '1': 268}",803,"{'0': 579, '1': 224}",0,"{'0': 0, '1': 0}",[],0,4f53cda18c2baa0c0354bb5f9a3ecbe5ed12ab4d8e11ba873c2f11161202b945,False,"insufficient_eligible_synthetic:{""1"":44}"
bn_binary_cinexdrama,1006,1.75,L0.20_U0.60,0.2,0.6,490,"{'0': 222, '1': 268}",803,"{'0': 579, '1': 224}",0,"{'0': 0, '1': 0}",[],0,4f53cda18c2baa0c0354bb5f9a3ecbe5ed12ab4d8e11ba873c2f11161202b945,False,"insufficient_eligible_synthetic:{""1"":44}"
bn_binary_cinexdrama,1006,1.75,L0.30_U0.60,0.3,0.6,490,"{'0': 222, '1': 268}",803,"{'0': 579, '1': 224}",0,"{'0': 0, '1': 0}",[],0,4f53cda18c2baa0c0354bb5f9a3ecbe5ed12ab4d8e11ba873c2f11161202b945,False,"insufficient_eligible_synthetic:{""1"":44}"
bn_binary_cinexdrama,1006,1.75,L0.40_U0.60,0.4,0.6,490,"{'0': 222, '1': 268}",743,"{'0': 547, '1': 196}",0,"{'0': 0, '1': 0}",[],0,4f53cda18c2baa0c0354bb5f9a3ecbe5ed12ab4d8e11ba873c2f11161202b945,False,"insufficient_eligible_synthetic:{""1"":72}"
bn_binary_cinexdrama,1006,2.0,L0.10_U0.60,0.1,0.6,560,"{'0': 254, '1': 306}",803,"{'0': 579, '1': 224}",0,"{'0': 0, '1': 0}",[],0,4f53cda18c2baa0c0354bb5f9a3ecbe5ed12ab4d8e11ba873c2f11161202b945,False,"insufficient_eligible_synthetic:{""1"":82}"
bn_binary_cinexdrama,1006,2.0,L0.20_U0.60,0.2,0.6,560,"{'0': 254, '1': 306}",803,"{'0': 579, '1': 224}",0,"{'0': 0, '1': 0}",[],0,4f53cda18c2baa0c0354bb5f9a3ecbe5ed12ab4d8e11ba873c2f11161202b945,False,"insufficient_eligible_synthetic:{""1"":82}"
bn_binary_cinexdrama,1006,2.0,L0.30_U0.60,0.3,0.6,560,"{'0': 254, '1': 306}",803,"{'0': 579, '1': 224}",0,"{'0': 0, '1': 0}",[],0,4f53cda18c2baa0c0354bb5f9a3ecbe5ed12ab4d8e11ba873c2f11161202b945,False,"insufficient_eligible_synthetic:{""1"":82}"
bn_binary_cinexdrama,1006,2.0,L0.40_U0.60,0.4,0.6,560,"{'0': 254, '1': 306}",743,"{'0': 547, '1': 196}",0,"{'0': 0, '1': 0}",[],0,4f53cda18c2baa0c0354bb5f9a3ecbe5ed12ab4d8e11ba873c2f11161202b945,False,"insufficient_eligible_synthetic:{""1"":110}"
bn_binary_cinexdrama,1006,2.5,L0.10_U0.60,0.1,0.6,700,"{'0': 318, '1': 382}",803,"{'0': 579, '1': 224}",0,"{'0': 0, '1': 0}",[],0,4f53cda18c2baa0c0354bb5f9a3ecbe5ed12ab4d8e11ba873c2f11161202b945,False,"insufficient_eligible_synthetic:{""1"":158}"
bn_binary_cinexdrama,1006,2.5,L0.20_U0.60,0.2,0.6,700,"{'0': 318, '1': 382}",803,"{'0': 579, '1': 224}",0,"{'0': 0, '1': 0}",[],0,4f53cda18c2baa0c0354bb5f9a3ecbe5ed12ab4d8e11ba873c2f11161202b945,False,"insufficient_eligible_synthetic:{""1"":158}"
bn_binary_cinexdrama,1006,2.5,L0.30_U0.60,0.3,0.6,700,"{'0': 318, '1': 382}",803,"{'0': 579, '1': 224}",0,"{'0': 0, '1': 0}",[],0,4f53cda18c2baa0c0354bb5f9a3ecbe5ed12ab4d8e11ba873c2f11161202b945,False,"insufficient_eligible_synthetic:{""1"":158}"
bn_binary_cinexdrama,1006,2.5,L0.40_U0.60,0.4,0.6,700,"{'0': 318, '1': 382}",743,"{'0': 547, '1': 196}",0,"{'0': 0, '1': 0}",[],0,4f53cda18c2baa0c0354bb5f9a3ecbe5ed12ab4d8e11ba873c2f11161202b945,False,"insufficient_eligible_synthetic:{""1"":186}"
bn_binary_cinexdrama,1006,3.0,L0.10_U0.60,0.1,0.6,840,"{'0': 381, '1': 459}",803,"{'0': 579, '1': 224}",0,"{'0': 0, '1': 0}",[],0,4f53cda18c2baa0c0354bb5f9a3ecbe5ed12ab4d8e11ba873c2f11161202b945,False,"insufficient_eligible_synthetic:{""1"":235}"
bn_binary_cinexdrama,1006,3.0,L0.20_U0.60,0.2,0.6,840,"{'0': 381, '1': 459}",803,"{'0': 579, '1': 224}",0,"{'0': 0, '1': 0}",[],0,4f53cda18c2baa0c0354bb5f9a3ecbe5ed12ab4d8e11ba873c2f11161202b945,False,"insufficient_eligible_synthetic:{""1"":235}"
bn_binary_cinexdrama,1006,3.0,L0.30_U0.60,0.3,0.6,840,"{'0': 381, '1': 459}",803,"{'0': 579, '1': 224}",0,"{'0': 0, '1': 0}",[],0,4f53cda18c2baa0c0354bb5f9a3ecbe5ed12ab4d8e11ba873c2f11161202b945,False,"insufficient_eligible_synthetic:{""1"":235}"
bn_binary_cinexdrama,1006,3.0,L0.40_U0.60,0.4,0.6,840,"{'0': 381, '1': 459}",743,"{'0': 547, '1': 196}",0,"{'0': 0, '1': 0}",[],0,4f53cda18c2baa0c0354bb5f9a3ecbe5ed12ab4d8e11ba873c2f11161202b945,False,"insufficient_eligible_synthetic:{""1"":263}"
bn_binary_cinexdrama,1006,3.5,L0.10_U0.60,0.1,0.6,980,"{'0': 445, '1': 535}",803,"{'0': 579, '1': 224}",0,"{'0': 0, '1': 0}",[],0,4f53cda18c2baa0c0354bb5f9a3ecbe5ed12ab4d8e11ba873c2f11161202b945,False,"insufficient_eligible_synthetic:{""1"":311}"
bn_binary_cinexdrama,1006,3.5,L0.20_U0.60,0.2,0.6,980,"{'0': 445, '1': 535}",803,"{'0': 579, '1': 224}",0,"{'0': 0, '1': 0}",[],0,4f53cda18c2baa0c0354bb5f9a3ecbe5ed12ab4d8e11ba873c2f11161202b945,False,"insufficient_eligible_synthetic:{""1"":311}"
bn_binary_cinexdrama,1006,3.5,L0.30_U0.60,0.3,0.6,980,"{'0': 445, '1': 535}",803,"{'0': 579, '1': 224}",0,"{'0': 0, '1': 0}",[],0,4f53cda18c2baa0c0354bb5f9a3ecbe5ed12ab4d8e11ba873c2f11161202b945,False,"insufficient_eligible_synthetic:{""1"":311}"
bn_binary_cinexdrama,1006,3.5,L0.40_U0.60,0.4,0.6,980,"{'0': 445, '1': 535}",743,"{'0': 547, '1': 196}",0,"{'0': 0, '1': 0}",[],0,4f53cda18c2baa0c0354bb5f9a3ecbe5ed12ab4d8e11ba873c2f11161202b945,False,"insufficient_eligible_synthetic:{""1"":339}"
bn_binary_cinexdrama,1006,4.0,L0.10_U0.60,0.1,0.6,1120,"{'0': 508, '1': 612}",803,"{'0': 579, '1': 224}",0,"{'0': 0, '1': 0}",[],0,4f53cda18c2baa0c0354bb5f9a3ecbe5ed12ab4d8e11ba873c2f11161202b945,False,"insufficient_eligible_synthetic:{""1"":388}"
bn_binary_cinexdrama,1006,4.0,L0.20_U0.60,0.2,0.6,1120,"{'0': 508, '1': 612}",803,"{'0': 579, '1': 224}",0,"{'0': 0, '1': 0}",[],0,4f53cda18c2baa0c0354bb5f9a3ecbe5ed12ab4d8e11ba873c2f11161202b945,False,"insufficient_eligible_synthetic:{""1"":388}"
bn_binary_cinexdrama,1006,4.0,L0.30_U0.60,0.3,0.6,1120,"{'0': 508, '1': 612}",803,"{'0': 579, '1': 224}",0,"{'0': 0, '1': 0}",[],0,4f53cda18c2baa0c0354bb5f9a3ecbe5ed12ab4d8e11ba873c2f11161202b945,False,"insufficient_eligible_synthetic:{""1"":388}"
bn_binary_cinexdrama,1006,4.0,L0.40_U0.60,0.4,0.6,1120,"{'0': 508, '1': 612}",743,"{'0': 547, '1': 196}",0,"{'0': 0, '1': 0}",[],0,4f53cda18c2baa0c0354bb5f9a3ecbe5ed12ab4d8e11ba873c2f11161202b945,False,"insufficient_eligible_synthetic:{""1"":416}"
bn_binary_cinexdrama,1007,1.25,L0.10_U0.60,0.1,0.6,350,"{'0': 159, '1': 191}",803,"{'0': 616, '1': 187}",0,"{'0': 0, '1': 0}",[],0,4f53cda18c2baa0c0354bb5f9a3ecbe5ed12ab4d8e11ba873c2f11161202b945,False,"insufficient_eligible_synthetic:{""1"":4}"
bn_binary_cinexdrama,1007,1.25,L0.20_U0.60,0.2,0.6,350,"{'0': 159, '1': 191}",803,"{'0': 616, '1': 187}",0,"{'0': 0, '1': 0}",[],0,4f53cda18c2baa0c0354bb5f9a3ecbe5ed12ab4d8e11ba873c2f11161202b945,False,"insufficient_eligible_synthetic:{""1"":4}"
bn_binary_cinexdrama,1007,1.25,L0.30_U0.60,0.3,0.6,350,"{'0': 159, '1': 191}",803,"{'0': 616, '1': 187}",0,"{'0': 0, '1': 0}",[],0,4f53cda18c2baa0c0354bb5f9a3ecbe5ed12ab4d8e11ba873c2f11161202b945,False,"insufficient_eligible_synthetic:{""1"":4}"
bn_binary_cinexdrama,1007,1.25,L0.40_U0.60,0.4,0.6,350,"{'0': 159, '1': 191}",727,"{'0': 552, '1': 175}",0,"{'0': 0, '1': 0}",[],0,4f53cda18c2baa0c0354bb5f9a3ecbe5ed12ab4d8e11ba873c2f11161202b945,False,"insufficient_eligible_synthetic:{""1"":16}"
bn_binary_cinexdrama,1007,1.5,L0.10_U0.60,0.1,0.6,420,"{'0': 191, '1': 229}",803,"{'0': 616, '1': 187}",0,"{'0': 0, '1': 0}",[],0,4f53cda18c2baa0c0354bb5f9a3ecbe5ed12ab4d8e11ba873c2f11161202b945,False,"insufficient_eligible_synthetic:{""1"":42}"
bn_binary_cinexdrama,1007,1.5,L0.20_U0.60,0.2,0.6,420,"{'0': 191, '1': 229}",803,"{'0': 616, '1': 187}",0,"{'0': 0, '1': 0}",[],0,4f53cda18c2baa0c0354bb5f9a3ecbe5ed12ab4d8e11ba873c2f11161202b945,False,"insufficient_eligible_synthetic:{""1"":42}"
bn_binary_cinexdrama,1007,1.5,L0.30_U0.60,0.3,0.6,420,"{'0': 191, '1': 229}",803,"{'0': 616, '1': 187}",0,"{'0': 0, '1': 0}",[],0,4f53cda18c2baa0c0354bb5f9a3ecbe5ed12ab4d8e11ba873c2f11161202b945,False,"insufficient_eligible_synthetic:{""1"":42}"
bn_binary_cinexdrama,1007,1.5,L0.40_U0.60,0.4,0.6,420,"{'0': 191, '1': 229}",727,"{'0': 552, '1': 175}",0,"{'0': 0, '1': 0}",[],0,4f53cda18c2baa0c0354bb5f9a3ecbe5ed12ab4d8e11ba873c2f11161202b945,False,"insufficient_eligible_synthetic:{""1"":54}"
bn_binary_cinexdrama,1007,1.75,L0.10_U0.60,0.1,0.6,490,"{'0': 222, '1': 268}",803,"{'0': 616, '1': 187}",0,"{'0': 0, '1': 0}",[],0,4f53cda18c2baa0c0354bb5f9a3ecbe5ed12ab4d8e11ba873c2f11161202b945,False,"insufficient_eligible_synthetic:{""1"":81}"
bn_binary_cinexdrama,1007,1.75,L0.20_U0.60,0.2,0.6,490,"{'0': 222, '1': 268}",803,"{'0': 616, '1': 187}",0,"{'0': 0, '1': 0}",[],0,4f53cda18c2baa0c0354bb5f9a3ecbe5ed12ab4d8e11ba873c2f11161202b945,False,"insufficient_eligible_synthetic:{""1"":81}"
bn_binary_cinexdrama,1007,1.75,L0.30_U0.60,0.3,0.6,490,"{'0': 222, '1': 268}",803,"{'0': 616, '1': 187}",0,"{'0': 0, '1': 0}",[],0,4f53cda18c2baa0c0354bb5f9a3ecbe5ed12ab4d8e11ba873c2f11161202b945,False,"insufficient_eligible_synthetic:{""1"":81}"
bn_binary_cinexdrama,1007,1.75,L0.40_U0.60,0.4,0.6,490,"{'0': 222, '1': 268}",727,"{'0': 552, '1': 175}",0,"{'0': 0, '1': 0}",[],0,4f53cda18c2baa0c0354bb5f9a3ecbe5ed12ab4d8e11ba873c2f11161202b945,False,"insufficient_eligible_synthetic:{""1"":93}"
bn_binary_cinexdrama,1007,2.0,L0.10_U0.60,0.1,0.6,560,"{'0': 254, '1': 306}",803,"{'0': 616, '1': 187}",0,"{'0': 0, '1': 0}",[],0,4f53cda18c2baa0c0354bb5f9a3ecbe5ed12ab4d8e11ba873c2f11161202b945,False,"insufficient_eligible_synthetic:{""1"":119}"
bn_binary_cinexdrama,1007,2.0,L0.20_U0.60,0.2,0.6,560,"{'0': 254, '1': 306}",803,"{'0': 616, '1': 187}",0,"{'0': 0, '1': 0}",[],0,4f53cda18c2baa0c0354bb5f9a3ecbe5ed12ab4d8e11ba873c2f11161202b945,False,"insufficient_eligible_synthetic:{""1"":119}"
bn_binary_cinexdrama,1007,2.0,L0.30_U0.60,0.3,0.6,560,"{'0': 254, '1': 306}",803,"{'0': 616, '1': 187}",0,"{'0': 0, '1': 0}",[],0,4f53cda18c2baa0c0354bb5f9a3ecbe5ed12ab4d8e11ba873c2f11161202b945,False,"insufficient_eligible_synthetic:{""1"":119}"
bn_binary_cinexdrama,1007,2.0,L0.40_U0.60,0.4,0.6,560,"{'0': 254, '1': 306}",727,"{'0': 552, '1': 175}",0,"{'0': 0, '1': 0}",[],0,4f53cda18c2baa0c0354bb5f9a3ecbe5ed12ab4d8e11ba873c2f11161202b945,False,"insufficient_eligible_synthetic:{""1"":131}"
bn_binary_cinexdrama,1007,2.5,L0.10_U0.60,0.1,0.6,700,"{'0': 318, '1': 382}",803,"{'0': 616, '1': 187}",0,"{'0': 0, '1': 0}",[],0,4f53cda18c2baa0c0354bb5f9a3ecbe5ed12ab4d8e11ba873c2f11161202b945,False,"insufficient_eligible_synthetic:{""1"":195}"
bn_binary_cinexdrama,1007,2.5,L0.20_U0.60,0.2,0.6,700,"{'0': 318, '1': 382}",803,"{'0': 616, '1': 187}",0,"{'0': 0, '1': 0}",[],0,4f53cda18c2baa0c0354bb5f9a3ecbe5ed12ab4d8e11ba873c2f11161202b945,False,"insufficient_eligible_synthetic:{""1"":195}"
bn_binary_cinexdrama,1007,2.5,L0.30_U0.60,0.3,0.6,700,"{'0': 318, '1': 382}",803,"{'0': 616, '1': 187}",0,"{'0': 0, '1': 0}",[],0,4f53cda18c2baa0c0354bb5f9a3ecbe5ed12ab4d8e11ba873c2f11161202b945,False,"insufficient_eligible_synthetic:{""1"":195}"
bn_binary_cinexdrama,1007,2.5,L0.40_U0.60,0.4,0.6,700,"{'0': 318, '1': 382}",727,"{'0': 552, '1': 175}",0,"{'0': 0, '1': 0}",[],0,4f53cda18c2baa0c0354bb5f9a3ecbe5ed12ab4d8e11ba873c2f11161202b945,False,"insufficient_eligible_synthetic:{""1"":207}"
bn_binary_cinexdrama,1007,3.0,L0.10_U0.60,0.1,0.6,840,"{'0': 381, '1': 459}",803,"{'0': 616, '1': 187}",0,"{'0': 0, '1': 0}",[],0,4f53cda18c2baa0c0354bb5f9a3ecbe5ed12ab4d8e11ba873c2f11161202b945,False,"insufficient_eligible_synthetic:{""1"":272}"
bn_binary_cinexdrama,1007,3.0,L0.20_U0.60,0.2,0.6,840,"{'0': 381, '1': 459}",803,"{'0': 616, '1': 187}",0,"{'0': 0, '1': 0}",[],0,4f53cda18c2baa0c0354bb5f9a3ecbe5ed12ab4d8e11ba873c2f11161202b945,False,"insufficient_eligible_synthetic:{""1"":272}"
bn_binary_cinexdrama,1007,3.0,L0.30_U0.60,0.3,0.6,840,"{'0': 381, '1': 459}",803,"{'0': 616, '1': 187}",0,"{'0': 0, '1': 0}",[],0,4f53cda18c2baa0c0354bb5f9a3ecbe5ed12ab4d8e11ba873c2f11161202b945,False,"insufficient_eligible_synthetic:{""1"":272}"
bn_binary_cinexdrama,1007,3.0,L0.40_U0.60,0.4,0.6,840,"{'0': 381, '1': 459}",727,"{'0': 552, '1': 175}",0,"{'0': 0, '1': 0}",[],0,4f53cda18c2baa0c0354bb5f9a3ecbe5ed12ab4d8e11ba873c2f11161202b945,False,"insufficient_eligible_synthetic:{""1"":284}"
bn_binary_cinexdrama,1007,3.5,L0.10_U0.60,0.1,0.6,980,"{'0': 445, '1': 535}",803,"{'0': 616, '1': 187}",0,"{'0': 0, '1': 0}",[],0,4f53cda18c2baa0c0354bb5f9a3ecbe5ed12ab4d8e11ba873c2f11161202b945,False,"insufficient_eligible_synthetic:{""1"":348}"
bn_binary_cinexdrama,1007,3.5,L0.20_U0.60,0.2,0.6,980,"{'0': 445, '1': 535}",803,"{'0': 616, '1': 187}",0,"{'0': 0, '1': 0}",[],0,4f53cda18c2baa0c0354bb5f9a3ecbe5ed12ab4d8e11ba873c2f11161202b945,False,"insufficient_eligible_synthetic:{""1"":348}"
bn_binary_cinexdrama,1007,3.5,L0.30_U0.60,0.3,0.6,980,"{'0': 445, '1': 535}",803,"{'0': 616, '1': 187}",0,"{'0': 0, '1': 0}",[],0,4f53cda18c2baa0c0354bb5f9a3ecbe5ed12ab4d8e11ba873c2f11161202b945,False,"insufficient_eligible_synthetic:{""1"":348}"
bn_binary_cinexdrama,1007,3.5,L0.40_U0.60,0.4,0.6,980,"{'0': 445, '1': 535}",727,"{'0': 552, '1': 175}",0,"{'0': 0, '1': 0}",[],0,4f53cda18c2baa0c0354bb5f9a3ecbe5ed12ab4d8e11ba873c2f11161202b945,False,"insufficient_eligible_synthetic:{""1"":360}"
bn_binary_cinexdrama,1007,4.0,L0.10_U0.60,0.1,0.6,1120,"{'0': 508, '1': 612}",803,"{'0': 616, '1': 187}",0,"{'0': 0, '1': 0}",[],0,4f53cda18c2baa0c0354bb5f9a3ecbe5ed12ab4d8e11ba873c2f11161202b945,False,"insufficient_eligible_synthetic:{""1"":425}"
bn_binary_cinexdrama,1007,4.0,L0.20_U0.60,0.2,0.6,1120,"{'0': 508, '1': 612}",803,"{'0': 616, '1': 187}",0,"{'0': 0, '1': 0}",[],0,4f53cda18c2baa0c0354bb5f9a3ecbe5ed12ab4d8e11ba873c2f11161202b945,False,"insufficient_eligible_synthetic:{""1"":425}"
bn_binary_cinexdrama,1007,4.0,L0.30_U0.60,0.3,0.6,1120,"{'0': 508, '1': 612}",803,"{'0': 616, '1': 187}",0,"{'0': 0, '1': 0}",[],0,4f53cda18c2baa0c0354bb5f9a3ecbe5ed12ab4d8e11ba873c2f11161202b945,False,"insufficient_eligible_synthetic:{""1"":425}"
bn_binary_cinexdrama,1007,4.0,L0.40_U0.60,0.4,0.6,1120,"{'0': 508, '1': 612}",727,"{'0': 552, '1': 175}",0,"{'0': 0, '1': 0}",[],0,4f53cda18c2baa0c0354bb5f9a3ecbe5ed12ab4d8e11ba873c2f11161202b945,False,"insufficient_eligible_synthetic:{""1"":437}"
bn_binary_cinexdrama,1008,0.75,L0.10_U0.60,0.1,0.6,210,"{'0': 95, '1': 115}",632,"{'0': 526, '1': 106}",0,"{'0': 0, '1': 0}",[],0,4f53cda18c2baa0c0354bb5f9a3ecbe5ed12ab4d8e11ba873c2f11161202b945,False,"insufficient_eligible_synthetic:{""1"":9}"
bn_binary_cinexdrama,1008,0.75,L0.20_U0.60,0.2,0.6,210,"{'0': 95, '1': 115}",632,"{'0': 526, '1': 106}",0,"{'0': 0, '1': 0}",[],0,4f53cda18c2baa0c0354bb5f9a3ecbe5ed12ab4d8e11ba873c2f11161202b945,False,"insufficient_eligible_synthetic:{""1"":9}"
bn_binary_cinexdrama,1008,0.75,L0.30_U0.60,0.3,0.6,210,"{'0': 95, '1': 115}",632,"{'0': 526, '1': 106}",0,"{'0': 0, '1': 0}",[],0,4f53cda18c2baa0c0354bb5f9a3ecbe5ed12ab4d8e11ba873c2f11161202b945,False,"insufficient_eligible_synthetic:{""1"":9}"
bn_binary_cinexdrama,1008,0.75,L0.40_U0.60,0.4,0.6,210,"{'0': 95, '1': 115}",594,"{'0': 504, '1': 90}",0,"{'0': 0, '1': 0}",[],0,4f53cda18c2baa0c0354bb5f9a3ecbe5ed12ab4d8e11ba873c2f11161202b945,False,"insufficient_eligible_synthetic:{""1"":25}"
bn_binary_cinexdrama,1008,1.0,L0.10_U0.60,0.1,0.6,280,"{'0': 127, '1': 153}",632,"{'0': 526, '1': 106}",0,"{'0': 0, '1': 0}",[],0,4f53cda18c2baa0c0354bb5f9a3ecbe5ed12ab4d8e11ba873c2f11161202b945,False,"insufficient_eligible_synthetic:{""1"":47}"
bn_binary_cinexdrama,1008,1.0,L0.20_U0.60,0.2,0.6,280,"{'0': 127, '1': 153}",632,"{'0': 526, '1': 106}",0,"{'0': 0, '1': 0}",[],0,4f53cda18c2baa0c0354bb5f9a3ecbe5ed12ab4d8e11ba873c2f11161202b945,False,"insufficient_eligible_synthetic:{""1"":47}"
bn_binary_cinexdrama,1008,1.0,L0.30_U0.60,0.3,0.6,280,"{'0': 127, '1': 153}",632,"{'0': 526, '1': 106}",0,"{'0': 0, '1': 0}",[],0,4f53cda18c2baa0c0354bb5f9a3ecbe5ed12ab4d8e11ba873c2f11161202b945,False,"insufficient_eligible_synthetic:{""1"":47}"
bn_binary_cinexdrama,1008,1.0,L0.40_U0.60,0.4,0.6,280,"{'0': 127, '1': 153}",594,"{'0': 504, '1': 90}",0,"{'0': 0, '1': 0}",[],0,4f53cda18c2baa0c0354bb5f9a3ecbe5ed12ab4d8e11ba873c2f11161202b945,False,"insufficient_eligible_synthetic:{""1"":63}"
bn_binary_cinexdrama,1008,1.25,L0.10_U0.60,0.1,0.6,350,"{'0': 159, '1': 191}",632,"{'0': 526, '1': 106}",0,"{'0': 0, '1': 0}",[],0,4f53cda18c2baa0c0354bb5f9a3ecbe5ed12ab4d8e11ba873c2f11161202b945,False,"insufficient_eligible_synthetic:{""1"":85}"
bn_binary_cinexdrama,1008,1.25,L0.20_U0.60,0.2,0.6,350,"{'0': 159, '1': 191}",632,"{'0': 526, '1': 106}",0,"{'0': 0, '1': 0}",[],0,4f53cda18c2baa0c0354bb5f9a3ecbe5ed12ab4d8e11ba873c2f11161202b945,False,"insufficient_eligible_synthetic:{""1"":85}"
bn_binary_cinexdrama,1008,1.25,L0.30_U0.60,0.3,0.6,350,"{'0': 159, '1': 191}",632,"{'0': 526, '1': 106}",0,"{'0': 0, '1': 0}",[],0,4f53cda18c2baa0c0354bb5f9a3ecbe5ed12ab4d8e11ba873c2f11161202b945,False,"insufficient_eligible_synthetic:{""1"":85}"
bn_binary_cinexdrama,1008,1.25,L0.40_U0.60,0.4,0.6,350,"{'0': 159, '1': 191}",594,"{'0': 504, '1': 90}",0,"{'0': 0, '1': 0}",[],0,4f53cda18c2baa0c0354bb5f9a3ecbe5ed12ab4d8e11ba873c2f11161202b945,False,"insufficient_eligible_synthetic:{""1"":101}"
bn_binary_cinexdrama,1008,1.5,L0.10_U0.60,0.1,0.6,420,"{'0': 191, '1': 229}",632,"{'0': 526, '1': 106}",0,"{'0': 0, '1': 0}",[],0,4f53cda18c2baa0c0354bb5f9a3ecbe5ed12ab4d8e11ba873c2f11161202b945,False,"insufficient_eligible_synthetic:{""1"":123}"
bn_binary_cinexdrama,1008,1.5,L0.20_U0.60,0.2,0.6,420,"{'0': 191, '1': 229}",632,"{'0': 526, '1': 106}",0,"{'0': 0, '1': 0}",[],0,4f53cda18c2baa0c0354bb5f9a3ecbe5ed12ab4d8e11ba873c2f11161202b945,False,"insufficient_eligible_synthetic:{""1"":123}"
bn_binary_cinexdrama,1008,1.5,L0.30_U0.60,0.3,0.6,420,"{'0': 191, '1': 229}",632,"{'0': 526, '1': 106}",0,"{'0': 0, '1': 0}",[],0,4f53cda18c2baa0c0354bb5f9a3ecbe5ed12ab4d8e11ba873c2f11161202b945,False,"insufficient_eligible_synthetic:{""1"":123}"
bn_binary_cinexdrama,1008,1.5,L0.40_U0.60,0.4,0.6,420,"{'0': 191, '1': 229}",594,"{'0': 504, '1': 90}",0,"{'0': 0, '1': 0}",[],0,4f53cda18c2baa0c0354bb5f9a3ecbe5ed12ab4d8e11ba873c2f11161202b945,False,"insufficient_eligible_synthetic:{""1"":139}"
bn_binary_cinexdrama,1008,1.75,L0.10_U0.60,0.1,0.6,490,"{'0': 222, '1': 268}",632,"{'0': 526, '1': 106}",0,"{'0': 0, '1': 0}",[],0,4f53cda18c2baa0c0354bb5f9a3ecbe5ed12ab4d8e11ba873c2f11161202b945,False,"insufficient_eligible_synthetic:{""1"":162}"
bn_binary_cinexdrama,1008,1.75,L0.20_U0.60,0.2,0.6,490,"{'0': 222, '1': 268}",632,"{'0': 526, '1': 106}",0,"{'0': 0, '1': 0}",[],0,4f53cda18c2baa0c0354bb5f9a3ecbe5ed12ab4d8e11ba873c2f11161202b945,False,"insufficient_eligible_synthetic:{""1"":162}"
bn_binary_cinexdrama,1008,1.75,L0.30_U0.60,0.3,0.6,490,"{'0': 222, '1': 268}",632,"{'0': 526, '1': 106}",0,"{'0': 0, '1': 0}",[],0,4f53cda18c2baa0c0354bb5f9a3ecbe5ed12ab4d8e11ba873c2f11161202b945,False,"insufficient_eligible_synthetic:{""1"":162}"
bn_binary_cinexdrama,1008,1.75,L0.40_U0.60,0.4,0.6,490,"{'0': 222, '1': 268}",594,"{'0': 504, '1': 90}",0,"{'0': 0, '1': 0}",[],0,4f53cda18c2baa0c0354bb5f9a3ecbe5ed12ab4d8e11ba873c2f11161202b945,False,"insufficient_eligible_synthetic:{""1"":178}"
bn_binary_cinexdrama,1008,2.0,L0.10_U0.60,0.1,0.6,560,"{'0': 254, '1': 306}",632,"{'0': 526, '1': 106}",0,"{'0': 0, '1': 0}",[],0,4f53cda18c2baa0c0354bb5f9a3ecbe5ed12ab4d8e11ba873c2f11161202b945,False,"insufficient_eligible_synthetic:{""1"":200}"
bn_binary_cinexdrama,1008,2.0,L0.20_U0.60,0.2,0.6,560,"{'0': 254, '1': 306}",632,"{'0': 526, '1': 106}",0,"{'0': 0, '1': 0}",[],0,4f53cda18c2baa0c0354bb5f9a3ecbe5ed12ab4d8e11ba873c2f11161202b945,False,"insufficient_eligible_synthetic:{""1"":200}"
bn_binary_cinexdrama,1008,2.0,L0.30_U0.60,0.3,0.6,560,"{'0': 254, '1': 306}",632,"{'0': 526, '1': 106}",0,"{'0': 0, '1': 0}",[],0,4f53cda18c2baa0c0354bb5f9a3ecbe5ed12ab4d8e11ba873c2f11161202b945,False,"insufficient_eligible_synthetic:{""1"":200}"
bn_binary_cinexdrama,1008,2.0,L0.40_U0.60,0.4,0.6,560,"{'0': 254, '1': 306}",594,"{'0': 504, '1': 90}",0,"{'0': 0, '1': 0}",[],0,4f53cda18c2baa0c0354bb5f9a3ecbe5ed12ab4d8e11ba873c2f11161202b945,False,"insufficient_eligible_synthetic:{""1"":216}"
bn_binary_cinexdrama,1008,2.5,L0.10_U0.60,0.1,0.6,700,"{'0': 318, '1': 382}",632,"{'0': 526, '1': 106}",0,"{'0': 0, '1': 0}",[],0,4f53cda18c2baa0c0354bb5f9a3ecbe5ed12ab4d8e11ba873c2f11161202b945,False,"insufficient_eligible_synthetic:{""1"":276}"
bn_binary_cinexdrama,1008,2.5,L0.20_U0.60,0.2,0.6,700,"{'0': 318, '1': 382}",632,"{'0': 526, '1': 106}",0,"{'0': 0, '1': 0}",[],0,4f53cda18c2baa0c0354bb5f9a3ecbe5ed12ab4d8e11ba873c2f11161202b945,False,"insufficient_eligible_synthetic:{""1"":276}"
bn_binary_cinexdrama,1008,2.5,L0.30_U0.60,0.3,0.6,700,"{'0': 318, '1': 382}",632,"{'0': 526, '1': 106}",0,"{'0': 0, '1': 0}",[],0,4f53cda18c2baa0c0354bb5f9a3ecbe5ed12ab4d8e11ba873c2f11161202b945,False,"insufficient_eligible_synthetic:{""1"":276}"
bn_binary_cinexdrama,1008,2.5,L0.40_U0.60,0.4,0.6,700,"{'0': 318, '1': 382}",594,"{'0': 504, '1': 90}",0,"{'0': 0, '1': 0}",[],0,4f53cda18c2baa0c0354bb5f9a3ecbe5ed12ab4d8e11ba873c2f11161202b945,False,"insufficient_eligible_synthetic:{""1"":292}"
bn_binary_cinexdrama,1008,3.0,L0.10_U0.60,0.1,0.6,840,"{'0': 381, '1': 459}",632,"{'0': 526, '1': 106}",0,"{'0': 0, '1': 0}",[],0,4f53cda18c2baa0c0354bb5f9a3ecbe5ed12ab4d8e11ba873c2f11161202b945,False,"insufficient_eligible_synthetic:{""1"":353}"
bn_binary_cinexdrama,1008,3.0,L0.20_U0.60,0.2,0.6,840,"{'0': 381, '1': 459}",632,"{'0': 526, '1': 106}",0,"{'0': 0, '1': 0}",[],0,4f53cda18c2baa0c0354bb5f9a3ecbe5ed12ab4d8e11ba873c2f11161202b945,False,"insufficient_eligible_synthetic:{""1"":353}"
bn_binary_cinexdrama,1008,3.0,L0.30_U0.60,0.3,0.6,840,"{'0': 381, '1': 459}",632,"{'0': 526, '1': 106}",0,"{'0': 0, '1': 0}",[],0,4f53cda18c2baa0c0354bb5f9a3ecbe5ed12ab4d8e11ba873c2f11161202b945,False,"insufficient_eligible_synthetic:{""1"":353}"
bn_binary_cinexdrama,1008,3.0,L0.40_U0.60,0.4,0.6,840,"{'0': 381, '1': 459}",594,"{'0': 504, '1': 90}",0,"{'0': 0, '1': 0}",[],0,4f53cda18c2baa0c0354bb5f9a3ecbe5ed12ab4d8e11ba873c2f11161202b945,False,"insufficient_eligible_synthetic:{""1"":369}"
bn_binary_cinexdrama,1008,3.5,L0.10_U0.60,0.1,0.6,980,"{'0': 445, '1': 535}",632,"{'0': 526, '1': 106}",0,"{'0': 0, '1': 0}",[],0,4f53cda18c2baa0c0354bb5f9a3ecbe5ed12ab4d8e11ba873c2f11161202b945,False,"insufficient_eligible_synthetic:{""1"":429}"
bn_binary_cinexdrama,1008,3.5,L0.20_U0.60,0.2,0.6,980,"{'0': 445, '1': 535}",632,"{'0': 526, '1': 106}",0,"{'0': 0, '1': 0}",[],0,4f53cda18c2baa0c0354bb5f9a3ecbe5ed12ab4d8e11ba873c2f11161202b945,False,"insufficient_eligible_synthetic:{""1"":429}"
bn_binary_cinexdrama,1008,3.5,L0.30_U0.60,0.3,0.6,980,"{'0': 445, '1': 535}",632,"{'0': 526, '1': 106}",0,"{'0': 0, '1': 0}",[],0,4f53cda18c2baa0c0354bb5f9a3ecbe5ed12ab4d8e11ba873c2f11161202b945,False,"insufficient_eligible_synthetic:{""1"":429}"
bn_binary_cinexdrama,1008,3.5,L0.40_U0.60,0.4,0.6,980,"{'0': 445, '1': 535}",594,"{'0': 504, '1': 90}",0,"{'0': 0, '1': 0}",[],0,4f53cda18c2baa0c0354bb5f9a3ecbe5ed12ab4d8e11ba873c2f11161202b945,False,"insufficient_eligible_synthetic:{""1"":445}"
bn_binary_cinexdrama,1008,4.0,L0.10_U0.60,0.1,0.6,1120,"{'0': 508, '1': 612}",632,"{'0': 526, '1': 106}",0,"{'0': 0, '1': 0}",[],0,4f53cda18c2baa0c0354bb5f9a3ecbe5ed12ab4d8e11ba873c2f11161202b945,False,"insufficient_eligible_synthetic:{""1"":506}"
bn_binary_cinexdrama,1008,4.0,L0.20_U0.60,0.2,0.6,1120,"{'0': 508, '1': 612}",632,"{'0': 526, '1': 106}",0,"{'0': 0, '1': 0}",[],0,4f53cda18c2baa0c0354bb5f9a3ecbe5ed12ab4d8e11ba873c2f11161202b945,False,"insufficient_eligible_synthetic:{""1"":506}"
bn_binary_cinexdrama,1008,4.0,L0.30_U0.60,0.3,0.6,1120,"{'0': 508, '1': 612}",632,"{'0': 526, '1': 106}",0,"{'0': 0, '1': 0}",[],0,4f53cda18c2baa0c0354bb5f9a3ecbe5ed12ab4d8e11ba873c2f11161202b945,False,"insufficient_eligible_synthetic:{""1"":506}"
bn_binary_cinexdrama,1008,4.0,L0.40_U0.60,0.4,0.6,1120,"{'0': 508, '1': 612}",594,"{'0': 504, '1': 90}",0,"{'0': 0, '1': 0}",[],0,4f53cda18c2baa0c0354bb5f9a3ecbe5ed12ab4d8e11ba873c2f11161202b945,False,"insufficient_eligible_synthetic:{""0"":4,""1"":522}"
bn_binary_cinexdrama,1009,1.25,L0.10_U0.60,0.1,0.6,350,"{'0': 159, '1': 191}",704,"{'0': 521, '1': 183}",0,"{'0': 0, '1': 0}",[],0,4f53cda18c2baa0c0354bb5f9a3ecbe5ed12ab4d8e11ba873c2f11161202b945,False,"insufficient_eligible_synthetic:{""1"":8}"
bn_binary_cinexdrama,1009,1.25,L0.20_U0.60,0.2,0.6,350,"{'0': 159, '1': 191}",704,"{'0': 521, '1': 183}",0,"{'0': 0, '1': 0}",[],0,4f53cda18c2baa0c0354bb5f9a3ecbe5ed12ab4d8e11ba873c2f11161202b945,False,"insufficient_eligible_synthetic:{""1"":8}"
bn_binary_cinexdrama,1009,1.25,L0.30_U0.60,0.3,0.6,350,"{'0': 159, '1': 191}",704,"{'0': 521, '1': 183}",0,"{'0': 0, '1': 0}",[],0,4f53cda18c2baa0c0354bb5f9a3ecbe5ed12ab4d8e11ba873c2f11161202b945,False,"insufficient_eligible_synthetic:{""1"":8}"
bn_binary_cinexdrama,1009,1.25,L0.40_U0.60,0.4,0.6,350,"{'0': 159, '1': 191}",649,"{'0': 485, '1': 164}",0,"{'0': 0, '1': 0}",[],0,4f53cda18c2baa0c0354bb5f9a3ecbe5ed12ab4d8e11ba873c2f11161202b945,False,"insufficient_eligible_synthetic:{""1"":27}"
bn_binary_cinexdrama,1009,1.5,L0.10_U0.60,0.1,0.6,420,"{'0': 191, '1': 229}",704,"{'0': 521, '1': 183}",0,"{'0': 0, '1': 0}",[],0,4f53cda18c2baa0c0354bb5f9a3ecbe5ed12ab4d8e11ba873c2f11161202b945,False,"insufficient_eligible_synthetic:{""1"":46}"
bn_binary_cinexdrama,1009,1.5,L0.20_U0.60,0.2,0.6,420,"{'0': 191, '1': 229}",704,"{'0': 521, '1': 183}",0,"{'0': 0, '1': 0}",[],0,4f53cda18c2baa0c0354bb5f9a3ecbe5ed12ab4d8e11ba873c2f11161202b945,False,"insufficient_eligible_synthetic:{""1"":46}"
bn_binary_cinexdrama,1009,1.5,L0.30_U0.60,0.3,0.6,420,"{'0': 191, '1': 229}",704,"{'0': 521, '1': 183}",0,"{'0': 0, '1': 0}",[],0,4f53cda18c2baa0c0354bb5f9a3ecbe5ed12ab4d8e11ba873c2f11161202b945,False,"insufficient_eligible_synthetic:{""1"":46}"
bn_binary_cinexdrama,1009,1.5,L0.40_U0.60,0.4,0.6,420,"{'0': 191, '1': 229}",649,"{'0': 485, '1': 164}",0,"{'0': 0, '1': 0}",[],0,4f53cda18c2baa0c0354bb5f9a3ecbe5ed12ab4d8e11ba873c2f11161202b945,False,"insufficient_eligible_synthetic:{""1"":65}"
bn_binary_cinexdrama,1009,1.75,L0.10_U0.60,0.1,0.6,490,"{'0': 222, '1': 268}",704,"{'0': 521, '1': 183}",0,"{'0': 0, '1': 0}",[],0,4f53cda18c2baa0c0354bb5f9a3ecbe5ed12ab4d8e11ba873c2f11161202b945,False,"insufficient_eligible_synthetic:{""1"":85}"
bn_binary_cinexdrama,1009,1.75,L0.20_U0.60,0.2,0.6,490,"{'0': 222, '1': 268}",704,"{'0': 521, '1': 183}",0,"{'0': 0, '1': 0}",[],0,4f53cda18c2baa0c0354bb5f9a3ecbe5ed12ab4d8e11ba873c2f11161202b945,False,"insufficient_eligible_synthetic:{""1"":85}"
bn_binary_cinexdrama,1009,1.75,L0.30_U0.60,0.3,0.6,490,"{'0': 222, '1': 268}",704,"{'0': 521, '1': 183}",0,"{'0': 0, '1': 0}",[],0,4f53cda18c2baa0c0354bb5f9a3ecbe5ed12ab4d8e11ba873c2f11161202b945,False,"insufficient_eligible_synthetic:{""1"":85}"
bn_binary_cinexdrama,1009,1.75,L0.40_U0.60,0.4,0.6,490,"{'0': 222, '1': 268}",649,"{'0': 485, '1': 164}",0,"{'0': 0, '1': 0}",[],0,4f53cda18c2baa0c0354bb5f9a3ecbe5ed12ab4d8e11ba873c2f11161202b945,False,"insufficient_eligible_synthetic:{""1"":104}"
bn_binary_cinexdrama,1009,2.0,L0.10_U0.60,0.1,0.6,560,"{'0': 254, '1': 306}",704,"{'0': 521, '1': 183}",0,"{'0': 0, '1': 0}",[],0,4f53cda18c2baa0c0354bb5f9a3ecbe5ed12ab4d8e11ba873c2f11161202b945,False,"insufficient_eligible_synthetic:{""1"":123}"
bn_binary_cinexdrama,1009,2.0,L0.20_U0.60,0.2,0.6,560,"{'0': 254, '1': 306}",704,"{'0': 521, '1': 183}",0,"{'0': 0, '1': 0}",[],0,4f53cda18c2baa0c0354bb5f9a3ecbe5ed12ab4d8e11ba873c2f11161202b945,False,"insufficient_eligible_synthetic:{""1"":123}"
bn_binary_cinexdrama,1009,2.0,L0.30_U0.60,0.3,0.6,560,"{'0': 254, '1': 306}",704,"{'0': 521, '1': 183}",0,"{'0': 0, '1': 0}",[],0,4f53cda18c2baa0c0354bb5f9a3ecbe5ed12ab4d8e11ba873c2f11161202b945,False,"insufficient_eligible_synthetic:{""1"":123}"
bn_binary_cinexdrama,1009,2.0,L0.40_U0.60,0.4,0.6,560,"{'0': 254, '1': 306}",649,"{'0': 485, '1': 164}",0,"{'0': 0, '1': 0}",[],0,4f53cda18c2baa0c0354bb5f9a3ecbe5ed12ab4d8e11ba873c2f11161202b945,False,"insufficient_eligible_synthetic:{""1"":142}"
bn_binary_cinexdrama,1009,2.5,L0.10_U0.60,0.1,0.6,700,"{'0': 318, '1': 382}",704,"{'0': 521, '1': 183}",0,"{'0': 0, '1': 0}",[],0,4f53cda18c2baa0c0354bb5f9a3ecbe5ed12ab4d8e11ba873c2f11161202b945,False,"insufficient_eligible_synthetic:{""1"":199}"
bn_binary_cinexdrama,1009,2.5,L0.20_U0.60,0.2,0.6,700,"{'0': 318, '1': 382}",704,"{'0': 521, '1': 183}",0,"{'0': 0, '1': 0}",[],0,4f53cda18c2baa0c0354bb5f9a3ecbe5ed12ab4d8e11ba873c2f11161202b945,False,"insufficient_eligible_synthetic:{""1"":199}"
bn_binary_cinexdrama,1009,2.5,L0.30_U0.60,0.3,0.6,700,"{'0': 318, '1': 382}",704,"{'0': 521, '1': 183}",0,"{'0': 0, '1': 0}",[],0,4f53cda18c2baa0c0354bb5f9a3ecbe5ed12ab4d8e11ba873c2f11161202b945,False,"insufficient_eligible_synthetic:{""1"":199}"
bn_binary_cinexdrama,1009,2.5,L0.40_U0.60,0.4,0.6,700,"{'0': 318, '1': 382}",649,"{'0': 485, '1': 164}",0,"{'0': 0, '1': 0}",[],0,4f53cda18c2baa0c0354bb5f9a3ecbe5ed12ab4d8e11ba873c2f11161202b945,False,"insufficient_eligible_synthetic:{""1"":218}"
bn_binary_cinexdrama,1009,3.0,L0.10_U0.60,0.1,0.6,840,"{'0': 381, '1': 459}",704,"{'0': 521, '1': 183}",0,"{'0': 0, '1': 0}",[],0,4f53cda18c2baa0c0354bb5f9a3ecbe5ed12ab4d8e11ba873c2f11161202b945,False,"insufficient_eligible_synthetic:{""1"":276}"
bn_binary_cinexdrama,1009,3.0,L0.20_U0.60,0.2,0.6,840,"{'0': 381, '1': 459}",704,"{'0': 521, '1': 183}",0,"{'0': 0, '1': 0}",[],0,4f53cda18c2baa0c0354bb5f9a3ecbe5ed12ab4d8e11ba873c2f11161202b945,False,"insufficient_eligible_synthetic:{""1"":276}"
bn_binary_cinexdrama,1009,3.0,L0.30_U0.60,0.3,0.6,840,"{'0': 381, '1': 459}",704,"{'0': 521, '1': 183}",0,"{'0': 0, '1': 0}",[],0,4f53cda18c2baa0c0354bb5f9a3ecbe5ed12ab4d8e11ba873c2f11161202b945,False,"insufficient_eligible_synthetic:{""1"":276}"
bn_binary_cinexdrama,1009,3.0,L0.40_U0.60,0.4,0.6,840,"{'0': 381, '1': 459}",649,"{'0': 485, '1': 164}",0,"{'0': 0, '1': 0}",[],0,4f53cda18c2baa0c0354bb5f9a3ecbe5ed12ab4d8e11ba873c2f11161202b945,False,"insufficient_eligible_synthetic:{""1"":295}"
bn_binary_cinexdrama,1009,3.5,L0.10_U0.60,0.1,0.6,980,"{'0': 445, '1': 535}",704,"{'0': 521, '1': 183}",0,"{'0': 0, '1': 0}",[],0,4f53cda18c2baa0c0354bb5f9a3ecbe5ed12ab4d8e11ba873c2f11161202b945,False,"insufficient_eligible_synthetic:{""1"":352}"
bn_binary_cinexdrama,1009,3.5,L0.20_U0.60,0.2,0.6,980,"{'0': 445, '1': 535}",704,"{'0': 521, '1': 183}",0,"{'0': 0, '1': 0}",[],0,4f53cda18c2baa0c0354bb5f9a3ecbe5ed12ab4d8e11ba873c2f11161202b945,False,"insufficient_eligible_synthetic:{""1"":352}"
bn_binary_cinexdrama,1009,3.5,L0.30_U0.60,0.3,0.6,980,"{'0': 445, '1': 535}",704,"{'0': 521, '1': 183}",0,"{'0': 0, '1': 0}",[],0,4f53cda18c2baa0c0354bb5f9a3ecbe5ed12ab4d8e11ba873c2f11161202b945,False,"insufficient_eligible_synthetic:{""1"":352}"
bn_binary_cinexdrama,1009,3.5,L0.40_U0.60,0.4,0.6,980,"{'0': 445, '1': 535}",649,"{'0': 485, '1': 164}",0,"{'0': 0, '1': 0}",[],0,4f53cda18c2baa0c0354bb5f9a3ecbe5ed12ab4d8e11ba873c2f11161202b945,False,"insufficient_eligible_synthetic:{""1"":371}"
bn_binary_cinexdrama,1009,4.0,L0.10_U0.60,0.1,0.6,1120,"{'0': 508, '1': 612}",704,"{'0': 521, '1': 183}",0,"{'0': 0, '1': 0}",[],0,4f53cda18c2baa0c0354bb5f9a3ecbe5ed12ab4d8e11ba873c2f11161202b945,False,"insufficient_eligible_synthetic:{""1"":429}"
bn_binary_cinexdrama,1009,4.0,L0.20_U0.60,0.2,0.6,1120,"{'0': 508, '1': 612}",704,"{'0': 521, '1': 183}",0,"{'0': 0, '1': 0}",[],0,4f53cda18c2baa0c0354bb5f9a3ecbe5ed12ab4d8e11ba873c2f11161202b945,False,"insufficient_eligible_synthetic:{""1"":429}"
bn_binary_cinexdrama,1009,4.0,L0.30_U0.60,0.3,0.6,1120,"{'0': 508, '1': 612}",704,"{'0': 521, '1': 183}",0,"{'0': 0, '1': 0}",[],0,4f53cda18c2baa0c0354bb5f9a3ecbe5ed12ab4d8e11ba873c2f11161202b945,False,"insufficient_eligible_synthetic:{""1"":429}"
bn_binary_cinexdrama,1009,4.0,L0.40_U0.60,0.4,0.6,1120,"{'0': 508, '1': 612}",649,"{'0': 485, '1': 164}",0,"{'0': 0, '1': 0}",[],0,4f53cda18c2baa0c0354bb5f9a3ecbe5ed12ab4d8e11ba873c2f11161202b945,False,"insufficient_eligible_synthetic:{""0"":23,""1"":448}"
bn_binary_cinexdrama,1010,1.0,L0.10_U0.60,0.1,0.6,280,"{'0': 127, '1': 153}",868,"{'0': 719, '1': 149}",0,"{'0': 0, '1': 0}",[],0,4f53cda18c2baa0c0354bb5f9a3ecbe5ed12ab4d8e11ba873c2f11161202b945,False,"insufficient_eligible_synthetic:{""1"":4}"
bn_binary_cinexdrama,1010,1.0,L0.20_U0.60,0.2,0.6,280,"{'0': 127, '1': 153}",868,"{'0': 719, '1': 149}",0,"{'0': 0, '1': 0}",[],0,4f53cda18c2baa0c0354bb5f9a3ecbe5ed12ab4d8e11ba873c2f11161202b945,False,"insufficient_eligible_synthetic:{""1"":4}"
bn_binary_cinexdrama,1010,1.0,L0.30_U0.60,0.3,0.6,280,"{'0': 127, '1': 153}",867,"{'0': 718, '1': 149}",0,"{'0': 0, '1': 0}",[],0,4f53cda18c2baa0c0354bb5f9a3ecbe5ed12ab4d8e11ba873c2f11161202b945,False,"insufficient_eligible_synthetic:{""1"":4}"
bn_binary_cinexdrama,1010,1.0,L0.40_U0.60,0.4,0.6,280,"{'0': 127, '1': 153}",818,"{'0': 669, '1': 149}",0,"{'0': 0, '1': 0}",[],0,4f53cda18c2baa0c0354bb5f9a3ecbe5ed12ab4d8e11ba873c2f11161202b945,False,"insufficient_eligible_synthetic:{""1"":4}"
bn_binary_cinexdrama,1010,1.25,L0.10_U0.60,0.1,0.6,350,"{'0': 159, '1': 191}",868,"{'0': 719, '1': 149}",0,"{'0': 0, '1': 0}",[],0,4f53cda18c2baa0c0354bb5f9a3ecbe5ed12ab4d8e11ba873c2f11161202b945,False,"insufficient_eligible_synthetic:{""1"":42}"
bn_binary_cinexdrama,1010,1.25,L0.20_U0.60,0.2,0.6,350,"{'0': 159, '1': 191}",868,"{'0': 719, '1': 149}",0,"{'0': 0, '1': 0}",[],0,4f53cda18c2baa0c0354bb5f9a3ecbe5ed12ab4d8e11ba873c2f11161202b945,False,"insufficient_eligible_synthetic:{""1"":42}"
bn_binary_cinexdrama,1010,1.25,L0.30_U0.60,0.3,0.6,350,"{'0': 159, '1': 191}",867,"{'0': 718, '1': 149}",0,"{'0': 0, '1': 0}",[],0,4f53cda18c2baa0c0354bb5f9a3ecbe5ed12ab4d8e11ba873c2f11161202b945,False,"insufficient_eligible_synthetic:{""1"":42}"
bn_binary_cinexdrama,1010,1.25,L0.40_U0.60,0.4,0.6,350,"{'0': 159, '1': 191}",818,"{'0': 669, '1': 149}",0,"{'0': 0, '1': 0}",[],0,4f53cda18c2baa0c0354bb5f9a3ecbe5ed12ab4d8e11ba873c2f11161202b945,False,"insufficient_eligible_synthetic:{""1"":42}"
bn_binary_cinexdrama,1010,1.5,L0.10_U0.60,0.1,0.6,420,"{'0': 191, '1': 229}",868,"{'0': 719, '1': 149}",0,"{'0': 0, '1': 0}",[],0,4f53cda18c2baa0c0354bb5f9a3ecbe5ed12ab4d8e11ba873c2f11161202b945,False,"insufficient_eligible_synthetic:{""1"":80}"
bn_binary_cinexdrama,1010,1.5,L0.20_U0.60,0.2,0.6,420,"{'0': 191, '1': 229}",868,"{'0': 719, '1': 149}",0,"{'0': 0, '1': 0}",[],0,4f53cda18c2baa0c0354bb5f9a3ecbe5ed12ab4d8e11ba873c2f11161202b945,False,"insufficient_eligible_synthetic:{""1"":80}"
bn_binary_cinexdrama,1010,1.5,L0.30_U0.60,0.3,0.6,420,"{'0': 191, '1': 229}",867,"{'0': 718, '1': 149}",0,"{'0': 0, '1': 0}",[],0,4f53cda18c2baa0c0354bb5f9a3ecbe5ed12ab4d8e11ba873c2f11161202b945,False,"insufficient_eligible_synthetic:{""1"":80}"
bn_binary_cinexdrama,1010,1.5,L0.40_U0.60,0.4,0.6,420,"{'0': 191, '1': 229}",818,"{'0': 669, '1': 149}",0,"{'0': 0, '1': 0}",[],0,4f53cda18c2baa0c0354bb5f9a3ecbe5ed12ab4d8e11ba873c2f11161202b945,False,"insufficient_eligible_synthetic:{""1"":80}"
bn_binary_cinexdrama,1010,1.75,L0.10_U0.60,0.1,0.6,490,"{'0': 222, '1': 268}",868,"{'0': 719, '1': 149}",0,"{'0': 0, '1': 0}",[],0,4f53cda18c2baa0c0354bb5f9a3ecbe5ed12ab4d8e11ba873c2f11161202b945,False,"insufficient_eligible_synthetic:{""1"":119}"
bn_binary_cinexdrama,1010,1.75,L0.20_U0.60,0.2,0.6,490,"{'0': 222, '1': 268}",868,"{'0': 719, '1': 149}",0,"{'0': 0, '1': 0}",[],0,4f53cda18c2baa0c0354bb5f9a3ecbe5ed12ab4d8e11ba873c2f11161202b945,False,"insufficient_eligible_synthetic:{""1"":119}"
bn_binary_cinexdrama,1010,1.75,L0.30_U0.60,0.3,0.6,490,"{'0': 222, '1': 268}",867,"{'0': 718, '1': 149}",0,"{'0': 0, '1': 0}",[],0,4f53cda18c2baa0c0354bb5f9a3ecbe5ed12ab4d8e11ba873c2f11161202b945,False,"insufficient_eligible_synthetic:{""1"":119}"
bn_binary_cinexdrama,1010,1.75,L0.40_U0.60,0.4,0.6,490,"{'0': 222, '1': 268}",818,"{'0': 669, '1': 149}",0,"{'0': 0, '1': 0}",[],0,4f53cda18c2baa0c0354bb5f9a3ecbe5ed12ab4d8e11ba873c2f11161202b945,False,"insufficient_eligible_synthetic:{""1"":119}"
bn_binary_cinexdrama,1010,2.0,L0.10_U0.60,0.1,0.6,560,"{'0': 254, '1': 306}",868,"{'0': 719, '1': 149}",0,"{'0': 0, '1': 0}",[],0,4f53cda18c2baa0c0354bb5f9a3ecbe5ed12ab4d8e11ba873c2f11161202b945,False,"insufficient_eligible_synthetic:{""1"":157}"
bn_binary_cinexdrama,1010,2.0,L0.20_U0.60,0.2,0.6,560,"{'0': 254, '1': 306}",868,"{'0': 719, '1': 149}",0,"{'0': 0, '1': 0}",[],0,4f53cda18c2baa0c0354bb5f9a3ecbe5ed12ab4d8e11ba873c2f11161202b945,False,"insufficient_eligible_synthetic:{""1"":157}"
bn_binary_cinexdrama,1010,2.0,L0.30_U0.60,0.3,0.6,560,"{'0': 254, '1': 306}",867,"{'0': 718, '1': 149}",0,"{'0': 0, '1': 0}",[],0,4f53cda18c2baa0c0354bb5f9a3ecbe5ed12ab4d8e11ba873c2f11161202b945,False,"insufficient_eligible_synthetic:{""1"":157}"
bn_binary_cinexdrama,1010,2.0,L0.40_U0.60,0.4,0.6,560,"{'0': 254, '1': 306}",818,"{'0': 669, '1': 149}",0,"{'0': 0, '1': 0}",[],0,4f53cda18c2baa0c0354bb5f9a3ecbe5ed12ab4d8e11ba873c2f11161202b945,False,"insufficient_eligible_synthetic:{""1"":157}"
bn_binary_cinexdrama,1010,2.5,L0.10_U0.60,0.1,0.6,700,"{'0': 318, '1': 382}",868,"{'0': 719, '1': 149}",0,"{'0': 0, '1': 0}",[],0,4f53cda18c2baa0c0354bb5f9a3ecbe5ed12ab4d8e11ba873c2f11161202b945,False,"insufficient_eligible_synthetic:{""1"":233}"
bn_binary_cinexdrama,1010,2.5,L0.20_U0.60,0.2,0.6,700,"{'0': 318, '1': 382}",868,"{'0': 719, '1': 149}",0,"{'0': 0, '1': 0}",[],0,4f53cda18c2baa0c0354bb5f9a3ecbe5ed12ab4d8e11ba873c2f11161202b945,False,"insufficient_eligible_synthetic:{""1"":233}"
bn_binary_cinexdrama,1010,2.5,L0.30_U0.60,0.3,0.6,700,"{'0': 318, '1': 382}",867,"{'0': 718, '1': 149}",0,"{'0': 0, '1': 0}",[],0,4f53cda18c2baa0c0354bb5f9a3ecbe5ed12ab4d8e11ba873c2f11161202b945,False,"insufficient_eligible_synthetic:{""1"":233}"
bn_binary_cinexdrama,1010,2.5,L0.40_U0.60,0.4,0.6,700,"{'0': 318, '1': 382}",818,"{'0': 669, '1': 149}",0,"{'0': 0, '1': 0}",[],0,4f53cda18c2baa0c0354bb5f9a3ecbe5ed12ab4d8e11ba873c2f11161202b945,False,"insufficient_eligible_synthetic:{""1"":233}"
bn_binary_cinexdrama,1010,3.0,L0.10_U0.60,0.1,0.6,840,"{'0': 381, '1': 459}",868,"{'0': 719, '1': 149}",0,"{'0': 0, '1': 0}",[],0,4f53cda18c2baa0c0354bb5f9a3ecbe5ed12ab4d8e11ba873c2f11161202b945,False,"insufficient_eligible_synthetic:{""1"":310}"
bn_binary_cinexdrama,1010,3.0,L0.20_U0.60,0.2,0.6,840,"{'0': 381, '1': 459}",868,"{'0': 719, '1': 149}",0,"{'0': 0, '1': 0}",[],0,4f53cda18c2baa0c0354bb5f9a3ecbe5ed12ab4d8e11ba873c2f11161202b945,False,"insufficient_eligible_synthetic:{""1"":310}"
bn_binary_cinexdrama,1010,3.0,L0.30_U0.60,0.3,0.6,840,"{'0': 381, '1': 459}",867,"{'0': 718, '1': 149}",0,"{'0': 0, '1': 0}",[],0,4f53cda18c2baa0c0354bb5f9a3ecbe5ed12ab4d8e11ba873c2f11161202b945,False,"insufficient_eligible_synthetic:{""1"":310}"
bn_binary_cinexdrama,1010,3.0,L0.40_U0.60,0.4,0.6,840,"{'0': 381, '1': 459}",818,"{'0': 669, '1': 149}",0,"{'0': 0, '1': 0}",[],0,4f53cda18c2baa0c0354bb5f9a3ecbe5ed12ab4d8e11ba873c2f11161202b945,False,"insufficient_eligible_synthetic:{""1"":310}"
bn_binary_cinexdrama,1010,3.5,L0.10_U0.60,0.1,0.6,980,"{'0': 445, '1': 535}",868,"{'0': 719, '1': 149}",0,"{'0': 0, '1': 0}",[],0,4f53cda18c2baa0c0354bb5f9a3ecbe5ed12ab4d8e11ba873c2f11161202b945,False,"insufficient_eligible_synthetic:{""1"":386}"
bn_binary_cinexdrama,1010,3.5,L0.20_U0.60,0.2,0.6,980,"{'0': 445, '1': 535}",868,"{'0': 719, '1': 149}",0,"{'0': 0, '1': 0}",[],0,4f53cda18c2baa0c0354bb5f9a3ecbe5ed12ab4d8e11ba873c2f11161202b945,False,"insufficient_eligible_synthetic:{""1"":386}"
bn_binary_cinexdrama,1010,3.5,L0.30_U0.60,0.3,0.6,980,"{'0': 445, '1': 535}",867,"{'0': 718, '1': 149}",0,"{'0': 0, '1': 0}",[],0,4f53cda18c2baa0c0354bb5f9a3ecbe5ed12ab4d8e11ba873c2f11161202b945,False,"insufficient_eligible_synthetic:{""1"":386}"
bn_binary_cinexdrama,1010,3.5,L0.40_U0.60,0.4,0.6,980,"{'0': 445, '1': 535}",818,"{'0': 669, '1': 149}",0,"{'0': 0, '1': 0}",[],0,4f53cda18c2baa0c0354bb5f9a3ecbe5ed12ab4d8e11ba873c2f11161202b945,False,"insufficient_eligible_synthetic:{""1"":386}"
bn_binary_cinexdrama,1010,4.0,L0.10_U0.60,0.1,0.6,1120,"{'0': 508, '1': 612}",868,"{'0': 719, '1': 149}",0,"{'0': 0, '1': 0}",[],0,4f53cda18c2baa0c0354bb5f9a3ecbe5ed12ab4d8e11ba873c2f11161202b945,False,"insufficient_eligible_synthetic:{""1"":463}"
bn_binary_cinexdrama,1010,4.0,L0.20_U0.60,0.2,0.6,1120,"{'0': 508, '1': 612}",868,"{'0': 719, '1': 149}",0,"{'0': 0, '1': 0}",[],0,4f53cda18c2baa0c0354bb5f9a3ecbe5ed12ab4d8e11ba873c2f11161202b945,False,"insufficient_eligible_synthetic:{""1"":463}"
bn_binary_cinexdrama,1010,4.0,L0.30_U0.60,0.3,0.6,1120,"{'0': 508, '1': 612}",867,"{'0': 718, '1': 149}",0,"{'0': 0, '1': 0}",[],0,4f53cda18c2baa0c0354bb5f9a3ecbe5ed12ab4d8e11ba873c2f11161202b945,False,"insufficient_eligible_synthetic:{""1"":463}"
bn_binary_cinexdrama,1010,4.0,L0.40_U0.60,0.4,0.6,1120,"{'0': 508, '1': 612}",818,"{'0': 669, '1': 149}",0,"{'0': 0, '1': 0}",[],0,4f53cda18c2baa0c0354bb5f9a3ecbe5ed12ab4d8e11ba873c2f11161202b945,False,"insufficient_eligible_synthetic:{""1"":463}"
bn_binary_cinexdrama,1011,1.25,L0.40_U0.60,0.4,0.6,350,"{'0': 159, '1': 191}",785,"{'0': 606, '1': 179}",0,"{'0': 0, '1': 0}",[],0,4f53cda18c2baa0c0354bb5f9a3ecbe5ed12ab4d8e11ba873c2f11161202b945,False,"insufficient_eligible_synthetic:{""1"":12}"
bn_binary_cinexdrama,1011,1.5,L0.10_U0.60,0.1,0.6,420,"{'0': 191, '1': 229}",831,"{'0': 624, '1': 207}",0,"{'0': 0, '1': 0}",[],0,4f53cda18c2baa0c0354bb5f9a3ecbe5ed12ab4d8e11ba873c2f11161202b945,False,"insufficient_eligible_synthetic:{""1"":22}"
bn_binary_cinexdrama,1011,1.5,L0.20_U0.60,0.2,0.6,420,"{'0': 191, '1': 229}",831,"{'0': 624, '1': 207}",0,"{'0': 0, '1': 0}",[],0,4f53cda18c2baa0c0354bb5f9a3ecbe5ed12ab4d8e11ba873c2f11161202b945,False,"insufficient_eligible_synthetic:{""1"":22}"
bn_binary_cinexdrama,1011,1.5,L0.30_U0.60,0.3,0.6,420,"{'0': 191, '1': 229}",831,"{'0': 624, '1': 207}",0,"{'0': 0, '1': 0}",[],0,4f53cda18c2baa0c0354bb5f9a3ecbe5ed12ab4d8e11ba873c2f11161202b945,False,"insufficient_eligible_synthetic:{""1"":22}"
bn_binary_cinexdrama,1011,1.5,L0.40_U0.60,0.4,0.6,420,"{'0': 191, '1': 229}",785,"{'0': 606, '1': 179}",0,"{'0': 0, '1': 0}",[],0,4f53cda18c2baa0c0354bb5f9a3ecbe5ed12ab4d8e11ba873c2f11161202b945,False,"insufficient_eligible_synthetic:{""1"":50}"
bn_binary_cinexdrama,1011,1.75,L0.10_U0.60,0.1,0.6,490,"{'0': 222, '1': 268}",831,"{'0': 624, '1': 207}",0,"{'0': 0, '1': 0}",[],0,4f53cda18c2baa0c0354bb5f9a3ecbe5ed12ab4d8e11ba873c2f11161202b945,False,"insufficient_eligible_synthetic:{""1"":61}"
bn_binary_cinexdrama,1011,1.75,L0.20_U0.60,0.2,0.6,490,"{'0': 222, '1': 268}",831,"{'0': 624, '1': 207}",0,"{'0': 0, '1': 0}",[],0,4f53cda18c2baa0c0354bb5f9a3ecbe5ed12ab4d8e11ba873c2f11161202b945,False,"insufficient_eligible_synthetic:{""1"":61}"
bn_binary_cinexdrama,1011,1.75,L0.30_U0.60,0.3,0.6,490,"{'0': 222, '1': 268}",831,"{'0': 624, '1': 207}",0,"{'0': 0, '1': 0}",[],0,4f53cda18c2baa0c0354bb5f9a3ecbe5ed12ab4d8e11ba873c2f11161202b945,False,"insufficient_eligible_synthetic:{""1"":61}"
bn_binary_cinexdrama,1011,1.75,L0.40_U0.60,0.4,0.6,490,"{'0': 222, '1': 268}",785,"{'0': 606, '1': 179}",0,"{'0': 0, '1': 0}",[],0,4f53cda18c2baa0c0354bb5f9a3ecbe5ed12ab4d8e11ba873c2f11161202b945,False,"insufficient_eligible_synthetic:{""1"":89}"
bn_binary_cinexdrama,1011,2.0,L0.10_U0.60,0.1,0.6,560,"{'0': 254, '1': 306}",831,"{'0': 624, '1': 207}",0,"{'0': 0, '1': 0}",[],0,4f53cda18c2baa0c0354bb5f9a3ecbe5ed12ab4d8e11ba873c2f11161202b945,False,"insufficient_eligible_synthetic:{""1"":99}"
bn_binary_cinexdrama,1011,2.0,L0.20_U0.60,0.2,0.6,560,"{'0': 254, '1': 306}",831,"{'0': 624, '1': 207}",0,"{'0': 0, '1': 0}",[],0,4f53cda18c2baa0c0354bb5f9a3ecbe5ed12ab4d8e11ba873c2f11161202b945,False,"insufficient_eligible_synthetic:{""1"":99}"
bn_binary_cinexdrama,1011,2.0,L0.30_U0.60,0.3,0.6,560,"{'0': 254, '1': 306}",831,"{'0': 624, '1': 207}",0,"{'0': 0, '1': 0}",[],0,4f53cda18c2baa0c0354bb5f9a3ecbe5ed12ab4d8e11ba873c2f11161202b945,False,"insufficient_eligible_synthetic:{""1"":99}"
bn_binary_cinexdrama,1011,2.0,L0.40_U0.60,0.4,0.6,560,"{'0': 254, '1': 306}",785,"{'0': 606, '1': 179}",0,"{'0': 0, '1': 0}",[],0,4f53cda18c2baa0c0354bb5f9a3ecbe5ed12ab4d8e11ba873c2f11161202b945,False,"insufficient_eligible_synthetic:{""1"":127}"
bn_binary_cinexdrama,1011,2.5,L0.10_U0.60,0.1,0.6,700,"{'0': 318, '1': 382}",831,"{'0': 624, '1': 207}",0,"{'0': 0, '1': 0}",[],0,4f53cda18c2baa0c0354bb5f9a3ecbe5ed12ab4d8e11ba873c2f11161202b945,False,"insufficient_eligible_synthetic:{""1"":175}"
bn_binary_cinexdrama,1011,2.5,L0.20_U0.60,0.2,0.6,700,"{'0': 318, '1': 382}",831,"{'0': 624, '1': 207}",0,"{'0': 0, '1': 0}",[],0,4f53cda18c2baa0c0354bb5f9a3ecbe5ed12ab4d8e11ba873c2f11161202b945,False,"insufficient_eligible_synthetic:{""1"":175}"
bn_binary_cinexdrama,1011,2.5,L0.30_U0.60,0.3,0.6,700,"{'0': 318, '1': 382}",831,"{'0': 624, '1': 207}",0,"{'0': 0, '1': 0}",[],0,4f53cda18c2baa0c0354bb5f9a3ecbe5ed12ab4d8e11ba873c2f11161202b945,False,"insufficient_eligible_synthetic:{""1"":175}"
bn_binary_cinexdrama,1011,2.5,L0.40_U0.60,0.4,0.6,700,"{'0': 318, '1': 382}",785,"{'0': 606, '1': 179}",0,"{'0': 0, '1': 0}",[],0,4f53cda18c2baa0c0354bb5f9a3ecbe5ed12ab4d8e11ba873c2f11161202b945,False,"insufficient_eligible_synthetic:{""1"":203}"
bn_binary_cinexdrama,1011,3.0,L0.10_U0.60,0.1,0.6,840,"{'0': 381, '1': 459}",831,"{'0': 624, '1': 207}",0,"{'0': 0, '1': 0}",[],0,4f53cda18c2baa0c0354bb5f9a3ecbe5ed12ab4d8e11ba873c2f11161202b945,False,"insufficient_eligible_synthetic:{""1"":252}"
bn_binary_cinexdrama,1011,3.0,L0.20_U0.60,0.2,0.6,840,"{'0': 381, '1': 459}",831,"{'0': 624, '1': 207}",0,"{'0': 0, '1': 0}",[],0,4f53cda18c2baa0c0354bb5f9a3ecbe5ed12ab4d8e11ba873c2f11161202b945,False,"insufficient_eligible_synthetic:{""1"":252}"
bn_binary_cinexdrama,1011,3.0,L0.30_U0.60,0.3,0.6,840,"{'0': 381, '1': 459}",831,"{'0': 624, '1': 207}",0,"{'0': 0, '1': 0}",[],0,4f53cda18c2baa0c0354bb5f9a3ecbe5ed12ab4d8e11ba873c2f11161202b945,False,"insufficient_eligible_synthetic:{""1"":252}"
bn_binary_cinexdrama,1011,3.0,L0.40_U0.60,0.4,0.6,840,"{'0': 381, '1': 459}",785,"{'0': 606, '1': 179}",0,"{'0': 0, '1': 0}",[],0,4f53cda18c2baa0c0354bb5f9a3ecbe5ed12ab4d8e11ba873c2f11161202b945,False,"insufficient_eligible_synthetic:{""1"":280}"
bn_binary_cinexdrama,1011,3.5,L0.10_U0.60,0.1,0.6,980,"{'0': 445, '1': 535}",831,"{'0': 624, '1': 207}",0,"{'0': 0, '1': 0}",[],0,4f53cda18c2baa0c0354bb5f9a3ecbe5ed12ab4d8e11ba873c2f11161202b945,False,"insufficient_eligible_synthetic:{""1"":328}"
bn_binary_cinexdrama,1011,3.5,L0.20_U0.60,0.2,0.6,980,"{'0': 445, '1': 535}",831,"{'0': 624, '1': 207}",0,"{'0': 0, '1': 0}",[],0,4f53cda18c2baa0c0354bb5f9a3ecbe5ed12ab4d8e11ba873c2f11161202b945,False,"insufficient_eligible_synthetic:{""1"":328}"
bn_binary_cinexdrama,1011,3.5,L0.30_U0.60,0.3,0.6,980,"{'0': 445, '1': 535}",831,"{'0': 624, '1': 207}",0,"{'0': 0, '1': 0}",[],0,4f53cda18c2baa0c0354bb5f9a3ecbe5ed12ab4d8e11ba873c2f11161202b945,False,"insufficient_eligible_synthetic:{""1"":328}"
bn_binary_cinexdrama,1011,3.5,L0.40_U0.60,0.4,0.6,980,"{'0': 445, '1': 535}",785,"{'0': 606, '1': 179}",0,"{'0': 0, '1': 0}",[],0,4f53cda18c2baa0c0354bb5f9a3ecbe5ed12ab4d8e11ba873c2f11161202b945,False,"insufficient_eligible_synthetic:{""1"":356}"
bn_binary_cinexdrama,1011,4.0,L0.10_U0.60,0.1,0.6,1120,"{'0': 508, '1': 612}",831,"{'0': 624, '1': 207}",0,"{'0': 0, '1': 0}",[],0,4f53cda18c2baa0c0354bb5f9a3ecbe5ed12ab4d8e11ba873c2f11161202b945,False,"insufficient_eligible_synthetic:{""1"":405}"
bn_binary_cinexdrama,1011,4.0,L0.20_U0.60,0.2,0.6,1120,"{'0': 508, '1': 612}",831,"{'0': 624, '1': 207}",0,"{'0': 0, '1': 0}",[],0,4f53cda18c2baa0c0354bb5f9a3ecbe5ed12ab4d8e11ba873c2f11161202b945,False,"insufficient_eligible_synthetic:{""1"":405}"
bn_binary_cinexdrama,1011,4.0,L0.30_U0.60,0.3,0.6,1120,"{'0': 508, '1': 612}",831,"{'0': 624, '1': 207}",0,"{'0': 0, '1': 0}",[],0,4f53cda18c2baa0c0354bb5f9a3ecbe5ed12ab4d8e11ba873c2f11161202b945,False,"insufficient_eligible_synthetic:{""1"":405}"
bn_binary_cinexdrama,1011,4.0,L0.40_U0.60,0.4,0.6,1120,"{'0': 508, '1': 612}",785,"{'0': 606, '1': 179}",0,"{'0': 0, '1': 0}",[],0,4f53cda18c2baa0c0354bb5f9a3ecbe5ed12ab4d8e11ba873c2f11161202b945,False,"insufficient_eligible_synthetic:{""1"":433}"
bn_binary_cinexdrama,1012,1.5,L0.40_U0.60,0.4,0.6,420,"{'0': 191, '1': 229}",761,"{'0': 544, '1': 217}",0,"{'0': 0, '1': 0}",[],0,4f53cda18c2baa0c0354bb5f9a3ecbe5ed12ab4d8e11ba873c2f11161202b945,False,"insufficient_eligible_synthetic:{""1"":12}"
bn_binary_cinexdrama,1012,1.75,L0.10_U0.60,0.1,0.6,490,"{'0': 222, '1': 268}",796,"{'0': 555, '1': 241}",0,"{'0': 0, '1': 0}",[],0,4f53cda18c2baa0c0354bb5f9a3ecbe5ed12ab4d8e11ba873c2f11161202b945,False,"insufficient_eligible_synthetic:{""1"":27}"
bn_binary_cinexdrama,1012,1.75,L0.20_U0.60,0.2,0.6,490,"{'0': 222, '1': 268}",796,"{'0': 555, '1': 241}",0,"{'0': 0, '1': 0}",[],0,4f53cda18c2baa0c0354bb5f9a3ecbe5ed12ab4d8e11ba873c2f11161202b945,False,"insufficient_eligible_synthetic:{""1"":27}"
bn_binary_cinexdrama,1012,1.75,L0.30_U0.60,0.3,0.6,490,"{'0': 222, '1': 268}",796,"{'0': 555, '1': 241}",0,"{'0': 0, '1': 0}",[],0,4f53cda18c2baa0c0354bb5f9a3ecbe5ed12ab4d8e11ba873c2f11161202b945,False,"insufficient_eligible_synthetic:{""1"":27}"
bn_binary_cinexdrama,1012,1.75,L0.40_U0.60,0.4,0.6,490,"{'0': 222, '1': 268}",761,"{'0': 544, '1': 217}",0,"{'0': 0, '1': 0}",[],0,4f53cda18c2baa0c0354bb5f9a3ecbe5ed12ab4d8e11ba873c2f11161202b945,False,"insufficient_eligible_synthetic:{""1"":51}"
bn_binary_cinexdrama,1012,2.0,L0.10_U0.60,0.1,0.6,560,"{'0': 254, '1': 306}",796,"{'0': 555, '1': 241}",0,"{'0': 0, '1': 0}",[],0,4f53cda18c2baa0c0354bb5f9a3ecbe5ed12ab4d8e11ba873c2f11161202b945,False,"insufficient_eligible_synthetic:{""1"":65}"
bn_binary_cinexdrama,1012,2.0,L0.20_U0.60,0.2,0.6,560,"{'0': 254, '1': 306}",796,"{'0': 555, '1': 241}",0,"{'0': 0, '1': 0}",[],0,4f53cda18c2baa0c0354bb5f9a3ecbe5ed12ab4d8e11ba873c2f11161202b945,False,"insufficient_eligible_synthetic:{""1"":65}"
bn_binary_cinexdrama,1012,2.0,L0.30_U0.60,0.3,0.6,560,"{'0': 254, '1': 306}",796,"{'0': 555, '1': 241}",0,"{'0': 0, '1': 0}",[],0,4f53cda18c2baa0c0354bb5f9a3ecbe5ed12ab4d8e11ba873c2f11161202b945,False,"insufficient_eligible_synthetic:{""1"":65}"
bn_binary_cinexdrama,1012,2.0,L0.40_U0.60,0.4,0.6,560,"{'0': 254, '1': 306}",761,"{'0': 544, '1': 217}",0,"{'0': 0, '1': 0}",[],0,4f53cda18c2baa0c0354bb5f9a3ecbe5ed12ab4d8e11ba873c2f11161202b945,False,"insufficient_eligible_synthetic:{""1"":89}"
bn_binary_cinexdrama,1012,2.5,L0.10_U0.60,0.1,0.6,700,"{'0': 318, '1': 382}",796,"{'0': 555, '1': 241}",0,"{'0': 0, '1': 0}",[],0,4f53cda18c2baa0c0354bb5f9a3ecbe5ed12ab4d8e11ba873c2f11161202b945,False,"insufficient_eligible_synthetic:{""1"":141}"
bn_binary_cinexdrama,1012,2.5,L0.20_U0.60,0.2,0.6,700,"{'0': 318, '1': 382}",796,"{'0': 555, '1': 241}",0,"{'0': 0, '1': 0}",[],0,4f53cda18c2baa0c0354bb5f9a3ecbe5ed12ab4d8e11ba873c2f11161202b945,False,"insufficient_eligible_synthetic:{""1"":141}"
bn_binary_cinexdrama,1012,2.5,L0.30_U0.60,0.3,0.6,700,"{'0': 318, '1': 382}",796,"{'0': 555, '1': 241}",0,"{'0': 0, '1': 0}",[],0,4f53cda18c2baa0c0354bb5f9a3ecbe5ed12ab4d8e11ba873c2f11161202b945,False,"insufficient_eligible_synthetic:{""1"":141}"
bn_binary_cinexdrama,1012,2.5,L0.40_U0.60,0.4,0.6,700,"{'0': 318, '1': 382}",761,"{'0': 544, '1': 217}",0,"{'0': 0, '1': 0}",[],0,4f53cda18c2baa0c0354bb5f9a3ecbe5ed12ab4d8e11ba873c2f11161202b945,False,"insufficient_eligible_synthetic:{""1"":165}"
bn_binary_cinexdrama,1012,3.0,L0.10_U0.60,0.1,0.6,840,"{'0': 381, '1': 459}",796,"{'0': 555, '1': 241}",0,"{'0': 0, '1': 0}",[],0,4f53cda18c2baa0c0354bb5f9a3ecbe5ed12ab4d8e11ba873c2f11161202b945,False,"insufficient_eligible_synthetic:{""1"":218}"
bn_binary_cinexdrama,1012,3.0,L0.20_U0.60,0.2,0.6,840,"{'0': 381, '1': 459}",796,"{'0': 555, '1': 241}",0,"{'0': 0, '1': 0}",[],0,4f53cda18c2baa0c0354bb5f9a3ecbe5ed12ab4d8e11ba873c2f11161202b945,False,"insufficient_eligible_synthetic:{""1"":218}"
bn_binary_cinexdrama,1012,3.0,L0.30_U0.60,0.3,0.6,840,"{'0': 381, '1': 459}",796,"{'0': 555, '1': 241}",0,"{'0': 0, '1': 0}",[],0,4f53cda18c2baa0c0354bb5f9a3ecbe5ed12ab4d8e11ba873c2f11161202b945,False,"insufficient_eligible_synthetic:{""1"":218}"
bn_binary_cinexdrama,1012,3.0,L0.40_U0.60,0.4,0.6,840,"{'0': 381, '1': 459}",761,"{'0': 544, '1': 217}",0,"{'0': 0, '1': 0}",[],0,4f53cda18c2baa0c0354bb5f9a3ecbe5ed12ab4d8e11ba873c2f11161202b945,False,"insufficient_eligible_synthetic:{""1"":242}"
bn_binary_cinexdrama,1012,3.5,L0.10_U0.60,0.1,0.6,980,"{'0': 445, '1': 535}",796,"{'0': 555, '1': 241}",0,"{'0': 0, '1': 0}",[],0,4f53cda18c2baa0c0354bb5f9a3ecbe5ed12ab4d8e11ba873c2f11161202b945,False,"insufficient_eligible_synthetic:{""1"":294}"
bn_binary_cinexdrama,1012,3.5,L0.20_U0.60,0.2,0.6,980,"{'0': 445, '1': 535}",796,"{'0': 555, '1': 241}",0,"{'0': 0, '1': 0}",[],0,4f53cda18c2baa0c0354bb5f9a3ecbe5ed12ab4d8e11ba873c2f11161202b945,False,"insufficient_eligible_synthetic:{""1"":294}"
bn_binary_cinexdrama,1012,3.5,L0.30_U0.60,0.3,0.6,980,"{'0': 445, '1': 535}",796,"{'0': 555, '1': 241}",0,"{'0': 0, '1': 0}",[],0,4f53cda18c2baa0c0354bb5f9a3ecbe5ed12ab4d8e11ba873c2f11161202b945,False,"insufficient_eligible_synthetic:{""1"":294}"
bn_binary_cinexdrama,1012,3.5,L0.40_U0.60,0.4,0.6,980,"{'0': 445, '1': 535}",761,"{'0': 544, '1': 217}",0,"{'0': 0, '1': 0}",[],0,4f53cda18c2baa0c0354bb5f9a3ecbe5ed12ab4d8e11ba873c2f11161202b945,False,"insufficient_eligible_synthetic:{""1"":318}"
bn_binary_cinexdrama,1012,4.0,L0.10_U0.60,0.1,0.6,1120,"{'0': 508, '1': 612}",796,"{'0': 555, '1': 241}",0,"{'0': 0, '1': 0}",[],0,4f53cda18c2baa0c0354bb5f9a3ecbe5ed12ab4d8e11ba873c2f11161202b945,False,"insufficient_eligible_synthetic:{""1"":371}"
bn_binary_cinexdrama,1012,4.0,L0.20_U0.60,0.2,0.6,1120,"{'0': 508, '1': 612}",796,"{'0': 555, '1': 241}",0,"{'0': 0, '1': 0}",[],0,4f53cda18c2baa0c0354bb5f9a3ecbe5ed12ab4d8e11ba873c2f11161202b945,False,"insufficient_eligible_synthetic:{""1"":371}"
bn_binary_cinexdrama,1012,4.0,L0.30_U0.60,0.3,0.6,1120,"{'0': 508, '1': 612}",796,"{'0': 555, '1': 241}",0,"{'0': 0, '1': 0}",[],0,4f53cda18c2baa0c0354bb5f9a3ecbe5ed12ab4d8e11ba873c2f11161202b945,False,"insufficient_eligible_synthetic:{""1"":371}"
bn_binary_cinexdrama,1012,4.0,L0.40_U0.60,0.4,0.6,1120,"{'0': 508, '1': 612}",761,"{'0': 544, '1': 217}",0,"{'0': 0, '1': 0}",[],0,4f53cda18c2baa0c0354bb5f9a3ecbe5ed12ab4d8e11ba873c2f11161202b945,False,"insufficient_eligible_synthetic:{""1"":395}"
bn_binary_cinexdrama,1013,1.75,L0.40_U0.60,0.4,0.6,490,"{'0': 222, '1': 268}",829,"{'0': 570, '1': 259}",0,"{'0': 0, '1': 0}",[],0,4f53cda18c2baa0c0354bb5f9a3ecbe5ed12ab4d8e11ba873c2f11161202b945,False,"insufficient_eligible_synthetic:{""1"":9}"
bn_binary_cinexdrama,1013,2.0,L0.10_U0.60,0.1,0.6,560,"{'0': 254, '1': 306}",872,"{'0': 604, '1': 268}",0,"{'0': 0, '1': 0}",[],0,4f53cda18c2baa0c0354bb5f9a3ecbe5ed12ab4d8e11ba873c2f11161202b945,False,"insufficient_eligible_synthetic:{""1"":38}"
bn_binary_cinexdrama,1013,2.0,L0.20_U0.60,0.2,0.6,560,"{'0': 254, '1': 306}",872,"{'0': 604, '1': 268}",0,"{'0': 0, '1': 0}",[],0,4f53cda18c2baa0c0354bb5f9a3ecbe5ed12ab4d8e11ba873c2f11161202b945,False,"insufficient_eligible_synthetic:{""1"":38}"
bn_binary_cinexdrama,1013,2.0,L0.30_U0.60,0.3,0.6,560,"{'0': 254, '1': 306}",866,"{'0': 598, '1': 268}",0,"{'0': 0, '1': 0}",[],0,4f53cda18c2baa0c0354bb5f9a3ecbe5ed12ab4d8e11ba873c2f11161202b945,False,"insufficient_eligible_synthetic:{""1"":38}"
bn_binary_cinexdrama,1013,2.0,L0.40_U0.60,0.4,0.6,560,"{'0': 254, '1': 306}",829,"{'0': 570, '1': 259}",0,"{'0': 0, '1': 0}",[],0,4f53cda18c2baa0c0354bb5f9a3ecbe5ed12ab4d8e11ba873c2f11161202b945,False,"insufficient_eligible_synthetic:{""1"":47}"
bn_binary_cinexdrama,1013,2.5,L0.10_U0.60,0.1,0.6,700,"{'0': 318, '1': 382}",872,"{'0': 604, '1': 268}",0,"{'0': 0, '1': 0}",[],0,4f53cda18c2baa0c0354bb5f9a3ecbe5ed12ab4d8e11ba873c2f11161202b945,False,"insufficient_eligible_synthetic:{""1"":114}"
bn_binary_cinexdrama,1013,2.5,L0.20_U0.60,0.2,0.6,700,"{'0': 318, '1': 382}",872,"{'0': 604, '1': 268}",0,"{'0': 0, '1': 0}",[],0,4f53cda18c2baa0c0354bb5f9a3ecbe5ed12ab4d8e11ba873c2f11161202b945,False,"insufficient_eligible_synthetic:{""1"":114}"
bn_binary_cinexdrama,1013,2.5,L0.30_U0.60,0.3,0.6,700,"{'0': 318, '1': 382}",866,"{'0': 598, '1': 268}",0,"{'0': 0, '1': 0}",[],0,4f53cda18c2baa0c0354bb5f9a3ecbe5ed12ab4d8e11ba873c2f11161202b945,False,"insufficient_eligible_synthetic:{""1"":114}"
bn_binary_cinexdrama,1013,2.5,L0.40_U0.60,0.4,0.6,700,"{'0': 318, '1': 382}",829,"{'0': 570, '1': 259}",0,"{'0': 0, '1': 0}",[],0,4f53cda18c2baa0c0354bb5f9a3ecbe5ed12ab4d8e11ba873c2f11161202b945,False,"insufficient_eligible_synthetic:{""1"":123}"
bn_binary_cinexdrama,1013,3.0,L0.10_U0.60,0.1,0.6,840,"{'0': 381, '1': 459}",872,"{'0': 604, '1': 268}",0,"{'0': 0, '1': 0}",[],0,4f53cda18c2baa0c0354bb5f9a3ecbe5ed12ab4d8e11ba873c2f11161202b945,False,"insufficient_eligible_synthetic:{""1"":191}"
bn_binary_cinexdrama,1013,3.0,L0.20_U0.60,0.2,0.6,840,"{'0': 381, '1': 459}",872,"{'0': 604, '1': 268}",0,"{'0': 0, '1': 0}",[],0,4f53cda18c2baa0c0354bb5f9a3ecbe5ed12ab4d8e11ba873c2f11161202b945,False,"insufficient_eligible_synthetic:{""1"":191}"
bn_binary_cinexdrama,1013,3.0,L0.30_U0.60,0.3,0.6,840,"{'0': 381, '1': 459}",866,"{'0': 598, '1': 268}",0,"{'0': 0, '1': 0}",[],0,4f53cda18c2baa0c0354bb5f9a3ecbe5ed12ab4d8e11ba873c2f11161202b945,False,"insufficient_eligible_synthetic:{""1"":191}"
bn_binary_cinexdrama,1013,3.0,L0.40_U0.60,0.4,0.6,840,"{'0': 381, '1': 459}",829,"{'0': 570, '1': 259}",0,"{'0': 0, '1': 0}",[],0,4f53cda18c2baa0c0354bb5f9a3ecbe5ed12ab4d8e11ba873c2f11161202b945,False,"insufficient_eligible_synthetic:{""1"":200}"
bn_binary_cinexdrama,1013,3.5,L0.10_U0.60,0.1,0.6,980,"{'0': 445, '1': 535}",872,"{'0': 604, '1': 268}",0,"{'0': 0, '1': 0}",[],0,4f53cda18c2baa0c0354bb5f9a3ecbe5ed12ab4d8e11ba873c2f11161202b945,False,"insufficient_eligible_synthetic:{""1"":267}"
bn_binary_cinexdrama,1013,3.5,L0.20_U0.60,0.2,0.6,980,"{'0': 445, '1': 535}",872,"{'0': 604, '1': 268}",0,"{'0': 0, '1': 0}",[],0,4f53cda18c2baa0c0354bb5f9a3ecbe5ed12ab4d8e11ba873c2f11161202b945,False,"insufficient_eligible_synthetic:{""1"":267}"
bn_binary_cinexdrama,1013,3.5,L0.30_U0.60,0.3,0.6,980,"{'0': 445, '1': 535}",866,"{'0': 598, '1': 268}",0,"{'0': 0, '1': 0}",[],0,4f53cda18c2baa0c0354bb5f9a3ecbe5ed12ab4d8e11ba873c2f11161202b945,False,"insufficient_eligible_synthetic:{""1"":267}"
bn_binary_cinexdrama,1013,3.5,L0.40_U0.60,0.4,0.6,980,"{'0': 445, '1': 535}",829,"{'0': 570, '1': 259}",0,"{'0': 0, '1': 0}",[],0,4f53cda18c2baa0c0354bb5f9a3ecbe5ed12ab4d8e11ba873c2f11161202b945,False,"insufficient_eligible_synthetic:{""1"":276}"
bn_binary_cinexdrama,1013,4.0,L0.10_U0.60,0.1,0.6,1120,"{'0': 508, '1': 612}",872,"{'0': 604, '1': 268}",0,"{'0': 0, '1': 0}",[],0,4f53cda18c2baa0c0354bb5f9a3ecbe5ed12ab4d8e11ba873c2f11161202b945,False,"insufficient_eligible_synthetic:{""1"":344}"
bn_binary_cinexdrama,1013,4.0,L0.20_U0.60,0.2,0.6,1120,"{'0': 508, '1': 612}",872,"{'0': 604, '1': 268}",0,"{'0': 0, '1': 0}",[],0,4f53cda18c2baa0c0354bb5f9a3ecbe5ed12ab4d8e11ba873c2f11161202b945,False,"insufficient_eligible_synthetic:{""1"":344}"
bn_binary_cinexdrama,1013,4.0,L0.30_U0.60,0.3,0.6,1120,"{'0': 508, '1': 612}",866,"{'0': 598, '1': 268}",0,"{'0': 0, '1': 0}",[],0,4f53cda18c2baa0c0354bb5f9a3ecbe5ed12ab4d8e11ba873c2f11161202b945,False,"insufficient_eligible_synthetic:{""1"":344}"
bn_binary_cinexdrama,1013,4.0,L0.40_U0.60,0.4,0.6,1120,"{'0': 508, '1': 612}",829,"{'0': 570, '1': 259}",0,"{'0': 0, '1': 0}",[],0,4f53cda18c2baa0c0354bb5f9a3ecbe5ed12ab4d8e11ba873c2f11161202b945,False,"insufficient_eligible_synthetic:{""1"":353}"
bn_binary_cinexdrama,1014,1.25,L0.10_U0.60,0.1,0.6,350,"{'0': 159, '1': 191}",616,"{'0': 455, '1': 161}",0,"{'0': 0, '1': 0}",[],0,4f53cda18c2baa0c0354bb5f9a3ecbe5ed12ab4d8e11ba873c2f11161202b945,False,"insufficient_eligible_synthetic:{""1"":30}"
bn_binary_cinexdrama,1014,1.25,L0.20_U0.60,0.2,0.6,350,"{'0': 159, '1': 191}",616,"{'0': 455, '1': 161}",0,"{'0': 0, '1': 0}",[],0,4f53cda18c2baa0c0354bb5f9a3ecbe5ed12ab4d8e11ba873c2f11161202b945,False,"insufficient_eligible_synthetic:{""1"":30}"
bn_binary_cinexdrama,1014,1.25,L0.30_U0.60,0.3,0.6,350,"{'0': 159, '1': 191}",616,"{'0': 455, '1': 161}",0,"{'0': 0, '1': 0}",[],0,4f53cda18c2baa0c0354bb5f9a3ecbe5ed12ab4d8e11ba873c2f11161202b945,False,"insufficient_eligible_synthetic:{""1"":30}"
bn_binary_cinexdrama,1014,1.25,L0.40_U0.60,0.4,0.6,350,"{'0': 159, '1': 191}",600,"{'0': 446, '1': 154}",0,"{'0': 0, '1': 0}",[],0,4f53cda18c2baa0c0354bb5f9a3ecbe5ed12ab4d8e11ba873c2f11161202b945,False,"insufficient_eligible_synthetic:{""1"":37}"
bn_binary_cinexdrama,1014,1.5,L0.10_U0.60,0.1,0.6,420,"{'0': 191, '1': 229}",616,"{'0': 455, '1': 161}",0,"{'0': 0, '1': 0}",[],0,4f53cda18c2baa0c0354bb5f9a3ecbe5ed12ab4d8e11ba873c2f11161202b945,False,"insufficient_eligible_synthetic:{""1"":68}"
bn_binary_cinexdrama,1014,1.5,L0.20_U0.60,0.2,0.6,420,"{'0': 191, '1': 229}",616,"{'0': 455, '1': 161}",0,"{'0': 0, '1': 0}",[],0,4f53cda18c2baa0c0354bb5f9a3ecbe5ed12ab4d8e11ba873c2f11161202b945,False,"insufficient_eligible_synthetic:{""1"":68}"
bn_binary_cinexdrama,1014,1.5,L0.30_U0.60,0.3,0.6,420,"{'0': 191, '1': 229}",616,"{'0': 455, '1': 161}",0,"{'0': 0, '1': 0}",[],0,4f53cda18c2baa0c0354bb5f9a3ecbe5ed12ab4d8e11ba873c2f11161202b945,False,"insufficient_eligible_synthetic:{""1"":68}"
bn_binary_cinexdrama,1014,1.5,L0.40_U0.60,0.4,0.6,420,"{'0': 191, '1': 229}",600,"{'0': 446, '1': 154}",0,"{'0': 0, '1': 0}",[],0,4f53cda18c2baa0c0354bb5f9a3ecbe5ed12ab4d8e11ba873c2f11161202b945,False,"insufficient_eligible_synthetic:{""1"":75}"
bn_binary_cinexdrama,1014,1.75,L0.10_U0.60,0.1,0.6,490,"{'0': 222, '1': 268}",616,"{'0': 455, '1': 161}",0,"{'0': 0, '1': 0}",[],0,4f53cda18c2baa0c0354bb5f9a3ecbe5ed12ab4d8e11ba873c2f11161202b945,False,"insufficient_eligible_synthetic:{""1"":107}"
bn_binary_cinexdrama,1014,1.75,L0.20_U0.60,0.2,0.6,490,"{'0': 222, '1': 268}",616,"{'0': 455, '1': 161}",0,"{'0': 0, '1': 0}",[],0,4f53cda18c2baa0c0354bb5f9a3ecbe5ed12ab4d8e11ba873c2f11161202b945,False,"insufficient_eligible_synthetic:{""1"":107}"
bn_binary_cinexdrama,1014,1.75,L0.30_U0.60,0.3,0.6,490,"{'0': 222, '1': 268}",616,"{'0': 455, '1': 161}",0,"{'0': 0, '1': 0}",[],0,4f53cda18c2baa0c0354bb5f9a3ecbe5ed12ab4d8e11ba873c2f11161202b945,False,"insufficient_eligible_synthetic:{""1"":107}"
bn_binary_cinexdrama,1014,1.75,L0.40_U0.60,0.4,0.6,490,"{'0': 222, '1': 268}",600,"{'0': 446, '1': 154}",0,"{'0': 0, '1': 0}",[],0,4f53cda18c2baa0c0354bb5f9a3ecbe5ed12ab4d8e11ba873c2f11161202b945,False,"insufficient_eligible_synthetic:{""1"":114}"
bn_binary_cinexdrama,1014,2.0,L0.10_U0.60,0.1,0.6,560,"{'0': 254, '1': 306}",616,"{'0': 455, '1': 161}",0,"{'0': 0, '1': 0}",[],0,4f53cda18c2baa0c0354bb5f9a3ecbe5ed12ab4d8e11ba873c2f11161202b945,False,"insufficient_eligible_synthetic:{""1"":145}"
bn_binary_cinexdrama,1014,2.0,L0.20_U0.60,0.2,0.6,560,"{'0': 254, '1': 306}",616,"{'0': 455, '1': 161}",0,"{'0': 0, '1': 0}",[],0,4f53cda18c2baa0c0354bb5f9a3ecbe5ed12ab4d8e11ba873c2f11161202b945,False,"insufficient_eligible_synthetic:{""1"":145}"
bn_binary_cinexdrama,1014,2.0,L0.30_U0.60,0.3,0.6,560,"{'0': 254, '1': 306}",616,"{'0': 455, '1': 161}",0,"{'0': 0, '1': 0}",[],0,4f53cda18c2baa0c0354bb5f9a3ecbe5ed12ab4d8e11ba873c2f11161202b945,False,"insufficient_eligible_synthetic:{""1"":145}"
bn_binary_cinexdrama,1014,2.0,L0.40_U0.60,0.4,0.6,560,"{'0': 254, '1': 306}",600,"{'0': 446, '1': 154}",0,"{'0': 0, '1': 0}",[],0,4f53cda18c2baa0c0354bb5f9a3ecbe5ed12ab4d8e11ba873c2f11161202b945,False,"insufficient_eligible_synthetic:{""1"":152}"
bn_binary_cinexdrama,1014,2.5,L0.10_U0.60,0.1,0.6,700,"{'0': 318, '1': 382}",616,"{'0': 455, '1': 161}",0,"{'0': 0, '1': 0}",[],0,4f53cda18c2baa0c0354bb5f9a3ecbe5ed12ab4d8e11ba873c2f11161202b945,False,"insufficient_eligible_synthetic:{""1"":221}"
bn_binary_cinexdrama,1014,2.5,L0.20_U0.60,0.2,0.6,700,"{'0': 318, '1': 382}",616,"{'0': 455, '1': 161}",0,"{'0': 0, '1': 0}",[],0,4f53cda18c2baa0c0354bb5f9a3ecbe5ed12ab4d8e11ba873c2f11161202b945,False,"insufficient_eligible_synthetic:{""1"":221}"
bn_binary_cinexdrama,1014,2.5,L0.30_U0.60,0.3,0.6,700,"{'0': 318, '1': 382}",616,"{'0': 455, '1': 161}",0,"{'0': 0, '1': 0}",[],0,4f53cda18c2baa0c0354bb5f9a3ecbe5ed12ab4d8e11ba873c2f11161202b945,False,"insufficient_eligible_synthetic:{""1"":221}"
bn_binary_cinexdrama,1014,2.5,L0.40_U0.60,0.4,0.6,700,"{'0': 318, '1': 382}",600,"{'0': 446, '1': 154}",0,"{'0': 0, '1': 0}",[],0,4f53cda18c2baa0c0354bb5f9a3ecbe5ed12ab4d8e11ba873c2f11161202b945,False,"insufficient_eligible_synthetic:{""1"":228}"
bn_binary_cinexdrama,1014,3.0,L0.10_U0.60,0.1,0.6,840,"{'0': 381, '1': 459}",616,"{'0': 455, '1': 161}",0,"{'0': 0, '1': 0}",[],0,4f53cda18c2baa0c0354bb5f9a3ecbe5ed12ab4d8e11ba873c2f11161202b945,False,"insufficient_eligible_synthetic:{""1"":298}"
bn_binary_cinexdrama,1014,3.0,L0.20_U0.60,0.2,0.6,840,"{'0': 381, '1': 459}",616,"{'0': 455, '1': 161}",0,"{'0': 0, '1': 0}",[],0,4f53cda18c2baa0c0354bb5f9a3ecbe5ed12ab4d8e11ba873c2f11161202b945,False,"insufficient_eligible_synthetic:{""1"":298}"
bn_binary_cinexdrama,1014,3.0,L0.30_U0.60,0.3,0.6,840,"{'0': 381, '1': 459}",616,"{'0': 455, '1': 161}",0,"{'0': 0, '1': 0}",[],0,4f53cda18c2baa0c0354bb5f9a3ecbe5ed12ab4d8e11ba873c2f11161202b945,False,"insufficient_eligible_synthetic:{""1"":298}"
bn_binary_cinexdrama,1014,3.0,L0.40_U0.60,0.4,0.6,840,"{'0': 381, '1': 459}",600,"{'0': 446, '1': 154}",0,"{'0': 0, '1': 0}",[],0,4f53cda18c2baa0c0354bb5f9a3ecbe5ed12ab4d8e11ba873c2f11161202b945,False,"insufficient_eligible_synthetic:{""1"":305}"
bn_binary_cinexdrama,1014,3.5,L0.10_U0.60,0.1,0.6,980,"{'0': 445, '1': 535}",616,"{'0': 455, '1': 161}",0,"{'0': 0, '1': 0}",[],0,4f53cda18c2baa0c0354bb5f9a3ecbe5ed12ab4d8e11ba873c2f11161202b945,False,"insufficient_eligible_synthetic:{""1"":374}"
bn_binary_cinexdrama,1014,3.5,L0.20_U0.60,0.2,0.6,980,"{'0': 445, '1': 535}",616,"{'0': 455, '1': 161}",0,"{'0': 0, '1': 0}",[],0,4f53cda18c2baa0c0354bb5f9a3ecbe5ed12ab4d8e11ba873c2f11161202b945,False,"insufficient_eligible_synthetic:{""1"":374}"
bn_binary_cinexdrama,1014,3.5,L0.30_U0.60,0.3,0.6,980,"{'0': 445, '1': 535}",616,"{'0': 455, '1': 161}",0,"{'0': 0, '1': 0}",[],0,4f53cda18c2baa0c0354bb5f9a3ecbe5ed12ab4d8e11ba873c2f11161202b945,False,"insufficient_eligible_synthetic:{""1"":374}"
bn_binary_cinexdrama,1014,3.5,L0.40_U0.60,0.4,0.6,980,"{'0': 445, '1': 535}",600,"{'0': 446, '1': 154}",0,"{'0': 0, '1': 0}",[],0,4f53cda18c2baa0c0354bb5f9a3ecbe5ed12ab4d8e11ba873c2f11161202b945,False,"insufficient_eligible_synthetic:{""1"":381}"
bn_binary_cinexdrama,1014,4.0,L0.10_U0.60,0.1,0.6,1120,"{'0': 508, '1': 612}",616,"{'0': 455, '1': 161}",0,"{'0': 0, '1': 0}",[],0,4f53cda18c2baa0c0354bb5f9a3ecbe5ed12ab4d8e11ba873c2f11161202b945,False,"insufficient_eligible_synthetic:{""0"":53,""1"":451}"
bn_binary_cinexdrama,1014,4.0,L0.20_U0.60,0.2,0.6,1120,"{'0': 508, '1': 612}",616,"{'0': 455, '1': 161}",0,"{'0': 0, '1': 0}",[],0,4f53cda18c2baa0c0354bb5f9a3ecbe5ed12ab4d8e11ba873c2f11161202b945,False,"insufficient_eligible_synthetic:{""0"":53,""1"":451}"
bn_binary_cinexdrama,1014,4.0,L0.30_U0.60,0.3,0.6,1120,"{'0': 508, '1': 612}",616,"{'0': 455, '1': 161}",0,"{'0': 0, '1': 0}",[],0,4f53cda18c2baa0c0354bb5f9a3ecbe5ed12ab4d8e11ba873c2f11161202b945,False,"insufficient_eligible_synthetic:{""0"":53,""1"":451}"
bn_binary_cinexdrama,1014,4.0,L0.40_U0.60,0.4,0.6,1120,"{'0': 508, '1': 612}",600,"{'0': 446, '1': 154}",0,"{'0': 0, '1': 0}",[],0,4f53cda18c2baa0c0354bb5f9a3ecbe5ed12ab4d8e11ba873c2f11161202b945,False,"insufficient_eligible_synthetic:{""0"":62,""1"":458}"
bn_binary_cinexdrama,1015,1.25,L0.10_U0.60,0.1,0.6,350,"{'0': 159, '1': 191}",721,"{'0': 557, '1': 164}",0,"{'0': 0, '1': 0}",[],0,4f53cda18c2baa0c0354bb5f9a3ecbe5ed12ab4d8e11ba873c2f11161202b945,False,"insufficient_eligible_synthetic:{""1"":27}"
bn_binary_cinexdrama,1015,1.25,L0.20_U0.60,0.2,0.6,350,"{'0': 159, '1': 191}",721,"{'0': 557, '1': 164}",0,"{'0': 0, '1': 0}",[],0,4f53cda18c2baa0c0354bb5f9a3ecbe5ed12ab4d8e11ba873c2f11161202b945,False,"insufficient_eligible_synthetic:{""1"":27}"
bn_binary_cinexdrama,1015,1.25,L0.30_U0.60,0.3,0.6,350,"{'0': 159, '1': 191}",721,"{'0': 557, '1': 164}",0,"{'0': 0, '1': 0}",[],0,4f53cda18c2baa0c0354bb5f9a3ecbe5ed12ab4d8e11ba873c2f11161202b945,False,"insufficient_eligible_synthetic:{""1"":27}"
bn_binary_cinexdrama,1015,1.25,L0.40_U0.60,0.4,0.6,350,"{'0': 159, '1': 191}",718,"{'0': 556, '1': 162}",0,"{'0': 0, '1': 0}",[],0,4f53cda18c2baa0c0354bb5f9a3ecbe5ed12ab4d8e11ba873c2f11161202b945,False,"insufficient_eligible_synthetic:{""1"":29}"
bn_binary_cinexdrama,1015,1.5,L0.10_U0.60,0.1,0.6,420,"{'0': 191, '1': 229}",721,"{'0': 557, '1': 164}",0,"{'0': 0, '1': 0}",[],0,4f53cda18c2baa0c0354bb5f9a3ecbe5ed12ab4d8e11ba873c2f11161202b945,False,"insufficient_eligible_synthetic:{""1"":65}"
bn_binary_cinexdrama,1015,1.5,L0.20_U0.60,0.2,0.6,420,"{'0': 191, '1': 229}",721,"{'0': 557, '1': 164}",0,"{'0': 0, '1': 0}",[],0,4f53cda18c2baa0c0354bb5f9a3ecbe5ed12ab4d8e11ba873c2f11161202b945,False,"insufficient_eligible_synthetic:{""1"":65}"
bn_binary_cinexdrama,1015,1.5,L0.30_U0.60,0.3,0.6,420,"{'0': 191, '1': 229}",721,"{'0': 557, '1': 164}",0,"{'0': 0, '1': 0}",[],0,4f53cda18c2baa0c0354bb5f9a3ecbe5ed12ab4d8e11ba873c2f11161202b945,False,"insufficient_eligible_synthetic:{""1"":65}"
bn_binary_cinexdrama,1015,1.5,L0.40_U0.60,0.4,0.6,420,"{'0': 191, '1': 229}",718,"{'0': 556, '1': 162}",0,"{'0': 0, '1': 0}",[],0,4f53cda18c2baa0c0354bb5f9a3ecbe5ed12ab4d8e11ba873c2f11161202b945,False,"insufficient_eligible_synthetic:{""1"":67}"
bn_binary_cinexdrama,1015,1.75,L0.10_U0.60,0.1,0.6,490,"{'0': 222, '1': 268}",721,"{'0': 557, '1': 164}",0,"{'0': 0, '1': 0}",[],0,4f53cda18c2baa0c0354bb5f9a3ecbe5ed12ab4d8e11ba873c2f11161202b945,False,"insufficient_eligible_synthetic:{""1"":104}"
bn_binary_cinexdrama,1015,1.75,L0.20_U0.60,0.2,0.6,490,"{'0': 222, '1': 268}",721,"{'0': 557, '1': 164}",0,"{'0': 0, '1': 0}",[],0,4f53cda18c2baa0c0354bb5f9a3ecbe5ed12ab4d8e11ba873c2f11161202b945,False,"insufficient_eligible_synthetic:{""1"":104}"
bn_binary_cinexdrama,1015,1.75,L0.30_U0.60,0.3,0.6,490,"{'0': 222, '1': 268}",721,"{'0': 557, '1': 164}",0,"{'0': 0, '1': 0}",[],0,4f53cda18c2baa0c0354bb5f9a3ecbe5ed12ab4d8e11ba873c2f11161202b945,False,"insufficient_eligible_synthetic:{""1"":104}"
bn_binary_cinexdrama,1015,1.75,L0.40_U0.60,0.4,0.6,490,"{'0': 222, '1': 268}",718,"{'0': 556, '1': 162}",0,"{'0': 0, '1': 0}",[],0,4f53cda18c2baa0c0354bb5f9a3ecbe5ed12ab4d8e11ba873c2f11161202b945,False,"insufficient_eligible_synthetic:{""1"":106}"
bn_binary_cinexdrama,1015,2.0,L0.10_U0.60,0.1,0.6,560,"{'0': 254, '1': 306}",721,"{'0': 557, '1': 164}",0,"{'0': 0, '1': 0}",[],0,4f53cda18c2baa0c0354bb5f9a3ecbe5ed12ab4d8e11ba873c2f11161202b945,False,"insufficient_eligible_synthetic:{""1"":142}"
bn_binary_cinexdrama,1015,2.0,L0.20_U0.60,0.2,0.6,560,"{'0': 254, '1': 306}",721,"{'0': 557, '1': 164}",0,"{'0': 0, '1': 0}",[],0,4f53cda18c2baa0c0354bb5f9a3ecbe5ed12ab4d8e11ba873c2f11161202b945,False,"insufficient_eligible_synthetic:{""1"":142}"
bn_binary_cinexdrama,1015,2.0,L0.30_U0.60,0.3,0.6,560,"{'0': 254, '1': 306}",721,"{'0': 557, '1': 164}",0,"{'0': 0, '1': 0}",[],0,4f53cda18c2baa0c0354bb5f9a3ecbe5ed12ab4d8e11ba873c2f11161202b945,False,"insufficient_eligible_synthetic:{""1"":142}"
bn_binary_cinexdrama,1015,2.0,L0.40_U0.60,0.4,0.6,560,"{'0': 254, '1': 306}",718,"{'0': 556, '1': 162}",0,"{'0': 0, '1': 0}",[],0,4f53cda18c2baa0c0354bb5f9a3ecbe5ed12ab4d8e11ba873c2f11161202b945,False,"insufficient_eligible_synthetic:{""1"":144}"
bn_binary_cinexdrama,1015,2.5,L0.10_U0.60,0.1,0.6,700,"{'0': 318, '1': 382}",721,"{'0': 557, '1': 164}",0,"{'0': 0, '1': 0}",[],0,4f53cda18c2baa0c0354bb5f9a3ecbe5ed12ab4d8e11ba873c2f11161202b945,False,"insufficient_eligible_synthetic:{""1"":218}"
bn_binary_cinexdrama,1015,2.5,L0.20_U0.60,0.2,0.6,700,"{'0': 318, '1': 382}",721,"{'0': 557, '1': 164}",0,"{'0': 0, '1': 0}",[],0,4f53cda18c2baa0c0354bb5f9a3ecbe5ed12ab4d8e11ba873c2f11161202b945,False,"insufficient_eligible_synthetic:{""1"":218}"
bn_binary_cinexdrama,1015,2.5,L0.30_U0.60,0.3,0.6,700,"{'0': 318, '1': 382}",721,"{'0': 557, '1': 164}",0,"{'0': 0, '1': 0}",[],0,4f53cda18c2baa0c0354bb5f9a3ecbe5ed12ab4d8e11ba873c2f11161202b945,False,"insufficient_eligible_synthetic:{""1"":218}"
bn_binary_cinexdrama,1015,2.5,L0.40_U0.60,0.4,0.6,700,"{'0': 318, '1': 382}",718,"{'0': 556, '1': 162}",0,"{'0': 0, '1': 0}",[],0,4f53cda18c2baa0c0354bb5f9a3ecbe5ed12ab4d8e11ba873c2f11161202b945,False,"insufficient_eligible_synthetic:{""1"":220}"
bn_binary_cinexdrama,1015,3.0,L0.10_U0.60,0.1,0.6,840,"{'0': 381, '1': 459}",721,"{'0': 557, '1': 164}",0,"{'0': 0, '1': 0}",[],0,4f53cda18c2baa0c0354bb5f9a3ecbe5ed12ab4d8e11ba873c2f11161202b945,False,"insufficient_eligible_synthetic:{""1"":295}"
bn_binary_cinexdrama,1015,3.0,L0.20_U0.60,0.2,0.6,840,"{'0': 381, '1': 459}",721,"{'0': 557, '1': 164}",0,"{'0': 0, '1': 0}",[],0,4f53cda18c2baa0c0354bb5f9a3ecbe5ed12ab4d8e11ba873c2f11161202b945,False,"insufficient_eligible_synthetic:{""1"":295}"
bn_binary_cinexdrama,1015,3.0,L0.30_U0.60,0.3,0.6,840,"{'0': 381, '1': 459}",721,"{'0': 557, '1': 164}",0,"{'0': 0, '1': 0}",[],0,4f53cda18c2baa0c0354bb5f9a3ecbe5ed12ab4d8e11ba873c2f11161202b945,False,"insufficient_eligible_synthetic:{""1"":295}"
bn_binary_cinexdrama,1015,3.0,L0.40_U0.60,0.4,0.6,840,"{'0': 381, '1': 459}",718,"{'0': 556, '1': 162}",0,"{'0': 0, '1': 0}",[],0,4f53cda18c2baa0c0354bb5f9a3ecbe5ed12ab4d8e11ba873c2f11161202b945,False,"insufficient_eligible_synthetic:{""1"":297}"
bn_binary_cinexdrama,1015,3.5,L0.10_U0.60,0.1,0.6,980,"{'0': 445, '1': 535}",721,"{'0': 557, '1': 164}",0,"{'0': 0, '1': 0}",[],0,4f53cda18c2baa0c0354bb5f9a3ecbe5ed12ab4d8e11ba873c2f11161202b945,False,"insufficient_eligible_synthetic:{""1"":371}"
bn_binary_cinexdrama,1015,3.5,L0.20_U0.60,0.2,0.6,980,"{'0': 445, '1': 535}",721,"{'0': 557, '1': 164}",0,"{'0': 0, '1': 0}",[],0,4f53cda18c2baa0c0354bb5f9a3ecbe5ed12ab4d8e11ba873c2f11161202b945,False,"insufficient_eligible_synthetic:{""1"":371}"
bn_binary_cinexdrama,1015,3.5,L0.30_U0.60,0.3,0.6,980,"{'0': 445, '1': 535}",721,"{'0': 557, '1': 164}",0,"{'0': 0, '1': 0}",[],0,4f53cda18c2baa0c0354bb5f9a3ecbe5ed12ab4d8e11ba873c2f11161202b945,False,"insufficient_eligible_synthetic:{""1"":371}"
bn_binary_cinexdrama,1015,3.5,L0.40_U0.60,0.4,0.6,980,"{'0': 445, '1': 535}",718,"{'0': 556, '1': 162}",0,"{'0': 0, '1': 0}",[],0,4f53cda18c2baa0c0354bb5f9a3ecbe5ed12ab4d8e11ba873c2f11161202b945,False,"insufficient_eligible_synthetic:{""1"":373}"
bn_binary_cinexdrama,1015,4.0,L0.10_U0.60,0.1,0.6,1120,"{'0': 508, '1': 612}",721,"{'0': 557, '1': 164}",0,"{'0': 0, '1': 0}",[],0,4f53cda18c2baa0c0354bb5f9a3ecbe5ed12ab4d8e11ba873c2f11161202b945,False,"insufficient_eligible_synthetic:{""1"":448}"
bn_binary_cinexdrama,1015,4.0,L0.20_U0.60,0.2,0.6,1120,"{'0': 508, '1': 612}",721,"{'0': 557, '1': 164}",0,"{'0': 0, '1': 0}",[],0,4f53cda18c2baa0c0354bb5f9a3ecbe5ed12ab4d8e11ba873c2f11161202b945,False,"insufficient_eligible_synthetic:{""1"":448}"
bn_binary_cinexdrama,1015,4.0,L0.30_U0.60,0.3,0.6,1120,"{'0': 508, '1': 612}",721,"{'0': 557, '1': 164}",0,"{'0': 0, '1': 0}",[],0,4f53cda18c2baa0c0354bb5f9a3ecbe5ed12ab4d8e11ba873c2f11161202b945,False,"insufficient_eligible_synthetic:{""1"":448}"
bn_binary_cinexdrama,1015,4.0,L0.40_U0.60,0.4,0.6,1120,"{'0': 508, '1': 612}",718,"{'0': 556, '1': 162}",0,"{'0': 0, '1': 0}",[],0,4f53cda18c2baa0c0354bb5f9a3ecbe5ed12ab4d8e11ba873c2f11161202b945,False,"insufficient_eligible_synthetic:{""1"":450}"
bn_binary_cinexdrama,1016,1.25,L0.10_U0.60,0.1,0.6,350,"{'0': 159, '1': 191}",871,"{'0': 682, '1': 189}",0,"{'0': 0, '1': 0}",[],0,4f53cda18c2baa0c0354bb5f9a3ecbe5ed12ab4d8e11ba873c2f11161202b945,False,"insufficient_eligible_synthetic:{""1"":2}"
bn_binary_cinexdrama,1016,1.25,L0.20_U0.60,0.2,0.6,350,"{'0': 159, '1': 191}",871,"{'0': 682, '1': 189}",0,"{'0': 0, '1': 0}",[],0,4f53cda18c2baa0c0354bb5f9a3ecbe5ed12ab4d8e11ba873c2f11161202b945,False,"insufficient_eligible_synthetic:{""1"":2}"
bn_binary_cinexdrama,1016,1.25,L0.30_U0.60,0.3,0.6,350,"{'0': 159, '1': 191}",870,"{'0': 681, '1': 189}",0,"{'0': 0, '1': 0}",[],0,4f53cda18c2baa0c0354bb5f9a3ecbe5ed12ab4d8e11ba873c2f11161202b945,False,"insufficient_eligible_synthetic:{""1"":2}"
bn_binary_cinexdrama,1016,1.25,L0.40_U0.60,0.4,0.6,350,"{'0': 159, '1': 191}",807,"{'0': 620, '1': 187}",0,"{'0': 0, '1': 0}",[],0,4f53cda18c2baa0c0354bb5f9a3ecbe5ed12ab4d8e11ba873c2f11161202b945,False,"insufficient_eligible_synthetic:{""1"":4}"
bn_binary_cinexdrama,1016,1.5,L0.10_U0.60,0.1,0.6,420,"{'0': 191, '1': 229}",871,"{'0': 682, '1': 189}",0,"{'0': 0, '1': 0}",[],0,4f53cda18c2baa0c0354bb5f9a3ecbe5ed12ab4d8e11ba873c2f11161202b945,False,"insufficient_eligible_synthetic:{""1"":40}"
bn_binary_cinexdrama,1016,1.5,L0.20_U0.60,0.2,0.6,420,"{'0': 191, '1': 229}",871,"{'0': 682, '1': 189}",0,"{'0': 0, '1': 0}",[],0,4f53cda18c2baa0c0354bb5f9a3ecbe5ed12ab4d8e11ba873c2f11161202b945,False,"insufficient_eligible_synthetic:{""1"":40}"
bn_binary_cinexdrama,1016,1.5,L0.30_U0.60,0.3,0.6,420,"{'0': 191, '1': 229}",870,"{'0': 681, '1': 189}",0,"{'0': 0, '1': 0}",[],0,4f53cda18c2baa0c0354bb5f9a3ecbe5ed12ab4d8e11ba873c2f11161202b945,False,"insufficient_eligible_synthetic:{""1"":40}"
bn_binary_cinexdrama,1016,1.5,L0.40_U0.60,0.4,0.6,420,"{'0': 191, '1': 229}",807,"{'0': 620, '1': 187}",0,"{'0': 0, '1': 0}",[],0,4f53cda18c2baa0c0354bb5f9a3ecbe5ed12ab4d8e11ba873c2f11161202b945,False,"insufficient_eligible_synthetic:{""1"":42}"
bn_binary_cinexdrama,1016,1.75,L0.10_U0.60,0.1,0.6,490,"{'0': 222, '1': 268}",871,"{'0': 682, '1': 189}",0,"{'0': 0, '1': 0}",[],0,4f53cda18c2baa0c0354bb5f9a3ecbe5ed12ab4d8e11ba873c2f11161202b945,False,"insufficient_eligible_synthetic:{""1"":79}"
bn_binary_cinexdrama,1016,1.75,L0.20_U0.60,0.2,0.6,490,"{'0': 222, '1': 268}",871,"{'0': 682, '1': 189}",0,"{'0': 0, '1': 0}",[],0,4f53cda18c2baa0c0354bb5f9a3ecbe5ed12ab4d8e11ba873c2f11161202b945,False,"insufficient_eligible_synthetic:{""1"":79}"
bn_binary_cinexdrama,1016,1.75,L0.30_U0.60,0.3,0.6,490,"{'0': 222, '1': 268}",870,"{'0': 681, '1': 189}",0,"{'0': 0, '1': 0}",[],0,4f53cda18c2baa0c0354bb5f9a3ecbe5ed12ab4d8e11ba873c2f11161202b945,False,"insufficient_eligible_synthetic:{""1"":79}"
bn_binary_cinexdrama,1016,1.75,L0.40_U0.60,0.4,0.6,490,"{'0': 222, '1': 268}",807,"{'0': 620, '1': 187}",0,"{'0': 0, '1': 0}",[],0,4f53cda18c2baa0c0354bb5f9a3ecbe5ed12ab4d8e11ba873c2f11161202b945,False,"insufficient_eligible_synthetic:{""1"":81}"
bn_binary_cinexdrama,1016,2.0,L0.10_U0.60,0.1,0.6,560,"{'0': 254, '1': 306}",871,"{'0': 682, '1': 189}",0,"{'0': 0, '1': 0}",[],0,4f53cda18c2baa0c0354bb5f9a3ecbe5ed12ab4d8e11ba873c2f11161202b945,False,"insufficient_eligible_synthetic:{""1"":117}"
bn_binary_cinexdrama,1016,2.0,L0.20_U0.60,0.2,0.6,560,"{'0': 254, '1': 306}",871,"{'0': 682, '1': 189}",0,"{'0': 0, '1': 0}",[],0,4f53cda18c2baa0c0354bb5f9a3ecbe5ed12ab4d8e11ba873c2f11161202b945,False,"insufficient_eligible_synthetic:{""1"":117}"
bn_binary_cinexdrama,1016,2.0,L0.30_U0.60,0.3,0.6,560,"{'0': 254, '1': 306}",870,"{'0': 681, '1': 189}",0,"{'0': 0, '1': 0}",[],0,4f53cda18c2baa0c0354bb5f9a3ecbe5ed12ab4d8e11ba873c2f11161202b945,False,"insufficient_eligible_synthetic:{""1"":117}"
bn_binary_cinexdrama,1016,2.0,L0.40_U0.60,0.4,0.6,560,"{'0': 254, '1': 306}",807,"{'0': 620, '1': 187}",0,"{'0': 0, '1': 0}",[],0,4f53cda18c2baa0c0354bb5f9a3ecbe5ed12ab4d8e11ba873c2f11161202b945,False,"insufficient_eligible_synthetic:{""1"":119}"
bn_binary_cinexdrama,1016,2.5,L0.10_U0.60,0.1,0.6,700,"{'0': 318, '1': 382}",871,"{'0': 682, '1': 189}",0,"{'0': 0, '1': 0}",[],0,4f53cda18c2baa0c0354bb5f9a3ecbe5ed12ab4d8e11ba873c2f11161202b945,False,"insufficient_eligible_synthetic:{""1"":193}"
bn_binary_cinexdrama,1016,2.5,L0.20_U0.60,0.2,0.6,700,"{'0': 318, '1': 382}",871,"{'0': 682, '1': 189}",0,"{'0': 0, '1': 0}",[],0,4f53cda18c2baa0c0354bb5f9a3ecbe5ed12ab4d8e11ba873c2f11161202b945,False,"insufficient_eligible_synthetic:{""1"":193}"
bn_binary_cinexdrama,1016,2.5,L0.30_U0.60,0.3,0.6,700,"{'0': 318, '1': 382}",870,"{'0': 681, '1': 189}",0,"{'0': 0, '1': 0}",[],0,4f53cda18c2baa0c0354bb5f9a3ecbe5ed12ab4d8e11ba873c2f11161202b945,False,"insufficient_eligible_synthetic:{""1"":193}"
bn_binary_cinexdrama,1016,2.5,L0.40_U0.60,0.4,0.6,700,"{'0': 318, '1': 382}",807,"{'0': 620, '1': 187}",0,"{'0': 0, '1': 0}",[],0,4f53cda18c2baa0c0354bb5f9a3ecbe5ed12ab4d8e11ba873c2f11161202b945,False,"insufficient_eligible_synthetic:{""1"":195}"
bn_binary_cinexdrama,1016,3.0,L0.10_U0.60,0.1,0.6,840,"{'0': 381, '1': 459}",871,"{'0': 682, '1': 189}",0,"{'0': 0, '1': 0}",[],0,4f53cda18c2baa0c0354bb5f9a3ecbe5ed12ab4d8e11ba873c2f11161202b945,False,"insufficient_eligible_synthetic:{""1"":270}"
bn_binary_cinexdrama,1016,3.0,L0.20_U0.60,0.2,0.6,840,"{'0': 381, '1': 459}",871,"{'0': 682, '1': 189}",0,"{'0': 0, '1': 0}",[],0,4f53cda18c2baa0c0354bb5f9a3ecbe5ed12ab4d8e11ba873c2f11161202b945,False,"insufficient_eligible_synthetic:{""1"":270}"
bn_binary_cinexdrama,1016,3.0,L0.30_U0.60,0.3,0.6,840,"{'0': 381, '1': 459}",870,"{'0': 681, '1': 189}",0,"{'0': 0, '1': 0}",[],0,4f53cda18c2baa0c0354bb5f9a3ecbe5ed12ab4d8e11ba873c2f11161202b945,False,"insufficient_eligible_synthetic:{""1"":270}"
bn_binary_cinexdrama,1016,3.0,L0.40_U0.60,0.4,0.6,840,"{'0': 381, '1': 459}",807,"{'0': 620, '1': 187}",0,"{'0': 0, '1': 0}",[],0,4f53cda18c2baa0c0354bb5f9a3ecbe5ed12ab4d8e11ba873c2f11161202b945,False,"insufficient_eligible_synthetic:{""1"":272}"
bn_binary_cinexdrama,1016,3.5,L0.10_U0.60,0.1,0.6,980,"{'0': 445, '1': 535}",871,"{'0': 682, '1': 189}",0,"{'0': 0, '1': 0}",[],0,4f53cda18c2baa0c0354bb5f9a3ecbe5ed12ab4d8e11ba873c2f11161202b945,False,"insufficient_eligible_synthetic:{""1"":346}"
bn_binary_cinexdrama,1016,3.5,L0.20_U0.60,0.2,0.6,980,"{'0': 445, '1': 535}",871,"{'0': 682, '1': 189}",0,"{'0': 0, '1': 0}",[],0,4f53cda18c2baa0c0354bb5f9a3ecbe5ed12ab4d8e11ba873c2f11161202b945,False,"insufficient_eligible_synthetic:{""1"":346}"
bn_binary_cinexdrama,1016,3.5,L0.30_U0.60,0.3,0.6,980,"{'0': 445, '1': 535}",870,"{'0': 681, '1': 189}",0,"{'0': 0, '1': 0}",[],0,4f53cda18c2baa0c0354bb5f9a3ecbe5ed12ab4d8e11ba873c2f11161202b945,False,"insufficient_eligible_synthetic:{""1"":346}"
bn_binary_cinexdrama,1016,3.5,L0.40_U0.60,0.4,0.6,980,"{'0': 445, '1': 535}",807,"{'0': 620, '1': 187}",0,"{'0': 0, '1': 0}",[],0,4f53cda18c2baa0c0354bb5f9a3ecbe5ed12ab4d8e11ba873c2f11161202b945,False,"insufficient_eligible_synthetic:{""1"":348}"
bn_binary_cinexdrama,1016,4.0,L0.10_U0.60,0.1,0.6,1120,"{'0': 508, '1': 612}",871,"{'0': 682, '1': 189}",0,"{'0': 0, '1': 0}",[],0,4f53cda18c2baa0c0354bb5f9a3ecbe5ed12ab4d8e11ba873c2f11161202b945,False,"insufficient_eligible_synthetic:{""1"":423}"
bn_binary_cinexdrama,1016,4.0,L0.20_U0.60,0.2,0.6,1120,"{'0': 508, '1': 612}",871,"{'0': 682, '1': 189}",0,"{'0': 0, '1': 0}",[],0,4f53cda18c2baa0c0354bb5f9a3ecbe5ed12ab4d8e11ba873c2f11161202b945,False,"insufficient_eligible_synthetic:{""1"":423}"
bn_binary_cinexdrama,1016,4.0,L0.30_U0.60,0.3,0.6,1120,"{'0': 508, '1': 612}",870,"{'0': 681, '1': 189}",0,"{'0': 0, '1': 0}",[],0,4f53cda18c2baa0c0354bb5f9a3ecbe5ed12ab4d8e11ba873c2f11161202b945,False,"insufficient_eligible_synthetic:{""1"":423}"
bn_binary_cinexdrama,1016,4.0,L0.40_U0.60,0.4,0.6,1120,"{'0': 508, '1': 612}",807,"{'0': 620, '1': 187}",0,"{'0': 0, '1': 0}",[],0,4f53cda18c2baa0c0354bb5f9a3ecbe5ed12ab4d8e11ba873c2f11161202b945,False,"insufficient_eligible_synthetic:{""1"":425}"
bn_binary_cinexdrama,1017,1.5,L0.10_U0.60,0.1,0.6,420,"{'0': 191, '1': 229}",845,"{'0': 637, '1': 208}",0,"{'0': 0, '1': 0}",[],0,4f53cda18c2baa0c0354bb5f9a3ecbe5ed12ab4d8e11ba873c2f11161202b945,False,"insufficient_eligible_synthetic:{""1"":21}"
bn_binary_cinexdrama,1017,1.5,L0.20_U0.60,0.2,0.6,420,"{'0': 191, '1': 229}",845,"{'0': 637, '1': 208}",0,"{'0': 0, '1': 0}",[],0,4f53cda18c2baa0c0354bb5f9a3ecbe5ed12ab4d8e11ba873c2f11161202b945,False,"insufficient_eligible_synthetic:{""1"":21}"
bn_binary_cinexdrama,1017,1.5,L0.30_U0.60,0.3,0.6,420,"{'0': 191, '1': 229}",844,"{'0': 636, '1': 208}",0,"{'0': 0, '1': 0}",[],0,4f53cda18c2baa0c0354bb5f9a3ecbe5ed12ab4d8e11ba873c2f11161202b945,False,"insufficient_eligible_synthetic:{""1"":21}"
bn_binary_cinexdrama,1017,1.5,L0.40_U0.60,0.4,0.6,420,"{'0': 191, '1': 229}",808,"{'0': 600, '1': 208}",0,"{'0': 0, '1': 0}",[],0,4f53cda18c2baa0c0354bb5f9a3ecbe5ed12ab4d8e11ba873c2f11161202b945,False,"insufficient_eligible_synthetic:{""1"":21}"
bn_binary_cinexdrama,1017,1.75,L0.10_U0.60,0.1,0.6,490,"{'0': 222, '1': 268}",845,"{'0': 637, '1': 208}",0,"{'0': 0, '1': 0}",[],0,4f53cda18c2baa0c0354bb5f9a3ecbe5ed12ab4d8e11ba873c2f11161202b945,False,"insufficient_eligible_synthetic:{""1"":60}"
bn_binary_cinexdrama,1017,1.75,L0.20_U0.60,0.2,0.6,490,"{'0': 222, '1': 268}",845,"{'0': 637, '1': 208}",0,"{'0': 0, '1': 0}",[],0,4f53cda18c2baa0c0354bb5f9a3ecbe5ed12ab4d8e11ba873c2f11161202b945,False,"insufficient_eligible_synthetic:{""1"":60}"
bn_binary_cinexdrama,1017,1.75,L0.30_U0.60,0.3,0.6,490,"{'0': 222, '1': 268}",844,"{'0': 636, '1': 208}",0,"{'0': 0, '1': 0}",[],0,4f53cda18c2baa0c0354bb5f9a3ecbe5ed12ab4d8e11ba873c2f11161202b945,False,"insufficient_eligible_synthetic:{""1"":60}"
bn_binary_cinexdrama,1017,1.75,L0.40_U0.60,0.4,0.6,490,"{'0': 222, '1': 268}",808,"{'0': 600, '1': 208}",0,"{'0': 0, '1': 0}",[],0,4f53cda18c2baa0c0354bb5f9a3ecbe5ed12ab4d8e11ba873c2f11161202b945,False,"insufficient_eligible_synthetic:{""1"":60}"
bn_binary_cinexdrama,1017,2.0,L0.10_U0.60,0.1,0.6,560,"{'0': 254, '1': 306}",845,"{'0': 637, '1': 208}",0,"{'0': 0, '1': 0}",[],0,4f53cda18c2baa0c0354bb5f9a3ecbe5ed12ab4d8e11ba873c2f11161202b945,False,"insufficient_eligible_synthetic:{""1"":98}"
bn_binary_cinexdrama,1017,2.0,L0.20_U0.60,0.2,0.6,560,"{'0': 254, '1': 306}",845,"{'0': 637, '1': 208}",0,"{'0': 0, '1': 0}",[],0,4f53cda18c2baa0c0354bb5f9a3ecbe5ed12ab4d8e11ba873c2f11161202b945,False,"insufficient_eligible_synthetic:{""1"":98}"
bn_binary_cinexdrama,1017,2.0,L0.30_U0.60,0.3,0.6,560,"{'0': 254, '1': 306}",844,"{'0': 636, '1': 208}",0,"{'0': 0, '1': 0}",[],0,4f53cda18c2baa0c0354bb5f9a3ecbe5ed12ab4d8e11ba873c2f11161202b945,False,"insufficient_eligible_synthetic:{""1"":98}"
bn_binary_cinexdrama,1017,2.0,L0.40_U0.60,0.4,0.6,560,"{'0': 254, '1': 306}",808,"{'0': 600, '1': 208}",0,"{'0': 0, '1': 0}",[],0,4f53cda18c2baa0c0354bb5f9a3ecbe5ed12ab4d8e11ba873c2f11161202b945,False,"insufficient_eligible_synthetic:{""1"":98}"
bn_binary_cinexdrama,1017,2.5,L0.10_U0.60,0.1,0.6,700,"{'0': 318, '1': 382}",845,"{'0': 637, '1': 208}",0,"{'0': 0, '1': 0}",[],0,4f53cda18c2baa0c0354bb5f9a3ecbe5ed12ab4d8e11ba873c2f11161202b945,False,"insufficient_eligible_synthetic:{""1"":174}"
bn_binary_cinexdrama,1017,2.5,L0.20_U0.60,0.2,0.6,700,"{'0': 318, '1': 382}",845,"{'0': 637, '1': 208}",0,"{'0': 0, '1': 0}",[],0,4f53cda18c2baa0c0354bb5f9a3ecbe5ed12ab4d8e11ba873c2f11161202b945,False,"insufficient_eligible_synthetic:{""1"":174}"
bn_binary_cinexdrama,1017,2.5,L0.30_U0.60,0.3,0.6,700,"{'0': 318, '1': 382}",844,"{'0': 636, '1': 208}",0,"{'0': 0, '1': 0}",[],0,4f53cda18c2baa0c0354bb5f9a3ecbe5ed12ab4d8e11ba873c2f11161202b945,False,"insufficient_eligible_synthetic:{""1"":174}"
bn_binary_cinexdrama,1017,2.5,L0.40_U0.60,0.4,0.6,700,"{'0': 318, '1': 382}",808,"{'0': 600, '1': 208}",0,"{'0': 0, '1': 0}",[],0,4f53cda18c2baa0c0354bb5f9a3ecbe5ed12ab4d8e11ba873c2f11161202b945,False,"insufficient_eligible_synthetic:{""1"":174}"
bn_binary_cinexdrama,1017,3.0,L0.10_U0.60,0.1,0.6,840,"{'0': 381, '1': 459}",845,"{'0': 637, '1': 208}",0,"{'0': 0, '1': 0}",[],0,4f53cda18c2baa0c0354bb5f9a3ecbe5ed12ab4d8e11ba873c2f11161202b945,False,"insufficient_eligible_synthetic:{""1"":251}"
bn_binary_cinexdrama,1017,3.0,L0.20_U0.60,0.2,0.6,840,"{'0': 381, '1': 459}",845,"{'0': 637, '1': 208}",0,"{'0': 0, '1': 0}",[],0,4f53cda18c2baa0c0354bb5f9a3ecbe5ed12ab4d8e11ba873c2f11161202b945,False,"insufficient_eligible_synthetic:{""1"":251}"
bn_binary_cinexdrama,1017,3.0,L0.30_U0.60,0.3,0.6,840,"{'0': 381, '1': 459}",844,"{'0': 636, '1': 208}",0,"{'0': 0, '1': 0}",[],0,4f53cda18c2baa0c0354bb5f9a3ecbe5ed12ab4d8e11ba873c2f11161202b945,False,"insufficient_eligible_synthetic:{""1"":251}"
bn_binary_cinexdrama,1017,3.0,L0.40_U0.60,0.4,0.6,840,"{'0': 381, '1': 459}",808,"{'0': 600, '1': 208}",0,"{'0': 0, '1': 0}",[],0,4f53cda18c2baa0c0354bb5f9a3ecbe5ed12ab4d8e11ba873c2f11161202b945,False,"insufficient_eligible_synthetic:{""1"":251}"
bn_binary_cinexdrama,1017,3.5,L0.10_U0.60,0.1,0.6,980,"{'0': 445, '1': 535}",845,"{'0': 637, '1': 208}",0,"{'0': 0, '1': 0}",[],0,4f53cda18c2baa0c0354bb5f9a3ecbe5ed12ab4d8e11ba873c2f11161202b945,False,"insufficient_eligible_synthetic:{""1"":327}"
bn_binary_cinexdrama,1017,3.5,L0.20_U0.60,0.2,0.6,980,"{'0': 445, '1': 535}",845,"{'0': 637, '1': 208}",0,"{'0': 0, '1': 0}",[],0,4f53cda18c2baa0c0354bb5f9a3ecbe5ed12ab4d8e11ba873c2f11161202b945,False,"insufficient_eligible_synthetic:{""1"":327}"
bn_binary_cinexdrama,1017,3.5,L0.30_U0.60,0.3,0.6,980,"{'0': 445, '1': 535}",844,"{'0': 636, '1': 208}",0,"{'0': 0, '1': 0}",[],0,4f53cda18c2baa0c0354bb5f9a3ecbe5ed12ab4d8e11ba873c2f11161202b945,False,"insufficient_eligible_synthetic:{""1"":327}"
bn_binary_cinexdrama,1017,3.5,L0.40_U0.60,0.4,0.6,980,"{'0': 445, '1': 535}",808,"{'0': 600, '1': 208}",0,"{'0': 0, '1': 0}",[],0,4f53cda18c2baa0c0354bb5f9a3ecbe5ed12ab4d8e11ba873c2f11161202b945,False,"insufficient_eligible_synthetic:{""1"":327}"
bn_binary_cinexdrama,1017,4.0,L0.10_U0.60,0.1,0.6,1120,"{'0': 508, '1': 612}",845,"{'0': 637, '1': 208}",0,"{'0': 0, '1': 0}",[],0,4f53cda18c2baa0c0354bb5f9a3ecbe5ed12ab4d8e11ba873c2f11161202b945,False,"insufficient_eligible_synthetic:{""1"":404}"
bn_binary_cinexdrama,1017,4.0,L0.20_U0.60,0.2,0.6,1120,"{'0': 508, '1': 612}",845,"{'0': 637, '1': 208}",0,"{'0': 0, '1': 0}",[],0,4f53cda18c2baa0c0354bb5f9a3ecbe5ed12ab4d8e11ba873c2f11161202b945,False,"insufficient_eligible_synthetic:{""1"":404}"
bn_binary_cinexdrama,1017,4.0,L0.30_U0.60,0.3,0.6,1120,"{'0': 508, '1': 612}",844,"{'0': 636, '1': 208}",0,"{'0': 0, '1': 0}",[],0,4f53cda18c2baa0c0354bb5f9a3ecbe5ed12ab4d8e11ba873c2f11161202b945,False,"insufficient_eligible_synthetic:{""1"":404}"
bn_binary_cinexdrama,1017,4.0,L0.40_U0.60,0.4,0.6,1120,"{'0': 508, '1': 612}",808,"{'0': 600, '1': 208}",0,"{'0': 0, '1': 0}",[],0,4f53cda18c2baa0c0354bb5f9a3ecbe5ed12ab4d8e11ba873c2f11161202b945,False,"insufficient_eligible_synthetic:{""1"":404}"
bn_binary_cinexdrama,1018,1.5,L0.40_U0.60,0.4,0.6,420,"{'0': 191, '1': 229}",645,"{'0': 423, '1': 222}",0,"{'0': 0, '1': 0}",[],0,4f53cda18c2baa0c0354bb5f9a3ecbe5ed12ab4d8e11ba873c2f11161202b945,False,"insufficient_eligible_synthetic:{""1"":7}"
bn_binary_cinexdrama,1018,1.75,L0.10_U0.60,0.1,0.6,490,"{'0': 222, '1': 268}",687,"{'0': 444, '1': 243}",0,"{'0': 0, '1': 0}",[],0,4f53cda18c2baa0c0354bb5f9a3ecbe5ed12ab4d8e11ba873c2f11161202b945,False,"insufficient_eligible_synthetic:{""1"":25}"
bn_binary_cinexdrama,1018,1.75,L0.20_U0.60,0.2,0.6,490,"{'0': 222, '1': 268}",687,"{'0': 444, '1': 243}",0,"{'0': 0, '1': 0}",[],0,4f53cda18c2baa0c0354bb5f9a3ecbe5ed12ab4d8e11ba873c2f11161202b945,False,"insufficient_eligible_synthetic:{""1"":25}"
bn_binary_cinexdrama,1018,1.75,L0.30_U0.60,0.3,0.6,490,"{'0': 222, '1': 268}",687,"{'0': 444, '1': 243}",0,"{'0': 0, '1': 0}",[],0,4f53cda18c2baa0c0354bb5f9a3ecbe5ed12ab4d8e11ba873c2f11161202b945,False,"insufficient_eligible_synthetic:{""1"":25}"
bn_binary_cinexdrama,1018,1.75,L0.40_U0.60,0.4,0.6,490,"{'0': 222, '1': 268}",645,"{'0': 423, '1': 222}",0,"{'0': 0, '1': 0}",[],0,4f53cda18c2baa0c0354bb5f9a3ecbe5ed12ab4d8e11ba873c2f11161202b945,False,"insufficient_eligible_synthetic:{""1"":46}"
bn_binary_cinexdrama,1018,2.0,L0.10_U0.60,0.1,0.6,560,"{'0': 254, '1': 306}",687,"{'0': 444, '1': 243}",0,"{'0': 0, '1': 0}",[],0,4f53cda18c2baa0c0354bb5f9a3ecbe5ed12ab4d8e11ba873c2f11161202b945,False,"insufficient_eligible_synthetic:{""1"":63}"
bn_binary_cinexdrama,1018,2.0,L0.20_U0.60,0.2,0.6,560,"{'0': 254, '1': 306}",687,"{'0': 444, '1': 243}",0,"{'0': 0, '1': 0}",[],0,4f53cda18c2baa0c0354bb5f9a3ecbe5ed12ab4d8e11ba873c2f11161202b945,False,"insufficient_eligible_synthetic:{""1"":63}"
bn_binary_cinexdrama,1018,2.0,L0.30_U0.60,0.3,0.6,560,"{'0': 254, '1': 306}",687,"{'0': 444, '1': 243}",0,"{'0': 0, '1': 0}",[],0,4f53cda18c2baa0c0354bb5f9a3ecbe5ed12ab4d8e11ba873c2f11161202b945,False,"insufficient_eligible_synthetic:{""1"":63}"
bn_binary_cinexdrama,1018,2.0,L0.40_U0.60,0.4,0.6,560,"{'0': 254, '1': 306}",645,"{'0': 423, '1': 222}",0,"{'0': 0, '1': 0}",[],0,4f53cda18c2baa0c0354bb5f9a3ecbe5ed12ab4d8e11ba873c2f11161202b945,False,"insufficient_eligible_synthetic:{""1"":84}"
bn_binary_cinexdrama,1018,2.5,L0.10_U0.60,0.1,0.6,700,"{'0': 318, '1': 382}",687,"{'0': 444, '1': 243}",0,"{'0': 0, '1': 0}",[],0,4f53cda18c2baa0c0354bb5f9a3ecbe5ed12ab4d8e11ba873c2f11161202b945,False,"insufficient_eligible_synthetic:{""1"":139}"
bn_binary_cinexdrama,1018,2.5,L0.20_U0.60,0.2,0.6,700,"{'0': 318, '1': 382}",687,"{'0': 444, '1': 243}",0,"{'0': 0, '1': 0}",[],0,4f53cda18c2baa0c0354bb5f9a3ecbe5ed12ab4d8e11ba873c2f11161202b945,False,"insufficient_eligible_synthetic:{""1"":139}"
bn_binary_cinexdrama,1018,2.5,L0.30_U0.60,0.3,0.6,700,"{'0': 318, '1': 382}",687,"{'0': 444, '1': 243}",0,"{'0': 0, '1': 0}",[],0,4f53cda18c2baa0c0354bb5f9a3ecbe5ed12ab4d8e11ba873c2f11161202b945,False,"insufficient_eligible_synthetic:{""1"":139}"
bn_binary_cinexdrama,1018,2.5,L0.40_U0.60,0.4,0.6,700,"{'0': 318, '1': 382}",645,"{'0': 423, '1': 222}",0,"{'0': 0, '1': 0}",[],0,4f53cda18c2baa0c0354bb5f9a3ecbe5ed12ab4d8e11ba873c2f11161202b945,False,"insufficient_eligible_synthetic:{""1"":160}"
bn_binary_cinexdrama,1018,3.0,L0.10_U0.60,0.1,0.6,840,"{'0': 381, '1': 459}",687,"{'0': 444, '1': 243}",0,"{'0': 0, '1': 0}",[],0,4f53cda18c2baa0c0354bb5f9a3ecbe5ed12ab4d8e11ba873c2f11161202b945,False,"insufficient_eligible_synthetic:{""1"":216}"
bn_binary_cinexdrama,1018,3.0,L0.20_U0.60,0.2,0.6,840,"{'0': 381, '1': 459}",687,"{'0': 444, '1': 243}",0,"{'0': 0, '1': 0}",[],0,4f53cda18c2baa0c0354bb5f9a3ecbe5ed12ab4d8e11ba873c2f11161202b945,False,"insufficient_eligible_synthetic:{""1"":216}"
bn_binary_cinexdrama,1018,3.0,L0.30_U0.60,0.3,0.6,840,"{'0': 381, '1': 459}",687,"{'0': 444, '1': 243}",0,"{'0': 0, '1': 0}",[],0,4f53cda18c2baa0c0354bb5f9a3ecbe5ed12ab4d8e11ba873c2f11161202b945,False,"insufficient_eligible_synthetic:{""1"":216}"
bn_binary_cinexdrama,1018,3.0,L0.40_U0.60,0.4,0.6,840,"{'0': 381, '1': 459}",645,"{'0': 423, '1': 222}",0,"{'0': 0, '1': 0}",[],0,4f53cda18c2baa0c0354bb5f9a3ecbe5ed12ab4d8e11ba873c2f11161202b945,False,"insufficient_eligible_synthetic:{""1"":237}"
bn_binary_cinexdrama,1018,3.5,L0.10_U0.60,0.1,0.6,980,"{'0': 445, '1': 535}",687,"{'0': 444, '1': 243}",0,"{'0': 0, '1': 0}",[],0,4f53cda18c2baa0c0354bb5f9a3ecbe5ed12ab4d8e11ba873c2f11161202b945,False,"insufficient_eligible_synthetic:{""0"":1,""1"":292}"
bn_binary_cinexdrama,1018,3.5,L0.20_U0.60,0.2,0.6,980,"{'0': 445, '1': 535}",687,"{'0': 444, '1': 243}",0,"{'0': 0, '1': 0}",[],0,4f53cda18c2baa0c0354bb5f9a3ecbe5ed12ab4d8e11ba873c2f11161202b945,False,"insufficient_eligible_synthetic:{""0"":1,""1"":292}"
bn_binary_cinexdrama,1018,3.5,L0.30_U0.60,0.3,0.6,980,"{'0': 445, '1': 535}",687,"{'0': 444, '1': 243}",0,"{'0': 0, '1': 0}",[],0,4f53cda18c2baa0c0354bb5f9a3ecbe5ed12ab4d8e11ba873c2f11161202b945,False,"insufficient_eligible_synthetic:{""0"":1,""1"":292}"
bn_binary_cinexdrama,1018,3.5,L0.40_U0.60,0.4,0.6,980,"{'0': 445, '1': 535}",645,"{'0': 423, '1': 222}",0,"{'0': 0, '1': 0}",[],0,4f53cda18c2baa0c0354bb5f9a3ecbe5ed12ab4d8e11ba873c2f11161202b945,False,"insufficient_eligible_synthetic:{""0"":22,""1"":313}"
bn_binary_cinexdrama,1018,4.0,L0.10_U0.60,0.1,0.6,1120,"{'0': 508, '1': 612}",687,"{'0': 444, '1': 243}",0,"{'0': 0, '1': 0}",[],0,4f53cda18c2baa0c0354bb5f9a3ecbe5ed12ab4d8e11ba873c2f11161202b945,False,"insufficient_eligible_synthetic:{""0"":64,""1"":369}"
bn_binary_cinexdrama,1018,4.0,L0.20_U0.60,0.2,0.6,1120,"{'0': 508, '1': 612}",687,"{'0': 444, '1': 243}",0,"{'0': 0, '1': 0}",[],0,4f53cda18c2baa0c0354bb5f9a3ecbe5ed12ab4d8e11ba873c2f11161202b945,False,"insufficient_eligible_synthetic:{""0"":64,""1"":369}"
bn_binary_cinexdrama,1018,4.0,L0.30_U0.60,0.3,0.6,1120,"{'0': 508, '1': 612}",687,"{'0': 444, '1': 243}",0,"{'0': 0, '1': 0}",[],0,4f53cda18c2baa0c0354bb5f9a3ecbe5ed12ab4d8e11ba873c2f11161202b945,False,"insufficient_eligible_synthetic:{""0"":64,""1"":369}"
bn_binary_cinexdrama,1018,4.0,L0.40_U0.60,0.4,0.6,1120,"{'0': 508, '1': 612}",645,"{'0': 423, '1': 222}",0,"{'0': 0, '1': 0}",[],0,4f53cda18c2baa0c0354bb5f9a3ecbe5ed12ab4d8e11ba873c2f11161202b945,False,"insufficient_eligible_synthetic:{""0"":85,""1"":390}"
bn_binary_cinexdrama,1019,1.5,L0.40_U0.60,0.4,0.6,420,"{'0': 191, '1': 229}",778,"{'0': 553, '1': 225}",0,"{'0': 0, '1': 0}",[],0,4f53cda18c2baa0c0354bb5f9a3ecbe5ed12ab4d8e11ba873c2f11161202b945,False,"insufficient_eligible_synthetic:{""1"":4}"
bn_binary_cinexdrama,1019,1.75,L0.10_U0.60,0.1,0.6,490,"{'0': 222, '1': 268}",813,"{'0': 562, '1': 251}",0,"{'0': 0, '1': 0}",[],0,4f53cda18c2baa0c0354bb5f9a3ecbe5ed12ab4d8e11ba873c2f11161202b945,False,"insufficient_eligible_synthetic:{""1"":17}"
bn_binary_cinexdrama,1019,1.75,L0.20_U0.60,0.2,0.6,490,"{'0': 222, '1': 268}",813,"{'0': 562, '1': 251}",0,"{'0': 0, '1': 0}",[],0,4f53cda18c2baa0c0354bb5f9a3ecbe5ed12ab4d8e11ba873c2f11161202b945,False,"insufficient_eligible_synthetic:{""1"":17}"
bn_binary_cinexdrama,1019,1.75,L0.30_U0.60,0.3,0.6,490,"{'0': 222, '1': 268}",813,"{'0': 562, '1': 251}",0,"{'0': 0, '1': 0}",[],0,4f53cda18c2baa0c0354bb5f9a3ecbe5ed12ab4d8e11ba873c2f11161202b945,False,"insufficient_eligible_synthetic:{""1"":17}"
bn_binary_cinexdrama,1019,1.75,L0.40_U0.60,0.4,0.6,490,"{'0': 222, '1': 268}",778,"{'0': 553, '1': 225}",0,"{'0': 0, '1': 0}",[],0,4f53cda18c2baa0c0354bb5f9a3ecbe5ed12ab4d8e11ba873c2f11161202b945,False,"insufficient_eligible_synthetic:{""1"":43}"
bn_binary_cinexdrama,1019,2.0,L0.10_U0.60,0.1,0.6,560,"{'0': 254, '1': 306}",813,"{'0': 562, '1': 251}",0,"{'0': 0, '1': 0}",[],0,4f53cda18c2baa0c0354bb5f9a3ecbe5ed12ab4d8e11ba873c2f11161202b945,False,"insufficient_eligible_synthetic:{""1"":55}"
bn_binary_cinexdrama,1019,2.0,L0.20_U0.60,0.2,0.6,560,"{'0': 254, '1': 306}",813,"{'0': 562, '1': 251}",0,"{'0': 0, '1': 0}",[],0,4f53cda18c2baa0c0354bb5f9a3ecbe5ed12ab4d8e11ba873c2f11161202b945,False,"insufficient_eligible_synthetic:{""1"":55}"
bn_binary_cinexdrama,1019,2.0,L0.30_U0.60,0.3,0.6,560,"{'0': 254, '1': 306}",813,"{'0': 562, '1': 251}",0,"{'0': 0, '1': 0}",[],0,4f53cda18c2baa0c0354bb5f9a3ecbe5ed12ab4d8e11ba873c2f11161202b945,False,"insufficient_eligible_synthetic:{""1"":55}"
bn_binary_cinexdrama,1019,2.0,L0.40_U0.60,0.4,0.6,560,"{'0': 254, '1': 306}",778,"{'0': 553, '1': 225}",0,"{'0': 0, '1': 0}",[],0,4f53cda18c2baa0c0354bb5f9a3ecbe5ed12ab4d8e11ba873c2f11161202b945,False,"insufficient_eligible_synthetic:{""1"":81}"
bn_binary_cinexdrama,1019,2.5,L0.10_U0.60,0.1,0.6,700,"{'0': 318, '1': 382}",813,"{'0': 562, '1': 251}",0,"{'0': 0, '1': 0}",[],0,4f53cda18c2baa0c0354bb5f9a3ecbe5ed12ab4d8e11ba873c2f11161202b945,False,"insufficient_eligible_synthetic:{""1"":131}"
bn_binary_cinexdrama,1019,2.5,L0.20_U0.60,0.2,0.6,700,"{'0': 318, '1': 382}",813,"{'0': 562, '1': 251}",0,"{'0': 0, '1': 0}",[],0,4f53cda18c2baa0c0354bb5f9a3ecbe5ed12ab4d8e11ba873c2f11161202b945,False,"insufficient_eligible_synthetic:{""1"":131}"
bn_binary_cinexdrama,1019,2.5,L0.30_U0.60,0.3,0.6,700,"{'0': 318, '1': 382}",813,"{'0': 562, '1': 251}",0,"{'0': 0, '1': 0}",[],0,4f53cda18c2baa0c0354bb5f9a3ecbe5ed12ab4d8e11ba873c2f11161202b945,False,"insufficient_eligible_synthetic:{""1"":131}"
bn_binary_cinexdrama,1019,2.5,L0.40_U0.60,0.4,0.6,700,"{'0': 318, '1': 382}",778,"{'0': 553, '1': 225}",0,"{'0': 0, '1': 0}",[],0,4f53cda18c2baa0c0354bb5f9a3ecbe5ed12ab4d8e11ba873c2f11161202b945,False,"insufficient_eligible_synthetic:{""1"":157}"
bn_binary_cinexdrama,1019,3.0,L0.10_U0.60,0.1,0.6,840,"{'0': 381, '1': 459}",813,"{'0': 562, '1': 251}",0,"{'0': 0, '1': 0}",[],0,4f53cda18c2baa0c0354bb5f9a3ecbe5ed12ab4d8e11ba873c2f11161202b945,False,"insufficient_eligible_synthetic:{""1"":208}"
bn_binary_cinexdrama,1019,3.0,L0.20_U0.60,0.2,0.6,840,"{'0': 381, '1': 459}",813,"{'0': 562, '1': 251}",0,"{'0': 0, '1': 0}",[],0,4f53cda18c2baa0c0354bb5f9a3ecbe5ed12ab4d8e11ba873c2f11161202b945,False,"insufficient_eligible_synthetic:{""1"":208}"
bn_binary_cinexdrama,1019,3.0,L0.30_U0.60,0.3,0.6,840,"{'0': 381, '1': 459}",813,"{'0': 562, '1': 251}",0,"{'0': 0, '1': 0}",[],0,4f53cda18c2baa0c0354bb5f9a3ecbe5ed12ab4d8e11ba873c2f11161202b945,False,"insufficient_eligible_synthetic:{""1"":208}"
bn_binary_cinexdrama,1019,3.0,L0.40_U0.60,0.4,0.6,840,"{'0': 381, '1': 459}",778,"{'0': 553, '1': 225}",0,"{'0': 0, '1': 0}",[],0,4f53cda18c2baa0c0354bb5f9a3ecbe5ed12ab4d8e11ba873c2f11161202b945,False,"insufficient_eligible_synthetic:{""1"":234}"
bn_binary_cinexdrama,1019,3.5,L0.10_U0.60,0.1,0.6,980,"{'0': 445, '1': 535}",813,"{'0': 562, '1': 251}",0,"{'0': 0, '1': 0}",[],0,4f53cda18c2baa0c0354bb5f9a3ecbe5ed12ab4d8e11ba873c2f11161202b945,False,"insufficient_eligible_synthetic:{""1"":284}"
bn_binary_cinexdrama,1019,3.5,L0.20_U0.60,0.2,0.6,980,"{'0': 445, '1': 535}",813,"{'0': 562, '1': 251}",0,"{'0': 0, '1': 0}",[],0,4f53cda18c2baa0c0354bb5f9a3ecbe5ed12ab4d8e11ba873c2f11161202b945,False,"insufficient_eligible_synthetic:{""1"":284}"
bn_binary_cinexdrama,1019,3.5,L0.30_U0.60,0.3,0.6,980,"{'0': 445, '1': 535}",813,"{'0': 562, '1': 251}",0,"{'0': 0, '1': 0}",[],0,4f53cda18c2baa0c0354bb5f9a3ecbe5ed12ab4d8e11ba873c2f11161202b945,False,"insufficient_eligible_synthetic:{""1"":284}"
bn_binary_cinexdrama,1019,3.5,L0.40_U0.60,0.4,0.6,980,"{'0': 445, '1': 535}",778,"{'0': 553, '1': 225}",0,"{'0': 0, '1': 0}",[],0,4f53cda18c2baa0c0354bb5f9a3ecbe5ed12ab4d8e11ba873c2f11161202b945,False,"insufficient_eligible_synthetic:{""1"":310}"
bn_binary_cinexdrama,1019,4.0,L0.10_U0.60,0.1,0.6,1120,"{'0': 508, '1': 612}",813,"{'0': 562, '1': 251}",0,"{'0': 0, '1': 0}",[],0,4f53cda18c2baa0c0354bb5f9a3ecbe5ed12ab4d8e11ba873c2f11161202b945,False,"insufficient_eligible_synthetic:{""1"":361}"
bn_binary_cinexdrama,1019,4.0,L0.20_U0.60,0.2,0.6,1120,"{'0': 508, '1': 612}",813,"{'0': 562, '1': 251}",0,"{'0': 0, '1': 0}",[],0,4f53cda18c2baa0c0354bb5f9a3ecbe5ed12ab4d8e11ba873c2f11161202b945,False,"insufficient_eligible_synthetic:{""1"":361}"
bn_binary_cinexdrama,1019,4.0,L0.30_U0.60,0.3,0.6,1120,"{'0': 508, '1': 612}",813,"{'0': 562, '1': 251}",0,"{'0': 0, '1': 0}",[],0,4f53cda18c2baa0c0354bb5f9a3ecbe5ed12ab4d8e11ba873c2f11161202b945,False,"insufficient_eligible_synthetic:{""1"":361}"
bn_binary_cinexdrama,1019,4.0,L0.40_U0.60,0.4,0.6,1120,"{'0': 508, '1': 612}",778,"{'0': 553, '1': 225}",0,"{'0': 0, '1': 0}",[],0,4f53cda18c2baa0c0354bb5f9a3ecbe5ed12ab4d8e11ba873c2f11161202b945,False,"insufficient_eligible_synthetic:{""1"":387}"
bn_binary_cinexdrama,1020,1.75,L0.10_U0.60,0.1,0.6,490,"{'0': 222, '1': 268}",810,"{'0': 551, '1': 259}",0,"{'0': 0, '1': 0}",[],0,4f53cda18c2baa0c0354bb5f9a3ecbe5ed12ab4d8e11ba873c2f11161202b945,False,"insufficient_eligible_synthetic:{""1"":9}"
bn_binary_cinexdrama,1020,1.75,L0.20_U0.60,0.2,0.6,490,"{'0': 222, '1': 268}",810,"{'0': 551, '1': 259}",0,"{'0': 0, '1': 0}",[],0,4f53cda18c2baa0c0354bb5f9a3ecbe5ed12ab4d8e11ba873c2f11161202b945,False,"insufficient_eligible_synthetic:{""1"":9}"
bn_binary_cinexdrama,1020,1.75,L0.30_U0.60,0.3,0.6,490,"{'0': 222, '1': 268}",805,"{'0': 546, '1': 259}",0,"{'0': 0, '1': 0}",[],0,4f53cda18c2baa0c0354bb5f9a3ecbe5ed12ab4d8e11ba873c2f11161202b945,False,"insufficient_eligible_synthetic:{""1"":9}"
bn_binary_cinexdrama,1020,1.75,L0.40_U0.60,0.4,0.6,490,"{'0': 222, '1': 268}",766,"{'0': 535, '1': 231}",0,"{'0': 0, '1': 0}",[],0,4f53cda18c2baa0c0354bb5f9a3ecbe5ed12ab4d8e11ba873c2f11161202b945,False,"insufficient_eligible_synthetic:{""1"":37}"
bn_binary_cinexdrama,1020,2.0,L0.10_U0.60,0.1,0.6,560,"{'0': 254, '1': 306}",810,"{'0': 551, '1': 259}",0,"{'0': 0, '1': 0}",[],0,4f53cda18c2baa0c0354bb5f9a3ecbe5ed12ab4d8e11ba873c2f11161202b945,False,"insufficient_eligible_synthetic:{""1"":47}"
bn_binary_cinexdrama,1020,2.0,L0.20_U0.60,0.2,0.6,560,"{'0': 254, '1': 306}",810,"{'0': 551, '1': 259}",0,"{'0': 0, '1': 0}",[],0,4f53cda18c2baa0c0354bb5f9a3ecbe5ed12ab4d8e11ba873c2f11161202b945,False,"insufficient_eligible_synthetic:{""1"":47}"
bn_binary_cinexdrama,1020,2.0,L0.30_U0.60,0.3,0.6,560,"{'0': 254, '1': 306}",805,"{'0': 546, '1': 259}",0,"{'0': 0, '1': 0}",[],0,4f53cda18c2baa0c0354bb5f9a3ecbe5ed12ab4d8e11ba873c2f11161202b945,False,"insufficient_eligible_synthetic:{""1"":47}"
bn_binary_cinexdrama,1020,2.0,L0.40_U0.60,0.4,0.6,560,"{'0': 254, '1': 306}",766,"{'0': 535, '1': 231}",0,"{'0': 0, '1': 0}",[],0,4f53cda18c2baa0c0354bb5f9a3ecbe5ed12ab4d8e11ba873c2f11161202b945,False,"insufficient_eligible_synthetic:{""1"":75}"
bn_binary_cinexdrama,1020,2.5,L0.10_U0.60,0.1,0.6,700,"{'0': 318, '1': 382}",810,"{'0': 551, '1': 259}",0,"{'0': 0, '1': 0}",[],0,4f53cda18c2baa0c0354bb5f9a3ecbe5ed12ab4d8e11ba873c2f11161202b945,False,"insufficient_eligible_synthetic:{""1"":123}"
bn_binary_cinexdrama,1020,2.5,L0.20_U0.60,0.2,0.6,700,"{'0': 318, '1': 382}",810,"{'0': 551, '1': 259}",0,"{'0': 0, '1': 0}",[],0,4f53cda18c2baa0c0354bb5f9a3ecbe5ed12ab4d8e11ba873c2f11161202b945,False,"insufficient_eligible_synthetic:{""1"":123}"
bn_binary_cinexdrama,1020,2.5,L0.30_U0.60,0.3,0.6,700,"{'0': 318, '1': 382}",805,"{'0': 546, '1': 259}",0,"{'0': 0, '1': 0}",[],0,4f53cda18c2baa0c0354bb5f9a3ecbe5ed12ab4d8e11ba873c2f11161202b945,False,"insufficient_eligible_synthetic:{""1"":123}"
bn_binary_cinexdrama,1020,2.5,L0.40_U0.60,0.4,0.6,700,"{'0': 318, '1': 382}",766,"{'0': 535, '1': 231}",0,"{'0': 0, '1': 0}",[],0,4f53cda18c2baa0c0354bb5f9a3ecbe5ed12ab4d8e11ba873c2f11161202b945,False,"insufficient_eligible_synthetic:{""1"":151}"
bn_binary_cinexdrama,1020,3.0,L0.10_U0.60,0.1,0.6,840,"{'0': 381, '1': 459}",810,"{'0': 551, '1': 259}",0,"{'0': 0, '1': 0}",[],0,4f53cda18c2baa0c0354bb5f9a3ecbe5ed12ab4d8e11ba873c2f11161202b945,False,"insufficient_eligible_synthetic:{""1"":200}"
bn_binary_cinexdrama,1020,3.0,L0.20_U0.60,0.2,0.6,840,"{'0': 381, '1': 459}",810,"{'0': 551, '1': 259}",0,"{'0': 0, '1': 0}",[],0,4f53cda18c2baa0c0354bb5f9a3ecbe5ed12ab4d8e11ba873c2f11161202b945,False,"insufficient_eligible_synthetic:{""1"":200}"
bn_binary_cinexdrama,1020,3.0,L0.30_U0.60,0.3,0.6,840,"{'0': 381, '1': 459}",805,"{'0': 546, '1': 259}",0,"{'0': 0, '1': 0}",[],0,4f53cda18c2baa0c0354bb5f9a3ecbe5ed12ab4d8e11ba873c2f11161202b945,False,"insufficient_eligible_synthetic:{""1"":200}"
bn_binary_cinexdrama,1020,3.0,L0.40_U0.60,0.4,0.6,840,"{'0': 381, '1': 459}",766,"{'0': 535, '1': 231}",0,"{'0': 0, '1': 0}",[],0,4f53cda18c2baa0c0354bb5f9a3ecbe5ed12ab4d8e11ba873c2f11161202b945,False,"insufficient_eligible_synthetic:{""1"":228}"
bn_binary_cinexdrama,1020,3.5,L0.10_U0.60,0.1,0.6,980,"{'0': 445, '1': 535}",810,"{'0': 551, '1': 259}",0,"{'0': 0, '1': 0}",[],0,4f53cda18c2baa0c0354bb5f9a3ecbe5ed12ab4d8e11ba873c2f11161202b945,False,"insufficient_eligible_synthetic:{""1"":276}"
bn_binary_cinexdrama,1020,3.5,L0.20_U0.60,0.2,0.6,980,"{'0': 445, '1': 535}",810,"{'0': 551, '1': 259}",0,"{'0': 0, '1': 0}",[],0,4f53cda18c2baa0c0354bb5f9a3ecbe5ed12ab4d8e11ba873c2f11161202b945,False,"insufficient_eligible_synthetic:{""1"":276}"
bn_binary_cinexdrama,1020,3.5,L0.30_U0.60,0.3,0.6,980,"{'0': 445, '1': 535}",805,"{'0': 546, '1': 259}",0,"{'0': 0, '1': 0}",[],0,4f53cda18c2baa0c0354bb5f9a3ecbe5ed12ab4d8e11ba873c2f11161202b945,False,"insufficient_eligible_synthetic:{""1"":276}"
bn_binary_cinexdrama,1020,3.5,L0.40_U0.60,0.4,0.6,980,"{'0': 445, '1': 535}",766,"{'0': 535, '1': 231}",0,"{'0': 0, '1': 0}",[],0,4f53cda18c2baa0c0354bb5f9a3ecbe5ed12ab4d8e11ba873c2f11161202b945,False,"insufficient_eligible_synthetic:{""1"":304}"
bn_binary_cinexdrama,1020,4.0,L0.10_U0.60,0.1,0.6,1120,"{'0': 508, '1': 612}",810,"{'0': 551, '1': 259}",0,"{'0': 0, '1': 0}",[],0,4f53cda18c2baa0c0354bb5f9a3ecbe5ed12ab4d8e11ba873c2f11161202b945,False,"insufficient_eligible_synthetic:{""1"":353}"
bn_binary_cinexdrama,1020,4.0,L0.20_U0.60,0.2,0.6,1120,"{'0': 508, '1': 612}",810,"{'0': 551, '1': 259}",0,"{'0': 0, '1': 0}",[],0,4f53cda18c2baa0c0354bb5f9a3ecbe5ed12ab4d8e11ba873c2f11161202b945,False,"insufficient_eligible_synthetic:{""1"":353}"
bn_binary_cinexdrama,1020,4.0,L0.30_U0.60,0.3,0.6,1120,"{'0': 508, '1': 612}",805,"{'0': 546, '1': 259}",0,"{'0': 0, '1': 0}",[],0,4f53cda18c2baa0c0354bb5f9a3ecbe5ed12ab4d8e11ba873c2f11161202b945,False,"insufficient_eligible_synthetic:{""1"":353}"
bn_binary_cinexdrama,1020,4.0,L0.40_U0.60,0.4,0.6,1120,"{'0': 508, '1': 612}",766,"{'0': 535, '1': 231}",0,"{'0': 0, '1': 0}",[],0,4f53cda18c2baa0c0354bb5f9a3ecbe5ed12ab4d8e11ba873c2f11161202b945,False,"insufficient_eligible_synthetic:{""1"":381}"
bn_binary_cinexdrama,1021,1.0,L0.10_U0.60,0.1,0.6,280,"{'0': 127, '1': 153}",668,"{'0': 525, '1': 143}",0,"{'0': 0, '1': 0}",[],0,4f53cda18c2baa0c0354bb5f9a3ecbe5ed12ab4d8e11ba873c2f11161202b945,False,"insufficient_eligible_synthetic:{""1"":10}"
bn_binary_cinexdrama,1021,1.0,L0.20_U0.60,0.2,0.6,280,"{'0': 127, '1': 153}",668,"{'0': 525, '1': 143}",0,"{'0': 0, '1': 0}",[],0,4f53cda18c2baa0c0354bb5f9a3ecbe5ed12ab4d8e11ba873c2f11161202b945,False,"insufficient_eligible_synthetic:{""1"":10}"
bn_binary_cinexdrama,1021,1.0,L0.30_U0.60,0.3,0.6,280,"{'0': 127, '1': 153}",668,"{'0': 525, '1': 143}",0,"{'0': 0, '1': 0}",[],0,4f53cda18c2baa0c0354bb5f9a3ecbe5ed12ab4d8e11ba873c2f11161202b945,False,"insufficient_eligible_synthetic:{""1"":10}"
bn_binary_cinexdrama,1021,1.0,L0.40_U0.60,0.4,0.6,280,"{'0': 127, '1': 153}",641,"{'0': 498, '1': 143}",0,"{'0': 0, '1': 0}",[],0,4f53cda18c2baa0c0354bb5f9a3ecbe5ed12ab4d8e11ba873c2f11161202b945,False,"insufficient_eligible_synthetic:{""1"":10}"
bn_binary_cinexdrama,1021,1.25,L0.10_U0.60,0.1,0.6,350,"{'0': 159, '1': 191}",668,"{'0': 525, '1': 143}",0,"{'0': 0, '1': 0}",[],0,4f53cda18c2baa0c0354bb5f9a3ecbe5ed12ab4d8e11ba873c2f11161202b945,False,"insufficient_eligible_synthetic:{""1"":48}"
bn_binary_cinexdrama,1021,1.25,L0.20_U0.60,0.2,0.6,350,"{'0': 159, '1': 191}",668,"{'0': 525, '1': 143}",0,"{'0': 0, '1': 0}",[],0,4f53cda18c2baa0c0354bb5f9a3ecbe5ed12ab4d8e11ba873c2f11161202b945,False,"insufficient_eligible_synthetic:{""1"":48}"
bn_binary_cinexdrama,1021,1.25,L0.30_U0.60,0.3,0.6,350,"{'0': 159, '1': 191}",668,"{'0': 525, '1': 143}",0,"{'0': 0, '1': 0}",[],0,4f53cda18c2baa0c0354bb5f9a3ecbe5ed12ab4d8e11ba873c2f11161202b945,False,"insufficient_eligible_synthetic:{""1"":48}"
bn_binary_cinexdrama,1021,1.25,L0.40_U0.60,0.4,0.6,350,"{'0': 159, '1': 191}",641,"{'0': 498, '1': 143}",0,"{'0': 0, '1': 0}",[],0,4f53cda18c2baa0c0354bb5f9a3ecbe5ed12ab4d8e11ba873c2f11161202b945,False,"insufficient_eligible_synthetic:{""1"":48}"
bn_binary_cinexdrama,1021,1.5,L0.10_U0.60,0.1,0.6,420,"{'0': 191, '1': 229}",668,"{'0': 525, '1': 143}",0,"{'0': 0, '1': 0}",[],0,4f53cda18c2baa0c0354bb5f9a3ecbe5ed12ab4d8e11ba873c2f11161202b945,False,"insufficient_eligible_synthetic:{""1"":86}"
bn_binary_cinexdrama,1021,1.5,L0.20_U0.60,0.2,0.6,420,"{'0': 191, '1': 229}",668,"{'0': 525, '1': 143}",0,"{'0': 0, '1': 0}",[],0,4f53cda18c2baa0c0354bb5f9a3ecbe5ed12ab4d8e11ba873c2f11161202b945,False,"insufficient_eligible_synthetic:{""1"":86}"
bn_binary_cinexdrama,1021,1.5,L0.30_U0.60,0.3,0.6,420,"{'0': 191, '1': 229}",668,"{'0': 525, '1': 143}",0,"{'0': 0, '1': 0}",[],0,4f53cda18c2baa0c0354bb5f9a3ecbe5ed12ab4d8e11ba873c2f11161202b945,False,"insufficient_eligible_synthetic:{""1"":86}"
bn_binary_cinexdrama,1021,1.5,L0.40_U0.60,0.4,0.6,420,"{'0': 191, '1': 229}",641,"{'0': 498, '1': 143}",0,"{'0': 0, '1': 0}",[],0,4f53cda18c2baa0c0354bb5f9a3ecbe5ed12ab4d8e11ba873c2f11161202b945,False,"insufficient_eligible_synthetic:{""1"":86}"
bn_binary_cinexdrama,1021,1.75,L0.10_U0.60,0.1,0.6,490,"{'0': 222, '1': 268}",668,"{'0': 525, '1': 143}",0,"{'0': 0, '1': 0}",[],0,4f53cda18c2baa0c0354bb5f9a3ecbe5ed12ab4d8e11ba873c2f11161202b945,False,"insufficient_eligible_synthetic:{""1"":125}"
bn_binary_cinexdrama,1021,1.75,L0.20_U0.60,0.2,0.6,490,"{'0': 222, '1': 268}",668,"{'0': 525, '1': 143}",0,"{'0': 0, '1': 0}",[],0,4f53cda18c2baa0c0354bb5f9a3ecbe5ed12ab4d8e11ba873c2f11161202b945,False,"insufficient_eligible_synthetic:{""1"":125}"
bn_binary_cinexdrama,1021,1.75,L0.30_U0.60,0.3,0.6,490,"{'0': 222, '1': 268}",668,"{'0': 525, '1': 143}",0,"{'0': 0, '1': 0}",[],0,4f53cda18c2baa0c0354bb5f9a3ecbe5ed12ab4d8e11ba873c2f11161202b945,False,"insufficient_eligible_synthetic:{""1"":125}"
bn_binary_cinexdrama,1021,1.75,L0.40_U0.60,0.4,0.6,490,"{'0': 222, '1': 268}",641,"{'0': 498, '1': 143}",0,"{'0': 0, '1': 0}",[],0,4f53cda18c2baa0c0354bb5f9a3ecbe5ed12ab4d8e11ba873c2f11161202b945,False,"insufficient_eligible_synthetic:{""1"":125}"
bn_binary_cinexdrama,1021,2.0,L0.10_U0.60,0.1,0.6,560,"{'0': 254, '1': 306}",668,"{'0': 525, '1': 143}",0,"{'0': 0, '1': 0}",[],0,4f53cda18c2baa0c0354bb5f9a3ecbe5ed12ab4d8e11ba873c2f11161202b945,False,"insufficient_eligible_synthetic:{""1"":163}"
bn_binary_cinexdrama,1021,2.0,L0.20_U0.60,0.2,0.6,560,"{'0': 254, '1': 306}",668,"{'0': 525, '1': 143}",0,"{'0': 0, '1': 0}",[],0,4f53cda18c2baa0c0354bb5f9a3ecbe5ed12ab4d8e11ba873c2f11161202b945,False,"insufficient_eligible_synthetic:{""1"":163}"
bn_binary_cinexdrama,1021,2.0,L0.30_U0.60,0.3,0.6,560,"{'0': 254, '1': 306}",668,"{'0': 525, '1': 143}",0,"{'0': 0, '1': 0}",[],0,4f53cda18c2baa0c0354bb5f9a3ecbe5ed12ab4d8e11ba873c2f11161202b945,False,"insufficient_eligible_synthetic:{""1"":163}"
bn_binary_cinexdrama,1021,2.0,L0.40_U0.60,0.4,0.6,560,"{'0': 254, '1': 306}",641,"{'0': 498, '1': 143}",0,"{'0': 0, '1': 0}",[],0,4f53cda18c2baa0c0354bb5f9a3ecbe5ed12ab4d8e11ba873c2f11161202b945,False,"insufficient_eligible_synthetic:{""1"":163}"
bn_binary_cinexdrama,1021,2.5,L0.10_U0.60,0.1,0.6,700,"{'0': 318, '1': 382}",668,"{'0': 525, '1': 143}",0,"{'0': 0, '1': 0}",[],0,4f53cda18c2baa0c0354bb5f9a3ecbe5ed12ab4d8e11ba873c2f11161202b945,False,"insufficient_eligible_synthetic:{""1"":239}"
bn_binary_cinexdrama,1021,2.5,L0.20_U0.60,0.2,0.6,700,"{'0': 318, '1': 382}",668,"{'0': 525, '1': 143}",0,"{'0': 0, '1': 0}",[],0,4f53cda18c2baa0c0354bb5f9a3ecbe5ed12ab4d8e11ba873c2f11161202b945,False,"insufficient_eligible_synthetic:{""1"":239}"
bn_binary_cinexdrama,1021,2.5,L0.30_U0.60,0.3,0.6,700,"{'0': 318, '1': 382}",668,"{'0': 525, '1': 143}",0,"{'0': 0, '1': 0}",[],0,4f53cda18c2baa0c0354bb5f9a3ecbe5ed12ab4d8e11ba873c2f11161202b945,False,"insufficient_eligible_synthetic:{""1"":239}"
bn_binary_cinexdrama,1021,2.5,L0.40_U0.60,0.4,0.6,700,"{'0': 318, '1': 382}",641,"{'0': 498, '1': 143}",0,"{'0': 0, '1': 0}",[],0,4f53cda18c2baa0c0354bb5f9a3ecbe5ed12ab4d8e11ba873c2f11161202b945,False,"insufficient_eligible_synthetic:{""1"":239}"
bn_binary_cinexdrama,1021,3.0,L0.10_U0.60,0.1,0.6,840,"{'0': 381, '1': 459}",668,"{'0': 525, '1': 143}",0,"{'0': 0, '1': 0}",[],0,4f53cda18c2baa0c0354bb5f9a3ecbe5ed12ab4d8e11ba873c2f11161202b945,False,"insufficient_eligible_synthetic:{""1"":316}"
bn_binary_cinexdrama,1021,3.0,L0.20_U0.60,0.2,0.6,840,"{'0': 381, '1': 459}",668,"{'0': 525, '1': 143}",0,"{'0': 0, '1': 0}",[],0,4f53cda18c2baa0c0354bb5f9a3ecbe5ed12ab4d8e11ba873c2f11161202b945,False,"insufficient_eligible_synthetic:{""1"":316}"
bn_binary_cinexdrama,1021,3.0,L0.30_U0.60,0.3,0.6,840,"{'0': 381, '1': 459}",668,"{'0': 525, '1': 143}",0,"{'0': 0, '1': 0}",[],0,4f53cda18c2baa0c0354bb5f9a3ecbe5ed12ab4d8e11ba873c2f11161202b945,False,"insufficient_eligible_synthetic:{""1"":316}"
bn_binary_cinexdrama,1021,3.0,L0.40_U0.60,0.4,0.6,840,"{'0': 381, '1': 459}",641,"{'0': 498, '1': 143}",0,"{'0': 0, '1': 0}",[],0,4f53cda18c2baa0c0354bb5f9a3ecbe5ed12ab4d8e11ba873c2f11161202b945,False,"insufficient_eligible_synthetic:{""1"":316}"
bn_binary_cinexdrama,1021,3.5,L0.10_U0.60,0.1,0.6,980,"{'0': 445, '1': 535}",668,"{'0': 525, '1': 143}",0,"{'0': 0, '1': 0}",[],0,4f53cda18c2baa0c0354bb5f9a3ecbe5ed12ab4d8e11ba873c2f11161202b945,False,"insufficient_eligible_synthetic:{""1"":392}"
bn_binary_cinexdrama,1021,3.5,L0.20_U0.60,0.2,0.6,980,"{'0': 445, '1': 535}",668,"{'0': 525, '1': 143}",0,"{'0': 0, '1': 0}",[],0,4f53cda18c2baa0c0354bb5f9a3ecbe5ed12ab4d8e11ba873c2f11161202b945,False,"insufficient_eligible_synthetic:{""1"":392}"
bn_binary_cinexdrama,1021,3.5,L0.30_U0.60,0.3,0.6,980,"{'0': 445, '1': 535}",668,"{'0': 525, '1': 143}",0,"{'0': 0, '1': 0}",[],0,4f53cda18c2baa0c0354bb5f9a3ecbe5ed12ab4d8e11ba873c2f11161202b945,False,"insufficient_eligible_synthetic:{""1"":392}"
bn_binary_cinexdrama,1021,3.5,L0.40_U0.60,0.4,0.6,980,"{'0': 445, '1': 535}",641,"{'0': 498, '1': 143}",0,"{'0': 0, '1': 0}",[],0,4f53cda18c2baa0c0354bb5f9a3ecbe5ed12ab4d8e11ba873c2f11161202b945,False,"insufficient_eligible_synthetic:{""1"":392}"
bn_binary_cinexdrama,1021,4.0,L0.10_U0.60,0.1,0.6,1120,"{'0': 508, '1': 612}",668,"{'0': 525, '1': 143}",0,"{'0': 0, '1': 0}",[],0,4f53cda18c2baa0c0354bb5f9a3ecbe5ed12ab4d8e11ba873c2f11161202b945,False,"insufficient_eligible_synthetic:{""1"":469}"
bn_binary_cinexdrama,1021,4.0,L0.20_U0.60,0.2,0.6,1120,"{'0': 508, '1': 612}",668,"{'0': 525, '1': 143}",0,"{'0': 0, '1': 0}",[],0,4f53cda18c2baa0c0354bb5f9a3ecbe5ed12ab4d8e11ba873c2f11161202b945,False,"insufficient_eligible_synthetic:{""1"":469}"
bn_binary_cinexdrama,1021,4.0,L0.30_U0.60,0.3,0.6,1120,"{'0': 508, '1': 612}",668,"{'0': 525, '1': 143}",0,"{'0': 0, '1': 0}",[],0,4f53cda18c2baa0c0354bb5f9a3ecbe5ed12ab4d8e11ba873c2f11161202b945,False,"insufficient_eligible_synthetic:{""1"":469}"
bn_binary_cinexdrama,1021,4.0,L0.40_U0.60,0.4,0.6,1120,"{'0': 508, '1': 612}",641,"{'0': 498, '1': 143}",0,"{'0': 0, '1': 0}",[],0,4f53cda18c2baa0c0354bb5f9a3ecbe5ed12ab4d8e11ba873c2f11161202b945,False,"insufficient_eligible_synthetic:{""0"":10,""1"":469}"
bn_binary_cinexdrama,1022,1.75,L0.10_U0.60,0.1,0.6,490,"{'0': 222, '1': 268}",899,"{'0': 648, '1': 251}",0,"{'0': 0, '1': 0}",[],0,4f53cda18c2baa0c0354bb5f9a3ecbe5ed12ab4d8e11ba873c2f11161202b945,False,"insufficient_eligible_synthetic:{""1"":17}"
bn_binary_cinexdrama,1022,1.75,L0.20_U0.60,0.2,0.6,490,"{'0': 222, '1': 268}",899,"{'0': 648, '1': 251}",0,"{'0': 0, '1': 0}",[],0,4f53cda18c2baa0c0354bb5f9a3ecbe5ed12ab4d8e11ba873c2f11161202b945,False,"insufficient_eligible_synthetic:{""1"":17}"
bn_binary_cinexdrama,1022,1.75,L0.30_U0.60,0.3,0.6,490,"{'0': 222, '1': 268}",899,"{'0': 648, '1': 251}",0,"{'0': 0, '1': 0}",[],0,4f53cda18c2baa0c0354bb5f9a3ecbe5ed12ab4d8e11ba873c2f11161202b945,False,"insufficient_eligible_synthetic:{""1"":17}"
bn_binary_cinexdrama,1022,1.75,L0.40_U0.60,0.4,0.6,490,"{'0': 222, '1': 268}",871,"{'0': 620, '1': 251}",0,"{'0': 0, '1': 0}",[],0,4f53cda18c2baa0c0354bb5f9a3ecbe5ed12ab4d8e11ba873c2f11161202b945,False,"insufficient_eligible_synthetic:{""1"":17}"
bn_binary_cinexdrama,1022,2.0,L0.10_U0.60,0.1,0.6,560,"{'0': 254, '1': 306}",899,"{'0': 648, '1': 251}",0,"{'0': 0, '1': 0}",[],0,4f53cda18c2baa0c0354bb5f9a3ecbe5ed12ab4d8e11ba873c2f11161202b945,False,"insufficient_eligible_synthetic:{""1"":55}"
bn_binary_cinexdrama,1022,2.0,L0.20_U0.60,0.2,0.6,560,"{'0': 254, '1': 306}",899,"{'0': 648, '1': 251}",0,"{'0': 0, '1': 0}",[],0,4f53cda18c2baa0c0354bb5f9a3ecbe5ed12ab4d8e11ba873c2f11161202b945,False,"insufficient_eligible_synthetic:{""1"":55}"
bn_binary_cinexdrama,1022,2.0,L0.30_U0.60,0.3,0.6,560,"{'0': 254, '1': 306}",899,"{'0': 648, '1': 251}",0,"{'0': 0, '1': 0}",[],0,4f53cda18c2baa0c0354bb5f9a3ecbe5ed12ab4d8e11ba873c2f11161202b945,False,"insufficient_eligible_synthetic:{""1"":55}"
bn_binary_cinexdrama,1022,2.0,L0.40_U0.60,0.4,0.6,560,"{'0': 254, '1': 306}",871,"{'0': 620, '1': 251}",0,"{'0': 0, '1': 0}",[],0,4f53cda18c2baa0c0354bb5f9a3ecbe5ed12ab4d8e11ba873c2f11161202b945,False,"insufficient_eligible_synthetic:{""1"":55}"
bn_binary_cinexdrama,1022,2.5,L0.10_U0.60,0.1,0.6,700,"{'0': 318, '1': 382}",899,"{'0': 648, '1': 251}",0,"{'0': 0, '1': 0}",[],0,4f53cda18c2baa0c0354bb5f9a3ecbe5ed12ab4d8e11ba873c2f11161202b945,False,"insufficient_eligible_synthetic:{""1"":131}"
bn_binary_cinexdrama,1022,2.5,L0.20_U0.60,0.2,0.6,700,"{'0': 318, '1': 382}",899,"{'0': 648, '1': 251}",0,"{'0': 0, '1': 0}",[],0,4f53cda18c2baa0c0354bb5f9a3ecbe5ed12ab4d8e11ba873c2f11161202b945,False,"insufficient_eligible_synthetic:{""1"":131}"
bn_binary_cinexdrama,1022,2.5,L0.30_U0.60,0.3,0.6,700,"{'0': 318, '1': 382}",899,"{'0': 648, '1': 251}",0,"{'0': 0, '1': 0}",[],0,4f53cda18c2baa0c0354bb5f9a3ecbe5ed12ab4d8e11ba873c2f11161202b945,False,"insufficient_eligible_synthetic:{""1"":131}"
bn_binary_cinexdrama,1022,2.5,L0.40_U0.60,0.4,0.6,700,"{'0': 318, '1': 382}",871,"{'0': 620, '1': 251}",0,"{'0': 0, '1': 0}",[],0,4f53cda18c2baa0c0354bb5f9a3ecbe5ed12ab4d8e11ba873c2f11161202b945,False,"insufficient_eligible_synthetic:{""1"":131}"
bn_binary_cinexdrama,1022,3.0,L0.10_U0.60,0.1,0.6,840,"{'0': 381, '1': 459}",899,"{'0': 648, '1': 251}",0,"{'0': 0, '1': 0}",[],0,4f53cda18c2baa0c0354bb5f9a3ecbe5ed12ab4d8e11ba873c2f11161202b945,False,"insufficient_eligible_synthetic:{""1"":208}"
bn_binary_cinexdrama,1022,3.0,L0.20_U0.60,0.2,0.6,840,"{'0': 381, '1': 459}",899,"{'0': 648, '1': 251}",0,"{'0': 0, '1': 0}",[],0,4f53cda18c2baa0c0354bb5f9a3ecbe5ed12ab4d8e11ba873c2f11161202b945,False,"insufficient_eligible_synthetic:{""1"":208}"
bn_binary_cinexdrama,1022,3.0,L0.30_U0.60,0.3,0.6,840,"{'0': 381, '1': 459}",899,"{'0': 648, '1': 251}",0,"{'0': 0, '1': 0}",[],0,4f53cda18c2baa0c0354bb5f9a3ecbe5ed12ab4d8e11ba873c2f11161202b945,False,"insufficient_eligible_synthetic:{""1"":208}"
bn_binary_cinexdrama,1022,3.0,L0.40_U0.60,0.4,0.6,840,"{'0': 381, '1': 459}",871,"{'0': 620, '1': 251}",0,"{'0': 0, '1': 0}",[],0,4f53cda18c2baa0c0354bb5f9a3ecbe5ed12ab4d8e11ba873c2f11161202b945,False,"insufficient_eligible_synthetic:{""1"":208}"
bn_binary_cinexdrama,1022,3.5,L0.10_U0.60,0.1,0.6,980,"{'0': 445, '1': 535}",899,"{'0': 648, '1': 251}",0,"{'0': 0, '1': 0}",[],0,4f53cda18c2baa0c0354bb5f9a3ecbe5ed12ab4d8e11ba873c2f11161202b945,False,"insufficient_eligible_synthetic:{""1"":284}"
bn_binary_cinexdrama,1022,3.5,L0.20_U0.60,0.2,0.6,980,"{'0': 445, '1': 535}",899,"{'0': 648, '1': 251}",0,"{'0': 0, '1': 0}",[],0,4f53cda18c2baa0c0354bb5f9a3ecbe5ed12ab4d8e11ba873c2f11161202b945,False,"insufficient_eligible_synthetic:{""1"":284}"
bn_binary_cinexdrama,1022,3.5,L0.30_U0.60,0.3,0.6,980,"{'0': 445, '1': 535}",899,"{'0': 648, '1': 251}",0,"{'0': 0, '1': 0}",[],0,4f53cda18c2baa0c0354bb5f9a3ecbe5ed12ab4d8e11ba873c2f11161202b945,False,"insufficient_eligible_synthetic:{""1"":284}"
bn_binary_cinexdrama,1022,3.5,L0.40_U0.60,0.4,0.6,980,"{'0': 445, '1': 535}",871,"{'0': 620, '1': 251}",0,"{'0': 0, '1': 0}",[],0,4f53cda18c2baa0c0354bb5f9a3ecbe5ed12ab4d8e11ba873c2f11161202b945,False,"insufficient_eligible_synthetic:{""1"":284}"
bn_binary_cinexdrama,1022,4.0,L0.10_U0.60,0.1,0.6,1120,"{'0': 508, '1': 612}",899,"{'0': 648, '1': 251}",0,"{'0': 0, '1': 0}",[],0,4f53cda18c2baa0c0354bb5f9a3ecbe5ed12ab4d8e11ba873c2f11161202b945,False,"insufficient_eligible_synthetic:{""1"":361}"
bn_binary_cinexdrama,1022,4.0,L0.20_U0.60,0.2,0.6,1120,"{'0': 508, '1': 612}",899,"{'0': 648, '1': 251}",0,"{'0': 0, '1': 0}",[],0,4f53cda18c2baa0c0354bb5f9a3ecbe5ed12ab4d8e11ba873c2f11161202b945,False,"insufficient_eligible_synthetic:{""1"":361}"
bn_binary_cinexdrama,1022,4.0,L0.30_U0.60,0.3,0.6,1120,"{'0': 508, '1': 612}",899,"{'0': 648, '1': 251}",0,"{'0': 0, '1': 0}",[],0,4f53cda18c2baa0c0354bb5f9a3ecbe5ed12ab4d8e11ba873c2f11161202b945,False,"insufficient_eligible_synthetic:{""1"":361}"
bn_binary_cinexdrama,1022,4.0,L0.40_U0.60,0.4,0.6,1120,"{'0': 508, '1': 612}",871,"{'0': 620, '1': 251}",0,"{'0': 0, '1': 0}",[],0,4f53cda18c2baa0c0354bb5f9a3ecbe5ed12ab4d8e11ba873c2f11161202b945,False,"insufficient_eligible_synthetic:{""1"":361}"
bn_binary_cinexdrama,1023,1.25,L0.10_U0.60,0.1,0.6,350,"{'0': 159, '1': 191}",675,"{'0': 486, '1': 189}",0,"{'0': 0, '1': 0}",[],0,4f53cda18c2baa0c0354bb5f9a3ecbe5ed12ab4d8e11ba873c2f11161202b945,False,"insufficient_eligible_synthetic:{""1"":2}"
bn_binary_cinexdrama,1023,1.25,L0.20_U0.60,0.2,0.6,350,"{'0': 159, '1': 191}",675,"{'0': 486, '1': 189}",0,"{'0': 0, '1': 0}",[],0,4f53cda18c2baa0c0354bb5f9a3ecbe5ed12ab4d8e11ba873c2f11161202b945,False,"insufficient_eligible_synthetic:{""1"":2}"
bn_binary_cinexdrama,1023,1.25,L0.30_U0.60,0.3,0.6,350,"{'0': 159, '1': 191}",670,"{'0': 481, '1': 189}",0,"{'0': 0, '1': 0}",[],0,4f53cda18c2baa0c0354bb5f9a3ecbe5ed12ab4d8e11ba873c2f11161202b945,False,"insufficient_eligible_synthetic:{""1"":2}"
bn_binary_cinexdrama,1023,1.25,L0.40_U0.60,0.4,0.6,350,"{'0': 159, '1': 191}",656,"{'0': 476, '1': 180}",0,"{'0': 0, '1': 0}",[],0,4f53cda18c2baa0c0354bb5f9a3ecbe5ed12ab4d8e11ba873c2f11161202b945,False,"insufficient_eligible_synthetic:{""1"":11}"
bn_binary_cinexdrama,1023,1.5,L0.10_U0.60,0.1,0.6,420,"{'0': 191, '1': 229}",675,"{'0': 486, '1': 189}",0,"{'0': 0, '1': 0}",[],0,4f53cda18c2baa0c0354bb5f9a3ecbe5ed12ab4d8e11ba873c2f11161202b945,False,"insufficient_eligible_synthetic:{""1"":40}"
bn_binary_cinexdrama,1023,1.5,L0.20_U0.60,0.2,0.6,420,"{'0': 191, '1': 229}",675,"{'0': 486, '1': 189}",0,"{'0': 0, '1': 0}",[],0,4f53cda18c2baa0c0354bb5f9a3ecbe5ed12ab4d8e11ba873c2f11161202b945,False,"insufficient_eligible_synthetic:{""1"":40}"
bn_binary_cinexdrama,1023,1.5,L0.30_U0.60,0.3,0.6,420,"{'0': 191, '1': 229}",670,"{'0': 481, '1': 189}",0,"{'0': 0, '1': 0}",[],0,4f53cda18c2baa0c0354bb5f9a3ecbe5ed12ab4d8e11ba873c2f11161202b945,False,"insufficient_eligible_synthetic:{""1"":40}"
bn_binary_cinexdrama,1023,1.5,L0.40_U0.60,0.4,0.6,420,"{'0': 191, '1': 229}",656,"{'0': 476, '1': 180}",0,"{'0': 0, '1': 0}",[],0,4f53cda18c2baa0c0354bb5f9a3ecbe5ed12ab4d8e11ba873c2f11161202b945,False,"insufficient_eligible_synthetic:{""1"":49}"
bn_binary_cinexdrama,1023,1.75,L0.10_U0.60,0.1,0.6,490,"{'0': 222, '1': 268}",675,"{'0': 486, '1': 189}",0,"{'0': 0, '1': 0}",[],0,4f53cda18c2baa0c0354bb5f9a3ecbe5ed12ab4d8e11ba873c2f11161202b945,False,"insufficient_eligible_synthetic:{""1"":79}"
bn_binary_cinexdrama,1023,1.75,L0.20_U0.60,0.2,0.6,490,"{'0': 222, '1': 268}",675,"{'0': 486, '1': 189}",0,"{'0': 0, '1': 0}",[],0,4f53cda18c2baa0c0354bb5f9a3ecbe5ed12ab4d8e11ba873c2f11161202b945,False,"insufficient_eligible_synthetic:{""1"":79}"
bn_binary_cinexdrama,1023,1.75,L0.30_U0.60,0.3,0.6,490,"{'0': 222, '1': 268}",670,"{'0': 481, '1': 189}",0,"{'0': 0, '1': 0}",[],0,4f53cda18c2baa0c0354bb5f9a3ecbe5ed12ab4d8e11ba873c2f11161202b945,False,"insufficient_eligible_synthetic:{""1"":79}"
bn_binary_cinexdrama,1023,1.75,L0.40_U0.60,0.4,0.6,490,"{'0': 222, '1': 268}",656,"{'0': 476, '1': 180}",0,"{'0': 0, '1': 0}",[],0,4f53cda18c2baa0c0354bb5f9a3ecbe5ed12ab4d8e11ba873c2f11161202b945,False,"insufficient_eligible_synthetic:{""1"":88}"
bn_binary_cinexdrama,1023,2.0,L0.10_U0.60,0.1,0.6,560,"{'0': 254, '1': 306}",675,"{'0': 486, '1': 189}",0,"{'0': 0, '1': 0}",[],0,4f53cda18c2baa0c0354bb5f9a3ecbe5ed12ab4d8e11ba873c2f11161202b945,False,"insufficient_eligible_synthetic:{""1"":117}"
bn_binary_cinexdrama,1023,2.0,L0.20_U0.60,0.2,0.6,560,"{'0': 254, '1': 306}",675,"{'0': 486, '1': 189}",0,"{'0': 0, '1': 0}",[],0,4f53cda18c2baa0c0354bb5f9a3ecbe5ed12ab4d8e11ba873c2f11161202b945,False,"insufficient_eligible_synthetic:{""1"":117}"
bn_binary_cinexdrama,1023,2.0,L0.30_U0.60,0.3,0.6,560,"{'0': 254, '1': 306}",670,"{'0': 481, '1': 189}",0,"{'0': 0, '1': 0}",[],0,4f53cda18c2baa0c0354bb5f9a3ecbe5ed12ab4d8e11ba873c2f11161202b945,False,"insufficient_eligible_synthetic:{""1"":117}"
bn_binary_cinexdrama,1023,2.0,L0.40_U0.60,0.4,0.6,560,"{'0': 254, '1': 306}",656,"{'0': 476, '1': 180}",0,"{'0': 0, '1': 0}",[],0,4f53cda18c2baa0c0354bb5f9a3ecbe5ed12ab4d8e11ba873c2f11161202b945,False,"insufficient_eligible_synthetic:{""1"":126}"
bn_binary_cinexdrama,1023,2.5,L0.10_U0.60,0.1,0.6,700,"{'0': 318, '1': 382}",675,"{'0': 486, '1': 189}",0,"{'0': 0, '1': 0}",[],0,4f53cda18c2baa0c0354bb5f9a3ecbe5ed12ab4d8e11ba873c2f11161202b945,False,"insufficient_eligible_synthetic:{""1"":193}"
bn_binary_cinexdrama,1023,2.5,L0.20_U0.60,0.2,0.6,700,"{'0': 318, '1': 382}",675,"{'0': 486, '1': 189}",0,"{'0': 0, '1': 0}",[],0,4f53cda18c2baa0c0354bb5f9a3ecbe5ed12ab4d8e11ba873c2f11161202b945,False,"insufficient_eligible_synthetic:{""1"":193}"
bn_binary_cinexdrama,1023,2.5,L0.30_U0.60,0.3,0.6,700,"{'0': 318, '1': 382}",670,"{'0': 481, '1': 189}",0,"{'0': 0, '1': 0}",[],0,4f53cda18c2baa0c0354bb5f9a3ecbe5ed12ab4d8e11ba873c2f11161202b945,False,"insufficient_eligible_synthetic:{""1"":193}"
bn_binary_cinexdrama,1023,2.5,L0.40_U0.60,0.4,0.6,700,"{'0': 318, '1': 382}",656,"{'0': 476, '1': 180}",0,"{'0': 0, '1': 0}",[],0,4f53cda18c2baa0c0354bb5f9a3ecbe5ed12ab4d8e11ba873c2f11161202b945,False,"insufficient_eligible_synthetic:{""1"":202}"
bn_binary_cinexdrama,1023,3.0,L0.10_U0.60,0.1,0.6,840,"{'0': 381, '1': 459}",675,"{'0': 486, '1': 189}",0,"{'0': 0, '1': 0}",[],0,4f53cda18c2baa0c0354bb5f9a3ecbe5ed12ab4d8e11ba873c2f11161202b945,False,"insufficient_eligible_synthetic:{""1"":270}"
bn_binary_cinexdrama,1023,3.0,L0.20_U0.60,0.2,0.6,840,"{'0': 381, '1': 459}",675,"{'0': 486, '1': 189}",0,"{'0': 0, '1': 0}",[],0,4f53cda18c2baa0c0354bb5f9a3ecbe5ed12ab4d8e11ba873c2f11161202b945,False,"insufficient_eligible_synthetic:{""1"":270}"
bn_binary_cinexdrama,1023,3.0,L0.30_U0.60,0.3,0.6,840,"{'0': 381, '1': 459}",670,"{'0': 481, '1': 189}",0,"{'0': 0, '1': 0}",[],0,4f53cda18c2baa0c0354bb5f9a3ecbe5ed12ab4d8e11ba873c2f11161202b945,False,"insufficient_eligible_synthetic:{""1"":270}"
bn_binary_cinexdrama,1023,3.0,L0.40_U0.60,0.4,0.6,840,"{'0': 381, '1': 459}",656,"{'0': 476, '1': 180}",0,"{'0': 0, '1': 0}",[],0,4f53cda18c2baa0c0354bb5f9a3ecbe5ed12ab4d8e11ba873c2f11161202b945,False,"insufficient_eligible_synthetic:{""1"":279}"
bn_binary_cinexdrama,1023,3.5,L0.10_U0.60,0.1,0.6,980,"{'0': 445, '1': 535}",675,"{'0': 486, '1': 189}",0,"{'0': 0, '1': 0}",[],0,4f53cda18c2baa0c0354bb5f9a3ecbe5ed12ab4d8e11ba873c2f11161202b945,False,"insufficient_eligible_synthetic:{""1"":346}"
bn_binary_cinexdrama,1023,3.5,L0.20_U0.60,0.2,0.6,980,"{'0': 445, '1': 535}",675,"{'0': 486, '1': 189}",0,"{'0': 0, '1': 0}",[],0,4f53cda18c2baa0c0354bb5f9a3ecbe5ed12ab4d8e11ba873c2f11161202b945,False,"insufficient_eligible_synthetic:{""1"":346}"
bn_binary_cinexdrama,1023,3.5,L0.30_U0.60,0.3,0.6,980,"{'0': 445, '1': 535}",670,"{'0': 481, '1': 189}",0,"{'0': 0, '1': 0}",[],0,4f53cda18c2baa0c0354bb5f9a3ecbe5ed12ab4d8e11ba873c2f11161202b945,False,"insufficient_eligible_synthetic:{""1"":346}"
bn_binary_cinexdrama,1023,3.5,L0.40_U0.60,0.4,0.6,980,"{'0': 445, '1': 535}",656,"{'0': 476, '1': 180}",0,"{'0': 0, '1': 0}",[],0,4f53cda18c2baa0c0354bb5f9a3ecbe5ed12ab4d8e11ba873c2f11161202b945,False,"insufficient_eligible_synthetic:{""1"":355}"
bn_binary_cinexdrama,1023,4.0,L0.10_U0.60,0.1,0.6,1120,"{'0': 508, '1': 612}",675,"{'0': 486, '1': 189}",0,"{'0': 0, '1': 0}",[],0,4f53cda18c2baa0c0354bb5f9a3ecbe5ed12ab4d8e11ba873c2f11161202b945,False,"insufficient_eligible_synthetic:{""0"":22,""1"":423}"
bn_binary_cinexdrama,1023,4.0,L0.20_U0.60,0.2,0.6,1120,"{'0': 508, '1': 612}",675,"{'0': 486, '1': 189}",0,"{'0': 0, '1': 0}",[],0,4f53cda18c2baa0c0354bb5f9a3ecbe5ed12ab4d8e11ba873c2f11161202b945,False,"insufficient_eligible_synthetic:{""0"":22,""1"":423}"
bn_binary_cinexdrama,1023,4.0,L0.30_U0.60,0.3,0.6,1120,"{'0': 508, '1': 612}",670,"{'0': 481, '1': 189}",0,"{'0': 0, '1': 0}",[],0,4f53cda18c2baa0c0354bb5f9a3ecbe5ed12ab4d8e11ba873c2f11161202b945,False,"insufficient_eligible_synthetic:{""0"":27,""1"":423}"
bn_binary_cinexdrama,1023,4.0,L0.40_U0.60,0.4,0.6,1120,"{'0': 508, '1': 612}",656,"{'0': 476, '1': 180}",0,"{'0': 0, '1': 0}",[],0,4f53cda18c2baa0c0354bb5f9a3ecbe5ed12ab4d8e11ba873c2f11161202b945,False,"insufficient_eligible_synthetic:{""0"":32,""1"":432}"
bn_binary_cinexdrama,1024,1.0,L0.10_U0.60,0.1,0.6,280,"{'0': 127, '1': 153}",785,"{'0': 649, '1': 136}",0,"{'0': 0, '1': 0}",[],0,4f53cda18c2baa0c0354bb5f9a3ecbe5ed12ab4d8e11ba873c2f11161202b945,False,"insufficient_eligible_synthetic:{""1"":17}"
bn_binary_cinexdrama,1024,1.0,L0.20_U0.60,0.2,0.6,280,"{'0': 127, '1': 153}",785,"{'0': 649, '1': 136}",0,"{'0': 0, '1': 0}",[],0,4f53cda18c2baa0c0354bb5f9a3ecbe5ed12ab4d8e11ba873c2f11161202b945,False,"insufficient_eligible_synthetic:{""1"":17}"
bn_binary_cinexdrama,1024,1.0,L0.30_U0.60,0.3,0.6,280,"{'0': 127, '1': 153}",784,"{'0': 648, '1': 136}",0,"{'0': 0, '1': 0}",[],0,4f53cda18c2baa0c0354bb5f9a3ecbe5ed12ab4d8e11ba873c2f11161202b945,False,"insufficient_eligible_synthetic:{""1"":17}"
bn_binary_cinexdrama,1024,1.0,L0.40_U0.60,0.4,0.6,280,"{'0': 127, '1': 153}",723,"{'0': 587, '1': 136}",0,"{'0': 0, '1': 0}",[],0,4f53cda18c2baa0c0354bb5f9a3ecbe5ed12ab4d8e11ba873c2f11161202b945,False,"insufficient_eligible_synthetic:{""1"":17}"
bn_binary_cinexdrama,1024,1.25,L0.10_U0.60,0.1,0.6,350,"{'0': 159, '1': 191}",785,"{'0': 649, '1': 136}",0,"{'0': 0, '1': 0}",[],0,4f53cda18c2baa0c0354bb5f9a3ecbe5ed12ab4d8e11ba873c2f11161202b945,False,"insufficient_eligible_synthetic:{""1"":55}"
bn_binary_cinexdrama,1024,1.25,L0.20_U0.60,0.2,0.6,350,"{'0': 159, '1': 191}",785,"{'0': 649, '1': 136}",0,"{'0': 0, '1': 0}",[],0,4f53cda18c2baa0c0354bb5f9a3ecbe5ed12ab4d8e11ba873c2f11161202b945,False,"insufficient_eligible_synthetic:{""1"":55}"
bn_binary_cinexdrama,1024,1.25,L0.30_U0.60,0.3,0.6,350,"{'0': 159, '1': 191}",784,"{'0': 648, '1': 136}",0,"{'0': 0, '1': 0}",[],0,4f53cda18c2baa0c0354bb5f9a3ecbe5ed12ab4d8e11ba873c2f11161202b945,False,"insufficient_eligible_synthetic:{""1"":55}"
bn_binary_cinexdrama,1024,1.25,L0.40_U0.60,0.4,0.6,350,"{'0': 159, '1': 191}",723,"{'0': 587, '1': 136}",0,"{'0': 0, '1': 0}",[],0,4f53cda18c2baa0c0354bb5f9a3ecbe5ed12ab4d8e11ba873c2f11161202b945,False,"insufficient_eligible_synthetic:{""1"":55}"
bn_binary_cinexdrama,1024,1.5,L0.10_U0.60,0.1,0.6,420,"{'0': 191, '1': 229}",785,"{'0': 649, '1': 136}",0,"{'0': 0, '1': 0}",[],0,4f53cda18c2baa0c0354bb5f9a3ecbe5ed12ab4d8e11ba873c2f11161202b945,False,"insufficient_eligible_synthetic:{""1"":93}"
bn_binary_cinexdrama,1024,1.5,L0.20_U0.60,0.2,0.6,420,"{'0': 191, '1': 229}",785,"{'0': 649, '1': 136}",0,"{'0': 0, '1': 0}",[],0,4f53cda18c2baa0c0354bb5f9a3ecbe5ed12ab4d8e11ba873c2f11161202b945,False,"insufficient_eligible_synthetic:{""1"":93}"
bn_binary_cinexdrama,1024,1.5,L0.30_U0.60,0.3,0.6,420,"{'0': 191, '1': 229}",784,"{'0': 648, '1': 136}",0,"{'0': 0, '1': 0}",[],0,4f53cda18c2baa0c0354bb5f9a3ecbe5ed12ab4d8e11ba873c2f11161202b945,False,"insufficient_eligible_synthetic:{""1"":93}"
bn_binary_cinexdrama,1024,1.5,L0.40_U0.60,0.4,0.6,420,"{'0': 191, '1': 229}",723,"{'0': 587, '1': 136}",0,"{'0': 0, '1': 0}",[],0,4f53cda18c2baa0c0354bb5f9a3ecbe5ed12ab4d8e11ba873c2f11161202b945,False,"insufficient_eligible_synthetic:{""1"":93}"
bn_binary_cinexdrama,1024,1.75,L0.10_U0.60,0.1,0.6,490,"{'0': 222, '1': 268}",785,"{'0': 649, '1': 136}",0,"{'0': 0, '1': 0}",[],0,4f53cda18c2baa0c0354bb5f9a3ecbe5ed12ab4d8e11ba873c2f11161202b945,False,"insufficient_eligible_synthetic:{""1"":132}"
bn_binary_cinexdrama,1024,1.75,L0.20_U0.60,0.2,0.6,490,"{'0': 222, '1': 268}",785,"{'0': 649, '1': 136}",0,"{'0': 0, '1': 0}",[],0,4f53cda18c2baa0c0354bb5f9a3ecbe5ed12ab4d8e11ba873c2f11161202b945,False,"insufficient_eligible_synthetic:{""1"":132}"
bn_binary_cinexdrama,1024,1.75,L0.30_U0.60,0.3,0.6,490,"{'0': 222, '1': 268}",784,"{'0': 648, '1': 136}",0,"{'0': 0, '1': 0}",[],0,4f53cda18c2baa0c0354bb5f9a3ecbe5ed12ab4d8e11ba873c2f11161202b945,False,"insufficient_eligible_synthetic:{""1"":132}"
bn_binary_cinexdrama,1024,1.75,L0.40_U0.60,0.4,0.6,490,"{'0': 222, '1': 268}",723,"{'0': 587, '1': 136}",0,"{'0': 0, '1': 0}",[],0,4f53cda18c2baa0c0354bb5f9a3ecbe5ed12ab4d8e11ba873c2f11161202b945,False,"insufficient_eligible_synthetic:{""1"":132}"
bn_binary_cinexdrama,1024,2.0,L0.10_U0.60,0.1,0.6,560,"{'0': 254, '1': 306}",785,"{'0': 649, '1': 136}",0,"{'0': 0, '1': 0}",[],0,4f53cda18c2baa0c0354bb5f9a3ecbe5ed12ab4d8e11ba873c2f11161202b945,False,"insufficient_eligible_synthetic:{""1"":170}"
bn_binary_cinexdrama,1024,2.0,L0.20_U0.60,0.2,0.6,560,"{'0': 254, '1': 306}",785,"{'0': 649, '1': 136}",0,"{'0': 0, '1': 0}",[],0,4f53cda18c2baa0c0354bb5f9a3ecbe5ed12ab4d8e11ba873c2f11161202b945,False,"insufficient_eligible_synthetic:{""1"":170}"
bn_binary_cinexdrama,1024,2.0,L0.30_U0.60,0.3,0.6,560,"{'0': 254, '1': 306}",784,"{'0': 648, '1': 136}",0,"{'0': 0, '1': 0}",[],0,4f53cda18c2baa0c0354bb5f9a3ecbe5ed12ab4d8e11ba873c2f11161202b945,False,"insufficient_eligible_synthetic:{""1"":170}"
bn_binary_cinexdrama,1024,2.0,L0.40_U0.60,0.4,0.6,560,"{'0': 254, '1': 306}",723,"{'0': 587, '1': 136}",0,"{'0': 0, '1': 0}",[],0,4f53cda18c2baa0c0354bb5f9a3ecbe5ed12ab4d8e11ba873c2f11161202b945,False,"insufficient_eligible_synthetic:{""1"":170}"
bn_binary_cinexdrama,1024,2.5,L0.10_U0.60,0.1,0.6,700,"{'0': 318, '1': 382}",785,"{'0': 649, '1': 136}",0,"{'0': 0, '1': 0}",[],0,4f53cda18c2baa0c0354bb5f9a3ecbe5ed12ab4d8e11ba873c2f11161202b945,False,"insufficient_eligible_synthetic:{""1"":246}"
bn_binary_cinexdrama,1024,2.5,L0.20_U0.60,0.2,0.6,700,"{'0': 318, '1': 382}",785,"{'0': 649, '1': 136}",0,"{'0': 0, '1': 0}",[],0,4f53cda18c2baa0c0354bb5f9a3ecbe5ed12ab4d8e11ba873c2f11161202b945,False,"insufficient_eligible_synthetic:{""1"":246}"
bn_binary_cinexdrama,1024,2.5,L0.30_U0.60,0.3,0.6,700,"{'0': 318, '1': 382}",784,"{'0': 648, '1': 136}",0,"{'0': 0, '1': 0}",[],0,4f53cda18c2baa0c0354bb5f9a3ecbe5ed12ab4d8e11ba873c2f11161202b945,False,"insufficient_eligible_synthetic:{""1"":246}"
bn_binary_cinexdrama,1024,2.5,L0.40_U0.60,0.4,0.6,700,"{'0': 318, '1': 382}",723,"{'0': 587, '1': 136}",0,"{'0': 0, '1': 0}",[],0,4f53cda18c2baa0c0354bb5f9a3ecbe5ed12ab4d8e11ba873c2f11161202b945,False,"insufficient_eligible_synthetic:{""1"":246}"
bn_binary_cinexdrama,1024,3.0,L0.10_U0.60,0.1,0.6,840,"{'0': 381, '1': 459}",785,"{'0': 649, '1': 136}",0,"{'0': 0, '1': 0}",[],0,4f53cda18c2baa0c0354bb5f9a3ecbe5ed12ab4d8e11ba873c2f11161202b945,False,"insufficient_eligible_synthetic:{""1"":323}"
bn_binary_cinexdrama,1024,3.0,L0.20_U0.60,0.2,0.6,840,"{'0': 381, '1': 459}",785,"{'0': 649, '1': 136}",0,"{'0': 0, '1': 0}",[],0,4f53cda18c2baa0c0354bb5f9a3ecbe5ed12ab4d8e11ba873c2f11161202b945,False,"insufficient_eligible_synthetic:{""1"":323}"
bn_binary_cinexdrama,1024,3.0,L0.30_U0.60,0.3,0.6,840,"{'0': 381, '1': 459}",784,"{'0': 648, '1': 136}",0,"{'0': 0, '1': 0}",[],0,4f53cda18c2baa0c0354bb5f9a3ecbe5ed12ab4d8e11ba873c2f11161202b945,False,"insufficient_eligible_synthetic:{""1"":323}"
bn_binary_cinexdrama,1024,3.0,L0.40_U0.60,0.4,0.6,840,"{'0': 381, '1': 459}",723,"{'0': 587, '1': 136}",0,"{'0': 0, '1': 0}",[],0,4f53cda18c2baa0c0354bb5f9a3ecbe5ed12ab4d8e11ba873c2f11161202b945,False,"insufficient_eligible_synthetic:{""1"":323}"
bn_binary_cinexdrama,1024,3.5,L0.10_U0.60,0.1,0.6,980,"{'0': 445, '1': 535}",785,"{'0': 649, '1': 136}",0,"{'0': 0, '1': 0}",[],0,4f53cda18c2baa0c0354bb5f9a3ecbe5ed12ab4d8e11ba873c2f11161202b945,False,"insufficient_eligible_synthetic:{""1"":399}"
bn_binary_cinexdrama,1024,3.5,L0.20_U0.60,0.2,0.6,980,"{'0': 445, '1': 535}",785,"{'0': 649, '1': 136}",0,"{'0': 0, '1': 0}",[],0,4f53cda18c2baa0c0354bb5f9a3ecbe5ed12ab4d8e11ba873c2f11161202b945,False,"insufficient_eligible_synthetic:{""1"":399}"
bn_binary_cinexdrama,1024,3.5,L0.30_U0.60,0.3,0.6,980,"{'0': 445, '1': 535}",784,"{'0': 648, '1': 136}",0,"{'0': 0, '1': 0}",[],0,4f53cda18c2baa0c0354bb5f9a3ecbe5ed12ab4d8e11ba873c2f11161202b945,False,"insufficient_eligible_synthetic:{""1"":399}"
bn_binary_cinexdrama,1024,3.5,L0.40_U0.60,0.4,0.6,980,"{'0': 445, '1': 535}",723,"{'0': 587, '1': 136}",0,"{'0': 0, '1': 0}",[],0,4f53cda18c2baa0c0354bb5f9a3ecbe5ed12ab4d8e11ba873c2f11161202b945,False,"insufficient_eligible_synthetic:{""1"":399}"
bn_binary_cinexdrama,1024,4.0,L0.10_U0.60,0.1,0.6,1120,"{'0': 508, '1': 612}",785,"{'0': 649, '1': 136}",0,"{'0': 0, '1': 0}",[],0,4f53cda18c2baa0c0354bb5f9a3ecbe5ed12ab4d8e11ba873c2f11161202b945,False,"insufficient_eligible_synthetic:{""1"":476}"
bn_binary_cinexdrama,1024,4.0,L0.20_U0.60,0.2,0.6,1120,"{'0': 508, '1': 612}",785,"{'0': 649, '1': 136}",0,"{'0': 0, '1': 0}",[],0,4f53cda18c2baa0c0354bb5f9a3ecbe5ed12ab4d8e11ba873c2f11161202b945,False,"insufficient_eligible_synthetic:{""1"":476}"
bn_binary_cinexdrama,1024,4.0,L0.30_U0.60,0.3,0.6,1120,"{'0': 508, '1': 612}",784,"{'0': 648, '1': 136}",0,"{'0': 0, '1': 0}",[],0,4f53cda18c2baa0c0354bb5f9a3ecbe5ed12ab4d8e11ba873c2f11161202b945,False,"insufficient_eligible_synthetic:{""1"":476}"
bn_binary_cinexdrama,1024,4.0,L0.40_U0.60,0.4,0.6,1120,"{'0': 508, '1': 612}",723,"{'0': 587, '1': 136}",0,"{'0': 0, '1': 0}",[],0,4f53cda18c2baa0c0354bb5f9a3ecbe5ed12ab4d8e11ba873c2f11161202b945,False,"insufficient_eligible_synthetic:{""1"":476}"
bn_binary_cinexdrama,1025,1.75,L0.10_U0.60,0.1,0.6,490,"{'0': 222, '1': 268}",881,"{'0': 619, '1': 262}",0,"{'0': 0, '1': 0}",[],0,4f53cda18c2baa0c0354bb5f9a3ecbe5ed12ab4d8e11ba873c2f11161202b945,False,"insufficient_eligible_synthetic:{""1"":6}"
bn_binary_cinexdrama,1025,1.75,L0.20_U0.60,0.2,0.6,490,"{'0': 222, '1': 268}",881,"{'0': 619, '1': 262}",0,"{'0': 0, '1': 0}",[],0,4f53cda18c2baa0c0354bb5f9a3ecbe5ed12ab4d8e11ba873c2f11161202b945,False,"insufficient_eligible_synthetic:{""1"":6}"
bn_binary_cinexdrama,1025,1.75,L0.30_U0.60,0.3,0.6,490,"{'0': 222, '1': 268}",881,"{'0': 619, '1': 262}",0,"{'0': 0, '1': 0}",[],0,4f53cda18c2baa0c0354bb5f9a3ecbe5ed12ab4d8e11ba873c2f11161202b945,False,"insufficient_eligible_synthetic:{""1"":6}"
bn_binary_cinexdrama,1025,1.75,L0.40_U0.60,0.4,0.6,490,"{'0': 222, '1': 268}",851,"{'0': 605, '1': 246}",0,"{'0': 0, '1': 0}",[],0,4f53cda18c2baa0c0354bb5f9a3ecbe5ed12ab4d8e11ba873c2f11161202b945,False,"insufficient_eligible_synthetic:{""1"":22}"
bn_binary_cinexdrama,1025,2.0,L0.10_U0.60,0.1,0.6,560,"{'0': 254, '1': 306}",881,"{'0': 619, '1': 262}",0,"{'0': 0, '1': 0}",[],0,4f53cda18c2baa0c0354bb5f9a3ecbe5ed12ab4d8e11ba873c2f11161202b945,False,"insufficient_eligible_synthetic:{""1"":44}"
bn_binary_cinexdrama,1025,2.0,L0.20_U0.60,0.2,0.6,560,"{'0': 254, '1': 306}",881,"{'0': 619, '1': 262}",0,"{'0': 0, '1': 0}",[],0,4f53cda18c2baa0c0354bb5f9a3ecbe5ed12ab4d8e11ba873c2f11161202b945,False,"insufficient_eligible_synthetic:{""1"":44}"
bn_binary_cinexdrama,1025,2.0,L0.30_U0.60,0.3,0.6,560,"{'0': 254, '1': 306}",881,"{'0': 619, '1': 262}",0,"{'0': 0, '1': 0}",[],0,4f53cda18c2baa0c0354bb5f9a3ecbe5ed12ab4d8e11ba873c2f11161202b945,False,"insufficient_eligible_synthetic:{""1"":44}"
bn_binary_cinexdrama,1025,2.0,L0.40_U0.60,0.4,0.6,560,"{'0': 254, '1': 306}",851,"{'0': 605, '1': 246}",0,"{'0': 0, '1': 0}",[],0,4f53cda18c2baa0c0354bb5f9a3ecbe5ed12ab4d8e11ba873c2f11161202b945,False,"insufficient_eligible_synthetic:{""1"":60}"
bn_binary_cinexdrama,1025,2.5,L0.10_U0.60,0.1,0.6,700,"{'0': 318, '1': 382}",881,"{'0': 619, '1': 262}",0,"{'0': 0, '1': 0}",[],0,4f53cda18c2baa0c0354bb5f9a3ecbe5ed12ab4d8e11ba873c2f11161202b945,False,"insufficient_eligible_synthetic:{""1"":120}"
bn_binary_cinexdrama,1025,2.5,L0.20_U0.60,0.2,0.6,700,"{'0': 318, '1': 382}",881,"{'0': 619, '1': 262}",0,"{'0': 0, '1': 0}",[],0,4f53cda18c2baa0c0354bb5f9a3ecbe5ed12ab4d8e11ba873c2f11161202b945,False,"insufficient_eligible_synthetic:{""1"":120}"
bn_binary_cinexdrama,1025,2.5,L0.30_U0.60,0.3,0.6,700,"{'0': 318, '1': 382}",881,"{'0': 619, '1': 262}",0,"{'0': 0, '1': 0}",[],0,4f53cda18c2baa0c0354bb5f9a3ecbe5ed12ab4d8e11ba873c2f11161202b945,False,"insufficient_eligible_synthetic:{""1"":120}"
bn_binary_cinexdrama,1025,2.5,L0.40_U0.60,0.4,0.6,700,"{'0': 318, '1': 382}",851,"{'0': 605, '1': 246}",0,"{'0': 0, '1': 0}",[],0,4f53cda18c2baa0c0354bb5f9a3ecbe5ed12ab4d8e11ba873c2f11161202b945,False,"insufficient_eligible_synthetic:{""1"":136}"
bn_binary_cinexdrama,1025,3.0,L0.10_U0.60,0.1,0.6,840,"{'0': 381, '1': 459}",881,"{'0': 619, '1': 262}",0,"{'0': 0, '1': 0}",[],0,4f53cda18c2baa0c0354bb5f9a3ecbe5ed12ab4d8e11ba873c2f11161202b945,False,"insufficient_eligible_synthetic:{""1"":197}"
bn_binary_cinexdrama,1025,3.0,L0.20_U0.60,0.2,0.6,840,"{'0': 381, '1': 459}",881,"{'0': 619, '1': 262}",0,"{'0': 0, '1': 0}",[],0,4f53cda18c2baa0c0354bb5f9a3ecbe5ed12ab4d8e11ba873c2f11161202b945,False,"insufficient_eligible_synthetic:{""1"":197}"
bn_binary_cinexdrama,1025,3.0,L0.30_U0.60,0.3,0.6,840,"{'0': 381, '1': 459}",881,"{'0': 619, '1': 262}",0,"{'0': 0, '1': 0}",[],0,4f53cda18c2baa0c0354bb5f9a3ecbe5ed12ab4d8e11ba873c2f11161202b945,False,"insufficient_eligible_synthetic:{""1"":197}"
bn_binary_cinexdrama,1025,3.0,L0.40_U0.60,0.4,0.6,840,"{'0': 381, '1': 459}",851,"{'0': 605, '1': 246}",0,"{'0': 0, '1': 0}",[],0,4f53cda18c2baa0c0354bb5f9a3ecbe5ed12ab4d8e11ba873c2f11161202b945,False,"insufficient_eligible_synthetic:{""1"":213}"
bn_binary_cinexdrama,1025,3.5,L0.10_U0.60,0.1,0.6,980,"{'0': 445, '1': 535}",881,"{'0': 619, '1': 262}",0,"{'0': 0, '1': 0}",[],0,4f53cda18c2baa0c0354bb5f9a3ecbe5ed12ab4d8e11ba873c2f11161202b945,False,"insufficient_eligible_synthetic:{""1"":273}"
bn_binary_cinexdrama,1025,3.5,L0.20_U0.60,0.2,0.6,980,"{'0': 445, '1': 535}",881,"{'0': 619, '1': 262}",0,"{'0': 0, '1': 0}",[],0,4f53cda18c2baa0c0354bb5f9a3ecbe5ed12ab4d8e11ba873c2f11161202b945,False,"insufficient_eligible_synthetic:{""1"":273}"
bn_binary_cinexdrama,1025,3.5,L0.30_U0.60,0.3,0.6,980,"{'0': 445, '1': 535}",881,"{'0': 619, '1': 262}",0,"{'0': 0, '1': 0}",[],0,4f53cda18c2baa0c0354bb5f9a3ecbe5ed12ab4d8e11ba873c2f11161202b945,False,"insufficient_eligible_synthetic:{""1"":273}"
bn_binary_cinexdrama,1025,3.5,L0.40_U0.60,0.4,0.6,980,"{'0': 445, '1': 535}",851,"{'0': 605, '1': 246}",0,"{'0': 0, '1': 0}",[],0,4f53cda18c2baa0c0354bb5f9a3ecbe5ed12ab4d8e11ba873c2f11161202b945,False,"insufficient_eligible_synthetic:{""1"":289}"
bn_binary_cinexdrama,1025,4.0,L0.10_U0.60,0.1,0.6,1120,"{'0': 508, '1': 612}",881,"{'0': 619, '1': 262}",0,"{'0': 0, '1': 0}",[],0,4f53cda18c2baa0c0354bb5f9a3ecbe5ed12ab4d8e11ba873c2f11161202b945,False,"insufficient_eligible_synthetic:{""1"":350}"
bn_binary_cinexdrama,1025,4.0,L0.20_U0.60,0.2,0.6,1120,"{'0': 508, '1': 612}",881,"{'0': 619, '1': 262}",0,"{'0': 0, '1': 0}",[],0,4f53cda18c2baa0c0354bb5f9a3ecbe5ed12ab4d8e11ba873c2f11161202b945,False,"insufficient_eligible_synthetic:{""1"":350}"
bn_binary_cinexdrama,1025,4.0,L0.30_U0.60,0.3,0.6,1120,"{'0': 508, '1': 612}",881,"{'0': 619, '1': 262}",0,"{'0': 0, '1': 0}",[],0,4f53cda18c2baa0c0354bb5f9a3ecbe5ed12ab4d8e11ba873c2f11161202b945,False,"insufficient_eligible_synthetic:{""1"":350}"
bn_binary_cinexdrama,1025,4.0,L0.40_U0.60,0.4,0.6,1120,"{'0': 508, '1': 612}",851,"{'0': 605, '1': 246}",0,"{'0': 0, '1': 0}",[],0,4f53cda18c2baa0c0354bb5f9a3ecbe5ed12ab4d8e11ba873c2f11161202b945,False,"insufficient_eligible_synthetic:{""1"":366}"
bn_binary_cinexdrama,1026,1.5,L0.10_U0.60,0.1,0.6,420,"{'0': 191, '1': 229}",813,"{'0': 585, '1': 228}",0,"{'0': 0, '1': 0}",[],0,4f53cda18c2baa0c0354bb5f9a3ecbe5ed12ab4d8e11ba873c2f11161202b945,False,"insufficient_eligible_synthetic:{""1"":1}"
bn_binary_cinexdrama,1026,1.5,L0.20_U0.60,0.2,0.6,420,"{'0': 191, '1': 229}",813,"{'0': 585, '1': 228}",0,"{'0': 0, '1': 0}",[],0,4f53cda18c2baa0c0354bb5f9a3ecbe5ed12ab4d8e11ba873c2f11161202b945,False,"insufficient_eligible_synthetic:{""1"":1}"
bn_binary_cinexdrama,1026,1.5,L0.30_U0.60,0.3,0.6,420,"{'0': 191, '1': 229}",813,"{'0': 585, '1': 228}",0,"{'0': 0, '1': 0}",[],0,4f53cda18c2baa0c0354bb5f9a3ecbe5ed12ab4d8e11ba873c2f11161202b945,False,"insufficient_eligible_synthetic:{""1"":1}"
bn_binary_cinexdrama,1026,1.5,L0.40_U0.60,0.4,0.6,420,"{'0': 191, '1': 229}",757,"{'0': 541, '1': 216}",0,"{'0': 0, '1': 0}",[],0,4f53cda18c2baa0c0354bb5f9a3ecbe5ed12ab4d8e11ba873c2f11161202b945,False,"insufficient_eligible_synthetic:{""1"":13}"
bn_binary_cinexdrama,1026,1.75,L0.10_U0.60,0.1,0.6,490,"{'0': 222, '1': 268}",813,"{'0': 585, '1': 228}",0,"{'0': 0, '1': 0}",[],0,4f53cda18c2baa0c0354bb5f9a3ecbe5ed12ab4d8e11ba873c2f11161202b945,False,"insufficient_eligible_synthetic:{""1"":40}"
bn_binary_cinexdrama,1026,1.75,L0.20_U0.60,0.2,0.6,490,"{'0': 222, '1': 268}",813,"{'0': 585, '1': 228}",0,"{'0': 0, '1': 0}",[],0,4f53cda18c2baa0c0354bb5f9a3ecbe5ed12ab4d8e11ba873c2f11161202b945,False,"insufficient_eligible_synthetic:{""1"":40}"
bn_binary_cinexdrama,1026,1.75,L0.30_U0.60,0.3,0.6,490,"{'0': 222, '1': 268}",813,"{'0': 585, '1': 228}",0,"{'0': 0, '1': 0}",[],0,4f53cda18c2baa0c0354bb5f9a3ecbe5ed12ab4d8e11ba873c2f11161202b945,False,"insufficient_eligible_synthetic:{""1"":40}"
bn_binary_cinexdrama,1026,1.75,L0.40_U0.60,0.4,0.6,490,"{'0': 222, '1': 268}",757,"{'0': 541, '1': 216}",0,"{'0': 0, '1': 0}",[],0,4f53cda18c2baa0c0354bb5f9a3ecbe5ed12ab4d8e11ba873c2f11161202b945,False,"insufficient_eligible_synthetic:{""1"":52}"
bn_binary_cinexdrama,1026,2.0,L0.10_U0.60,0.1,0.6,560,"{'0': 254, '1': 306}",813,"{'0': 585, '1': 228}",0,"{'0': 0, '1': 0}",[],0,4f53cda18c2baa0c0354bb5f9a3ecbe5ed12ab4d8e11ba873c2f11161202b945,False,"insufficient_eligible_synthetic:{""1"":78}"
bn_binary_cinexdrama,1026,2.0,L0.20_U0.60,0.2,0.6,560,"{'0': 254, '1': 306}",813,"{'0': 585, '1': 228}",0,"{'0': 0, '1': 0}",[],0,4f53cda18c2baa0c0354bb5f9a3ecbe5ed12ab4d8e11ba873c2f11161202b945,False,"insufficient_eligible_synthetic:{""1"":78}"
bn_binary_cinexdrama,1026,2.0,L0.30_U0.60,0.3,0.6,560,"{'0': 254, '1': 306}",813,"{'0': 585, '1': 228}",0,"{'0': 0, '1': 0}",[],0,4f53cda18c2baa0c0354bb5f9a3ecbe5ed12ab4d8e11ba873c2f11161202b945,False,"insufficient_eligible_synthetic:{""1"":78}"
bn_binary_cinexdrama,1026,2.0,L0.40_U0.60,0.4,0.6,560,"{'0': 254, '1': 306}",757,"{'0': 541, '1': 216}",0,"{'0': 0, '1': 0}",[],0,4f53cda18c2baa0c0354bb5f9a3ecbe5ed12ab4d8e11ba873c2f11161202b945,False,"insufficient_eligible_synthetic:{""1"":90}"
bn_binary_cinexdrama,1026,2.5,L0.10_U0.60,0.1,0.6,700,"{'0': 318, '1': 382}",813,"{'0': 585, '1': 228}",0,"{'0': 0, '1': 0}",[],0,4f53cda18c2baa0c0354bb5f9a3ecbe5ed12ab4d8e11ba873c2f11161202b945,False,"insufficient_eligible_synthetic:{""1"":154}"
bn_binary_cinexdrama,1026,2.5,L0.20_U0.60,0.2,0.6,700,"{'0': 318, '1': 382}",813,"{'0': 585, '1': 228}",0,"{'0': 0, '1': 0}",[],0,4f53cda18c2baa0c0354bb5f9a3ecbe5ed12ab4d8e11ba873c2f11161202b945,False,"insufficient_eligible_synthetic:{""1"":154}"
bn_binary_cinexdrama,1026,2.5,L0.30_U0.60,0.3,0.6,700,"{'0': 318, '1': 382}",813,"{'0': 585, '1': 228}",0,"{'0': 0, '1': 0}",[],0,4f53cda18c2baa0c0354bb5f9a3ecbe5ed12ab4d8e11ba873c2f11161202b945,False,"insufficient_eligible_synthetic:{""1"":154}"
bn_binary_cinexdrama,1026,2.5,L0.40_U0.60,0.4,0.6,700,"{'0': 318, '1': 382}",757,"{'0': 541, '1': 216}",0,"{'0': 0, '1': 0}",[],0,4f53cda18c2baa0c0354bb5f9a3ecbe5ed12ab4d8e11ba873c2f11161202b945,False,"insufficient_eligible_synthetic:{""1"":166}"
bn_binary_cinexdrama,1026,3.0,L0.10_U0.60,0.1,0.6,840,"{'0': 381, '1': 459}",813,"{'0': 585, '1': 228}",0,"{'0': 0, '1': 0}",[],0,4f53cda18c2baa0c0354bb5f9a3ecbe5ed12ab4d8e11ba873c2f11161202b945,False,"insufficient_eligible_synthetic:{""1"":231}"
bn_binary_cinexdrama,1026,3.0,L0.20_U0.60,0.2,0.6,840,"{'0': 381, '1': 459}",813,"{'0': 585, '1': 228}",0,"{'0': 0, '1': 0}",[],0,4f53cda18c2baa0c0354bb5f9a3ecbe5ed12ab4d8e11ba873c2f11161202b945,False,"insufficient_eligible_synthetic:{""1"":231}"
bn_binary_cinexdrama,1026,3.0,L0.30_U0.60,0.3,0.6,840,"{'0': 381, '1': 459}",813,"{'0': 585, '1': 228}",0,"{'0': 0, '1': 0}",[],0,4f53cda18c2baa0c0354bb5f9a3ecbe5ed12ab4d8e11ba873c2f11161202b945,False,"insufficient_eligible_synthetic:{""1"":231}"
bn_binary_cinexdrama,1026,3.0,L0.40_U0.60,0.4,0.6,840,"{'0': 381, '1': 459}",757,"{'0': 541, '1': 216}",0,"{'0': 0, '1': 0}",[],0,4f53cda18c2baa0c0354bb5f9a3ecbe5ed12ab4d8e11ba873c2f11161202b945,False,"insufficient_eligible_synthetic:{""1"":243}"
bn_binary_cinexdrama,1026,3.5,L0.10_U0.60,0.1,0.6,980,"{'0': 445, '1': 535}",813,"{'0': 585, '1': 228}",0,"{'0': 0, '1': 0}",[],0,4f53cda18c2baa0c0354bb5f9a3ecbe5ed12ab4d8e11ba873c2f11161202b945,False,"insufficient_eligible_synthetic:{""1"":307}"
bn_binary_cinexdrama,1026,3.5,L0.20_U0.60,0.2,0.6,980,"{'0': 445, '1': 535}",813,"{'0': 585, '1': 228}",0,"{'0': 0, '1': 0}",[],0,4f53cda18c2baa0c0354bb5f9a3ecbe5ed12ab4d8e11ba873c2f11161202b945,False,"insufficient_eligible_synthetic:{""1"":307}"
bn_binary_cinexdrama,1026,3.5,L0.30_U0.60,0.3,0.6,980,"{'0': 445, '1': 535}",813,"{'0': 585, '1': 228}",0,"{'0': 0, '1': 0}",[],0,4f53cda18c2baa0c0354bb5f9a3ecbe5ed12ab4d8e11ba873c2f11161202b945,False,"insufficient_eligible_synthetic:{""1"":307}"
bn_binary_cinexdrama,1026,3.5,L0.40_U0.60,0.4,0.6,980,"{'0': 445, '1': 535}",757,"{'0': 541, '1': 216}",0,"{'0': 0, '1': 0}",[],0,4f53cda18c2baa0c0354bb5f9a3ecbe5ed12ab4d8e11ba873c2f11161202b945,False,"insufficient_eligible_synthetic:{""1"":319}"
bn_binary_cinexdrama,1026,4.0,L0.10_U0.60,0.1,0.6,1120,"{'0': 508, '1': 612}",813,"{'0': 585, '1': 228}",0,"{'0': 0, '1': 0}",[],0,4f53cda18c2baa0c0354bb5f9a3ecbe5ed12ab4d8e11ba873c2f11161202b945,False,"insufficient_eligible_synthetic:{""1"":384}"
bn_binary_cinexdrama,1026,4.0,L0.20_U0.60,0.2,0.6,1120,"{'0': 508, '1': 612}",813,"{'0': 585, '1': 228}",0,"{'0': 0, '1': 0}",[],0,4f53cda18c2baa0c0354bb5f9a3ecbe5ed12ab4d8e11ba873c2f11161202b945,False,"insufficient_eligible_synthetic:{""1"":384}"
bn_binary_cinexdrama,1026,4.0,L0.30_U0.60,0.3,0.6,1120,"{'0': 508, '1': 612}",813,"{'0': 585, '1': 228}",0,"{'0': 0, '1': 0}",[],0,4f53cda18c2baa0c0354bb5f9a3ecbe5ed12ab4d8e11ba873c2f11161202b945,False,"insufficient_eligible_synthetic:{""1"":384}"
bn_binary_cinexdrama,1026,4.0,L0.40_U0.60,0.4,0.6,1120,"{'0': 508, '1': 612}",757,"{'0': 541, '1': 216}",0,"{'0': 0, '1': 0}",[],0,4f53cda18c2baa0c0354bb5f9a3ecbe5ed12ab4d8e11ba873c2f11161202b945,False,"insufficient_eligible_synthetic:{""1"":396}"
bn_binary_cinexdrama,1027,1.25,L0.10_U0.60,0.1,0.6,350,"{'0': 159, '1': 191}",720,"{'0': 531, '1': 189}",0,"{'0': 0, '1': 0}",[],0,4f53cda18c2baa0c0354bb5f9a3ecbe5ed12ab4d8e11ba873c2f11161202b945,False,"insufficient_eligible_synthetic:{""1"":2}"
bn_binary_cinexdrama,1027,1.25,L0.20_U0.60,0.2,0.6,350,"{'0': 159, '1': 191}",720,"{'0': 531, '1': 189}",0,"{'0': 0, '1': 0}",[],0,4f53cda18c2baa0c0354bb5f9a3ecbe5ed12ab4d8e11ba873c2f11161202b945,False,"insufficient_eligible_synthetic:{""1"":2}"
bn_binary_cinexdrama,1027,1.25,L0.30_U0.60,0.3,0.6,350,"{'0': 159, '1': 191}",720,"{'0': 531, '1': 189}",0,"{'0': 0, '1': 0}",[],0,4f53cda18c2baa0c0354bb5f9a3ecbe5ed12ab4d8e11ba873c2f11161202b945,False,"insufficient_eligible_synthetic:{""1"":2}"
bn_binary_cinexdrama,1027,1.25,L0.40_U0.60,0.4,0.6,350,"{'0': 159, '1': 191}",686,"{'0': 509, '1': 177}",0,"{'0': 0, '1': 0}",[],0,4f53cda18c2baa0c0354bb5f9a3ecbe5ed12ab4d8e11ba873c2f11161202b945,False,"insufficient_eligible_synthetic:{""1"":14}"
bn_binary_cinexdrama,1027,1.5,L0.10_U0.60,0.1,0.6,420,"{'0': 191, '1': 229}",720,"{'0': 531, '1': 189}",0,"{'0': 0, '1': 0}",[],0,4f53cda18c2baa0c0354bb5f9a3ecbe5ed12ab4d8e11ba873c2f11161202b945,False,"insufficient_eligible_synthetic:{""1"":40}"
bn_binary_cinexdrama,1027,1.5,L0.20_U0.60,0.2,0.6,420,"{'0': 191, '1': 229}",720,"{'0': 531, '1': 189}",0,"{'0': 0, '1': 0}",[],0,4f53cda18c2baa0c0354bb5f9a3ecbe5ed12ab4d8e11ba873c2f11161202b945,False,"insufficient_eligible_synthetic:{""1"":40}"
bn_binary_cinexdrama,1027,1.5,L0.30_U0.60,0.3,0.6,420,"{'0': 191, '1': 229}",720,"{'0': 531, '1': 189}",0,"{'0': 0, '1': 0}",[],0,4f53cda18c2baa0c0354bb5f9a3ecbe5ed12ab4d8e11ba873c2f11161202b945,False,"insufficient_eligible_synthetic:{""1"":40}"
bn_binary_cinexdrama,1027,1.5,L0.40_U0.60,0.4,0.6,420,"{'0': 191, '1': 229}",686,"{'0': 509, '1': 177}",0,"{'0': 0, '1': 0}",[],0,4f53cda18c2baa0c0354bb5f9a3ecbe5ed12ab4d8e11ba873c2f11161202b945,False,"insufficient_eligible_synthetic:{""1"":52}"
bn_binary_cinexdrama,1027,1.75,L0.10_U0.60,0.1,0.6,490,"{'0': 222, '1': 268}",720,"{'0': 531, '1': 189}",0,"{'0': 0, '1': 0}",[],0,4f53cda18c2baa0c0354bb5f9a3ecbe5ed12ab4d8e11ba873c2f11161202b945,False,"insufficient_eligible_synthetic:{""1"":79}"
bn_binary_cinexdrama,1027,1.75,L0.20_U0.60,0.2,0.6,490,"{'0': 222, '1': 268}",720,"{'0': 531, '1': 189}",0,"{'0': 0, '1': 0}",[],0,4f53cda18c2baa0c0354bb5f9a3ecbe5ed12ab4d8e11ba873c2f11161202b945,False,"insufficient_eligible_synthetic:{""1"":79}"
bn_binary_cinexdrama,1027,1.75,L0.30_U0.60,0.3,0.6,490,"{'0': 222, '1': 268}",720,"{'0': 531, '1': 189}",0,"{'0': 0, '1': 0}",[],0,4f53cda18c2baa0c0354bb5f9a3ecbe5ed12ab4d8e11ba873c2f11161202b945,False,"insufficient_eligible_synthetic:{""1"":79}"
bn_binary_cinexdrama,1027,1.75,L0.40_U0.60,0.4,0.6,490,"{'0': 222, '1': 268}",686,"{'0': 509, '1': 177}",0,"{'0': 0, '1': 0}",[],0,4f53cda18c2baa0c0354bb5f9a3ecbe5ed12ab4d8e11ba873c2f11161202b945,False,"insufficient_eligible_synthetic:{""1"":91}"
bn_binary_cinexdrama,1027,2.0,L0.10_U0.60,0.1,0.6,560,"{'0': 254, '1': 306}",720,"{'0': 531, '1': 189}",0,"{'0': 0, '1': 0}",[],0,4f53cda18c2baa0c0354bb5f9a3ecbe5ed12ab4d8e11ba873c2f11161202b945,False,"insufficient_eligible_synthetic:{""1"":117}"
bn_binary_cinexdrama,1027,2.0,L0.20_U0.60,0.2,0.6,560,"{'0': 254, '1': 306}",720,"{'0': 531, '1': 189}",0,"{'0': 0, '1': 0}",[],0,4f53cda18c2baa0c0354bb5f9a3ecbe5ed12ab4d8e11ba873c2f11161202b945,False,"insufficient_eligible_synthetic:{""1"":117}"
bn_binary_cinexdrama,1027,2.0,L0.30_U0.60,0.3,0.6,560,"{'0': 254, '1': 306}",720,"{'0': 531, '1': 189}",0,"{'0': 0, '1': 0}",[],0,4f53cda18c2baa0c0354bb5f9a3ecbe5ed12ab4d8e11ba873c2f11161202b945,False,"insufficient_eligible_synthetic:{""1"":117}"
bn_binary_cinexdrama,1027,2.0,L0.40_U0.60,0.4,0.6,560,"{'0': 254, '1': 306}",686,"{'0': 509, '1': 177}",0,"{'0': 0, '1': 0}",[],0,4f53cda18c2baa0c0354bb5f9a3ecbe5ed12ab4d8e11ba873c2f11161202b945,False,"insufficient_eligible_synthetic:{""1"":129}"
bn_binary_cinexdrama,1027,2.5,L0.10_U0.60,0.1,0.6,700,"{'0': 318, '1': 382}",720,"{'0': 531, '1': 189}",0,"{'0': 0, '1': 0}",[],0,4f53cda18c2baa0c0354bb5f9a3ecbe5ed12ab4d8e11ba873c2f11161202b945,False,"insufficient_eligible_synthetic:{""1"":193}"
bn_binary_cinexdrama,1027,2.5,L0.20_U0.60,0.2,0.6,700,"{'0': 318, '1': 382}",720,"{'0': 531, '1': 189}",0,"{'0': 0, '1': 0}",[],0,4f53cda18c2baa0c0354bb5f9a3ecbe5ed12ab4d8e11ba873c2f11161202b945,False,"insufficient_eligible_synthetic:{""1"":193}"
bn_binary_cinexdrama,1027,2.5,L0.30_U0.60,0.3,0.6,700,"{'0': 318, '1': 382}",720,"{'0': 531, '1': 189}",0,"{'0': 0, '1': 0}",[],0,4f53cda18c2baa0c0354bb5f9a3ecbe5ed12ab4d8e11ba873c2f11161202b945,False,"insufficient_eligible_synthetic:{""1"":193}"
bn_binary_cinexdrama,1027,2.5,L0.40_U0.60,0.4,0.6,700,"{'0': 318, '1': 382}",686,"{'0': 509, '1': 177}",0,"{'0': 0, '1': 0}",[],0,4f53cda18c2baa0c0354bb5f9a3ecbe5ed12ab4d8e11ba873c2f11161202b945,False,"insufficient_eligible_synthetic:{""1"":205}"
bn_binary_cinexdrama,1027,3.0,L0.10_U0.60,0.1,0.6,840,"{'0': 381, '1': 459}",720,"{'0': 531, '1': 189}",0,"{'0': 0, '1': 0}",[],0,4f53cda18c2baa0c0354bb5f9a3ecbe5ed12ab4d8e11ba873c2f11161202b945,False,"insufficient_eligible_synthetic:{""1"":270}"
bn_binary_cinexdrama,1027,3.0,L0.20_U0.60,0.2,0.6,840,"{'0': 381, '1': 459}",720,"{'0': 531, '1': 189}",0,"{'0': 0, '1': 0}",[],0,4f53cda18c2baa0c0354bb5f9a3ecbe5ed12ab4d8e11ba873c2f11161202b945,False,"insufficient_eligible_synthetic:{""1"":270}"
bn_binary_cinexdrama,1027,3.0,L0.30_U0.60,0.3,0.6,840,"{'0': 381, '1': 459}",720,"{'0': 531, '1': 189}",0,"{'0': 0, '1': 0}",[],0,4f53cda18c2baa0c0354bb5f9a3ecbe5ed12ab4d8e11ba873c2f11161202b945,False,"insufficient_eligible_synthetic:{""1"":270}"
bn_binary_cinexdrama,1027,3.0,L0.40_U0.60,0.4,0.6,840,"{'0': 381, '1': 459}",686,"{'0': 509, '1': 177}",0,"{'0': 0, '1': 0}",[],0,4f53cda18c2baa0c0354bb5f9a3ecbe5ed12ab4d8e11ba873c2f11161202b945,False,"insufficient_eligible_synthetic:{""1"":282}"
bn_binary_cinexdrama,1027,3.5,L0.10_U0.60,0.1,0.6,980,"{'0': 445, '1': 535}",720,"{'0': 531, '1': 189}",0,"{'0': 0, '1': 0}",[],0,4f53cda18c2baa0c0354bb5f9a3ecbe5ed12ab4d8e11ba873c2f11161202b945,False,"insufficient_eligible_synthetic:{""1"":346}"
bn_binary_cinexdrama,1027,3.5,L0.20_U0.60,0.2,0.6,980,"{'0': 445, '1': 535}",720,"{'0': 531, '1': 189}",0,"{'0': 0, '1': 0}",[],0,4f53cda18c2baa0c0354bb5f9a3ecbe5ed12ab4d8e11ba873c2f11161202b945,False,"insufficient_eligible_synthetic:{""1"":346}"
bn_binary_cinexdrama,1027,3.5,L0.30_U0.60,0.3,0.6,980,"{'0': 445, '1': 535}",720,"{'0': 531, '1': 189}",0,"{'0': 0, '1': 0}",[],0,4f53cda18c2baa0c0354bb5f9a3ecbe5ed12ab4d8e11ba873c2f11161202b945,False,"insufficient_eligible_synthetic:{""1"":346}"
bn_binary_cinexdrama,1027,3.5,L0.40_U0.60,0.4,0.6,980,"{'0': 445, '1': 535}",686,"{'0': 509, '1': 177}",0,"{'0': 0, '1': 0}",[],0,4f53cda18c2baa0c0354bb5f9a3ecbe5ed12ab4d8e11ba873c2f11161202b945,False,"insufficient_eligible_synthetic:{""1"":358}"
bn_binary_cinexdrama,1027,4.0,L0.10_U0.60,0.1,0.6,1120,"{'0': 508, '1': 612}",720,"{'0': 531, '1': 189}",0,"{'0': 0, '1': 0}",[],0,4f53cda18c2baa0c0354bb5f9a3ecbe5ed12ab4d8e11ba873c2f11161202b945,False,"insufficient_eligible_synthetic:{""1"":423}"
bn_binary_cinexdrama,1027,4.0,L0.20_U0.60,0.2,0.6,1120,"{'0': 508, '1': 612}",720,"{'0': 531, '1': 189}",0,"{'0': 0, '1': 0}",[],0,4f53cda18c2baa0c0354bb5f9a3ecbe5ed12ab4d8e11ba873c2f11161202b945,False,"insufficient_eligible_synthetic:{""1"":423}"
bn_binary_cinexdrama,1027,4.0,L0.30_U0.60,0.3,0.6,1120,"{'0': 508, '1': 612}",720,"{'0': 531, '1': 189}",0,"{'0': 0, '1': 0}",[],0,4f53cda18c2baa0c0354bb5f9a3ecbe5ed12ab4d8e11ba873c2f11161202b945,False,"insufficient_eligible_synthetic:{""1"":423}"
bn_binary_cinexdrama,1027,4.0,L0.40_U0.60,0.4,0.6,1120,"{'0': 508, '1': 612}",686,"{'0': 509, '1': 177}",0,"{'0': 0, '1': 0}",[],0,4f53cda18c2baa0c0354bb5f9a3ecbe5ed12ab4d8e11ba873c2f11161202b945,False,"insufficient_eligible_synthetic:{""1"":435}"
bn_binary_cinexdrama,1028,2.0,L0.10_U0.60,0.1,0.6,560,"{'0': 254, '1': 306}",919,"{'0': 628, '1': 291}",0,"{'0': 0, '1': 0}",[],0,4f53cda18c2baa0c0354bb5f9a3ecbe5ed12ab4d8e11ba873c2f11161202b945,False,"insufficient_eligible_synthetic:{""1"":15}"
bn_binary_cinexdrama,1028,2.0,L0.20_U0.60,0.2,0.6,560,"{'0': 254, '1': 306}",919,"{'0': 628, '1': 291}",0,"{'0': 0, '1': 0}",[],0,4f53cda18c2baa0c0354bb5f9a3ecbe5ed12ab4d8e11ba873c2f11161202b945,False,"insufficient_eligible_synthetic:{""1"":15}"
bn_binary_cinexdrama,1028,2.0,L0.30_U0.60,0.3,0.6,560,"{'0': 254, '1': 306}",919,"{'0': 628, '1': 291}",0,"{'0': 0, '1': 0}",[],0,4f53cda18c2baa0c0354bb5f9a3ecbe5ed12ab4d8e11ba873c2f11161202b945,False,"insufficient_eligible_synthetic:{""1"":15}"
bn_binary_cinexdrama,1028,2.0,L0.40_U0.60,0.4,0.6,560,"{'0': 254, '1': 306}",878,"{'0': 601, '1': 277}",0,"{'0': 0, '1': 0}",[],0,4f53cda18c2baa0c0354bb5f9a3ecbe5ed12ab4d8e11ba873c2f11161202b945,False,"insufficient_eligible_synthetic:{""1"":29}"
bn_binary_cinexdrama,1028,2.5,L0.10_U0.60,0.1,0.6,700,"{'0': 318, '1': 382}",919,"{'0': 628, '1': 291}",0,"{'0': 0, '1': 0}",[],0,4f53cda18c2baa0c0354bb5f9a3ecbe5ed12ab4d8e11ba873c2f11161202b945,False,"insufficient_eligible_synthetic:{""1"":91}"
bn_binary_cinexdrama,1028,2.5,L0.20_U0.60,0.2,0.6,700,"{'0': 318, '1': 382}",919,"{'0': 628, '1': 291}",0,"{'0': 0, '1': 0}",[],0,4f53cda18c2baa0c0354bb5f9a3ecbe5ed12ab4d8e11ba873c2f11161202b945,False,"insufficient_eligible_synthetic:{""1"":91}"
bn_binary_cinexdrama,1028,2.5,L0.30_U0.60,0.3,0.6,700,"{'0': 318, '1': 382}",919,"{'0': 628, '1': 291}",0,"{'0': 0, '1': 0}",[],0,4f53cda18c2baa0c0354bb5f9a3ecbe5ed12ab4d8e11ba873c2f11161202b945,False,"insufficient_eligible_synthetic:{""1"":91}"
bn_binary_cinexdrama,1028,2.5,L0.40_U0.60,0.4,0.6,700,"{'0': 318, '1': 382}",878,"{'0': 601, '1': 277}",0,"{'0': 0, '1': 0}",[],0,4f53cda18c2baa0c0354bb5f9a3ecbe5ed12ab4d8e11ba873c2f11161202b945,False,"insufficient_eligible_synthetic:{""1"":105}"
bn_binary_cinexdrama,1028,3.0,L0.10_U0.60,0.1,0.6,840,"{'0': 381, '1': 459}",919,"{'0': 628, '1': 291}",0,"{'0': 0, '1': 0}",[],0,4f53cda18c2baa0c0354bb5f9a3ecbe5ed12ab4d8e11ba873c2f11161202b945,False,"insufficient_eligible_synthetic:{""1"":168}"
bn_binary_cinexdrama,1028,3.0,L0.20_U0.60,0.2,0.6,840,"{'0': 381, '1': 459}",919,"{'0': 628, '1': 291}",0,"{'0': 0, '1': 0}",[],0,4f53cda18c2baa0c0354bb5f9a3ecbe5ed12ab4d8e11ba873c2f11161202b945,False,"insufficient_eligible_synthetic:{""1"":168}"
bn_binary_cinexdrama,1028,3.0,L0.30_U0.60,0.3,0.6,840,"{'0': 381, '1': 459}",919,"{'0': 628, '1': 291}",0,"{'0': 0, '1': 0}",[],0,4f53cda18c2baa0c0354bb5f9a3ecbe5ed12ab4d8e11ba873c2f11161202b945,False,"insufficient_eligible_synthetic:{""1"":168}"
bn_binary_cinexdrama,1028,3.0,L0.40_U0.60,0.4,0.6,840,"{'0': 381, '1': 459}",878,"{'0': 601, '1': 277}",0,"{'0': 0, '1': 0}",[],0,4f53cda18c2baa0c0354bb5f9a3ecbe5ed12ab4d8e11ba873c2f11161202b945,False,"insufficient_eligible_synthetic:{""1"":182}"
bn_binary_cinexdrama,1028,3.5,L0.10_U0.60,0.1,0.6,980,"{'0': 445, '1': 535}",919,"{'0': 628, '1': 291}",0,"{'0': 0, '1': 0}",[],0,4f53cda18c2baa0c0354bb5f9a3ecbe5ed12ab4d8e11ba873c2f11161202b945,False,"insufficient_eligible_synthetic:{""1"":244}"
bn_binary_cinexdrama,1028,3.5,L0.20_U0.60,0.2,0.6,980,"{'0': 445, '1': 535}",919,"{'0': 628, '1': 291}",0,"{'0': 0, '1': 0}",[],0,4f53cda18c2baa0c0354bb5f9a3ecbe5ed12ab4d8e11ba873c2f11161202b945,False,"insufficient_eligible_synthetic:{""1"":244}"
bn_binary_cinexdrama,1028,3.5,L0.30_U0.60,0.3,0.6,980,"{'0': 445, '1': 535}",919,"{'0': 628, '1': 291}",0,"{'0': 0, '1': 0}",[],0,4f53cda18c2baa0c0354bb5f9a3ecbe5ed12ab4d8e11ba873c2f11161202b945,False,"insufficient_eligible_synthetic:{""1"":244}"
bn_binary_cinexdrama,1028,3.5,L0.40_U0.60,0.4,0.6,980,"{'0': 445, '1': 535}",878,"{'0': 601, '1': 277}",0,"{'0': 0, '1': 0}",[],0,4f53cda18c2baa0c0354bb5f9a3ecbe5ed12ab4d8e11ba873c2f11161202b945,False,"insufficient_eligible_synthetic:{""1"":258}"
bn_binary_cinexdrama,1028,4.0,L0.10_U0.60,0.1,0.6,1120,"{'0': 508, '1': 612}",919,"{'0': 628, '1': 291}",0,"{'0': 0, '1': 0}",[],0,4f53cda18c2baa0c0354bb5f9a3ecbe5ed12ab4d8e11ba873c2f11161202b945,False,"insufficient_eligible_synthetic:{""1"":321}"
bn_binary_cinexdrama,1028,4.0,L0.20_U0.60,0.2,0.6,1120,"{'0': 508, '1': 612}",919,"{'0': 628, '1': 291}",0,"{'0': 0, '1': 0}",[],0,4f53cda18c2baa0c0354bb5f9a3ecbe5ed12ab4d8e11ba873c2f11161202b945,False,"insufficient_eligible_synthetic:{""1"":321}"
bn_binary_cinexdrama,1028,4.0,L0.30_U0.60,0.3,0.6,1120,"{'0': 508, '1': 612}",919,"{'0': 628, '1': 291}",0,"{'0': 0, '1': 0}",[],0,4f53cda18c2baa0c0354bb5f9a3ecbe5ed12ab4d8e11ba873c2f11161202b945,False,"insufficient_eligible_synthetic:{""1"":321}"
bn_binary_cinexdrama,1028,4.0,L0.40_U0.60,0.4,0.6,1120,"{'0': 508, '1': 612}",878,"{'0': 601, '1': 277}",0,"{'0': 0, '1': 0}",[],0,4f53cda18c2baa0c0354bb5f9a3ecbe5ed12ab4d8e11ba873c2f11161202b945,False,"insufficient_eligible_synthetic:{""1"":335}"
bn_binary_cinexdrama,1029,1.75,L0.10_U0.60,0.1,0.6,490,"{'0': 222, '1': 268}",792,"{'0': 547, '1': 245}",0,"{'0': 0, '1': 0}",[],0,4f53cda18c2baa0c0354bb5f9a3ecbe5ed12ab4d8e11ba873c2f11161202b945,False,"insufficient_eligible_synthetic:{""1"":23}"
bn_binary_cinexdrama,1029,1.75,L0.20_U0.60,0.2,0.6,490,"{'0': 222, '1': 268}",792,"{'0': 547, '1': 245}",0,"{'0': 0, '1': 0}",[],0,4f53cda18c2baa0c0354bb5f9a3ecbe5ed12ab4d8e11ba873c2f11161202b945,False,"insufficient_eligible_synthetic:{""1"":23}"
bn_binary_cinexdrama,1029,1.75,L0.30_U0.60,0.3,0.6,490,"{'0': 222, '1': 268}",792,"{'0': 547, '1': 245}",0,"{'0': 0, '1': 0}",[],0,4f53cda18c2baa0c0354bb5f9a3ecbe5ed12ab4d8e11ba873c2f11161202b945,False,"insufficient_eligible_synthetic:{""1"":23}"
bn_binary_cinexdrama,1029,1.75,L0.40_U0.60,0.4,0.6,490,"{'0': 222, '1': 268}",752,"{'0': 521, '1': 231}",0,"{'0': 0, '1': 0}",[],0,4f53cda18c2baa0c0354bb5f9a3ecbe5ed12ab4d8e11ba873c2f11161202b945,False,"insufficient_eligible_synthetic:{""1"":37}"
bn_binary_cinexdrama,1029,2.0,L0.10_U0.60,0.1,0.6,560,"{'0': 254, '1': 306}",792,"{'0': 547, '1': 245}",0,"{'0': 0, '1': 0}",[],0,4f53cda18c2baa0c0354bb5f9a3ecbe5ed12ab4d8e11ba873c2f11161202b945,False,"insufficient_eligible_synthetic:{""1"":61}"
bn_binary_cinexdrama,1029,2.0,L0.20_U0.60,0.2,0.6,560,"{'0': 254, '1': 306}",792,"{'0': 547, '1': 245}",0,"{'0': 0, '1': 0}",[],0,4f53cda18c2baa0c0354bb5f9a3ecbe5ed12ab4d8e11ba873c2f11161202b945,False,"insufficient_eligible_synthetic:{""1"":61}"
bn_binary_cinexdrama,1029,2.0,L0.30_U0.60,0.3,0.6,560,"{'0': 254, '1': 306}",792,"{'0': 547, '1': 245}",0,"{'0': 0, '1': 0}",[],0,4f53cda18c2baa0c0354bb5f9a3ecbe5ed12ab4d8e11ba873c2f11161202b945,False,"insufficient_eligible_synthetic:{""1"":61}"
bn_binary_cinexdrama,1029,2.0,L0.40_U0.60,0.4,0.6,560,"{'0': 254, '1': 306}",752,"{'0': 521, '1': 231}",0,"{'0': 0, '1': 0}",[],0,4f53cda18c2baa0c0354bb5f9a3ecbe5ed12ab4d8e11ba873c2f11161202b945,False,"insufficient_eligible_synthetic:{""1"":75}"
bn_binary_cinexdrama,1029,2.5,L0.10_U0.60,0.1,0.6,700,"{'0': 318, '1': 382}",792,"{'0': 547, '1': 245}",0,"{'0': 0, '1': 0}",[],0,4f53cda18c2baa0c0354bb5f9a3ecbe5ed12ab4d8e11ba873c2f11161202b945,False,"insufficient_eligible_synthetic:{""1"":137}"
bn_binary_cinexdrama,1029,2.5,L0.20_U0.60,0.2,0.6,700,"{'0': 318, '1': 382}",792,"{'0': 547, '1': 245}",0,"{'0': 0, '1': 0}",[],0,4f53cda18c2baa0c0354bb5f9a3ecbe5ed12ab4d8e11ba873c2f11161202b945,False,"insufficient_eligible_synthetic:{""1"":137}"
bn_binary_cinexdrama,1029,2.5,L0.30_U0.60,0.3,0.6,700,"{'0': 318, '1': 382}",792,"{'0': 547, '1': 245}",0,"{'0': 0, '1': 0}",[],0,4f53cda18c2baa0c0354bb5f9a3ecbe5ed12ab4d8e11ba873c2f11161202b945,False,"insufficient_eligible_synthetic:{""1"":137}"
bn_binary_cinexdrama,1029,2.5,L0.40_U0.60,0.4,0.6,700,"{'0': 318, '1': 382}",752,"{'0': 521, '1': 231}",0,"{'0': 0, '1': 0}",[],0,4f53cda18c2baa0c0354bb5f9a3ecbe5ed12ab4d8e11ba873c2f11161202b945,False,"insufficient_eligible_synthetic:{""1"":151}"
bn_binary_cinexdrama,1029,3.0,L0.10_U0.60,0.1,0.6,840,"{'0': 381, '1': 459}",792,"{'0': 547, '1': 245}",0,"{'0': 0, '1': 0}",[],0,4f53cda18c2baa0c0354bb5f9a3ecbe5ed12ab4d8e11ba873c2f11161202b945,False,"insufficient_eligible_synthetic:{""1"":214}"
bn_binary_cinexdrama,1029,3.0,L0.20_U0.60,0.2,0.6,840,"{'0': 381, '1': 459}",792,"{'0': 547, '1': 245}",0,"{'0': 0, '1': 0}",[],0,4f53cda18c2baa0c0354bb5f9a3ecbe5ed12ab4d8e11ba873c2f11161202b945,False,"insufficient_eligible_synthetic:{""1"":214}"
bn_binary_cinexdrama,1029,3.0,L0.30_U0.60,0.3,0.6,840,"{'0': 381, '1': 459}",792,"{'0': 547, '1': 245}",0,"{'0': 0, '1': 0}",[],0,4f53cda18c2baa0c0354bb5f9a3ecbe5ed12ab4d8e11ba873c2f11161202b945,False,"insufficient_eligible_synthetic:{""1"":214}"
bn_binary_cinexdrama,1029,3.0,L0.40_U0.60,0.4,0.6,840,"{'0': 381, '1': 459}",752,"{'0': 521, '1': 231}",0,"{'0': 0, '1': 0}",[],0,4f53cda18c2baa0c0354bb5f9a3ecbe5ed12ab4d8e11ba873c2f11161202b945,False,"insufficient_eligible_synthetic:{""1"":228}"
bn_binary_cinexdrama,1029,3.5,L0.10_U0.60,0.1,0.6,980,"{'0': 445, '1': 535}",792,"{'0': 547, '1': 245}",0,"{'0': 0, '1': 0}",[],0,4f53cda18c2baa0c0354bb5f9a3ecbe5ed12ab4d8e11ba873c2f11161202b945,False,"insufficient_eligible_synthetic:{""1"":290}"
bn_binary_cinexdrama,1029,3.5,L0.20_U0.60,0.2,0.6,980,"{'0': 445, '1': 535}",792,"{'0': 547, '1': 245}",0,"{'0': 0, '1': 0}",[],0,4f53cda18c2baa0c0354bb5f9a3ecbe5ed12ab4d8e11ba873c2f11161202b945,False,"insufficient_eligible_synthetic:{""1"":290}"
bn_binary_cinexdrama,1029,3.5,L0.30_U0.60,0.3,0.6,980,"{'0': 445, '1': 535}",792,"{'0': 547, '1': 245}",0,"{'0': 0, '1': 0}",[],0,4f53cda18c2baa0c0354bb5f9a3ecbe5ed12ab4d8e11ba873c2f11161202b945,False,"insufficient_eligible_synthetic:{""1"":290}"
bn_binary_cinexdrama,1029,3.5,L0.40_U0.60,0.4,0.6,980,"{'0': 445, '1': 535}",752,"{'0': 521, '1': 231}",0,"{'0': 0, '1': 0}",[],0,4f53cda18c2baa0c0354bb5f9a3ecbe5ed12ab4d8e11ba873c2f11161202b945,False,"insufficient_eligible_synthetic:{""1"":304}"
bn_binary_cinexdrama,1029,4.0,L0.10_U0.60,0.1,0.6,1120,"{'0': 508, '1': 612}",792,"{'0': 547, '1': 245}",0,"{'0': 0, '1': 0}",[],0,4f53cda18c2baa0c0354bb5f9a3ecbe5ed12ab4d8e11ba873c2f11161202b945,False,"insufficient_eligible_synthetic:{""1"":367}"
bn_binary_cinexdrama,1029,4.0,L0.20_U0.60,0.2,0.6,1120,"{'0': 508, '1': 612}",792,"{'0': 547, '1': 245}",0,"{'0': 0, '1': 0}",[],0,4f53cda18c2baa0c0354bb5f9a3ecbe5ed12ab4d8e11ba873c2f11161202b945,False,"insufficient_eligible_synthetic:{""1"":367}"
bn_binary_cinexdrama,1029,4.0,L0.30_U0.60,0.3,0.6,1120,"{'0': 508, '1': 612}",792,"{'0': 547, '1': 245}",0,"{'0': 0, '1': 0}",[],0,4f53cda18c2baa0c0354bb5f9a3ecbe5ed12ab4d8e11ba873c2f11161202b945,False,"insufficient_eligible_synthetic:{""1"":367}"
bn_binary_cinexdrama,1029,4.0,L0.40_U0.60,0.4,0.6,1120,"{'0': 508, '1': 612}",752,"{'0': 521, '1': 231}",0,"{'0': 0, '1': 0}",[],0,4f53cda18c2baa0c0354bb5f9a3ecbe5ed12ab4d8e11ba873c2f11161202b945,False,"insufficient_eligible_synthetic:{""1"":381}"
bn_binary_cinexdrama,1030,2.5,L0.10_U0.60,0.1,0.6,700,"{'0': 318, '1': 382}",803,"{'0': 476, '1': 327}",0,"{'0': 0, '1': 0}",[],0,4f53cda18c2baa0c0354bb5f9a3ecbe5ed12ab4d8e11ba873c2f11161202b945,False,"insufficient_eligible_synthetic:{""1"":55}"
bn_binary_cinexdrama,1030,2.5,L0.20_U0.60,0.2,0.6,700,"{'0': 318, '1': 382}",803,"{'0': 476, '1': 327}",0,"{'0': 0, '1': 0}",[],0,4f53cda18c2baa0c0354bb5f9a3ecbe5ed12ab4d8e11ba873c2f11161202b945,False,"insufficient_eligible_synthetic:{""1"":55}"
bn_binary_cinexdrama,1030,2.5,L0.30_U0.60,0.3,0.6,700,"{'0': 318, '1': 382}",798,"{'0': 471, '1': 327}",0,"{'0': 0, '1': 0}",[],0,4f53cda18c2baa0c0354bb5f9a3ecbe5ed12ab4d8e11ba873c2f11161202b945,False,"insufficient_eligible_synthetic:{""1"":55}"
bn_binary_cinexdrama,1030,2.5,L0.40_U0.60,0.4,0.6,700,"{'0': 318, '1': 382}",749,"{'0': 436, '1': 313}",0,"{'0': 0, '1': 0}",[],0,4f53cda18c2baa0c0354bb5f9a3ecbe5ed12ab4d8e11ba873c2f11161202b945,False,"insufficient_eligible_synthetic:{""1"":69}"
bn_binary_cinexdrama,1030,3.0,L0.10_U0.60,0.1,0.6,840,"{'0': 381, '1': 459}",803,"{'0': 476, '1': 327}",0,"{'0': 0, '1': 0}",[],0,4f53cda18c2baa0c0354bb5f9a3ecbe5ed12ab4d8e11ba873c2f11161202b945,False,"insufficient_eligible_synthetic:{""1"":132}"
bn_binary_cinexdrama,1030,3.0,L0.20_U0.60,0.2,0.6,840,"{'0': 381, '1': 459}",803,"{'0': 476, '1': 327}",0,"{'0': 0, '1': 0}",[],0,4f53cda18c2baa0c0354bb5f9a3ecbe5ed12ab4d8e11ba873c2f11161202b945,False,"insufficient_eligible_synthetic:{""1"":132}"
bn_binary_cinexdrama,1030,3.0,L0.30_U0.60,0.3,0.6,840,"{'0': 381, '1': 459}",798,"{'0': 471, '1': 327}",0,"{'0': 0, '1': 0}",[],0,4f53cda18c2baa0c0354bb5f9a3ecbe5ed12ab4d8e11ba873c2f11161202b945,False,"insufficient_eligible_synthetic:{""1"":132}"
bn_binary_cinexdrama,1030,3.0,L0.40_U0.60,0.4,0.6,840,"{'0': 381, '1': 459}",749,"{'0': 436, '1': 313}",0,"{'0': 0, '1': 0}",[],0,4f53cda18c2baa0c0354bb5f9a3ecbe5ed12ab4d8e11ba873c2f11161202b945,False,"insufficient_eligible_synthetic:{""1"":146}"
bn_binary_cinexdrama,1030,3.5,L0.10_U0.60,0.1,0.6,980,"{'0': 445, '1': 535}",803,"{'0': 476, '1': 327}",0,"{'0': 0, '1': 0}",[],0,4f53cda18c2baa0c0354bb5f9a3ecbe5ed12ab4d8e11ba873c2f11161202b945,False,"insufficient_eligible_synthetic:{""1"":208}"
bn_binary_cinexdrama,1030,3.5,L0.20_U0.60,0.2,0.6,980,"{'0': 445, '1': 535}",803,"{'0': 476, '1': 327}",0,"{'0': 0, '1': 0}",[],0,4f53cda18c2baa0c0354bb5f9a3ecbe5ed12ab4d8e11ba873c2f11161202b945,False,"insufficient_eligible_synthetic:{""1"":208}"
bn_binary_cinexdrama,1030,3.5,L0.30_U0.60,0.3,0.6,980,"{'0': 445, '1': 535}",798,"{'0': 471, '1': 327}",0,"{'0': 0, '1': 0}",[],0,4f53cda18c2baa0c0354bb5f9a3ecbe5ed12ab4d8e11ba873c2f11161202b945,False,"insufficient_eligible_synthetic:{""1"":208}"
bn_binary_cinexdrama,1030,3.5,L0.40_U0.60,0.4,0.6,980,"{'0': 445, '1': 535}",749,"{'0': 436, '1': 313}",0,"{'0': 0, '1': 0}",[],0,4f53cda18c2baa0c0354bb5f9a3ecbe5ed12ab4d8e11ba873c2f11161202b945,False,"insufficient_eligible_synthetic:{""0"":9,""1"":222}"
bn_binary_cinexdrama,1030,4.0,L0.10_U0.60,0.1,0.6,1120,"{'0': 508, '1': 612}",803,"{'0': 476, '1': 327}",0,"{'0': 0, '1': 0}",[],0,4f53cda18c2baa0c0354bb5f9a3ecbe5ed12ab4d8e11ba873c2f11161202b945,False,"insufficient_eligible_synthetic:{""0"":32,""1"":285}"
bn_binary_cinexdrama,1030,4.0,L0.20_U0.60,0.2,0.6,1120,"{'0': 508, '1': 612}",803,"{'0': 476, '1': 327}",0,"{'0': 0, '1': 0}",[],0,4f53cda18c2baa0c0354bb5f9a3ecbe5ed12ab4d8e11ba873c2f11161202b945,False,"insufficient_eligible_synthetic:{""0"":32,""1"":285}"
bn_binary_cinexdrama,1030,4.0,L0.30_U0.60,0.3,0.6,1120,"{'0': 508, '1': 612}",798,"{'0': 471, '1': 327}",0,"{'0': 0, '1': 0}",[],0,4f53cda18c2baa0c0354bb5f9a3ecbe5ed12ab4d8e11ba873c2f11161202b945,False,"insufficient_eligible_synthetic:{""0"":37,""1"":285}"
bn_binary_cinexdrama,1030,4.0,L0.40_U0.60,0.4,0.6,1120,"{'0': 508, '1': 612}",749,"{'0': 436, '1': 313}",0,"{'0': 0, '1': 0}",[],0,4f53cda18c2baa0c0354bb5f9a3ecbe5ed12ab4d8e11ba873c2f11161202b945,False,"insufficient_eligible_synthetic:{""0"":72,""1"":299}"
bn_binary_cinexdrama,1031,1.0,L0.10_U0.60,0.1,0.6,280,"{'0': 127, '1': 153}",803,"{'0': 651, '1': 152}",0,"{'0': 0, '1': 0}",[],0,4f53cda18c2baa0c0354bb5f9a3ecbe5ed12ab4d8e11ba873c2f11161202b945,False,"insufficient_eligible_synthetic:{""1"":1}"
bn_binary_cinexdrama,1031,1.0,L0.20_U0.60,0.2,0.6,280,"{'0': 127, '1': 153}",803,"{'0': 651, '1': 152}",0,"{'0': 0, '1': 0}",[],0,4f53cda18c2baa0c0354bb5f9a3ecbe5ed12ab4d8e11ba873c2f11161202b945,False,"insufficient_eligible_synthetic:{""1"":1}"
bn_binary_cinexdrama,1031,1.0,L0.30_U0.60,0.3,0.6,280,"{'0': 127, '1': 153}",803,"{'0': 651, '1': 152}",0,"{'0': 0, '1': 0}",[],0,4f53cda18c2baa0c0354bb5f9a3ecbe5ed12ab4d8e11ba873c2f11161202b945,False,"insufficient_eligible_synthetic:{""1"":1}"
bn_binary_cinexdrama,1031,1.0,L0.40_U0.60,0.4,0.6,280,"{'0': 127, '1': 153}",748,"{'0': 603, '1': 145}",0,"{'0': 0, '1': 0}",[],0,4f53cda18c2baa0c0354bb5f9a3ecbe5ed12ab4d8e11ba873c2f11161202b945,False,"insufficient_eligible_synthetic:{""1"":8}"
bn_binary_cinexdrama,1031,1.25,L0.10_U0.60,0.1,0.6,350,"{'0': 159, '1': 191}",803,"{'0': 651, '1': 152}",0,"{'0': 0, '1': 0}",[],0,4f53cda18c2baa0c0354bb5f9a3ecbe5ed12ab4d8e11ba873c2f11161202b945,False,"insufficient_eligible_synthetic:{""1"":39}"
bn_binary_cinexdrama,1031,1.25,L0.20_U0.60,0.2,0.6,350,"{'0': 159, '1': 191}",803,"{'0': 651, '1': 152}",0,"{'0': 0, '1': 0}",[],0,4f53cda18c2baa0c0354bb5f9a3ecbe5ed12ab4d8e11ba873c2f11161202b945,False,"insufficient_eligible_synthetic:{""1"":39}"
bn_binary_cinexdrama,1031,1.25,L0.30_U0.60,0.3,0.6,350,"{'0': 159, '1': 191}",803,"{'0': 651, '1': 152}",0,"{'0': 0, '1': 0}",[],0,4f53cda18c2baa0c0354bb5f9a3ecbe5ed12ab4d8e11ba873c2f11161202b945,False,"insufficient_eligible_synthetic:{""1"":39}"
bn_binary_cinexdrama,1031,1.25,L0.40_U0.60,0.4,0.6,350,"{'0': 159, '1': 191}",748,"{'0': 603, '1': 145}",0,"{'0': 0, '1': 0}",[],0,4f53cda18c2baa0c0354bb5f9a3ecbe5ed12ab4d8e11ba873c2f11161202b945,False,"insufficient_eligible_synthetic:{""1"":46}"
bn_binary_cinexdrama,1031,1.5,L0.10_U0.60,0.1,0.6,420,"{'0': 191, '1': 229}",803,"{'0': 651, '1': 152}",0,"{'0': 0, '1': 0}",[],0,4f53cda18c2baa0c0354bb5f9a3ecbe5ed12ab4d8e11ba873c2f11161202b945,False,"insufficient_eligible_synthetic:{""1"":77}"
bn_binary_cinexdrama,1031,1.5,L0.20_U0.60,0.2,0.6,420,"{'0': 191, '1': 229}",803,"{'0': 651, '1': 152}",0,"{'0': 0, '1': 0}",[],0,4f53cda18c2baa0c0354bb5f9a3ecbe5ed12ab4d8e11ba873c2f11161202b945,False,"insufficient_eligible_synthetic:{""1"":77}"
bn_binary_cinexdrama,1031,1.5,L0.30_U0.60,0.3,0.6,420,"{'0': 191, '1': 229}",803,"{'0': 651, '1': 152}",0,"{'0': 0, '1': 0}",[],0,4f53cda18c2baa0c0354bb5f9a3ecbe5ed12ab4d8e11ba873c2f11161202b945,False,"insufficient_eligible_synthetic:{""1"":77}"
bn_binary_cinexdrama,1031,1.5,L0.40_U0.60,0.4,0.6,420,"{'0': 191, '1': 229}",748,"{'0': 603, '1': 145}",0,"{'0': 0, '1': 0}",[],0,4f53cda18c2baa0c0354bb5f9a3ecbe5ed12ab4d8e11ba873c2f11161202b945,False,"insufficient_eligible_synthetic:{""1"":84}"
bn_binary_cinexdrama,1031,1.75,L0.10_U0.60,0.1,0.6,490,"{'0': 222, '1': 268}",803,"{'0': 651, '1': 152}",0,"{'0': 0, '1': 0}",[],0,4f53cda18c2baa0c0354bb5f9a3ecbe5ed12ab4d8e11ba873c2f11161202b945,False,"insufficient_eligible_synthetic:{""1"":116}"
bn_binary_cinexdrama,1031,1.75,L0.20_U0.60,0.2,0.6,490,"{'0': 222, '1': 268}",803,"{'0': 651, '1': 152}",0,"{'0': 0, '1': 0}",[],0,4f53cda18c2baa0c0354bb5f9a3ecbe5ed12ab4d8e11ba873c2f11161202b945,False,"insufficient_eligible_synthetic:{""1"":116}"
bn_binary_cinexdrama,1031,1.75,L0.30_U0.60,0.3,0.6,490,"{'0': 222, '1': 268}",803,"{'0': 651, '1': 152}",0,"{'0': 0, '1': 0}",[],0,4f53cda18c2baa0c0354bb5f9a3ecbe5ed12ab4d8e11ba873c2f11161202b945,False,"insufficient_eligible_synthetic:{""1"":116}"
bn_binary_cinexdrama,1031,1.75,L0.40_U0.60,0.4,0.6,490,"{'0': 222, '1': 268}",748,"{'0': 603, '1': 145}",0,"{'0': 0, '1': 0}",[],0,4f53cda18c2baa0c0354bb5f9a3ecbe5ed12ab4d8e11ba873c2f11161202b945,False,"insufficient_eligible_synthetic:{""1"":123}"
bn_binary_cinexdrama,1031,2.0,L0.10_U0.60,0.1,0.6,560,"{'0': 254, '1': 306}",803,"{'0': 651, '1': 152}",0,"{'0': 0, '1': 0}",[],0,4f53cda18c2baa0c0354bb5f9a3ecbe5ed12ab4d8e11ba873c2f11161202b945,False,"insufficient_eligible_synthetic:{""1"":154}"
bn_binary_cinexdrama,1031,2.0,L0.20_U0.60,0.2,0.6,560,"{'0': 254, '1': 306}",803,"{'0': 651, '1': 152}",0,"{'0': 0, '1': 0}",[],0,4f53cda18c2baa0c0354bb5f9a3ecbe5ed12ab4d8e11ba873c2f11161202b945,False,"insufficient_eligible_synthetic:{""1"":154}"
bn_binary_cinexdrama,1031,2.0,L0.30_U0.60,0.3,0.6,560,"{'0': 254, '1': 306}",803,"{'0': 651, '1': 152}",0,"{'0': 0, '1': 0}",[],0,4f53cda18c2baa0c0354bb5f9a3ecbe5ed12ab4d8e11ba873c2f11161202b945,False,"insufficient_eligible_synthetic:{""1"":154}"
bn_binary_cinexdrama,1031,2.0,L0.40_U0.60,0.4,0.6,560,"{'0': 254, '1': 306}",748,"{'0': 603, '1': 145}",0,"{'0': 0, '1': 0}",[],0,4f53cda18c2baa0c0354bb5f9a3ecbe5ed12ab4d8e11ba873c2f11161202b945,False,"insufficient_eligible_synthetic:{""1"":161}"
bn_binary_cinexdrama,1031,2.5,L0.10_U0.60,0.1,0.6,700,"{'0': 318, '1': 382}",803,"{'0': 651, '1': 152}",0,"{'0': 0, '1': 0}",[],0,4f53cda18c2baa0c0354bb5f9a3ecbe5ed12ab4d8e11ba873c2f11161202b945,False,"insufficient_eligible_synthetic:{""1"":230}"
bn_binary_cinexdrama,1031,2.5,L0.20_U0.60,0.2,0.6,700,"{'0': 318, '1': 382}",803,"{'0': 651, '1': 152}",0,"{'0': 0, '1': 0}",[],0,4f53cda18c2baa0c0354bb5f9a3ecbe5ed12ab4d8e11ba873c2f11161202b945,False,"insufficient_eligible_synthetic:{""1"":230}"
bn_binary_cinexdrama,1031,2.5,L0.30_U0.60,0.3,0.6,700,"{'0': 318, '1': 382}",803,"{'0': 651, '1': 152}",0,"{'0': 0, '1': 0}",[],0,4f53cda18c2baa0c0354bb5f9a3ecbe5ed12ab4d8e11ba873c2f11161202b945,False,"insufficient_eligible_synthetic:{""1"":230}"
bn_binary_cinexdrama,1031,2.5,L0.40_U0.60,0.4,0.6,700,"{'0': 318, '1': 382}",748,"{'0': 603, '1': 145}",0,"{'0': 0, '1': 0}",[],0,4f53cda18c2baa0c0354bb5f9a3ecbe5ed12ab4d8e11ba873c2f11161202b945,False,"insufficient_eligible_synthetic:{""1"":237}"
bn_binary_cinexdrama,1031,3.0,L0.10_U0.60,0.1,0.6,840,"{'0': 381, '1': 459}",803,"{'0': 651, '1': 152}",0,"{'0': 0, '1': 0}",[],0,4f53cda18c2baa0c0354bb5f9a3ecbe5ed12ab4d8e11ba873c2f11161202b945,False,"insufficient_eligible_synthetic:{""1"":307}"
bn_binary_cinexdrama,1031,3.0,L0.20_U0.60,0.2,0.6,840,"{'0': 381, '1': 459}",803,"{'0': 651, '1': 152}",0,"{'0': 0, '1': 0}",[],0,4f53cda18c2baa0c0354bb5f9a3ecbe5ed12ab4d8e11ba873c2f11161202b945,False,"insufficient_eligible_synthetic:{""1"":307}"
bn_binary_cinexdrama,1031,3.0,L0.30_U0.60,0.3,0.6,840,"{'0': 381, '1': 459}",803,"{'0': 651, '1': 152}",0,"{'0': 0, '1': 0}",[],0,4f53cda18c2baa0c0354bb5f9a3ecbe5ed12ab4d8e11ba873c2f11161202b945,False,"insufficient_eligible_synthetic:{""1"":307}"
bn_binary_cinexdrama,1031,3.0,L0.40_U0.60,0.4,0.6,840,"{'0': 381, '1': 459}",748,"{'0': 603, '1': 145}",0,"{'0': 0, '1': 0}",[],0,4f53cda18c2baa0c0354bb5f9a3ecbe5ed12ab4d8e11ba873c2f11161202b945,False,"insufficient_eligible_synthetic:{""1"":314}"
bn_binary_cinexdrama,1031,3.5,L0.10_U0.60,0.1,0.6,980,"{'0': 445, '1': 535}",803,"{'0': 651, '1': 152}",0,"{'0': 0, '1': 0}",[],0,4f53cda18c2baa0c0354bb5f9a3ecbe5ed12ab4d8e11ba873c2f11161202b945,False,"insufficient_eligible_synthetic:{""1"":383}"
bn_binary_cinexdrama,1031,3.5,L0.20_U0.60,0.2,0.6,980,"{'0': 445, '1': 535}",803,"{'0': 651, '1': 152}",0,"{'0': 0, '1': 0}",[],0,4f53cda18c2baa0c0354bb5f9a3ecbe5ed12ab4d8e11ba873c2f11161202b945,False,"insufficient_eligible_synthetic:{""1"":383}"
bn_binary_cinexdrama,1031,3.5,L0.30_U0.60,0.3,0.6,980,"{'0': 445, '1': 535}",803,"{'0': 651, '1': 152}",0,"{'0': 0, '1': 0}",[],0,4f53cda18c2baa0c0354bb5f9a3ecbe5ed12ab4d8e11ba873c2f11161202b945,False,"insufficient_eligible_synthetic:{""1"":383}"
bn_binary_cinexdrama,1031,3.5,L0.40_U0.60,0.4,0.6,980,"{'0': 445, '1': 535}",748,"{'0': 603, '1': 145}",0,"{'0': 0, '1': 0}",[],0,4f53cda18c2baa0c0354bb5f9a3ecbe5ed12ab4d8e11ba873c2f11161202b945,False,"insufficient_eligible_synthetic:{""1"":390}"
bn_binary_cinexdrama,1031,4.0,L0.10_U0.60,0.1,0.6,1120,"{'0': 508, '1': 612}",803,"{'0': 651, '1': 152}",0,"{'0': 0, '1': 0}",[],0,4f53cda18c2baa0c0354bb5f9a3ecbe5ed12ab4d8e11ba873c2f11161202b945,False,"insufficient_eligible_synthetic:{""1"":460}"
bn_binary_cinexdrama,1031,4.0,L0.20_U0.60,0.2,0.6,1120,"{'0': 508, '1': 612}",803,"{'0': 651, '1': 152}",0,"{'0': 0, '1': 0}",[],0,4f53cda18c2baa0c0354bb5f9a3ecbe5ed12ab4d8e11ba873c2f11161202b945,False,"insufficient_eligible_synthetic:{""1"":460}"
bn_binary_cinexdrama,1031,4.0,L0.30_U0.60,0.3,0.6,1120,"{'0': 508, '1': 612}",803,"{'0': 651, '1': 152}",0,"{'0': 0, '1': 0}",[],0,4f53cda18c2baa0c0354bb5f9a3ecbe5ed12ab4d8e11ba873c2f11161202b945,False,"insufficient_eligible_synthetic:{""1"":460}"
bn_binary_cinexdrama,1031,4.0,L0.40_U0.60,0.4,0.6,1120,"{'0': 508, '1': 612}",748,"{'0': 603, '1': 145}",0,"{'0': 0, '1': 0}",[],0,4f53cda18c2baa0c0354bb5f9a3ecbe5ed12ab4d8e11ba873c2f11161202b945,False,"insufficient_eligible_synthetic:{""1"":467}"
bn_binary_cinexdrama,1032,1.25,L0.10_U0.60,0.1,0.6,350,"{'0': 159, '1': 191}",632,"{'0': 448, '1': 184}",0,"{'0': 0, '1': 0}",[],0,4f53cda18c2baa0c0354bb5f9a3ecbe5ed12ab4d8e11ba873c2f11161202b945,False,"insufficient_eligible_synthetic:{""1"":7}"
bn_binary_cinexdrama,1032,1.25,L0.20_U0.60,0.2,0.6,350,"{'0': 159, '1': 191}",632,"{'0': 448, '1': 184}",0,"{'0': 0, '1': 0}",[],0,4f53cda18c2baa0c0354bb5f9a3ecbe5ed12ab4d8e11ba873c2f11161202b945,False,"insufficient_eligible_synthetic:{""1"":7}"
bn_binary_cinexdrama,1032,1.25,L0.30_U0.60,0.3,0.6,350,"{'0': 159, '1': 191}",632,"{'0': 448, '1': 184}",0,"{'0': 0, '1': 0}",[],0,4f53cda18c2baa0c0354bb5f9a3ecbe5ed12ab4d8e11ba873c2f11161202b945,False,"insufficient_eligible_synthetic:{""1"":7}"
bn_binary_cinexdrama,1032,1.25,L0.40_U0.60,0.4,0.6,350,"{'0': 159, '1': 191}",603,"{'0': 443, '1': 160}",0,"{'0': 0, '1': 0}",[],0,4f53cda18c2baa0c0354bb5f9a3ecbe5ed12ab4d8e11ba873c2f11161202b945,False,"insufficient_eligible_synthetic:{""1"":31}"
bn_binary_cinexdrama,1032,1.5,L0.10_U0.60,0.1,0.6,420,"{'0': 191, '1': 229}",632,"{'0': 448, '1': 184}",0,"{'0': 0, '1': 0}",[],0,4f53cda18c2baa0c0354bb5f9a3ecbe5ed12ab4d8e11ba873c2f11161202b945,False,"insufficient_eligible_synthetic:{""1"":45}"
bn_binary_cinexdrama,1032,1.5,L0.20_U0.60,0.2,0.6,420,"{'0': 191, '1': 229}",632,"{'0': 448, '1': 184}",0,"{'0': 0, '1': 0}",[],0,4f53cda18c2baa0c0354bb5f9a3ecbe5ed12ab4d8e11ba873c2f11161202b945,False,"insufficient_eligible_synthetic:{""1"":45}"
bn_binary_cinexdrama,1032,1.5,L0.30_U0.60,0.3,0.6,420,"{'0': 191, '1': 229}",632,"{'0': 448, '1': 184}",0,"{'0': 0, '1': 0}",[],0,4f53cda18c2baa0c0354bb5f9a3ecbe5ed12ab4d8e11ba873c2f11161202b945,False,"insufficient_eligible_synthetic:{""1"":45}"
bn_binary_cinexdrama,1032,1.5,L0.40_U0.60,0.4,0.6,420,"{'0': 191, '1': 229}",603,"{'0': 443, '1': 160}",0,"{'0': 0, '1': 0}",[],0,4f53cda18c2baa0c0354bb5f9a3ecbe5ed12ab4d8e11ba873c2f11161202b945,False,"insufficient_eligible_synthetic:{""1"":69}"
bn_binary_cinexdrama,1032,1.75,L0.10_U0.60,0.1,0.6,490,"{'0': 222, '1': 268}",632,"{'0': 448, '1': 184}",0,"{'0': 0, '1': 0}",[],0,4f53cda18c2baa0c0354bb5f9a3ecbe5ed12ab4d8e11ba873c2f11161202b945,False,"insufficient_eligible_synthetic:{""1"":84}"
bn_binary_cinexdrama,1032,1.75,L0.20_U0.60,0.2,0.6,490,"{'0': 222, '1': 268}",632,"{'0': 448, '1': 184}",0,"{'0': 0, '1': 0}",[],0,4f53cda18c2baa0c0354bb5f9a3ecbe5ed12ab4d8e11ba873c2f11161202b945,False,"insufficient_eligible_synthetic:{""1"":84}"
bn_binary_cinexdrama,1032,1.75,L0.30_U0.60,0.3,0.6,490,"{'0': 222, '1': 268}",632,"{'0': 448, '1': 184}",0,"{'0': 0, '1': 0}",[],0,4f53cda18c2baa0c0354bb5f9a3ecbe5ed12ab4d8e11ba873c2f11161202b945,False,"insufficient_eligible_synthetic:{""1"":84}"
bn_binary_cinexdrama,1032,1.75,L0.40_U0.60,0.4,0.6,490,"{'0': 222, '1': 268}",603,"{'0': 443, '1': 160}",0,"{'0': 0, '1': 0}",[],0,4f53cda18c2baa0c0354bb5f9a3ecbe5ed12ab4d8e11ba873c2f11161202b945,False,"insufficient_eligible_synthetic:{""1"":108}"
bn_binary_cinexdrama,1032,2.0,L0.10_U0.60,0.1,0.6,560,"{'0': 254, '1': 306}",632,"{'0': 448, '1': 184}",0,"{'0': 0, '1': 0}",[],0,4f53cda18c2baa0c0354bb5f9a3ecbe5ed12ab4d8e11ba873c2f11161202b945,False,"insufficient_eligible_synthetic:{""1"":122}"
bn_binary_cinexdrama,1032,2.0,L0.20_U0.60,0.2,0.6,560,"{'0': 254, '1': 306}",632,"{'0': 448, '1': 184}",0,"{'0': 0, '1': 0}",[],0,4f53cda18c2baa0c0354bb5f9a3ecbe5ed12ab4d8e11ba873c2f11161202b945,False,"insufficient_eligible_synthetic:{""1"":122}"
bn_binary_cinexdrama,1032,2.0,L0.30_U0.60,0.3,0.6,560,"{'0': 254, '1': 306}",632,"{'0': 448, '1': 184}",0,"{'0': 0, '1': 0}",[],0,4f53cda18c2baa0c0354bb5f9a3ecbe5ed12ab4d8e11ba873c2f11161202b945,False,"insufficient_eligible_synthetic:{""1"":122}"
bn_binary_cinexdrama,1032,2.0,L0.40_U0.60,0.4,0.6,560,"{'0': 254, '1': 306}",603,"{'0': 443, '1': 160}",0,"{'0': 0, '1': 0}",[],0,4f53cda18c2baa0c0354bb5f9a3ecbe5ed12ab4d8e11ba873c2f11161202b945,False,"insufficient_eligible_synthetic:{""1"":146}"
bn_binary_cinexdrama,1032,2.5,L0.10_U0.60,0.1,0.6,700,"{'0': 318, '1': 382}",632,"{'0': 448, '1': 184}",0,"{'0': 0, '1': 0}",[],0,4f53cda18c2baa0c0354bb5f9a3ecbe5ed12ab4d8e11ba873c2f11161202b945,False,"insufficient_eligible_synthetic:{""1"":198}"
bn_binary_cinexdrama,1032,2.5,L0.20_U0.60,0.2,0.6,700,"{'0': 318, '1': 382}",632,"{'0': 448, '1': 184}",0,"{'0': 0, '1': 0}",[],0,4f53cda18c2baa0c0354bb5f9a3ecbe5ed12ab4d8e11ba873c2f11161202b945,False,"insufficient_eligible_synthetic:{""1"":198}"
bn_binary_cinexdrama,1032,2.5,L0.30_U0.60,0.3,0.6,700,"{'0': 318, '1': 382}",632,"{'0': 448, '1': 184}",0,"{'0': 0, '1': 0}",[],0,4f53cda18c2baa0c0354bb5f9a3ecbe5ed12ab4d8e11ba873c2f11161202b945,False,"insufficient_eligible_synthetic:{""1"":198}"
bn_binary_cinexdrama,1032,2.5,L0.40_U0.60,0.4,0.6,700,"{'0': 318, '1': 382}",603,"{'0': 443, '1': 160}",0,"{'0': 0, '1': 0}",[],0,4f53cda18c2baa0c0354bb5f9a3ecbe5ed12ab4d8e11ba873c2f11161202b945,False,"insufficient_eligible_synthetic:{""1"":222}"
bn_binary_cinexdrama,1032,3.0,L0.10_U0.60,0.1,0.6,840,"{'0': 381, '1': 459}",632,"{'0': 448, '1': 184}",0,"{'0': 0, '1': 0}",[],0,4f53cda18c2baa0c0354bb5f9a3ecbe5ed12ab4d8e11ba873c2f11161202b945,False,"insufficient_eligible_synthetic:{""1"":275}"
bn_binary_cinexdrama,1032,3.0,L0.20_U0.60,0.2,0.6,840,"{'0': 381, '1': 459}",632,"{'0': 448, '1': 184}",0,"{'0': 0, '1': 0}",[],0,4f53cda18c2baa0c0354bb5f9a3ecbe5ed12ab4d8e11ba873c2f11161202b945,False,"insufficient_eligible_synthetic:{""1"":275}"
bn_binary_cinexdrama,1032,3.0,L0.30_U0.60,0.3,0.6,840,"{'0': 381, '1': 459}",632,"{'0': 448, '1': 184}",0,"{'0': 0, '1': 0}",[],0,4f53cda18c2baa0c0354bb5f9a3ecbe5ed12ab4d8e11ba873c2f11161202b945,False,"insufficient_eligible_synthetic:{""1"":275}"
bn_binary_cinexdrama,1032,3.0,L0.40_U0.60,0.4,0.6,840,"{'0': 381, '1': 459}",603,"{'0': 443, '1': 160}",0,"{'0': 0, '1': 0}",[],0,4f53cda18c2baa0c0354bb5f9a3ecbe5ed12ab4d8e11ba873c2f11161202b945,False,"insufficient_eligible_synthetic:{""1"":299}"
bn_binary_cinexdrama,1032,3.5,L0.10_U0.60,0.1,0.6,980,"{'0': 445, '1': 535}",632,"{'0': 448, '1': 184}",0,"{'0': 0, '1': 0}",[],0,4f53cda18c2baa0c0354bb5f9a3ecbe5ed12ab4d8e11ba873c2f11161202b945,False,"insufficient_eligible_synthetic:{""1"":351}"
bn_binary_cinexdrama,1032,3.5,L0.20_U0.60,0.2,0.6,980,"{'0': 445, '1': 535}",632,"{'0': 448, '1': 184}",0,"{'0': 0, '1': 0}",[],0,4f53cda18c2baa0c0354bb5f9a3ecbe5ed12ab4d8e11ba873c2f11161202b945,False,"insufficient_eligible_synthetic:{""1"":351}"
bn_binary_cinexdrama,1032,3.5,L0.30_U0.60,0.3,0.6,980,"{'0': 445, '1': 535}",632,"{'0': 448, '1': 184}",0,"{'0': 0, '1': 0}",[],0,4f53cda18c2baa0c0354bb5f9a3ecbe5ed12ab4d8e11ba873c2f11161202b945,False,"insufficient_eligible_synthetic:{""1"":351}"
bn_binary_cinexdrama,1032,3.5,L0.40_U0.60,0.4,0.6,980,"{'0': 445, '1': 535}",603,"{'0': 443, '1': 160}",0,"{'0': 0, '1': 0}",[],0,4f53cda18c2baa0c0354bb5f9a3ecbe5ed12ab4d8e11ba873c2f11161202b945,False,"insufficient_eligible_synthetic:{""0"":2,""1"":375}"
bn_binary_cinexdrama,1032,4.0,L0.10_U0.60,0.1,0.6,1120,"{'0': 508, '1': 612}",632,"{'0': 448, '1': 184}",0,"{'0': 0, '1': 0}",[],0,4f53cda18c2baa0c0354bb5f9a3ecbe5ed12ab4d8e11ba873c2f11161202b945,False,"insufficient_eligible_synthetic:{""0"":60,""1"":428}"
bn_binary_cinexdrama,1032,4.0,L0.20_U0.60,0.2,0.6,1120,"{'0': 508, '1': 612}",632,"{'0': 448, '1': 184}",0,"{'0': 0, '1': 0}",[],0,4f53cda18c2baa0c0354bb5f9a3ecbe5ed12ab4d8e11ba873c2f11161202b945,False,"insufficient_eligible_synthetic:{""0"":60,""1"":428}"
bn_binary_cinexdrama,1032,4.0,L0.30_U0.60,0.3,0.6,1120,"{'0': 508, '1': 612}",632,"{'0': 448, '1': 184}",0,"{'0': 0, '1': 0}",[],0,4f53cda18c2baa0c0354bb5f9a3ecbe5ed12ab4d8e11ba873c2f11161202b945,False,"insufficient_eligible_synthetic:{""0"":60,""1"":428}"
bn_binary_cinexdrama,1032,4.0,L0.40_U0.60,0.4,0.6,1120,"{'0': 508, '1': 612}",603,"{'0': 443, '1': 160}",0,"{'0': 0, '1': 0}",[],0,4f53cda18c2baa0c0354bb5f9a3ecbe5ed12ab4d8e11ba873c2f11161202b945,False,"insufficient_eligible_synthetic:{""0"":65,""1"":452}"
bn_binary_cinexdrama,1033,1.25,L0.40_U0.60,0.4,0.6,350,"{'0': 159, '1': 191}",727,"{'0': 542, '1': 185}",0,"{'0': 0, '1': 0}",[],0,4f53cda18c2baa0c0354bb5f9a3ecbe5ed12ab4d8e11ba873c2f11161202b945,False,"insufficient_eligible_synthetic:{""1"":6}"
bn_binary_cinexdrama,1033,1.5,L0.10_U0.60,0.1,0.6,420,"{'0': 191, '1': 229}",753,"{'0': 554, '1': 199}",0,"{'0': 0, '1': 0}",[],0,4f53cda18c2baa0c0354bb5f9a3ecbe5ed12ab4d8e11ba873c2f11161202b945,False,"insufficient_eligible_synthetic:{""1"":30}"
bn_binary_cinexdrama,1033,1.5,L0.20_U0.60,0.2,0.6,420,"{'0': 191, '1': 229}",753,"{'0': 554, '1': 199}",0,"{'0': 0, '1': 0}",[],0,4f53cda18c2baa0c0354bb5f9a3ecbe5ed12ab4d8e11ba873c2f11161202b945,False,"insufficient_eligible_synthetic:{""1"":30}"
bn_binary_cinexdrama,1033,1.5,L0.30_U0.60,0.3,0.6,420,"{'0': 191, '1': 229}",748,"{'0': 549, '1': 199}",0,"{'0': 0, '1': 0}",[],0,4f53cda18c2baa0c0354bb5f9a3ecbe5ed12ab4d8e11ba873c2f11161202b945,False,"insufficient_eligible_synthetic:{""1"":30}"
bn_binary_cinexdrama,1033,1.5,L0.40_U0.60,0.4,0.6,420,"{'0': 191, '1': 229}",727,"{'0': 542, '1': 185}",0,"{'0': 0, '1': 0}",[],0,4f53cda18c2baa0c0354bb5f9a3ecbe5ed12ab4d8e11ba873c2f11161202b945,False,"insufficient_eligible_synthetic:{""1"":44}"
bn_binary_cinexdrama,1033,1.75,L0.10_U0.60,0.1,0.6,490,"{'0': 222, '1': 268}",753,"{'0': 554, '1': 199}",0,"{'0': 0, '1': 0}",[],0,4f53cda18c2baa0c0354bb5f9a3ecbe5ed12ab4d8e11ba873c2f11161202b945,False,"insufficient_eligible_synthetic:{""1"":69}"
bn_binary_cinexdrama,1033,1.75,L0.20_U0.60,0.2,0.6,490,"{'0': 222, '1': 268}",753,"{'0': 554, '1': 199}",0,"{'0': 0, '1': 0}",[],0,4f53cda18c2baa0c0354bb5f9a3ecbe5ed12ab4d8e11ba873c2f11161202b945,False,"insufficient_eligible_synthetic:{""1"":69}"
bn_binary_cinexdrama,1033,1.75,L0.30_U0.60,0.3,0.6,490,"{'0': 222, '1': 268}",748,"{'0': 549, '1': 199}",0,"{'0': 0, '1': 0}",[],0,4f53cda18c2baa0c0354bb5f9a3ecbe5ed12ab4d8e11ba873c2f11161202b945,False,"insufficient_eligible_synthetic:{""1"":69}"
bn_binary_cinexdrama,1033,1.75,L0.40_U0.60,0.4,0.6,490,"{'0': 222, '1': 268}",727,"{'0': 542, '1': 185}",0,"{'0': 0, '1': 0}",[],0,4f53cda18c2baa0c0354bb5f9a3ecbe5ed12ab4d8e11ba873c2f11161202b945,False,"insufficient_eligible_synthetic:{""1"":83}"
bn_binary_cinexdrama,1033,2.0,L0.10_U0.60,0.1,0.6,560,"{'0': 254, '1': 306}",753,"{'0': 554, '1': 199}",0,"{'0': 0, '1': 0}",[],0,4f53cda18c2baa0c0354bb5f9a3ecbe5ed12ab4d8e11ba873c2f11161202b945,False,"insufficient_eligible_synthetic:{""1"":107}"
bn_binary_cinexdrama,1033,2.0,L0.20_U0.60,0.2,0.6,560,"{'0': 254, '1': 306}",753,"{'0': 554, '1': 199}",0,"{'0': 0, '1': 0}",[],0,4f53cda18c2baa0c0354bb5f9a3ecbe5ed12ab4d8e11ba873c2f11161202b945,False,"insufficient_eligible_synthetic:{""1"":107}"
bn_binary_cinexdrama,1033,2.0,L0.30_U0.60,0.3,0.6,560,"{'0': 254, '1': 306}",748,"{'0': 549, '1': 199}",0,"{'0': 0, '1': 0}",[],0,4f53cda18c2baa0c0354bb5f9a3ecbe5ed12ab4d8e11ba873c2f11161202b945,False,"insufficient_eligible_synthetic:{""1"":107}"
bn_binary_cinexdrama,1033,2.0,L0.40_U0.60,0.4,0.6,560,"{'0': 254, '1': 306}",727,"{'0': 542, '1': 185}",0,"{'0': 0, '1': 0}",[],0,4f53cda18c2baa0c0354bb5f9a3ecbe5ed12ab4d8e11ba873c2f11161202b945,False,"insufficient_eligible_synthetic:{""1"":121}"
bn_binary_cinexdrama,1033,2.5,L0.10_U0.60,0.1,0.6,700,"{'0': 318, '1': 382}",753,"{'0': 554, '1': 199}",0,"{'0': 0, '1': 0}",[],0,4f53cda18c2baa0c0354bb5f9a3ecbe5ed12ab4d8e11ba873c2f11161202b945,False,"insufficient_eligible_synthetic:{""1"":183}"
bn_binary_cinexdrama,1033,2.5,L0.20_U0.60,0.2,0.6,700,"{'0': 318, '1': 382}",753,"{'0': 554, '1': 199}",0,"{'0': 0, '1': 0}",[],0,4f53cda18c2baa0c0354bb5f9a3ecbe5ed12ab4d8e11ba873c2f11161202b945,False,"insufficient_eligible_synthetic:{""1"":183}"
bn_binary_cinexdrama,1033,2.5,L0.30_U0.60,0.3,0.6,700,"{'0': 318, '1': 382}",748,"{'0': 549, '1': 199}",0,"{'0': 0, '1': 0}",[],0,4f53cda18c2baa0c0354bb5f9a3ecbe5ed12ab4d8e11ba873c2f11161202b945,False,"insufficient_eligible_synthetic:{""1"":183}"
bn_binary_cinexdrama,1033,2.5,L0.40_U0.60,0.4,0.6,700,"{'0': 318, '1': 382}",727,"{'0': 542, '1': 185}",0,"{'0': 0, '1': 0}",[],0,4f53cda18c2baa0c0354bb5f9a3ecbe5ed12ab4d8e11ba873c2f11161202b945,False,"insufficient_eligible_synthetic:{""1"":197}"
bn_binary_cinexdrama,1033,3.0,L0.10_U0.60,0.1,0.6,840,"{'0': 381, '1': 459}",753,"{'0': 554, '1': 199}",0,"{'0': 0, '1': 0}",[],0,4f53cda18c2baa0c0354bb5f9a3ecbe5ed12ab4d8e11ba873c2f11161202b945,False,"insufficient_eligible_synthetic:{""1"":260}"
bn_binary_cinexdrama,1033,3.0,L0.20_U0.60,0.2,0.6,840,"{'0': 381, '1': 459}",753,"{'0': 554, '1': 199}",0,"{'0': 0, '1': 0}",[],0,4f53cda18c2baa0c0354bb5f9a3ecbe5ed12ab4d8e11ba873c2f11161202b945,False,"insufficient_eligible_synthetic:{""1"":260}"
bn_binary_cinexdrama,1033,3.0,L0.30_U0.60,0.3,0.6,840,"{'0': 381, '1': 459}",748,"{'0': 549, '1': 199}",0,"{'0': 0, '1': 0}",[],0,4f53cda18c2baa0c0354bb5f9a3ecbe5ed12ab4d8e11ba873c2f11161202b945,False,"insufficient_eligible_synthetic:{""1"":260}"
bn_binary_cinexdrama,1033,3.0,L0.40_U0.60,0.4,0.6,840,"{'0': 381, '1': 459}",727,"{'0': 542, '1': 185}",0,"{'0': 0, '1': 0}",[],0,4f53cda18c2baa0c0354bb5f9a3ecbe5ed12ab4d8e11ba873c2f11161202b945,False,"insufficient_eligible_synthetic:{""1"":274}"
bn_binary_cinexdrama,1033,3.5,L0.10_U0.60,0.1,0.6,980,"{'0': 445, '1': 535}",753,"{'0': 554, '1': 199}",0,"{'0': 0, '1': 0}",[],0,4f53cda18c2baa0c0354bb5f9a3ecbe5ed12ab4d8e11ba873c2f11161202b945,False,"insufficient_eligible_synthetic:{""1"":336}"
bn_binary_cinexdrama,1033,3.5,L0.20_U0.60,0.2,0.6,980,"{'0': 445, '1': 535}",753,"{'0': 554, '1': 199}",0,"{'0': 0, '1': 0}",[],0,4f53cda18c2baa0c0354bb5f9a3ecbe5ed12ab4d8e11ba873c2f11161202b945,False,"insufficient_eligible_synthetic:{""1"":336}"
bn_binary_cinexdrama,1033,3.5,L0.30_U0.60,0.3,0.6,980,"{'0': 445, '1': 535}",748,"{'0': 549, '1': 199}",0,"{'0': 0, '1': 0}",[],0,4f53cda18c2baa0c0354bb5f9a3ecbe5ed12ab4d8e11ba873c2f11161202b945,False,"insufficient_eligible_synthetic:{""1"":336}"
bn_binary_cinexdrama,1033,3.5,L0.40_U0.60,0.4,0.6,980,"{'0': 445, '1': 535}",727,"{'0': 542, '1': 185}",0,"{'0': 0, '1': 0}",[],0,4f53cda18c2baa0c0354bb5f9a3ecbe5ed12ab4d8e11ba873c2f11161202b945,False,"insufficient_eligible_synthetic:{""1"":350}"
bn_binary_cinexdrama,1033,4.0,L0.10_U0.60,0.1,0.6,1120,"{'0': 508, '1': 612}",753,"{'0': 554, '1': 199}",0,"{'0': 0, '1': 0}",[],0,4f53cda18c2baa0c0354bb5f9a3ecbe5ed12ab4d8e11ba873c2f11161202b945,False,"insufficient_eligible_synthetic:{""1"":413}"
bn_binary_cinexdrama,1033,4.0,L0.20_U0.60,0.2,0.6,1120,"{'0': 508, '1': 612}",753,"{'0': 554, '1': 199}",0,"{'0': 0, '1': 0}",[],0,4f53cda18c2baa0c0354bb5f9a3ecbe5ed12ab4d8e11ba873c2f11161202b945,False,"insufficient_eligible_synthetic:{""1"":413}"
bn_binary_cinexdrama,1033,4.0,L0.30_U0.60,0.3,0.6,1120,"{'0': 508, '1': 612}",748,"{'0': 549, '1': 199}",0,"{'0': 0, '1': 0}",[],0,4f53cda18c2baa0c0354bb5f9a3ecbe5ed12ab4d8e11ba873c2f11161202b945,False,"insufficient_eligible_synthetic:{""1"":413}"
bn_binary_cinexdrama,1033,4.0,L0.40_U0.60,0.4,0.6,1120,"{'0': 508, '1': 612}",727,"{'0': 542, '1': 185}",0,"{'0': 0, '1': 0}",[],0,4f53cda18c2baa0c0354bb5f9a3ecbe5ed12ab4d8e11ba873c2f11161202b945,False,"insufficient_eligible_synthetic:{""1"":427}"
bn_binary_cinexdrama,1034,1.25,L0.10_U0.60,0.1,0.6,350,"{'0': 159, '1': 191}",737,"{'0': 567, '1': 170}",0,"{'0': 0, '1': 0}",[],0,4f53cda18c2baa0c0354bb5f9a3ecbe5ed12ab4d8e11ba873c2f11161202b945,False,"insufficient_eligible_synthetic:{""1"":21}"
bn_binary_cinexdrama,1034,1.25,L0.20_U0.60,0.2,0.6,350,"{'0': 159, '1': 191}",737,"{'0': 567, '1': 170}",0,"{'0': 0, '1': 0}",[],0,4f53cda18c2baa0c0354bb5f9a3ecbe5ed12ab4d8e11ba873c2f11161202b945,False,"insufficient_eligible_synthetic:{""1"":21}"
bn_binary_cinexdrama,1034,1.25,L0.30_U0.60,0.3,0.6,350,"{'0': 159, '1': 191}",737,"{'0': 567, '1': 170}",0,"{'0': 0, '1': 0}",[],0,4f53cda18c2baa0c0354bb5f9a3ecbe5ed12ab4d8e11ba873c2f11161202b945,False,"insufficient_eligible_synthetic:{""1"":21}"
bn_binary_cinexdrama,1034,1.25,L0.40_U0.60,0.4,0.6,350,"{'0': 159, '1': 191}",700,"{'0': 530, '1': 170}",0,"{'0': 0, '1': 0}",[],0,4f53cda18c2baa0c0354bb5f9a3ecbe5ed12ab4d8e11ba873c2f11161202b945,False,"insufficient_eligible_synthetic:{""1"":21}"
bn_binary_cinexdrama,1034,1.5,L0.10_U0.60,0.1,0.6,420,"{'0': 191, '1': 229}",737,"{'0': 567, '1': 170}",0,"{'0': 0, '1': 0}",[],0,4f53cda18c2baa0c0354bb5f9a3ecbe5ed12ab4d8e11ba873c2f11161202b945,False,"insufficient_eligible_synthetic:{""1"":59}"
bn_binary_cinexdrama,1034,1.5,L0.20_U0.60,0.2,0.6,420,"{'0': 191, '1': 229}",737,"{'0': 567, '1': 170}",0,"{'0': 0, '1': 0}",[],0,4f53cda18c2baa0c0354bb5f9a3ecbe5ed12ab4d8e11ba873c2f11161202b945,False,"insufficient_eligible_synthetic:{""1"":59}"
bn_binary_cinexdrama,1034,1.5,L0.30_U0.60,0.3,0.6,420,"{'0': 191, '1': 229}",737,"{'0': 567, '1': 170}",0,"{'0': 0, '1': 0}",[],0,4f53cda18c2baa0c0354bb5f9a3ecbe5ed12ab4d8e11ba873c2f11161202b945,False,"insufficient_eligible_synthetic:{""1"":59}"
bn_binary_cinexdrama,1034,1.5,L0.40_U0.60,0.4,0.6,420,"{'0': 191, '1': 229}",700,"{'0': 530, '1': 170}",0,"{'0': 0, '1': 0}",[],0,4f53cda18c2baa0c0354bb5f9a3ecbe5ed12ab4d8e11ba873c2f11161202b945,False,"insufficient_eligible_synthetic:{""1"":59}"
bn_binary_cinexdrama,1034,1.75,L0.10_U0.60,0.1,0.6,490,"{'0': 222, '1': 268}",737,"{'0': 567, '1': 170}",0,"{'0': 0, '1': 0}",[],0,4f53cda18c2baa0c0354bb5f9a3ecbe5ed12ab4d8e11ba873c2f11161202b945,False,"insufficient_eligible_synthetic:{""1"":98}"
bn_binary_cinexdrama,1034,1.75,L0.20_U0.60,0.2,0.6,490,"{'0': 222, '1': 268}",737,"{'0': 567, '1': 170}",0,"{'0': 0, '1': 0}",[],0,4f53cda18c2baa0c0354bb5f9a3ecbe5ed12ab4d8e11ba873c2f11161202b945,False,"insufficient_eligible_synthetic:{""1"":98}"
bn_binary_cinexdrama,1034,1.75,L0.30_U0.60,0.3,0.6,490,"{'0': 222, '1': 268}",737,"{'0': 567, '1': 170}",0,"{'0': 0, '1': 0}",[],0,4f53cda18c2baa0c0354bb5f9a3ecbe5ed12ab4d8e11ba873c2f11161202b945,False,"insufficient_eligible_synthetic:{""1"":98}"
bn_binary_cinexdrama,1034,1.75,L0.40_U0.60,0.4,0.6,490,"{'0': 222, '1': 268}",700,"{'0': 530, '1': 170}",0,"{'0': 0, '1': 0}",[],0,4f53cda18c2baa0c0354bb5f9a3ecbe5ed12ab4d8e11ba873c2f11161202b945,False,"insufficient_eligible_synthetic:{""1"":98}"
bn_binary_cinexdrama,1034,2.0,L0.10_U0.60,0.1,0.6,560,"{'0': 254, '1': 306}",737,"{'0': 567, '1': 170}",0,"{'0': 0, '1': 0}",[],0,4f53cda18c2baa0c0354bb5f9a3ecbe5ed12ab4d8e11ba873c2f11161202b945,False,"insufficient_eligible_synthetic:{""1"":136}"
bn_binary_cinexdrama,1034,2.0,L0.20_U0.60,0.2,0.6,560,"{'0': 254, '1': 306}",737,"{'0': 567, '1': 170}",0,"{'0': 0, '1': 0}",[],0,4f53cda18c2baa0c0354bb5f9a3ecbe5ed12ab4d8e11ba873c2f11161202b945,False,"insufficient_eligible_synthetic:{""1"":136}"
bn_binary_cinexdrama,1034,2.0,L0.30_U0.60,0.3,0.6,560,"{'0': 254, '1': 306}",737,"{'0': 567, '1': 170}",0,"{'0': 0, '1': 0}",[],0,4f53cda18c2baa0c0354bb5f9a3ecbe5ed12ab4d8e11ba873c2f11161202b945,False,"insufficient_eligible_synthetic:{""1"":136}"
bn_binary_cinexdrama,1034,2.0,L0.40_U0.60,0.4,0.6,560,"{'0': 254, '1': 306}",700,"{'0': 530, '1': 170}",0,"{'0': 0, '1': 0}",[],0,4f53cda18c2baa0c0354bb5f9a3ecbe5ed12ab4d8e11ba873c2f11161202b945,False,"insufficient_eligible_synthetic:{""1"":136}"
bn_binary_cinexdrama,1034,2.5,L0.10_U0.60,0.1,0.6,700,"{'0': 318, '1': 382}",737,"{'0': 567, '1': 170}",0,"{'0': 0, '1': 0}",[],0,4f53cda18c2baa0c0354bb5f9a3ecbe5ed12ab4d8e11ba873c2f11161202b945,False,"insufficient_eligible_synthetic:{""1"":212}"
bn_binary_cinexdrama,1034,2.5,L0.20_U0.60,0.2,0.6,700,"{'0': 318, '1': 382}",737,"{'0': 567, '1': 170}",0,"{'0': 0, '1': 0}",[],0,4f53cda18c2baa0c0354bb5f9a3ecbe5ed12ab4d8e11ba873c2f11161202b945,False,"insufficient_eligible_synthetic:{""1"":212}"
bn_binary_cinexdrama,1034,2.5,L0.30_U0.60,0.3,0.6,700,"{'0': 318, '1': 382}",737,"{'0': 567, '1': 170}",0,"{'0': 0, '1': 0}",[],0,4f53cda18c2baa0c0354bb5f9a3ecbe5ed12ab4d8e11ba873c2f11161202b945,False,"insufficient_eligible_synthetic:{""1"":212}"
bn_binary_cinexdrama,1034,2.5,L0.40_U0.60,0.4,0.6,700,"{'0': 318, '1': 382}",700,"{'0': 530, '1': 170}",0,"{'0': 0, '1': 0}",[],0,4f53cda18c2baa0c0354bb5f9a3ecbe5ed12ab4d8e11ba873c2f11161202b945,False,"insufficient_eligible_synthetic:{""1"":212}"
bn_binary_cinexdrama,1034,3.0,L0.10_U0.60,0.1,0.6,840,"{'0': 381, '1': 459}",737,"{'0': 567, '1': 170}",0,"{'0': 0, '1': 0}",[],0,4f53cda18c2baa0c0354bb5f9a3ecbe5ed12ab4d8e11ba873c2f11161202b945,False,"insufficient_eligible_synthetic:{""1"":289}"
bn_binary_cinexdrama,1034,3.0,L0.20_U0.60,0.2,0.6,840,"{'0': 381, '1': 459}",737,"{'0': 567, '1': 170}",0,"{'0': 0, '1': 0}",[],0,4f53cda18c2baa0c0354bb5f9a3ecbe5ed12ab4d8e11ba873c2f11161202b945,False,"insufficient_eligible_synthetic:{""1"":289}"
bn_binary_cinexdrama,1034,3.0,L0.30_U0.60,0.3,0.6,840,"{'0': 381, '1': 459}",737,"{'0': 567, '1': 170}",0,"{'0': 0, '1': 0}",[],0,4f53cda18c2baa0c0354bb5f9a3ecbe5ed12ab4d8e11ba873c2f11161202b945,False,"insufficient_eligible_synthetic:{""1"":289}"
bn_binary_cinexdrama,1034,3.0,L0.40_U0.60,0.4,0.6,840,"{'0': 381, '1': 459}",700,"{'0': 530, '1': 170}",0,"{'0': 0, '1': 0}",[],0,4f53cda18c2baa0c0354bb5f9a3ecbe5ed12ab4d8e11ba873c2f11161202b945,False,"insufficient_eligible_synthetic:{""1"":289}"
bn_binary_cinexdrama,1034,3.5,L0.10_U0.60,0.1,0.6,980,"{'0': 445, '1': 535}",737,"{'0': 567, '1': 170}",0,"{'0': 0, '1': 0}",[],0,4f53cda18c2baa0c0354bb5f9a3ecbe5ed12ab4d8e11ba873c2f11161202b945,False,"insufficient_eligible_synthetic:{""1"":365}"
bn_binary_cinexdrama,1034,3.5,L0.20_U0.60,0.2,0.6,980,"{'0': 445, '1': 535}",737,"{'0': 567, '1': 170}",0,"{'0': 0, '1': 0}",[],0,4f53cda18c2baa0c0354bb5f9a3ecbe5ed12ab4d8e11ba873c2f11161202b945,False,"insufficient_eligible_synthetic:{""1"":365}"
bn_binary_cinexdrama,1034,3.5,L0.30_U0.60,0.3,0.6,980,"{'0': 445, '1': 535}",737,"{'0': 567, '1': 170}",0,"{'0': 0, '1': 0}",[],0,4f53cda18c2baa0c0354bb5f9a3ecbe5ed12ab4d8e11ba873c2f11161202b945,False,"insufficient_eligible_synthetic:{""1"":365}"
bn_binary_cinexdrama,1034,3.5,L0.40_U0.60,0.4,0.6,980,"{'0': 445, '1': 535}",700,"{'0': 530, '1': 170}",0,"{'0': 0, '1': 0}",[],0,4f53cda18c2baa0c0354bb5f9a3ecbe5ed12ab4d8e11ba873c2f11161202b945,False,"insufficient_eligible_synthetic:{""1"":365}"
bn_binary_cinexdrama,1034,4.0,L0.10_U0.60,0.1,0.6,1120,"{'0': 508, '1': 612}",737,"{'0': 567, '1': 170}",0,"{'0': 0, '1': 0}",[],0,4f53cda18c2baa0c0354bb5f9a3ecbe5ed12ab4d8e11ba873c2f11161202b945,False,"insufficient_eligible_synthetic:{""1"":442}"
bn_binary_cinexdrama,1034,4.0,L0.20_U0.60,0.2,0.6,1120,"{'0': 508, '1': 612}",737,"{'0': 567, '1': 170}",0,"{'0': 0, '1': 0}",[],0,4f53cda18c2baa0c0354bb5f9a3ecbe5ed12ab4d8e11ba873c2f11161202b945,False,"insufficient_eligible_synthetic:{""1"":442}"
bn_binary_cinexdrama,1034,4.0,L0.30_U0.60,0.3,0.6,1120,"{'0': 508, '1': 612}",737,"{'0': 567, '1': 170}",0,"{'0': 0, '1': 0}",[],0,4f53cda18c2baa0c0354bb5f9a3ecbe5ed12ab4d8e11ba873c2f11161202b945,False,"insufficient_eligible_synthetic:{""1"":442}"
bn_binary_cinexdrama,1034,4.0,L0.40_U0.60,0.4,0.6,1120,"{'0': 508, '1': 612}",700,"{'0': 530, '1': 170}",0,"{'0': 0, '1': 0}",[],0,4f53cda18c2baa0c0354bb5f9a3ecbe5ed12ab4d8e11ba873c2f11161202b945,False,"insufficient_eligible_synthetic:{""1"":442}"
bn_binary_cinexdrama,1035,1.25,L0.10_U0.60,0.1,0.6,350,"{'0': 159, '1': 191}",681,"{'0': 500, '1': 181}",0,"{'0': 0, '1': 0}",[],0,4f53cda18c2baa0c0354bb5f9a3ecbe5ed12ab4d8e11ba873c2f11161202b945,False,"insufficient_eligible_synthetic:{""1"":10}"
bn_binary_cinexdrama,1035,1.25,L0.20_U0.60,0.2,0.6,350,"{'0': 159, '1': 191}",681,"{'0': 500, '1': 181}",0,"{'0': 0, '1': 0}",[],0,4f53cda18c2baa0c0354bb5f9a3ecbe5ed12ab4d8e11ba873c2f11161202b945,False,"insufficient_eligible_synthetic:{""1"":10}"
bn_binary_cinexdrama,1035,1.25,L0.30_U0.60,0.3,0.6,350,"{'0': 159, '1': 191}",681,"{'0': 500, '1': 181}",0,"{'0': 0, '1': 0}",[],0,4f53cda18c2baa0c0354bb5f9a3ecbe5ed12ab4d8e11ba873c2f11161202b945,False,"insufficient_eligible_synthetic:{""1"":10}"
bn_binary_cinexdrama,1035,1.25,L0.40_U0.60,0.4,0.6,350,"{'0': 159, '1': 191}",676,"{'0': 495, '1': 181}",0,"{'0': 0, '1': 0}",[],0,4f53cda18c2baa0c0354bb5f9a3ecbe5ed12ab4d8e11ba873c2f11161202b945,False,"insufficient_eligible_synthetic:{""1"":10}"
bn_binary_cinexdrama,1035,1.5,L0.10_U0.60,0.1,0.6,420,"{'0': 191, '1': 229}",681,"{'0': 500, '1': 181}",0,"{'0': 0, '1': 0}",[],0,4f53cda18c2baa0c0354bb5f9a3ecbe5ed12ab4d8e11ba873c2f11161202b945,False,"insufficient_eligible_synthetic:{""1"":48}"
bn_binary_cinexdrama,1035,1.5,L0.20_U0.60,0.2,0.6,420,"{'0': 191, '1': 229}",681,"{'0': 500, '1': 181}",0,"{'0': 0, '1': 0}",[],0,4f53cda18c2baa0c0354bb5f9a3ecbe5ed12ab4d8e11ba873c2f11161202b945,False,"insufficient_eligible_synthetic:{""1"":48}"
bn_binary_cinexdrama,1035,1.5,L0.30_U0.60,0.3,0.6,420,"{'0': 191, '1': 229}",681,"{'0': 500, '1': 181}",0,"{'0': 0, '1': 0}",[],0,4f53cda18c2baa0c0354bb5f9a3ecbe5ed12ab4d8e11ba873c2f11161202b945,False,"insufficient_eligible_synthetic:{""1"":48}"
bn_binary_cinexdrama,1035,1.5,L0.40_U0.60,0.4,0.6,420,"{'0': 191, '1': 229}",676,"{'0': 495, '1': 181}",0,"{'0': 0, '1': 0}",[],0,4f53cda18c2baa0c0354bb5f9a3ecbe5ed12ab4d8e11ba873c2f11161202b945,False,"insufficient_eligible_synthetic:{""1"":48}"
bn_binary_cinexdrama,1035,1.75,L0.10_U0.60,0.1,0.6,490,"{'0': 222, '1': 268}",681,"{'0': 500, '1': 181}",0,"{'0': 0, '1': 0}",[],0,4f53cda18c2baa0c0354bb5f9a3ecbe5ed12ab4d8e11ba873c2f11161202b945,False,"insufficient_eligible_synthetic:{""1"":87}"
bn_binary_cinexdrama,1035,1.75,L0.20_U0.60,0.2,0.6,490,"{'0': 222, '1': 268}",681,"{'0': 500, '1': 181}",0,"{'0': 0, '1': 0}",[],0,4f53cda18c2baa0c0354bb5f9a3ecbe5ed12ab4d8e11ba873c2f11161202b945,False,"insufficient_eligible_synthetic:{""1"":87}"
bn_binary_cinexdrama,1035,1.75,L0.30_U0.60,0.3,0.6,490,"{'0': 222, '1': 268}",681,"{'0': 500, '1': 181}",0,"{'0': 0, '1': 0}",[],0,4f53cda18c2baa0c0354bb5f9a3ecbe5ed12ab4d8e11ba873c2f11161202b945,False,"insufficient_eligible_synthetic:{""1"":87}"
bn_binary_cinexdrama,1035,1.75,L0.40_U0.60,0.4,0.6,490,"{'0': 222, '1': 268}",676,"{'0': 495, '1': 181}",0,"{'0': 0, '1': 0}",[],0,4f53cda18c2baa0c0354bb5f9a3ecbe5ed12ab4d8e11ba873c2f11161202b945,False,"insufficient_eligible_synthetic:{""1"":87}"
bn_binary_cinexdrama,1035,2.0,L0.10_U0.60,0.1,0.6,560,"{'0': 254, '1': 306}",681,"{'0': 500, '1': 181}",0,"{'0': 0, '1': 0}",[],0,4f53cda18c2baa0c0354bb5f9a3ecbe5ed12ab4d8e11ba873c2f11161202b945,False,"insufficient_eligible_synthetic:{""1"":125}"
bn_binary_cinexdrama,1035,2.0,L0.20_U0.60,0.2,0.6,560,"{'0': 254, '1': 306}",681,"{'0': 500, '1': 181}",0,"{'0': 0, '1': 0}",[],0,4f53cda18c2baa0c0354bb5f9a3ecbe5ed12ab4d8e11ba873c2f11161202b945,False,"insufficient_eligible_synthetic:{""1"":125}"
bn_binary_cinexdrama,1035,2.0,L0.30_U0.60,0.3,0.6,560,"{'0': 254, '1': 306}",681,"{'0': 500, '1': 181}",0,"{'0': 0, '1': 0}",[],0,4f53cda18c2baa0c0354bb5f9a3ecbe5ed12ab4d8e11ba873c2f11161202b945,False,"insufficient_eligible_synthetic:{""1"":125}"
bn_binary_cinexdrama,1035,2.0,L0.40_U0.60,0.4,0.6,560,"{'0': 254, '1': 306}",676,"{'0': 495, '1': 181}",0,"{'0': 0, '1': 0}",[],0,4f53cda18c2baa0c0354bb5f9a3ecbe5ed12ab4d8e11ba873c2f11161202b945,False,"insufficient_eligible_synthetic:{""1"":125}"
bn_binary_cinexdrama,1035,2.5,L0.10_U0.60,0.1,0.6,700,"{'0': 318, '1': 382}",681,"{'0': 500, '1': 181}",0,"{'0': 0, '1': 0}",[],0,4f53cda18c2baa0c0354bb5f9a3ecbe5ed12ab4d8e11ba873c2f11161202b945,False,"insufficient_eligible_synthetic:{""1"":201}"
bn_binary_cinexdrama,1035,2.5,L0.20_U0.60,0.2,0.6,700,"{'0': 318, '1': 382}",681,"{'0': 500, '1': 181}",0,"{'0': 0, '1': 0}",[],0,4f53cda18c2baa0c0354bb5f9a3ecbe5ed12ab4d8e11ba873c2f11161202b945,False,"insufficient_eligible_synthetic:{""1"":201}"
bn_binary_cinexdrama,1035,2.5,L0.30_U0.60,0.3,0.6,700,"{'0': 318, '1': 382}",681,"{'0': 500, '1': 181}",0,"{'0': 0, '1': 0}",[],0,4f53cda18c2baa0c0354bb5f9a3ecbe5ed12ab4d8e11ba873c2f11161202b945,False,"insufficient_eligible_synthetic:{""1"":201}"
bn_binary_cinexdrama,1035,2.5,L0.40_U0.60,0.4,0.6,700,"{'0': 318, '1': 382}",676,"{'0': 495, '1': 181}",0,"{'0': 0, '1': 0}",[],0,4f53cda18c2baa0c0354bb5f9a3ecbe5ed12ab4d8e11ba873c2f11161202b945,False,"insufficient_eligible_synthetic:{""1"":201}"
bn_binary_cinexdrama,1035,3.0,L0.10_U0.60,0.1,0.6,840,"{'0': 381, '1': 459}",681,"{'0': 500, '1': 181}",0,"{'0': 0, '1': 0}",[],0,4f53cda18c2baa0c0354bb5f9a3ecbe5ed12ab4d8e11ba873c2f11161202b945,False,"insufficient_eligible_synthetic:{""1"":278}"
bn_binary_cinexdrama,1035,3.0,L0.20_U0.60,0.2,0.6,840,"{'0': 381, '1': 459}",681,"{'0': 500, '1': 181}",0,"{'0': 0, '1': 0}",[],0,4f53cda18c2baa0c0354bb5f9a3ecbe5ed12ab4d8e11ba873c2f11161202b945,False,"insufficient_eligible_synthetic:{""1"":278}"
bn_binary_cinexdrama,1035,3.0,L0.30_U0.60,0.3,0.6,840,"{'0': 381, '1': 459}",681,"{'0': 500, '1': 181}",0,"{'0': 0, '1': 0}",[],0,4f53cda18c2baa0c0354bb5f9a3ecbe5ed12ab4d8e11ba873c2f11161202b945,False,"insufficient_eligible_synthetic:{""1"":278}"
bn_binary_cinexdrama,1035,3.0,L0.40_U0.60,0.4,0.6,840,"{'0': 381, '1': 459}",676,"{'0': 495, '1': 181}",0,"{'0': 0, '1': 0}",[],0,4f53cda18c2baa0c0354bb5f9a3ecbe5ed12ab4d8e11ba873c2f11161202b945,False,"insufficient_eligible_synthetic:{""1"":278}"
bn_binary_cinexdrama,1035,3.5,L0.10_U0.60,0.1,0.6,980,"{'0': 445, '1': 535}",681,"{'0': 500, '1': 181}",0,"{'0': 0, '1': 0}",[],0,4f53cda18c2baa0c0354bb5f9a3ecbe5ed12ab4d8e11ba873c2f11161202b945,False,"insufficient_eligible_synthetic:{""1"":354}"
bn_binary_cinexdrama,1035,3.5,L0.20_U0.60,0.2,0.6,980,"{'0': 445, '1': 535}",681,"{'0': 500, '1': 181}",0,"{'0': 0, '1': 0}",[],0,4f53cda18c2baa0c0354bb5f9a3ecbe5ed12ab4d8e11ba873c2f11161202b945,False,"insufficient_eligible_synthetic:{""1"":354}"
bn_binary_cinexdrama,1035,3.5,L0.30_U0.60,0.3,0.6,980,"{'0': 445, '1': 535}",681,"{'0': 500, '1': 181}",0,"{'0': 0, '1': 0}",[],0,4f53cda18c2baa0c0354bb5f9a3ecbe5ed12ab4d8e11ba873c2f11161202b945,False,"insufficient_eligible_synthetic:{""1"":354}"
bn_binary_cinexdrama,1035,3.5,L0.40_U0.60,0.4,0.6,980,"{'0': 445, '1': 535}",676,"{'0': 495, '1': 181}",0,"{'0': 0, '1': 0}",[],0,4f53cda18c2baa0c0354bb5f9a3ecbe5ed12ab4d8e11ba873c2f11161202b945,False,"insufficient_eligible_synthetic:{""1"":354}"
bn_binary_cinexdrama,1035,4.0,L0.10_U0.60,0.1,0.6,1120,"{'0': 508, '1': 612}",681,"{'0': 500, '1': 181}",0,"{'0': 0, '1': 0}",[],0,4f53cda18c2baa0c0354bb5f9a3ecbe5ed12ab4d8e11ba873c2f11161202b945,False,"insufficient_eligible_synthetic:{""0"":8,""1"":431}"
bn_binary_cinexdrama,1035,4.0,L0.20_U0.60,0.2,0.6,1120,"{'0': 508, '1': 612}",681,"{'0': 500, '1': 181}",0,"{'0': 0, '1': 0}",[],0,4f53cda18c2baa0c0354bb5f9a3ecbe5ed12ab4d8e11ba873c2f11161202b945,False,"insufficient_eligible_synthetic:{""0"":8,""1"":431}"
bn_binary_cinexdrama,1035,4.0,L0.30_U0.60,0.3,0.6,1120,"{'0': 508, '1': 612}",681,"{'0': 500, '1': 181}",0,"{'0': 0, '1': 0}",[],0,4f53cda18c2baa0c0354bb5f9a3ecbe5ed12ab4d8e11ba873c2f11161202b945,False,"insufficient_eligible_synthetic:{""0"":8,""1"":431}"
bn_binary_cinexdrama,1035,4.0,L0.40_U0.60,0.4,0.6,1120,"{'0': 508, '1': 612}",676,"{'0': 495, '1': 181}",0,"{'0': 0, '1': 0}",[],0,4f53cda18c2baa0c0354bb5f9a3ecbe5ed12ab4d8e11ba873c2f11161202b945,False,"insufficient_eligible_synthetic:{""0"":13,""1"":431}"
bn_binary_cinexdrama,1036,1.5,L0.40_U0.60,0.4,0.6,420,"{'0': 191, '1': 229}",796,"{'0': 576, '1': 220}",0,"{'0': 0, '1': 0}",[],0,4f53cda18c2baa0c0354bb5f9a3ecbe5ed12ab4d8e11ba873c2f11161202b945,False,"insufficient_eligible_synthetic:{""1"":9}"
bn_binary_cinexdrama,1036,1.75,L0.10_U0.60,0.1,0.6,490,"{'0': 222, '1': 268}",858,"{'0': 624, '1': 234}",0,"{'0': 0, '1': 0}",[],0,4f53cda18c2baa0c0354bb5f9a3ecbe5ed12ab4d8e11ba873c2f11161202b945,False,"insufficient_eligible_synthetic:{""1"":34}"
bn_binary_cinexdrama,1036,1.75,L0.20_U0.60,0.2,0.6,490,"{'0': 222, '1': 268}",858,"{'0': 624, '1': 234}",0,"{'0': 0, '1': 0}",[],0,4f53cda18c2baa0c0354bb5f9a3ecbe5ed12ab4d8e11ba873c2f11161202b945,False,"insufficient_eligible_synthetic:{""1"":34}"
bn_binary_cinexdrama,1036,1.75,L0.30_U0.60,0.3,0.6,490,"{'0': 222, '1': 268}",852,"{'0': 618, '1': 234}",0,"{'0': 0, '1': 0}",[],0,4f53cda18c2baa0c0354bb5f9a3ecbe5ed12ab4d8e11ba873c2f11161202b945,False,"insufficient_eligible_synthetic:{""1"":34}"
bn_binary_cinexdrama,1036,1.75,L0.40_U0.60,0.4,0.6,490,"{'0': 222, '1': 268}",796,"{'0': 576, '1': 220}",0,"{'0': 0, '1': 0}",[],0,4f53cda18c2baa0c0354bb5f9a3ecbe5ed12ab4d8e11ba873c2f11161202b945,False,"insufficient_eligible_synthetic:{""1"":48}"
bn_binary_cinexdrama,1036,2.0,L0.10_U0.60,0.1,0.6,560,"{'0': 254, '1': 306}",858,"{'0': 624, '1': 234}",0,"{'0': 0, '1': 0}",[],0,4f53cda18c2baa0c0354bb5f9a3ecbe5ed12ab4d8e11ba873c2f11161202b945,False,"insufficient_eligible_synthetic:{""1"":72}"
bn_binary_cinexdrama,1036,2.0,L0.20_U0.60,0.2,0.6,560,"{'0': 254, '1': 306}",858,"{'0': 624, '1': 234}",0,"{'0': 0, '1': 0}",[],0,4f53cda18c2baa0c0354bb5f9a3ecbe5ed12ab4d8e11ba873c2f11161202b945,False,"insufficient_eligible_synthetic:{""1"":72}"
bn_binary_cinexdrama,1036,2.0,L0.30_U0.60,0.3,0.6,560,"{'0': 254, '1': 306}",852,"{'0': 618, '1': 234}",0,"{'0': 0, '1': 0}",[],0,4f53cda18c2baa0c0354bb5f9a3ecbe5ed12ab4d8e11ba873c2f11161202b945,False,"insufficient_eligible_synthetic:{""1"":72}"
bn_binary_cinexdrama,1036,2.0,L0.40_U0.60,0.4,0.6,560,"{'0': 254, '1': 306}",796,"{'0': 576, '1': 220}",0,"{'0': 0, '1': 0}",[],0,4f53cda18c2baa0c0354bb5f9a3ecbe5ed12ab4d8e11ba873c2f11161202b945,False,"insufficient_eligible_synthetic:{""1"":86}"
bn_binary_cinexdrama,1036,2.5,L0.10_U0.60,0.1,0.6,700,"{'0': 318, '1': 382}",858,"{'0': 624, '1': 234}",0,"{'0': 0, '1': 0}",[],0,4f53cda18c2baa0c0354bb5f9a3ecbe5ed12ab4d8e11ba873c2f11161202b945,False,"insufficient_eligible_synthetic:{""1"":148}"
bn_binary_cinexdrama,1036,2.5,L0.20_U0.60,0.2,0.6,700,"{'0': 318, '1': 382}",858,"{'0': 624, '1': 234}",0,"{'0': 0, '1': 0}",[],0,4f53cda18c2baa0c0354bb5f9a3ecbe5ed12ab4d8e11ba873c2f11161202b945,False,"insufficient_eligible_synthetic:{""1"":148}"
bn_binary_cinexdrama,1036,2.5,L0.30_U0.60,0.3,0.6,700,"{'0': 318, '1': 382}",852,"{'0': 618, '1': 234}",0,"{'0': 0, '1': 0}",[],0,4f53cda18c2baa0c0354bb5f9a3ecbe5ed12ab4d8e11ba873c2f11161202b945,False,"insufficient_eligible_synthetic:{""1"":148}"
bn_binary_cinexdrama,1036,2.5,L0.40_U0.60,0.4,0.6,700,"{'0': 318, '1': 382}",796,"{'0': 576, '1': 220}",0,"{'0': 0, '1': 0}",[],0,4f53cda18c2baa0c0354bb5f9a3ecbe5ed12ab4d8e11ba873c2f11161202b945,False,"insufficient_eligible_synthetic:{""1"":162}"
bn_binary_cinexdrama,1036,3.0,L0.10_U0.60,0.1,0.6,840,"{'0': 381, '1': 459}",858,"{'0': 624, '1': 234}",0,"{'0': 0, '1': 0}",[],0,4f53cda18c2baa0c0354bb5f9a3ecbe5ed12ab4d8e11ba873c2f11161202b945,False,"insufficient_eligible_synthetic:{""1"":225}"
bn_binary_cinexdrama,1036,3.0,L0.20_U0.60,0.2,0.6,840,"{'0': 381, '1': 459}",858,"{'0': 624, '1': 234}",0,"{'0': 0, '1': 0}",[],0,4f53cda18c2baa0c0354bb5f9a3ecbe5ed12ab4d8e11ba873c2f11161202b945,False,"insufficient_eligible_synthetic:{""1"":225}"
bn_binary_cinexdrama,1036,3.0,L0.30_U0.60,0.3,0.6,840,"{'0': 381, '1': 459}",852,"{'0': 618, '1': 234}",0,"{'0': 0, '1': 0}",[],0,4f53cda18c2baa0c0354bb5f9a3ecbe5ed12ab4d8e11ba873c2f11161202b945,False,"insufficient_eligible_synthetic:{""1"":225}"
bn_binary_cinexdrama,1036,3.0,L0.40_U0.60,0.4,0.6,840,"{'0': 381, '1': 459}",796,"{'0': 576, '1': 220}",0,"{'0': 0, '1': 0}",[],0,4f53cda18c2baa0c0354bb5f9a3ecbe5ed12ab4d8e11ba873c2f11161202b945,False,"insufficient_eligible_synthetic:{""1"":239}"
bn_binary_cinexdrama,1036,3.5,L0.10_U0.60,0.1,0.6,980,"{'0': 445, '1': 535}",858,"{'0': 624, '1': 234}",0,"{'0': 0, '1': 0}",[],0,4f53cda18c2baa0c0354bb5f9a3ecbe5ed12ab4d8e11ba873c2f11161202b945,False,"insufficient_eligible_synthetic:{""1"":301}"
bn_binary_cinexdrama,1036,3.5,L0.20_U0.60,0.2,0.6,980,"{'0': 445, '1': 535}",858,"{'0': 624, '1': 234}",0,"{'0': 0, '1': 0}",[],0,4f53cda18c2baa0c0354bb5f9a3ecbe5ed12ab4d8e11ba873c2f11161202b945,False,"insufficient_eligible_synthetic:{""1"":301}"
bn_binary_cinexdrama,1036,3.5,L0.30_U0.60,0.3,0.6,980,"{'0': 445, '1': 535}",852,"{'0': 618, '1': 234}",0,"{'0': 0, '1': 0}",[],0,4f53cda18c2baa0c0354bb5f9a3ecbe5ed12ab4d8e11ba873c2f11161202b945,False,"insufficient_eligible_synthetic:{""1"":301}"
bn_binary_cinexdrama,1036,3.5,L0.40_U0.60,0.4,0.6,980,"{'0': 445, '1': 535}",796,"{'0': 576, '1': 220}",0,"{'0': 0, '1': 0}",[],0,4f53cda18c2baa0c0354bb5f9a3ecbe5ed12ab4d8e11ba873c2f11161202b945,False,"insufficient_eligible_synthetic:{""1"":315}"
bn_binary_cinexdrama,1036,4.0,L0.10_U0.60,0.1,0.6,1120,"{'0': 508, '1': 612}",858,"{'0': 624, '1': 234}",0,"{'0': 0, '1': 0}",[],0,4f53cda18c2baa0c0354bb5f9a3ecbe5ed12ab4d8e11ba873c2f11161202b945,False,"insufficient_eligible_synthetic:{""1"":378}"
bn_binary_cinexdrama,1036,4.0,L0.20_U0.60,0.2,0.6,1120,"{'0': 508, '1': 612}",858,"{'0': 624, '1': 234}",0,"{'0': 0, '1': 0}",[],0,4f53cda18c2baa0c0354bb5f9a3ecbe5ed12ab4d8e11ba873c2f11161202b945,False,"insufficient_eligible_synthetic:{""1"":378}"
bn_binary_cinexdrama,1036,4.0,L0.30_U0.60,0.3,0.6,1120,"{'0': 508, '1': 612}",852,"{'0': 618, '1': 234}",0,"{'0': 0, '1': 0}",[],0,4f53cda18c2baa0c0354bb5f9a3ecbe5ed12ab4d8e11ba873c2f11161202b945,False,"insufficient_eligible_synthetic:{""1"":378}"
bn_binary_cinexdrama,1036,4.0,L0.40_U0.60,0.4,0.6,1120,"{'0': 508, '1': 612}",796,"{'0': 576, '1': 220}",0,"{'0': 0, '1': 0}",[],0,4f53cda18c2baa0c0354bb5f9a3ecbe5ed12ab4d8e11ba873c2f11161202b945,False,"insufficient_eligible_synthetic:{""1"":392}"
bn_binary_cinexdrama,1037,1.0,L0.40_U0.60,0.4,0.6,280,"{'0': 127, '1': 153}",631,"{'0': 482, '1': 149}",0,"{'0': 0, '1': 0}",[],0,4f53cda18c2baa0c0354bb5f9a3ecbe5ed12ab4d8e11ba873c2f11161202b945,False,"insufficient_eligible_synthetic:{""1"":4}"
bn_binary_cinexdrama,1037,1.25,L0.10_U0.60,0.1,0.6,350,"{'0': 159, '1': 191}",680,"{'0': 524, '1': 156}",0,"{'0': 0, '1': 0}",[],0,4f53cda18c2baa0c0354bb5f9a3ecbe5ed12ab4d8e11ba873c2f11161202b945,False,"insufficient_eligible_synthetic:{""1"":35}"
bn_binary_cinexdrama,1037,1.25,L0.20_U0.60,0.2,0.6,350,"{'0': 159, '1': 191}",680,"{'0': 524, '1': 156}",0,"{'0': 0, '1': 0}",[],0,4f53cda18c2baa0c0354bb5f9a3ecbe5ed12ab4d8e11ba873c2f11161202b945,False,"insufficient_eligible_synthetic:{""1"":35}"
bn_binary_cinexdrama,1037,1.25,L0.30_U0.60,0.3,0.6,350,"{'0': 159, '1': 191}",680,"{'0': 524, '1': 156}",0,"{'0': 0, '1': 0}",[],0,4f53cda18c2baa0c0354bb5f9a3ecbe5ed12ab4d8e11ba873c2f11161202b945,False,"insufficient_eligible_synthetic:{""1"":35}"
bn_binary_cinexdrama,1037,1.25,L0.40_U0.60,0.4,0.6,350,"{'0': 159, '1': 191}",631,"{'0': 482, '1': 149}",0,"{'0': 0, '1': 0}",[],0,4f53cda18c2baa0c0354bb5f9a3ecbe5ed12ab4d8e11ba873c2f11161202b945,False,"insufficient_eligible_synthetic:{""1"":42}"
bn_binary_cinexdrama,1037,1.5,L0.10_U0.60,0.1,0.6,420,"{'0': 191, '1': 229}",680,"{'0': 524, '1': 156}",0,"{'0': 0, '1': 0}",[],0,4f53cda18c2baa0c0354bb5f9a3ecbe5ed12ab4d8e11ba873c2f11161202b945,False,"insufficient_eligible_synthetic:{""1"":73}"
bn_binary_cinexdrama,1037,1.5,L0.20_U0.60,0.2,0.6,420,"{'0': 191, '1': 229}",680,"{'0': 524, '1': 156}",0,"{'0': 0, '1': 0}",[],0,4f53cda18c2baa0c0354bb5f9a3ecbe5ed12ab4d8e11ba873c2f11161202b945,False,"insufficient_eligible_synthetic:{""1"":73}"
bn_binary_cinexdrama,1037,1.5,L0.30_U0.60,0.3,0.6,420,"{'0': 191, '1': 229}",680,"{'0': 524, '1': 156}",0,"{'0': 0, '1': 0}",[],0,4f53cda18c2baa0c0354bb5f9a3ecbe5ed12ab4d8e11ba873c2f11161202b945,False,"insufficient_eligible_synthetic:{""1"":73}"
bn_binary_cinexdrama,1037,1.5,L0.40_U0.60,0.4,0.6,420,"{'0': 191, '1': 229}",631,"{'0': 482, '1': 149}",0,"{'0': 0, '1': 0}",[],0,4f53cda18c2baa0c0354bb5f9a3ecbe5ed12ab4d8e11ba873c2f11161202b945,False,"insufficient_eligible_synthetic:{""1"":80}"
bn_binary_cinexdrama,1037,1.75,L0.10_U0.60,0.1,0.6,490,"{'0': 222, '1': 268}",680,"{'0': 524, '1': 156}",0,"{'0': 0, '1': 0}",[],0,4f53cda18c2baa0c0354bb5f9a3ecbe5ed12ab4d8e11ba873c2f11161202b945,False,"insufficient_eligible_synthetic:{""1"":112}"
bn_binary_cinexdrama,1037,1.75,L0.20_U0.60,0.2,0.6,490,"{'0': 222, '1': 268}",680,"{'0': 524, '1': 156}",0,"{'0': 0, '1': 0}",[],0,4f53cda18c2baa0c0354bb5f9a3ecbe5ed12ab4d8e11ba873c2f11161202b945,False,"insufficient_eligible_synthetic:{""1"":112}"
bn_binary_cinexdrama,1037,1.75,L0.30_U0.60,0.3,0.6,490,"{'0': 222, '1': 268}",680,"{'0': 524, '1': 156}",0,"{'0': 0, '1': 0}",[],0,4f53cda18c2baa0c0354bb5f9a3ecbe5ed12ab4d8e11ba873c2f11161202b945,False,"insufficient_eligible_synthetic:{""1"":112}"
bn_binary_cinexdrama,1037,1.75,L0.40_U0.60,0.4,0.6,490,"{'0': 222, '1': 268}",631,"{'0': 482, '1': 149}",0,"{'0': 0, '1': 0}",[],0,4f53cda18c2baa0c0354bb5f9a3ecbe5ed12ab4d8e11ba873c2f11161202b945,False,"insufficient_eligible_synthetic:{""1"":119}"
bn_binary_cinexdrama,1037,2.0,L0.10_U0.60,0.1,0.6,560,"{'0': 254, '1': 306}",680,"{'0': 524, '1': 156}",0,"{'0': 0, '1': 0}",[],0,4f53cda18c2baa0c0354bb5f9a3ecbe5ed12ab4d8e11ba873c2f11161202b945,False,"insufficient_eligible_synthetic:{""1"":150}"
bn_binary_cinexdrama,1037,2.0,L0.20_U0.60,0.2,0.6,560,"{'0': 254, '1': 306}",680,"{'0': 524, '1': 156}",0,"{'0': 0, '1': 0}",[],0,4f53cda18c2baa0c0354bb5f9a3ecbe5ed12ab4d8e11ba873c2f11161202b945,False,"insufficient_eligible_synthetic:{""1"":150}"
bn_binary_cinexdrama,1037,2.0,L0.30_U0.60,0.3,0.6,560,"{'0': 254, '1': 306}",680,"{'0': 524, '1': 156}",0,"{'0': 0, '1': 0}",[],0,4f53cda18c2baa0c0354bb5f9a3ecbe5ed12ab4d8e11ba873c2f11161202b945,False,"insufficient_eligible_synthetic:{""1"":150}"
bn_binary_cinexdrama,1037,2.0,L0.40_U0.60,0.4,0.6,560,"{'0': 254, '1': 306}",631,"{'0': 482, '1': 149}",0,"{'0': 0, '1': 0}",[],0,4f53cda18c2baa0c0354bb5f9a3ecbe5ed12ab4d8e11ba873c2f11161202b945,False,"insufficient_eligible_synthetic:{""1"":157}"
bn_binary_cinexdrama,1037,2.5,L0.10_U0.60,0.1,0.6,700,"{'0': 318, '1': 382}",680,"{'0': 524, '1': 156}",0,"{'0': 0, '1': 0}",[],0,4f53cda18c2baa0c0354bb5f9a3ecbe5ed12ab4d8e11ba873c2f11161202b945,False,"insufficient_eligible_synthetic:{""1"":226}"
bn_binary_cinexdrama,1037,2.5,L0.20_U0.60,0.2,0.6,700,"{'0': 318, '1': 382}",680,"{'0': 524, '1': 156}",0,"{'0': 0, '1': 0}",[],0,4f53cda18c2baa0c0354bb5f9a3ecbe5ed12ab4d8e11ba873c2f11161202b945,False,"insufficient_eligible_synthetic:{""1"":226}"
bn_binary_cinexdrama,1037,2.5,L0.30_U0.60,0.3,0.6,700,"{'0': 318, '1': 382}",680,"{'0': 524, '1': 156}",0,"{'0': 0, '1': 0}",[],0,4f53cda18c2baa0c0354bb5f9a3ecbe5ed12ab4d8e11ba873c2f11161202b945,False,"insufficient_eligible_synthetic:{""1"":226}"
bn_binary_cinexdrama,1037,2.5,L0.40_U0.60,0.4,0.6,700,"{'0': 318, '1': 382}",631,"{'0': 482, '1': 149}",0,"{'0': 0, '1': 0}",[],0,4f53cda18c2baa0c0354bb5f9a3ecbe5ed12ab4d8e11ba873c2f11161202b945,False,"insufficient_eligible_synthetic:{""1"":233}"
bn_binary_cinexdrama,1037,3.0,L0.10_U0.60,0.1,0.6,840,"{'0': 381, '1': 459}",680,"{'0': 524, '1': 156}",0,"{'0': 0, '1': 0}",[],0,4f53cda18c2baa0c0354bb5f9a3ecbe5ed12ab4d8e11ba873c2f11161202b945,False,"insufficient_eligible_synthetic:{""1"":303}"
bn_binary_cinexdrama,1037,3.0,L0.20_U0.60,0.2,0.6,840,"{'0': 381, '1': 459}",680,"{'0': 524, '1': 156}",0,"{'0': 0, '1': 0}",[],0,4f53cda18c2baa0c0354bb5f9a3ecbe5ed12ab4d8e11ba873c2f11161202b945,False,"insufficient_eligible_synthetic:{""1"":303}"
bn_binary_cinexdrama,1037,3.0,L0.30_U0.60,0.3,0.6,840,"{'0': 381, '1': 459}",680,"{'0': 524, '1': 156}",0,"{'0': 0, '1': 0}",[],0,4f53cda18c2baa0c0354bb5f9a3ecbe5ed12ab4d8e11ba873c2f11161202b945,False,"insufficient_eligible_synthetic:{""1"":303}"
bn_binary_cinexdrama,1037,3.0,L0.40_U0.60,0.4,0.6,840,"{'0': 381, '1': 459}",631,"{'0': 482, '1': 149}",0,"{'0': 0, '1': 0}",[],0,4f53cda18c2baa0c0354bb5f9a3ecbe5ed12ab4d8e11ba873c2f11161202b945,False,"insufficient_eligible_synthetic:{""1"":310}"
bn_binary_cinexdrama,1037,3.5,L0.10_U0.60,0.1,0.6,980,"{'0': 445, '1': 535}",680,"{'0': 524, '1': 156}",0,"{'0': 0, '1': 0}",[],0,4f53cda18c2baa0c0354bb5f9a3ecbe5ed12ab4d8e11ba873c2f11161202b945,False,"insufficient_eligible_synthetic:{""1"":379}"
bn_binary_cinexdrama,1037,3.5,L0.20_U0.60,0.2,0.6,980,"{'0': 445, '1': 535}",680,"{'0': 524, '1': 156}",0,"{'0': 0, '1': 0}",[],0,4f53cda18c2baa0c0354bb5f9a3ecbe5ed12ab4d8e11ba873c2f11161202b945,False,"insufficient_eligible_synthetic:{""1"":379}"
bn_binary_cinexdrama,1037,3.5,L0.30_U0.60,0.3,0.6,980,"{'0': 445, '1': 535}",680,"{'0': 524, '1': 156}",0,"{'0': 0, '1': 0}",[],0,4f53cda18c2baa0c0354bb5f9a3ecbe5ed12ab4d8e11ba873c2f11161202b945,False,"insufficient_eligible_synthetic:{""1"":379}"
bn_binary_cinexdrama,1037,3.5,L0.40_U0.60,0.4,0.6,980,"{'0': 445, '1': 535}",631,"{'0': 482, '1': 149}",0,"{'0': 0, '1': 0}",[],0,4f53cda18c2baa0c0354bb5f9a3ecbe5ed12ab4d8e11ba873c2f11161202b945,False,"insufficient_eligible_synthetic:{""1"":386}"
bn_binary_cinexdrama,1037,4.0,L0.10_U0.60,0.1,0.6,1120,"{'0': 508, '1': 612}",680,"{'0': 524, '1': 156}",0,"{'0': 0, '1': 0}",[],0,4f53cda18c2baa0c0354bb5f9a3ecbe5ed12ab4d8e11ba873c2f11161202b945,False,"insufficient_eligible_synthetic:{""1"":456}"
bn_binary_cinexdrama,1037,4.0,L0.20_U0.60,0.2,0.6,1120,"{'0': 508, '1': 612}",680,"{'0': 524, '1': 156}",0,"{'0': 0, '1': 0}",[],0,4f53cda18c2baa0c0354bb5f9a3ecbe5ed12ab4d8e11ba873c2f11161202b945,False,"insufficient_eligible_synthetic:{""1"":456}"
bn_binary_cinexdrama,1037,4.0,L0.30_U0.60,0.3,0.6,1120,"{'0': 508, '1': 612}",680,"{'0': 524, '1': 156}",0,"{'0': 0, '1': 0}",[],0,4f53cda18c2baa0c0354bb5f9a3ecbe5ed12ab4d8e11ba873c2f11161202b945,False,"insufficient_eligible_synthetic:{""1"":456}"
bn_binary_cinexdrama,1037,4.0,L0.40_U0.60,0.4,0.6,1120,"{'0': 508, '1': 612}",631,"{'0': 482, '1': 149}",0,"{'0': 0, '1': 0}",[],0,4f53cda18c2baa0c0354bb5f9a3ecbe5ed12ab4d8e11ba873c2f11161202b945,False,"insufficient_eligible_synthetic:{""0"":26,""1"":463}"
bn_binary_cinexdrama,1038,1.5,L0.40_U0.60,0.4,0.6,420,"{'0': 191, '1': 229}",696,"{'0': 470, '1': 226}",0,"{'0': 0, '1': 0}",[],0,4f53cda18c2baa0c0354bb5f9a3ecbe5ed12ab4d8e11ba873c2f11161202b945,False,"insufficient_eligible_synthetic:{""1"":3}"
bn_binary_cinexdrama,1038,1.75,L0.10_U0.60,0.1,0.6,490,"{'0': 222, '1': 268}",752,"{'0': 512, '1': 240}",0,"{'0': 0, '1': 0}",[],0,4f53cda18c2baa0c0354bb5f9a3ecbe5ed12ab4d8e11ba873c2f11161202b945,False,"insufficient_eligible_synthetic:{""1"":28}"
bn_binary_cinexdrama,1038,1.75,L0.20_U0.60,0.2,0.6,490,"{'0': 222, '1': 268}",752,"{'0': 512, '1': 240}",0,"{'0': 0, '1': 0}",[],0,4f53cda18c2baa0c0354bb5f9a3ecbe5ed12ab4d8e11ba873c2f11161202b945,False,"insufficient_eligible_synthetic:{""1"":28}"
bn_binary_cinexdrama,1038,1.75,L0.30_U0.60,0.3,0.6,490,"{'0': 222, '1': 268}",752,"{'0': 512, '1': 240}",0,"{'0': 0, '1': 0}",[],0,4f53cda18c2baa0c0354bb5f9a3ecbe5ed12ab4d8e11ba873c2f11161202b945,False,"insufficient_eligible_synthetic:{""1"":28}"
bn_binary_cinexdrama,1038,1.75,L0.40_U0.60,0.4,0.6,490,"{'0': 222, '1': 268}",696,"{'0': 470, '1': 226}",0,"{'0': 0, '1': 0}",[],0,4f53cda18c2baa0c0354bb5f9a3ecbe5ed12ab4d8e11ba873c2f11161202b945,False,"insufficient_eligible_synthetic:{""1"":42}"
bn_binary_cinexdrama,1038,2.0,L0.10_U0.60,0.1,0.6,560,"{'0': 254, '1': 306}",752,"{'0': 512, '1': 240}",0,"{'0': 0, '1': 0}",[],0,4f53cda18c2baa0c0354bb5f9a3ecbe5ed12ab4d8e11ba873c2f11161202b945,False,"insufficient_eligible_synthetic:{""1"":66}"
bn_binary_cinexdrama,1038,2.0,L0.20_U0.60,0.2,0.6,560,"{'0': 254, '1': 306}",752,"{'0': 512, '1': 240}",0,"{'0': 0, '1': 0}",[],0,4f53cda18c2baa0c0354bb5f9a3ecbe5ed12ab4d8e11ba873c2f11161202b945,False,"insufficient_eligible_synthetic:{""1"":66}"
bn_binary_cinexdrama,1038,2.0,L0.30_U0.60,0.3,0.6,560,"{'0': 254, '1': 306}",752,"{'0': 512, '1': 240}",0,"{'0': 0, '1': 0}",[],0,4f53cda18c2baa0c0354bb5f9a3ecbe5ed12ab4d8e11ba873c2f11161202b945,False,"insufficient_eligible_synthetic:{""1"":66}"
bn_binary_cinexdrama,1038,2.0,L0.40_U0.60,0.4,0.6,560,"{'0': 254, '1': 306}",696,"{'0': 470, '1': 226}",0,"{'0': 0, '1': 0}",[],0,4f53cda18c2baa0c0354bb5f9a3ecbe5ed12ab4d8e11ba873c2f11161202b945,False,"insufficient_eligible_synthetic:{""1"":80}"
bn_binary_cinexdrama,1038,2.5,L0.10_U0.60,0.1,0.6,700,"{'0': 318, '1': 382}",752,"{'0': 512, '1': 240}",0,"{'0': 0, '1': 0}",[],0,4f53cda18c2baa0c0354bb5f9a3ecbe5ed12ab4d8e11ba873c2f11161202b945,False,"insufficient_eligible_synthetic:{""1"":142}"
bn_binary_cinexdrama,1038,2.5,L0.20_U0.60,0.2,0.6,700,"{'0': 318, '1': 382}",752,"{'0': 512, '1': 240}",0,"{'0': 0, '1': 0}",[],0,4f53cda18c2baa0c0354bb5f9a3ecbe5ed12ab4d8e11ba873c2f11161202b945,False,"insufficient_eligible_synthetic:{""1"":142}"
bn_binary_cinexdrama,1038,2.5,L0.30_U0.60,0.3,0.6,700,"{'0': 318, '1': 382}",752,"{'0': 512, '1': 240}",0,"{'0': 0, '1': 0}",[],0,4f53cda18c2baa0c0354bb5f9a3ecbe5ed12ab4d8e11ba873c2f11161202b945,False,"insufficient_eligible_synthetic:{""1"":142}"
bn_binary_cinexdrama,1038,2.5,L0.40_U0.60,0.4,0.6,700,"{'0': 318, '1': 382}",696,"{'0': 470, '1': 226}",0,"{'0': 0, '1': 0}",[],0,4f53cda18c2baa0c0354bb5f9a3ecbe5ed12ab4d8e11ba873c2f11161202b945,False,"insufficient_eligible_synthetic:{""1"":156}"
bn_binary_cinexdrama,1038,3.0,L0.10_U0.60,0.1,0.6,840,"{'0': 381, '1': 459}",752,"{'0': 512, '1': 240}",0,"{'0': 0, '1': 0}",[],0,4f53cda18c2baa0c0354bb5f9a3ecbe5ed12ab4d8e11ba873c2f11161202b945,False,"insufficient_eligible_synthetic:{""1"":219}"
bn_binary_cinexdrama,1038,3.0,L0.20_U0.60,0.2,0.6,840,"{'0': 381, '1': 459}",752,"{'0': 512, '1': 240}",0,"{'0': 0, '1': 0}",[],0,4f53cda18c2baa0c0354bb5f9a3ecbe5ed12ab4d8e11ba873c2f11161202b945,False,"insufficient_eligible_synthetic:{""1"":219}"
bn_binary_cinexdrama,1038,3.0,L0.30_U0.60,0.3,0.6,840,"{'0': 381, '1': 459}",752,"{'0': 512, '1': 240}",0,"{'0': 0, '1': 0}",[],0,4f53cda18c2baa0c0354bb5f9a3ecbe5ed12ab4d8e11ba873c2f11161202b945,False,"insufficient_eligible_synthetic:{""1"":219}"
bn_binary_cinexdrama,1038,3.0,L0.40_U0.60,0.4,0.6,840,"{'0': 381, '1': 459}",696,"{'0': 470, '1': 226}",0,"{'0': 0, '1': 0}",[],0,4f53cda18c2baa0c0354bb5f9a3ecbe5ed12ab4d8e11ba873c2f11161202b945,False,"insufficient_eligible_synthetic:{""1"":233}"
bn_binary_cinexdrama,1038,3.5,L0.10_U0.60,0.1,0.6,980,"{'0': 445, '1': 535}",752,"{'0': 512, '1': 240}",0,"{'0': 0, '1': 0}",[],0,4f53cda18c2baa0c0354bb5f9a3ecbe5ed12ab4d8e11ba873c2f11161202b945,False,"insufficient_eligible_synthetic:{""1"":295}"
bn_binary_cinexdrama,1038,3.5,L0.20_U0.60,0.2,0.6,980,"{'0': 445, '1': 535}",752,"{'0': 512, '1': 240}",0,"{'0': 0, '1': 0}",[],0,4f53cda18c2baa0c0354bb5f9a3ecbe5ed12ab4d8e11ba873c2f11161202b945,False,"insufficient_eligible_synthetic:{""1"":295}"
bn_binary_cinexdrama,1038,3.5,L0.30_U0.60,0.3,0.6,980,"{'0': 445, '1': 535}",752,"{'0': 512, '1': 240}",0,"{'0': 0, '1': 0}",[],0,4f53cda18c2baa0c0354bb5f9a3ecbe5ed12ab4d8e11ba873c2f11161202b945,False,"insufficient_eligible_synthetic:{""1"":295}"
bn_binary_cinexdrama,1038,3.5,L0.40_U0.60,0.4,0.6,980,"{'0': 445, '1': 535}",696,"{'0': 470, '1': 226}",0,"{'0': 0, '1': 0}",[],0,4f53cda18c2baa0c0354bb5f9a3ecbe5ed12ab4d8e11ba873c2f11161202b945,False,"insufficient_eligible_synthetic:{""1"":309}"
bn_binary_cinexdrama,1038,4.0,L0.10_U0.60,0.1,0.6,1120,"{'0': 508, '1': 612}",752,"{'0': 512, '1': 240}",0,"{'0': 0, '1': 0}",[],0,4f53cda18c2baa0c0354bb5f9a3ecbe5ed12ab4d8e11ba873c2f11161202b945,False,"insufficient_eligible_synthetic:{""1"":372}"
bn_binary_cinexdrama,1038,4.0,L0.20_U0.60,0.2,0.6,1120,"{'0': 508, '1': 612}",752,"{'0': 512, '1': 240}",0,"{'0': 0, '1': 0}",[],0,4f53cda18c2baa0c0354bb5f9a3ecbe5ed12ab4d8e11ba873c2f11161202b945,False,"insufficient_eligible_synthetic:{""1"":372}"
bn_binary_cinexdrama,1038,4.0,L0.30_U0.60,0.3,0.6,1120,"{'0': 508, '1': 612}",752,"{'0': 512, '1': 240}",0,"{'0': 0, '1': 0}",[],0,4f53cda18c2baa0c0354bb5f9a3ecbe5ed12ab4d8e11ba873c2f11161202b945,False,"insufficient_eligible_synthetic:{""1"":372}"
bn_binary_cinexdrama,1038,4.0,L0.40_U0.60,0.4,0.6,1120,"{'0': 508, '1': 612}",696,"{'0': 470, '1': 226}",0,"{'0': 0, '1': 0}",[],0,4f53cda18c2baa0c0354bb5f9a3ecbe5ed12ab4d8e11ba873c2f11161202b945,False,"insufficient_eligible_synthetic:{""0"":38,""1"":386}"
bn_binary_cinexdrama,1039,1.25,L0.40_U0.60,0.4,0.6,350,"{'0': 159, '1': 191}",784,"{'0': 600, '1': 184}",0,"{'0': 0, '1': 0}",[],0,4f53cda18c2baa0c0354bb5f9a3ecbe5ed12ab4d8e11ba873c2f11161202b945,False,"insufficient_eligible_synthetic:{""1"":7}"
bn_binary_cinexdrama,1039,1.5,L0.10_U0.60,0.1,0.6,420,"{'0': 191, '1': 229}",853,"{'0': 631, '1': 222}",0,"{'0': 0, '1': 0}",[],0,4f53cda18c2baa0c0354bb5f9a3ecbe5ed12ab4d8e11ba873c2f11161202b945,False,"insufficient_eligible_synthetic:{""1"":7}"
bn_binary_cinexdrama,1039,1.5,L0.20_U0.60,0.2,0.6,420,"{'0': 191, '1': 229}",853,"{'0': 631, '1': 222}",0,"{'0': 0, '1': 0}",[],0,4f53cda18c2baa0c0354bb5f9a3ecbe5ed12ab4d8e11ba873c2f11161202b945,False,"insufficient_eligible_synthetic:{""1"":7}"
bn_binary_cinexdrama,1039,1.5,L0.30_U0.60,0.3,0.6,420,"{'0': 191, '1': 229}",853,"{'0': 631, '1': 222}",0,"{'0': 0, '1': 0}",[],0,4f53cda18c2baa0c0354bb5f9a3ecbe5ed12ab4d8e11ba873c2f11161202b945,False,"insufficient_eligible_synthetic:{""1"":7}"
bn_binary_cinexdrama,1039,1.5,L0.40_U0.60,0.4,0.6,420,"{'0': 191, '1': 229}",784,"{'0': 600, '1': 184}",0,"{'0': 0, '1': 0}",[],0,4f53cda18c2baa0c0354bb5f9a3ecbe5ed12ab4d8e11ba873c2f11161202b945,False,"insufficient_eligible_synthetic:{""1"":45}"
bn_binary_cinexdrama,1039,1.75,L0.10_U0.60,0.1,0.6,490,"{'0': 222, '1': 268}",853,"{'0': 631, '1': 222}",0,"{'0': 0, '1': 0}",[],0,4f53cda18c2baa0c0354bb5f9a3ecbe5ed12ab4d8e11ba873c2f11161202b945,False,"insufficient_eligible_synthetic:{""1"":46}"
bn_binary_cinexdrama,1039,1.75,L0.20_U0.60,0.2,0.6,490,"{'0': 222, '1': 268}",853,"{'0': 631, '1': 222}",0,"{'0': 0, '1': 0}",[],0,4f53cda18c2baa0c0354bb5f9a3ecbe5ed12ab4d8e11ba873c2f11161202b945,False,"insufficient_eligible_synthetic:{""1"":46}"
bn_binary_cinexdrama,1039,1.75,L0.30_U0.60,0.3,0.6,490,"{'0': 222, '1': 268}",853,"{'0': 631, '1': 222}",0,"{'0': 0, '1': 0}",[],0,4f53cda18c2baa0c0354bb5f9a3ecbe5ed12ab4d8e11ba873c2f11161202b945,False,"insufficient_eligible_synthetic:{""1"":46}"
bn_binary_cinexdrama,1039,1.75,L0.40_U0.60,0.4,0.6,490,"{'0': 222, '1': 268}",784,"{'0': 600, '1': 184}",0,"{'0': 0, '1': 0}",[],0,4f53cda18c2baa0c0354bb5f9a3ecbe5ed12ab4d8e11ba873c2f11161202b945,False,"insufficient_eligible_synthetic:{""1"":84}"
bn_binary_cinexdrama,1039,2.0,L0.10_U0.60,0.1,0.6,560,"{'0': 254, '1': 306}",853,"{'0': 631, '1': 222}",0,"{'0': 0, '1': 0}",[],0,4f53cda18c2baa0c0354bb5f9a3ecbe5ed12ab4d8e11ba873c2f11161202b945,False,"insufficient_eligible_synthetic:{""1"":84}"
bn_binary_cinexdrama,1039,2.0,L0.20_U0.60,0.2,0.6,560,"{'0': 254, '1': 306}",853,"{'0': 631, '1': 222}",0,"{'0': 0, '1': 0}",[],0,4f53cda18c2baa0c0354bb5f9a3ecbe5ed12ab4d8e11ba873c2f11161202b945,False,"insufficient_eligible_synthetic:{""1"":84}"
bn_binary_cinexdrama,1039,2.0,L0.30_U0.60,0.3,0.6,560,"{'0': 254, '1': 306}",853,"{'0': 631, '1': 222}",0,"{'0': 0, '1': 0}",[],0,4f53cda18c2baa0c0354bb5f9a3ecbe5ed12ab4d8e11ba873c2f11161202b945,False,"insufficient_eligible_synthetic:{""1"":84}"
bn_binary_cinexdrama,1039,2.0,L0.40_U0.60,0.4,0.6,560,"{'0': 254, '1': 306}",784,"{'0': 600, '1': 184}",0,"{'0': 0, '1': 0}",[],0,4f53cda18c2baa0c0354bb5f9a3ecbe5ed12ab4d8e11ba873c2f11161202b945,False,"insufficient_eligible_synthetic:{""1"":122}"
bn_binary_cinexdrama,1039,2.5,L0.10_U0.60,0.1,0.6,700,"{'0': 318, '1': 382}",853,"{'0': 631, '1': 222}",0,"{'0': 0, '1': 0}",[],0,4f53cda18c2baa0c0354bb5f9a3ecbe5ed12ab4d8e11ba873c2f11161202b945,False,"insufficient_eligible_synthetic:{""1"":160}"
bn_binary_cinexdrama,1039,2.5,L0.20_U0.60,0.2,0.6,700,"{'0': 318, '1': 382}",853,"{'0': 631, '1': 222}",0,"{'0': 0, '1': 0}",[],0,4f53cda18c2baa0c0354bb5f9a3ecbe5ed12ab4d8e11ba873c2f11161202b945,False,"insufficient_eligible_synthetic:{""1"":160}"
bn_binary_cinexdrama,1039,2.5,L0.30_U0.60,0.3,0.6,700,"{'0': 318, '1': 382}",853,"{'0': 631, '1': 222}",0,"{'0': 0, '1': 0}",[],0,4f53cda18c2baa0c0354bb5f9a3ecbe5ed12ab4d8e11ba873c2f11161202b945,False,"insufficient_eligible_synthetic:{""1"":160}"
bn_binary_cinexdrama,1039,2.5,L0.40_U0.60,0.4,0.6,700,"{'0': 318, '1': 382}",784,"{'0': 600, '1': 184}",0,"{'0': 0, '1': 0}",[],0,4f53cda18c2baa0c0354bb5f9a3ecbe5ed12ab4d8e11ba873c2f11161202b945,False,"insufficient_eligible_synthetic:{""1"":198}"
bn_binary_cinexdrama,1039,3.0,L0.10_U0.60,0.1,0.6,840,"{'0': 381, '1': 459}",853,"{'0': 631, '1': 222}",0,"{'0': 0, '1': 0}",[],0,4f53cda18c2baa0c0354bb5f9a3ecbe5ed12ab4d8e11ba873c2f11161202b945,False,"insufficient_eligible_synthetic:{""1"":237}"
bn_binary_cinexdrama,1039,3.0,L0.20_U0.60,0.2,0.6,840,"{'0': 381, '1': 459}",853,"{'0': 631, '1': 222}",0,"{'0': 0, '1': 0}",[],0,4f53cda18c2baa0c0354bb5f9a3ecbe5ed12ab4d8e11ba873c2f11161202b945,False,"insufficient_eligible_synthetic:{""1"":237}"
bn_binary_cinexdrama,1039,3.0,L0.30_U0.60,0.3,0.6,840,"{'0': 381, '1': 459}",853,"{'0': 631, '1': 222}",0,"{'0': 0, '1': 0}",[],0,4f53cda18c2baa0c0354bb5f9a3ecbe5ed12ab4d8e11ba873c2f11161202b945,False,"insufficient_eligible_synthetic:{""1"":237}"
bn_binary_cinexdrama,1039,3.0,L0.40_U0.60,0.4,0.6,840,"{'0': 381, '1': 459}",784,"{'0': 600, '1': 184}",0,"{'0': 0, '1': 0}",[],0,4f53cda18c2baa0c0354bb5f9a3ecbe5ed12ab4d8e11ba873c2f11161202b945,False,"insufficient_eligible_synthetic:{""1"":275}"
bn_binary_cinexdrama,1039,3.5,L0.10_U0.60,0.1,0.6,980,"{'0': 445, '1': 535}",853,"{'0': 631, '1': 222}",0,"{'0': 0, '1': 0}",[],0,4f53cda18c2baa0c0354bb5f9a3ecbe5ed12ab4d8e11ba873c2f11161202b945,False,"insufficient_eligible_synthetic:{""1"":313}"
bn_binary_cinexdrama,1039,3.5,L0.20_U0.60,0.2,0.6,980,"{'0': 445, '1': 535}",853,"{'0': 631, '1': 222}",0,"{'0': 0, '1': 0}",[],0,4f53cda18c2baa0c0354bb5f9a3ecbe5ed12ab4d8e11ba873c2f11161202b945,False,"insufficient_eligible_synthetic:{""1"":313}"
bn_binary_cinexdrama,1039,3.5,L0.30_U0.60,0.3,0.6,980,"{'0': 445, '1': 535}",853,"{'0': 631, '1': 222}",0,"{'0': 0, '1': 0}",[],0,4f53cda18c2baa0c0354bb5f9a3ecbe5ed12ab4d8e11ba873c2f11161202b945,False,"insufficient_eligible_synthetic:{""1"":313}"
bn_binary_cinexdrama,1039,3.5,L0.40_U0.60,0.4,0.6,980,"{'0': 445, '1': 535}",784,"{'0': 600, '1': 184}",0,"{'0': 0, '1': 0}",[],0,4f53cda18c2baa0c0354bb5f9a3ecbe5ed12ab4d8e11ba873c2f11161202b945,False,"insufficient_eligible_synthetic:{""1"":351}"
bn_binary_cinexdrama,1039,4.0,L0.10_U0.60,0.1,0.6,1120,"{'0': 508, '1': 612}",853,"{'0': 631, '1': 222}",0,"{'0': 0, '1': 0}",[],0,4f53cda18c2baa0c0354bb5f9a3ecbe5ed12ab4d8e11ba873c2f11161202b945,False,"insufficient_eligible_synthetic:{""1"":390}"
bn_binary_cinexdrama,1039,4.0,L0.20_U0.60,0.2,0.6,1120,"{'0': 508, '1': 612}",853,"{'0': 631, '1': 222}",0,"{'0': 0, '1': 0}",[],0,4f53cda18c2baa0c0354bb5f9a3ecbe5ed12ab4d8e11ba873c2f11161202b945,False,"insufficient_eligible_synthetic:{""1"":390}"
bn_binary_cinexdrama,1039,4.0,L0.30_U0.60,0.3,0.6,1120,"{'0': 508, '1': 612}",853,"{'0': 631, '1': 222}",0,"{'0': 0, '1': 0}",[],0,4f53cda18c2baa0c0354bb5f9a3ecbe5ed12ab4d8e11ba873c2f11161202b945,False,"insufficient_eligible_synthetic:{""1"":390}"
bn_binary_cinexdrama,1039,4.0,L0.40_U0.60,0.4,0.6,1120,"{'0': 508, '1': 612}",784,"{'0': 600, '1': 184}",0,"{'0': 0, '1': 0}",[],0,4f53cda18c2baa0c0354bb5f9a3ecbe5ed12ab4d8e11ba873c2f11161202b945,False,"insufficient_eligible_synthetic:{""1"":428}"
bn_binary_cinexdrama,1040,1.25,L0.40_U0.60,0.4,0.6,350,"{'0': 159, '1': 191}",693,"{'0': 515, '1': 178}",0,"{'0': 0, '1': 0}",[],0,4f53cda18c2baa0c0354bb5f9a3ecbe5ed12ab4d8e11ba873c2f11161202b945,False,"insufficient_eligible_synthetic:{""1"":13}"
bn_binary_cinexdrama,1040,1.5,L0.10_U0.60,0.1,0.6,420,"{'0': 191, '1': 229}",735,"{'0': 538, '1': 197}",0,"{'0': 0, '1': 0}",[],0,4f53cda18c2baa0c0354bb5f9a3ecbe5ed12ab4d8e11ba873c2f11161202b945,False,"insufficient_eligible_synthetic:{""1"":32}"
bn_binary_cinexdrama,1040,1.5,L0.20_U0.60,0.2,0.6,420,"{'0': 191, '1': 229}",735,"{'0': 538, '1': 197}",0,"{'0': 0, '1': 0}",[],0,4f53cda18c2baa0c0354bb5f9a3ecbe5ed12ab4d8e11ba873c2f11161202b945,False,"insufficient_eligible_synthetic:{""1"":32}"
bn_binary_cinexdrama,1040,1.5,L0.30_U0.60,0.3,0.6,420,"{'0': 191, '1': 229}",735,"{'0': 538, '1': 197}",0,"{'0': 0, '1': 0}",[],0,4f53cda18c2baa0c0354bb5f9a3ecbe5ed12ab4d8e11ba873c2f11161202b945,False,"insufficient_eligible_synthetic:{""1"":32}"
bn_binary_cinexdrama,1040,1.5,L0.40_U0.60,0.4,0.6,420,"{'0': 191, '1': 229}",693,"{'0': 515, '1': 178}",0,"{'0': 0, '1': 0}",[],0,4f53cda18c2baa0c0354bb5f9a3ecbe5ed12ab4d8e11ba873c2f11161202b945,False,"insufficient_eligible_synthetic:{""1"":51}"
bn_binary_cinexdrama,1040,1.75,L0.10_U0.60,0.1,0.6,490,"{'0': 222, '1': 268}",735,"{'0': 538, '1': 197}",0,"{'0': 0, '1': 0}",[],0,4f53cda18c2baa0c0354bb5f9a3ecbe5ed12ab4d8e11ba873c2f11161202b945,False,"insufficient_eligible_synthetic:{""1"":71}"
bn_binary_cinexdrama,1040,1.75,L0.20_U0.60,0.2,0.6,490,"{'0': 222, '1': 268}",735,"{'0': 538, '1': 197}",0,"{'0': 0, '1': 0}",[],0,4f53cda18c2baa0c0354bb5f9a3ecbe5ed12ab4d8e11ba873c2f11161202b945,False,"insufficient_eligible_synthetic:{""1"":71}"
bn_binary_cinexdrama,1040,1.75,L0.30_U0.60,0.3,0.6,490,"{'0': 222, '1': 268}",735,"{'0': 538, '1': 197}",0,"{'0': 0, '1': 0}",[],0,4f53cda18c2baa0c0354bb5f9a3ecbe5ed12ab4d8e11ba873c2f11161202b945,False,"insufficient_eligible_synthetic:{""1"":71}"
bn_binary_cinexdrama,1040,1.75,L0.40_U0.60,0.4,0.6,490,"{'0': 222, '1': 268}",693,"{'0': 515, '1': 178}",0,"{'0': 0, '1': 0}",[],0,4f53cda18c2baa0c0354bb5f9a3ecbe5ed12ab4d8e11ba873c2f11161202b945,False,"insufficient_eligible_synthetic:{""1"":90}"
bn_binary_cinexdrama,1040,2.0,L0.10_U0.60,0.1,0.6,560,"{'0': 254, '1': 306}",735,"{'0': 538, '1': 197}",0,"{'0': 0, '1': 0}",[],0,4f53cda18c2baa0c0354bb5f9a3ecbe5ed12ab4d8e11ba873c2f11161202b945,False,"insufficient_eligible_synthetic:{""1"":109}"
bn_binary_cinexdrama,1040,2.0,L0.20_U0.60,0.2,0.6,560,"{'0': 254, '1': 306}",735,"{'0': 538, '1': 197}",0,"{'0': 0, '1': 0}",[],0,4f53cda18c2baa0c0354bb5f9a3ecbe5ed12ab4d8e11ba873c2f11161202b945,False,"insufficient_eligible_synthetic:{""1"":109}"
bn_binary_cinexdrama,1040,2.0,L0.30_U0.60,0.3,0.6,560,"{'0': 254, '1': 306}",735,"{'0': 538, '1': 197}",0,"{'0': 0, '1': 0}",[],0,4f53cda18c2baa0c0354bb5f9a3ecbe5ed12ab4d8e11ba873c2f11161202b945,False,"insufficient_eligible_synthetic:{""1"":109}"
bn_binary_cinexdrama,1040,2.0,L0.40_U0.60,0.4,0.6,560,"{'0': 254, '1': 306}",693,"{'0': 515, '1': 178}",0,"{'0': 0, '1': 0}",[],0,4f53cda18c2baa0c0354bb5f9a3ecbe5ed12ab4d8e11ba873c2f11161202b945,False,"insufficient_eligible_synthetic:{""1"":128}"
bn_binary_cinexdrama,1040,2.5,L0.10_U0.60,0.1,0.6,700,"{'0': 318, '1': 382}",735,"{'0': 538, '1': 197}",0,"{'0': 0, '1': 0}",[],0,4f53cda18c2baa0c0354bb5f9a3ecbe5ed12ab4d8e11ba873c2f11161202b945,False,"insufficient_eligible_synthetic:{""1"":185}"
bn_binary_cinexdrama,1040,2.5,L0.20_U0.60,0.2,0.6,700,"{'0': 318, '1': 382}",735,"{'0': 538, '1': 197}",0,"{'0': 0, '1': 0}",[],0,4f53cda18c2baa0c0354bb5f9a3ecbe5ed12ab4d8e11ba873c2f11161202b945,False,"insufficient_eligible_synthetic:{""1"":185}"
bn_binary_cinexdrama,1040,2.5,L0.30_U0.60,0.3,0.6,700,"{'0': 318, '1': 382}",735,"{'0': 538, '1': 197}",0,"{'0': 0, '1': 0}",[],0,4f53cda18c2baa0c0354bb5f9a3ecbe5ed12ab4d8e11ba873c2f11161202b945,False,"insufficient_eligible_synthetic:{""1"":185}"
bn_binary_cinexdrama,1040,2.5,L0.40_U0.60,0.4,0.6,700,"{'0': 318, '1': 382}",693,"{'0': 515, '1': 178}",0,"{'0': 0, '1': 0}",[],0,4f53cda18c2baa0c0354bb5f9a3ecbe5ed12ab4d8e11ba873c2f11161202b945,False,"insufficient_eligible_synthetic:{""1"":204}"
bn_binary_cinexdrama,1040,3.0,L0.10_U0.60,0.1,0.6,840,"{'0': 381, '1': 459}",735,"{'0': 538, '1': 197}",0,"{'0': 0, '1': 0}",[],0,4f53cda18c2baa0c0354bb5f9a3ecbe5ed12ab4d8e11ba873c2f11161202b945,False,"insufficient_eligible_synthetic:{""1"":262}"
bn_binary_cinexdrama,1040,3.0,L0.20_U0.60,0.2,0.6,840,"{'0': 381, '1': 459}",735,"{'0': 538, '1': 197}",0,"{'0': 0, '1': 0}",[],0,4f53cda18c2baa0c0354bb5f9a3ecbe5ed12ab4d8e11ba873c2f11161202b945,False,"insufficient_eligible_synthetic:{""1"":262}"
bn_binary_cinexdrama,1040,3.0,L0.30_U0.60,0.3,0.6,840,"{'0': 381, '1': 459}",735,"{'0': 538, '1': 197}",0,"{'0': 0, '1': 0}",[],0,4f53cda18c2baa0c0354bb5f9a3ecbe5ed12ab4d8e11ba873c2f11161202b945,False,"insufficient_eligible_synthetic:{""1"":262}"
bn_binary_cinexdrama,1040,3.0,L0.40_U0.60,0.4,0.6,840,"{'0': 381, '1': 459}",693,"{'0': 515, '1': 178}",0,"{'0': 0, '1': 0}",[],0,4f53cda18c2baa0c0354bb5f9a3ecbe5ed12ab4d8e11ba873c2f11161202b945,False,"insufficient_eligible_synthetic:{""1"":281}"
bn_binary_cinexdrama,1040,3.5,L0.10_U0.60,0.1,0.6,980,"{'0': 445, '1': 535}",735,"{'0': 538, '1': 197}",0,"{'0': 0, '1': 0}",[],0,4f53cda18c2baa0c0354bb5f9a3ecbe5ed12ab4d8e11ba873c2f11161202b945,False,"insufficient_eligible_synthetic:{""1"":338}"
bn_binary_cinexdrama,1040,3.5,L0.20_U0.60,0.2,0.6,980,"{'0': 445, '1': 535}",735,"{'0': 538, '1': 197}",0,"{'0': 0, '1': 0}",[],0,4f53cda18c2baa0c0354bb5f9a3ecbe5ed12ab4d8e11ba873c2f11161202b945,False,"insufficient_eligible_synthetic:{""1"":338}"
bn_binary_cinexdrama,1040,3.5,L0.30_U0.60,0.3,0.6,980,"{'0': 445, '1': 535}",735,"{'0': 538, '1': 197}",0,"{'0': 0, '1': 0}",[],0,4f53cda18c2baa0c0354bb5f9a3ecbe5ed12ab4d8e11ba873c2f11161202b945,False,"insufficient_eligible_synthetic:{""1"":338}"
bn_binary_cinexdrama,1040,3.5,L0.40_U0.60,0.4,0.6,980,"{'0': 445, '1': 535}",693,"{'0': 515, '1': 178}",0,"{'0': 0, '1': 0}",[],0,4f53cda18c2baa0c0354bb5f9a3ecbe5ed12ab4d8e11ba873c2f11161202b945,False,"insufficient_eligible_synthetic:{""1"":357}"
bn_binary_cinexdrama,1040,4.0,L0.10_U0.60,0.1,0.6,1120,"{'0': 508, '1': 612}",735,"{'0': 538, '1': 197}",0,"{'0': 0, '1': 0}",[],0,4f53cda18c2baa0c0354bb5f9a3ecbe5ed12ab4d8e11ba873c2f11161202b945,False,"insufficient_eligible_synthetic:{""1"":415}"
bn_binary_cinexdrama,1040,4.0,L0.20_U0.60,0.2,0.6,1120,"{'0': 508, '1': 612}",735,"{'0': 538, '1': 197}",0,"{'0': 0, '1': 0}",[],0,4f53cda18c2baa0c0354bb5f9a3ecbe5ed12ab4d8e11ba873c2f11161202b945,False,"insufficient_eligible_synthetic:{""1"":415}"
bn_binary_cinexdrama,1040,4.0,L0.30_U0.60,0.3,0.6,1120,"{'0': 508, '1': 612}",735,"{'0': 538, '1': 197}",0,"{'0': 0, '1': 0}",[],0,4f53cda18c2baa0c0354bb5f9a3ecbe5ed12ab4d8e11ba873c2f11161202b945,False,"insufficient_eligible_synthetic:{""1"":415}"
bn_binary_cinexdrama,1040,4.0,L0.40_U0.60,0.4,0.6,1120,"{'0': 508, '1': 612}",693,"{'0': 515, '1': 178}",0,"{'0': 0, '1': 0}",[],0,4f53cda18c2baa0c0354bb5f9a3ecbe5ed12ab4d8e11ba873c2f11161202b945,False,"insufficient_eligible_synthetic:{""1"":434}"
bn_binary_cinexdrama,1041,1.75,L0.40_U0.60,0.4,0.6,490,"{'0': 222, '1': 268}",688,"{'0': 436, '1': 252}",0,"{'0': 0, '1': 0}",[],0,4f53cda18c2baa0c0354bb5f9a3ecbe5ed12ab4d8e11ba873c2f11161202b945,False,"insufficient_eligible_synthetic:{""1"":16}"
bn_binary_cinexdrama,1041,2.0,L0.10_U0.60,0.1,0.6,560,"{'0': 254, '1': 306}",753,"{'0': 478, '1': 275}",0,"{'0': 0, '1': 0}",[],0,4f53cda18c2baa0c0354bb5f9a3ecbe5ed12ab4d8e11ba873c2f11161202b945,False,"insufficient_eligible_synthetic:{""1"":31}"
bn_binary_cinexdrama,1041,2.0,L0.20_U0.60,0.2,0.6,560,"{'0': 254, '1': 306}",753,"{'0': 478, '1': 275}",0,"{'0': 0, '1': 0}",[],0,4f53cda18c2baa0c0354bb5f9a3ecbe5ed12ab4d8e11ba873c2f11161202b945,False,"insufficient_eligible_synthetic:{""1"":31}"
bn_binary_cinexdrama,1041,2.0,L0.30_U0.60,0.3,0.6,560,"{'0': 254, '1': 306}",752,"{'0': 477, '1': 275}",0,"{'0': 0, '1': 0}",[],0,4f53cda18c2baa0c0354bb5f9a3ecbe5ed12ab4d8e11ba873c2f11161202b945,False,"insufficient_eligible_synthetic:{""1"":31}"
bn_binary_cinexdrama,1041,2.0,L0.40_U0.60,0.4,0.6,560,"{'0': 254, '1': 306}",688,"{'0': 436, '1': 252}",0,"{'0': 0, '1': 0}",[],0,4f53cda18c2baa0c0354bb5f9a3ecbe5ed12ab4d8e11ba873c2f11161202b945,False,"insufficient_eligible_synthetic:{""1"":54}"
bn_binary_cinexdrama,1041,2.5,L0.10_U0.60,0.1,0.6,700,"{'0': 318, '1': 382}",753,"{'0': 478, '1': 275}",0,"{'0': 0, '1': 0}",[],0,4f53cda18c2baa0c0354bb5f9a3ecbe5ed12ab4d8e11ba873c2f11161202b945,False,"insufficient_eligible_synthetic:{""1"":107}"
bn_binary_cinexdrama,1041,2.5,L0.20_U0.60,0.2,0.6,700,"{'0': 318, '1': 382}",753,"{'0': 478, '1': 275}",0,"{'0': 0, '1': 0}",[],0,4f53cda18c2baa0c0354bb5f9a3ecbe5ed12ab4d8e11ba873c2f11161202b945,False,"insufficient_eligible_synthetic:{""1"":107}"
bn_binary_cinexdrama,1041,2.5,L0.30_U0.60,0.3,0.6,700,"{'0': 318, '1': 382}",752,"{'0': 477, '1': 275}",0,"{'0': 0, '1': 0}",[],0,4f53cda18c2baa0c0354bb5f9a3ecbe5ed12ab4d8e11ba873c2f11161202b945,False,"insufficient_eligible_synthetic:{""1"":107}"
bn_binary_cinexdrama,1041,2.5,L0.40_U0.60,0.4,0.6,700,"{'0': 318, '1': 382}",688,"{'0': 436, '1': 252}",0,"{'0': 0, '1': 0}",[],0,4f53cda18c2baa0c0354bb5f9a3ecbe5ed12ab4d8e11ba873c2f11161202b945,False,"insufficient_eligible_synthetic:{""1"":130}"
bn_binary_cinexdrama,1041,3.0,L0.10_U0.60,0.1,0.6,840,"{'0': 381, '1': 459}",753,"{'0': 478, '1': 275}",0,"{'0': 0, '1': 0}",[],0,4f53cda18c2baa0c0354bb5f9a3ecbe5ed12ab4d8e11ba873c2f11161202b945,False,"insufficient_eligible_synthetic:{""1"":184}"
bn_binary_cinexdrama,1041,3.0,L0.20_U0.60,0.2,0.6,840,"{'0': 381, '1': 459}",753,"{'0': 478, '1': 275}",0,"{'0': 0, '1': 0}",[],0,4f53cda18c2baa0c0354bb5f9a3ecbe5ed12ab4d8e11ba873c2f11161202b945,False,"insufficient_eligible_synthetic:{""1"":184}"
bn_binary_cinexdrama,1041,3.0,L0.30_U0.60,0.3,0.6,840,"{'0': 381, '1': 459}",752,"{'0': 477, '1': 275}",0,"{'0': 0, '1': 0}",[],0,4f53cda18c2baa0c0354bb5f9a3ecbe5ed12ab4d8e11ba873c2f11161202b945,False,"insufficient_eligible_synthetic:{""1"":184}"
bn_binary_cinexdrama,1041,3.0,L0.40_U0.60,0.4,0.6,840,"{'0': 381, '1': 459}",688,"{'0': 436, '1': 252}",0,"{'0': 0, '1': 0}",[],0,4f53cda18c2baa0c0354bb5f9a3ecbe5ed12ab4d8e11ba873c2f11161202b945,False,"insufficient_eligible_synthetic:{""1"":207}"
bn_binary_cinexdrama,1041,3.5,L0.10_U0.60,0.1,0.6,980,"{'0': 445, '1': 535}",753,"{'0': 478, '1': 275}",0,"{'0': 0, '1': 0}",[],0,4f53cda18c2baa0c0354bb5f9a3ecbe5ed12ab4d8e11ba873c2f11161202b945,False,"insufficient_eligible_synthetic:{""1"":260}"
bn_binary_cinexdrama,1041,3.5,L0.20_U0.60,0.2,0.6,980,"{'0': 445, '1': 535}",753,"{'0': 478, '1': 275}",0,"{'0': 0, '1': 0}",[],0,4f53cda18c2baa0c0354bb5f9a3ecbe5ed12ab4d8e11ba873c2f11161202b945,False,"insufficient_eligible_synthetic:{""1"":260}"
bn_binary_cinexdrama,1041,3.5,L0.30_U0.60,0.3,0.6,980,"{'0': 445, '1': 535}",752,"{'0': 477, '1': 275}",0,"{'0': 0, '1': 0}",[],0,4f53cda18c2baa0c0354bb5f9a3ecbe5ed12ab4d8e11ba873c2f11161202b945,False,"insufficient_eligible_synthetic:{""1"":260}"
bn_binary_cinexdrama,1041,3.5,L0.40_U0.60,0.4,0.6,980,"{'0': 445, '1': 535}",688,"{'0': 436, '1': 252}",0,"{'0': 0, '1': 0}",[],0,4f53cda18c2baa0c0354bb5f9a3ecbe5ed12ab4d8e11ba873c2f11161202b945,False,"insufficient_eligible_synthetic:{""0"":9,""1"":283}"
bn_binary_cinexdrama,1041,4.0,L0.10_U0.60,0.1,0.6,1120,"{'0': 508, '1': 612}",753,"{'0': 478, '1': 275}",0,"{'0': 0, '1': 0}",[],0,4f53cda18c2baa0c0354bb5f9a3ecbe5ed12ab4d8e11ba873c2f11161202b945,False,"insufficient_eligible_synthetic:{""0"":30,""1"":337}"
bn_binary_cinexdrama,1041,4.0,L0.20_U0.60,0.2,0.6,1120,"{'0': 508, '1': 612}",753,"{'0': 478, '1': 275}",0,"{'0': 0, '1': 0}",[],0,4f53cda18c2baa0c0354bb5f9a3ecbe5ed12ab4d8e11ba873c2f11161202b945,False,"insufficient_eligible_synthetic:{""0"":30,""1"":337}"
bn_binary_cinexdrama,1041,4.0,L0.30_U0.60,0.3,0.6,1120,"{'0': 508, '1': 612}",752,"{'0': 477, '1': 275}",0,"{'0': 0, '1': 0}",[],0,4f53cda18c2baa0c0354bb5f9a3ecbe5ed12ab4d8e11ba873c2f11161202b945,False,"insufficient_eligible_synthetic:{""0"":31,""1"":337}"
bn_binary_cinexdrama,1041,4.0,L0.40_U0.60,0.4,0.6,1120,"{'0': 508, '1': 612}",688,"{'0': 436, '1': 252}",0,"{'0': 0, '1': 0}",[],0,4f53cda18c2baa0c0354bb5f9a3ecbe5ed12ab4d8e11ba873c2f11161202b945,False,"insufficient_eligible_synthetic:{""0"":72,""1"":360}"
bn_binary_cinexdrama,1042,1.75,L0.10_U0.60,0.1,0.6,490,"{'0': 222, '1': 268}",673,"{'0': 439, '1': 234}",0,"{'0': 0, '1': 0}",[],0,4f53cda18c2baa0c0354bb5f9a3ecbe5ed12ab4d8e11ba873c2f11161202b945,False,"insufficient_eligible_synthetic:{""1"":34}"
bn_binary_cinexdrama,1042,1.75,L0.20_U0.60,0.2,0.6,490,"{'0': 222, '1': 268}",673,"{'0': 439, '1': 234}",0,"{'0': 0, '1': 0}",[],0,4f53cda18c2baa0c0354bb5f9a3ecbe5ed12ab4d8e11ba873c2f11161202b945,False,"insufficient_eligible_synthetic:{""1"":34}"
bn_binary_cinexdrama,1042,1.75,L0.30_U0.60,0.3,0.6,490,"{'0': 222, '1': 268}",673,"{'0': 439, '1': 234}",0,"{'0': 0, '1': 0}",[],0,4f53cda18c2baa0c0354bb5f9a3ecbe5ed12ab4d8e11ba873c2f11161202b945,False,"insufficient_eligible_synthetic:{""1"":34}"
bn_binary_cinexdrama,1042,1.75,L0.40_U0.60,0.4,0.6,490,"{'0': 222, '1': 268}",672,"{'0': 438, '1': 234}",0,"{'0': 0, '1': 0}",[],0,4f53cda18c2baa0c0354bb5f9a3ecbe5ed12ab4d8e11ba873c2f11161202b945,False,"insufficient_eligible_synthetic:{""1"":34}"
bn_binary_cinexdrama,1042,2.0,L0.10_U0.60,0.1,0.6,560,"{'0': 254, '1': 306}",673,"{'0': 439, '1': 234}",0,"{'0': 0, '1': 0}",[],0,4f53cda18c2baa0c0354bb5f9a3ecbe5ed12ab4d8e11ba873c2f11161202b945,False,"insufficient_eligible_synthetic:{""1"":72}"
bn_binary_cinexdrama,1042,2.0,L0.20_U0.60,0.2,0.6,560,"{'0': 254, '1': 306}",673,"{'0': 439, '1': 234}",0,"{'0': 0, '1': 0}",[],0,4f53cda18c2baa0c0354bb5f9a3ecbe5ed12ab4d8e11ba873c2f11161202b945,False,"insufficient_eligible_synthetic:{""1"":72}"
bn_binary_cinexdrama,1042,2.0,L0.30_U0.60,0.3,0.6,560,"{'0': 254, '1': 306}",673,"{'0': 439, '1': 234}",0,"{'0': 0, '1': 0}",[],0,4f53cda18c2baa0c0354bb5f9a3ecbe5ed12ab4d8e11ba873c2f11161202b945,False,"insufficient_eligible_synthetic:{""1"":72}"
bn_binary_cinexdrama,1042,2.0,L0.40_U0.60,0.4,0.6,560,"{'0': 254, '1': 306}",672,"{'0': 438, '1': 234}",0,"{'0': 0, '1': 0}",[],0,4f53cda18c2baa0c0354bb5f9a3ecbe5ed12ab4d8e11ba873c2f11161202b945,False,"insufficient_eligible_synthetic:{""1"":72}"
bn_binary_cinexdrama,1042,2.5,L0.10_U0.60,0.1,0.6,700,"{'0': 318, '1': 382}",673,"{'0': 439, '1': 234}",0,"{'0': 0, '1': 0}",[],0,4f53cda18c2baa0c0354bb5f9a3ecbe5ed12ab4d8e11ba873c2f11161202b945,False,"insufficient_eligible_synthetic:{""1"":148}"
bn_binary_cinexdrama,1042,2.5,L0.20_U0.60,0.2,0.6,700,"{'0': 318, '1': 382}",673,"{'0': 439, '1': 234}",0,"{'0': 0, '1': 0}",[],0,4f53cda18c2baa0c0354bb5f9a3ecbe5ed12ab4d8e11ba873c2f11161202b945,False,"insufficient_eligible_synthetic:{""1"":148}"
bn_binary_cinexdrama,1042,2.5,L0.30_U0.60,0.3,0.6,700,"{'0': 318, '1': 382}",673,"{'0': 439, '1': 234}",0,"{'0': 0, '1': 0}",[],0,4f53cda18c2baa0c0354bb5f9a3ecbe5ed12ab4d8e11ba873c2f11161202b945,False,"insufficient_eligible_synthetic:{""1"":148}"
bn_binary_cinexdrama,1042,2.5,L0.40_U0.60,0.4,0.6,700,"{'0': 318, '1': 382}",672,"{'0': 438, '1': 234}",0,"{'0': 0, '1': 0}",[],0,4f53cda18c2baa0c0354bb5f9a3ecbe5ed12ab4d8e11ba873c2f11161202b945,False,"insufficient_eligible_synthetic:{""1"":148}"
bn_binary_cinexdrama,1042,3.0,L0.10_U0.60,0.1,0.6,840,"{'0': 381, '1': 459}",673,"{'0': 439, '1': 234}",0,"{'0': 0, '1': 0}",[],0,4f53cda18c2baa0c0354bb5f9a3ecbe5ed12ab4d8e11ba873c2f11161202b945,False,"insufficient_eligible_synthetic:{""1"":225}"
bn_binary_cinexdrama,1042,3.0,L0.20_U0.60,0.2,0.6,840,"{'0': 381, '1': 459}",673,"{'0': 439, '1': 234}",0,"{'0': 0, '1': 0}",[],0,4f53cda18c2baa0c0354bb5f9a3ecbe5ed12ab4d8e11ba873c2f11161202b945,False,"insufficient_eligible_synthetic:{""1"":225}"
bn_binary_cinexdrama,1042,3.0,L0.30_U0.60,0.3,0.6,840,"{'0': 381, '1': 459}",673,"{'0': 439, '1': 234}",0,"{'0': 0, '1': 0}",[],0,4f53cda18c2baa0c0354bb5f9a3ecbe5ed12ab4d8e11ba873c2f11161202b945,False,"insufficient_eligible_synthetic:{""1"":225}"
bn_binary_cinexdrama,1042,3.0,L0.40_U0.60,0.4,0.6,840,"{'0': 381, '1': 459}",672,"{'0': 438, '1': 234}",0,"{'0': 0, '1': 0}",[],0,4f53cda18c2baa0c0354bb5f9a3ecbe5ed12ab4d8e11ba873c2f11161202b945,False,"insufficient_eligible_synthetic:{""1"":225}"
bn_binary_cinexdrama,1042,3.5,L0.10_U0.60,0.1,0.6,980,"{'0': 445, '1': 535}",673,"{'0': 439, '1': 234}",0,"{'0': 0, '1': 0}",[],0,4f53cda18c2baa0c0354bb5f9a3ecbe5ed12ab4d8e11ba873c2f11161202b945,False,"insufficient_eligible_synthetic:{""0"":6,""1"":301}"
bn_binary_cinexdrama,1042,3.5,L0.20_U0.60,0.2,0.6,980,"{'0': 445, '1': 535}",673,"{'0': 439, '1': 234}",0,"{'0': 0, '1': 0}",[],0,4f53cda18c2baa0c0354bb5f9a3ecbe5ed12ab4d8e11ba873c2f11161202b945,False,"insufficient_eligible_synthetic:{""0"":6,""1"":301}"
bn_binary_cinexdrama,1042,3.5,L0.30_U0.60,0.3,0.6,980,"{'0': 445, '1': 535}",673,"{'0': 439, '1': 234}",0,"{'0': 0, '1': 0}",[],0,4f53cda18c2baa0c0354bb5f9a3ecbe5ed12ab4d8e11ba873c2f11161202b945,False,"insufficient_eligible_synthetic:{""0"":6,""1"":301}"
bn_binary_cinexdrama,1042,3.5,L0.40_U0.60,0.4,0.6,980,"{'0': 445, '1': 535}",672,"{'0': 438, '1': 234}",0,"{'0': 0, '1': 0}",[],0,4f53cda18c2baa0c0354bb5f9a3ecbe5ed12ab4d8e11ba873c2f11161202b945,False,"insufficient_eligible_synthetic:{""0"":7,""1"":301}"
bn_binary_cinexdrama,1042,4.0,L0.10_U0.60,0.1,0.6,1120,"{'0': 508, '1': 612}",673,"{'0': 439, '1': 234}",0,"{'0': 0, '1': 0}",[],0,4f53cda18c2baa0c0354bb5f9a3ecbe5ed12ab4d8e11ba873c2f11161202b945,False,"insufficient_eligible_synthetic:{""0"":69,""1"":378}"
bn_binary_cinexdrama,1042,4.0,L0.20_U0.60,0.2,0.6,1120,"{'0': 508, '1': 612}",673,"{'0': 439, '1': 234}",0,"{'0': 0, '1': 0}",[],0,4f53cda18c2baa0c0354bb5f9a3ecbe5ed12ab4d8e11ba873c2f11161202b945,False,"insufficient_eligible_synthetic:{""0"":69,""1"":378}"
bn_binary_cinexdrama,1042,4.0,L0.30_U0.60,0.3,0.6,1120,"{'0': 508, '1': 612}",673,"{'0': 439, '1': 234}",0,"{'0': 0, '1': 0}",[],0,4f53cda18c2baa0c0354bb5f9a3ecbe5ed12ab4d8e11ba873c2f11161202b945,False,"insufficient_eligible_synthetic:{""0"":69,""1"":378}"
bn_binary_cinexdrama,1042,4.0,L0.40_U0.60,0.4,0.6,1120,"{'0': 508, '1': 612}",672,"{'0': 438, '1': 234}",0,"{'0': 0, '1': 0}",[],0,4f53cda18c2baa0c0354bb5f9a3ecbe5ed12ab4d8e11ba873c2f11161202b945,False,"insufficient_eligible_synthetic:{""0"":70,""1"":378}"
bn_binary_cinexdrama,1043,1.0,L0.40_U0.60,0.4,0.6,280,"{'0': 127, '1': 153}",737,"{'0': 587, '1': 150}",0,"{'0': 0, '1': 0}",[],0,4f53cda18c2baa0c0354bb5f9a3ecbe5ed12ab4d8e11ba873c2f11161202b945,False,"insufficient_eligible_synthetic:{""1"":3}"
bn_binary_cinexdrama,1043,1.25,L0.10_U0.60,0.1,0.6,350,"{'0': 159, '1': 191}",795,"{'0': 624, '1': 171}",0,"{'0': 0, '1': 0}",[],0,4f53cda18c2baa0c0354bb5f9a3ecbe5ed12ab4d8e11ba873c2f11161202b945,False,"insufficient_eligible_synthetic:{""1"":20}"
bn_binary_cinexdrama,1043,1.25,L0.20_U0.60,0.2,0.6,350,"{'0': 159, '1': 191}",795,"{'0': 624, '1': 171}",0,"{'0': 0, '1': 0}",[],0,4f53cda18c2baa0c0354bb5f9a3ecbe5ed12ab4d8e11ba873c2f11161202b945,False,"insufficient_eligible_synthetic:{""1"":20}"
bn_binary_cinexdrama,1043,1.25,L0.30_U0.60,0.3,0.6,350,"{'0': 159, '1': 191}",794,"{'0': 623, '1': 171}",0,"{'0': 0, '1': 0}",[],0,4f53cda18c2baa0c0354bb5f9a3ecbe5ed12ab4d8e11ba873c2f11161202b945,False,"insufficient_eligible_synthetic:{""1"":20}"
bn_binary_cinexdrama,1043,1.25,L0.40_U0.60,0.4,0.6,350,"{'0': 159, '1': 191}",737,"{'0': 587, '1': 150}",0,"{'0': 0, '1': 0}",[],0,4f53cda18c2baa0c0354bb5f9a3ecbe5ed12ab4d8e11ba873c2f11161202b945,False,"insufficient_eligible_synthetic:{""1"":41}"
bn_binary_cinexdrama,1043,1.5,L0.10_U0.60,0.1,0.6,420,"{'0': 191, '1': 229}",795,"{'0': 624, '1': 171}",0,"{'0': 0, '1': 0}",[],0,4f53cda18c2baa0c0354bb5f9a3ecbe5ed12ab4d8e11ba873c2f11161202b945,False,"insufficient_eligible_synthetic:{""1"":58}"
bn_binary_cinexdrama,1043,1.5,L0.20_U0.60,0.2,0.6,420,"{'0': 191, '1': 229}",795,"{'0': 624, '1': 171}",0,"{'0': 0, '1': 0}",[],0,4f53cda18c2baa0c0354bb5f9a3ecbe5ed12ab4d8e11ba873c2f11161202b945,False,"insufficient_eligible_synthetic:{""1"":58}"
bn_binary_cinexdrama,1043,1.5,L0.30_U0.60,0.3,0.6,420,"{'0': 191, '1': 229}",794,"{'0': 623, '1': 171}",0,"{'0': 0, '1': 0}",[],0,4f53cda18c2baa0c0354bb5f9a3ecbe5ed12ab4d8e11ba873c2f11161202b945,False,"insufficient_eligible_synthetic:{""1"":58}"
bn_binary_cinexdrama,1043,1.5,L0.40_U0.60,0.4,0.6,420,"{'0': 191, '1': 229}",737,"{'0': 587, '1': 150}",0,"{'0': 0, '1': 0}",[],0,4f53cda18c2baa0c0354bb5f9a3ecbe5ed12ab4d8e11ba873c2f11161202b945,False,"insufficient_eligible_synthetic:{""1"":79}"
bn_binary_cinexdrama,1043,1.75,L0.10_U0.60,0.1,0.6,490,"{'0': 222, '1': 268}",795,"{'0': 624, '1': 171}",0,"{'0': 0, '1': 0}",[],0,4f53cda18c2baa0c0354bb5f9a3ecbe5ed12ab4d8e11ba873c2f11161202b945,False,"insufficient_eligible_synthetic:{""1"":97}"
bn_binary_cinexdrama,1043,1.75,L0.20_U0.60,0.2,0.6,490,"{'0': 222, '1': 268}",795,"{'0': 624, '1': 171}",0,"{'0': 0, '1': 0}",[],0,4f53cda18c2baa0c0354bb5f9a3ecbe5ed12ab4d8e11ba873c2f11161202b945,False,"insufficient_eligible_synthetic:{""1"":97}"
bn_binary_cinexdrama,1043,1.75,L0.30_U0.60,0.3,0.6,490,"{'0': 222, '1': 268}",794,"{'0': 623, '1': 171}",0,"{'0': 0, '1': 0}",[],0,4f53cda18c2baa0c0354bb5f9a3ecbe5ed12ab4d8e11ba873c2f11161202b945,False,"insufficient_eligible_synthetic:{""1"":97}"
bn_binary_cinexdrama,1043,1.75,L0.40_U0.60,0.4,0.6,490,"{'0': 222, '1': 268}",737,"{'0': 587, '1': 150}",0,"{'0': 0, '1': 0}",[],0,4f53cda18c2baa0c0354bb5f9a3ecbe5ed12ab4d8e11ba873c2f11161202b945,False,"insufficient_eligible_synthetic:{""1"":118}"
bn_binary_cinexdrama,1043,2.0,L0.10_U0.60,0.1,0.6,560,"{'0': 254, '1': 306}",795,"{'0': 624, '1': 171}",0,"{'0': 0, '1': 0}",[],0,4f53cda18c2baa0c0354bb5f9a3ecbe5ed12ab4d8e11ba873c2f11161202b945,False,"insufficient_eligible_synthetic:{""1"":135}"
bn_binary_cinexdrama,1043,2.0,L0.20_U0.60,0.2,0.6,560,"{'0': 254, '1': 306}",795,"{'0': 624, '1': 171}",0,"{'0': 0, '1': 0}",[],0,4f53cda18c2baa0c0354bb5f9a3ecbe5ed12ab4d8e11ba873c2f11161202b945,False,"insufficient_eligible_synthetic:{""1"":135}"
bn_binary_cinexdrama,1043,2.0,L0.30_U0.60,0.3,0.6,560,"{'0': 254, '1': 306}",794,"{'0': 623, '1': 171}",0,"{'0': 0, '1': 0}",[],0,4f53cda18c2baa0c0354bb5f9a3ecbe5ed12ab4d8e11ba873c2f11161202b945,False,"insufficient_eligible_synthetic:{""1"":135}"
bn_binary_cinexdrama,1043,2.0,L0.40_U0.60,0.4,0.6,560,"{'0': 254, '1': 306}",737,"{'0': 587, '1': 150}",0,"{'0': 0, '1': 0}",[],0,4f53cda18c2baa0c0354bb5f9a3ecbe5ed12ab4d8e11ba873c2f11161202b945,False,"insufficient_eligible_synthetic:{""1"":156}"
bn_binary_cinexdrama,1043,2.5,L0.10_U0.60,0.1,0.6,700,"{'0': 318, '1': 382}",795,"{'0': 624, '1': 171}",0,"{'0': 0, '1': 0}",[],0,4f53cda18c2baa0c0354bb5f9a3ecbe5ed12ab4d8e11ba873c2f11161202b945,False,"insufficient_eligible_synthetic:{""1"":211}"
bn_binary_cinexdrama,1043,2.5,L0.20_U0.60,0.2,0.6,700,"{'0': 318, '1': 382}",795,"{'0': 624, '1': 171}",0,"{'0': 0, '1': 0}",[],0,4f53cda18c2baa0c0354bb5f9a3ecbe5ed12ab4d8e11ba873c2f11161202b945,False,"insufficient_eligible_synthetic:{""1"":211}"
bn_binary_cinexdrama,1043,2.5,L0.30_U0.60,0.3,0.6,700,"{'0': 318, '1': 382}",794,"{'0': 623, '1': 171}",0,"{'0': 0, '1': 0}",[],0,4f53cda18c2baa0c0354bb5f9a3ecbe5ed12ab4d8e11ba873c2f11161202b945,False,"insufficient_eligible_synthetic:{""1"":211}"
bn_binary_cinexdrama,1043,2.5,L0.40_U0.60,0.4,0.6,700,"{'0': 318, '1': 382}",737,"{'0': 587, '1': 150}",0,"{'0': 0, '1': 0}",[],0,4f53cda18c2baa0c0354bb5f9a3ecbe5ed12ab4d8e11ba873c2f11161202b945,False,"insufficient_eligible_synthetic:{""1"":232}"
bn_binary_cinexdrama,1043,3.0,L0.10_U0.60,0.1,0.6,840,"{'0': 381, '1': 459}",795,"{'0': 624, '1': 171}",0,"{'0': 0, '1': 0}",[],0,4f53cda18c2baa0c0354bb5f9a3ecbe5ed12ab4d8e11ba873c2f11161202b945,False,"insufficient_eligible_synthetic:{""1"":288}"
bn_binary_cinexdrama,1043,3.0,L0.20_U0.60,0.2,0.6,840,"{'0': 381, '1': 459}",795,"{'0': 624, '1': 171}",0,"{'0': 0, '1': 0}",[],0,4f53cda18c2baa0c0354bb5f9a3ecbe5ed12ab4d8e11ba873c2f11161202b945,False,"insufficient_eligible_synthetic:{""1"":288}"
bn_binary_cinexdrama,1043,3.0,L0.30_U0.60,0.3,0.6,840,"{'0': 381, '1': 459}",794,"{'0': 623, '1': 171}",0,"{'0': 0, '1': 0}",[],0,4f53cda18c2baa0c0354bb5f9a3ecbe5ed12ab4d8e11ba873c2f11161202b945,False,"insufficient_eligible_synthetic:{""1"":288}"
bn_binary_cinexdrama,1043,3.0,L0.40_U0.60,0.4,0.6,840,"{'0': 381, '1': 459}",737,"{'0': 587, '1': 150}",0,"{'0': 0, '1': 0}",[],0,4f53cda18c2baa0c0354bb5f9a3ecbe5ed12ab4d8e11ba873c2f11161202b945,False,"insufficient_eligible_synthetic:{""1"":309}"
bn_binary_cinexdrama,1043,3.5,L0.10_U0.60,0.1,0.6,980,"{'0': 445, '1': 535}",795,"{'0': 624, '1': 171}",0,"{'0': 0, '1': 0}",[],0,4f53cda18c2baa0c0354bb5f9a3ecbe5ed12ab4d8e11ba873c2f11161202b945,False,"insufficient_eligible_synthetic:{""1"":364}"
bn_binary_cinexdrama,1043,3.5,L0.20_U0.60,0.2,0.6,980,"{'0': 445, '1': 535}",795,"{'0': 624, '1': 171}",0,"{'0': 0, '1': 0}",[],0,4f53cda18c2baa0c0354bb5f9a3ecbe5ed12ab4d8e11ba873c2f11161202b945,False,"insufficient_eligible_synthetic:{""1"":364}"
bn_binary_cinexdrama,1043,3.5,L0.30_U0.60,0.3,0.6,980,"{'0': 445, '1': 535}",794,"{'0': 623, '1': 171}",0,"{'0': 0, '1': 0}",[],0,4f53cda18c2baa0c0354bb5f9a3ecbe5ed12ab4d8e11ba873c2f11161202b945,False,"insufficient_eligible_synthetic:{""1"":364}"
bn_binary_cinexdrama,1043,3.5,L0.40_U0.60,0.4,0.6,980,"{'0': 445, '1': 535}",737,"{'0': 587, '1': 150}",0,"{'0': 0, '1': 0}",[],0,4f53cda18c2baa0c0354bb5f9a3ecbe5ed12ab4d8e11ba873c2f11161202b945,False,"insufficient_eligible_synthetic:{""1"":385}"
bn_binary_cinexdrama,1043,4.0,L0.10_U0.60,0.1,0.6,1120,"{'0': 508, '1': 612}",795,"{'0': 624, '1': 171}",0,"{'0': 0, '1': 0}",[],0,4f53cda18c2baa0c0354bb5f9a3ecbe5ed12ab4d8e11ba873c2f11161202b945,False,"insufficient_eligible_synthetic:{""1"":441}"
bn_binary_cinexdrama,1043,4.0,L0.20_U0.60,0.2,0.6,1120,"{'0': 508, '1': 612}",795,"{'0': 624, '1': 171}",0,"{'0': 0, '1': 0}",[],0,4f53cda18c2baa0c0354bb5f9a3ecbe5ed12ab4d8e11ba873c2f11161202b945,False,"insufficient_eligible_synthetic:{""1"":441}"
bn_binary_cinexdrama,1043,4.0,L0.30_U0.60,0.3,0.6,1120,"{'0': 508, '1': 612}",794,"{'0': 623, '1': 171}",0,"{'0': 0, '1': 0}",[],0,4f53cda18c2baa0c0354bb5f9a3ecbe5ed12ab4d8e11ba873c2f11161202b945,False,"insufficient_eligible_synthetic:{""1"":441}"
bn_binary_cinexdrama,1043,4.0,L0.40_U0.60,0.4,0.6,1120,"{'0': 508, '1': 612}",737,"{'0': 587, '1': 150}",0,"{'0': 0, '1': 0}",[],0,4f53cda18c2baa0c0354bb5f9a3ecbe5ed12ab4d8e11ba873c2f11161202b945,False,"insufficient_eligible_synthetic:{""1"":462}"
bn_binary_cinexdrama,1044,2.0,L0.10_U0.60,0.1,0.6,560,"{'0': 254, '1': 306}",975,"{'0': 672, '1': 303}",0,"{'0': 0, '1': 0}",[],0,4f53cda18c2baa0c0354bb5f9a3ecbe5ed12ab4d8e11ba873c2f11161202b945,False,"insufficient_eligible_synthetic:{""1"":3}"
bn_binary_cinexdrama,1044,2.0,L0.20_U0.60,0.2,0.6,560,"{'0': 254, '1': 306}",975,"{'0': 672, '1': 303}",0,"{'0': 0, '1': 0}",[],0,4f53cda18c2baa0c0354bb5f9a3ecbe5ed12ab4d8e11ba873c2f11161202b945,False,"insufficient_eligible_synthetic:{""1"":3}"
bn_binary_cinexdrama,1044,2.0,L0.30_U0.60,0.3,0.6,560,"{'0': 254, '1': 306}",975,"{'0': 672, '1': 303}",0,"{'0': 0, '1': 0}",[],0,4f53cda18c2baa0c0354bb5f9a3ecbe5ed12ab4d8e11ba873c2f11161202b945,False,"insufficient_eligible_synthetic:{""1"":3}"
bn_binary_cinexdrama,1044,2.0,L0.40_U0.60,0.4,0.6,560,"{'0': 254, '1': 306}",906,"{'0': 629, '1': 277}",0,"{'0': 0, '1': 0}",[],0,4f53cda18c2baa0c0354bb5f9a3ecbe5ed12ab4d8e11ba873c2f11161202b945,False,"insufficient_eligible_synthetic:{""1"":29}"
bn_binary_cinexdrama,1044,2.5,L0.10_U0.60,0.1,0.6,700,"{'0': 318, '1': 382}",975,"{'0': 672, '1': 303}",0,"{'0': 0, '1': 0}",[],0,4f53cda18c2baa0c0354bb5f9a3ecbe5ed12ab4d8e11ba873c2f11161202b945,False,"insufficient_eligible_synthetic:{""1"":79}"
bn_binary_cinexdrama,1044,2.5,L0.20_U0.60,0.2,0.6,700,"{'0': 318, '1': 382}",975,"{'0': 672, '1': 303}",0,"{'0': 0, '1': 0}",[],0,4f53cda18c2baa0c0354bb5f9a3ecbe5ed12ab4d8e11ba873c2f11161202b945,False,"insufficient_eligible_synthetic:{""1"":79}"
bn_binary_cinexdrama,1044,2.5,L0.30_U0.60,0.3,0.6,700,"{'0': 318, '1': 382}",975,"{'0': 672, '1': 303}",0,"{'0': 0, '1': 0}",[],0,4f53cda18c2baa0c0354bb5f9a3ecbe5ed12ab4d8e11ba873c2f11161202b945,False,"insufficient_eligible_synthetic:{""1"":79}"
bn_binary_cinexdrama,1044,2.5,L0.40_U0.60,0.4,0.6,700,"{'0': 318, '1': 382}",906,"{'0': 629, '1': 277}",0,"{'0': 0, '1': 0}",[],0,4f53cda18c2baa0c0354bb5f9a3ecbe5ed12ab4d8e11ba873c2f11161202b945,False,"insufficient_eligible_synthetic:{""1"":105}"
bn_binary_cinexdrama,1044,3.0,L0.10_U0.60,0.1,0.6,840,"{'0': 381, '1': 459}",975,"{'0': 672, '1': 303}",0,"{'0': 0, '1': 0}",[],0,4f53cda18c2baa0c0354bb5f9a3ecbe5ed12ab4d8e11ba873c2f11161202b945,False,"insufficient_eligible_synthetic:{""1"":156}"
bn_binary_cinexdrama,1044,3.0,L0.20_U0.60,0.2,0.6,840,"{'0': 381, '1': 459}",975,"{'0': 672, '1': 303}",0,"{'0': 0, '1': 0}",[],0,4f53cda18c2baa0c0354bb5f9a3ecbe5ed12ab4d8e11ba873c2f11161202b945,False,"insufficient_eligible_synthetic:{""1"":156}"
bn_binary_cinexdrama,1044,3.0,L0.30_U0.60,0.3,0.6,840,"{'0': 381, '1': 459}",975,"{'0': 672, '1': 303}",0,"{'0': 0, '1': 0}",[],0,4f53cda18c2baa0c0354bb5f9a3ecbe5ed12ab4d8e11ba873c2f11161202b945,False,"insufficient_eligible_synthetic:{""1"":156}"
bn_binary_cinexdrama,1044,3.0,L0.40_U0.60,0.4,0.6,840,"{'0': 381, '1': 459}",906,"{'0': 629, '1': 277}",0,"{'0': 0, '1': 0}",[],0,4f53cda18c2baa0c0354bb5f9a3ecbe5ed12ab4d8e11ba873c2f11161202b945,False,"insufficient_eligible_synthetic:{""1"":182}"
bn_binary_cinexdrama,1044,3.5,L0.10_U0.60,0.1,0.6,980,"{'0': 445, '1': 535}",975,"{'0': 672, '1': 303}",0,"{'0': 0, '1': 0}",[],0,4f53cda18c2baa0c0354bb5f9a3ecbe5ed12ab4d8e11ba873c2f11161202b945,False,"insufficient_eligible_synthetic:{""1"":232}"
bn_binary_cinexdrama,1044,3.5,L0.20_U0.60,0.2,0.6,980,"{'0': 445, '1': 535}",975,"{'0': 672, '1': 303}",0,"{'0': 0, '1': 0}",[],0,4f53cda18c2baa0c0354bb5f9a3ecbe5ed12ab4d8e11ba873c2f11161202b945,False,"insufficient_eligible_synthetic:{""1"":232}"
bn_binary_cinexdrama,1044,3.5,L0.30_U0.60,0.3,0.6,980,"{'0': 445, '1': 535}",975,"{'0': 672, '1': 303}",0,"{'0': 0, '1': 0}",[],0,4f53cda18c2baa0c0354bb5f9a3ecbe5ed12ab4d8e11ba873c2f11161202b945,False,"insufficient_eligible_synthetic:{""1"":232}"
bn_binary_cinexdrama,1044,3.5,L0.40_U0.60,0.4,0.6,980,"{'0': 445, '1': 535}",906,"{'0': 629, '1': 277}",0,"{'0': 0, '1': 0}",[],0,4f53cda18c2baa0c0354bb5f9a3ecbe5ed12ab4d8e11ba873c2f11161202b945,False,"insufficient_eligible_synthetic:{""1"":258}"
bn_binary_cinexdrama,1044,4.0,L0.10_U0.60,0.1,0.6,1120,"{'0': 508, '1': 612}",975,"{'0': 672, '1': 303}",0,"{'0': 0, '1': 0}",[],0,4f53cda18c2baa0c0354bb5f9a3ecbe5ed12ab4d8e11ba873c2f11161202b945,False,"insufficient_eligible_synthetic:{""1"":309}"
bn_binary_cinexdrama,1044,4.0,L0.20_U0.60,0.2,0.6,1120,"{'0': 508, '1': 612}",975,"{'0': 672, '1': 303}",0,"{'0': 0, '1': 0}",[],0,4f53cda18c2baa0c0354bb5f9a3ecbe5ed12ab4d8e11ba873c2f11161202b945,False,"insufficient_eligible_synthetic:{""1"":309}"
bn_binary_cinexdrama,1044,4.0,L0.30_U0.60,0.3,0.6,1120,"{'0': 508, '1': 612}",975,"{'0': 672, '1': 303}",0,"{'0': 0, '1': 0}",[],0,4f53cda18c2baa0c0354bb5f9a3ecbe5ed12ab4d8e11ba873c2f11161202b945,False,"insufficient_eligible_synthetic:{""1"":309}"
bn_binary_cinexdrama,1044,4.0,L0.40_U0.60,0.4,0.6,1120,"{'0': 508, '1': 612}",906,"{'0': 629, '1': 277}",0,"{'0': 0, '1': 0}",[],0,4f53cda18c2baa0c0354bb5f9a3ecbe5ed12ab4d8e11ba873c2f11161202b945,False,"insufficient_eligible_synthetic:{""1"":335}"
bn_binary_cinexdrama,1045,1.5,L0.10_U0.60,0.1,0.6,420,"{'0': 191, '1': 229}",811,"{'0': 605, '1': 206}",0,"{'0': 0, '1': 0}",[],0,4f53cda18c2baa0c0354bb5f9a3ecbe5ed12ab4d8e11ba873c2f11161202b945,False,"insufficient_eligible_synthetic:{""1"":23}"
bn_binary_cinexdrama,1045,1.5,L0.20_U0.60,0.2,0.6,420,"{'0': 191, '1': 229}",811,"{'0': 605, '1': 206}",0,"{'0': 0, '1': 0}",[],0,4f53cda18c2baa0c0354bb5f9a3ecbe5ed12ab4d8e11ba873c2f11161202b945,False,"insufficient_eligible_synthetic:{""1"":23}"
bn_binary_cinexdrama,1045,1.5,L0.30_U0.60,0.3,0.6,420,"{'0': 191, '1': 229}",811,"{'0': 605, '1': 206}",0,"{'0': 0, '1': 0}",[],0,4f53cda18c2baa0c0354bb5f9a3ecbe5ed12ab4d8e11ba873c2f11161202b945,False,"insufficient_eligible_synthetic:{""1"":23}"
bn_binary_cinexdrama,1045,1.5,L0.40_U0.60,0.4,0.6,420,"{'0': 191, '1': 229}",776,"{'0': 572, '1': 204}",0,"{'0': 0, '1': 0}",[],0,4f53cda18c2baa0c0354bb5f9a3ecbe5ed12ab4d8e11ba873c2f11161202b945,False,"insufficient_eligible_synthetic:{""1"":25}"
bn_binary_cinexdrama,1045,1.75,L0.10_U0.60,0.1,0.6,490,"{'0': 222, '1': 268}",811,"{'0': 605, '1': 206}",0,"{'0': 0, '1': 0}",[],0,4f53cda18c2baa0c0354bb5f9a3ecbe5ed12ab4d8e11ba873c2f11161202b945,False,"insufficient_eligible_synthetic:{""1"":62}"
bn_binary_cinexdrama,1045,1.75,L0.20_U0.60,0.2,0.6,490,"{'0': 222, '1': 268}",811,"{'0': 605, '1': 206}",0,"{'0': 0, '1': 0}",[],0,4f53cda18c2baa0c0354bb5f9a3ecbe5ed12ab4d8e11ba873c2f11161202b945,False,"insufficient_eligible_synthetic:{""1"":62}"
bn_binary_cinexdrama,1045,1.75,L0.30_U0.60,0.3,0.6,490,"{'0': 222, '1': 268}",811,"{'0': 605, '1': 206}",0,"{'0': 0, '1': 0}",[],0,4f53cda18c2baa0c0354bb5f9a3ecbe5ed12ab4d8e11ba873c2f11161202b945,False,"insufficient_eligible_synthetic:{""1"":62}"
bn_binary_cinexdrama,1045,1.75,L0.40_U0.60,0.4,0.6,490,"{'0': 222, '1': 268}",776,"{'0': 572, '1': 204}",0,"{'0': 0, '1': 0}",[],0,4f53cda18c2baa0c0354bb5f9a3ecbe5ed12ab4d8e11ba873c2f11161202b945,False,"insufficient_eligible_synthetic:{""1"":64}"
bn_binary_cinexdrama,1045,2.0,L0.10_U0.60,0.1,0.6,560,"{'0': 254, '1': 306}",811,"{'0': 605, '1': 206}",0,"{'0': 0, '1': 0}",[],0,4f53cda18c2baa0c0354bb5f9a3ecbe5ed12ab4d8e11ba873c2f11161202b945,False,"insufficient_eligible_synthetic:{""1"":100}"
bn_binary_cinexdrama,1045,2.0,L0.20_U0.60,0.2,0.6,560,"{'0': 254, '1': 306}",811,"{'0': 605, '1': 206}",0,"{'0': 0, '1': 0}",[],0,4f53cda18c2baa0c0354bb5f9a3ecbe5ed12ab4d8e11ba873c2f11161202b945,False,"insufficient_eligible_synthetic:{""1"":100}"
bn_binary_cinexdrama,1045,2.0,L0.30_U0.60,0.3,0.6,560,"{'0': 254, '1': 306}",811,"{'0': 605, '1': 206}",0,"{'0': 0, '1': 0}",[],0,4f53cda18c2baa0c0354bb5f9a3ecbe5ed12ab4d8e11ba873c2f11161202b945,False,"insufficient_eligible_synthetic:{""1"":100}"
bn_binary_cinexdrama,1045,2.0,L0.40_U0.60,0.4,0.6,560,"{'0': 254, '1': 306}",776,"{'0': 572, '1': 204}",0,"{'0': 0, '1': 0}",[],0,4f53cda18c2baa0c0354bb5f9a3ecbe5ed12ab4d8e11ba873c2f11161202b945,False,"insufficient_eligible_synthetic:{""1"":102}"
bn_binary_cinexdrama,1045,2.5,L0.10_U0.60,0.1,0.6,700,"{'0': 318, '1': 382}",811,"{'0': 605, '1': 206}",0,"{'0': 0, '1': 0}",[],0,4f53cda18c2baa0c0354bb5f9a3ecbe5ed12ab4d8e11ba873c2f11161202b945,False,"insufficient_eligible_synthetic:{""1"":176}"
bn_binary_cinexdrama,1045,2.5,L0.20_U0.60,0.2,0.6,700,"{'0': 318, '1': 382}",811,"{'0': 605, '1': 206}",0,"{'0': 0, '1': 0}",[],0,4f53cda18c2baa0c0354bb5f9a3ecbe5ed12ab4d8e11ba873c2f11161202b945,False,"insufficient_eligible_synthetic:{""1"":176}"
bn_binary_cinexdrama,1045,2.5,L0.30_U0.60,0.3,0.6,700,"{'0': 318, '1': 382}",811,"{'0': 605, '1': 206}",0,"{'0': 0, '1': 0}",[],0,4f53cda18c2baa0c0354bb5f9a3ecbe5ed12ab4d8e11ba873c2f11161202b945,False,"insufficient_eligible_synthetic:{""1"":176}"
bn_binary_cinexdrama,1045,2.5,L0.40_U0.60,0.4,0.6,700,"{'0': 318, '1': 382}",776,"{'0': 572, '1': 204}",0,"{'0': 0, '1': 0}",[],0,4f53cda18c2baa0c0354bb5f9a3ecbe5ed12ab4d8e11ba873c2f11161202b945,False,"insufficient_eligible_synthetic:{""1"":178}"
bn_binary_cinexdrama,1045,3.0,L0.10_U0.60,0.1,0.6,840,"{'0': 381, '1': 459}",811,"{'0': 605, '1': 206}",0,"{'0': 0, '1': 0}",[],0,4f53cda18c2baa0c0354bb5f9a3ecbe5ed12ab4d8e11ba873c2f11161202b945,False,"insufficient_eligible_synthetic:{""1"":253}"
bn_binary_cinexdrama,1045,3.0,L0.20_U0.60,0.2,0.6,840,"{'0': 381, '1': 459}",811,"{'0': 605, '1': 206}",0,"{'0': 0, '1': 0}",[],0,4f53cda18c2baa0c0354bb5f9a3ecbe5ed12ab4d8e11ba873c2f11161202b945,False,"insufficient_eligible_synthetic:{""1"":253}"
bn_binary_cinexdrama,1045,3.0,L0.30_U0.60,0.3,0.6,840,"{'0': 381, '1': 459}",811,"{'0': 605, '1': 206}",0,"{'0': 0, '1': 0}",[],0,4f53cda18c2baa0c0354bb5f9a3ecbe5ed12ab4d8e11ba873c2f11161202b945,False,"insufficient_eligible_synthetic:{""1"":253}"
bn_binary_cinexdrama,1045,3.0,L0.40_U0.60,0.4,0.6,840,"{'0': 381, '1': 459}",776,"{'0': 572, '1': 204}",0,"{'0': 0, '1': 0}",[],0,4f53cda18c2baa0c0354bb5f9a3ecbe5ed12ab4d8e11ba873c2f11161202b945,False,"insufficient_eligible_synthetic:{""1"":255}"
bn_binary_cinexdrama,1045,3.5,L0.10_U0.60,0.1,0.6,980,"{'0': 445, '1': 535}",811,"{'0': 605, '1': 206}",0,"{'0': 0, '1': 0}",[],0,4f53cda18c2baa0c0354bb5f9a3ecbe5ed12ab4d8e11ba873c2f11161202b945,False,"insufficient_eligible_synthetic:{""1"":329}"
bn_binary_cinexdrama,1045,3.5,L0.20_U0.60,0.2,0.6,980,"{'0': 445, '1': 535}",811,"{'0': 605, '1': 206}",0,"{'0': 0, '1': 0}",[],0,4f53cda18c2baa0c0354bb5f9a3ecbe5ed12ab4d8e11ba873c2f11161202b945,False,"insufficient_eligible_synthetic:{""1"":329}"
bn_binary_cinexdrama,1045,3.5,L0.30_U0.60,0.3,0.6,980,"{'0': 445, '1': 535}",811,"{'0': 605, '1': 206}",0,"{'0': 0, '1': 0}",[],0,4f53cda18c2baa0c0354bb5f9a3ecbe5ed12ab4d8e11ba873c2f11161202b945,False,"insufficient_eligible_synthetic:{""1"":329}"
bn_binary_cinexdrama,1045,3.5,L0.40_U0.60,0.4,0.6,980,"{'0': 445, '1': 535}",776,"{'0': 572, '1': 204}",0,"{'0': 0, '1': 0}",[],0,4f53cda18c2baa0c0354bb5f9a3ecbe5ed12ab4d8e11ba873c2f11161202b945,False,"insufficient_eligible_synthetic:{""1"":331}"
bn_binary_cinexdrama,1045,4.0,L0.10_U0.60,0.1,0.6,1120,"{'0': 508, '1': 612}",811,"{'0': 605, '1': 206}",0,"{'0': 0, '1': 0}",[],0,4f53cda18c2baa0c0354bb5f9a3ecbe5ed12ab4d8e11ba873c2f11161202b945,False,"insufficient_eligible_synthetic:{""1"":406}"
bn_binary_cinexdrama,1045,4.0,L0.20_U0.60,0.2,0.6,1120,"{'0': 508, '1': 612}",811,"{'0': 605, '1': 206}",0,"{'0': 0, '1': 0}",[],0,4f53cda18c2baa0c0354bb5f9a3ecbe5ed12ab4d8e11ba873c2f11161202b945,False,"insufficient_eligible_synthetic:{""1"":406}"
bn_binary_cinexdrama,1045,4.0,L0.30_U0.60,0.3,0.6,1120,"{'0': 508, '1': 612}",811,"{'0': 605, '1': 206}",0,"{'0': 0, '1': 0}",[],0,4f53cda18c2baa0c0354bb5f9a3ecbe5ed12ab4d8e11ba873c2f11161202b945,False,"insufficient_eligible_synthetic:{""1"":406}"
bn_binary_cinexdrama,1045,4.0,L0.40_U0.60,0.4,0.6,1120,"{'0': 508, '1': 612}",776,"{'0': 572, '1': 204}",0,"{'0': 0, '1': 0}",[],0,4f53cda18c2baa0c0354bb5f9a3ecbe5ed12ab4d8e11ba873c2f11161202b945,False,"insufficient_eligible_synthetic:{""1"":408}"
bn_binary_cinexdrama,1046,1.5,L0.10_U0.60,0.1,0.6,420,"{'0': 191, '1': 229}",791,"{'0': 564, '1': 227}",0,"{'0': 0, '1': 0}",[],0,4f53cda18c2baa0c0354bb5f9a3ecbe5ed12ab4d8e11ba873c2f11161202b945,False,"insufficient_eligible_synthetic:{""1"":2}"
bn_binary_cinexdrama,1046,1.5,L0.20_U0.60,0.2,0.6,420,"{'0': 191, '1': 229}",791,"{'0': 564, '1': 227}",0,"{'0': 0, '1': 0}",[],0,4f53cda18c2baa0c0354bb5f9a3ecbe5ed12ab4d8e11ba873c2f11161202b945,False,"insufficient_eligible_synthetic:{""1"":2}"
bn_binary_cinexdrama,1046,1.5,L0.30_U0.60,0.3,0.6,420,"{'0': 191, '1': 229}",791,"{'0': 564, '1': 227}",0,"{'0': 0, '1': 0}",[],0,4f53cda18c2baa0c0354bb5f9a3ecbe5ed12ab4d8e11ba873c2f11161202b945,False,"insufficient_eligible_synthetic:{""1"":2}"
bn_binary_cinexdrama,1046,1.5,L0.40_U0.60,0.4,0.6,420,"{'0': 191, '1': 229}",738,"{'0': 542, '1': 196}",0,"{'0': 0, '1': 0}",[],0,4f53cda18c2baa0c0354bb5f9a3ecbe5ed12ab4d8e11ba873c2f11161202b945,False,"insufficient_eligible_synthetic:{""1"":33}"
bn_binary_cinexdrama,1046,1.75,L0.10_U0.60,0.1,0.6,490,"{'0': 222, '1': 268}",791,"{'0': 564, '1': 227}",0,"{'0': 0, '1': 0}",[],0,4f53cda18c2baa0c0354bb5f9a3ecbe5ed12ab4d8e11ba873c2f11161202b945,False,"insufficient_eligible_synthetic:{""1"":41}"
bn_binary_cinexdrama,1046,1.75,L0.20_U0.60,0.2,0.6,490,"{'0': 222, '1': 268}",791,"{'0': 564, '1': 227}",0,"{'0': 0, '1': 0}",[],0,4f53cda18c2baa0c0354bb5f9a3ecbe5ed12ab4d8e11ba873c2f11161202b945,False,"insufficient_eligible_synthetic:{""1"":41}"
bn_binary_cinexdrama,1046,1.75,L0.30_U0.60,0.3,0.6,490,"{'0': 222, '1': 268}",791,"{'0': 564, '1': 227}",0,"{'0': 0, '1': 0}",[],0,4f53cda18c2baa0c0354bb5f9a3ecbe5ed12ab4d8e11ba873c2f11161202b945,False,"insufficient_eligible_synthetic:{""1"":41}"
bn_binary_cinexdrama,1046,1.75,L0.40_U0.60,0.4,0.6,490,"{'0': 222, '1': 268}",738,"{'0': 542, '1': 196}",0,"{'0': 0, '1': 0}",[],0,4f53cda18c2baa0c0354bb5f9a3ecbe5ed12ab4d8e11ba873c2f11161202b945,False,"insufficient_eligible_synthetic:{""1"":72}"
bn_binary_cinexdrama,1046,2.0,L0.10_U0.60,0.1,0.6,560,"{'0': 254, '1': 306}",791,"{'0': 564, '1': 227}",0,"{'0': 0, '1': 0}",[],0,4f53cda18c2baa0c0354bb5f9a3ecbe5ed12ab4d8e11ba873c2f11161202b945,False,"insufficient_eligible_synthetic:{""1"":79}"
bn_binary_cinexdrama,1046,2.0,L0.20_U0.60,0.2,0.6,560,"{'0': 254, '1': 306}",791,"{'0': 564, '1': 227}",0,"{'0': 0, '1': 0}",[],0,4f53cda18c2baa0c0354bb5f9a3ecbe5ed12ab4d8e11ba873c2f11161202b945,False,"insufficient_eligible_synthetic:{""1"":79}"
bn_binary_cinexdrama,1046,2.0,L0.30_U0.60,0.3,0.6,560,"{'0': 254, '1': 306}",791,"{'0': 564, '1': 227}",0,"{'0': 0, '1': 0}",[],0,4f53cda18c2baa0c0354bb5f9a3ecbe5ed12ab4d8e11ba873c2f11161202b945,False,"insufficient_eligible_synthetic:{""1"":79}"
bn_binary_cinexdrama,1046,2.0,L0.40_U0.60,0.4,0.6,560,"{'0': 254, '1': 306}",738,"{'0': 542, '1': 196}",0,"{'0': 0, '1': 0}",[],0,4f53cda18c2baa0c0354bb5f9a3ecbe5ed12ab4d8e11ba873c2f11161202b945,False,"insufficient_eligible_synthetic:{""1"":110}"
bn_binary_cinexdrama,1046,2.5,L0.10_U0.60,0.1,0.6,700,"{'0': 318, '1': 382}",791,"{'0': 564, '1': 227}",0,"{'0': 0, '1': 0}",[],0,4f53cda18c2baa0c0354bb5f9a3ecbe5ed12ab4d8e11ba873c2f11161202b945,False,"insufficient_eligible_synthetic:{""1"":155}"
bn_binary_cinexdrama,1046,2.5,L0.20_U0.60,0.2,0.6,700,"{'0': 318, '1': 382}",791,"{'0': 564, '1': 227}",0,"{'0': 0, '1': 0}",[],0,4f53cda18c2baa0c0354bb5f9a3ecbe5ed12ab4d8e11ba873c2f11161202b945,False,"insufficient_eligible_synthetic:{""1"":155}"
bn_binary_cinexdrama,1046,2.5,L0.30_U0.60,0.3,0.6,700,"{'0': 318, '1': 382}",791,"{'0': 564, '1': 227}",0,"{'0': 0, '1': 0}",[],0,4f53cda18c2baa0c0354bb5f9a3ecbe5ed12ab4d8e11ba873c2f11161202b945,False,"insufficient_eligible_synthetic:{""1"":155}"
bn_binary_cinexdrama,1046,2.5,L0.40_U0.60,0.4,0.6,700,"{'0': 318, '1': 382}",738,"{'0': 542, '1': 196}",0,"{'0': 0, '1': 0}",[],0,4f53cda18c2baa0c0354bb5f9a3ecbe5ed12ab4d8e11ba873c2f11161202b945,False,"insufficient_eligible_synthetic:{""1"":186}"
bn_binary_cinexdrama,1046,3.0,L0.10_U0.60,0.1,0.6,840,"{'0': 381, '1': 459}",791,"{'0': 564, '1': 227}",0,"{'0': 0, '1': 0}",[],0,4f53cda18c2baa0c0354bb5f9a3ecbe5ed12ab4d8e11ba873c2f11161202b945,False,"insufficient_eligible_synthetic:{""1"":232}"
bn_binary_cinexdrama,1046,3.0,L0.20_U0.60,0.2,0.6,840,"{'0': 381, '1': 459}",791,"{'0': 564, '1': 227}",0,"{'0': 0, '1': 0}",[],0,4f53cda18c2baa0c0354bb5f9a3ecbe5ed12ab4d8e11ba873c2f11161202b945,False,"insufficient_eligible_synthetic:{""1"":232}"
bn_binary_cinexdrama,1046,3.0,L0.30_U0.60,0.3,0.6,840,"{'0': 381, '1': 459}",791,"{'0': 564, '1': 227}",0,"{'0': 0, '1': 0}",[],0,4f53cda18c2baa0c0354bb5f9a3ecbe5ed12ab4d8e11ba873c2f11161202b945,False,"insufficient_eligible_synthetic:{""1"":232}"
bn_binary_cinexdrama,1046,3.0,L0.40_U0.60,0.4,0.6,840,"{'0': 381, '1': 459}",738,"{'0': 542, '1': 196}",0,"{'0': 0, '1': 0}",[],0,4f53cda18c2baa0c0354bb5f9a3ecbe5ed12ab4d8e11ba873c2f11161202b945,False,"insufficient_eligible_synthetic:{""1"":263}"
bn_binary_cinexdrama,1046,3.5,L0.10_U0.60,0.1,0.6,980,"{'0': 445, '1': 535}",791,"{'0': 564, '1': 227}",0,"{'0': 0, '1': 0}",[],0,4f53cda18c2baa0c0354bb5f9a3ecbe5ed12ab4d8e11ba873c2f11161202b945,False,"insufficient_eligible_synthetic:{""1"":308}"
bn_binary_cinexdrama,1046,3.5,L0.20_U0.60,0.2,0.6,980,"{'0': 445, '1': 535}",791,"{'0': 564, '1': 227}",0,"{'0': 0, '1': 0}",[],0,4f53cda18c2baa0c0354bb5f9a3ecbe5ed12ab4d8e11ba873c2f11161202b945,False,"insufficient_eligible_synthetic:{""1"":308}"
bn_binary_cinexdrama,1046,3.5,L0.30_U0.60,0.3,0.6,980,"{'0': 445, '1': 535}",791,"{'0': 564, '1': 227}",0,"{'0': 0, '1': 0}",[],0,4f53cda18c2baa0c0354bb5f9a3ecbe5ed12ab4d8e11ba873c2f11161202b945,False,"insufficient_eligible_synthetic:{""1"":308}"
bn_binary_cinexdrama,1046,3.5,L0.40_U0.60,0.4,0.6,980,"{'0': 445, '1': 535}",738,"{'0': 542, '1': 196}",0,"{'0': 0, '1': 0}",[],0,4f53cda18c2baa0c0354bb5f9a3ecbe5ed12ab4d8e11ba873c2f11161202b945,False,"insufficient_eligible_synthetic:{""1"":339}"
bn_binary_cinexdrama,1046,4.0,L0.10_U0.60,0.1,0.6,1120,"{'0': 508, '1': 612}",791,"{'0': 564, '1': 227}",0,"{'0': 0, '1': 0}",[],0,4f53cda18c2baa0c0354bb5f9a3ecbe5ed12ab4d8e11ba873c2f11161202b945,False,"insufficient_eligible_synthetic:{""1"":385}"
bn_binary_cinexdrama,1046,4.0,L0.20_U0.60,0.2,0.6,1120,"{'0': 508, '1': 612}",791,"{'0': 564, '1': 227}",0,"{'0': 0, '1': 0}",[],0,4f53cda18c2baa0c0354bb5f9a3ecbe5ed12ab4d8e11ba873c2f11161202b945,False,"insufficient_eligible_synthetic:{""1"":385}"
bn_binary_cinexdrama,1046,4.0,L0.30_U0.60,0.3,0.6,1120,"{'0': 508, '1': 612}",791,"{'0': 564, '1': 227}",0,"{'0': 0, '1': 0}",[],0,4f53cda18c2baa0c0354bb5f9a3ecbe5ed12ab4d8e11ba873c2f11161202b945,False,"insufficient_eligible_synthetic:{""1"":385}"
bn_binary_cinexdrama,1046,4.0,L0.40_U0.60,0.4,0.6,1120,"{'0': 508, '1': 612}",738,"{'0': 542, '1': 196}",0,"{'0': 0, '1': 0}",[],0,4f53cda18c2baa0c0354bb5f9a3ecbe5ed12ab4d8e11ba873c2f11161202b945,False,"insufficient_eligible_synthetic:{""1"":416}"
bn_binary_cinexdrama,1047,1.0,L0.40_U0.60,0.4,0.6,280,"{'0': 127, '1': 153}",680,"{'0': 530, '1': 150}",0,"{'0': 0, '1': 0}",[],0,4f53cda18c2baa0c0354bb5f9a3ecbe5ed12ab4d8e11ba873c2f11161202b945,False,"insufficient_eligible_synthetic:{""1"":3}"
bn_binary_cinexdrama,1047,1.25,L0.10_U0.60,0.1,0.6,350,"{'0': 159, '1': 191}",731,"{'0': 574, '1': 157}",0,"{'0': 0, '1': 0}",[],0,4f53cda18c2baa0c0354bb5f9a3ecbe5ed12ab4d8e11ba873c2f11161202b945,False,"insufficient_eligible_synthetic:{""1"":34}"
bn_binary_cinexdrama,1047,1.25,L0.20_U0.60,0.2,0.6,350,"{'0': 159, '1': 191}",731,"{'0': 574, '1': 157}",0,"{'0': 0, '1': 0}",[],0,4f53cda18c2baa0c0354bb5f9a3ecbe5ed12ab4d8e11ba873c2f11161202b945,False,"insufficient_eligible_synthetic:{""1"":34}"
bn_binary_cinexdrama,1047,1.25,L0.30_U0.60,0.3,0.6,350,"{'0': 159, '1': 191}",731,"{'0': 574, '1': 157}",0,"{'0': 0, '1': 0}",[],0,4f53cda18c2baa0c0354bb5f9a3ecbe5ed12ab4d8e11ba873c2f11161202b945,False,"insufficient_eligible_synthetic:{""1"":34}"
bn_binary_cinexdrama,1047,1.25,L0.40_U0.60,0.4,0.6,350,"{'0': 159, '1': 191}",680,"{'0': 530, '1': 150}",0,"{'0': 0, '1': 0}",[],0,4f53cda18c2baa0c0354bb5f9a3ecbe5ed12ab4d8e11ba873c2f11161202b945,False,"insufficient_eligible_synthetic:{""1"":41}"
bn_binary_cinexdrama,1047,1.5,L0.10_U0.60,0.1,0.6,420,"{'0': 191, '1': 229}",731,"{'0': 574, '1': 157}",0,"{'0': 0, '1': 0}",[],0,4f53cda18c2baa0c0354bb5f9a3ecbe5ed12ab4d8e11ba873c2f11161202b945,False,"insufficient_eligible_synthetic:{""1"":72}"
bn_binary_cinexdrama,1047,1.5,L0.20_U0.60,0.2,0.6,420,"{'0': 191, '1': 229}",731,"{'0': 574, '1': 157}",0,"{'0': 0, '1': 0}",[],0,4f53cda18c2baa0c0354bb5f9a3ecbe5ed12ab4d8e11ba873c2f11161202b945,False,"insufficient_eligible_synthetic:{""1"":72}"
bn_binary_cinexdrama,1047,1.5,L0.30_U0.60,0.3,0.6,420,"{'0': 191, '1': 229}",731,"{'0': 574, '1': 157}",0,"{'0': 0, '1': 0}",[],0,4f53cda18c2baa0c0354bb5f9a3ecbe5ed12ab4d8e11ba873c2f11161202b945,False,"insufficient_eligible_synthetic:{""1"":72}"
bn_binary_cinexdrama,1047,1.5,L0.40_U0.60,0.4,0.6,420,"{'0': 191, '1': 229}",680,"{'0': 530, '1': 150}",0,"{'0': 0, '1': 0}",[],0,4f53cda18c2baa0c0354bb5f9a3ecbe5ed12ab4d8e11ba873c2f11161202b945,False,"insufficient_eligible_synthetic:{""1"":79}"
bn_binary_cinexdrama,1047,1.75,L0.10_U0.60,0.1,0.6,490,"{'0': 222, '1': 268}",731,"{'0': 574, '1': 157}",0,"{'0': 0, '1': 0}",[],0,4f53cda18c2baa0c0354bb5f9a3ecbe5ed12ab4d8e11ba873c2f11161202b945,False,"insufficient_eligible_synthetic:{""1"":111}"
bn_binary_cinexdrama,1047,1.75,L0.20_U0.60,0.2,0.6,490,"{'0': 222, '1': 268}",731,"{'0': 574, '1': 157}",0,"{'0': 0, '1': 0}",[],0,4f53cda18c2baa0c0354bb5f9a3ecbe5ed12ab4d8e11ba873c2f11161202b945,False,"insufficient_eligible_synthetic:{""1"":111}"
bn_binary_cinexdrama,1047,1.75,L0.30_U0.60,0.3,0.6,490,"{'0': 222, '1': 268}",731,"{'0': 574, '1': 157}",0,"{'0': 0, '1': 0}",[],0,4f53cda18c2baa0c0354bb5f9a3ecbe5ed12ab4d8e11ba873c2f11161202b945,False,"insufficient_eligible_synthetic:{""1"":111}"
bn_binary_cinexdrama,1047,1.75,L0.40_U0.60,0.4,0.6,490,"{'0': 222, '1': 268}",680,"{'0': 530, '1': 150}",0,"{'0': 0, '1': 0}",[],0,4f53cda18c2baa0c0354bb5f9a3ecbe5ed12ab4d8e11ba873c2f11161202b945,False,"insufficient_eligible_synthetic:{""1"":118}"
bn_binary_cinexdrama,1047,2.0,L0.10_U0.60,0.1,0.6,560,"{'0': 254, '1': 306}",731,"{'0': 574, '1': 157}",0,"{'0': 0, '1': 0}",[],0,4f53cda18c2baa0c0354bb5f9a3ecbe5ed12ab4d8e11ba873c2f11161202b945,False,"insufficient_eligible_synthetic:{""1"":149}"
bn_binary_cinexdrama,1047,2.0,L0.20_U0.60,0.2,0.6,560,"{'0': 254, '1': 306}",731,"{'0': 574, '1': 157}",0,"{'0': 0, '1': 0}",[],0,4f53cda18c2baa0c0354bb5f9a3ecbe5ed12ab4d8e11ba873c2f11161202b945,False,"insufficient_eligible_synthetic:{""1"":149}"
bn_binary_cinexdrama,1047,2.0,L0.30_U0.60,0.3,0.6,560,"{'0': 254, '1': 306}",731,"{'0': 574, '1': 157}",0,"{'0': 0, '1': 0}",[],0,4f53cda18c2baa0c0354bb5f9a3ecbe5ed12ab4d8e11ba873c2f11161202b945,False,"insufficient_eligible_synthetic:{""1"":149}"
bn_binary_cinexdrama,1047,2.0,L0.40_U0.60,0.4,0.6,560,"{'0': 254, '1': 306}",680,"{'0': 530, '1': 150}",0,"{'0': 0, '1': 0}",[],0,4f53cda18c2baa0c0354bb5f9a3ecbe5ed12ab4d8e11ba873c2f11161202b945,False,"insufficient_eligible_synthetic:{""1"":156}"
bn_binary_cinexdrama,1047,2.5,L0.10_U0.60,0.1,0.6,700,"{'0': 318, '1': 382}",731,"{'0': 574, '1': 157}",0,"{'0': 0, '1': 0}",[],0,4f53cda18c2baa0c0354bb5f9a3ecbe5ed12ab4d8e11ba873c2f11161202b945,False,"insufficient_eligible_synthetic:{""1"":225}"
bn_binary_cinexdrama,1047,2.5,L0.20_U0.60,0.2,0.6,700,"{'0': 318, '1': 382}",731,"{'0': 574, '1': 157}",0,"{'0': 0, '1': 0}",[],0,4f53cda18c2baa0c0354bb5f9a3ecbe5ed12ab4d8e11ba873c2f11161202b945,False,"insufficient_eligible_synthetic:{""1"":225}"
bn_binary_cinexdrama,1047,2.5,L0.30_U0.60,0.3,0.6,700,"{'0': 318, '1': 382}",731,"{'0': 574, '1': 157}",0,"{'0': 0, '1': 0}",[],0,4f53cda18c2baa0c0354bb5f9a3ecbe5ed12ab4d8e11ba873c2f11161202b945,False,"insufficient_eligible_synthetic:{""1"":225}"
bn_binary_cinexdrama,1047,2.5,L0.40_U0.60,0.4,0.6,700,"{'0': 318, '1': 382}",680,"{'0': 530, '1': 150}",0,"{'0': 0, '1': 0}",[],0,4f53cda18c2baa0c0354bb5f9a3ecbe5ed12ab4d8e11ba873c2f11161202b945,False,"insufficient_eligible_synthetic:{""1"":232}"
bn_binary_cinexdrama,1047,3.0,L0.10_U0.60,0.1,0.6,840,"{'0': 381, '1': 459}",731,"{'0': 574, '1': 157}",0,"{'0': 0, '1': 0}",[],0,4f53cda18c2baa0c0354bb5f9a3ecbe5ed12ab4d8e11ba873c2f11161202b945,False,"insufficient_eligible_synthetic:{""1"":302}"
bn_binary_cinexdrama,1047,3.0,L0.20_U0.60,0.2,0.6,840,"{'0': 381, '1': 459}",731,"{'0': 574, '1': 157}",0,"{'0': 0, '1': 0}",[],0,4f53cda18c2baa0c0354bb5f9a3ecbe5ed12ab4d8e11ba873c2f11161202b945,False,"insufficient_eligible_synthetic:{""1"":302}"
bn_binary_cinexdrama,1047,3.0,L0.30_U0.60,0.3,0.6,840,"{'0': 381, '1': 459}",731,"{'0': 574, '1': 157}",0,"{'0': 0, '1': 0}",[],0,4f53cda18c2baa0c0354bb5f9a3ecbe5ed12ab4d8e11ba873c2f11161202b945,False,"insufficient_eligible_synthetic:{""1"":302}"
bn_binary_cinexdrama,1047,3.0,L0.40_U0.60,0.4,0.6,840,"{'0': 381, '1': 459}",680,"{'0': 530, '1': 150}",0,"{'0': 0, '1': 0}",[],0,4f53cda18c2baa0c0354bb5f9a3ecbe5ed12ab4d8e11ba873c2f11161202b945,False,"insufficient_eligible_synthetic:{""1"":309}"
bn_binary_cinexdrama,1047,3.5,L0.10_U0.60,0.1,0.6,980,"{'0': 445, '1': 535}",731,"{'0': 574, '1': 157}",0,"{'0': 0, '1': 0}",[],0,4f53cda18c2baa0c0354bb5f9a3ecbe5ed12ab4d8e11ba873c2f11161202b945,False,"insufficient_eligible_synthetic:{""1"":378}"
bn_binary_cinexdrama,1047,3.5,L0.20_U0.60,0.2,0.6,980,"{'0': 445, '1': 535}",731,"{'0': 574, '1': 157}",0,"{'0': 0, '1': 0}",[],0,4f53cda18c2baa0c0354bb5f9a3ecbe5ed12ab4d8e11ba873c2f11161202b945,False,"insufficient_eligible_synthetic:{""1"":378}"
bn_binary_cinexdrama,1047,3.5,L0.30_U0.60,0.3,0.6,980,"{'0': 445, '1': 535}",731,"{'0': 574, '1': 157}",0,"{'0': 0, '1': 0}",[],0,4f53cda18c2baa0c0354bb5f9a3ecbe5ed12ab4d8e11ba873c2f11161202b945,False,"insufficient_eligible_synthetic:{""1"":378}"
bn_binary_cinexdrama,1047,3.5,L0.40_U0.60,0.4,0.6,980,"{'0': 445, '1': 535}",680,"{'0': 530, '1': 150}",0,"{'0': 0, '1': 0}",[],0,4f53cda18c2baa0c0354bb5f9a3ecbe5ed12ab4d8e11ba873c2f11161202b945,False,"insufficient_eligible_synthetic:{""1"":385}"
bn_binary_cinexdrama,1047,4.0,L0.10_U0.60,0.1,0.6,1120,"{'0': 508, '1': 612}",731,"{'0': 574, '1': 157}",0,"{'0': 0, '1': 0}",[],0,4f53cda18c2baa0c0354bb5f9a3ecbe5ed12ab4d8e11ba873c2f11161202b945,False,"insufficient_eligible_synthetic:{""1"":455}"
bn_binary_cinexdrama,1047,4.0,L0.20_U0.60,0.2,0.6,1120,"{'0': 508, '1': 612}",731,"{'0': 574, '1': 157}",0,"{'0': 0, '1': 0}",[],0,4f53cda18c2baa0c0354bb5f9a3ecbe5ed12ab4d8e11ba873c2f11161202b945,False,"insufficient_eligible_synthetic:{""1"":455}"
bn_binary_cinexdrama,1047,4.0,L0.30_U0.60,0.3,0.6,1120,"{'0': 508, '1': 612}",731,"{'0': 574, '1': 157}",0,"{'0': 0, '1': 0}",[],0,4f53cda18c2baa0c0354bb5f9a3ecbe5ed12ab4d8e11ba873c2f11161202b945,False,"insufficient_eligible_synthetic:{""1"":455}"
bn_binary_cinexdrama,1047,4.0,L0.40_U0.60,0.4,0.6,1120,"{'0': 508, '1': 612}",680,"{'0': 530, '1': 150}",0,"{'0': 0, '1': 0}",[],0,4f53cda18c2baa0c0354bb5f9a3ecbe5ed12ab4d8e11ba873c2f11161202b945,False,"insufficient_eligible_synthetic:{""1"":462}"
bn_binary_cinexdrama,1048,1.0,L0.10_U0.60,0.1,0.6,280,"{'0': 127, '1': 153}",707,"{'0': 590, '1': 117}",0,"{'0': 0, '1': 0}",[],0,4f53cda18c2baa0c0354bb5f9a3ecbe5ed12ab4d8e11ba873c2f11161202b945,False,"insufficient_eligible_synthetic:{""1"":36}"
bn_binary_cinexdrama,1048,1.0,L0.20_U0.60,0.2,0.6,280,"{'0': 127, '1': 153}",707,"{'0': 590, '1': 117}",0,"{'0': 0, '1': 0}",[],0,4f53cda18c2baa0c0354bb5f9a3ecbe5ed12ab4d8e11ba873c2f11161202b945,False,"insufficient_eligible_synthetic:{""1"":36}"
bn_binary_cinexdrama,1048,1.0,L0.30_U0.60,0.3,0.6,280,"{'0': 127, '1': 153}",702,"{'0': 585, '1': 117}",0,"{'0': 0, '1': 0}",[],0,4f53cda18c2baa0c0354bb5f9a3ecbe5ed12ab4d8e11ba873c2f11161202b945,False,"insufficient_eligible_synthetic:{""1"":36}"
bn_binary_cinexdrama,1048,1.0,L0.40_U0.60,0.4,0.6,280,"{'0': 127, '1': 153}",676,"{'0': 559, '1': 117}",0,"{'0': 0, '1': 0}",[],0,4f53cda18c2baa0c0354bb5f9a3ecbe5ed12ab4d8e11ba873c2f11161202b945,False,"insufficient_eligible_synthetic:{""1"":36}"
bn_binary_cinexdrama,1048,1.25,L0.10_U0.60,0.1,0.6,350,"{'0': 159, '1': 191}",707,"{'0': 590, '1': 117}",0,"{'0': 0, '1': 0}",[],0,4f53cda18c2baa0c0354bb5f9a3ecbe5ed12ab4d8e11ba873c2f11161202b945,False,"insufficient_eligible_synthetic:{""1"":74}"
bn_binary_cinexdrama,1048,1.25,L0.20_U0.60,0.2,0.6,350,"{'0': 159, '1': 191}",707,"{'0': 590, '1': 117}",0,"{'0': 0, '1': 0}",[],0,4f53cda18c2baa0c0354bb5f9a3ecbe5ed12ab4d8e11ba873c2f11161202b945,False,"insufficient_eligible_synthetic:{""1"":74}"
bn_binary_cinexdrama,1048,1.25,L0.30_U0.60,0.3,0.6,350,"{'0': 159, '1': 191}",702,"{'0': 585, '1': 117}",0,"{'0': 0, '1': 0}",[],0,4f53cda18c2baa0c0354bb5f9a3ecbe5ed12ab4d8e11ba873c2f11161202b945,False,"insufficient_eligible_synthetic:{""1"":74}"
bn_binary_cinexdrama,1048,1.25,L0.40_U0.60,0.4,0.6,350,"{'0': 159, '1': 191}",676,"{'0': 559, '1': 117}",0,"{'0': 0, '1': 0}",[],0,4f53cda18c2baa0c0354bb5f9a3ecbe5ed12ab4d8e11ba873c2f11161202b945,False,"insufficient_eligible_synthetic:{""1"":74}"
bn_binary_cinexdrama,1048,1.5,L0.10_U0.60,0.1,0.6,420,"{'0': 191, '1': 229}",707,"{'0': 590, '1': 117}",0,"{'0': 0, '1': 0}",[],0,4f53cda18c2baa0c0354bb5f9a3ecbe5ed12ab4d8e11ba873c2f11161202b945,False,"insufficient_eligible_synthetic:{""1"":112}"
bn_binary_cinexdrama,1048,1.5,L0.20_U0.60,0.2,0.6,420,"{'0': 191, '1': 229}",707,"{'0': 590, '1': 117}",0,"{'0': 0, '1': 0}",[],0,4f53cda18c2baa0c0354bb5f9a3ecbe5ed12ab4d8e11ba873c2f11161202b945,False,"insufficient_eligible_synthetic:{""1"":112}"
bn_binary_cinexdrama,1048,1.5,L0.30_U0.60,0.3,0.6,420,"{'0': 191, '1': 229}",702,"{'0': 585, '1': 117}",0,"{'0': 0, '1': 0}",[],0,4f53cda18c2baa0c0354bb5f9a3ecbe5ed12ab4d8e11ba873c2f11161202b945,False,"insufficient_eligible_synthetic:{""1"":112}"
bn_binary_cinexdrama,1048,1.5,L0.40_U0.60,0.4,0.6,420,"{'0': 191, '1': 229}",676,"{'0': 559, '1': 117}",0,"{'0': 0, '1': 0}",[],0,4f53cda18c2baa0c0354bb5f9a3ecbe5ed12ab4d8e11ba873c2f11161202b945,False,"insufficient_eligible_synthetic:{""1"":112}"
bn_binary_cinexdrama,1048,1.75,L0.10_U0.60,0.1,0.6,490,"{'0': 222, '1': 268}",707,"{'0': 590, '1': 117}",0,"{'0': 0, '1': 0}",[],0,4f53cda18c2baa0c0354bb5f9a3ecbe5ed12ab4d8e11ba873c2f11161202b945,False,"insufficient_eligible_synthetic:{""1"":151}"
bn_binary_cinexdrama,1048,1.75,L0.20_U0.60,0.2,0.6,490,"{'0': 222, '1': 268}",707,"{'0': 590, '1': 117}",0,"{'0': 0, '1': 0}",[],0,4f53cda18c2baa0c0354bb5f9a3ecbe5ed12ab4d8e11ba873c2f11161202b945,False,"insufficient_eligible_synthetic:{""1"":151}"
bn_binary_cinexdrama,1048,1.75,L0.30_U0.60,0.3,0.6,490,"{'0': 222, '1': 268}",702,"{'0': 585, '1': 117}",0,"{'0': 0, '1': 0}",[],0,4f53cda18c2baa0c0354bb5f9a3ecbe5ed12ab4d8e11ba873c2f11161202b945,False,"insufficient_eligible_synthetic:{""1"":151}"
bn_binary_cinexdrama,1048,1.75,L0.40_U0.60,0.4,0.6,490,"{'0': 222, '1': 268}",676,"{'0': 559, '1': 117}",0,"{'0': 0, '1': 0}",[],0,4f53cda18c2baa0c0354bb5f9a3ecbe5ed12ab4d8e11ba873c2f11161202b945,False,"insufficient_eligible_synthetic:{""1"":151}"
bn_binary_cinexdrama,1048,2.0,L0.10_U0.60,0.1,0.6,560,"{'0': 254, '1': 306}",707,"{'0': 590, '1': 117}",0,"{'0': 0, '1': 0}",[],0,4f53cda18c2baa0c0354bb5f9a3ecbe5ed12ab4d8e11ba873c2f11161202b945,False,"insufficient_eligible_synthetic:{""1"":189}"
bn_binary_cinexdrama,1048,2.0,L0.20_U0.60,0.2,0.6,560,"{'0': 254, '1': 306}",707,"{'0': 590, '1': 117}",0,"{'0': 0, '1': 0}",[],0,4f53cda18c2baa0c0354bb5f9a3ecbe5ed12ab4d8e11ba873c2f11161202b945,False,"insufficient_eligible_synthetic:{""1"":189}"
bn_binary_cinexdrama,1048,2.0,L0.30_U0.60,0.3,0.6,560,"{'0': 254, '1': 306}",702,"{'0': 585, '1': 117}",0,"{'0': 0, '1': 0}",[],0,4f53cda18c2baa0c0354bb5f9a3ecbe5ed12ab4d8e11ba873c2f11161202b945,False,"insufficient_eligible_synthetic:{""1"":189}"
bn_binary_cinexdrama,1048,2.0,L0.40_U0.60,0.4,0.6,560,"{'0': 254, '1': 306}",676,"{'0': 559, '1': 117}",0,"{'0': 0, '1': 0}",[],0,4f53cda18c2baa0c0354bb5f9a3ecbe5ed12ab4d8e11ba873c2f11161202b945,False,"insufficient_eligible_synthetic:{""1"":189}"
bn_binary_cinexdrama,1048,2.5,L0.10_U0.60,0.1,0.6,700,"{'0': 318, '1': 382}",707,"{'0': 590, '1': 117}",0,"{'0': 0, '1': 0}",[],0,4f53cda18c2baa0c0354bb5f9a3ecbe5ed12ab4d8e11ba873c2f11161202b945,False,"insufficient_eligible_synthetic:{""1"":265}"
bn_binary_cinexdrama,1048,2.5,L0.20_U0.60,0.2,0.6,700,"{'0': 318, '1': 382}",707,"{'0': 590, '1': 117}",0,"{'0': 0, '1': 0}",[],0,4f53cda18c2baa0c0354bb5f9a3ecbe5ed12ab4d8e11ba873c2f11161202b945,False,"insufficient_eligible_synthetic:{""1"":265}"
bn_binary_cinexdrama,1048,2.5,L0.30_U0.60,0.3,0.6,700,"{'0': 318, '1': 382}",702,"{'0': 585, '1': 117}",0,"{'0': 0, '1': 0}",[],0,4f53cda18c2baa0c0354bb5f9a3ecbe5ed12ab4d8e11ba873c2f11161202b945,False,"insufficient_eligible_synthetic:{""1"":265}"
bn_binary_cinexdrama,1048,2.5,L0.40_U0.60,0.4,0.6,700,"{'0': 318, '1': 382}",676,"{'0': 559, '1': 117}",0,"{'0': 0, '1': 0}",[],0,4f53cda18c2baa0c0354bb5f9a3ecbe5ed12ab4d8e11ba873c2f11161202b945,False,"insufficient_eligible_synthetic:{""1"":265}"
bn_binary_cinexdrama,1048,3.0,L0.10_U0.60,0.1,0.6,840,"{'0': 381, '1': 459}",707,"{'0': 590, '1': 117}",0,"{'0': 0, '1': 0}",[],0,4f53cda18c2baa0c0354bb5f9a3ecbe5ed12ab4d8e11ba873c2f11161202b945,False,"insufficient_eligible_synthetic:{""1"":342}"
bn_binary_cinexdrama,1048,3.0,L0.20_U0.60,0.2,0.6,840,"{'0': 381, '1': 459}",707,"{'0': 590, '1': 117}",0,"{'0': 0, '1': 0}",[],0,4f53cda18c2baa0c0354bb5f9a3ecbe5ed12ab4d8e11ba873c2f11161202b945,False,"insufficient_eligible_synthetic:{""1"":342}"
bn_binary_cinexdrama,1048,3.0,L0.30_U0.60,0.3,0.6,840,"{'0': 381, '1': 459}",702,"{'0': 585, '1': 117}",0,"{'0': 0, '1': 0}",[],0,4f53cda18c2baa0c0354bb5f9a3ecbe5ed12ab4d8e11ba873c2f11161202b945,False,"insufficient_eligible_synthetic:{""1"":342}"
bn_binary_cinexdrama,1048,3.0,L0.40_U0.60,0.4,0.6,840,"{'0': 381, '1': 459}",676,"{'0': 559, '1': 117}",0,"{'0': 0, '1': 0}",[],0,4f53cda18c2baa0c0354bb5f9a3ecbe5ed12ab4d8e11ba873c2f11161202b945,False,"insufficient_eligible_synthetic:{""1"":342}"
bn_binary_cinexdrama,1048,3.5,L0.10_U0.60,0.1,0.6,980,"{'0': 445, '1': 535}",707,"{'0': 590, '1': 117}",0,"{'0': 0, '1': 0}",[],0,4f53cda18c2baa0c0354bb5f9a3ecbe5ed12ab4d8e11ba873c2f11161202b945,False,"insufficient_eligible_synthetic:{""1"":418}"
bn_binary_cinexdrama,1048,3.5,L0.20_U0.60,0.2,0.6,980,"{'0': 445, '1': 535}",707,"{'0': 590, '1': 117}",0,"{'0': 0, '1': 0}",[],0,4f53cda18c2baa0c0354bb5f9a3ecbe5ed12ab4d8e11ba873c2f11161202b945,False,"insufficient_eligible_synthetic:{""1"":418}"
bn_binary_cinexdrama,1048,3.5,L0.30_U0.60,0.3,0.6,980,"{'0': 445, '1': 535}",702,"{'0': 585, '1': 117}",0,"{'0': 0, '1': 0}",[],0,4f53cda18c2baa0c0354bb5f9a3ecbe5ed12ab4d8e11ba873c2f11161202b945,False,"insufficient_eligible_synthetic:{""1"":418}"
bn_binary_cinexdrama,1048,3.5,L0.40_U0.60,0.4,0.6,980,"{'0': 445, '1': 535}",676,"{'0': 559, '1': 117}",0,"{'0': 0, '1': 0}",[],0,4f53cda18c2baa0c0354bb5f9a3ecbe5ed12ab4d8e11ba873c2f11161202b945,False,"insufficient_eligible_synthetic:{""1"":418}"
bn_binary_cinexdrama,1048,4.0,L0.10_U0.60,0.1,0.6,1120,"{'0': 508, '1': 612}",707,"{'0': 590, '1': 117}",0,"{'0': 0, '1': 0}",[],0,4f53cda18c2baa0c0354bb5f9a3ecbe5ed12ab4d8e11ba873c2f11161202b945,False,"insufficient_eligible_synthetic:{""1"":495}"
bn_binary_cinexdrama,1048,4.0,L0.20_U0.60,0.2,0.6,1120,"{'0': 508, '1': 612}",707,"{'0': 590, '1': 117}",0,"{'0': 0, '1': 0}",[],0,4f53cda18c2baa0c0354bb5f9a3ecbe5ed12ab4d8e11ba873c2f11161202b945,False,"insufficient_eligible_synthetic:{""1"":495}"
bn_binary_cinexdrama,1048,4.0,L0.30_U0.60,0.3,0.6,1120,"{'0': 508, '1': 612}",702,"{'0': 585, '1': 117}",0,"{'0': 0, '1': 0}",[],0,4f53cda18c2baa0c0354bb5f9a3ecbe5ed12ab4d8e11ba873c2f11161202b945,False,"insufficient_eligible_synthetic:{""1"":495}"
bn_binary_cinexdrama,1048,4.0,L0.40_U0.60,0.4,0.6,1120,"{'0': 508, '1': 612}",676,"{'0': 559, '1': 117}",0,"{'0': 0, '1': 0}",[],0,4f53cda18c2baa0c0354bb5f9a3ecbe5ed12ab4d8e11ba873c2f11161202b945,False,"insufficient_eligible_synthetic:{""1"":495}"
bn_binary_cinexdrama,1049,1.25,L0.10_U0.60,0.1,0.6,350,"{'0': 159, '1': 191}",654,"{'0': 486, '1': 168}",0,"{'0': 0, '1': 0}",[],0,4f53cda18c2baa0c0354bb5f9a3ecbe5ed12ab4d8e11ba873c2f11161202b945,False,"insufficient_eligible_synthetic:{""1"":23}"
bn_binary_cinexdrama,1049,1.25,L0.20_U0.60,0.2,0.6,350,"{'0': 159, '1': 191}",654,"{'0': 486, '1': 168}",0,"{'0': 0, '1': 0}",[],0,4f53cda18c2baa0c0354bb5f9a3ecbe5ed12ab4d8e11ba873c2f11161202b945,False,"insufficient_eligible_synthetic:{""1"":23}"
bn_binary_cinexdrama,1049,1.25,L0.30_U0.60,0.3,0.6,350,"{'0': 159, '1': 191}",654,"{'0': 486, '1': 168}",0,"{'0': 0, '1': 0}",[],0,4f53cda18c2baa0c0354bb5f9a3ecbe5ed12ab4d8e11ba873c2f11161202b945,False,"insufficient_eligible_synthetic:{""1"":23}"
bn_binary_cinexdrama,1049,1.25,L0.40_U0.60,0.4,0.6,350,"{'0': 159, '1': 191}",633,"{'0': 465, '1': 168}",0,"{'0': 0, '1': 0}",[],0,4f53cda18c2baa0c0354bb5f9a3ecbe5ed12ab4d8e11ba873c2f11161202b945,False,"insufficient_eligible_synthetic:{""1"":23}"
bn_binary_cinexdrama,1049,1.5,L0.10_U0.60,0.1,0.6,420,"{'0': 191, '1': 229}",654,"{'0': 486, '1': 168}",0,"{'0': 0, '1': 0}",[],0,4f53cda18c2baa0c0354bb5f9a3ecbe5ed12ab4d8e11ba873c2f11161202b945,False,"insufficient_eligible_synthetic:{""1"":61}"
bn_binary_cinexdrama,1049,1.5,L0.20_U0.60,0.2,0.6,420,"{'0': 191, '1': 229}",654,"{'0': 486, '1': 168}",0,"{'0': 0, '1': 0}",[],0,4f53cda18c2baa0c0354bb5f9a3ecbe5ed12ab4d8e11ba873c2f11161202b945,False,"insufficient_eligible_synthetic:{""1"":61}"
bn_binary_cinexdrama,1049,1.5,L0.30_U0.60,0.3,0.6,420,"{'0': 191, '1': 229}",654,"{'0': 486, '1': 168}",0,"{'0': 0, '1': 0}",[],0,4f53cda18c2baa0c0354bb5f9a3ecbe5ed12ab4d8e11ba873c2f11161202b945,False,"insufficient_eligible_synthetic:{""1"":61}"
bn_binary_cinexdrama,1049,1.5,L0.40_U0.60,0.4,0.6,420,"{'0': 191, '1': 229}",633,"{'0': 465, '1': 168}",0,"{'0': 0, '1': 0}",[],0,4f53cda18c2baa0c0354bb5f9a3ecbe5ed12ab4d8e11ba873c2f11161202b945,False,"insufficient_eligible_synthetic:{""1"":61}"
bn_binary_cinexdrama,1049,1.75,L0.10_U0.60,0.1,0.6,490,"{'0': 222, '1': 268}",654,"{'0': 486, '1': 168}",0,"{'0': 0, '1': 0}",[],0,4f53cda18c2baa0c0354bb5f9a3ecbe5ed12ab4d8e11ba873c2f11161202b945,False,"insufficient_eligible_synthetic:{""1"":100}"
bn_binary_cinexdrama,1049,1.75,L0.20_U0.60,0.2,0.6,490,"{'0': 222, '1': 268}",654,"{'0': 486, '1': 168}",0,"{'0': 0, '1': 0}",[],0,4f53cda18c2baa0c0354bb5f9a3ecbe5ed12ab4d8e11ba873c2f11161202b945,False,"insufficient_eligible_synthetic:{""1"":100}"
bn_binary_cinexdrama,1049,1.75,L0.30_U0.60,0.3,0.6,490,"{'0': 222, '1': 268}",654,"{'0': 486, '1': 168}",0,"{'0': 0, '1': 0}",[],0,4f53cda18c2baa0c0354bb5f9a3ecbe5ed12ab4d8e11ba873c2f11161202b945,False,"insufficient_eligible_synthetic:{""1"":100}"
bn_binary_cinexdrama,1049,1.75,L0.40_U0.60,0.4,0.6,490,"{'0': 222, '1': 268}",633,"{'0': 465, '1': 168}",0,"{'0': 0, '1': 0}",[],0,4f53cda18c2baa0c0354bb5f9a3ecbe5ed12ab4d8e11ba873c2f11161202b945,False,"insufficient_eligible_synthetic:{""1"":100}"
bn_binary_cinexdrama,1049,2.0,L0.10_U0.60,0.1,0.6,560,"{'0': 254, '1': 306}",654,"{'0': 486, '1': 168}",0,"{'0': 0, '1': 0}",[],0,4f53cda18c2baa0c0354bb5f9a3ecbe5ed12ab4d8e11ba873c2f11161202b945,False,"insufficient_eligible_synthetic:{""1"":138}"
bn_binary_cinexdrama,1049,2.0,L0.20_U0.60,0.2,0.6,560,"{'0': 254, '1': 306}",654,"{'0': 486, '1': 168}",0,"{'0': 0, '1': 0}",[],0,4f53cda18c2baa0c0354bb5f9a3ecbe5ed12ab4d8e11ba873c2f11161202b945,False,"insufficient_eligible_synthetic:{""1"":138}"
bn_binary_cinexdrama,1049,2.0,L0.30_U0.60,0.3,0.6,560,"{'0': 254, '1': 306}",654,"{'0': 486, '1': 168}",0,"{'0': 0, '1': 0}",[],0,4f53cda18c2baa0c0354bb5f9a3ecbe5ed12ab4d8e11ba873c2f11161202b945,False,"insufficient_eligible_synthetic:{""1"":138}"
bn_binary_cinexdrama,1049,2.0,L0.40_U0.60,0.4,0.6,560,"{'0': 254, '1': 306}",633,"{'0': 465, '1': 168}",0,"{'0': 0, '1': 0}",[],0,4f53cda18c2baa0c0354bb5f9a3ecbe5ed12ab4d8e11ba873c2f11161202b945,False,"insufficient_eligible_synthetic:{""1"":138}"
bn_binary_cinexdrama,1049,2.5,L0.10_U0.60,0.1,0.6,700,"{'0': 318, '1': 382}",654,"{'0': 486, '1': 168}",0,"{'0': 0, '1': 0}",[],0,4f53cda18c2baa0c0354bb5f9a3ecbe5ed12ab4d8e11ba873c2f11161202b945,False,"insufficient_eligible_synthetic:{""1"":214}"
bn_binary_cinexdrama,1049,2.5,L0.20_U0.60,0.2,0.6,700,"{'0': 318, '1': 382}",654,"{'0': 486, '1': 168}",0,"{'0': 0, '1': 0}",[],0,4f53cda18c2baa0c0354bb5f9a3ecbe5ed12ab4d8e11ba873c2f11161202b945,False,"insufficient_eligible_synthetic:{""1"":214}"
bn_binary_cinexdrama,1049,2.5,L0.30_U0.60,0.3,0.6,700,"{'0': 318, '1': 382}",654,"{'0': 486, '1': 168}",0,"{'0': 0, '1': 0}",[],0,4f53cda18c2baa0c0354bb5f9a3ecbe5ed12ab4d8e11ba873c2f11161202b945,False,"insufficient_eligible_synthetic:{""1"":214}"
bn_binary_cinexdrama,1049,2.5,L0.40_U0.60,0.4,0.6,700,"{'0': 318, '1': 382}",633,"{'0': 465, '1': 168}",0,"{'0': 0, '1': 0}",[],0,4f53cda18c2baa0c0354bb5f9a3ecbe5ed12ab4d8e11ba873c2f11161202b945,False,"insufficient_eligible_synthetic:{""1"":214}"
bn_binary_cinexdrama,1049,3.0,L0.10_U0.60,0.1,0.6,840,"{'0': 381, '1': 459}",654,"{'0': 486, '1': 168}",0,"{'0': 0, '1': 0}",[],0,4f53cda18c2baa0c0354bb5f9a3ecbe5ed12ab4d8e11ba873c2f11161202b945,False,"insufficient_eligible_synthetic:{""1"":291}"
bn_binary_cinexdrama,1049,3.0,L0.20_U0.60,0.2,0.6,840,"{'0': 381, '1': 459}",654,"{'0': 486, '1': 168}",0,"{'0': 0, '1': 0}",[],0,4f53cda18c2baa0c0354bb5f9a3ecbe5ed12ab4d8e11ba873c2f11161202b945,False,"insufficient_eligible_synthetic:{""1"":291}"
bn_binary_cinexdrama,1049,3.0,L0.30_U0.60,0.3,0.6,840,"{'0': 381, '1': 459}",654,"{'0': 486, '1': 168}",0,"{'0': 0, '1': 0}",[],0,4f53cda18c2baa0c0354bb5f9a3ecbe5ed12ab4d8e11ba873c2f11161202b945,False,"insufficient_eligible_synthetic:{""1"":291}"
bn_binary_cinexdrama,1049,3.0,L0.40_U0.60,0.4,0.6,840,"{'0': 381, '1': 459}",633,"{'0': 465, '1': 168}",0,"{'0': 0, '1': 0}",[],0,4f53cda18c2baa0c0354bb5f9a3ecbe5ed12ab4d8e11ba873c2f11161202b945,False,"insufficient_eligible_synthetic:{""1"":291}"
bn_binary_cinexdrama,1049,3.5,L0.10_U0.60,0.1,0.6,980,"{'0': 445, '1': 535}",654,"{'0': 486, '1': 168}",0,"{'0': 0, '1': 0}",[],0,4f53cda18c2baa0c0354bb5f9a3ecbe5ed12ab4d8e11ba873c2f11161202b945,False,"insufficient_eligible_synthetic:{""1"":367}"
bn_binary_cinexdrama,1049,3.5,L0.20_U0.60,0.2,0.6,980,"{'0': 445, '1': 535}",654,"{'0': 486, '1': 168}",0,"{'0': 0, '1': 0}",[],0,4f53cda18c2baa0c0354bb5f9a3ecbe5ed12ab4d8e11ba873c2f11161202b945,False,"insufficient_eligible_synthetic:{""1"":367}"
bn_binary_cinexdrama,1049,3.5,L0.30_U0.60,0.3,0.6,980,"{'0': 445, '1': 535}",654,"{'0': 486, '1': 168}",0,"{'0': 0, '1': 0}",[],0,4f53cda18c2baa0c0354bb5f9a3ecbe5ed12ab4d8e11ba873c2f11161202b945,False,"insufficient_eligible_synthetic:{""1"":367}"
bn_binary_cinexdrama,1049,3.5,L0.40_U0.60,0.4,0.6,980,"{'0': 445, '1': 535}",633,"{'0': 465, '1': 168}",0,"{'0': 0, '1': 0}",[],0,4f53cda18c2baa0c0354bb5f9a3ecbe5ed12ab4d8e11ba873c2f11161202b945,False,"insufficient_eligible_synthetic:{""1"":367}"
bn_binary_cinexdrama,1049,4.0,L0.10_U0.60,0.1,0.6,1120,"{'0': 508, '1': 612}",654,"{'0': 486, '1': 168}",0,"{'0': 0, '1': 0}",[],0,4f53cda18c2baa0c0354bb5f9a3ecbe5ed12ab4d8e11ba873c2f11161202b945,False,"insufficient_eligible_synthetic:{""0"":22,""1"":444}"
bn_binary_cinexdrama,1049,4.0,L0.20_U0.60,0.2,0.6,1120,"{'0': 508, '1': 612}",654,"{'0': 486, '1': 168}",0,"{'0': 0, '1': 0}",[],0,4f53cda18c2baa0c0354bb5f9a3ecbe5ed12ab4d8e11ba873c2f11161202b945,False,"insufficient_eligible_synthetic:{""0"":22,""1"":444}"
bn_binary_cinexdrama,1049,4.0,L0.30_U0.60,0.3,0.6,1120,"{'0': 508, '1': 612}",654,"{'0': 486, '1': 168}",0,"{'0': 0, '1': 0}",[],0,4f53cda18c2baa0c0354bb5f9a3ecbe5ed12ab4d8e11ba873c2f11161202b945,False,"insufficient_eligible_synthetic:{""0"":22,""1"":444}"
bn_binary_cinexdrama,1049,4.0,L0.40_U0.60,0.4,0.6,1120,"{'0': 508, '1': 612}",633,"{'0': 465, '1': 168}",0,"{'0': 0, '1': 0}",[],0,4f53cda18c2baa0c0354bb5f9a3ecbe5ed12ab4d8e11ba873c2f11161202b945,False,"insufficient_eligible_synthetic:{""0"":43,""1"":444}"
en_binary_sst2,1000,2.5,L0.10_U0.60,0.1,0.6,700,"{'0': 310, '1': 390}",887,"{'0': 537, '1': 350}",0,"{'0': 0, '1': 0}",[],0,4f53cda18c2baa0c0354bb5f9a3ecbe5ed12ab4d8e11ba873c2f11161202b945,False,"insufficient_eligible_synthetic:{""1"":40}"
en_binary_sst2,1000,2.5,L0.20_U0.60,0.2,0.6,700,"{'0': 310, '1': 390}",887,"{'0': 537, '1': 350}",0,"{'0': 0, '1': 0}",[],0,4f53cda18c2baa0c0354bb5f9a3ecbe5ed12ab4d8e11ba873c2f11161202b945,False,"insufficient_eligible_synthetic:{""1"":40}"
en_binary_sst2,1000,2.5,L0.30_U0.60,0.3,0.6,700,"{'0': 310, '1': 390}",887,"{'0': 537, '1': 350}",0,"{'0': 0, '1': 0}",[],0,4f53cda18c2baa0c0354bb5f9a3ecbe5ed12ab4d8e11ba873c2f11161202b945,False,"insufficient_eligible_synthetic:{""1"":40}"
en_binary_sst2,1000,2.5,L0.40_U0.60,0.4,0.6,700,"{'0': 310, '1': 390}",862,"{'0': 521, '1': 341}",0,"{'0': 0, '1': 0}",[],0,4f53cda18c2baa0c0354bb5f9a3ecbe5ed12ab4d8e11ba873c2f11161202b945,False,"insufficient_eligible_synthetic:{""1"":49}"
en_binary_sst2,1000,3.0,L0.10_U0.60,0.1,0.6,840,"{'0': 372, '1': 468}",887,"{'0': 537, '1': 350}",0,"{'0': 0, '1': 0}",[],0,4f53cda18c2baa0c0354bb5f9a3ecbe5ed12ab4d8e11ba873c2f11161202b945,False,"insufficient_eligible_synthetic:{""1"":118}"
en_binary_sst2,1000,3.0,L0.20_U0.60,0.2,0.6,840,"{'0': 372, '1': 468}",887,"{'0': 537, '1': 350}",0,"{'0': 0, '1': 0}",[],0,4f53cda18c2baa0c0354bb5f9a3ecbe5ed12ab4d8e11ba873c2f11161202b945,False,"insufficient_eligible_synthetic:{""1"":118}"
en_binary_sst2,1000,3.0,L0.30_U0.60,0.3,0.6,840,"{'0': 372, '1': 468}",887,"{'0': 537, '1': 350}",0,"{'0': 0, '1': 0}",[],0,4f53cda18c2baa0c0354bb5f9a3ecbe5ed12ab4d8e11ba873c2f11161202b945,False,"insufficient_eligible_synthetic:{""1"":118}"
en_binary_sst2,1000,3.0,L0.40_U0.60,0.4,0.6,840,"{'0': 372, '1': 468}",862,"{'0': 521, '1': 341}",0,"{'0': 0, '1': 0}",[],0,4f53cda18c2baa0c0354bb5f9a3ecbe5ed12ab4d8e11ba873c2f11161202b945,False,"insufficient_eligible_synthetic:{""1"":127}"
en_binary_sst2,1000,3.5,L0.10_U0.60,0.1,0.6,980,"{'0': 434, '1': 546}",887,"{'0': 537, '1': 350}",0,"{'0': 0, '1': 0}",[],0,4f53cda18c2baa0c0354bb5f9a3ecbe5ed12ab4d8e11ba873c2f11161202b945,False,"insufficient_eligible_synthetic:{""1"":196}"
en_binary_sst2,1000,3.5,L0.20_U0.60,0.2,0.6,980,"{'0': 434, '1': 546}",887,"{'0': 537, '1': 350}",0,"{'0': 0, '1': 0}",[],0,4f53cda18c2baa0c0354bb5f9a3ecbe5ed12ab4d8e11ba873c2f11161202b945,False,"insufficient_eligible_synthetic:{""1"":196}"
en_binary_sst2,1000,3.5,L0.30_U0.60,0.3,0.6,980,"{'0': 434, '1': 546}",887,"{'0': 537, '1': 350}",0,"{'0': 0, '1': 0}",[],0,4f53cda18c2baa0c0354bb5f9a3ecbe5ed12ab4d8e11ba873c2f11161202b945,False,"insufficient_eligible_synthetic:{""1"":196}"
en_binary_sst2,1000,3.5,L0.40_U0.60,0.4,0.6,980,"{'0': 434, '1': 546}",862,"{'0': 521, '1': 341}",0,"{'0': 0, '1': 0}",[],0,4f53cda18c2baa0c0354bb5f9a3ecbe5ed12ab4d8e11ba873c2f11161202b945,False,"insufficient_eligible_synthetic:{""1"":205}"
en_binary_sst2,1000,4.0,L0.10_U0.60,0.1,0.6,1120,"{'0': 496, '1': 624}",887,"{'0': 537, '1': 350}",0,"{'0': 0, '1': 0}",[],0,4f53cda18c2baa0c0354bb5f9a3ecbe5ed12ab4d8e11ba873c2f11161202b945,False,"insufficient_eligible_synthetic:{""1"":274}"
en_binary_sst2,1000,4.0,L0.20_U0.60,0.2,0.6,1120,"{'0': 496, '1': 624}",887,"{'0': 537, '1': 350}",0,"{'0': 0, '1': 0}",[],0,4f53cda18c2baa0c0354bb5f9a3ecbe5ed12ab4d8e11ba873c2f11161202b945,False,"insufficient_eligible_synthetic:{""1"":274}"
en_binary_sst2,1000,4.0,L0.30_U0.60,0.3,0.6,1120,"{'0': 496, '1': 624}",887,"{'0': 537, '1': 350}",0,"{'0': 0, '1': 0}",[],0,4f53cda18c2baa0c0354bb5f9a3ecbe5ed12ab4d8e11ba873c2f11161202b945,False,"insufficient_eligible_synthetic:{""1"":274}"
en_binary_sst2,1000,4.0,L0.40_U0.60,0.4,0.6,1120,"{'0': 496, '1': 624}",862,"{'0': 521, '1': 341}",0,"{'0': 0, '1': 0}",[],0,4f53cda18c2baa0c0354bb5f9a3ecbe5ed12ab4d8e11ba873c2f11161202b945,False,"insufficient_eligible_synthetic:{""1"":283}"
en_binary_sst2,1001,2.5,L0.10_U0.60,0.1,0.6,700,"{'0': 310, '1': 390}",961,"{'0': 608, '1': 353}",0,"{'0': 0, '1': 0}",[],0,4f53cda18c2baa0c0354bb5f9a3ecbe5ed12ab4d8e11ba873c2f11161202b945,False,"insufficient_eligible_synthetic:{""1"":37}"
en_binary_sst2,1001,2.5,L0.20_U0.60,0.2,0.6,700,"{'0': 310, '1': 390}",961,"{'0': 608, '1': 353}",0,"{'0': 0, '1': 0}",[],0,4f53cda18c2baa0c0354bb5f9a3ecbe5ed12ab4d8e11ba873c2f11161202b945,False,"insufficient_eligible_synthetic:{""1"":37}"
en_binary_sst2,1001,2.5,L0.30_U0.60,0.3,0.6,700,"{'0': 310, '1': 390}",961,"{'0': 608, '1': 353}",0,"{'0': 0, '1': 0}",[],0,4f53cda18c2baa0c0354bb5f9a3ecbe5ed12ab4d8e11ba873c2f11161202b945,False,"insufficient_eligible_synthetic:{""1"":37}"
en_binary_sst2,1001,2.5,L0.40_U0.60,0.4,0.6,700,"{'0': 310, '1': 390}",916,"{'0': 565, '1': 351}",0,"{'0': 0, '1': 0}",[],0,4f53cda18c2baa0c0354bb5f9a3ecbe5ed12ab4d8e11ba873c2f11161202b945,False,"insufficient_eligible_synthetic:{""1"":39}"
en_binary_sst2,1001,3.0,L0.10_U0.60,0.1,0.6,840,"{'0': 372, '1': 468}",961,"{'0': 608, '1': 353}",0,"{'0': 0, '1': 0}",[],0,4f53cda18c2baa0c0354bb5f9a3ecbe5ed12ab4d8e11ba873c2f11161202b945,False,"insufficient_eligible_synthetic:{""1"":115}"
en_binary_sst2,1001,3.0,L0.20_U0.60,0.2,0.6,840,"{'0': 372, '1': 468}",961,"{'0': 608, '1': 353}",0,"{'0': 0, '1': 0}",[],0,4f53cda18c2baa0c0354bb5f9a3ecbe5ed12ab4d8e11ba873c2f11161202b945,False,"insufficient_eligible_synthetic:{""1"":115}"
en_binary_sst2,1001,3.0,L0.30_U0.60,0.3,0.6,840,"{'0': 372, '1': 468}",961,"{'0': 608, '1': 353}",0,"{'0': 0, '1': 0}",[],0,4f53cda18c2baa0c0354bb5f9a3ecbe5ed12ab4d8e11ba873c2f11161202b945,False,"insufficient_eligible_synthetic:{""1"":115}"
en_binary_sst2,1001,3.0,L0.40_U0.60,0.4,0.6,840,"{'0': 372, '1': 468}",916,"{'0': 565, '1': 351}",0,"{'0': 0, '1': 0}",[],0,4f53cda18c2baa0c0354bb5f9a3ecbe5ed12ab4d8e11ba873c2f11161202b945,False,"insufficient_eligible_synthetic:{""1"":117}"
en_binary_sst2,1001,3.5,L0.10_U0.60,0.1,0.6,980,"{'0': 434, '1': 546}",961,"{'0': 608, '1': 353}",0,"{'0': 0, '1': 0}",[],0,4f53cda18c2baa0c0354bb5f9a3ecbe5ed12ab4d8e11ba873c2f11161202b945,False,"insufficient_eligible_synthetic:{""1"":193}"
en_binary_sst2,1001,3.5,L0.20_U0.60,0.2,0.6,980,"{'0': 434, '1': 546}",961,"{'0': 608, '1': 353}",0,"{'0': 0, '1': 0}",[],0,4f53cda18c2baa0c0354bb5f9a3ecbe5ed12ab4d8e11ba873c2f11161202b945,False,"insufficient_eligible_synthetic:{""1"":193}"
en_binary_sst2,1001,3.5,L0.30_U0.60,0.3,0.6,980,"{'0': 434, '1': 546}",961,"{'0': 608, '1': 353}",0,"{'0': 0, '1': 0}",[],0,4f53cda18c2baa0c0354bb5f9a3ecbe5ed12ab4d8e11ba873c2f11161202b945,False,"insufficient_eligible_synthetic:{""1"":193}"
en_binary_sst2,1001,3.5,L0.40_U0.60,0.4,0.6,980,"{'0': 434, '1': 546}",916,"{'0': 565, '1': 351}",0,"{'0': 0, '1': 0}",[],0,4f53cda18c2baa0c0354bb5f9a3ecbe5ed12ab4d8e11ba873c2f11161202b945,False,"insufficient_eligible_synthetic:{""1"":195}"
en_binary_sst2,1001,4.0,L0.10_U0.60,0.1,0.6,1120,"{'0': 496, '1': 624}",961,"{'0': 608, '1': 353}",0,"{'0': 0, '1': 0}",[],0,4f53cda18c2baa0c0354bb5f9a3ecbe5ed12ab4d8e11ba873c2f11161202b945,False,"insufficient_eligible_synthetic:{""1"":271}"
en_binary_sst2,1001,4.0,L0.20_U0.60,0.2,0.6,1120,"{'0': 496, '1': 624}",961,"{'0': 608, '1': 353}",0,"{'0': 0, '1': 0}",[],0,4f53cda18c2baa0c0354bb5f9a3ecbe5ed12ab4d8e11ba873c2f11161202b945,False,"insufficient_eligible_synthetic:{""1"":271}"
en_binary_sst2,1001,4.0,L0.30_U0.60,0.3,0.6,1120,"{'0': 496, '1': 624}",961,"{'0': 608, '1': 353}",0,"{'0': 0, '1': 0}",[],0,4f53cda18c2baa0c0354bb5f9a3ecbe5ed12ab4d8e11ba873c2f11161202b945,False,"insufficient_eligible_synthetic:{""1"":271}"
en_binary_sst2,1001,4.0,L0.40_U0.60,0.4,0.6,1120,"{'0': 496, '1': 624}",916,"{'0': 565, '1': 351}",0,"{'0': 0, '1': 0}",[],0,4f53cda18c2baa0c0354bb5f9a3ecbe5ed12ab4d8e11ba873c2f11161202b945,False,"insufficient_eligible_synthetic:{""1"":273}"
en_binary_sst2,1002,3.0,L0.10_U0.60,0.1,0.6,840,"{'0': 372, '1': 468}",925,"{'0': 486, '1': 439}",0,"{'0': 0, '1': 0}",[],0,4f53cda18c2baa0c0354bb5f9a3ecbe5ed12ab4d8e11ba873c2f11161202b945,False,"insufficient_eligible_synthetic:{""1"":29}"
en_binary_sst2,1002,3.0,L0.20_U0.60,0.2,0.6,840,"{'0': 372, '1': 468}",925,"{'0': 486, '1': 439}",0,"{'0': 0, '1': 0}",[],0,4f53cda18c2baa0c0354bb5f9a3ecbe5ed12ab4d8e11ba873c2f11161202b945,False,"insufficient_eligible_synthetic:{""1"":29}"
en_binary_sst2,1002,3.0,L0.30_U0.60,0.3,0.6,840,"{'0': 372, '1': 468}",925,"{'0': 486, '1': 439}",0,"{'0': 0, '1': 0}",[],0,4f53cda18c2baa0c0354bb5f9a3ecbe5ed12ab4d8e11ba873c2f11161202b945,False,"insufficient_eligible_synthetic:{""1"":29}"
en_binary_sst2,1002,3.0,L0.40_U0.60,0.4,0.6,840,"{'0': 372, '1': 468}",900,"{'0': 462, '1': 438}",0,"{'0': 0, '1': 0}",[],0,4f53cda18c2baa0c0354bb5f9a3ecbe5ed12ab4d8e11ba873c2f11161202b945,False,"insufficient_eligible_synthetic:{""1"":30}"
en_binary_sst2,1002,3.5,L0.10_U0.60,0.1,0.6,980,"{'0': 434, '1': 546}",925,"{'0': 486, '1': 439}",0,"{'0': 0, '1': 0}",[],0,4f53cda18c2baa0c0354bb5f9a3ecbe5ed12ab4d8e11ba873c2f11161202b945,False,"insufficient_eligible_synthetic:{""1"":107}"
en_binary_sst2,1002,3.5,L0.20_U0.60,0.2,0.6,980,"{'0': 434, '1': 546}",925,"{'0': 486, '1': 439}",0,"{'0': 0, '1': 0}",[],0,4f53cda18c2baa0c0354bb5f9a3ecbe5ed12ab4d8e11ba873c2f11161202b945,False,"insufficient_eligible_synthetic:{""1"":107}"
en_binary_sst2,1002,3.5,L0.30_U0.60,0.3,0.6,980,"{'0': 434, '1': 546}",925,"{'0': 486, '1': 439}",0,"{'0': 0, '1': 0}",[],0,4f53cda18c2baa0c0354bb5f9a3ecbe5ed12ab4d8e11ba873c2f11161202b945,False,"insufficient_eligible_synthetic:{""1"":107}"
en_binary_sst2,1002,3.5,L0.40_U0.60,0.4,0.6,980,"{'0': 434, '1': 546}",900,"{'0': 462, '1': 438}",0,"{'0': 0, '1': 0}",[],0,4f53cda18c2baa0c0354bb5f9a3ecbe5ed12ab4d8e11ba873c2f11161202b945,False,"insufficient_eligible_synthetic:{""1"":108}"
en_binary_sst2,1002,4.0,L0.10_U0.60,0.1,0.6,1120,"{'0': 496, '1': 624}",925,"{'0': 486, '1': 439}",0,"{'0': 0, '1': 0}",[],0,4f53cda18c2baa0c0354bb5f9a3ecbe5ed12ab4d8e11ba873c2f11161202b945,False,"insufficient_eligible_synthetic:{""0"":10,""1"":185}"
en_binary_sst2,1002,4.0,L0.20_U0.60,0.2,0.6,1120,"{'0': 496, '1': 624}",925,"{'0': 486, '1': 439}",0,"{'0': 0, '1': 0}",[],0,4f53cda18c2baa0c0354bb5f9a3ecbe5ed12ab4d8e11ba873c2f11161202b945,False,"insufficient_eligible_synthetic:{""0"":10,""1"":185}"
en_binary_sst2,1002,4.0,L0.30_U0.60,0.3,0.6,1120,"{'0': 496, '1': 624}",925,"{'0': 486, '1': 439}",0,"{'0': 0, '1': 0}",[],0,4f53cda18c2baa0c0354bb5f9a3ecbe5ed12ab4d8e11ba873c2f11161202b945,False,"insufficient_eligible_synthetic:{""0"":10,""1"":185}"
en_binary_sst2,1002,4.0,L0.40_U0.60,0.4,0.6,1120,"{'0': 496, '1': 624}",900,"{'0': 462, '1': 438}",0,"{'0': 0, '1': 0}",[],0,4f53cda18c2baa0c0354bb5f9a3ecbe5ed12ab4d8e11ba873c2f11161202b945,False,"insufficient_eligible_synthetic:{""0"":34,""1"":186}"
en_binary_sst2,1003,2.5,L0.10_U0.60,0.1,0.6,700,"{'0': 310, '1': 390}",821,"{'0': 456, '1': 365}",0,"{'0': 0, '1': 0}",[],0,4f53cda18c2baa0c0354bb5f9a3ecbe5ed12ab4d8e11ba873c2f11161202b945,False,"insufficient_eligible_synthetic:{""1"":25}"
en_binary_sst2,1003,2.5,L0.20_U0.60,0.2,0.6,700,"{'0': 310, '1': 390}",821,"{'0': 456, '1': 365}",0,"{'0': 0, '1': 0}",[],0,4f53cda18c2baa0c0354bb5f9a3ecbe5ed12ab4d8e11ba873c2f11161202b945,False,"insufficient_eligible_synthetic:{""1"":25}"
en_binary_sst2,1003,2.5,L0.30_U0.60,0.3,0.6,700,"{'0': 310, '1': 390}",821,"{'0': 456, '1': 365}",0,"{'0': 0, '1': 0}",[],0,4f53cda18c2baa0c0354bb5f9a3ecbe5ed12ab4d8e11ba873c2f11161202b945,False,"insufficient_eligible_synthetic:{""1"":25}"
en_binary_sst2,1003,2.5,L0.40_U0.60,0.4,0.6,700,"{'0': 310, '1': 390}",811,"{'0': 447, '1': 364}",0,"{'0': 0, '1': 0}",[],0,4f53cda18c2baa0c0354bb5f9a3ecbe5ed12ab4d8e11ba873c2f11161202b945,False,"insufficient_eligible_synthetic:{""1"":26}"
en_binary_sst2,1003,3.0,L0.10_U0.60,0.1,0.6,840,"{'0': 372, '1': 468}",821,"{'0': 456, '1': 365}",0,"{'0': 0, '1': 0}",[],0,4f53cda18c2baa0c0354bb5f9a3ecbe5ed12ab4d8e11ba873c2f11161202b945,False,"insufficient_eligible_synthetic:{""1"":103}"
en_binary_sst2,1003,3.0,L0.20_U0.60,0.2,0.6,840,"{'0': 372, '1': 468}",821,"{'0': 456, '1': 365}",0,"{'0': 0, '1': 0}",[],0,4f53cda18c2baa0c0354bb5f9a3ecbe5ed12ab4d8e11ba873c2f11161202b945,False,"insufficient_eligible_synthetic:{""1"":103}"
en_binary_sst2,1003,3.0,L0.30_U0.60,0.3,0.6,840,"{'0': 372, '1': 468}",821,"{'0': 456, '1': 365}",0,"{'0': 0, '1': 0}",[],0,4f53cda18c2baa0c0354bb5f9a3ecbe5ed12ab4d8e11ba873c2f11161202b945,False,"insufficient_eligible_synthetic:{""1"":103}"
en_binary_sst2,1003,3.0,L0.40_U0.60,0.4,0.6,840,"{'0': 372, '1': 468}",811,"{'0': 447, '1': 364}",0,"{'0': 0, '1': 0}",[],0,4f53cda18c2baa0c0354bb5f9a3ecbe5ed12ab4d8e11ba873c2f11161202b945,False,"insufficient_eligible_synthetic:{""1"":104}"
en_binary_sst2,1003,3.5,L0.10_U0.60,0.1,0.6,980,"{'0': 434, '1': 546}",821,"{'0': 456, '1': 365}",0,"{'0': 0, '1': 0}",[],0,4f53cda18c2baa0c0354bb5f9a3ecbe5ed12ab4d8e11ba873c2f11161202b945,False,"insufficient_eligible_synthetic:{""1"":181}"
en_binary_sst2,1003,3.5,L0.20_U0.60,0.2,0.6,980,"{'0': 434, '1': 546}",821,"{'0': 456, '1': 365}",0,"{'0': 0, '1': 0}",[],0,4f53cda18c2baa0c0354bb5f9a3ecbe5ed12ab4d8e11ba873c2f11161202b945,False,"insufficient_eligible_synthetic:{""1"":181}"
en_binary_sst2,1003,3.5,L0.30_U0.60,0.3,0.6,980,"{'0': 434, '1': 546}",821,"{'0': 456, '1': 365}",0,"{'0': 0, '1': 0}",[],0,4f53cda18c2baa0c0354bb5f9a3ecbe5ed12ab4d8e11ba873c2f11161202b945,False,"insufficient_eligible_synthetic:{""1"":181}"
en_binary_sst2,1003,3.5,L0.40_U0.60,0.4,0.6,980,"{'0': 434, '1': 546}",811,"{'0': 447, '1': 364}",0,"{'0': 0, '1': 0}",[],0,4f53cda18c2baa0c0354bb5f9a3ecbe5ed12ab4d8e11ba873c2f11161202b945,False,"insufficient_eligible_synthetic:{""1"":182}"
en_binary_sst2,1003,4.0,L0.10_U0.60,0.1,0.6,1120,"{'0': 496, '1': 624}",821,"{'0': 456, '1': 365}",0,"{'0': 0, '1': 0}",[],0,4f53cda18c2baa0c0354bb5f9a3ecbe5ed12ab4d8e11ba873c2f11161202b945,False,"insufficient_eligible_synthetic:{""0"":40,""1"":259}"
en_binary_sst2,1003,4.0,L0.20_U0.60,0.2,0.6,1120,"{'0': 496, '1': 624}",821,"{'0': 456, '1': 365}",0,"{'0': 0, '1': 0}",[],0,4f53cda18c2baa0c0354bb5f9a3ecbe5ed12ab4d8e11ba873c2f11161202b945,False,"insufficient_eligible_synthetic:{""0"":40,""1"":259}"
en_binary_sst2,1003,4.0,L0.30_U0.60,0.3,0.6,1120,"{'0': 496, '1': 624}",821,"{'0': 456, '1': 365}",0,"{'0': 0, '1': 0}",[],0,4f53cda18c2baa0c0354bb5f9a3ecbe5ed12ab4d8e11ba873c2f11161202b945,False,"insufficient_eligible_synthetic:{""0"":40,""1"":259}"
en_binary_sst2,1003,4.0,L0.40_U0.60,0.4,0.6,1120,"{'0': 496, '1': 624}",811,"{'0': 447, '1': 364}",0,"{'0': 0, '1': 0}",[],0,4f53cda18c2baa0c0354bb5f9a3ecbe5ed12ab4d8e11ba873c2f11161202b945,False,"insufficient_eligible_synthetic:{""0"":49,""1"":260}"
en_binary_sst2,1004,2.0,L0.10_U0.60,0.1,0.6,560,"{'0': 248, '1': 312}",926,"{'0': 615, '1': 311}",0,"{'0': 0, '1': 0}",[],0,4f53cda18c2baa0c0354bb5f9a3ecbe5ed12ab4d8e11ba873c2f11161202b945,False,"insufficient_eligible_synthetic:{""1"":1}"
en_binary_sst2,1004,2.0,L0.20_U0.60,0.2,0.6,560,"{'0': 248, '1': 312}",926,"{'0': 615, '1': 311}",0,"{'0': 0, '1': 0}",[],0,4f53cda18c2baa0c0354bb5f9a3ecbe5ed12ab4d8e11ba873c2f11161202b945,False,"insufficient_eligible_synthetic:{""1"":1}"
en_binary_sst2,1004,2.0,L0.30_U0.60,0.3,0.6,560,"{'0': 248, '1': 312}",923,"{'0': 612, '1': 311}",0,"{'0': 0, '1': 0}",[],0,4f53cda18c2baa0c0354bb5f9a3ecbe5ed12ab4d8e11ba873c2f11161202b945,False,"insufficient_eligible_synthetic:{""1"":1}"
en_binary_sst2,1004,2.0,L0.40_U0.60,0.4,0.6,560,"{'0': 248, '1': 312}",898,"{'0': 589, '1': 309}",0,"{'0': 0, '1': 0}",[],0,4f53cda18c2baa0c0354bb5f9a3ecbe5ed12ab4d8e11ba873c2f11161202b945,False,"insufficient_eligible_synthetic:{""1"":3}"
en_binary_sst2,1004,2.5,L0.10_U0.60,0.1,0.6,700,"{'0': 310, '1': 390}",926,"{'0': 615, '1': 311}",0,"{'0': 0, '1': 0}",[],0,4f53cda18c2baa0c0354bb5f9a3ecbe5ed12ab4d8e11ba873c2f11161202b945,False,"insufficient_eligible_synthetic:{""1"":79}"
en_binary_sst2,1004,2.5,L0.20_U0.60,0.2,0.6,700,"{'0': 310, '1': 390}",926,"{'0': 615, '1': 311}",0,"{'0': 0, '1': 0}",[],0,4f53cda18c2baa0c0354bb5f9a3ecbe5ed12ab4d8e11ba873c2f11161202b945,False,"insufficient_eligible_synthetic:{""1"":79}"
en_binary_sst2,1004,2.5,L0.30_U0.60,0.3,0.6,700,"{'0': 310, '1': 390}",923,"{'0': 612, '1': 311}",0,"{'0': 0, '1': 0}",[],0,4f53cda18c2baa0c0354bb5f9a3ecbe5ed12ab4d8e11ba873c2f11161202b945,False,"insufficient_eligible_synthetic:{""1"":79}"
en_binary_sst2,1004,2.5,L0.40_U0.60,0.4,0.6,700,"{'0': 310, '1': 390}",898,"{'0': 589, '1': 309}",0,"{'0': 0, '1': 0}",[],0,4f53cda18c2baa0c0354bb5f9a3ecbe5ed12ab4d8e11ba873c2f11161202b945,False,"insufficient_eligible_synthetic:{""1"":81}"
en_binary_sst2,1004,3.0,L0.10_U0.60,0.1,0.6,840,"{'0': 372, '1': 468}",926,"{'0': 615, '1': 311}",0,"{'0': 0, '1': 0}",[],0,4f53cda18c2baa0c0354bb5f9a3ecbe5ed12ab4d8e11ba873c2f11161202b945,False,"insufficient_eligible_synthetic:{""1"":157}"
en_binary_sst2,1004,3.0,L0.20_U0.60,0.2,0.6,840,"{'0': 372, '1': 468}",926,"{'0': 615, '1': 311}",0,"{'0': 0, '1': 0}",[],0,4f53cda18c2baa0c0354bb5f9a3ecbe5ed12ab4d8e11ba873c2f11161202b945,False,"insufficient_eligible_synthetic:{""1"":157}"
en_binary_sst2,1004,3.0,L0.30_U0.60,0.3,0.6,840,"{'0': 372, '1': 468}",923,"{'0': 612, '1': 311}",0,"{'0': 0, '1': 0}",[],0,4f53cda18c2baa0c0354bb5f9a3ecbe5ed12ab4d8e11ba873c2f11161202b945,False,"insufficient_eligible_synthetic:{""1"":157}"
en_binary_sst2,1004,3.0,L0.40_U0.60,0.4,0.6,840,"{'0': 372, '1': 468}",898,"{'0': 589, '1': 309}",0,"{'0': 0, '1': 0}",[],0,4f53cda18c2baa0c0354bb5f9a3ecbe5ed12ab4d8e11ba873c2f11161202b945,False,"insufficient_eligible_synthetic:{""1"":159}"
en_binary_sst2,1004,3.5,L0.10_U0.60,0.1,0.6,980,"{'0': 434, '1': 546}",926,"{'0': 615, '1': 311}",0,"{'0': 0, '1': 0}",[],0,4f53cda18c2baa0c0354bb5f9a3ecbe5ed12ab4d8e11ba873c2f11161202b945,False,"insufficient_eligible_synthetic:{""1"":235}"
en_binary_sst2,1004,3.5,L0.20_U0.60,0.2,0.6,980,"{'0': 434, '1': 546}",926,"{'0': 615, '1': 311}",0,"{'0': 0, '1': 0}",[],0,4f53cda18c2baa0c0354bb5f9a3ecbe5ed12ab4d8e11ba873c2f11161202b945,False,"insufficient_eligible_synthetic:{""1"":235}"
en_binary_sst2,1004,3.5,L0.30_U0.60,0.3,0.6,980,"{'0': 434, '1': 546}",923,"{'0': 612, '1': 311}",0,"{'0': 0, '1': 0}",[],0,4f53cda18c2baa0c0354bb5f9a3ecbe5ed12ab4d8e11ba873c2f11161202b945,False,"insufficient_eligible_synthetic:{""1"":235}"
en_binary_sst2,1004,3.5,L0.40_U0.60,0.4,0.6,980,"{'0': 434, '1': 546}",898,"{'0': 589, '1': 309}",0,"{'0': 0, '1': 0}",[],0,4f53cda18c2baa0c0354bb5f9a3ecbe5ed12ab4d8e11ba873c2f11161202b945,False,"insufficient_eligible_synthetic:{""1"":237}"
en_binary_sst2,1004,4.0,L0.10_U0.60,0.1,0.6,1120,"{'0': 496, '1': 624}",926,"{'0': 615, '1': 311}",0,"{'0': 0, '1': 0}",[],0,4f53cda18c2baa0c0354bb5f9a3ecbe5ed12ab4d8e11ba873c2f11161202b945,False,"insufficient_eligible_synthetic:{""1"":313}"
en_binary_sst2,1004,4.0,L0.20_U0.60,0.2,0.6,1120,"{'0': 496, '1': 624}",926,"{'0': 615, '1': 311}",0,"{'0': 0, '1': 0}",[],0,4f53cda18c2baa0c0354bb5f9a3ecbe5ed12ab4d8e11ba873c2f11161202b945,False,"insufficient_eligible_synthetic:{""1"":313}"
en_binary_sst2,1004,4.0,L0.30_U0.60,0.3,0.6,1120,"{'0': 496, '1': 624}",923,"{'0': 612, '1': 311}",0,"{'0': 0, '1': 0}",[],0,4f53cda18c2baa0c0354bb5f9a3ecbe5ed12ab4d8e11ba873c2f11161202b945,False,"insufficient_eligible_synthetic:{""1"":313}"
en_binary_sst2,1004,4.0,L0.40_U0.60,0.4,0.6,1120,"{'0': 496, '1': 624}",898,"{'0': 589, '1': 309}",0,"{'0': 0, '1': 0}",[],0,4f53cda18c2baa0c0354bb5f9a3ecbe5ed12ab4d8e11ba873c2f11161202b945,False,"insufficient_eligible_synthetic:{""1"":315}"
en_binary_sst2,1005,3.5,L0.10_U0.60,0.1,0.6,980,"{'0': 434, '1': 546}",869,"{'0': 377, '1': 492}",0,"{'0': 0, '1': 0}",[],0,4f53cda18c2baa0c0354bb5f9a3ecbe5ed12ab4d8e11ba873c2f11161202b945,False,"insufficient_eligible_synthetic:{""0"":57,""1"":54}"
en_binary_sst2,1005,3.5,L0.20_U0.60,0.2,0.6,980,"{'0': 434, '1': 546}",869,"{'0': 377, '1': 492}",0,"{'0': 0, '1': 0}",[],0,4f53cda18c2baa0c0354bb5f9a3ecbe5ed12ab4d8e11ba873c2f11161202b945,False,"insufficient_eligible_synthetic:{""0"":57,""1"":54}"
en_binary_sst2,1005,3.5,L0.30_U0.60,0.3,0.6,980,"{'0': 434, '1': 546}",869,"{'0': 377, '1': 492}",0,"{'0': 0, '1': 0}",[],0,4f53cda18c2baa0c0354bb5f9a3ecbe5ed12ab4d8e11ba873c2f11161202b945,False,"insufficient_eligible_synthetic:{""0"":57,""1"":54}"
en_binary_sst2,1005,3.5,L0.40_U0.60,0.4,0.6,980,"{'0': 434, '1': 546}",869,"{'0': 377, '1': 492}",0,"{'0': 0, '1': 0}",[],0,4f53cda18c2baa0c0354bb5f9a3ecbe5ed12ab4d8e11ba873c2f11161202b945,False,"insufficient_eligible_synthetic:{""0"":57,""1"":54}"
en_binary_sst2,1005,4.0,L0.10_U0.60,0.1,0.6,1120,"{'0': 496, '1': 624}",869,"{'0': 377, '1': 492}",0,"{'0': 0, '1': 0}",[],0,4f53cda18c2baa0c0354bb5f9a3ecbe5ed12ab4d8e11ba873c2f11161202b945,False,"insufficient_eligible_synthetic:{""0"":119,""1"":132}"
en_binary_sst2,1005,4.0,L0.20_U0.60,0.2,0.6,1120,"{'0': 496, '1': 624}",869,"{'0': 377, '1': 492}",0,"{'0': 0, '1': 0}",[],0,4f53cda18c2baa0c0354bb5f9a3ecbe5ed12ab4d8e11ba873c2f11161202b945,False,"insufficient_eligible_synthetic:{""0"":119,""1"":132}"
en_binary_sst2,1005,4.0,L0.30_U0.60,0.3,0.6,1120,"{'0': 496, '1': 624}",869,"{'0': 377, '1': 492}",0,"{'0': 0, '1': 0}",[],0,4f53cda18c2baa0c0354bb5f9a3ecbe5ed12ab4d8e11ba873c2f11161202b945,False,"insufficient_eligible_synthetic:{""0"":119,""1"":132}"
en_binary_sst2,1005,4.0,L0.40_U0.60,0.4,0.6,1120,"{'0': 496, '1': 624}",869,"{'0': 377, '1': 492}",0,"{'0': 0, '1': 0}",[],0,4f53cda18c2baa0c0354bb5f9a3ecbe5ed12ab4d8e11ba873c2f11161202b945,False,"insufficient_eligible_synthetic:{""0"":119,""1"":132}"
en_binary_sst2,1006,3.0,L0.10_U0.60,0.1,0.6,840,"{'0': 372, '1': 468}",999,"{'0': 567, '1': 432}",0,"{'0': 0, '1': 0}",[],0,4f53cda18c2baa0c0354bb5f9a3ecbe5ed12ab4d8e11ba873c2f11161202b945,False,"insufficient_eligible_synthetic:{""1"":36}"
en_binary_sst2,1006,3.0,L0.20_U0.60,0.2,0.6,840,"{'0': 372, '1': 468}",999,"{'0': 567, '1': 432}",0,"{'0': 0, '1': 0}",[],0,4f53cda18c2baa0c0354bb5f9a3ecbe5ed12ab4d8e11ba873c2f11161202b945,False,"insufficient_eligible_synthetic:{""1"":36}"
en_binary_sst2,1006,3.0,L0.30_U0.60,0.3,0.6,840,"{'0': 372, '1': 468}",999,"{'0': 567, '1': 432}",0,"{'0': 0, '1': 0}",[],0,4f53cda18c2baa0c0354bb5f9a3ecbe5ed12ab4d8e11ba873c2f11161202b945,False,"insufficient_eligible_synthetic:{""1"":36}"
en_binary_sst2,1006,3.0,L0.40_U0.60,0.4,0.6,840,"{'0': 372, '1': 468}",971,"{'0': 539, '1': 432}",0,"{'0': 0, '1': 0}",[],0,4f53cda18c2baa0c0354bb5f9a3ecbe5ed12ab4d8e11ba873c2f11161202b945,False,"insufficient_eligible_synthetic:{""1"":36}"
en_binary_sst2,1006,3.5,L0.10_U0.60,0.1,0.6,980,"{'0': 434, '1': 546}",999,"{'0': 567, '1': 432}",0,"{'0': 0, '1': 0}",[],0,4f53cda18c2baa0c0354bb5f9a3ecbe5ed12ab4d8e11ba873c2f11161202b945,False,"insufficient_eligible_synthetic:{""1"":114}"
en_binary_sst2,1006,3.5,L0.20_U0.60,0.2,0.6,980,"{'0': 434, '1': 546}",999,"{'0': 567, '1': 432}",0,"{'0': 0, '1': 0}",[],0,4f53cda18c2baa0c0354bb5f9a3ecbe5ed12ab4d8e11ba873c2f11161202b945,False,"insufficient_eligible_synthetic:{""1"":114}"
en_binary_sst2,1006,3.5,L0.30_U0.60,0.3,0.6,980,"{'0': 434, '1': 546}",999,"{'0': 567, '1': 432}",0,"{'0': 0, '1': 0}",[],0,4f53cda18c2baa0c0354bb5f9a3ecbe5ed12ab4d8e11ba873c2f11161202b945,False,"insufficient_eligible_synthetic:{""1"":114}"
en_binary_sst2,1006,3.5,L0.40_U0.60,0.4,0.6,980,"{'0': 434, '1': 546}",971,"{'0': 539, '1': 432}",0,"{'0': 0, '1': 0}",[],0,4f53cda18c2baa0c0354bb5f9a3ecbe5ed12ab4d8e11ba873c2f11161202b945,False,"insufficient_eligible_synthetic:{""1"":114}"
en_binary_sst2,1006,4.0,L0.10_U0.60,0.1,0.6,1120,"{'0': 496, '1': 624}",999,"{'0': 567, '1': 432}",0,"{'0': 0, '1': 0}",[],0,4f53cda18c2baa0c0354bb5f9a3ecbe5ed12ab4d8e11ba873c2f11161202b945,False,"insufficient_eligible_synthetic:{""1"":192}"
en_binary_sst2,1006,4.0,L0.20_U0.60,0.2,0.6,1120,"{'0': 496, '1': 624}",999,"{'0': 567, '1': 432}",0,"{'0': 0, '1': 0}",[],0,4f53cda18c2baa0c0354bb5f9a3ecbe5ed12ab4d8e11ba873c2f11161202b945,False,"insufficient_eligible_synthetic:{""1"":192}"
en_binary_sst2,1006,4.0,L0.30_U0.60,0.3,0.6,1120,"{'0': 496, '1': 624}",999,"{'0': 567, '1': 432}",0,"{'0': 0, '1': 0}",[],0,4f53cda18c2baa0c0354bb5f9a3ecbe5ed12ab4d8e11ba873c2f11161202b945,False,"insufficient_eligible_synthetic:{""1"":192}"
en_binary_sst2,1006,4.0,L0.40_U0.60,0.4,0.6,1120,"{'0': 496, '1': 624}",971,"{'0': 539, '1': 432}",0,"{'0': 0, '1': 0}",[],0,4f53cda18c2baa0c0354bb5f9a3ecbe5ed12ab4d8e11ba873c2f11161202b945,False,"insufficient_eligible_synthetic:{""1"":192}"
en_binary_sst2,1007,3.0,L0.40_U0.60,0.4,0.6,840,"{'0': 372, '1': 468}",973,"{'0': 507, '1': 466}",0,"{'0': 0, '1': 0}",[],0,4f53cda18c2baa0c0354bb5f9a3ecbe5ed12ab4d8e11ba873c2f11161202b945,False,"insufficient_eligible_synthetic:{""1"":2}"
en_binary_sst2,1007,3.5,L0.10_U0.60,0.1,0.6,980,"{'0': 434, '1': 546}",1011,"{'0': 543, '1': 468}",0,"{'0': 0, '1': 0}",[],0,4f53cda18c2baa0c0354bb5f9a3ecbe5ed12ab4d8e11ba873c2f11161202b945,False,"insufficient_eligible_synthetic:{""1"":78}"
en_binary_sst2,1007,3.5,L0.20_U0.60,0.2,0.6,980,"{'0': 434, '1': 546}",1011,"{'0': 543, '1': 468}",0,"{'0': 0, '1': 0}",[],0,4f53cda18c2baa0c0354bb5f9a3ecbe5ed12ab4d8e11ba873c2f11161202b945,False,"insufficient_eligible_synthetic:{""1"":78}"
en_binary_sst2,1007,3.5,L0.30_U0.60,0.3,0.6,980,"{'0': 434, '1': 546}",1011,"{'0': 543, '1': 468}",0,"{'0': 0, '1': 0}",[],0,4f53cda18c2baa0c0354bb5f9a3ecbe5ed12ab4d8e11ba873c2f11161202b945,False,"insufficient_eligible_synthetic:{""1"":78}"
en_binary_sst2,1007,3.5,L0.40_U0.60,0.4,0.6,980,"{'0': 434, '1': 546}",973,"{'0': 507, '1': 466}",0,"{'0': 0, '1': 0}",[],0,4f53cda18c2baa0c0354bb5f9a3ecbe5ed12ab4d8e11ba873c2f11161202b945,False,"insufficient_eligible_synthetic:{""1"":80}"
en_binary_sst2,1007,4.0,L0.10_U0.60,0.1,0.6,1120,"{'0': 496, '1': 624}",1011,"{'0': 543, '1': 468}",0,"{'0': 0, '1': 0}",[],0,4f53cda18c2baa0c0354bb5f9a3ecbe5ed12ab4d8e11ba873c2f11161202b945,False,"insufficient_eligible_synthetic:{""1"":156}"
en_binary_sst2,1007,4.0,L0.20_U0.60,0.2,0.6,1120,"{'0': 496, '1': 624}",1011,"{'0': 543, '1': 468}",0,"{'0': 0, '1': 0}",[],0,4f53cda18c2baa0c0354bb5f9a3ecbe5ed12ab4d8e11ba873c2f11161202b945,False,"insufficient_eligible_synthetic:{""1"":156}"
en_binary_sst2,1007,4.0,L0.30_U0.60,0.3,0.6,1120,"{'0': 496, '1': 624}",1011,"{'0': 543, '1': 468}",0,"{'0': 0, '1': 0}",[],0,4f53cda18c2baa0c0354bb5f9a3ecbe5ed12ab4d8e11ba873c2f11161202b945,False,"insufficient_eligible_synthetic:{""1"":156}"
en_binary_sst2,1007,4.0,L0.40_U0.60,0.4,0.6,1120,"{'0': 496, '1': 624}",973,"{'0': 507, '1': 466}",0,"{'0': 0, '1': 0}",[],0,4f53cda18c2baa0c0354bb5f9a3ecbe5ed12ab4d8e11ba873c2f11161202b945,False,"insufficient_eligible_synthetic:{""1"":158}"
en_binary_sst2,1008,2.0,L0.10_U0.60,0.1,0.6,560,"{'0': 248, '1': 312}",824,"{'0': 519, '1': 305}",0,"{'0': 0, '1': 0}",[],0,4f53cda18c2baa0c0354bb5f9a3ecbe5ed12ab4d8e11ba873c2f11161202b945,False,"insufficient_eligible_synthetic:{""1"":7}"
en_binary_sst2,1008,2.0,L0.20_U0.60,0.2,0.6,560,"{'0': 248, '1': 312}",824,"{'0': 519, '1': 305}",0,"{'0': 0, '1': 0}",[],0,4f53cda18c2baa0c0354bb5f9a3ecbe5ed12ab4d8e11ba873c2f11161202b945,False,"insufficient_eligible_synthetic:{""1"":7}"
en_binary_sst2,1008,2.0,L0.30_U0.60,0.3,0.6,560,"{'0': 248, '1': 312}",824,"{'0': 519, '1': 305}",0,"{'0': 0, '1': 0}",[],0,4f53cda18c2baa0c0354bb5f9a3ecbe5ed12ab4d8e11ba873c2f11161202b945,False,"insufficient_eligible_synthetic:{""1"":7}"
en_binary_sst2,1008,2.0,L0.40_U0.60,0.4,0.6,560,"{'0': 248, '1': 312}",812,"{'0': 515, '1': 297}",0,"{'0': 0, '1': 0}",[],0,4f53cda18c2baa0c0354bb5f9a3ecbe5ed12ab4d8e11ba873c2f11161202b945,False,"insufficient_eligible_synthetic:{""1"":15}"
en_binary_sst2,1008,2.5,L0.10_U0.60,0.1,0.6,700,"{'0': 310, '1': 390}",824,"{'0': 519, '1': 305}",0,"{'0': 0, '1': 0}",[],0,4f53cda18c2baa0c0354bb5f9a3ecbe5ed12ab4d8e11ba873c2f11161202b945,False,"insufficient_eligible_synthetic:{""1"":85}"
en_binary_sst2,1008,2.5,L0.20_U0.60,0.2,0.6,700,"{'0': 310, '1': 390}",824,"{'0': 519, '1': 305}",0,"{'0': 0, '1': 0}",[],0,4f53cda18c2baa0c0354bb5f9a3ecbe5ed12ab4d8e11ba873c2f11161202b945,False,"insufficient_eligible_synthetic:{""1"":85}"
en_binary_sst2,1008,2.5,L0.30_U0.60,0.3,0.6,700,"{'0': 310, '1': 390}",824,"{'0': 519, '1': 305}",0,"{'0': 0, '1': 0}",[],0,4f53cda18c2baa0c0354bb5f9a3ecbe5ed12ab4d8e11ba873c2f11161202b945,False,"insufficient_eligible_synthetic:{""1"":85}"
en_binary_sst2,1008,2.5,L0.40_U0.60,0.4,0.6,700,"{'0': 310, '1': 390}",812,"{'0': 515, '1': 297}",0,"{'0': 0, '1': 0}",[],0,4f53cda18c2baa0c0354bb5f9a3ecbe5ed12ab4d8e11ba873c2f11161202b945,False,"insufficient_eligible_synthetic:{""1"":93}"
en_binary_sst2,1008,3.0,L0.10_U0.60,0.1,0.6,840,"{'0': 372, '1': 468}",824,"{'0': 519, '1': 305}",0,"{'0': 0, '1': 0}",[],0,4f53cda18c2baa0c0354bb5f9a3ecbe5ed12ab4d8e11ba873c2f11161202b945,False,"insufficient_eligible_synthetic:{""1"":163}"
en_binary_sst2,1008,3.0,L0.20_U0.60,0.2,0.6,840,"{'0': 372, '1': 468}",824,"{'0': 519, '1': 305}",0,"{'0': 0, '1': 0}",[],0,4f53cda18c2baa0c0354bb5f9a3ecbe5ed12ab4d8e11ba873c2f11161202b945,False,"insufficient_eligible_synthetic:{""1"":163}"
en_binary_sst2,1008,3.0,L0.30_U0.60,0.3,0.6,840,"{'0': 372, '1': 468}",824,"{'0': 519, '1': 305}",0,"{'0': 0, '1': 0}",[],0,4f53cda18c2baa0c0354bb5f9a3ecbe5ed12ab4d8e11ba873c2f11161202b945,False,"insufficient_eligible_synthetic:{""1"":163}"
en_binary_sst2,1008,3.0,L0.40_U0.60,0.4,0.6,840,"{'0': 372, '1': 468}",812,"{'0': 515, '1': 297}",0,"{'0': 0, '1': 0}",[],0,4f53cda18c2baa0c0354bb5f9a3ecbe5ed12ab4d8e11ba873c2f11161202b945,False,"insufficient_eligible_synthetic:{""1"":171}"
en_binary_sst2,1008,3.5,L0.10_U0.60,0.1,0.6,980,"{'0': 434, '1': 546}",824,"{'0': 519, '1': 305}",0,"{'0': 0, '1': 0}",[],0,4f53cda18c2baa0c0354bb5f9a3ecbe5ed12ab4d8e11ba873c2f11161202b945,False,"insufficient_eligible_synthetic:{""1"":241}"
en_binary_sst2,1008,3.5,L0.20_U0.60,0.2,0.6,980,"{'0': 434, '1': 546}",824,"{'0': 519, '1': 305}",0,"{'0': 0, '1': 0}",[],0,4f53cda18c2baa0c0354bb5f9a3ecbe5ed12ab4d8e11ba873c2f11161202b945,False,"insufficient_eligible_synthetic:{""1"":241}"
en_binary_sst2,1008,3.5,L0.30_U0.60,0.3,0.6,980,"{'0': 434, '1': 546}",824,"{'0': 519, '1': 305}",0,"{'0': 0, '1': 0}",[],0,4f53cda18c2baa0c0354bb5f9a3ecbe5ed12ab4d8e11ba873c2f11161202b945,False,"insufficient_eligible_synthetic:{""1"":241}"
en_binary_sst2,1008,3.5,L0.40_U0.60,0.4,0.6,980,"{'0': 434, '1': 546}",812,"{'0': 515, '1': 297}",0,"{'0': 0, '1': 0}",[],0,4f53cda18c2baa0c0354bb5f9a3ecbe5ed12ab4d8e11ba873c2f11161202b945,False,"insufficient_eligible_synthetic:{""1"":249}"
en_binary_sst2,1008,4.0,L0.10_U0.60,0.1,0.6,1120,"{'0': 496, '1': 624}",824,"{'0': 519, '1': 305}",0,"{'0': 0, '1': 0}",[],0,4f53cda18c2baa0c0354bb5f9a3ecbe5ed12ab4d8e11ba873c2f11161202b945,False,"insufficient_eligible_synthetic:{""1"":319}"
en_binary_sst2,1008,4.0,L0.20_U0.60,0.2,0.6,1120,"{'0': 496, '1': 624}",824,"{'0': 519, '1': 305}",0,"{'0': 0, '1': 0}",[],0,4f53cda18c2baa0c0354bb5f9a3ecbe5ed12ab4d8e11ba873c2f11161202b945,False,"insufficient_eligible_synthetic:{""1"":319}"
en_binary_sst2,1008,4.0,L0.30_U0.60,0.3,0.6,1120,"{'0': 496, '1': 624}",824,"{'0': 519, '1': 305}",0,"{'0': 0, '1': 0}",[],0,4f53cda18c2baa0c0354bb5f9a3ecbe5ed12ab4d8e11ba873c2f11161202b945,False,"insufficient_eligible_synthetic:{""1"":319}"
en_binary_sst2,1008,4.0,L0.40_U0.60,0.4,0.6,1120,"{'0': 496, '1': 624}",812,"{'0': 515, '1': 297}",0,"{'0': 0, '1': 0}",[],0,4f53cda18c2baa0c0354bb5f9a3ecbe5ed12ab4d8e11ba873c2f11161202b945,False,"insufficient_eligible_synthetic:{""1"":327}"
en_binary_sst2,1009,2.5,L0.10_U0.60,0.1,0.6,700,"{'0': 310, '1': 390}",910,"{'0': 537, '1': 373}",0,"{'0': 0, '1': 0}",[],0,4f53cda18c2baa0c0354bb5f9a3ecbe5ed12ab4d8e11ba873c2f11161202b945,False,"insufficient_eligible_synthetic:{""1"":17}"
en_binary_sst2,1009,2.5,L0.20_U0.60,0.2,0.6,700,"{'0': 310, '1': 390}",910,"{'0': 537, '1': 373}",0,"{'0': 0, '1': 0}",[],0,4f53cda18c2baa0c0354bb5f9a3ecbe5ed12ab4d8e11ba873c2f11161202b945,False,"insufficient_eligible_synthetic:{""1"":17}"
en_binary_sst2,1009,2.5,L0.30_U0.60,0.3,0.6,700,"{'0': 310, '1': 390}",907,"{'0': 534, '1': 373}",0,"{'0': 0, '1': 0}",[],0,4f53cda18c2baa0c0354bb5f9a3ecbe5ed12ab4d8e11ba873c2f11161202b945,False,"insufficient_eligible_synthetic:{""1"":17}"
en_binary_sst2,1009,2.5,L0.40_U0.60,0.4,0.6,700,"{'0': 310, '1': 390}",872,"{'0': 501, '1': 371}",0,"{'0': 0, '1': 0}",[],0,4f53cda18c2baa0c0354bb5f9a3ecbe5ed12ab4d8e11ba873c2f11161202b945,False,"insufficient_eligible_synthetic:{""1"":19}"
en_binary_sst2,1009,3.0,L0.10_U0.60,0.1,0.6,840,"{'0': 372, '1': 468}",910,"{'0': 537, '1': 373}",0,"{'0': 0, '1': 0}",[],0,4f53cda18c2baa0c0354bb5f9a3ecbe5ed12ab4d8e11ba873c2f11161202b945,False,"insufficient_eligible_synthetic:{""1"":95}"
en_binary_sst2,1009,3.0,L0.20_U0.60,0.2,0.6,840,"{'0': 372, '1': 468}",910,"{'0': 537, '1': 373}",0,"{'0': 0, '1': 0}",[],0,4f53cda18c2baa0c0354bb5f9a3ecbe5ed12ab4d8e11ba873c2f11161202b945,False,"insufficient_eligible_synthetic:{""1"":95}"
en_binary_sst2,1009,3.0,L0.30_U0.60,0.3,0.6,840,"{'0': 372, '1': 468}",907,"{'0': 534, '1': 373}",0,"{'0': 0, '1': 0}",[],0,4f53cda18c2baa0c0354bb5f9a3ecbe5ed12ab4d8e11ba873c2f11161202b945,False,"insufficient_eligible_synthetic:{""1"":95}"
en_binary_sst2,1009,3.0,L0.40_U0.60,0.4,0.6,840,"{'0': 372, '1': 468}",872,"{'0': 501, '1': 371}",0,"{'0': 0, '1': 0}",[],0,4f53cda18c2baa0c0354bb5f9a3ecbe5ed12ab4d8e11ba873c2f11161202b945,False,"insufficient_eligible_synthetic:{""1"":97}"
en_binary_sst2,1009,3.5,L0.10_U0.60,0.1,0.6,980,"{'0': 434, '1': 546}",910,"{'0': 537, '1': 373}",0,"{'0': 0, '1': 0}",[],0,4f53cda18c2baa0c0354bb5f9a3ecbe5ed12ab4d8e11ba873c2f11161202b945,False,"insufficient_eligible_synthetic:{""1"":173}"
en_binary_sst2,1009,3.5,L0.20_U0.60,0.2,0.6,980,"{'0': 434, '1': 546}",910,"{'0': 537, '1': 373}",0,"{'0': 0, '1': 0}",[],0,4f53cda18c2baa0c0354bb5f9a3ecbe5ed12ab4d8e11ba873c2f11161202b945,False,"insufficient_eligible_synthetic:{""1"":173}"
en_binary_sst2,1009,3.5,L0.30_U0.60,0.3,0.6,980,"{'0': 434, '1': 546}",907,"{'0': 534, '1': 373}",0,"{'0': 0, '1': 0}",[],0,4f53cda18c2baa0c0354bb5f9a3ecbe5ed12ab4d8e11ba873c2f11161202b945,False,"insufficient_eligible_synthetic:{""1"":173}"
en_binary_sst2,1009,3.5,L0.40_U0.60,0.4,0.6,980,"{'0': 434, '1': 546}",872,"{'0': 501, '1': 371}",0,"{'0': 0, '1': 0}",[],0,4f53cda18c2baa0c0354bb5f9a3ecbe5ed12ab4d8e11ba873c2f11161202b945,False,"insufficient_eligible_synthetic:{""1"":175}"
en_binary_sst2,1009,4.0,L0.10_U0.60,0.1,0.6,1120,"{'0': 496, '1': 624}",910,"{'0': 537, '1': 373}",0,"{'0': 0, '1': 0}",[],0,4f53cda18c2baa0c0354bb5f9a3ecbe5ed12ab4d8e11ba873c2f11161202b945,False,"insufficient_eligible_synthetic:{""1"":251}"
en_binary_sst2,1009,4.0,L0.20_U0.60,0.2,0.6,1120,"{'0': 496, '1': 624}",910,"{'0': 537, '1': 373}",0,"{'0': 0, '1': 0}",[],0,4f53cda18c2baa0c0354bb5f9a3ecbe5ed12ab4d8e11ba873c2f11161202b945,False,"insufficient_eligible_synthetic:{""1"":251}"
en_binary_sst2,1009,4.0,L0.30_U0.60,0.3,0.6,1120,"{'0': 496, '1': 624}",907,"{'0': 534, '1': 373}",0,"{'0': 0, '1': 0}",[],0,4f53cda18c2baa0c0354bb5f9a3ecbe5ed12ab4d8e11ba873c2f11161202b945,False,"insufficient_eligible_synthetic:{""1"":251}"
en_binary_sst2,1009,4.0,L0.40_U0.60,0.4,0.6,1120,"{'0': 496, '1': 624}",872,"{'0': 501, '1': 371}",0,"{'0': 0, '1': 0}",[],0,4f53cda18c2baa0c0354bb5f9a3ecbe5ed12ab4d8e11ba873c2f11161202b945,False,"insufficient_eligible_synthetic:{""1"":253}"
en_binary_sst2,1010,2.5,L0.10_U0.60,0.1,0.6,700,"{'0': 310, '1': 390}",702,"{'0': 375, '1': 327}",0,"{'0': 0, '1': 0}",[],0,4f53cda18c2baa0c0354bb5f9a3ecbe5ed12ab4d8e11ba873c2f11161202b945,False,"insufficient_eligible_synthetic:{""1"":63}"
en_binary_sst2,1010,2.5,L0.20_U0.60,0.2,0.6,700,"{'0': 310, '1': 390}",702,"{'0': 375, '1': 327}",0,"{'0': 0, '1': 0}",[],0,4f53cda18c2baa0c0354bb5f9a3ecbe5ed12ab4d8e11ba873c2f11161202b945,False,"insufficient_eligible_synthetic:{""1"":63}"
en_binary_sst2,1010,2.5,L0.30_U0.60,0.3,0.6,700,"{'0': 310, '1': 390}",702,"{'0': 375, '1': 327}",0,"{'0': 0, '1': 0}",[],0,4f53cda18c2baa0c0354bb5f9a3ecbe5ed12ab4d8e11ba873c2f11161202b945,False,"insufficient_eligible_synthetic:{""1"":63}"
en_binary_sst2,1010,2.5,L0.40_U0.60,0.4,0.6,700,"{'0': 310, '1': 390}",682,"{'0': 356, '1': 326}",0,"{'0': 0, '1': 0}",[],0,4f53cda18c2baa0c0354bb5f9a3ecbe5ed12ab4d8e11ba873c2f11161202b945,False,"insufficient_eligible_synthetic:{""1"":64}"
en_binary_sst2,1010,3.0,L0.10_U0.60,0.1,0.6,840,"{'0': 372, '1': 468}",702,"{'0': 375, '1': 327}",0,"{'0': 0, '1': 0}",[],0,4f53cda18c2baa0c0354bb5f9a3ecbe5ed12ab4d8e11ba873c2f11161202b945,False,"insufficient_eligible_synthetic:{""1"":141}"
en_binary_sst2,1010,3.0,L0.20_U0.60,0.2,0.6,840,"{'0': 372, '1': 468}",702,"{'0': 375, '1': 327}",0,"{'0': 0, '1': 0}",[],0,4f53cda18c2baa0c0354bb5f9a3ecbe5ed12ab4d8e11ba873c2f11161202b945,False,"insufficient_eligible_synthetic:{""1"":141}"
en_binary_sst2,1010,3.0,L0.30_U0.60,0.3,0.6,840,"{'0': 372, '1': 468}",702,"{'0': 375, '1': 327}",0,"{'0': 0, '1': 0}",[],0,4f53cda18c2baa0c0354bb5f9a3ecbe5ed12ab4d8e11ba873c2f11161202b945,False,"insufficient_eligible_synthetic:{""1"":141}"
en_binary_sst2,1010,3.0,L0.40_U0.60,0.4,0.6,840,"{'0': 372, '1': 468}",682,"{'0': 356, '1': 326}",0,"{'0': 0, '1': 0}",[],0,4f53cda18c2baa0c0354bb5f9a3ecbe5ed12ab4d8e11ba873c2f11161202b945,False,"insufficient_eligible_synthetic:{""0"":16,""1"":142}"
en_binary_sst2,1010,3.5,L0.10_U0.60,0.1,0.6,980,"{'0': 434, '1': 546}",702,"{'0': 375, '1': 327}",0,"{'0': 0, '1': 0}",[],0,4f53cda18c2baa0c0354bb5f9a3ecbe5ed12ab4d8e11ba873c2f11161202b945,False,"insufficient_eligible_synthetic:{""0"":59,""1"":219}"
en_binary_sst2,1010,3.5,L0.20_U0.60,0.2,0.6,980,"{'0': 434, '1': 546}",702,"{'0': 375, '1': 327}",0,"{'0': 0, '1': 0}",[],0,4f53cda18c2baa0c0354bb5f9a3ecbe5ed12ab4d8e11ba873c2f11161202b945,False,"insufficient_eligible_synthetic:{""0"":59,""1"":219}"
en_binary_sst2,1010,3.5,L0.30_U0.60,0.3,0.6,980,"{'0': 434, '1': 546}",702,"{'0': 375, '1': 327}",0,"{'0': 0, '1': 0}",[],0,4f53cda18c2baa0c0354bb5f9a3ecbe5ed12ab4d8e11ba873c2f11161202b945,False,"insufficient_eligible_synthetic:{""0"":59,""1"":219}"
en_binary_sst2,1010,3.5,L0.40_U0.60,0.4,0.6,980,"{'0': 434, '1': 546}",682,"{'0': 356, '1': 326}",0,"{'0': 0, '1': 0}",[],0,4f53cda18c2baa0c0354bb5f9a3ecbe5ed12ab4d8e11ba873c2f11161202b945,False,"insufficient_eligible_synthetic:{""0"":78,""1"":220}"
en_binary_sst2,1010,4.0,L0.10_U0.60,0.1,0.6,1120,"{'0': 496, '1': 624}",702,"{'0': 375, '1': 327}",0,"{'0': 0, '1': 0}",[],0,4f53cda18c2baa0c0354bb5f9a3ecbe5ed12ab4d8e11ba873c2f11161202b945,False,"insufficient_eligible_synthetic:{""0"":121,""1"":297}"
en_binary_sst2,1010,4.0,L0.20_U0.60,0.2,0.6,1120,"{'0': 496, '1': 624}",702,"{'0': 375, '1': 327}",0,"{'0': 0, '1': 0}",[],0,4f53cda18c2baa0c0354bb5f9a3ecbe5ed12ab4d8e11ba873c2f11161202b945,False,"insufficient_eligible_synthetic:{""0"":121,""1"":297}"
en_binary_sst2,1010,4.0,L0.30_U0.60,0.3,0.6,1120,"{'0': 496, '1': 624}",702,"{'0': 375, '1': 327}",0,"{'0': 0, '1': 0}",[],0,4f53cda18c2baa0c0354bb5f9a3ecbe5ed12ab4d8e11ba873c2f11161202b945,False,"insufficient_eligible_synthetic:{""0"":121,""1"":297}"
en_binary_sst2,1010,4.0,L0.40_U0.60,0.4,0.6,1120,"{'0': 496, '1': 624}",682,"{'0': 356, '1': 326}",0,"{'0': 0, '1': 0}",[],0,4f53cda18c2baa0c0354bb5f9a3ecbe5ed12ab4d8e11ba873c2f11161202b945,False,"insufficient_eligible_synthetic:{""0"":140,""1"":298}"
en_binary_sst2,1011,3.5,L0.10_U0.60,0.1,0.6,980,"{'0': 434, '1': 546}",1007,"{'0': 509, '1': 498}",0,"{'0': 0, '1': 0}",[],0,4f53cda18c2baa0c0354bb5f9a3ecbe5ed12ab4d8e11ba873c2f11161202b945,False,"insufficient_eligible_synthetic:{""1"":48}"
en_binary_sst2,1011,3.5,L0.20_U0.60,0.2,0.6,980,"{'0': 434, '1': 546}",1007,"{'0': 509, '1': 498}",0,"{'0': 0, '1': 0}",[],0,4f53cda18c2baa0c0354bb5f9a3ecbe5ed12ab4d8e11ba873c2f11161202b945,False,"insufficient_eligible_synthetic:{""1"":48}"
en_binary_sst2,1011,3.5,L0.30_U0.60,0.3,0.6,980,"{'0': 434, '1': 546}",1007,"{'0': 509, '1': 498}",0,"{'0': 0, '1': 0}",[],0,4f53cda18c2baa0c0354bb5f9a3ecbe5ed12ab4d8e11ba873c2f11161202b945,False,"insufficient_eligible_synthetic:{""1"":48}"
en_binary_sst2,1011,3.5,L0.40_U0.60,0.4,0.6,980,"{'0': 434, '1': 546}",963,"{'0': 473, '1': 490}",0,"{'0': 0, '1': 0}",[],0,4f53cda18c2baa0c0354bb5f9a3ecbe5ed12ab4d8e11ba873c2f11161202b945,False,"insufficient_eligible_synthetic:{""1"":56}"
en_binary_sst2,1011,4.0,L0.10_U0.60,0.1,0.6,1120,"{'0': 496, '1': 624}",1007,"{'0': 509, '1': 498}",0,"{'0': 0, '1': 0}",[],0,4f53cda18c2baa0c0354bb5f9a3ecbe5ed12ab4d8e11ba873c2f11161202b945,False,"insufficient_eligible_synthetic:{""1"":126}"
en_binary_sst2,1011,4.0,L0.20_U0.60,0.2,0.6,1120,"{'0': 496, '1': 624}",1007,"{'0': 509, '1': 498}",0,"{'0': 0, '1': 0}",[],0,4f53cda18c2baa0c0354bb5f9a3ecbe5ed12ab4d8e11ba873c2f11161202b945,False,"insufficient_eligible_synthetic:{""1"":126}"
en_binary_sst2,1011,4.0,L0.30_U0.60,0.3,0.6,1120,"{'0': 496, '1': 624}",1007,"{'0': 509, '1': 498}",0,"{'0': 0, '1': 0}",[],0,4f53cda18c2baa0c0354bb5f9a3ecbe5ed12ab4d8e11ba873c2f11161202b945,False,"insufficient_eligible_synthetic:{""1"":126}"
en_binary_sst2,1011,4.0,L0.40_U0.60,0.4,0.6,1120,"{'0': 496, '1': 624}",963,"{'0': 473, '1': 490}",0,"{'0': 0, '1': 0}",[],0,4f53cda18c2baa0c0354bb5f9a3ecbe5ed12ab4d8e11ba873c2f11161202b945,False,"insufficient_eligible_synthetic:{""0"":23,""1"":134}"
en_binary_sst2,1012,1.5,L0.10_U0.60,0.1,0.6,420,"{'0': 186, '1': 234}",641,"{'0': 435, '1': 206}",0,"{'0': 0, '1': 0}",[],0,4f53cda18c2baa0c0354bb5f9a3ecbe5ed12ab4d8e11ba873c2f11161202b945,False,"insufficient_eligible_synthetic:{""1"":28}"
en_binary_sst2,1012,1.5,L0.20_U0.60,0.2,0.6,420,"{'0': 186, '1': 234}",641,"{'0': 435, '1': 206}",0,"{'0': 0, '1': 0}",[],0,4f53cda18c2baa0c0354bb5f9a3ecbe5ed12ab4d8e11ba873c2f11161202b945,False,"insufficient_eligible_synthetic:{""1"":28}"
en_binary_sst2,1012,1.5,L0.30_U0.60,0.3,0.6,420,"{'0': 186, '1': 234}",641,"{'0': 435, '1': 206}",0,"{'0': 0, '1': 0}",[],0,4f53cda18c2baa0c0354bb5f9a3ecbe5ed12ab4d8e11ba873c2f11161202b945,False,"insufficient_eligible_synthetic:{""1"":28}"
en_binary_sst2,1012,1.5,L0.40_U0.60,0.4,0.6,420,"{'0': 186, '1': 234}",623,"{'0': 417, '1': 206}",0,"{'0': 0, '1': 0}",[],0,4f53cda18c2baa0c0354bb5f9a3ecbe5ed12ab4d8e11ba873c2f11161202b945,False,"insufficient_eligible_synthetic:{""1"":28}"
en_binary_sst2,1012,1.75,L0.10_U0.60,0.1,0.6,490,"{'0': 217, '1': 273}",641,"{'0': 435, '1': 206}",0,"{'0': 0, '1': 0}",[],0,4f53cda18c2baa0c0354bb5f9a3ecbe5ed12ab4d8e11ba873c2f11161202b945,False,"insufficient_eligible_synthetic:{""1"":67}"
en_binary_sst2,1012,1.75,L0.20_U0.60,0.2,0.6,490,"{'0': 217, '1': 273}",641,"{'0': 435, '1': 206}",0,"{'0': 0, '1': 0}",[],0,4f53cda18c2baa0c0354bb5f9a3ecbe5ed12ab4d8e11ba873c2f11161202b945,False,"insufficient_eligible_synthetic:{""1"":67}"
en_binary_sst2,1012,1.75,L0.30_U0.60,0.3,0.6,490,"{'0': 217, '1': 273}",641,"{'0': 435, '1': 206}",0,"{'0': 0, '1': 0}",[],0,4f53cda18c2baa0c0354bb5f9a3ecbe5ed12ab4d8e11ba873c2f11161202b945,False,"insufficient_eligible_synthetic:{""1"":67}"
en_binary_sst2,1012,1.75,L0.40_U0.60,0.4,0.6,490,"{'0': 217, '1': 273}",623,"{'0': 417, '1': 206}",0,"{'0': 0, '1': 0}",[],0,4f53cda18c2baa0c0354bb5f9a3ecbe5ed12ab4d8e11ba873c2f11161202b945,False,"insufficient_eligible_synthetic:{""1"":67}"
en_binary_sst2,1012,2.0,L0.10_U0.60,0.1,0.6,560,"{'0': 248, '1': 312}",641,"{'0': 435, '1': 206}",0,"{'0': 0, '1': 0}",[],0,4f53cda18c2baa0c0354bb5f9a3ecbe5ed12ab4d8e11ba873c2f11161202b945,False,"insufficient_eligible_synthetic:{""1"":106}"
en_binary_sst2,1012,2.0,L0.20_U0.60,0.2,0.6,560,"{'0': 248, '1': 312}",641,"{'0': 435, '1': 206}",0,"{'0': 0, '1': 0}",[],0,4f53cda18c2baa0c0354bb5f9a3ecbe5ed12ab4d8e11ba873c2f11161202b945,False,"insufficient_eligible_synthetic:{""1"":106}"
en_binary_sst2,1012,2.0,L0.30_U0.60,0.3,0.6,560,"{'0': 248, '1': 312}",641,"{'0': 435, '1': 206}",0,"{'0': 0, '1': 0}",[],0,4f53cda18c2baa0c0354bb5f9a3ecbe5ed12ab4d8e11ba873c2f11161202b945,False,"insufficient_eligible_synthetic:{""1"":106}"
en_binary_sst2,1012,2.0,L0.40_U0.60,0.4,0.6,560,"{'0': 248, '1': 312}",623,"{'0': 417, '1': 206}",0,"{'0': 0, '1': 0}",[],0,4f53cda18c2baa0c0354bb5f9a3ecbe5ed12ab4d8e11ba873c2f11161202b945,False,"insufficient_eligible_synthetic:{""1"":106}"
en_binary_sst2,1012,2.5,L0.10_U0.60,0.1,0.6,700,"{'0': 310, '1': 390}",641,"{'0': 435, '1': 206}",0,"{'0': 0, '1': 0}",[],0,4f53cda18c2baa0c0354bb5f9a3ecbe5ed12ab4d8e11ba873c2f11161202b945,False,"insufficient_eligible_synthetic:{""1"":184}"
en_binary_sst2,1012,2.5,L0.20_U0.60,0.2,0.6,700,"{'0': 310, '1': 390}",641,"{'0': 435, '1': 206}",0,"{'0': 0, '1': 0}",[],0,4f53cda18c2baa0c0354bb5f9a3ecbe5ed12ab4d8e11ba873c2f11161202b945,False,"insufficient_eligible_synthetic:{""1"":184}"
en_binary_sst2,1012,2.5,L0.30_U0.60,0.3,0.6,700,"{'0': 310, '1': 390}",641,"{'0': 435, '1': 206}",0,"{'0': 0, '1': 0}",[],0,4f53cda18c2baa0c0354bb5f9a3ecbe5ed12ab4d8e11ba873c2f11161202b945,False,"insufficient_eligible_synthetic:{""1"":184}"
en_binary_sst2,1012,2.5,L0.40_U0.60,0.4,0.6,700,"{'0': 310, '1': 390}",623,"{'0': 417, '1': 206}",0,"{'0': 0, '1': 0}",[],0,4f53cda18c2baa0c0354bb5f9a3ecbe5ed12ab4d8e11ba873c2f11161202b945,False,"insufficient_eligible_synthetic:{""1"":184}"
en_binary_sst2,1012,3.0,L0.10_U0.60,0.1,0.6,840,"{'0': 372, '1': 468}",641,"{'0': 435, '1': 206}",0,"{'0': 0, '1': 0}",[],0,4f53cda18c2baa0c0354bb5f9a3ecbe5ed12ab4d8e11ba873c2f11161202b945,False,"insufficient_eligible_synthetic:{""1"":262}"
en_binary_sst2,1012,3.0,L0.20_U0.60,0.2,0.6,840,"{'0': 372, '1': 468}",641,"{'0': 435, '1': 206}",0,"{'0': 0, '1': 0}",[],0,4f53cda18c2baa0c0354bb5f9a3ecbe5ed12ab4d8e11ba873c2f11161202b945,False,"insufficient_eligible_synthetic:{""1"":262}"
en_binary_sst2,1012,3.0,L0.30_U0.60,0.3,0.6,840,"{'0': 372, '1': 468}",641,"{'0': 435, '1': 206}",0,"{'0': 0, '1': 0}",[],0,4f53cda18c2baa0c0354bb5f9a3ecbe5ed12ab4d8e11ba873c2f11161202b945,False,"insufficient_eligible_synthetic:{""1"":262}"
en_binary_sst2,1012,3.0,L0.40_U0.60,0.4,0.6,840,"{'0': 372, '1': 468}",623,"{'0': 417, '1': 206}",0,"{'0': 0, '1': 0}",[],0,4f53cda18c2baa0c0354bb5f9a3ecbe5ed12ab4d8e11ba873c2f11161202b945,False,"insufficient_eligible_synthetic:{""1"":262}"
en_binary_sst2,1012,3.5,L0.10_U0.60,0.1,0.6,980,"{'0': 434, '1': 546}",641,"{'0': 435, '1': 206}",0,"{'0': 0, '1': 0}",[],0,4f53cda18c2baa0c0354bb5f9a3ecbe5ed12ab4d8e11ba873c2f11161202b945,False,"insufficient_eligible_synthetic:{""1"":340}"
en_binary_sst2,1012,3.5,L0.20_U0.60,0.2,0.6,980,"{'0': 434, '1': 546}",641,"{'0': 435, '1': 206}",0,"{'0': 0, '1': 0}",[],0,4f53cda18c2baa0c0354bb5f9a3ecbe5ed12ab4d8e11ba873c2f11161202b945,False,"insufficient_eligible_synthetic:{""1"":340}"
en_binary_sst2,1012,3.5,L0.30_U0.60,0.3,0.6,980,"{'0': 434, '1': 546}",641,"{'0': 435, '1': 206}",0,"{'0': 0, '1': 0}",[],0,4f53cda18c2baa0c0354bb5f9a3ecbe5ed12ab4d8e11ba873c2f11161202b945,False,"insufficient_eligible_synthetic:{""1"":340}"
en_binary_sst2,1012,3.5,L0.40_U0.60,0.4,0.6,980,"{'0': 434, '1': 546}",623,"{'0': 417, '1': 206}",0,"{'0': 0, '1': 0}",[],0,4f53cda18c2baa0c0354bb5f9a3ecbe5ed12ab4d8e11ba873c2f11161202b945,False,"insufficient_eligible_synthetic:{""0"":17,""1"":340}"
en_binary_sst2,1012,4.0,L0.10_U0.60,0.1,0.6,1120,"{'0': 496, '1': 624}",641,"{'0': 435, '1': 206}",0,"{'0': 0, '1': 0}",[],0,4f53cda18c2baa0c0354bb5f9a3ecbe5ed12ab4d8e11ba873c2f11161202b945,False,"insufficient_eligible_synthetic:{""0"":61,""1"":418}"
en_binary_sst2,1012,4.0,L0.20_U0.60,0.2,0.6,1120,"{'0': 496, '1': 624}",641,"{'0': 435, '1': 206}",0,"{'0': 0, '1': 0}",[],0,4f53cda18c2baa0c0354bb5f9a3ecbe5ed12ab4d8e11ba873c2f11161202b945,False,"insufficient_eligible_synthetic:{""0"":61,""1"":418}"
en_binary_sst2,1012,4.0,L0.30_U0.60,0.3,0.6,1120,"{'0': 496, '1': 624}",641,"{'0': 435, '1': 206}",0,"{'0': 0, '1': 0}",[],0,4f53cda18c2baa0c0354bb5f9a3ecbe5ed12ab4d8e11ba873c2f11161202b945,False,"insufficient_eligible_synthetic:{""0"":61,""1"":418}"
en_binary_sst2,1012,4.0,L0.40_U0.60,0.4,0.6,1120,"{'0': 496, '1': 624}",623,"{'0': 417, '1': 206}",0,"{'0': 0, '1': 0}",[],0,4f53cda18c2baa0c0354bb5f9a3ecbe5ed12ab4d8e11ba873c2f11161202b945,False,"insufficient_eligible_synthetic:{""0"":79,""1"":418}"
en_binary_sst2,1013,2.5,L0.10_U0.60,0.1,0.6,700,"{'0': 310, '1': 390}",840,"{'0': 511, '1': 329}",0,"{'0': 0, '1': 0}",[],0,4f53cda18c2baa0c0354bb5f9a3ecbe5ed12ab4d8e11ba873c2f11161202b945,False,"insufficient_eligible_synthetic:{""1"":61}"
en_binary_sst2,1013,2.5,L0.20_U0.60,0.2,0.6,700,"{'0': 310, '1': 390}",840,"{'0': 511, '1': 329}",0,"{'0': 0, '1': 0}",[],0,4f53cda18c2baa0c0354bb5f9a3ecbe5ed12ab4d8e11ba873c2f11161202b945,False,"insufficient_eligible_synthetic:{""1"":61}"
en_binary_sst2,1013,2.5,L0.30_U0.60,0.3,0.6,700,"{'0': 310, '1': 390}",840,"{'0': 511, '1': 329}",0,"{'0': 0, '1': 0}",[],0,4f53cda18c2baa0c0354bb5f9a3ecbe5ed12ab4d8e11ba873c2f11161202b945,False,"insufficient_eligible_synthetic:{""1"":61}"
en_binary_sst2,1013,2.5,L0.40_U0.60,0.4,0.6,700,"{'0': 310, '1': 390}",838,"{'0': 509, '1': 329}",0,"{'0': 0, '1': 0}",[],0,4f53cda18c2baa0c0354bb5f9a3ecbe5ed12ab4d8e11ba873c2f11161202b945,False,"insufficient_eligible_synthetic:{""1"":61}"
en_binary_sst2,1013,3.0,L0.10_U0.60,0.1,0.6,840,"{'0': 372, '1': 468}",840,"{'0': 511, '1': 329}",0,"{'0': 0, '1': 0}",[],0,4f53cda18c2baa0c0354bb5f9a3ecbe5ed12ab4d8e11ba873c2f11161202b945,False,"insufficient_eligible_synthetic:{""1"":139}"
en_binary_sst2,1013,3.0,L0.20_U0.60,0.2,0.6,840,"{'0': 372, '1': 468}",840,"{'0': 511, '1': 329}",0,"{'0': 0, '1': 0}",[],0,4f53cda18c2baa0c0354bb5f9a3ecbe5ed12ab4d8e11ba873c2f11161202b945,False,"insufficient_eligible_synthetic:{""1"":139}"
en_binary_sst2,1013,3.0,L0.30_U0.60,0.3,0.6,840,"{'0': 372, '1': 468}",840,"{'0': 511, '1': 329}",0,"{'0': 0, '1': 0}",[],0,4f53cda18c2baa0c0354bb5f9a3ecbe5ed12ab4d8e11ba873c2f11161202b945,False,"insufficient_eligible_synthetic:{""1"":139}"
en_binary_sst2,1013,3.0,L0.40_U0.60,0.4,0.6,840,"{'0': 372, '1': 468}",838,"{'0': 509, '1': 329}",0,"{'0': 0, '1': 0}",[],0,4f53cda18c2baa0c0354bb5f9a3ecbe5ed12ab4d8e11ba873c2f11161202b945,False,"insufficient_eligible_synthetic:{""1"":139}"
en_binary_sst2,1013,3.5,L0.10_U0.60,0.1,0.6,980,"{'0': 434, '1': 546}",840,"{'0': 511, '1': 329}",0,"{'0': 0, '1': 0}",[],0,4f53cda18c2baa0c0354bb5f9a3ecbe5ed12ab4d8e11ba873c2f11161202b945,False,"insufficient_eligible_synthetic:{""1"":217}"
en_binary_sst2,1013,3.5,L0.20_U0.60,0.2,0.6,980,"{'0': 434, '1': 546}",840,"{'0': 511, '1': 329}",0,"{'0': 0, '1': 0}",[],0,4f53cda18c2baa0c0354bb5f9a3ecbe5ed12ab4d8e11ba873c2f11161202b945,False,"insufficient_eligible_synthetic:{""1"":217}"
en_binary_sst2,1013,3.5,L0.30_U0.60,0.3,0.6,980,"{'0': 434, '1': 546}",840,"{'0': 511, '1': 329}",0,"{'0': 0, '1': 0}",[],0,4f53cda18c2baa0c0354bb5f9a3ecbe5ed12ab4d8e11ba873c2f11161202b945,False,"insufficient_eligible_synthetic:{""1"":217}"
en_binary_sst2,1013,3.5,L0.40_U0.60,0.4,0.6,980,"{'0': 434, '1': 546}",838,"{'0': 509, '1': 329}",0,"{'0': 0, '1': 0}",[],0,4f53cda18c2baa0c0354bb5f9a3ecbe5ed12ab4d8e11ba873c2f11161202b945,False,"insufficient_eligible_synthetic:{""1"":217}"
en_binary_sst2,1013,4.0,L0.10_U0.60,0.1,0.6,1120,"{'0': 496, '1': 624}",840,"{'0': 511, '1': 329}",0,"{'0': 0, '1': 0}",[],0,4f53cda18c2baa0c0354bb5f9a3ecbe5ed12ab4d8e11ba873c2f11161202b945,False,"insufficient_eligible_synthetic:{""1"":295}"
en_binary_sst2,1013,4.0,L0.20_U0.60,0.2,0.6,1120,"{'0': 496, '1': 624}",840,"{'0': 511, '1': 329}",0,"{'0': 0, '1': 0}",[],0,4f53cda18c2baa0c0354bb5f9a3ecbe5ed12ab4d8e11ba873c2f11161202b945,False,"insufficient_eligible_synthetic:{""1"":295}"
en_binary_sst2,1013,4.0,L0.30_U0.60,0.3,0.6,1120,"{'0': 496, '1': 624}",840,"{'0': 511, '1': 329}",0,"{'0': 0, '1': 0}",[],0,4f53cda18c2baa0c0354bb5f9a3ecbe5ed12ab4d8e11ba873c2f11161202b945,False,"insufficient_eligible_synthetic:{""1"":295}"
en_binary_sst2,1013,4.0,L0.40_U0.60,0.4,0.6,1120,"{'0': 496, '1': 624}",838,"{'0': 509, '1': 329}",0,"{'0': 0, '1': 0}",[],0,4f53cda18c2baa0c0354bb5f9a3ecbe5ed12ab4d8e11ba873c2f11161202b945,False,"insufficient_eligible_synthetic:{""1"":295}"
en_binary_sst2,1014,3.0,L0.10_U0.60,0.1,0.6,840,"{'0': 372, '1': 468}",850,"{'0': 450, '1': 400}",0,"{'0': 0, '1': 0}",[],0,4f53cda18c2baa0c0354bb5f9a3ecbe5ed12ab4d8e11ba873c2f11161202b945,False,"insufficient_eligible_synthetic:{""1"":68}"
en_binary_sst2,1014,3.0,L0.20_U0.60,0.2,0.6,840,"{'0': 372, '1': 468}",850,"{'0': 450, '1': 400}",0,"{'0': 0, '1': 0}",[],0,4f53cda18c2baa0c0354bb5f9a3ecbe5ed12ab4d8e11ba873c2f11161202b945,False,"insufficient_eligible_synthetic:{""1"":68}"
en_binary_sst2,1014,3.0,L0.30_U0.60,0.3,0.6,840,"{'0': 372, '1': 468}",850,"{'0': 450, '1': 400}",0,"{'0': 0, '1': 0}",[],0,4f53cda18c2baa0c0354bb5f9a3ecbe5ed12ab4d8e11ba873c2f11161202b945,False,"insufficient_eligible_synthetic:{""1"":68}"
en_binary_sst2,1014,3.0,L0.40_U0.60,0.4,0.6,840,"{'0': 372, '1': 468}",835,"{'0': 444, '1': 391}",0,"{'0': 0, '1': 0}",[],0,4f53cda18c2baa0c0354bb5f9a3ecbe5ed12ab4d8e11ba873c2f11161202b945,False,"insufficient_eligible_synthetic:{""1"":77}"
en_binary_sst2,1014,3.5,L0.10_U0.60,0.1,0.6,980,"{'0': 434, '1': 546}",850,"{'0': 450, '1': 400}",0,"{'0': 0, '1': 0}",[],0,4f53cda18c2baa0c0354bb5f9a3ecbe5ed12ab4d8e11ba873c2f11161202b945,False,"insufficient_eligible_synthetic:{""1"":146}"
en_binary_sst2,1014,3.5,L0.20_U0.60,0.2,0.6,980,"{'0': 434, '1': 546}",850,"{'0': 450, '1': 400}",0,"{'0': 0, '1': 0}",[],0,4f53cda18c2baa0c0354bb5f9a3ecbe5ed12ab4d8e11ba873c2f11161202b945,False,"insufficient_eligible_synthetic:{""1"":146}"
en_binary_sst2,1014,3.5,L0.30_U0.60,0.3,0.6,980,"{'0': 434, '1': 546}",850,"{'0': 450, '1': 400}",0,"{'0': 0, '1': 0}",[],0,4f53cda18c2baa0c0354bb5f9a3ecbe5ed12ab4d8e11ba873c2f11161202b945,False,"insufficient_eligible_synthetic:{""1"":146}"
en_binary_sst2,1014,3.5,L0.40_U0.60,0.4,0.6,980,"{'0': 434, '1': 546}",835,"{'0': 444, '1': 391}",0,"{'0': 0, '1': 0}",[],0,4f53cda18c2baa0c0354bb5f9a3ecbe5ed12ab4d8e11ba873c2f11161202b945,False,"insufficient_eligible_synthetic:{""1"":155}"
en_binary_sst2,1014,4.0,L0.10_U0.60,0.1,0.6,1120,"{'0': 496, '1': 624}",850,"{'0': 450, '1': 400}",0,"{'0': 0, '1': 0}",[],0,4f53cda18c2baa0c0354bb5f9a3ecbe5ed12ab4d8e11ba873c2f11161202b945,False,"insufficient_eligible_synthetic:{""0"":46,""1"":224}"
en_binary_sst2,1014,4.0,L0.20_U0.60,0.2,0.6,1120,"{'0': 496, '1': 624}",850,"{'0': 450, '1': 400}",0,"{'0': 0, '1': 0}",[],0,4f53cda18c2baa0c0354bb5f9a3ecbe5ed12ab4d8e11ba873c2f11161202b945,False,"insufficient_eligible_synthetic:{""0"":46,""1"":224}"
en_binary_sst2,1014,4.0,L0.30_U0.60,0.3,0.6,1120,"{'0': 496, '1': 624}",850,"{'0': 450, '1': 400}",0,"{'0': 0, '1': 0}",[],0,4f53cda18c2baa0c0354bb5f9a3ecbe5ed12ab4d8e11ba873c2f11161202b945,False,"insufficient_eligible_synthetic:{""0"":46,""1"":224}"
en_binary_sst2,1014,4.0,L0.40_U0.60,0.4,0.6,1120,"{'0': 496, '1': 624}",835,"{'0': 444, '1': 391}",0,"{'0': 0, '1': 0}",[],0,4f53cda18c2baa0c0354bb5f9a3ecbe5ed12ab4d8e11ba873c2f11161202b945,False,"insufficient_eligible_synthetic:{""0"":52,""1"":233}"
en_binary_sst2,1015,3.0,L0.10_U0.60,0.1,0.6,840,"{'0': 372, '1': 468}",838,"{'0': 398, '1': 440}",0,"{'0': 0, '1': 0}",[],0,4f53cda18c2baa0c0354bb5f9a3ecbe5ed12ab4d8e11ba873c2f11161202b945,False,"insufficient_eligible_synthetic:{""1"":28}"
en_binary_sst2,1015,3.0,L0.20_U0.60,0.2,0.6,840,"{'0': 372, '1': 468}",838,"{'0': 398, '1': 440}",0,"{'0': 0, '1': 0}",[],0,4f53cda18c2baa0c0354bb5f9a3ecbe5ed12ab4d8e11ba873c2f11161202b945,False,"insufficient_eligible_synthetic:{""1"":28}"
en_binary_sst2,1015,3.0,L0.30_U0.60,0.3,0.6,840,"{'0': 372, '1': 468}",838,"{'0': 398, '1': 440}",0,"{'0': 0, '1': 0}",[],0,4f53cda18c2baa0c0354bb5f9a3ecbe5ed12ab4d8e11ba873c2f11161202b945,False,"insufficient_eligible_synthetic:{""1"":28}"
en_binary_sst2,1015,3.0,L0.40_U0.60,0.4,0.6,840,"{'0': 372, '1': 468}",813,"{'0': 374, '1': 439}",0,"{'0': 0, '1': 0}",[],0,4f53cda18c2baa0c0354bb5f9a3ecbe5ed12ab4d8e11ba873c2f11161202b945,False,"insufficient_eligible_synthetic:{""1"":29}"
en_binary_sst2,1015,3.5,L0.10_U0.60,0.1,0.6,980,"{'0': 434, '1': 546}",838,"{'0': 398, '1': 440}",0,"{'0': 0, '1': 0}",[],0,4f53cda18c2baa0c0354bb5f9a3ecbe5ed12ab4d8e11ba873c2f11161202b945,False,"insufficient_eligible_synthetic:{""0"":36,""1"":106}"
en_binary_sst2,1015,3.5,L0.20_U0.60,0.2,0.6,980,"{'0': 434, '1': 546}",838,"{'0': 398, '1': 440}",0,"{'0': 0, '1': 0}",[],0,4f53cda18c2baa0c0354bb5f9a3ecbe5ed12ab4d8e11ba873c2f11161202b945,False,"insufficient_eligible_synthetic:{""0"":36,""1"":106}"
en_binary_sst2,1015,3.5,L0.30_U0.60,0.3,0.6,980,"{'0': 434, '1': 546}",838,"{'0': 398, '1': 440}",0,"{'0': 0, '1': 0}",[],0,4f53cda18c2baa0c0354bb5f9a3ecbe5ed12ab4d8e11ba873c2f11161202b945,False,"insufficient_eligible_synthetic:{""0"":36,""1"":106}"
en_binary_sst2,1015,3.5,L0.40_U0.60,0.4,0.6,980,"{'0': 434, '1': 546}",813,"{'0': 374, '1': 439}",0,"{'0': 0, '1': 0}",[],0,4f53cda18c2baa0c0354bb5f9a3ecbe5ed12ab4d8e11ba873c2f11161202b945,False,"insufficient_eligible_synthetic:{""0"":60,""1"":107}"
en_binary_sst2,1015,4.0,L0.10_U0.60,0.1,0.6,1120,"{'0': 496, '1': 624}",838,"{'0': 398, '1': 440}",0,"{'0': 0, '1': 0}",[],0,4f53cda18c2baa0c0354bb5f9a3ecbe5ed12ab4d8e11ba873c2f11161202b945,False,"insufficient_eligible_synthetic:{""0"":98,""1"":184}"
en_binary_sst2,1015,4.0,L0.20_U0.60,0.2,0.6,1120,"{'0': 496, '1': 624}",838,"{'0': 398, '1': 440}",0,"{'0': 0, '1': 0}",[],0,4f53cda18c2baa0c0354bb5f9a3ecbe5ed12ab4d8e11ba873c2f11161202b945,False,"insufficient_eligible_synthetic:{""0"":98,""1"":184}"
en_binary_sst2,1015,4.0,L0.30_U0.60,0.3,0.6,1120,"{'0': 496, '1': 624}",838,"{'0': 398, '1': 440}",0,"{'0': 0, '1': 0}",[],0,4f53cda18c2baa0c0354bb5f9a3ecbe5ed12ab4d8e11ba873c2f11161202b945,False,"insufficient_eligible_synthetic:{""0"":98,""1"":184}"
en_binary_sst2,1015,4.0,L0.40_U0.60,0.4,0.6,1120,"{'0': 496, '1': 624}",813,"{'0': 374, '1': 439}",0,"{'0': 0, '1': 0}",[],0,4f53cda18c2baa0c0354bb5f9a3ecbe5ed12ab4d8e11ba873c2f11161202b945,False,"insufficient_eligible_synthetic:{""0"":122,""1"":185}"
en_binary_sst2,1016,3.5,L0.10_U0.60,0.1,0.6,980,"{'0': 434, '1': 546}",992,"{'0': 491, '1': 501}",0,"{'0': 0, '1': 0}",[],0,4f53cda18c2baa0c0354bb5f9a3ecbe5ed12ab4d8e11ba873c2f11161202b945,False,"insufficient_eligible_synthetic:{""1"":45}"
en_binary_sst2,1016,3.5,L0.20_U0.60,0.2,0.6,980,"{'0': 434, '1': 546}",992,"{'0': 491, '1': 501}",0,"{'0': 0, '1': 0}",[],0,4f53cda18c2baa0c0354bb5f9a3ecbe5ed12ab4d8e11ba873c2f11161202b945,False,"insufficient_eligible_synthetic:{""1"":45}"
en_binary_sst2,1016,3.5,L0.30_U0.60,0.3,0.6,980,"{'0': 434, '1': 546}",992,"{'0': 491, '1': 501}",0,"{'0': 0, '1': 0}",[],0,4f53cda18c2baa0c0354bb5f9a3ecbe5ed12ab4d8e11ba873c2f11161202b945,False,"insufficient_eligible_synthetic:{""1"":45}"
en_binary_sst2,1016,3.5,L0.40_U0.60,0.4,0.6,980,"{'0': 434, '1': 546}",954,"{'0': 456, '1': 498}",0,"{'0': 0, '1': 0}",[],0,4f53cda18c2baa0c0354bb5f9a3ecbe5ed12ab4d8e11ba873c2f11161202b945,False,"insufficient_eligible_synthetic:{""1"":48}"
en_binary_sst2,1016,4.0,L0.10_U0.60,0.1,0.6,1120,"{'0': 496, '1': 624}",992,"{'0': 491, '1': 501}",0,"{'0': 0, '1': 0}",[],0,4f53cda18c2baa0c0354bb5f9a3ecbe5ed12ab4d8e11ba873c2f11161202b945,False,"insufficient_eligible_synthetic:{""0"":5,""1"":123}"
en_binary_sst2,1016,4.0,L0.20_U0.60,0.2,0.6,1120,"{'0': 496, '1': 624}",992,"{'0': 491, '1': 501}",0,"{'0': 0, '1': 0}",[],0,4f53cda18c2baa0c0354bb5f9a3ecbe5ed12ab4d8e11ba873c2f11161202b945,False,"insufficient_eligible_synthetic:{""0"":5,""1"":123}"
en_binary_sst2,1016,4.0,L0.30_U0.60,0.3,0.6,1120,"{'0': 496, '1': 624}",992,"{'0': 491, '1': 501}",0,"{'0': 0, '1': 0}",[],0,4f53cda18c2baa0c0354bb5f9a3ecbe5ed12ab4d8e11ba873c2f11161202b945,False,"insufficient_eligible_synthetic:{""0"":5,""1"":123}"
en_binary_sst2,1016,4.0,L0.40_U0.60,0.4,0.6,1120,"{'0': 496, '1': 624}",954,"{'0': 456, '1': 498}",0,"{'0': 0, '1': 0}",[],0,4f53cda18c2baa0c0354bb5f9a3ecbe5ed12ab4d8e11ba873c2f11161202b945,False,"insufficient_eligible_synthetic:{""0"":40,""1"":126}"
en_binary_sst2,1017,1.75,L0.40_U0.60,0.4,0.6,490,"{'0': 217, '1': 273}",658,"{'0': 387, '1': 271}",0,"{'0': 0, '1': 0}",[],0,4f53cda18c2baa0c0354bb5f9a3ecbe5ed12ab4d8e11ba873c2f11161202b945,False,"insufficient_eligible_synthetic:{""1"":2}"
en_binary_sst2,1017,2.0,L0.10_U0.60,0.1,0.6,560,"{'0': 248, '1': 312}",687,"{'0': 408, '1': 279}",0,"{'0': 0, '1': 0}",[],0,4f53cda18c2baa0c0354bb5f9a3ecbe5ed12ab4d8e11ba873c2f11161202b945,False,"insufficient_eligible_synthetic:{""1"":33}"
en_binary_sst2,1017,2.0,L0.20_U0.60,0.2,0.6,560,"{'0': 248, '1': 312}",687,"{'0': 408, '1': 279}",0,"{'0': 0, '1': 0}",[],0,4f53cda18c2baa0c0354bb5f9a3ecbe5ed12ab4d8e11ba873c2f11161202b945,False,"insufficient_eligible_synthetic:{""1"":33}"
en_binary_sst2,1017,2.0,L0.30_U0.60,0.3,0.6,560,"{'0': 248, '1': 312}",687,"{'0': 408, '1': 279}",0,"{'0': 0, '1': 0}",[],0,4f53cda18c2baa0c0354bb5f9a3ecbe5ed12ab4d8e11ba873c2f11161202b945,False,"insufficient_eligible_synthetic:{""1"":33}"
en_binary_sst2,1017,2.0,L0.40_U0.60,0.4,0.6,560,"{'0': 248, '1': 312}",658,"{'0': 387, '1': 271}",0,"{'0': 0, '1': 0}",[],0,4f53cda18c2baa0c0354bb5f9a3ecbe5ed12ab4d8e11ba873c2f11161202b945,False,"insufficient_eligible_synthetic:{""1"":41}"
en_binary_sst2,1017,2.5,L0.10_U0.60,0.1,0.6,700,"{'0': 310, '1': 390}",687,"{'0': 408, '1': 279}",0,"{'0': 0, '1': 0}",[],0,4f53cda18c2baa0c0354bb5f9a3ecbe5ed12ab4d8e11ba873c2f11161202b945,False,"insufficient_eligible_synthetic:{""1"":111}"
en_binary_sst2,1017,2.5,L0.20_U0.60,0.2,0.6,700,"{'0': 310, '1': 390}",687,"{'0': 408, '1': 279}",0,"{'0': 0, '1': 0}",[],0,4f53cda18c2baa0c0354bb5f9a3ecbe5ed12ab4d8e11ba873c2f11161202b945,False,"insufficient_eligible_synthetic:{""1"":111}"
en_binary_sst2,1017,2.5,L0.30_U0.60,0.3,0.6,700,"{'0': 310, '1': 390}",687,"{'0': 408, '1': 279}",0,"{'0': 0, '1': 0}",[],0,4f53cda18c2baa0c0354bb5f9a3ecbe5ed12ab4d8e11ba873c2f11161202b945,False,"insufficient_eligible_synthetic:{""1"":111}"
en_binary_sst2,1017,2.5,L0.40_U0.60,0.4,0.6,700,"{'0': 310, '1': 390}",658,"{'0': 387, '1': 271}",0,"{'0': 0, '1': 0}",[],0,4f53cda18c2baa0c0354bb5f9a3ecbe5ed12ab4d8e11ba873c2f11161202b945,False,"insufficient_eligible_synthetic:{""1"":119}"
en_binary_sst2,1017,3.0,L0.10_U0.60,0.1,0.6,840,"{'0': 372, '1': 468}",687,"{'0': 408, '1': 279}",0,"{'0': 0, '1': 0}",[],0,4f53cda18c2baa0c0354bb5f9a3ecbe5ed12ab4d8e11ba873c2f11161202b945,False,"insufficient_eligible_synthetic:{""1"":189}"
en_binary_sst2,1017,3.0,L0.20_U0.60,0.2,0.6,840,"{'0': 372, '1': 468}",687,"{'0': 408, '1': 279}",0,"{'0': 0, '1': 0}",[],0,4f53cda18c2baa0c0354bb5f9a3ecbe5ed12ab4d8e11ba873c2f11161202b945,False,"insufficient_eligible_synthetic:{""1"":189}"
en_binary_sst2,1017,3.0,L0.30_U0.60,0.3,0.6,840,"{'0': 372, '1': 468}",687,"{'0': 408, '1': 279}",0,"{'0': 0, '1': 0}",[],0,4f53cda18c2baa0c0354bb5f9a3ecbe5ed12ab4d8e11ba873c2f11161202b945,False,"insufficient_eligible_synthetic:{""1"":189}"
en_binary_sst2,1017,3.0,L0.40_U0.60,0.4,0.6,840,"{'0': 372, '1': 468}",658,"{'0': 387, '1': 271}",0,"{'0': 0, '1': 0}",[],0,4f53cda18c2baa0c0354bb5f9a3ecbe5ed12ab4d8e11ba873c2f11161202b945,False,"insufficient_eligible_synthetic:{""1"":197}"
en_binary_sst2,1017,3.5,L0.10_U0.60,0.1,0.6,980,"{'0': 434, '1': 546}",687,"{'0': 408, '1': 279}",0,"{'0': 0, '1': 0}",[],0,4f53cda18c2baa0c0354bb5f9a3ecbe5ed12ab4d8e11ba873c2f11161202b945,False,"insufficient_eligible_synthetic:{""0"":26,""1"":267}"
en_binary_sst2,1017,3.5,L0.20_U0.60,0.2,0.6,980,"{'0': 434, '1': 546}",687,"{'0': 408, '1': 279}",0,"{'0': 0, '1': 0}",[],0,4f53cda18c2baa0c0354bb5f9a3ecbe5ed12ab4d8e11ba873c2f11161202b945,False,"insufficient_eligible_synthetic:{""0"":26,""1"":267}"
en_binary_sst2,1017,3.5,L0.30_U0.60,0.3,0.6,980,"{'0': 434, '1': 546}",687,"{'0': 408, '1': 279}",0,"{'0': 0, '1': 0}",[],0,4f53cda18c2baa0c0354bb5f9a3ecbe5ed12ab4d8e11ba873c2f11161202b945,False,"insufficient_eligible_synthetic:{""0"":26,""1"":267}"
en_binary_sst2,1017,3.5,L0.40_U0.60,0.4,0.6,980,"{'0': 434, '1': 546}",658,"{'0': 387, '1': 271}",0,"{'0': 0, '1': 0}",[],0,4f53cda18c2baa0c0354bb5f9a3ecbe5ed12ab4d8e11ba873c2f11161202b945,False,"insufficient_eligible_synthetic:{""0"":47,""1"":275}"
en_binary_sst2,1017,4.0,L0.10_U0.60,0.1,0.6,1120,"{'0': 496, '1': 624}",687,"{'0': 408, '1': 279}",0,"{'0': 0, '1': 0}",[],0,4f53cda18c2baa0c0354bb5f9a3ecbe5ed12ab4d8e11ba873c2f11161202b945,False,"insufficient_eligible_synthetic:{""0"":88,""1"":345}"
en_binary_sst2,1017,4.0,L0.20_U0.60,0.2,0.6,1120,"{'0': 496, '1': 624}",687,"{'0': 408, '1': 279}",0,"{'0': 0, '1': 0}",[],0,4f53cda18c2baa0c0354bb5f9a3ecbe5ed12ab4d8e11ba873c2f11161202b945,False,"insufficient_eligible_synthetic:{""0"":88,""1"":345}"
en_binary_sst2,1017,4.0,L0.30_U0.60,0.3,0.6,1120,"{'0': 496, '1': 624}",687,"{'0': 408, '1': 279}",0,"{'0': 0, '1': 0}",[],0,4f53cda18c2baa0c0354bb5f9a3ecbe5ed12ab4d8e11ba873c2f11161202b945,False,"insufficient_eligible_synthetic:{""0"":88,""1"":345}"
en_binary_sst2,1017,4.0,L0.40_U0.60,0.4,0.6,1120,"{'0': 496, '1': 624}",658,"{'0': 387, '1': 271}",0,"{'0': 0, '1': 0}",[],0,4f53cda18c2baa0c0354bb5f9a3ecbe5ed12ab4d8e11ba873c2f11161202b945,False,"insufficient_eligible_synthetic:{""0"":109,""1"":353}"
en_binary_sst2,1018,2.5,L0.10_U0.60,0.1,0.6,700,"{'0': 310, '1': 390}",940,"{'0': 596, '1': 344}",0,"{'0': 0, '1': 0}",[],0,4f53cda18c2baa0c0354bb5f9a3ecbe5ed12ab4d8e11ba873c2f11161202b945,False,"insufficient_eligible_synthetic:{""1"":46}"
en_binary_sst2,1018,2.5,L0.20_U0.60,0.2,0.6,700,"{'0': 310, '1': 390}",940,"{'0': 596, '1': 344}",0,"{'0': 0, '1': 0}",[],0,4f53cda18c2baa0c0354bb5f9a3ecbe5ed12ab4d8e11ba873c2f11161202b945,False,"insufficient_eligible_synthetic:{""1"":46}"
en_binary_sst2,1018,2.5,L0.30_U0.60,0.3,0.6,700,"{'0': 310, '1': 390}",937,"{'0': 593, '1': 344}",0,"{'0': 0, '1': 0}",[],0,4f53cda18c2baa0c0354bb5f9a3ecbe5ed12ab4d8e11ba873c2f11161202b945,False,"insufficient_eligible_synthetic:{""1"":46}"
en_binary_sst2,1018,2.5,L0.40_U0.60,0.4,0.6,700,"{'0': 310, '1': 390}",905,"{'0': 562, '1': 343}",0,"{'0': 0, '1': 0}",[],0,4f53cda18c2baa0c0354bb5f9a3ecbe5ed12ab4d8e11ba873c2f11161202b945,False,"insufficient_eligible_synthetic:{""1"":47}"
en_binary_sst2,1018,3.0,L0.10_U0.60,0.1,0.6,840,"{'0': 372, '1': 468}",940,"{'0': 596, '1': 344}",0,"{'0': 0, '1': 0}",[],0,4f53cda18c2baa0c0354bb5f9a3ecbe5ed12ab4d8e11ba873c2f11161202b945,False,"insufficient_eligible_synthetic:{""1"":124}"
en_binary_sst2,1018,3.0,L0.20_U0.60,0.2,0.6,840,"{'0': 372, '1': 468}",940,"{'0': 596, '1': 344}",0,"{'0': 0, '1': 0}",[],0,4f53cda18c2baa0c0354bb5f9a3ecbe5ed12ab4d8e11ba873c2f11161202b945,False,"insufficient_eligible_synthetic:{""1"":124}"
en_binary_sst2,1018,3.0,L0.30_U0.60,0.3,0.6,840,"{'0': 372, '1': 468}",937,"{'0': 593, '1': 344}",0,"{'0': 0, '1': 0}",[],0,4f53cda18c2baa0c0354bb5f9a3ecbe5ed12ab4d8e11ba873c2f11161202b945,False,"insufficient_eligible_synthetic:{""1"":124}"
en_binary_sst2,1018,3.0,L0.40_U0.60,0.4,0.6,840,"{'0': 372, '1': 468}",905,"{'0': 562, '1': 343}",0,"{'0': 0, '1': 0}",[],0,4f53cda18c2baa0c0354bb5f9a3ecbe5ed12ab4d8e11ba873c2f11161202b945,False,"insufficient_eligible_synthetic:{""1"":125}"
en_binary_sst2,1018,3.5,L0.10_U0.60,0.1,0.6,980,"{'0': 434, '1': 546}",940,"{'0': 596, '1': 344}",0,"{'0': 0, '1': 0}",[],0,4f53cda18c2baa0c0354bb5f9a3ecbe5ed12ab4d8e11ba873c2f11161202b945,False,"insufficient_eligible_synthetic:{""1"":202}"
en_binary_sst2,1018,3.5,L0.20_U0.60,0.2,0.6,980,"{'0': 434, '1': 546}",940,"{'0': 596, '1': 344}",0,"{'0': 0, '1': 0}",[],0,4f53cda18c2baa0c0354bb5f9a3ecbe5ed12ab4d8e11ba873c2f11161202b945,False,"insufficient_eligible_synthetic:{""1"":202}"
en_binary_sst2,1018,3.5,L0.30_U0.60,0.3,0.6,980,"{'0': 434, '1': 546}",937,"{'0': 593, '1': 344}",0,"{'0': 0, '1': 0}",[],0,4f53cda18c2baa0c0354bb5f9a3ecbe5ed12ab4d8e11ba873c2f11161202b945,False,"insufficient_eligible_synthetic:{""1"":202}"
en_binary_sst2,1018,3.5,L0.40_U0.60,0.4,0.6,980,"{'0': 434, '1': 546}",905,"{'0': 562, '1': 343}",0,"{'0': 0, '1': 0}",[],0,4f53cda18c2baa0c0354bb5f9a3ecbe5ed12ab4d8e11ba873c2f11161202b945,False,"insufficient_eligible_synthetic:{""1"":203}"
en_binary_sst2,1018,4.0,L0.10_U0.60,0.1,0.6,1120,"{'0': 496, '1': 624}",940,"{'0': 596, '1': 344}",0,"{'0': 0, '1': 0}",[],0,4f53cda18c2baa0c0354bb5f9a3ecbe5ed12ab4d8e11ba873c2f11161202b945,False,"insufficient_eligible_synthetic:{""1"":280}"
en_binary_sst2,1018,4.0,L0.20_U0.60,0.2,0.6,1120,"{'0': 496, '1': 624}",940,"{'0': 596, '1': 344}",0,"{'0': 0, '1': 0}",[],0,4f53cda18c2baa0c0354bb5f9a3ecbe5ed12ab4d8e11ba873c2f11161202b945,False,"insufficient_eligible_synthetic:{""1"":280}"
en_binary_sst2,1018,4.0,L0.30_U0.60,0.3,0.6,1120,"{'0': 496, '1': 624}",937,"{'0': 593, '1': 344}",0,"{'0': 0, '1': 0}",[],0,4f53cda18c2baa0c0354bb5f9a3ecbe5ed12ab4d8e11ba873c2f11161202b945,False,"insufficient_eligible_synthetic:{""1"":280}"
en_binary_sst2,1018,4.0,L0.40_U0.60,0.4,0.6,1120,"{'0': 496, '1': 624}",905,"{'0': 562, '1': 343}",0,"{'0': 0, '1': 0}",[],0,4f53cda18c2baa0c0354bb5f9a3ecbe5ed12ab4d8e11ba873c2f11161202b945,False,"insufficient_eligible_synthetic:{""1"":281}"
en_binary_sst2,1019,2.5,L0.10_U0.60,0.1,0.6,700,"{'0': 310, '1': 390}",798,"{'0': 464, '1': 334}",0,"{'0': 0, '1': 0}",[],0,4f53cda18c2baa0c0354bb5f9a3ecbe5ed12ab4d8e11ba873c2f11161202b945,False,"insufficient_eligible_synthetic:{""1"":56}"
en_binary_sst2,1019,2.5,L0.20_U0.60,0.2,0.6,700,"{'0': 310, '1': 390}",798,"{'0': 464, '1': 334}",0,"{'0': 0, '1': 0}",[],0,4f53cda18c2baa0c0354bb5f9a3ecbe5ed12ab4d8e11ba873c2f11161202b945,False,"insufficient_eligible_synthetic:{""1"":56}"
en_binary_sst2,1019,2.5,L0.30_U0.60,0.3,0.6,700,"{'0': 310, '1': 390}",798,"{'0': 464, '1': 334}",0,"{'0': 0, '1': 0}",[],0,4f53cda18c2baa0c0354bb5f9a3ecbe5ed12ab4d8e11ba873c2f11161202b945,False,"insufficient_eligible_synthetic:{""1"":56}"
en_binary_sst2,1019,2.5,L0.40_U0.60,0.4,0.6,700,"{'0': 310, '1': 390}",779,"{'0': 446, '1': 333}",0,"{'0': 0, '1': 0}",[],0,4f53cda18c2baa0c0354bb5f9a3ecbe5ed12ab4d8e11ba873c2f11161202b945,False,"insufficient_eligible_synthetic:{""1"":57}"
en_binary_sst2,1019,3.0,L0.10_U0.60,0.1,0.6,840,"{'0': 372, '1': 468}",798,"{'0': 464, '1': 334}",0,"{'0': 0, '1': 0}",[],0,4f53cda18c2baa0c0354bb5f9a3ecbe5ed12ab4d8e11ba873c2f11161202b945,False,"insufficient_eligible_synthetic:{""1"":134}"
en_binary_sst2,1019,3.0,L0.20_U0.60,0.2,0.6,840,"{'0': 372, '1': 468}",798,"{'0': 464, '1': 334}",0,"{'0': 0, '1': 0}",[],0,4f53cda18c2baa0c0354bb5f9a3ecbe5ed12ab4d8e11ba873c2f11161202b945,False,"insufficient_eligible_synthetic:{""1"":134}"
en_binary_sst2,1019,3.0,L0.30_U0.60,0.3,0.6,840,"{'0': 372, '1': 468}",798,"{'0': 464, '1': 334}",0,"{'0': 0, '1': 0}",[],0,4f53cda18c2baa0c0354bb5f9a3ecbe5ed12ab4d8e11ba873c2f11161202b945,False,"insufficient_eligible_synthetic:{""1"":134}"
en_binary_sst2,1019,3.0,L0.40_U0.60,0.4,0.6,840,"{'0': 372, '1': 468}",779,"{'0': 446, '1': 333}",0,"{'0': 0, '1': 0}",[],0,4f53cda18c2baa0c0354bb5f9a3ecbe5ed12ab4d8e11ba873c2f11161202b945,False,"insufficient_eligible_synthetic:{""1"":135}"
en_binary_sst2,1019,3.5,L0.10_U0.60,0.1,0.6,980,"{'0': 434, '1': 546}",798,"{'0': 464, '1': 334}",0,"{'0': 0, '1': 0}",[],0,4f53cda18c2baa0c0354bb5f9a3ecbe5ed12ab4d8e11ba873c2f11161202b945,False,"insufficient_eligible_synthetic:{""1"":212}"
en_binary_sst2,1019,3.5,L0.20_U0.60,0.2,0.6,980,"{'0': 434, '1': 546}",798,"{'0': 464, '1': 334}",0,"{'0': 0, '1': 0}",[],0,4f53cda18c2baa0c0354bb5f9a3ecbe5ed12ab4d8e11ba873c2f11161202b945,False,"insufficient_eligible_synthetic:{""1"":212}"
en_binary_sst2,1019,3.5,L0.30_U0.60,0.3,0.6,980,"{'0': 434, '1': 546}",798,"{'0': 464, '1': 334}",0,"{'0': 0, '1': 0}",[],0,4f53cda18c2baa0c0354bb5f9a3ecbe5ed12ab4d8e11ba873c2f11161202b945,False,"insufficient_eligible_synthetic:{""1"":212}"
en_binary_sst2,1019,3.5,L0.40_U0.60,0.4,0.6,980,"{'0': 434, '1': 546}",779,"{'0': 446, '1': 333}",0,"{'0': 0, '1': 0}",[],0,4f53cda18c2baa0c0354bb5f9a3ecbe5ed12ab4d8e11ba873c2f11161202b945,False,"insufficient_eligible_synthetic:{""1"":213}"
en_binary_sst2,1019,4.0,L0.10_U0.60,0.1,0.6,1120,"{'0': 496, '1': 624}",798,"{'0': 464, '1': 334}",0,"{'0': 0, '1': 0}",[],0,4f53cda18c2baa0c0354bb5f9a3ecbe5ed12ab4d8e11ba873c2f11161202b945,False,"insufficient_eligible_synthetic:{""0"":32,""1"":290}"
en_binary_sst2,1019,4.0,L0.20_U0.60,0.2,0.6,1120,"{'0': 496, '1': 624}",798,"{'0': 464, '1': 334}",0,"{'0': 0, '1': 0}",[],0,4f53cda18c2baa0c0354bb5f9a3ecbe5ed12ab4d8e11ba873c2f11161202b945,False,"insufficient_eligible_synthetic:{""0"":32,""1"":290}"
en_binary_sst2,1019,4.0,L0.30_U0.60,0.3,0.6,1120,"{'0': 496, '1': 624}",798,"{'0': 464, '1': 334}",0,"{'0': 0, '1': 0}",[],0,4f53cda18c2baa0c0354bb5f9a3ecbe5ed12ab4d8e11ba873c2f11161202b945,False,"insufficient_eligible_synthetic:{""0"":32,""1"":290}"
en_binary_sst2,1019,4.0,L0.40_U0.60,0.4,0.6,1120,"{'0': 496, '1': 624}",779,"{'0': 446, '1': 333}",0,"{'0': 0, '1': 0}",[],0,4f53cda18c2baa0c0354bb5f9a3ecbe5ed12ab4d8e11ba873c2f11161202b945,False,"insufficient_eligible_synthetic:{""0"":50,""1"":291}"
en_binary_sst2,1020,2.5,L0.10_U0.60,0.1,0.6,700,"{'0': 310, '1': 390}",692,"{'0': 364, '1': 328}",0,"{'0': 0, '1': 0}",[],0,4f53cda18c2baa0c0354bb5f9a3ecbe5ed12ab4d8e11ba873c2f11161202b945,False,"insufficient_eligible_synthetic:{""1"":62}"
en_binary_sst2,1020,2.5,L0.20_U0.60,0.2,0.6,700,"{'0': 310, '1': 390}",692,"{'0': 364, '1': 328}",0,"{'0': 0, '1': 0}",[],0,4f53cda18c2baa0c0354bb5f9a3ecbe5ed12ab4d8e11ba873c2f11161202b945,False,"insufficient_eligible_synthetic:{""1"":62}"
en_binary_sst2,1020,2.5,L0.30_U0.60,0.3,0.6,700,"{'0': 310, '1': 390}",692,"{'0': 364, '1': 328}",0,"{'0': 0, '1': 0}",[],0,4f53cda18c2baa0c0354bb5f9a3ecbe5ed12ab4d8e11ba873c2f11161202b945,False,"insufficient_eligible_synthetic:{""1"":62}"
en_binary_sst2,1020,2.5,L0.40_U0.60,0.4,0.6,700,"{'0': 310, '1': 390}",687,"{'0': 359, '1': 328}",0,"{'0': 0, '1': 0}",[],0,4f53cda18c2baa0c0354bb5f9a3ecbe5ed12ab4d8e11ba873c2f11161202b945,False,"insufficient_eligible_synthetic:{""1"":62}"
en_binary_sst2,1020,3.0,L0.10_U0.60,0.1,0.6,840,"{'0': 372, '1': 468}",692,"{'0': 364, '1': 328}",0,"{'0': 0, '1': 0}",[],0,4f53cda18c2baa0c0354bb5f9a3ecbe5ed12ab4d8e11ba873c2f11161202b945,False,"insufficient_eligible_synthetic:{""0"":8,""1"":140}"
en_binary_sst2,1020,3.0,L0.20_U0.60,0.2,0.6,840,"{'0': 372, '1': 468}",692,"{'0': 364, '1': 328}",0,"{'0': 0, '1': 0}",[],0,4f53cda18c2baa0c0354bb5f9a3ecbe5ed12ab4d8e11ba873c2f11161202b945,False,"insufficient_eligible_synthetic:{""0"":8,""1"":140}"
en_binary_sst2,1020,3.0,L0.30_U0.60,0.3,0.6,840,"{'0': 372, '1': 468}",692,"{'0': 364, '1': 328}",0,"{'0': 0, '1': 0}",[],0,4f53cda18c2baa0c0354bb5f9a3ecbe5ed12ab4d8e11ba873c2f11161202b945,False,"insufficient_eligible_synthetic:{""0"":8,""1"":140}"
en_binary_sst2,1020,3.0,L0.40_U0.60,0.4,0.6,840,"{'0': 372, '1': 468}",687,"{'0': 359, '1': 328}",0,"{'0': 0, '1': 0}",[],0,4f53cda18c2baa0c0354bb5f9a3ecbe5ed12ab4d8e11ba873c2f11161202b945,False,"insufficient_eligible_synthetic:{""0"":13,""1"":140}"
en_binary_sst2,1020,3.5,L0.10_U0.60,0.1,0.6,980,"{'0': 434, '1': 546}",692,"{'0': 364, '1': 328}",0,"{'0': 0, '1': 0}",[],0,4f53cda18c2baa0c0354bb5f9a3ecbe5ed12ab4d8e11ba873c2f11161202b945,False,"insufficient_eligible_synthetic:{""0"":70,""1"":218}"
en_binary_sst2,1020,3.5,L0.20_U0.60,0.2,0.6,980,"{'0': 434, '1': 546}",692,"{'0': 364, '1': 328}",0,"{'0': 0, '1': 0}",[],0,4f53cda18c2baa0c0354bb5f9a3ecbe5ed12ab4d8e11ba873c2f11161202b945,False,"insufficient_eligible_synthetic:{""0"":70,""1"":218}"
en_binary_sst2,1020,3.5,L0.30_U0.60,0.3,0.6,980,"{'0': 434, '1': 546}",692,"{'0': 364, '1': 328}",0,"{'0': 0, '1': 0}",[],0,4f53cda18c2baa0c0354bb5f9a3ecbe5ed12ab4d8e11ba873c2f11161202b945,False,"insufficient_eligible_synthetic:{""0"":70,""1"":218}"
en_binary_sst2,1020,3.5,L0.40_U0.60,0.4,0.6,980,"{'0': 434, '1': 546}",687,"{'0': 359, '1': 328}",0,"{'0': 0, '1': 0}",[],0,4f53cda18c2baa0c0354bb5f9a3ecbe5ed12ab4d8e11ba873c2f11161202b945,False,"insufficient_eligible_synthetic:{""0"":75,""1"":218}"
en_binary_sst2,1020,4.0,L0.10_U0.60,0.1,0.6,1120,"{'0': 496, '1': 624}",692,"{'0': 364, '1': 328}",0,"{'0': 0, '1': 0}",[],0,4f53cda18c2baa0c0354bb5f9a3ecbe5ed12ab4d8e11ba873c2f11161202b945,False,"insufficient_eligible_synthetic:{""0"":132,""1"":296}"
en_binary_sst2,1020,4.0,L0.20_U0.60,0.2,0.6,1120,"{'0': 496, '1': 624}",692,"{'0': 364, '1': 328}",0,"{'0': 0, '1': 0}",[],0,4f53cda18c2baa0c0354bb5f9a3ecbe5ed12ab4d8e11ba873c2f11161202b945,False,"insufficient_eligible_synthetic:{""0"":132,""1"":296}"
en_binary_sst2,1020,4.0,L0.30_U0.60,0.3,0.6,1120,"{'0': 496, '1': 624}",692,"{'0': 364, '1': 328}",0,"{'0': 0, '1': 0}",[],0,4f53cda18c2baa0c0354bb5f9a3ecbe5ed12ab4d8e11ba873c2f11161202b945,False,"insufficient_eligible_synthetic:{""0"":132,""1"":296}"
en_binary_sst2,1020,4.0,L0.40_U0.60,0.4,0.6,1120,"{'0': 496, '1': 624}",687,"{'0': 359, '1': 328}",0,"{'0': 0, '1': 0}",[],0,4f53cda18c2baa0c0354bb5f9a3ecbe5ed12ab4d8e11ba873c2f11161202b945,False,"insufficient_eligible_synthetic:{""0"":137,""1"":296}"
en_binary_sst2,1021,3.0,L0.10_U0.60,0.1,0.6,840,"{'0': 372, '1': 468}",1127,"{'0': 686, '1': 441}",0,"{'0': 0, '1': 0}",[],0,4f53cda18c2baa0c0354bb5f9a3ecbe5ed12ab4d8e11ba873c2f11161202b945,False,"insufficient_eligible_synthetic:{""1"":27}"
en_binary_sst2,1021,3.0,L0.20_U0.60,0.2,0.6,840,"{'0': 372, '1': 468}",1127,"{'0': 686, '1': 441}",0,"{'0': 0, '1': 0}",[],0,4f53cda18c2baa0c0354bb5f9a3ecbe5ed12ab4d8e11ba873c2f11161202b945,False,"insufficient_eligible_synthetic:{""1"":27}"
en_binary_sst2,1021,3.0,L0.30_U0.60,0.3,0.6,840,"{'0': 372, '1': 468}",1124,"{'0': 683, '1': 441}",0,"{'0': 0, '1': 0}",[],0,4f53cda18c2baa0c0354bb5f9a3ecbe5ed12ab4d8e11ba873c2f11161202b945,False,"insufficient_eligible_synthetic:{""1"":27}"
en_binary_sst2,1021,3.0,L0.40_U0.60,0.4,0.6,840,"{'0': 372, '1': 468}",1101,"{'0': 660, '1': 441}",0,"{'0': 0, '1': 0}",[],0,4f53cda18c2baa0c0354bb5f9a3ecbe5ed12ab4d8e11ba873c2f11161202b945,False,"insufficient_eligible_synthetic:{""1"":27}"
en_binary_sst2,1021,3.5,L0.10_U0.60,0.1,0.6,980,"{'0': 434, '1': 546}",1127,"{'0': 686, '1': 441}",0,"{'0': 0, '1': 0}",[],0,4f53cda18c2baa0c0354bb5f9a3ecbe5ed12ab4d8e11ba873c2f11161202b945,False,"insufficient_eligible_synthetic:{""1"":105}"
en_binary_sst2,1021,3.5,L0.20_U0.60,0.2,0.6,980,"{'0': 434, '1': 546}",1127,"{'0': 686, '1': 441}",0,"{'0': 0, '1': 0}",[],0,4f53cda18c2baa0c0354bb5f9a3ecbe5ed12ab4d8e11ba873c2f11161202b945,False,"insufficient_eligible_synthetic:{""1"":105}"
en_binary_sst2,1021,3.5,L0.30_U0.60,0.3,0.6,980,"{'0': 434, '1': 546}",1124,"{'0': 683, '1': 441}",0,"{'0': 0, '1': 0}",[],0,4f53cda18c2baa0c0354bb5f9a3ecbe5ed12ab4d8e11ba873c2f11161202b945,False,"insufficient_eligible_synthetic:{""1"":105}"
en_binary_sst2,1021,3.5,L0.40_U0.60,0.4,0.6,980,"{'0': 434, '1': 546}",1101,"{'0': 660, '1': 441}",0,"{'0': 0, '1': 0}",[],0,4f53cda18c2baa0c0354bb5f9a3ecbe5ed12ab4d8e11ba873c2f11161202b945,False,"insufficient_eligible_synthetic:{""1"":105}"
en_binary_sst2,1021,4.0,L0.10_U0.60,0.1,0.6,1120,"{'0': 496, '1': 624}",1127,"{'0': 686, '1': 441}",0,"{'0': 0, '1': 0}",[],0,4f53cda18c2baa0c0354bb5f9a3ecbe5ed12ab4d8e11ba873c2f11161202b945,False,"insufficient_eligible_synthetic:{""1"":183}"
en_binary_sst2,1021,4.0,L0.20_U0.60,0.2,0.6,1120,"{'0': 496, '1': 624}",1127,"{'0': 686, '1': 441}",0,"{'0': 0, '1': 0}",[],0,4f53cda18c2baa0c0354bb5f9a3ecbe5ed12ab4d8e11ba873c2f11161202b945,False,"insufficient_eligible_synthetic:{""1"":183}"
en_binary_sst2,1021,4.0,L0.30_U0.60,0.3,0.6,1120,"{'0': 496, '1': 624}",1124,"{'0': 683, '1': 441}",0,"{'0': 0, '1': 0}",[],0,4f53cda18c2baa0c0354bb5f9a3ecbe5ed12ab4d8e11ba873c2f11161202b945,False,"insufficient_eligible_synthetic:{""1"":183}"
en_binary_sst2,1021,4.0,L0.40_U0.60,0.4,0.6,1120,"{'0': 496, '1': 624}",1101,"{'0': 660, '1': 441}",0,"{'0': 0, '1': 0}",[],0,4f53cda18c2baa0c0354bb5f9a3ecbe5ed12ab4d8e11ba873c2f11161202b945,False,"insufficient_eligible_synthetic:{""1"":183}"
en_binary_sst2,1022,3.0,L0.10_U0.60,0.1,0.6,840,"{'0': 372, '1': 468}",929,"{'0': 491, '1': 438}",0,"{'0': 0, '1': 0}",[],0,4f53cda18c2baa0c0354bb5f9a3ecbe5ed12ab4d8e11ba873c2f11161202b945,False,"insufficient_eligible_synthetic:{""1"":30}"
en_binary_sst2,1022,3.0,L0.20_U0.60,0.2,0.6,840,"{'0': 372, '1': 468}",929,"{'0': 491, '1': 438}",0,"{'0': 0, '1': 0}",[],0,4f53cda18c2baa0c0354bb5f9a3ecbe5ed12ab4d8e11ba873c2f11161202b945,False,"insufficient_eligible_synthetic:{""1"":30}"
en_binary_sst2,1022,3.0,L0.30_U0.60,0.3,0.6,840,"{'0': 372, '1': 468}",929,"{'0': 491, '1': 438}",0,"{'0': 0, '1': 0}",[],0,4f53cda18c2baa0c0354bb5f9a3ecbe5ed12ab4d8e11ba873c2f11161202b945,False,"insufficient_eligible_synthetic:{""1"":30}"
en_binary_sst2,1022,3.0,L0.40_U0.60,0.4,0.6,840,"{'0': 372, '1': 468}",922,"{'0': 485, '1': 437}",0,"{'0': 0, '1': 0}",[],0,4f53cda18c2baa0c0354bb5f9a3ecbe5ed12ab4d8e11ba873c2f11161202b945,False,"insufficient_eligible_synthetic:{""1"":31}"
en_binary_sst2,1022,3.5,L0.10_U0.60,0.1,0.6,980,"{'0': 434, '1': 546}",929,"{'0': 491, '1': 438}",0,"{'0': 0, '1': 0}",[],0,4f53cda18c2baa0c0354bb5f9a3ecbe5ed12ab4d8e11ba873c2f11161202b945,False,"insufficient_eligible_synthetic:{""1"":108}"
en_binary_sst2,1022,3.5,L0.20_U0.60,0.2,0.6,980,"{'0': 434, '1': 546}",929,"{'0': 491, '1': 438}",0,"{'0': 0, '1': 0}",[],0,4f53cda18c2baa0c0354bb5f9a3ecbe5ed12ab4d8e11ba873c2f11161202b945,False,"insufficient_eligible_synthetic:{""1"":108}"
en_binary_sst2,1022,3.5,L0.30_U0.60,0.3,0.6,980,"{'0': 434, '1': 546}",929,"{'0': 491, '1': 438}",0,"{'0': 0, '1': 0}",[],0,4f53cda18c2baa0c0354bb5f9a3ecbe5ed12ab4d8e11ba873c2f11161202b945,False,"insufficient_eligible_synthetic:{""1"":108}"
en_binary_sst2,1022,3.5,L0.40_U0.60,0.4,0.6,980,"{'0': 434, '1': 546}",922,"{'0': 485, '1': 437}",0,"{'0': 0, '1': 0}",[],0,4f53cda18c2baa0c0354bb5f9a3ecbe5ed12ab4d8e11ba873c2f11161202b945,False,"insufficient_eligible_synthetic:{""1"":109}"
en_binary_sst2,1022,4.0,L0.10_U0.60,0.1,0.6,1120,"{'0': 496, '1': 624}",929,"{'0': 491, '1': 438}",0,"{'0': 0, '1': 0}",[],0,4f53cda18c2baa0c0354bb5f9a3ecbe5ed12ab4d8e11ba873c2f11161202b945,False,"insufficient_eligible_synthetic:{""0"":5,""1"":186}"
en_binary_sst2,1022,4.0,L0.20_U0.60,0.2,0.6,1120,"{'0': 496, '1': 624}",929,"{'0': 491, '1': 438}",0,"{'0': 0, '1': 0}",[],0,4f53cda18c2baa0c0354bb5f9a3ecbe5ed12ab4d8e11ba873c2f11161202b945,False,"insufficient_eligible_synthetic:{""0"":5,""1"":186}"
en_binary_sst2,1022,4.0,L0.30_U0.60,0.3,0.6,1120,"{'0': 496, '1': 624}",929,"{'0': 491, '1': 438}",0,"{'0': 0, '1': 0}",[],0,4f53cda18c2baa0c0354bb5f9a3ecbe5ed12ab4d8e11ba873c2f11161202b945,False,"insufficient_eligible_synthetic:{""0"":5,""1"":186}"
en_binary_sst2,1022,4.0,L0.40_U0.60,0.4,0.6,1120,"{'0': 496, '1': 624}",922,"{'0': 485, '1': 437}",0,"{'0': 0, '1': 0}",[],0,4f53cda18c2baa0c0354bb5f9a3ecbe5ed12ab4d8e11ba873c2f11161202b945,False,"insufficient_eligible_synthetic:{""0"":11,""1"":187}"
en_binary_sst2,1023,3.0,L0.10_U0.60,0.1,0.6,840,"{'0': 372, '1': 468}",986,"{'0': 563, '1': 423}",0,"{'0': 0, '1': 0}",[],0,4f53cda18c2baa0c0354bb5f9a3ecbe5ed12ab4d8e11ba873c2f11161202b945,False,"insufficient_eligible_synthetic:{""1"":45}"
en_binary_sst2,1023,3.0,L0.20_U0.60,0.2,0.6,840,"{'0': 372, '1': 468}",986,"{'0': 563, '1': 423}",0,"{'0': 0, '1': 0}",[],0,4f53cda18c2baa0c0354bb5f9a3ecbe5ed12ab4d8e11ba873c2f11161202b945,False,"insufficient_eligible_synthetic:{""1"":45}"
en_binary_sst2,1023,3.0,L0.30_U0.60,0.3,0.6,840,"{'0': 372, '1': 468}",986,"{'0': 563, '1': 423}",0,"{'0': 0, '1': 0}",[],0,4f53cda18c2baa0c0354bb5f9a3ecbe5ed12ab4d8e11ba873c2f11161202b945,False,"insufficient_eligible_synthetic:{""1"":45}"
en_binary_sst2,1023,3.0,L0.40_U0.60,0.4,0.6,840,"{'0': 372, '1': 468}",943,"{'0': 531, '1': 412}",0,"{'0': 0, '1': 0}",[],0,4f53cda18c2baa0c0354bb5f9a3ecbe5ed12ab4d8e11ba873c2f11161202b945,False,"insufficient_eligible_synthetic:{""1"":56}"
en_binary_sst2,1023,3.5,L0.10_U0.60,0.1,0.6,980,"{'0': 434, '1': 546}",986,"{'0': 563, '1': 423}",0,"{'0': 0, '1': 0}",[],0,4f53cda18c2baa0c0354bb5f9a3ecbe5ed12ab4d8e11ba873c2f11161202b945,False,"insufficient_eligible_synthetic:{""1"":123}"
en_binary_sst2,1023,3.5,L0.20_U0.60,0.2,0.6,980,"{'0': 434, '1': 546}",986,"{'0': 563, '1': 423}",0,"{'0': 0, '1': 0}",[],0,4f53cda18c2baa0c0354bb5f9a3ecbe5ed12ab4d8e11ba873c2f11161202b945,False,"insufficient_eligible_synthetic:{""1"":123}"
en_binary_sst2,1023,3.5,L0.30_U0.60,0.3,0.6,980,"{'0': 434, '1': 546}",986,"{'0': 563, '1': 423}",0,"{'0': 0, '1': 0}",[],0,4f53cda18c2baa0c0354bb5f9a3ecbe5ed12ab4d8e11ba873c2f11161202b945,False,"insufficient_eligible_synthetic:{""1"":123}"
en_binary_sst2,1023,3.5,L0.40_U0.60,0.4,0.6,980,"{'0': 434, '1': 546}",943,"{'0': 531, '1': 412}",0,"{'0': 0, '1': 0}",[],0,4f53cda18c2baa0c0354bb5f9a3ecbe5ed12ab4d8e11ba873c2f11161202b945,False,"insufficient_eligible_synthetic:{""1"":134}"
en_binary_sst2,1023,4.0,L0.10_U0.60,0.1,0.6,1120,"{'0': 496, '1': 624}",986,"{'0': 563, '1': 423}",0,"{'0': 0, '1': 0}",[],0,4f53cda18c2baa0c0354bb5f9a3ecbe5ed12ab4d8e11ba873c2f11161202b945,False,"insufficient_eligible_synthetic:{""1"":201}"
en_binary_sst2,1023,4.0,L0.20_U0.60,0.2,0.6,1120,"{'0': 496, '1': 624}",986,"{'0': 563, '1': 423}",0,"{'0': 0, '1': 0}",[],0,4f53cda18c2baa0c0354bb5f9a3ecbe5ed12ab4d8e11ba873c2f11161202b945,False,"insufficient_eligible_synthetic:{""1"":201}"
en_binary_sst2,1023,4.0,L0.30_U0.60,0.3,0.6,1120,"{'0': 496, '1': 624}",986,"{'0': 563, '1': 423}",0,"{'0': 0, '1': 0}",[],0,4f53cda18c2baa0c0354bb5f9a3ecbe5ed12ab4d8e11ba873c2f11161202b945,False,"insufficient_eligible_synthetic:{""1"":201}"
en_binary_sst2,1023,4.0,L0.40_U0.60,0.4,0.6,1120,"{'0': 496, '1': 624}",943,"{'0': 531, '1': 412}",0,"{'0': 0, '1': 0}",[],0,4f53cda18c2baa0c0354bb5f9a3ecbe5ed12ab4d8e11ba873c2f11161202b945,False,"insufficient_eligible_synthetic:{""1"":212}"
en_binary_sst2,1024,2.5,L0.10_U0.60,0.1,0.6,700,"{'0': 310, '1': 390}",890,"{'0': 502, '1': 388}",0,"{'0': 0, '1': 0}",[],0,4f53cda18c2baa0c0354bb5f9a3ecbe5ed12ab4d8e11ba873c2f11161202b945,False,"insufficient_eligible_synthetic:{""1"":2}"
en_binary_sst2,1024,2.5,L0.20_U0.60,0.2,0.6,700,"{'0': 310, '1': 390}",890,"{'0': 502, '1': 388}",0,"{'0': 0, '1': 0}",[],0,4f53cda18c2baa0c0354bb5f9a3ecbe5ed12ab4d8e11ba873c2f11161202b945,False,"insufficient_eligible_synthetic:{""1"":2}"
en_binary_sst2,1024,2.5,L0.30_U0.60,0.3,0.6,700,"{'0': 310, '1': 390}",887,"{'0': 499, '1': 388}",0,"{'0': 0, '1': 0}",[],0,4f53cda18c2baa0c0354bb5f9a3ecbe5ed12ab4d8e11ba873c2f11161202b945,False,"insufficient_eligible_synthetic:{""1"":2}"
en_binary_sst2,1024,2.5,L0.40_U0.60,0.4,0.6,700,"{'0': 310, '1': 390}",842,"{'0': 457, '1': 385}",0,"{'0': 0, '1': 0}",[],0,4f53cda18c2baa0c0354bb5f9a3ecbe5ed12ab4d8e11ba873c2f11161202b945,False,"insufficient_eligible_synthetic:{""1"":5}"
en_binary_sst2,1024,3.0,L0.10_U0.60,0.1,0.6,840,"{'0': 372, '1': 468}",890,"{'0': 502, '1': 388}",0,"{'0': 0, '1': 0}",[],0,4f53cda18c2baa0c0354bb5f9a3ecbe5ed12ab4d8e11ba873c2f11161202b945,False,"insufficient_eligible_synthetic:{""1"":80}"
en_binary_sst2,1024,3.0,L0.20_U0.60,0.2,0.6,840,"{'0': 372, '1': 468}",890,"{'0': 502, '1': 388}",0,"{'0': 0, '1': 0}",[],0,4f53cda18c2baa0c0354bb5f9a3ecbe5ed12ab4d8e11ba873c2f11161202b945,False,"insufficient_eligible_synthetic:{""1"":80}"
en_binary_sst2,1024,3.0,L0.30_U0.60,0.3,0.6,840,"{'0': 372, '1': 468}",887,"{'0': 499, '1': 388}",0,"{'0': 0, '1': 0}",[],0,4f53cda18c2baa0c0354bb5f9a3ecbe5ed12ab4d8e11ba873c2f11161202b945,False,"insufficient_eligible_synthetic:{""1"":80}"
en_binary_sst2,1024,3.0,L0.40_U0.60,0.4,0.6,840,"{'0': 372, '1': 468}",842,"{'0': 457, '1': 385}",0,"{'0': 0, '1': 0}",[],0,4f53cda18c2baa0c0354bb5f9a3ecbe5ed12ab4d8e11ba873c2f11161202b945,False,"insufficient_eligible_synthetic:{""1"":83}"
en_binary_sst2,1024,3.5,L0.10_U0.60,0.1,0.6,980,"{'0': 434, '1': 546}",890,"{'0': 502, '1': 388}",0,"{'0': 0, '1': 0}",[],0,4f53cda18c2baa0c0354bb5f9a3ecbe5ed12ab4d8e11ba873c2f11161202b945,False,"insufficient_eligible_synthetic:{""1"":158}"
en_binary_sst2,1024,3.5,L0.20_U0.60,0.2,0.6,980,"{'0': 434, '1': 546}",890,"{'0': 502, '1': 388}",0,"{'0': 0, '1': 0}",[],0,4f53cda18c2baa0c0354bb5f9a3ecbe5ed12ab4d8e11ba873c2f11161202b945,False,"insufficient_eligible_synthetic:{""1"":158}"
en_binary_sst2,1024,3.5,L0.30_U0.60,0.3,0.6,980,"{'0': 434, '1': 546}",887,"{'0': 499, '1': 388}",0,"{'0': 0, '1': 0}",[],0,4f53cda18c2baa0c0354bb5f9a3ecbe5ed12ab4d8e11ba873c2f11161202b945,False,"insufficient_eligible_synthetic:{""1"":158}"
en_binary_sst2,1024,3.5,L0.40_U0.60,0.4,0.6,980,"{'0': 434, '1': 546}",842,"{'0': 457, '1': 385}",0,"{'0': 0, '1': 0}",[],0,4f53cda18c2baa0c0354bb5f9a3ecbe5ed12ab4d8e11ba873c2f11161202b945,False,"insufficient_eligible_synthetic:{""1"":161}"
en_binary_sst2,1024,4.0,L0.10_U0.60,0.1,0.6,1120,"{'0': 496, '1': 624}",890,"{'0': 502, '1': 388}",0,"{'0': 0, '1': 0}",[],0,4f53cda18c2baa0c0354bb5f9a3ecbe5ed12ab4d8e11ba873c2f11161202b945,False,"insufficient_eligible_synthetic:{""1"":236}"
en_binary_sst2,1024,4.0,L0.20_U0.60,0.2,0.6,1120,"{'0': 496, '1': 624}",890,"{'0': 502, '1': 388}",0,"{'0': 0, '1': 0}",[],0,4f53cda18c2baa0c0354bb5f9a3ecbe5ed12ab4d8e11ba873c2f11161202b945,False,"insufficient_eligible_synthetic:{""1"":236}"
en_binary_sst2,1024,4.0,L0.30_U0.60,0.3,0.6,1120,"{'0': 496, '1': 624}",887,"{'0': 499, '1': 388}",0,"{'0': 0, '1': 0}",[],0,4f53cda18c2baa0c0354bb5f9a3ecbe5ed12ab4d8e11ba873c2f11161202b945,False,"insufficient_eligible_synthetic:{""1"":236}"
en_binary_sst2,1024,4.0,L0.40_U0.60,0.4,0.6,1120,"{'0': 496, '1': 624}",842,"{'0': 457, '1': 385}",0,"{'0': 0, '1': 0}",[],0,4f53cda18c2baa0c0354bb5f9a3ecbe5ed12ab4d8e11ba873c2f11161202b945,False,"insufficient_eligible_synthetic:{""0"":39,""1"":239}"
en_binary_sst2,1025,3.0,L0.10_U0.60,0.1,0.6,840,"{'0': 372, '1': 468}",893,"{'0': 483, '1': 410}",0,"{'0': 0, '1': 0}",[],0,4f53cda18c2baa0c0354bb5f9a3ecbe5ed12ab4d8e11ba873c2f11161202b945,False,"insufficient_eligible_synthetic:{""1"":58}"
en_binary_sst2,1025,3.0,L0.20_U0.60,0.2,0.6,840,"{'0': 372, '1': 468}",893,"{'0': 483, '1': 410}",0,"{'0': 0, '1': 0}",[],0,4f53cda18c2baa0c0354bb5f9a3ecbe5ed12ab4d8e11ba873c2f11161202b945,False,"insufficient_eligible_synthetic:{""1"":58}"
en_binary_sst2,1025,3.0,L0.30_U0.60,0.3,0.6,840,"{'0': 372, '1': 468}",893,"{'0': 483, '1': 410}",0,"{'0': 0, '1': 0}",[],0,4f53cda18c2baa0c0354bb5f9a3ecbe5ed12ab4d8e11ba873c2f11161202b945,False,"insufficient_eligible_synthetic:{""1"":58}"
en_binary_sst2,1025,3.0,L0.40_U0.60,0.4,0.6,840,"{'0': 372, '1': 468}",857,"{'0': 457, '1': 400}",0,"{'0': 0, '1': 0}",[],0,4f53cda18c2baa0c0354bb5f9a3ecbe5ed12ab4d8e11ba873c2f11161202b945,False,"insufficient_eligible_synthetic:{""1"":68}"
en_binary_sst2,1025,3.5,L0.10_U0.60,0.1,0.6,980,"{'0': 434, '1': 546}",893,"{'0': 483, '1': 410}",0,"{'0': 0, '1': 0}",[],0,4f53cda18c2baa0c0354bb5f9a3ecbe5ed12ab4d8e11ba873c2f11161202b945,False,"insufficient_eligible_synthetic:{""1"":136}"
en_binary_sst2,1025,3.5,L0.20_U0.60,0.2,0.6,980,"{'0': 434, '1': 546}",893,"{'0': 483, '1': 410}",0,"{'0': 0, '1': 0}",[],0,4f53cda18c2baa0c0354bb5f9a3ecbe5ed12ab4d8e11ba873c2f11161202b945,False,"insufficient_eligible_synthetic:{""1"":136}"
en_binary_sst2,1025,3.5,L0.30_U0.60,0.3,0.6,980,"{'0': 434, '1': 546}",893,"{'0': 483, '1': 410}",0,"{'0': 0, '1': 0}",[],0,4f53cda18c2baa0c0354bb5f9a3ecbe5ed12ab4d8e11ba873c2f11161202b945,False,"insufficient_eligible_synthetic:{""1"":136}"
en_binary_sst2,1025,3.5,L0.40_U0.60,0.4,0.6,980,"{'0': 434, '1': 546}",857,"{'0': 457, '1': 400}",0,"{'0': 0, '1': 0}",[],0,4f53cda18c2baa0c0354bb5f9a3ecbe5ed12ab4d8e11ba873c2f11161202b945,False,"insufficient_eligible_synthetic:{""1"":146}"
en_binary_sst2,1025,4.0,L0.10_U0.60,0.1,0.6,1120,"{'0': 496, '1': 624}",893,"{'0': 483, '1': 410}",0,"{'0': 0, '1': 0}",[],0,4f53cda18c2baa0c0354bb5f9a3ecbe5ed12ab4d8e11ba873c2f11161202b945,False,"insufficient_eligible_synthetic:{""0"":13,""1"":214}"
en_binary_sst2,1025,4.0,L0.20_U0.60,0.2,0.6,1120,"{'0': 496, '1': 624}",893,"{'0': 483, '1': 410}",0,"{'0': 0, '1': 0}",[],0,4f53cda18c2baa0c0354bb5f9a3ecbe5ed12ab4d8e11ba873c2f11161202b945,False,"insufficient_eligible_synthetic:{""0"":13,""1"":214}"
en_binary_sst2,1025,4.0,L0.30_U0.60,0.3,0.6,1120,"{'0': 496, '1': 624}",893,"{'0': 483, '1': 410}",0,"{'0': 0, '1': 0}",[],0,4f53cda18c2baa0c0354bb5f9a3ecbe5ed12ab4d8e11ba873c2f11161202b945,False,"insufficient_eligible_synthetic:{""0"":13,""1"":214}"
en_binary_sst2,1025,4.0,L0.40_U0.60,0.4,0.6,1120,"{'0': 496, '1': 624}",857,"{'0': 457, '1': 400}",0,"{'0': 0, '1': 0}",[],0,4f53cda18c2baa0c0354bb5f9a3ecbe5ed12ab4d8e11ba873c2f11161202b945,False,"insufficient_eligible_synthetic:{""0"":39,""1"":224}"
en_binary_sst2,1026,3.0,L0.10_U0.60,0.1,0.6,840,"{'0': 372, '1': 468}",1013,"{'0': 600, '1': 413}",0,"{'0': 0, '1': 0}",[],0,4f53cda18c2baa0c0354bb5f9a3ecbe5ed12ab4d8e11ba873c2f11161202b945,False,"insufficient_eligible_synthetic:{""1"":55}"
en_binary_sst2,1026,3.0,L0.20_U0.60,0.2,0.6,840,"{'0': 372, '1': 468}",1013,"{'0': 600, '1': 413}",0,"{'0': 0, '1': 0}",[],0,4f53cda18c2baa0c0354bb5f9a3ecbe5ed12ab4d8e11ba873c2f11161202b945,False,"insufficient_eligible_synthetic:{""1"":55}"
en_binary_sst2,1026,3.0,L0.30_U0.60,0.3,0.6,840,"{'0': 372, '1': 468}",1013,"{'0': 600, '1': 413}",0,"{'0': 0, '1': 0}",[],0,4f53cda18c2baa0c0354bb5f9a3ecbe5ed12ab4d8e11ba873c2f11161202b945,False,"insufficient_eligible_synthetic:{""1"":55}"
en_binary_sst2,1026,3.0,L0.40_U0.60,0.4,0.6,840,"{'0': 372, '1': 468}",1010,"{'0': 597, '1': 413}",0,"{'0': 0, '1': 0}",[],0,4f53cda18c2baa0c0354bb5f9a3ecbe5ed12ab4d8e11ba873c2f11161202b945,False,"insufficient_eligible_synthetic:{""1"":55}"
en_binary_sst2,1026,3.5,L0.10_U0.60,0.1,0.6,980,"{'0': 434, '1': 546}",1013,"{'0': 600, '1': 413}",0,"{'0': 0, '1': 0}",[],0,4f53cda18c2baa0c0354bb5f9a3ecbe5ed12ab4d8e11ba873c2f11161202b945,False,"insufficient_eligible_synthetic:{""1"":133}"
en_binary_sst2,1026,3.5,L0.20_U0.60,0.2,0.6,980,"{'0': 434, '1': 546}",1013,"{'0': 600, '1': 413}",0,"{'0': 0, '1': 0}",[],0,4f53cda18c2baa0c0354bb5f9a3ecbe5ed12ab4d8e11ba873c2f11161202b945,False,"insufficient_eligible_synthetic:{""1"":133}"
en_binary_sst2,1026,3.5,L0.30_U0.60,0.3,0.6,980,"{'0': 434, '1': 546}",1013,"{'0': 600, '1': 413}",0,"{'0': 0, '1': 0}",[],0,4f53cda18c2baa0c0354bb5f9a3ecbe5ed12ab4d8e11ba873c2f11161202b945,False,"insufficient_eligible_synthetic:{""1"":133}"
en_binary_sst2,1026,3.5,L0.40_U0.60,0.4,0.6,980,"{'0': 434, '1': 546}",1010,"{'0': 597, '1': 413}",0,"{'0': 0, '1': 0}",[],0,4f53cda18c2baa0c0354bb5f9a3ecbe5ed12ab4d8e11ba873c2f11161202b945,False,"insufficient_eligible_synthetic:{""1"":133}"
en_binary_sst2,1026,4.0,L0.10_U0.60,0.1,0.6,1120,"{'0': 496, '1': 624}",1013,"{'0': 600, '1': 413}",0,"{'0': 0, '1': 0}",[],0,4f53cda18c2baa0c0354bb5f9a3ecbe5ed12ab4d8e11ba873c2f11161202b945,False,"insufficient_eligible_synthetic:{""1"":211}"
en_binary_sst2,1026,4.0,L0.20_U0.60,0.2,0.6,1120,"{'0': 496, '1': 624}",1013,"{'0': 600, '1': 413}",0,"{'0': 0, '1': 0}",[],0,4f53cda18c2baa0c0354bb5f9a3ecbe5ed12ab4d8e11ba873c2f11161202b945,False,"insufficient_eligible_synthetic:{""1"":211}"
en_binary_sst2,1026,4.0,L0.30_U0.60,0.3,0.6,1120,"{'0': 496, '1': 624}",1013,"{'0': 600, '1': 413}",0,"{'0': 0, '1': 0}",[],0,4f53cda18c2baa0c0354bb5f9a3ecbe5ed12ab4d8e11ba873c2f11161202b945,False,"insufficient_eligible_synthetic:{""1"":211}"
en_binary_sst2,1026,4.0,L0.40_U0.60,0.4,0.6,1120,"{'0': 496, '1': 624}",1010,"{'0': 597, '1': 413}",0,"{'0': 0, '1': 0}",[],0,4f53cda18c2baa0c0354bb5f9a3ecbe5ed12ab4d8e11ba873c2f11161202b945,False,"insufficient_eligible_synthetic:{""1"":211}"
en_binary_sst2,1027,3.5,L0.10_U0.60,0.1,0.6,980,"{'0': 434, '1': 546}",943,"{'0': 437, '1': 506}",0,"{'0': 0, '1': 0}",[],0,4f53cda18c2baa0c0354bb5f9a3ecbe5ed12ab4d8e11ba873c2f11161202b945,False,"insufficient_eligible_synthetic:{""1"":40}"
en_binary_sst2,1027,3.5,L0.20_U0.60,0.2,0.6,980,"{'0': 434, '1': 546}",943,"{'0': 437, '1': 506}",0,"{'0': 0, '1': 0}",[],0,4f53cda18c2baa0c0354bb5f9a3ecbe5ed12ab4d8e11ba873c2f11161202b945,False,"insufficient_eligible_synthetic:{""1"":40}"
en_binary_sst2,1027,3.5,L0.30_U0.60,0.3,0.6,980,"{'0': 434, '1': 546}",943,"{'0': 437, '1': 506}",0,"{'0': 0, '1': 0}",[],0,4f53cda18c2baa0c0354bb5f9a3ecbe5ed12ab4d8e11ba873c2f11161202b945,False,"insufficient_eligible_synthetic:{""1"":40}"
en_binary_sst2,1027,3.5,L0.40_U0.60,0.4,0.6,980,"{'0': 434, '1': 546}",933,"{'0': 428, '1': 505}",0,"{'0': 0, '1': 0}",[],0,4f53cda18c2baa0c0354bb5f9a3ecbe5ed12ab4d8e11ba873c2f11161202b945,False,"insufficient_eligible_synthetic:{""0"":6,""1"":41}"
en_binary_sst2,1027,4.0,L0.10_U0.60,0.1,0.6,1120,"{'0': 496, '1': 624}",943,"{'0': 437, '1': 506}",0,"{'0': 0, '1': 0}",[],0,4f53cda18c2baa0c0354bb5f9a3ecbe5ed12ab4d8e11ba873c2f11161202b945,False,"insufficient_eligible_synthetic:{""0"":59,""1"":118}"
en_binary_sst2,1027,4.0,L0.20_U0.60,0.2,0.6,1120,"{'0': 496, '1': 624}",943,"{'0': 437, '1': 506}",0,"{'0': 0, '1': 0}",[],0,4f53cda18c2baa0c0354bb5f9a3ecbe5ed12ab4d8e11ba873c2f11161202b945,False,"insufficient_eligible_synthetic:{""0"":59,""1"":118}"
en_binary_sst2,1027,4.0,L0.30_U0.60,0.3,0.6,1120,"{'0': 496, '1': 624}",943,"{'0': 437, '1': 506}",0,"{'0': 0, '1': 0}",[],0,4f53cda18c2baa0c0354bb5f9a3ecbe5ed12ab4d8e11ba873c2f11161202b945,False,"insufficient_eligible_synthetic:{""0"":59,""1"":118}"
en_binary_sst2,1027,4.0,L0.40_U0.60,0.4,0.6,1120,"{'0': 496, '1': 624}",933,"{'0': 428, '1': 505}",0,"{'0': 0, '1': 0}",[],0,4f53cda18c2baa0c0354bb5f9a3ecbe5ed12ab4d8e11ba873c2f11161202b945,False,"insufficient_eligible_synthetic:{""0"":68,""1"":119}"
en_binary_sst2,1028,3.0,L0.10_U0.60,0.1,0.6,840,"{'0': 372, '1': 468}",1009,"{'0': 570, '1': 439}",0,"{'0': 0, '1': 0}",[],0,4f53cda18c2baa0c0354bb5f9a3ecbe5ed12ab4d8e11ba873c2f11161202b945,False,"insufficient_eligible_synthetic:{""1"":29}"
en_binary_sst2,1028,3.0,L0.20_U0.60,0.2,0.6,840,"{'0': 372, '1': 468}",1009,"{'0': 570, '1': 439}",0,"{'0': 0, '1': 0}",[],0,4f53cda18c2baa0c0354bb5f9a3ecbe5ed12ab4d8e11ba873c2f11161202b945,False,"insufficient_eligible_synthetic:{""1"":29}"
en_binary_sst2,1028,3.0,L0.30_U0.60,0.3,0.6,840,"{'0': 372, '1': 468}",1009,"{'0': 570, '1': 439}",0,"{'0': 0, '1': 0}",[],0,4f53cda18c2baa0c0354bb5f9a3ecbe5ed12ab4d8e11ba873c2f11161202b945,False,"insufficient_eligible_synthetic:{""1"":29}"
en_binary_sst2,1028,3.0,L0.40_U0.60,0.4,0.6,840,"{'0': 372, '1': 468}",983,"{'0': 544, '1': 439}",0,"{'0': 0, '1': 0}",[],0,4f53cda18c2baa0c0354bb5f9a3ecbe5ed12ab4d8e11ba873c2f11161202b945,False,"insufficient_eligible_synthetic:{""1"":29}"
en_binary_sst2,1028,3.5,L0.10_U0.60,0.1,0.6,980,"{'0': 434, '1': 546}",1009,"{'0': 570, '1': 439}",0,"{'0': 0, '1': 0}",[],0,4f53cda18c2baa0c0354bb5f9a3ecbe5ed12ab4d8e11ba873c2f11161202b945,False,"insufficient_eligible_synthetic:{""1"":107}"
en_binary_sst2,1028,3.5,L0.20_U0.60,0.2,0.6,980,"{'0': 434, '1': 546}",1009,"{'0': 570, '1': 439}",0,"{'0': 0, '1': 0}",[],0,4f53cda18c2baa0c0354bb5f9a3ecbe5ed12ab4d8e11ba873c2f11161202b945,False,"insufficient_eligible_synthetic:{""1"":107}"
en_binary_sst2,1028,3.5,L0.30_U0.60,0.3,0.6,980,"{'0': 434, '1': 546}",1009,"{'0': 570, '1': 439}",0,"{'0': 0, '1': 0}",[],0,4f53cda18c2baa0c0354bb5f9a3ecbe5ed12ab4d8e11ba873c2f11161202b945,False,"insufficient_eligible_synthetic:{""1"":107}"
en_binary_sst2,1028,3.5,L0.40_U0.60,0.4,0.6,980,"{'0': 434, '1': 546}",983,"{'0': 544, '1': 439}",0,"{'0': 0, '1': 0}",[],0,4f53cda18c2baa0c0354bb5f9a3ecbe5ed12ab4d8e11ba873c2f11161202b945,False,"insufficient_eligible_synthetic:{""1"":107}"
en_binary_sst2,1028,4.0,L0.10_U0.60,0.1,0.6,1120,"{'0': 496, '1': 624}",1009,"{'0': 570, '1': 439}",0,"{'0': 0, '1': 0}",[],0,4f53cda18c2baa0c0354bb5f9a3ecbe5ed12ab4d8e11ba873c2f11161202b945,False,"insufficient_eligible_synthetic:{""1"":185}"
en_binary_sst2,1028,4.0,L0.20_U0.60,0.2,0.6,1120,"{'0': 496, '1': 624}",1009,"{'0': 570, '1': 439}",0,"{'0': 0, '1': 0}",[],0,4f53cda18c2baa0c0354bb5f9a3ecbe5ed12ab4d8e11ba873c2f11161202b945,False,"insufficient_eligible_synthetic:{""1"":185}"
en_binary_sst2,1028,4.0,L0.30_U0.60,0.3,0.6,1120,"{'0': 496, '1': 624}",1009,"{'0': 570, '1': 439}",0,"{'0': 0, '1': 0}",[],0,4f53cda18c2baa0c0354bb5f9a3ecbe5ed12ab4d8e11ba873c2f11161202b945,False,"insufficient_eligible_synthetic:{""1"":185}"
en_binary_sst2,1028,4.0,L0.40_U0.60,0.4,0.6,1120,"{'0': 496, '1': 624}",983,"{'0': 544, '1': 439}",0,"{'0': 0, '1': 0}",[],0,4f53cda18c2baa0c0354bb5f9a3ecbe5ed12ab4d8e11ba873c2f11161202b945,False,"insufficient_eligible_synthetic:{""1"":185}"
en_binary_sst2,1029,2.5,L0.10_U0.60,0.1,0.6,700,"{'0': 310, '1': 390}",895,"{'0': 523, '1': 372}",0,"{'0': 0, '1': 0}",[],0,4f53cda18c2baa0c0354bb5f9a3ecbe5ed12ab4d8e11ba873c2f11161202b945,False,"insufficient_eligible_synthetic:{""1"":18}"
en_binary_sst2,1029,2.5,L0.20_U0.60,0.2,0.6,700,"{'0': 310, '1': 390}",895,"{'0': 523, '1': 372}",0,"{'0': 0, '1': 0}",[],0,4f53cda18c2baa0c0354bb5f9a3ecbe5ed12ab4d8e11ba873c2f11161202b945,False,"insufficient_eligible_synthetic:{""1"":18}"
en_binary_sst2,1029,2.5,L0.30_U0.60,0.3,0.6,700,"{'0': 310, '1': 390}",895,"{'0': 523, '1': 372}",0,"{'0': 0, '1': 0}",[],0,4f53cda18c2baa0c0354bb5f9a3ecbe5ed12ab4d8e11ba873c2f11161202b945,False,"insufficient_eligible_synthetic:{""1"":18}"
en_binary_sst2,1029,2.5,L0.40_U0.60,0.4,0.6,700,"{'0': 310, '1': 390}",880,"{'0': 517, '1': 363}",0,"{'0': 0, '1': 0}",[],0,4f53cda18c2baa0c0354bb5f9a3ecbe5ed12ab4d8e11ba873c2f11161202b945,False,"insufficient_eligible_synthetic:{""1"":27}"
en_binary_sst2,1029,3.0,L0.10_U0.60,0.1,0.6,840,"{'0': 372, '1': 468}",895,"{'0': 523, '1': 372}",0,"{'0': 0, '1': 0}",[],0,4f53cda18c2baa0c0354bb5f9a3ecbe5ed12ab4d8e11ba873c2f11161202b945,False,"insufficient_eligible_synthetic:{""1"":96}"
en_binary_sst2,1029,3.0,L0.20_U0.60,0.2,0.6,840,"{'0': 372, '1': 468}",895,"{'0': 523, '1': 372}",0,"{'0': 0, '1': 0}",[],0,4f53cda18c2baa0c0354bb5f9a3ecbe5ed12ab4d8e11ba873c2f11161202b945,False,"insufficient_eligible_synthetic:{""1"":96}"
en_binary_sst2,1029,3.0,L0.30_U0.60,0.3,0.6,840,"{'0': 372, '1': 468}",895,"{'0': 523, '1': 372}",0,"{'0': 0, '1': 0}",[],0,4f53cda18c2baa0c0354bb5f9a3ecbe5ed12ab4d8e11ba873c2f11161202b945,False,"insufficient_eligible_synthetic:{""1"":96}"
en_binary_sst2,1029,3.0,L0.40_U0.60,0.4,0.6,840,"{'0': 372, '1': 468}",880,"{'0': 517, '1': 363}",0,"{'0': 0, '1': 0}",[],0,4f53cda18c2baa0c0354bb5f9a3ecbe5ed12ab4d8e11ba873c2f11161202b945,False,"insufficient_eligible_synthetic:{""1"":105}"
en_binary_sst2,1029,3.5,L0.10_U0.60,0.1,0.6,980,"{'0': 434, '1': 546}",895,"{'0': 523, '1': 372}",0,"{'0': 0, '1': 0}",[],0,4f53cda18c2baa0c0354bb5f9a3ecbe5ed12ab4d8e11ba873c2f11161202b945,False,"insufficient_eligible_synthetic:{""1"":174}"
en_binary_sst2,1029,3.5,L0.20_U0.60,0.2,0.6,980,"{'0': 434, '1': 546}",895,"{'0': 523, '1': 372}",0,"{'0': 0, '1': 0}",[],0,4f53cda18c2baa0c0354bb5f9a3ecbe5ed12ab4d8e11ba873c2f11161202b945,False,"insufficient_eligible_synthetic:{""1"":174}"
en_binary_sst2,1029,3.5,L0.30_U0.60,0.3,0.6,980,"{'0': 434, '1': 546}",895,"{'0': 523, '1': 372}",0,"{'0': 0, '1': 0}",[],0,4f53cda18c2baa0c0354bb5f9a3ecbe5ed12ab4d8e11ba873c2f11161202b945,False,"insufficient_eligible_synthetic:{""1"":174}"
en_binary_sst2,1029,3.5,L0.40_U0.60,0.4,0.6,980,"{'0': 434, '1': 546}",880,"{'0': 517, '1': 363}",0,"{'0': 0, '1': 0}",[],0,4f53cda18c2baa0c0354bb5f9a3ecbe5ed12ab4d8e11ba873c2f11161202b945,False,"insufficient_eligible_synthetic:{""1"":183}"
en_binary_sst2,1029,4.0,L0.10_U0.60,0.1,0.6,1120,"{'0': 496, '1': 624}",895,"{'0': 523, '1': 372}",0,"{'0': 0, '1': 0}",[],0,4f53cda18c2baa0c0354bb5f9a3ecbe5ed12ab4d8e11ba873c2f11161202b945,False,"insufficient_eligible_synthetic:{""1"":252}"
en_binary_sst2,1029,4.0,L0.20_U0.60,0.2,0.6,1120,"{'0': 496, '1': 624}",895,"{'0': 523, '1': 372}",0,"{'0': 0, '1': 0}",[],0,4f53cda18c2baa0c0354bb5f9a3ecbe5ed12ab4d8e11ba873c2f11161202b945,False,"insufficient_eligible_synthetic:{""1"":252}"
en_binary_sst2,1029,4.0,L0.30_U0.60,0.3,0.6,1120,"{'0': 496, '1': 624}",895,"{'0': 523, '1': 372}",0,"{'0': 0, '1': 0}",[],0,4f53cda18c2baa0c0354bb5f9a3ecbe5ed12ab4d8e11ba873c2f11161202b945,False,"insufficient_eligible_synthetic:{""1"":252}"
en_binary_sst2,1029,4.0,L0.40_U0.60,0.4,0.6,1120,"{'0': 496, '1': 624}",880,"{'0': 517, '1': 363}",0,"{'0': 0, '1': 0}",[],0,4f53cda18c2baa0c0354bb5f9a3ecbe5ed12ab4d8e11ba873c2f11161202b945,False,"insufficient_eligible_synthetic:{""1"":261}"
en_binary_sst2,1030,3.0,L0.10_U0.60,0.1,0.6,840,"{'0': 372, '1': 468}",886,"{'0': 436, '1': 450}",0,"{'0': 0, '1': 0}",[],0,4f53cda18c2baa0c0354bb5f9a3ecbe5ed12ab4d8e11ba873c2f11161202b945,False,"insufficient_eligible_synthetic:{""1"":18}"
en_binary_sst2,1030,3.0,L0.20_U0.60,0.2,0.6,840,"{'0': 372, '1': 468}",886,"{'0': 436, '1': 450}",0,"{'0': 0, '1': 0}",[],0,4f53cda18c2baa0c0354bb5f9a3ecbe5ed12ab4d8e11ba873c2f11161202b945,False,"insufficient_eligible_synthetic:{""1"":18}"
en_binary_sst2,1030,3.0,L0.30_U0.60,0.3,0.6,840,"{'0': 372, '1': 468}",886,"{'0': 436, '1': 450}",0,"{'0': 0, '1': 0}",[],0,4f53cda18c2baa0c0354bb5f9a3ecbe5ed12ab4d8e11ba873c2f11161202b945,False,"insufficient_eligible_synthetic:{""1"":18}"
en_binary_sst2,1030,3.0,L0.40_U0.60,0.4,0.6,840,"{'0': 372, '1': 468}",873,"{'0': 432, '1': 441}",0,"{'0': 0, '1': 0}",[],0,4f53cda18c2baa0c0354bb5f9a3ecbe5ed12ab4d8e11ba873c2f11161202b945,False,"insufficient_eligible_synthetic:{""1"":27}"
en_binary_sst2,1030,3.5,L0.10_U0.60,0.1,0.6,980,"{'0': 434, '1': 546}",886,"{'0': 436, '1': 450}",0,"{'0': 0, '1': 0}",[],0,4f53cda18c2baa0c0354bb5f9a3ecbe5ed12ab4d8e11ba873c2f11161202b945,False,"insufficient_eligible_synthetic:{""1"":96}"
en_binary_sst2,1030,3.5,L0.20_U0.60,0.2,0.6,980,"{'0': 434, '1': 546}",886,"{'0': 436, '1': 450}",0,"{'0': 0, '1': 0}",[],0,4f53cda18c2baa0c0354bb5f9a3ecbe5ed12ab4d8e11ba873c2f11161202b945,False,"insufficient_eligible_synthetic:{""1"":96}"
en_binary_sst2,1030,3.5,L0.30_U0.60,0.3,0.6,980,"{'0': 434, '1': 546}",886,"{'0': 436, '1': 450}",0,"{'0': 0, '1': 0}",[],0,4f53cda18c2baa0c0354bb5f9a3ecbe5ed12ab4d8e11ba873c2f11161202b945,False,"insufficient_eligible_synthetic:{""1"":96}"
en_binary_sst2,1030,3.5,L0.40_U0.60,0.4,0.6,980,"{'0': 434, '1': 546}",873,"{'0': 432, '1': 441}",0,"{'0': 0, '1': 0}",[],0,4f53cda18c2baa0c0354bb5f9a3ecbe5ed12ab4d8e11ba873c2f11161202b945,False,"insufficient_eligible_synthetic:{""0"":2,""1"":105}"
en_binary_sst2,1030,4.0,L0.10_U0.60,0.1,0.6,1120,"{'0': 496, '1': 624}",886,"{'0': 436, '1': 450}",0,"{'0': 0, '1': 0}",[],0,4f53cda18c2baa0c0354bb5f9a3ecbe5ed12ab4d8e11ba873c2f11161202b945,False,"insufficient_eligible_synthetic:{""0"":60,""1"":174}"
en_binary_sst2,1030,4.0,L0.20_U0.60,0.2,0.6,1120,"{'0': 496, '1': 624}",886,"{'0': 436, '1': 450}",0,"{'0': 0, '1': 0}",[],0,4f53cda18c2baa0c0354bb5f9a3ecbe5ed12ab4d8e11ba873c2f11161202b945,False,"insufficient_eligible_synthetic:{""0"":60,""1"":174}"
en_binary_sst2,1030,4.0,L0.30_U0.60,0.3,0.6,1120,"{'0': 496, '1': 624}",886,"{'0': 436, '1': 450}",0,"{'0': 0, '1': 0}",[],0,4f53cda18c2baa0c0354bb5f9a3ecbe5ed12ab4d8e11ba873c2f11161202b945,False,"insufficient_eligible_synthetic:{""0"":60,""1"":174}"
en_binary_sst2,1030,4.0,L0.40_U0.60,0.4,0.6,1120,"{'0': 496, '1': 624}",873,"{'0': 432, '1': 441}",0,"{'0': 0, '1': 0}",[],0,4f53cda18c2baa0c0354bb5f9a3ecbe5ed12ab4d8e11ba873c2f11161202b945,False,"insufficient_eligible_synthetic:{""0"":64,""1"":183}"
en_binary_sst2,1031,3.0,L0.10_U0.60,0.1,0.6,840,"{'0': 372, '1': 468}",858,"{'0': 319, '1': 539}",0,"{'0': 0, '1': 0}",[],0,4f53cda18c2baa0c0354bb5f9a3ecbe5ed12ab4d8e11ba873c2f11161202b945,False,"insufficient_eligible_synthetic:{""0"":53}"
en_binary_sst2,1031,3.0,L0.20_U0.60,0.2,0.6,840,"{'0': 372, '1': 468}",858,"{'0': 319, '1': 539}",0,"{'0': 0, '1': 0}",[],0,4f53cda18c2baa0c0354bb5f9a3ecbe5ed12ab4d8e11ba873c2f11161202b945,False,"insufficient_eligible_synthetic:{""0"":53}"
en_binary_sst2,1031,3.0,L0.30_U0.60,0.3,0.6,840,"{'0': 372, '1': 468}",858,"{'0': 319, '1': 539}",0,"{'0': 0, '1': 0}",[],0,4f53cda18c2baa0c0354bb5f9a3ecbe5ed12ab4d8e11ba873c2f11161202b945,False,"insufficient_eligible_synthetic:{""0"":53}"
en_binary_sst2,1031,3.0,L0.40_U0.60,0.4,0.6,840,"{'0': 372, '1': 468}",843,"{'0': 315, '1': 528}",0,"{'0': 0, '1': 0}",[],0,4f53cda18c2baa0c0354bb5f9a3ecbe5ed12ab4d8e11ba873c2f11161202b945,False,"insufficient_eligible_synthetic:{""0"":57}"
en_binary_sst2,1031,3.5,L0.10_U0.60,0.1,0.6,980,"{'0': 434, '1': 546}",858,"{'0': 319, '1': 539}",0,"{'0': 0, '1': 0}",[],0,4f53cda18c2baa0c0354bb5f9a3ecbe5ed12ab4d8e11ba873c2f11161202b945,False,"insufficient_eligible_synthetic:{""0"":115,""1"":7}"
en_binary_sst2,1031,3.5,L0.20_U0.60,0.2,0.6,980,"{'0': 434, '1': 546}",858,"{'0': 319, '1': 539}",0,"{'0': 0, '1': 0}",[],0,4f53cda18c2baa0c0354bb5f9a3ecbe5ed12ab4d8e11ba873c2f11161202b945,False,"insufficient_eligible_synthetic:{""0"":115,""1"":7}"
en_binary_sst2,1031,3.5,L0.30_U0.60,0.3,0.6,980,"{'0': 434, '1': 546}",858,"{'0': 319, '1': 539}",0,"{'0': 0, '1': 0}",[],0,4f53cda18c2baa0c0354bb5f9a3ecbe5ed12ab4d8e11ba873c2f11161202b945,False,"insufficient_eligible_synthetic:{""0"":115,""1"":7}"
en_binary_sst2,1031,3.5,L0.40_U0.60,0.4,0.6,980,"{'0': 434, '1': 546}",843,"{'0': 315, '1': 528}",0,"{'0': 0, '1': 0}",[],0,4f53cda18c2baa0c0354bb5f9a3ecbe5ed12ab4d8e11ba873c2f11161202b945,False,"insufficient_eligible_synthetic:{""0"":119,""1"":18}"
en_binary_sst2,1031,4.0,L0.10_U0.60,0.1,0.6,1120,"{'0': 496, '1': 624}",858,"{'0': 319, '1': 539}",0,"{'0': 0, '1': 0}",[],0,4f53cda18c2baa0c0354bb5f9a3ecbe5ed12ab4d8e11ba873c2f11161202b945,False,"insufficient_eligible_synthetic:{""0"":177,""1"":85}"
en_binary_sst2,1031,4.0,L0.20_U0.60,0.2,0.6,1120,"{'0': 496, '1': 624}",858,"{'0': 319, '1': 539}",0,"{'0': 0, '1': 0}",[],0,4f53cda18c2baa0c0354bb5f9a3ecbe5ed12ab4d8e11ba873c2f11161202b945,False,"insufficient_eligible_synthetic:{""0"":177,""1"":85}"
en_binary_sst2,1031,4.0,L0.30_U0.60,0.3,0.6,1120,"{'0': 496, '1': 624}",858,"{'0': 319, '1': 539}",0,"{'0': 0, '1': 0}",[],0,4f53cda18c2baa0c0354bb5f9a3ecbe5ed12ab4d8e11ba873c2f11161202b945,False,"insufficient_eligible_synthetic:{""0"":177,""1"":85}"
en_binary_sst2,1031,4.0,L0.40_U0.60,0.4,0.6,1120,"{'0': 496, '1': 624}",843,"{'0': 315, '1': 528}",0,"{'0': 0, '1': 0}",[],0,4f53cda18c2baa0c0354bb5f9a3ecbe5ed12ab4d8e11ba873c2f11161202b945,False,"insufficient_eligible_synthetic:{""0"":181,""1"":96}"
en_binary_sst2,1032,3.0,L0.10_U0.60,0.1,0.6,840,"{'0': 372, '1': 468}",882,"{'0': 468, '1': 414}",0,"{'0': 0, '1': 0}",[],0,4f53cda18c2baa0c0354bb5f9a3ecbe5ed12ab4d8e11ba873c2f11161202b945,False,"insufficient_eligible_synthetic:{""1"":54}"
en_binary_sst2,1032,3.0,L0.20_U0.60,0.2,0.6,840,"{'0': 372, '1': 468}",882,"{'0': 468, '1': 414}",0,"{'0': 0, '1': 0}",[],0,4f53cda18c2baa0c0354bb5f9a3ecbe5ed12ab4d8e11ba873c2f11161202b945,False,"insufficient_eligible_synthetic:{""1"":54}"
en_binary_sst2,1032,3.0,L0.30_U0.60,0.3,0.6,840,"{'0': 372, '1': 468}",882,"{'0': 468, '1': 414}",0,"{'0': 0, '1': 0}",[],0,4f53cda18c2baa0c0354bb5f9a3ecbe5ed12ab4d8e11ba873c2f11161202b945,False,"insufficient_eligible_synthetic:{""1"":54}"
en_binary_sst2,1032,3.0,L0.40_U0.60,0.4,0.6,840,"{'0': 372, '1': 468}",874,"{'0': 462, '1': 412}",0,"{'0': 0, '1': 0}",[],0,4f53cda18c2baa0c0354bb5f9a3ecbe5ed12ab4d8e11ba873c2f11161202b945,False,"insufficient_eligible_synthetic:{""1"":56}"
en_binary_sst2,1032,3.5,L0.10_U0.60,0.1,0.6,980,"{'0': 434, '1': 546}",882,"{'0': 468, '1': 414}",0,"{'0': 0, '1': 0}",[],0,4f53cda18c2baa0c0354bb5f9a3ecbe5ed12ab4d8e11ba873c2f11161202b945,False,"insufficient_eligible_synthetic:{""1"":132}"
en_binary_sst2,1032,3.5,L0.20_U0.60,0.2,0.6,980,"{'0': 434, '1': 546}",882,"{'0': 468, '1': 414}",0,"{'0': 0, '1': 0}",[],0,4f53cda18c2baa0c0354bb5f9a3ecbe5ed12ab4d8e11ba873c2f11161202b945,False,"insufficient_eligible_synthetic:{""1"":132}"
en_binary_sst2,1032,3.5,L0.30_U0.60,0.3,0.6,980,"{'0': 434, '1': 546}",882,"{'0': 468, '1': 414}",0,"{'0': 0, '1': 0}",[],0,4f53cda18c2baa0c0354bb5f9a3ecbe5ed12ab4d8e11ba873c2f11161202b945,False,"insufficient_eligible_synthetic:{""1"":132}"
en_binary_sst2,1032,3.5,L0.40_U0.60,0.4,0.6,980,"{'0': 434, '1': 546}",874,"{'0': 462, '1': 412}",0,"{'0': 0, '1': 0}",[],0,4f53cda18c2baa0c0354bb5f9a3ecbe5ed12ab4d8e11ba873c2f11161202b945,False,"insufficient_eligible_synthetic:{""1"":134}"
en_binary_sst2,1032,4.0,L0.10_U0.60,0.1,0.6,1120,"{'0': 496, '1': 624}",882,"{'0': 468, '1': 414}",0,"{'0': 0, '1': 0}",[],0,4f53cda18c2baa0c0354bb5f9a3ecbe5ed12ab4d8e11ba873c2f11161202b945,False,"insufficient_eligible_synthetic:{""0"":28,""1"":210}"
en_binary_sst2,1032,4.0,L0.20_U0.60,0.2,0.6,1120,"{'0': 496, '1': 624}",882,"{'0': 468, '1': 414}",0,"{'0': 0, '1': 0}",[],0,4f53cda18c2baa0c0354bb5f9a3ecbe5ed12ab4d8e11ba873c2f11161202b945,False,"insufficient_eligible_synthetic:{""0"":28,""1"":210}"
en_binary_sst2,1032,4.0,L0.30_U0.60,0.3,0.6,1120,"{'0': 496, '1': 624}",882,"{'0': 468, '1': 414}",0,"{'0': 0, '1': 0}",[],0,4f53cda18c2baa0c0354bb5f9a3ecbe5ed12ab4d8e11ba873c2f11161202b945,False,"insufficient_eligible_synthetic:{""0"":28,""1"":210}"
en_binary_sst2,1032,4.0,L0.40_U0.60,0.4,0.6,1120,"{'0': 496, '1': 624}",874,"{'0': 462, '1': 412}",0,"{'0': 0, '1': 0}",[],0,4f53cda18c2baa0c0354bb5f9a3ecbe5ed12ab4d8e11ba873c2f11161202b945,False,"insufficient_eligible_synthetic:{""0"":34,""1"":212}"
en_binary_sst2,1033,2.5,L0.10_U0.60,0.1,0.6,700,"{'0': 310, '1': 390}",782,"{'0': 401, '1': 381}",0,"{'0': 0, '1': 0}",[],0,4f53cda18c2baa0c0354bb5f9a3ecbe5ed12ab4d8e11ba873c2f11161202b945,False,"insufficient_eligible_synthetic:{""1"":9}"
en_binary_sst2,1033,2.5,L0.20_U0.60,0.2,0.6,700,"{'0': 310, '1': 390}",782,"{'0': 401, '1': 381}",0,"{'0': 0, '1': 0}",[],0,4f53cda18c2baa0c0354bb5f9a3ecbe5ed12ab4d8e11ba873c2f11161202b945,False,"insufficient_eligible_synthetic:{""1"":9}"
en_binary_sst2,1033,2.5,L0.30_U0.60,0.3,0.6,700,"{'0': 310, '1': 390}",782,"{'0': 401, '1': 381}",0,"{'0': 0, '1': 0}",[],0,4f53cda18c2baa0c0354bb5f9a3ecbe5ed12ab4d8e11ba873c2f11161202b945,False,"insufficient_eligible_synthetic:{""1"":9}"
en_binary_sst2,1033,2.5,L0.40_U0.60,0.4,0.6,700,"{'0': 310, '1': 390}",768,"{'0': 387, '1': 381}",0,"{'0': 0, '1': 0}",[],0,4f53cda18c2baa0c0354bb5f9a3ecbe5ed12ab4d8e11ba873c2f11161202b945,False,"insufficient_eligible_synthetic:{""1"":9}"
en_binary_sst2,1033,3.0,L0.10_U0.60,0.1,0.6,840,"{'0': 372, '1': 468}",782,"{'0': 401, '1': 381}",0,"{'0': 0, '1': 0}",[],0,4f53cda18c2baa0c0354bb5f9a3ecbe5ed12ab4d8e11ba873c2f11161202b945,False,"insufficient_eligible_synthetic:{""1"":87}"
en_binary_sst2,1033,3.0,L0.20_U0.60,0.2,0.6,840,"{'0': 372, '1': 468}",782,"{'0': 401, '1': 381}",0,"{'0': 0, '1': 0}",[],0,4f53cda18c2baa0c0354bb5f9a3ecbe5ed12ab4d8e11ba873c2f11161202b945,False,"insufficient_eligible_synthetic:{""1"":87}"
en_binary_sst2,1033,3.0,L0.30_U0.60,0.3,0.6,840,"{'0': 372, '1': 468}",782,"{'0': 401, '1': 381}",0,"{'0': 0, '1': 0}",[],0,4f53cda18c2baa0c0354bb5f9a3ecbe5ed12ab4d8e11ba873c2f11161202b945,False,"insufficient_eligible_synthetic:{""1"":87}"
en_binary_sst2,1033,3.0,L0.40_U0.60,0.4,0.6,840,"{'0': 372, '1': 468}",768,"{'0': 387, '1': 381}",0,"{'0': 0, '1': 0}",[],0,4f53cda18c2baa0c0354bb5f9a3ecbe5ed12ab4d8e11ba873c2f11161202b945,False,"insufficient_eligible_synthetic:{""1"":87}"
en_binary_sst2,1033,3.5,L0.10_U0.60,0.1,0.6,980,"{'0': 434, '1': 546}",782,"{'0': 401, '1': 381}",0,"{'0': 0, '1': 0}",[],0,4f53cda18c2baa0c0354bb5f9a3ecbe5ed12ab4d8e11ba873c2f11161202b945,False,"insufficient_eligible_synthetic:{""0"":33,""1"":165}"
en_binary_sst2,1033,3.5,L0.20_U0.60,0.2,0.6,980,"{'0': 434, '1': 546}",782,"{'0': 401, '1': 381}",0,"{'0': 0, '1': 0}",[],0,4f53cda18c2baa0c0354bb5f9a3ecbe5ed12ab4d8e11ba873c2f11161202b945,False,"insufficient_eligible_synthetic:{""0"":33,""1"":165}"
en_binary_sst2,1033,3.5,L0.30_U0.60,0.3,0.6,980,"{'0': 434, '1': 546}",782,"{'0': 401, '1': 381}",0,"{'0': 0, '1': 0}",[],0,4f53cda18c2baa0c0354bb5f9a3ecbe5ed12ab4d8e11ba873c2f11161202b945,False,"insufficient_eligible_synthetic:{""0"":33,""1"":165}"
en_binary_sst2,1033,3.5,L0.40_U0.60,0.4,0.6,980,"{'0': 434, '1': 546}",768,"{'0': 387, '1': 381}",0,"{'0': 0, '1': 0}",[],0,4f53cda18c2baa0c0354bb5f9a3ecbe5ed12ab4d8e11ba873c2f11161202b945,False,"insufficient_eligible_synthetic:{""0"":47,""1"":165}"
en_binary_sst2,1033,4.0,L0.10_U0.60,0.1,0.6,1120,"{'0': 496, '1': 624}",782,"{'0': 401, '1': 381}",0,"{'0': 0, '1': 0}",[],0,4f53cda18c2baa0c0354bb5f9a3ecbe5ed12ab4d8e11ba873c2f11161202b945,False,"insufficient_eligible_synthetic:{""0"":95,""1"":243}"
en_binary_sst2,1033,4.0,L0.20_U0.60,0.2,0.6,1120,"{'0': 496, '1': 624}",782,"{'0': 401, '1': 381}",0,"{'0': 0, '1': 0}",[],0,4f53cda18c2baa0c0354bb5f9a3ecbe5ed12ab4d8e11ba873c2f11161202b945,False,"insufficient_eligible_synthetic:{""0"":95,""1"":243}"
en_binary_sst2,1033,4.0,L0.30_U0.60,0.3,0.6,1120,"{'0': 496, '1': 624}",782,"{'0': 401, '1': 381}",0,"{'0': 0, '1': 0}",[],0,4f53cda18c2baa0c0354bb5f9a3ecbe5ed12ab4d8e11ba873c2f11161202b945,False,"insufficient_eligible_synthetic:{""0"":95,""1"":243}"
en_binary_sst2,1033,4.0,L0.40_U0.60,0.4,0.6,1120,"{'0': 496, '1': 624}",768,"{'0': 387, '1': 381}",0,"{'0': 0, '1': 0}",[],0,4f53cda18c2baa0c0354bb5f9a3ecbe5ed12ab4d8e11ba873c2f11161202b945,False,"insufficient_eligible_synthetic:{""0"":109,""1"":243}"
en_binary_sst2,1034,2.5,L0.10_U0.60,0.1,0.6,700,"{'0': 310, '1': 390}",1063,"{'0': 674, '1': 389}",0,"{'0': 0, '1': 0}",[],0,4f53cda18c2baa0c0354bb5f9a3ecbe5ed12ab4d8e11ba873c2f11161202b945,False,"insufficient_eligible_synthetic:{""1"":1}"
en_binary_sst2,1034,2.5,L0.20_U0.60,0.2,0.6,700,"{'0': 310, '1': 390}",1063,"{'0': 674, '1': 389}",0,"{'0': 0, '1': 0}",[],0,4f53cda18c2baa0c0354bb5f9a3ecbe5ed12ab4d8e11ba873c2f11161202b945,False,"insufficient_eligible_synthetic:{""1"":1}"
en_binary_sst2,1034,2.5,L0.30_U0.60,0.3,0.6,700,"{'0': 310, '1': 390}",1063,"{'0': 674, '1': 389}",0,"{'0': 0, '1': 0}",[],0,4f53cda18c2baa0c0354bb5f9a3ecbe5ed12ab4d8e11ba873c2f11161202b945,False,"insufficient_eligible_synthetic:{""1"":1}"
en_binary_sst2,1034,2.5,L0.40_U0.60,0.4,0.6,700,"{'0': 310, '1': 390}",1047,"{'0': 658, '1': 389}",0,"{'0': 0, '1': 0}",[],0,4f53cda18c2baa0c0354bb5f9a3ecbe5ed12ab4d8e11ba873c2f11161202b945,False,"insufficient_eligible_synthetic:{""1"":1}"
en_binary_sst2,1034,3.0,L0.10_U0.60,0.1,0.6,840,"{'0': 372, '1': 468}",1063,"{'0': 674, '1': 389}",0,"{'0': 0, '1': 0}",[],0,4f53cda18c2baa0c0354bb5f9a3ecbe5ed12ab4d8e11ba873c2f11161202b945,False,"insufficient_eligible_synthetic:{""1"":79}"
en_binary_sst2,1034,3.0,L0.20_U0.60,0.2,0.6,840,"{'0': 372, '1': 468}",1063,"{'0': 674, '1': 389}",0,"{'0': 0, '1': 0}",[],0,4f53cda18c2baa0c0354bb5f9a3ecbe5ed12ab4d8e11ba873c2f11161202b945,False,"insufficient_eligible_synthetic:{""1"":79}"
en_binary_sst2,1034,3.0,L0.30_U0.60,0.3,0.6,840,"{'0': 372, '1': 468}",1063,"{'0': 674, '1': 389}",0,"{'0': 0, '1': 0}",[],0,4f53cda18c2baa0c0354bb5f9a3ecbe5ed12ab4d8e11ba873c2f11161202b945,False,"insufficient_eligible_synthetic:{""1"":79}"
en_binary_sst2,1034,3.0,L0.40_U0.60,0.4,0.6,840,"{'0': 372, '1': 468}",1047,"{'0': 658, '1': 389}",0,"{'0': 0, '1': 0}",[],0,4f53cda18c2baa0c0354bb5f9a3ecbe5ed12ab4d8e11ba873c2f11161202b945,False,"insufficient_eligible_synthetic:{""1"":79}"
en_binary_sst2,1034,3.5,L0.10_U0.60,0.1,0.6,980,"{'0': 434, '1': 546}",1063,"{'0': 674, '1': 389}",0,"{'0': 0, '1': 0}",[],0,4f53cda18c2baa0c0354bb5f9a3ecbe5ed12ab4d8e11ba873c2f11161202b945,False,"insufficient_eligible_synthetic:{""1"":157}"
en_binary_sst2,1034,3.5,L0.20_U0.60,0.2,0.6,980,"{'0': 434, '1': 546}",1063,"{'0': 674, '1': 389}",0,"{'0': 0, '1': 0}",[],0,4f53cda18c2baa0c0354bb5f9a3ecbe5ed12ab4d8e11ba873c2f11161202b945,False,"insufficient_eligible_synthetic:{""1"":157}"
en_binary_sst2,1034,3.5,L0.30_U0.60,0.3,0.6,980,"{'0': 434, '1': 546}",1063,"{'0': 674, '1': 389}",0,"{'0': 0, '1': 0}",[],0,4f53cda18c2baa0c0354bb5f9a3ecbe5ed12ab4d8e11ba873c2f11161202b945,False,"insufficient_eligible_synthetic:{""1"":157}"
en_binary_sst2,1034,3.5,L0.40_U0.60,0.4,0.6,980,"{'0': 434, '1': 546}",1047,"{'0': 658, '1': 389}",0,"{'0': 0, '1': 0}",[],0,4f53cda18c2baa0c0354bb5f9a3ecbe5ed12ab4d8e11ba873c2f11161202b945,False,"insufficient_eligible_synthetic:{""1"":157}"
en_binary_sst2,1034,4.0,L0.10_U0.60,0.1,0.6,1120,"{'0': 496, '1': 624}",1063,"{'0': 674, '1': 389}",0,"{'0': 0, '1': 0}",[],0,4f53cda18c2baa0c0354bb5f9a3ecbe5ed12ab4d8e11ba873c2f11161202b945,False,"insufficient_eligible_synthetic:{""1"":235}"
en_binary_sst2,1034,4.0,L0.20_U0.60,0.2,0.6,1120,"{'0': 496, '1': 624}",1063,"{'0': 674, '1': 389}",0,"{'0': 0, '1': 0}",[],0,4f53cda18c2baa0c0354bb5f9a3ecbe5ed12ab4d8e11ba873c2f11161202b945,False,"insufficient_eligible_synthetic:{""1"":235}"
en_binary_sst2,1034,4.0,L0.30_U0.60,0.3,0.6,1120,"{'0': 496, '1': 624}",1063,"{'0': 674, '1': 389}",0,"{'0': 0, '1': 0}",[],0,4f53cda18c2baa0c0354bb5f9a3ecbe5ed12ab4d8e11ba873c2f11161202b945,False,"insufficient_eligible_synthetic:{""1"":235}"
en_binary_sst2,1034,4.0,L0.40_U0.60,0.4,0.6,1120,"{'0': 496, '1': 624}",1047,"{'0': 658, '1': 389}",0,"{'0': 0, '1': 0}",[],0,4f53cda18c2baa0c0354bb5f9a3ecbe5ed12ab4d8e11ba873c2f11161202b945,False,"insufficient_eligible_synthetic:{""1"":235}"
en_binary_sst2,1035,2.0,L0.10_U0.60,0.1,0.6,560,"{'0': 248, '1': 312}",803,"{'0': 502, '1': 301}",0,"{'0': 0, '1': 0}",[],0,4f53cda18c2baa0c0354bb5f9a3ecbe5ed12ab4d8e11ba873c2f11161202b945,False,"insufficient_eligible_synthetic:{""1"":11}"
en_binary_sst2,1035,2.0,L0.20_U0.60,0.2,0.6,560,"{'0': 248, '1': 312}",803,"{'0': 502, '1': 301}",0,"{'0': 0, '1': 0}",[],0,4f53cda18c2baa0c0354bb5f9a3ecbe5ed12ab4d8e11ba873c2f11161202b945,False,"insufficient_eligible_synthetic:{""1"":11}"
en_binary_sst2,1035,2.0,L0.30_U0.60,0.3,0.6,560,"{'0': 248, '1': 312}",800,"{'0': 499, '1': 301}",0,"{'0': 0, '1': 0}",[],0,4f53cda18c2baa0c0354bb5f9a3ecbe5ed12ab4d8e11ba873c2f11161202b945,False,"insufficient_eligible_synthetic:{""1"":11}"
en_binary_sst2,1035,2.0,L0.40_U0.60,0.4,0.6,560,"{'0': 248, '1': 312}",782,"{'0': 482, '1': 300}",0,"{'0': 0, '1': 0}",[],0,4f53cda18c2baa0c0354bb5f9a3ecbe5ed12ab4d8e11ba873c2f11161202b945,False,"insufficient_eligible_synthetic:{""1"":12}"
en_binary_sst2,1035,2.5,L0.10_U0.60,0.1,0.6,700,"{'0': 310, '1': 390}",803,"{'0': 502, '1': 301}",0,"{'0': 0, '1': 0}",[],0,4f53cda18c2baa0c0354bb5f9a3ecbe5ed12ab4d8e11ba873c2f11161202b945,False,"insufficient_eligible_synthetic:{""1"":89}"
en_binary_sst2,1035,2.5,L0.20_U0.60,0.2,0.6,700,"{'0': 310, '1': 390}",803,"{'0': 502, '1': 301}",0,"{'0': 0, '1': 0}",[],0,4f53cda18c2baa0c0354bb5f9a3ecbe5ed12ab4d8e11ba873c2f11161202b945,False,"insufficient_eligible_synthetic:{""1"":89}"
en_binary_sst2,1035,2.5,L0.30_U0.60,0.3,0.6,700,"{'0': 310, '1': 390}",800,"{'0': 499, '1': 301}",0,"{'0': 0, '1': 0}",[],0,4f53cda18c2baa0c0354bb5f9a3ecbe5ed12ab4d8e11ba873c2f11161202b945,False,"insufficient_eligible_synthetic:{""1"":89}"
en_binary_sst2,1035,2.5,L0.40_U0.60,0.4,0.6,700,"{'0': 310, '1': 390}",782,"{'0': 482, '1': 300}",0,"{'0': 0, '1': 0}",[],0,4f53cda18c2baa0c0354bb5f9a3ecbe5ed12ab4d8e11ba873c2f11161202b945,False,"insufficient_eligible_synthetic:{""1"":90}"
en_binary_sst2,1035,3.0,L0.10_U0.60,0.1,0.6,840,"{'0': 372, '1': 468}",803,"{'0': 502, '1': 301}",0,"{'0': 0, '1': 0}",[],0,4f53cda18c2baa0c0354bb5f9a3ecbe5ed12ab4d8e11ba873c2f11161202b945,False,"insufficient_eligible_synthetic:{""1"":167}"
en_binary_sst2,1035,3.0,L0.20_U0.60,0.2,0.6,840,"{'0': 372, '1': 468}",803,"{'0': 502, '1': 301}",0,"{'0': 0, '1': 0}",[],0,4f53cda18c2baa0c0354bb5f9a3ecbe5ed12ab4d8e11ba873c2f11161202b945,False,"insufficient_eligible_synthetic:{""1"":167}"
en_binary_sst2,1035,3.0,L0.30_U0.60,0.3,0.6,840,"{'0': 372, '1': 468}",800,"{'0': 499, '1': 301}",0,"{'0': 0, '1': 0}",[],0,4f53cda18c2baa0c0354bb5f9a3ecbe5ed12ab4d8e11ba873c2f11161202b945,False,"insufficient_eligible_synthetic:{""1"":167}"
en_binary_sst2,1035,3.0,L0.40_U0.60,0.4,0.6,840,"{'0': 372, '1': 468}",782,"{'0': 482, '1': 300}",0,"{'0': 0, '1': 0}",[],0,4f53cda18c2baa0c0354bb5f9a3ecbe5ed12ab4d8e11ba873c2f11161202b945,False,"insufficient_eligible_synthetic:{""1"":168}"
en_binary_sst2,1035,3.5,L0.10_U0.60,0.1,0.6,980,"{'0': 434, '1': 546}",803,"{'0': 502, '1': 301}",0,"{'0': 0, '1': 0}",[],0,4f53cda18c2baa0c0354bb5f9a3ecbe5ed12ab4d8e11ba873c2f11161202b945,False,"insufficient_eligible_synthetic:{""1"":245}"
en_binary_sst2,1035,3.5,L0.20_U0.60,0.2,0.6,980,"{'0': 434, '1': 546}",803,"{'0': 502, '1': 301}",0,"{'0': 0, '1': 0}",[],0,4f53cda18c2baa0c0354bb5f9a3ecbe5ed12ab4d8e11ba873c2f11161202b945,False,"insufficient_eligible_synthetic:{""1"":245}"
en_binary_sst2,1035,3.5,L0.30_U0.60,0.3,0.6,980,"{'0': 434, '1': 546}",800,"{'0': 499, '1': 301}",0,"{'0': 0, '1': 0}",[],0,4f53cda18c2baa0c0354bb5f9a3ecbe5ed12ab4d8e11ba873c2f11161202b945,False,"insufficient_eligible_synthetic:{""1"":245}"
en_binary_sst2,1035,3.5,L0.40_U0.60,0.4,0.6,980,"{'0': 434, '1': 546}",782,"{'0': 482, '1': 300}",0,"{'0': 0, '1': 0}",[],0,4f53cda18c2baa0c0354bb5f9a3ecbe5ed12ab4d8e11ba873c2f11161202b945,False,"insufficient_eligible_synthetic:{""1"":246}"
en_binary_sst2,1035,4.0,L0.10_U0.60,0.1,0.6,1120,"{'0': 496, '1': 624}",803,"{'0': 502, '1': 301}",0,"{'0': 0, '1': 0}",[],0,4f53cda18c2baa0c0354bb5f9a3ecbe5ed12ab4d8e11ba873c2f11161202b945,False,"insufficient_eligible_synthetic:{""1"":323}"
en_binary_sst2,1035,4.0,L0.20_U0.60,0.2,0.6,1120,"{'0': 496, '1': 624}",803,"{'0': 502, '1': 301}",0,"{'0': 0, '1': 0}",[],0,4f53cda18c2baa0c0354bb5f9a3ecbe5ed12ab4d8e11ba873c2f11161202b945,False,"insufficient_eligible_synthetic:{""1"":323}"
en_binary_sst2,1035,4.0,L0.30_U0.60,0.3,0.6,1120,"{'0': 496, '1': 624}",800,"{'0': 499, '1': 301}",0,"{'0': 0, '1': 0}",[],0,4f53cda18c2baa0c0354bb5f9a3ecbe5ed12ab4d8e11ba873c2f11161202b945,False,"insufficient_eligible_synthetic:{""1"":323}"
en_binary_sst2,1035,4.0,L0.40_U0.60,0.4,0.6,1120,"{'0': 496, '1': 624}",782,"{'0': 482, '1': 300}",0,"{'0': 0, '1': 0}",[],0,4f53cda18c2baa0c0354bb5f9a3ecbe5ed12ab4d8e11ba873c2f11161202b945,False,"insufficient_eligible_synthetic:{""0"":14,""1"":324}"
en_binary_sst2,1036,3.0,L0.10_U0.60,0.1,0.6,840,"{'0': 372, '1': 468}",1001,"{'0': 580, '1': 421}",0,"{'0': 0, '1': 0}",[],0,4f53cda18c2baa0c0354bb5f9a3ecbe5ed12ab4d8e11ba873c2f11161202b945,False,"insufficient_eligible_synthetic:{""1"":47}"
en_binary_sst2,1036,3.0,L0.20_U0.60,0.2,0.6,840,"{'0': 372, '1': 468}",1001,"{'0': 580, '1': 421}",0,"{'0': 0, '1': 0}",[],0,4f53cda18c2baa0c0354bb5f9a3ecbe5ed12ab4d8e11ba873c2f11161202b945,False,"insufficient_eligible_synthetic:{""1"":47}"
en_binary_sst2,1036,3.0,L0.30_U0.60,0.3,0.6,840,"{'0': 372, '1': 468}",1001,"{'0': 580, '1': 421}",0,"{'0': 0, '1': 0}",[],0,4f53cda18c2baa0c0354bb5f9a3ecbe5ed12ab4d8e11ba873c2f11161202b945,False,"insufficient_eligible_synthetic:{""1"":47}"
en_binary_sst2,1036,3.0,L0.40_U0.60,0.4,0.6,840,"{'0': 372, '1': 468}",972,"{'0': 559, '1': 413}",0,"{'0': 0, '1': 0}",[],0,4f53cda18c2baa0c0354bb5f9a3ecbe5ed12ab4d8e11ba873c2f11161202b945,False,"insufficient_eligible_synthetic:{""1"":55}"
en_binary_sst2,1036,3.5,L0.10_U0.60,0.1,0.6,980,"{'0': 434, '1': 546}",1001,"{'0': 580, '1': 421}",0,"{'0': 0, '1': 0}",[],0,4f53cda18c2baa0c0354bb5f9a3ecbe5ed12ab4d8e11ba873c2f11161202b945,False,"insufficient_eligible_synthetic:{""1"":125}"
en_binary_sst2,1036,3.5,L0.20_U0.60,0.2,0.6,980,"{'0': 434, '1': 546}",1001,"{'0': 580, '1': 421}",0,"{'0': 0, '1': 0}",[],0,4f53cda18c2baa0c0354bb5f9a3ecbe5ed12ab4d8e11ba873c2f11161202b945,False,"insufficient_eligible_synthetic:{""1"":125}"
en_binary_sst2,1036,3.5,L0.30_U0.60,0.3,0.6,980,"{'0': 434, '1': 546}",1001,"{'0': 580, '1': 421}",0,"{'0': 0, '1': 0}",[],0,4f53cda18c2baa0c0354bb5f9a3ecbe5ed12ab4d8e11ba873c2f11161202b945,False,"insufficient_eligible_synthetic:{""1"":125}"
en_binary_sst2,1036,3.5,L0.40_U0.60,0.4,0.6,980,"{'0': 434, '1': 546}",972,"{'0': 559, '1': 413}",0,"{'0': 0, '1': 0}",[],0,4f53cda18c2baa0c0354bb5f9a3ecbe5ed12ab4d8e11ba873c2f11161202b945,False,"insufficient_eligible_synthetic:{""1"":133}"
en_binary_sst2,1036,4.0,L0.10_U0.60,0.1,0.6,1120,"{'0': 496, '1': 624}",1001,"{'0': 580, '1': 421}",0,"{'0': 0, '1': 0}",[],0,4f53cda18c2baa0c0354bb5f9a3ecbe5ed12ab4d8e11ba873c2f11161202b945,False,"insufficient_eligible_synthetic:{""1"":203}"
en_binary_sst2,1036,4.0,L0.20_U0.60,0.2,0.6,1120,"{'0': 496, '1': 624}",1001,"{'0': 580, '1': 421}",0,"{'0': 0, '1': 0}",[],0,4f53cda18c2baa0c0354bb5f9a3ecbe5ed12ab4d8e11ba873c2f11161202b945,False,"insufficient_eligible_synthetic:{""1"":203}"
en_binary_sst2,1036,4.0,L0.30_U0.60,0.3,0.6,1120,"{'0': 496, '1': 624}",1001,"{'0': 580, '1': 421}",0,"{'0': 0, '1': 0}",[],0,4f53cda18c2baa0c0354bb5f9a3ecbe5ed12ab4d8e11ba873c2f11161202b945,False,"insufficient_eligible_synthetic:{""1"":203}"
en_binary_sst2,1036,4.0,L0.40_U0.60,0.4,0.6,1120,"{'0': 496, '1': 624}",972,"{'0': 559, '1': 413}",0,"{'0': 0, '1': 0}",[],0,4f53cda18c2baa0c0354bb5f9a3ecbe5ed12ab4d8e11ba873c2f11161202b945,False,"insufficient_eligible_synthetic:{""1"":211}"
en_binary_sst2,1037,2.5,L0.10_U0.60,0.1,0.6,700,"{'0': 310, '1': 390}",836,"{'0': 474, '1': 362}",0,"{'0': 0, '1': 0}",[],0,4f53cda18c2baa0c0354bb5f9a3ecbe5ed12ab4d8e11ba873c2f11161202b945,False,"insufficient_eligible_synthetic:{""1"":28}"
en_binary_sst2,1037,2.5,L0.20_U0.60,0.2,0.6,700,"{'0': 310, '1': 390}",836,"{'0': 474, '1': 362}",0,"{'0': 0, '1': 0}",[],0,4f53cda18c2baa0c0354bb5f9a3ecbe5ed12ab4d8e11ba873c2f11161202b945,False,"insufficient_eligible_synthetic:{""1"":28}"
en_binary_sst2,1037,2.5,L0.30_U0.60,0.3,0.6,700,"{'0': 310, '1': 390}",836,"{'0': 474, '1': 362}",0,"{'0': 0, '1': 0}",[],0,4f53cda18c2baa0c0354bb5f9a3ecbe5ed12ab4d8e11ba873c2f11161202b945,False,"insufficient_eligible_synthetic:{""1"":28}"
en_binary_sst2,1037,2.5,L0.40_U0.60,0.4,0.6,700,"{'0': 310, '1': 390}",825,"{'0': 464, '1': 361}",0,"{'0': 0, '1': 0}",[],0,4f53cda18c2baa0c0354bb5f9a3ecbe5ed12ab4d8e11ba873c2f11161202b945,False,"insufficient_eligible_synthetic:{""1"":29}"
en_binary_sst2,1037,3.0,L0.10_U0.60,0.1,0.6,840,"{'0': 372, '1': 468}",836,"{'0': 474, '1': 362}",0,"{'0': 0, '1': 0}",[],0,4f53cda18c2baa0c0354bb5f9a3ecbe5ed12ab4d8e11ba873c2f11161202b945,False,"insufficient_eligible_synthetic:{""1"":106}"
en_binary_sst2,1037,3.0,L0.20_U0.60,0.2,0.6,840,"{'0': 372, '1': 468}",836,"{'0': 474, '1': 362}",0,"{'0': 0, '1': 0}",[],0,4f53cda18c2baa0c0354bb5f9a3ecbe5ed12ab4d8e11ba873c2f11161202b945,False,"insufficient_eligible_synthetic:{""1"":106}"
en_binary_sst2,1037,3.0,L0.30_U0.60,0.3,0.6,840,"{'0': 372, '1': 468}",836,"{'0': 474, '1': 362}",0,"{'0': 0, '1': 0}",[],0,4f53cda18c2baa0c0354bb5f9a3ecbe5ed12ab4d8e11ba873c2f11161202b945,False,"insufficient_eligible_synthetic:{""1"":106}"
en_binary_sst2,1037,3.0,L0.40_U0.60,0.4,0.6,840,"{'0': 372, '1': 468}",825,"{'0': 464, '1': 361}",0,"{'0': 0, '1': 0}",[],0,4f53cda18c2baa0c0354bb5f9a3ecbe5ed12ab4d8e11ba873c2f11161202b945,False,"insufficient_eligible_synthetic:{""1"":107}"
en_binary_sst2,1037,3.5,L0.10_U0.60,0.1,0.6,980,"{'0': 434, '1': 546}",836,"{'0': 474, '1': 362}",0,"{'0': 0, '1': 0}",[],0,4f53cda18c2baa0c0354bb5f9a3ecbe5ed12ab4d8e11ba873c2f11161202b945,False,"insufficient_eligible_synthetic:{""1"":184}"
en_binary_sst2,1037,3.5,L0.20_U0.60,0.2,0.6,980,"{'0': 434, '1': 546}",836,"{'0': 474, '1': 362}",0,"{'0': 0, '1': 0}",[],0,4f53cda18c2baa0c0354bb5f9a3ecbe5ed12ab4d8e11ba873c2f11161202b945,False,"insufficient_eligible_synthetic:{""1"":184}"
en_binary_sst2,1037,3.5,L0.30_U0.60,0.3,0.6,980,"{'0': 434, '1': 546}",836,"{'0': 474, '1': 362}",0,"{'0': 0, '1': 0}",[],0,4f53cda18c2baa0c0354bb5f9a3ecbe5ed12ab4d8e11ba873c2f11161202b945,False,"insufficient_eligible_synthetic:{""1"":184}"
en_binary_sst2,1037,3.5,L0.40_U0.60,0.4,0.6,980,"{'0': 434, '1': 546}",825,"{'0': 464, '1': 361}",0,"{'0': 0, '1': 0}",[],0,4f53cda18c2baa0c0354bb5f9a3ecbe5ed12ab4d8e11ba873c2f11161202b945,False,"insufficient_eligible_synthetic:{""1"":185}"
en_binary_sst2,1037,4.0,L0.10_U0.60,0.1,0.6,1120,"{'0': 496, '1': 624}",836,"{'0': 474, '1': 362}",0,"{'0': 0, '1': 0}",[],0,4f53cda18c2baa0c0354bb5f9a3ecbe5ed12ab4d8e11ba873c2f11161202b945,False,"insufficient_eligible_synthetic:{""0"":22,""1"":262}"
en_binary_sst2,1037,4.0,L0.20_U0.60,0.2,0.6,1120,"{'0': 496, '1': 624}",836,"{'0': 474, '1': 362}",0,"{'0': 0, '1': 0}",[],0,4f53cda18c2baa0c0354bb5f9a3ecbe5ed12ab4d8e11ba873c2f11161202b945,False,"insufficient_eligible_synthetic:{""0"":22,""1"":262}"
en_binary_sst2,1037,4.0,L0.30_U0.60,0.3,0.6,1120,"{'0': 496, '1': 624}",836,"{'0': 474, '1': 362}",0,"{'0': 0, '1': 0}",[],0,4f53cda18c2baa0c0354bb5f9a3ecbe5ed12ab4d8e11ba873c2f11161202b945,False,"insufficient_eligible_synthetic:{""0"":22,""1"":262}"
en_binary_sst2,1037,4.0,L0.40_U0.60,0.4,0.6,1120,"{'0': 496, '1': 624}",825,"{'0': 464, '1': 361}",0,"{'0': 0, '1': 0}",[],0,4f53cda18c2baa0c0354bb5f9a3ecbe5ed12ab4d8e11ba873c2f11161202b945,False,"insufficient_eligible_synthetic:{""0"":32,""1"":263}"
en_binary_sst2,1038,2.5,L0.40_U0.60,0.4,0.6,700,"{'0': 310, '1': 390}",841,"{'0': 452, '1': 389}",0,"{'0': 0, '1': 0}",[],0,4f53cda18c2baa0c0354bb5f9a3ecbe5ed12ab4d8e11ba873c2f11161202b945,False,"insufficient_eligible_synthetic:{""1"":1}"
en_binary_sst2,1038,3.0,L0.10_U0.60,0.1,0.6,840,"{'0': 372, '1': 468}",864,"{'0': 473, '1': 391}",0,"{'0': 0, '1': 0}",[],0,4f53cda18c2baa0c0354bb5f9a3ecbe5ed12ab4d8e11ba873c2f11161202b945,False,"insufficient_eligible_synthetic:{""1"":77}"
en_binary_sst2,1038,3.0,L0.20_U0.60,0.2,0.6,840,"{'0': 372, '1': 468}",864,"{'0': 473, '1': 391}",0,"{'0': 0, '1': 0}",[],0,4f53cda18c2baa0c0354bb5f9a3ecbe5ed12ab4d8e11ba873c2f11161202b945,False,"insufficient_eligible_synthetic:{""1"":77}"
en_binary_sst2,1038,3.0,L0.30_U0.60,0.3,0.6,840,"{'0': 372, '1': 468}",864,"{'0': 473, '1': 391}",0,"{'0': 0, '1': 0}",[],0,4f53cda18c2baa0c0354bb5f9a3ecbe5ed12ab4d8e11ba873c2f11161202b945,False,"insufficient_eligible_synthetic:{""1"":77}"
en_binary_sst2,1038,3.0,L0.40_U0.60,0.4,0.6,840,"{'0': 372, '1': 468}",841,"{'0': 452, '1': 389}",0,"{'0': 0, '1': 0}",[],0,4f53cda18c2baa0c0354bb5f9a3ecbe5ed12ab4d8e11ba873c2f11161202b945,False,"insufficient_eligible_synthetic:{""1"":79}"
en_binary_sst2,1038,3.5,L0.10_U0.60,0.1,0.6,980,"{'0': 434, '1': 546}",864,"{'0': 473, '1': 391}",0,"{'0': 0, '1': 0}",[],0,4f53cda18c2baa0c0354bb5f9a3ecbe5ed12ab4d8e11ba873c2f11161202b945,False,"insufficient_eligible_synthetic:{""1"":155}"
en_binary_sst2,1038,3.5,L0.20_U0.60,0.2,0.6,980,"{'0': 434, '1': 546}",864,"{'0': 473, '1': 391}",0,"{'0': 0, '1': 0}",[],0,4f53cda18c2baa0c0354bb5f9a3ecbe5ed12ab4d8e11ba873c2f11161202b945,False,"insufficient_eligible_synthetic:{""1"":155}"
en_binary_sst2,1038,3.5,L0.30_U0.60,0.3,0.6,980,"{'0': 434, '1': 546}",864,"{'0': 473, '1': 391}",0,"{'0': 0, '1': 0}",[],0,4f53cda18c2baa0c0354bb5f9a3ecbe5ed12ab4d8e11ba873c2f11161202b945,False,"insufficient_eligible_synthetic:{""1"":155}"
en_binary_sst2,1038,3.5,L0.40_U0.60,0.4,0.6,980,"{'0': 434, '1': 546}",841,"{'0': 452, '1': 389}",0,"{'0': 0, '1': 0}",[],0,4f53cda18c2baa0c0354bb5f9a3ecbe5ed12ab4d8e11ba873c2f11161202b945,False,"insufficient_eligible_synthetic:{""1"":157}"
en_binary_sst2,1038,4.0,L0.10_U0.60,0.1,0.6,1120,"{'0': 496, '1': 624}",864,"{'0': 473, '1': 391}",0,"{'0': 0, '1': 0}",[],0,4f53cda18c2baa0c0354bb5f9a3ecbe5ed12ab4d8e11ba873c2f11161202b945,False,"insufficient_eligible_synthetic:{""0"":23,""1"":233}"
en_binary_sst2,1038,4.0,L0.20_U0.60,0.2,0.6,1120,"{'0': 496, '1': 624}",864,"{'0': 473, '1': 391}",0,"{'0': 0, '1': 0}",[],0,4f53cda18c2baa0c0354bb5f9a3ecbe5ed12ab4d8e11ba873c2f11161202b945,False,"insufficient_eligible_synthetic:{""0"":23,""1"":233}"
en_binary_sst2,1038,4.0,L0.30_U0.60,0.3,0.6,1120,"{'0': 496, '1': 624}",864,"{'0': 473, '1': 391}",0,"{'0': 0, '1': 0}",[],0,4f53cda18c2baa0c0354bb5f9a3ecbe5ed12ab4d8e11ba873c2f11161202b945,False,"insufficient_eligible_synthetic:{""0"":23,""1"":233}"
en_binary_sst2,1038,4.0,L0.40_U0.60,0.4,0.6,1120,"{'0': 496, '1': 624}",841,"{'0': 452, '1': 389}",0,"{'0': 0, '1': 0}",[],0,4f53cda18c2baa0c0354bb5f9a3ecbe5ed12ab4d8e11ba873c2f11161202b945,False,"insufficient_eligible_synthetic:{""0"":44,""1"":235}"
en_binary_sst2,1039,2.5,L0.10_U0.60,0.1,0.6,700,"{'0': 310, '1': 390}",891,"{'0': 550, '1': 341}",0,"{'0': 0, '1': 0}",[],0,4f53cda18c2baa0c0354bb5f9a3ecbe5ed12ab4d8e11ba873c2f11161202b945,False,"insufficient_eligible_synthetic:{""1"":49}"
en_binary_sst2,1039,2.5,L0.20_U0.60,0.2,0.6,700,"{'0': 310, '1': 390}",891,"{'0': 550, '1': 341}",0,"{'0': 0, '1': 0}",[],0,4f53cda18c2baa0c0354bb5f9a3ecbe5ed12ab4d8e11ba873c2f11161202b945,False,"insufficient_eligible_synthetic:{""1"":49}"
en_binary_sst2,1039,2.5,L0.30_U0.60,0.3,0.6,700,"{'0': 310, '1': 390}",888,"{'0': 547, '1': 341}",0,"{'0': 0, '1': 0}",[],0,4f53cda18c2baa0c0354bb5f9a3ecbe5ed12ab4d8e11ba873c2f11161202b945,False,"insufficient_eligible_synthetic:{""1"":49}"
en_binary_sst2,1039,2.5,L0.40_U0.60,0.4,0.6,700,"{'0': 310, '1': 390}",824,"{'0': 506, '1': 318}",0,"{'0': 0, '1': 0}",[],0,4f53cda18c2baa0c0354bb5f9a3ecbe5ed12ab4d8e11ba873c2f11161202b945,False,"insufficient_eligible_synthetic:{""1"":72}"
en_binary_sst2,1039,3.0,L0.10_U0.60,0.1,0.6,840,"{'0': 372, '1': 468}",891,"{'0': 550, '1': 341}",0,"{'0': 0, '1': 0}",[],0,4f53cda18c2baa0c0354bb5f9a3ecbe5ed12ab4d8e11ba873c2f11161202b945,False,"insufficient_eligible_synthetic:{""1"":127}"
en_binary_sst2,1039,3.0,L0.20_U0.60,0.2,0.6,840,"{'0': 372, '1': 468}",891,"{'0': 550, '1': 341}",0,"{'0': 0, '1': 0}",[],0,4f53cda18c2baa0c0354bb5f9a3ecbe5ed12ab4d8e11ba873c2f11161202b945,False,"insufficient_eligible_synthetic:{""1"":127}"
en_binary_sst2,1039,3.0,L0.30_U0.60,0.3,0.6,840,"{'0': 372, '1': 468}",888,"{'0': 547, '1': 341}",0,"{'0': 0, '1': 0}",[],0,4f53cda18c2baa0c0354bb5f9a3ecbe5ed12ab4d8e11ba873c2f11161202b945,False,"insufficient_eligible_synthetic:{""1"":127}"
en_binary_sst2,1039,3.0,L0.40_U0.60,0.4,0.6,840,"{'0': 372, '1': 468}",824,"{'0': 506, '1': 318}",0,"{'0': 0, '1': 0}",[],0,4f53cda18c2baa0c0354bb5f9a3ecbe5ed12ab4d8e11ba873c2f11161202b945,False,"insufficient_eligible_synthetic:{""1"":150}"
en_binary_sst2,1039,3.5,L0.10_U0.60,0.1,0.6,980,"{'0': 434, '1': 546}",891,"{'0': 550, '1': 341}",0,"{'0': 0, '1': 0}",[],0,4f53cda18c2baa0c0354bb5f9a3ecbe5ed12ab4d8e11ba873c2f11161202b945,False,"insufficient_eligible_synthetic:{""1"":205}"
en_binary_sst2,1039,3.5,L0.20_U0.60,0.2,0.6,980,"{'0': 434, '1': 546}",891,"{'0': 550, '1': 341}",0,"{'0': 0, '1': 0}",[],0,4f53cda18c2baa0c0354bb5f9a3ecbe5ed12ab4d8e11ba873c2f11161202b945,False,"insufficient_eligible_synthetic:{""1"":205}"
en_binary_sst2,1039,3.5,L0.30_U0.60,0.3,0.6,980,"{'0': 434, '1': 546}",888,"{'0': 547, '1': 341}",0,"{'0': 0, '1': 0}",[],0,4f53cda18c2baa0c0354bb5f9a3ecbe5ed12ab4d8e11ba873c2f11161202b945,False,"insufficient_eligible_synthetic:{""1"":205}"
en_binary_sst2,1039,3.5,L0.40_U0.60,0.4,0.6,980,"{'0': 434, '1': 546}",824,"{'0': 506, '1': 318}",0,"{'0': 0, '1': 0}",[],0,4f53cda18c2baa0c0354bb5f9a3ecbe5ed12ab4d8e11ba873c2f11161202b945,False,"insufficient_eligible_synthetic:{""1"":228}"
en_binary_sst2,1039,4.0,L0.10_U0.60,0.1,0.6,1120,"{'0': 496, '1': 624}",891,"{'0': 550, '1': 341}",0,"{'0': 0, '1': 0}",[],0,4f53cda18c2baa0c0354bb5f9a3ecbe5ed12ab4d8e11ba873c2f11161202b945,False,"insufficient_eligible_synthetic:{""1"":283}"
en_binary_sst2,1039,4.0,L0.20_U0.60,0.2,0.6,1120,"{'0': 496, '1': 624}",891,"{'0': 550, '1': 341}",0,"{'0': 0, '1': 0}",[],0,4f53cda18c2baa0c0354bb5f9a3ecbe5ed12ab4d8e11ba873c2f11161202b945,False,"insufficient_eligible_synthetic:{""1"":283}"
en_binary_sst2,1039,4.0,L0.30_U0.60,0.3,0.6,1120,"{'0': 496, '1': 624}",888,"{'0': 547, '1': 341}",0,"{'0': 0, '1': 0}",[],0,4f53cda18c2baa0c0354bb5f9a3ecbe5ed12ab4d8e11ba873c2f11161202b945,False,"insufficient_eligible_synthetic:{""1"":283}"
en_binary_sst2,1039,4.0,L0.40_U0.60,0.4,0.6,1120,"{'0': 496, '1': 624}",824,"{'0': 506, '1': 318}",0,"{'0': 0, '1': 0}",[],0,4f53cda18c2baa0c0354bb5f9a3ecbe5ed12ab4d8e11ba873c2f11161202b945,False,"insufficient_eligible_synthetic:{""1"":306}"
en_binary_sst2,1040,3.0,L0.10_U0.60,0.1,0.6,840,"{'0': 372, '1': 468}",844,"{'0': 391, '1': 453}",0,"{'0': 0, '1': 0}",[],0,4f53cda18c2baa0c0354bb5f9a3ecbe5ed12ab4d8e11ba873c2f11161202b945,False,"insufficient_eligible_synthetic:{""1"":15}"
en_binary_sst2,1040,3.0,L0.20_U0.60,0.2,0.6,840,"{'0': 372, '1': 468}",844,"{'0': 391, '1': 453}",0,"{'0': 0, '1': 0}",[],0,4f53cda18c2baa0c0354bb5f9a3ecbe5ed12ab4d8e11ba873c2f11161202b945,False,"insufficient_eligible_synthetic:{""1"":15}"
en_binary_sst2,1040,3.0,L0.30_U0.60,0.3,0.6,840,"{'0': 372, '1': 468}",844,"{'0': 391, '1': 453}",0,"{'0': 0, '1': 0}",[],0,4f53cda18c2baa0c0354bb5f9a3ecbe5ed12ab4d8e11ba873c2f11161202b945,False,"insufficient_eligible_synthetic:{""1"":15}"
en_binary_sst2,1040,3.0,L0.40_U0.60,0.4,0.6,840,"{'0': 372, '1': 468}",824,"{'0': 372, '1': 452}",0,"{'0': 0, '1': 0}",[],0,4f53cda18c2baa0c0354bb5f9a3ecbe5ed12ab4d8e11ba873c2f11161202b945,False,"insufficient_eligible_synthetic:{""1"":16}"
en_binary_sst2,1040,3.5,L0.10_U0.60,0.1,0.6,980,"{'0': 434, '1': 546}",844,"{'0': 391, '1': 453}",0,"{'0': 0, '1': 0}",[],0,4f53cda18c2baa0c0354bb5f9a3ecbe5ed12ab4d8e11ba873c2f11161202b945,False,"insufficient_eligible_synthetic:{""0"":43,""1"":93}"
en_binary_sst2,1040,3.5,L0.20_U0.60,0.2,0.6,980,"{'0': 434, '1': 546}",844,"{'0': 391, '1': 453}",0,"{'0': 0, '1': 0}",[],0,4f53cda18c2baa0c0354bb5f9a3ecbe5ed12ab4d8e11ba873c2f11161202b945,False,"insufficient_eligible_synthetic:{""0"":43,""1"":93}"
en_binary_sst2,1040,3.5,L0.30_U0.60,0.3,0.6,980,"{'0': 434, '1': 546}",844,"{'0': 391, '1': 453}",0,"{'0': 0, '1': 0}",[],0,4f53cda18c2baa0c0354bb5f9a3ecbe5ed12ab4d8e11ba873c2f11161202b945,False,"insufficient_eligible_synthetic:{""0"":43,""1"":93}"
en_binary_sst2,1040,3.5,L0.40_U0.60,0.4,0.6,980,"{'0': 434, '1': 546}",824,"{'0': 372, '1': 452}",0,"{'0': 0, '1': 0}",[],0,4f53cda18c2baa0c0354bb5f9a3ecbe5ed12ab4d8e11ba873c2f11161202b945,False,"insufficient_eligible_synthetic:{""0"":62,""1"":94}"
en_binary_sst2,1040,4.0,L0.10_U0.60,0.1,0.6,1120,"{'0': 496, '1': 624}",844,"{'0': 391, '1': 453}",0,"{'0': 0, '1': 0}",[],0,4f53cda18c2baa0c0354bb5f9a3ecbe5ed12ab4d8e11ba873c2f11161202b945,False,"insufficient_eligible_synthetic:{""0"":105,""1"":171}"
en_binary_sst2,1040,4.0,L0.20_U0.60,0.2,0.6,1120,"{'0': 496, '1': 624}",844,"{'0': 391, '1': 453}",0,"{'0': 0, '1': 0}",[],0,4f53cda18c2baa0c0354bb5f9a3ecbe5ed12ab4d8e11ba873c2f11161202b945,False,"insufficient_eligible_synthetic:{""0"":105,""1"":171}"
en_binary_sst2,1040,4.0,L0.30_U0.60,0.3,0.6,1120,"{'0': 496, '1': 624}",844,"{'0': 391, '1': 453}",0,"{'0': 0, '1': 0}",[],0,4f53cda18c2baa0c0354bb5f9a3ecbe5ed12ab4d8e11ba873c2f11161202b945,False,"insufficient_eligible_synthetic:{""0"":105,""1"":171}"
en_binary_sst2,1040,4.0,L0.40_U0.60,0.4,0.6,1120,"{'0': 496, '1': 624}",824,"{'0': 372, '1': 452}",0,"{'0': 0, '1': 0}",[],0,4f53cda18c2baa0c0354bb5f9a3ecbe5ed12ab4d8e11ba873c2f11161202b945,False,"insufficient_eligible_synthetic:{""0"":124,""1"":172}"
en_binary_sst2,1041,3.0,L0.10_U0.60,0.1,0.6,840,"{'0': 372, '1': 468}",843,"{'0': 443, '1': 400}",0,"{'0': 0, '1': 0}",[],0,4f53cda18c2baa0c0354bb5f9a3ecbe5ed12ab4d8e11ba873c2f11161202b945,False,"insufficient_eligible_synthetic:{""1"":68}"
en_binary_sst2,1041,3.0,L0.20_U0.60,0.2,0.6,840,"{'0': 372, '1': 468}",843,"{'0': 443, '1': 400}",0,"{'0': 0, '1': 0}",[],0,4f53cda18c2baa0c0354bb5f9a3ecbe5ed12ab4d8e11ba873c2f11161202b945,False,"insufficient_eligible_synthetic:{""1"":68}"
en_binary_sst2,1041,3.0,L0.30_U0.60,0.3,0.6,840,"{'0': 372, '1': 468}",843,"{'0': 443, '1': 400}",0,"{'0': 0, '1': 0}",[],0,4f53cda18c2baa0c0354bb5f9a3ecbe5ed12ab4d8e11ba873c2f11161202b945,False,"insufficient_eligible_synthetic:{""1"":68}"
en_binary_sst2,1041,3.0,L0.40_U0.60,0.4,0.6,840,"{'0': 372, '1': 468}",822,"{'0': 424, '1': 398}",0,"{'0': 0, '1': 0}",[],0,4f53cda18c2baa0c0354bb5f9a3ecbe5ed12ab4d8e11ba873c2f11161202b945,False,"insufficient_eligible_synthetic:{""1"":70}"
en_binary_sst2,1041,3.5,L0.10_U0.60,0.1,0.6,980,"{'0': 434, '1': 546}",843,"{'0': 443, '1': 400}",0,"{'0': 0, '1': 0}",[],0,4f53cda18c2baa0c0354bb5f9a3ecbe5ed12ab4d8e11ba873c2f11161202b945,False,"insufficient_eligible_synthetic:{""1"":146}"
en_binary_sst2,1041,3.5,L0.20_U0.60,0.2,0.6,980,"{'0': 434, '1': 546}",843,"{'0': 443, '1': 400}",0,"{'0': 0, '1': 0}",[],0,4f53cda18c2baa0c0354bb5f9a3ecbe5ed12ab4d8e11ba873c2f11161202b945,False,"insufficient_eligible_synthetic:{""1"":146}"
en_binary_sst2,1041,3.5,L0.30_U0.60,0.3,0.6,980,"{'0': 434, '1': 546}",843,"{'0': 443, '1': 400}",0,"{'0': 0, '1': 0}",[],0,4f53cda18c2baa0c0354bb5f9a3ecbe5ed12ab4d8e11ba873c2f11161202b945,False,"insufficient_eligible_synthetic:{""1"":146}"
en_binary_sst2,1041,3.5,L0.40_U0.60,0.4,0.6,980,"{'0': 434, '1': 546}",822,"{'0': 424, '1': 398}",0,"{'0': 0, '1': 0}",[],0,4f53cda18c2baa0c0354bb5f9a3ecbe5ed12ab4d8e11ba873c2f11161202b945,False,"insufficient_eligible_synthetic:{""0"":10,""1"":148}"
en_binary_sst2,1041,4.0,L0.10_U0.60,0.1,0.6,1120,"{'0': 496, '1': 624}",843,"{'0': 443, '1': 400}",0,"{'0': 0, '1': 0}",[],0,4f53cda18c2baa0c0354bb5f9a3ecbe5ed12ab4d8e11ba873c2f11161202b945,False,"insufficient_eligible_synthetic:{""0"":53,""1"":224}"
en_binary_sst2,1041,4.0,L0.20_U0.60,0.2,0.6,1120,"{'0': 496, '1': 624}",843,"{'0': 443, '1': 400}",0,"{'0': 0, '1': 0}",[],0,4f53cda18c2baa0c0354bb5f9a3ecbe5ed12ab4d8e11ba873c2f11161202b945,False,"insufficient_eligible_synthetic:{""0"":53,""1"":224}"
en_binary_sst2,1041,4.0,L0.30_U0.60,0.3,0.6,1120,"{'0': 496, '1': 624}",843,"{'0': 443, '1': 400}",0,"{'0': 0, '1': 0}",[],0,4f53cda18c2baa0c0354bb5f9a3ecbe5ed12ab4d8e11ba873c2f11161202b945,False,"insufficient_eligible_synthetic:{""0"":53,""1"":224}"
en_binary_sst2,1041,4.0,L0.40_U0.60,0.4,0.6,1120,"{'0': 496, '1': 624}",822,"{'0': 424, '1': 398}",0,"{'0': 0, '1': 0}",[],0,4f53cda18c2baa0c0354bb5f9a3ecbe5ed12ab4d8e11ba873c2f11161202b945,False,"insufficient_eligible_synthetic:{""0"":72,""1"":226}"
en_binary_sst2,1042,3.0,L0.10_U0.60,0.1,0.6,840,"{'0': 372, '1': 468}",1027,"{'0': 602, '1': 425}",0,"{'0': 0, '1': 0}",[],0,4f53cda18c2baa0c0354bb5f9a3ecbe5ed12ab4d8e11ba873c2f11161202b945,False,"insufficient_eligible_synthetic:{""1"":43}"
en_binary_sst2,1042,3.0,L0.20_U0.60,0.2,0.6,840,"{'0': 372, '1': 468}",1027,"{'0': 602, '1': 425}",0,"{'0': 0, '1': 0}",[],0,4f53cda18c2baa0c0354bb5f9a3ecbe5ed12ab4d8e11ba873c2f11161202b945,False,"insufficient_eligible_synthetic:{""1"":43}"
en_binary_sst2,1042,3.0,L0.30_U0.60,0.3,0.6,840,"{'0': 372, '1': 468}",1024,"{'0': 599, '1': 425}",0,"{'0': 0, '1': 0}",[],0,4f53cda18c2baa0c0354bb5f9a3ecbe5ed12ab4d8e11ba873c2f11161202b945,False,"insufficient_eligible_synthetic:{""1"":43}"
en_binary_sst2,1042,3.0,L0.40_U0.60,0.4,0.6,840,"{'0': 372, '1': 468}",973,"{'0': 568, '1': 405}",0,"{'0': 0, '1': 0}",[],0,4f53cda18c2baa0c0354bb5f9a3ecbe5ed12ab4d8e11ba873c2f11161202b945,False,"insufficient_eligible_synthetic:{""1"":63}"
en_binary_sst2,1042,3.5,L0.10_U0.60,0.1,0.6,980,"{'0': 434, '1': 546}",1027,"{'0': 602, '1': 425}",0,"{'0': 0, '1': 0}",[],0,4f53cda18c2baa0c0354bb5f9a3ecbe5ed12ab4d8e11ba873c2f11161202b945,False,"insufficient_eligible_synthetic:{""1"":121}"
en_binary_sst2,1042,3.5,L0.20_U0.60,0.2,0.6,980,"{'0': 434, '1': 546}",1027,"{'0': 602, '1': 425}",0,"{'0': 0, '1': 0}",[],0,4f53cda18c2baa0c0354bb5f9a3ecbe5ed12ab4d8e11ba873c2f11161202b945,False,"insufficient_eligible_synthetic:{""1"":121}"
en_binary_sst2,1042,3.5,L0.30_U0.60,0.3,0.6,980,"{'0': 434, '1': 546}",1024,"{'0': 599, '1': 425}",0,"{'0': 0, '1': 0}",[],0,4f53cda18c2baa0c0354bb5f9a3ecbe5ed12ab4d8e11ba873c2f11161202b945,False,"insufficient_eligible_synthetic:{""1"":121}"
en_binary_sst2,1042,3.5,L0.40_U0.60,0.4,0.6,980,"{'0': 434, '1': 546}",973,"{'0': 568, '1': 405}",0,"{'0': 0, '1': 0}",[],0,4f53cda18c2baa0c0354bb5f9a3ecbe5ed12ab4d8e11ba873c2f11161202b945,False,"insufficient_eligible_synthetic:{""1"":141}"
en_binary_sst2,1042,4.0,L0.10_U0.60,0.1,0.6,1120,"{'0': 496, '1': 624}",1027,"{'0': 602, '1': 425}",0,"{'0': 0, '1': 0}",[],0,4f53cda18c2baa0c0354bb5f9a3ecbe5ed12ab4d8e11ba873c2f11161202b945,False,"insufficient_eligible_synthetic:{""1"":199}"
en_binary_sst2,1042,4.0,L0.20_U0.60,0.2,0.6,1120,"{'0': 496, '1': 624}",1027,"{'0': 602, '1': 425}",0,"{'0': 0, '1': 0}",[],0,4f53cda18c2baa0c0354bb5f9a3ecbe5ed12ab4d8e11ba873c2f11161202b945,False,"insufficient_eligible_synthetic:{""1"":199}"
en_binary_sst2,1042,4.0,L0.30_U0.60,0.3,0.6,1120,"{'0': 496, '1': 624}",1024,"{'0': 599, '1': 425}",0,"{'0': 0, '1': 0}",[],0,4f53cda18c2baa0c0354bb5f9a3ecbe5ed12ab4d8e11ba873c2f11161202b945,False,"insufficient_eligible_synthetic:{""1"":199}"
en_binary_sst2,1042,4.0,L0.40_U0.60,0.4,0.6,1120,"{'0': 496, '1': 624}",973,"{'0': 568, '1': 405}",0,"{'0': 0, '1': 0}",[],0,4f53cda18c2baa0c0354bb5f9a3ecbe5ed12ab4d8e11ba873c2f11161202b945,False,"insufficient_eligible_synthetic:{""1"":219}"
en_binary_sst2,1043,2.0,L0.40_U0.60,0.4,0.6,560,"{'0': 248, '1': 312}",713,"{'0': 403, '1': 310}",0,"{'0': 0, '1': 0}",[],0,4f53cda18c2baa0c0354bb5f9a3ecbe5ed12ab4d8e11ba873c2f11161202b945,False,"insufficient_eligible_synthetic:{""1"":2}"
en_binary_sst2,1043,2.5,L0.10_U0.60,0.1,0.6,700,"{'0': 310, '1': 390}",720,"{'0': 408, '1': 312}",0,"{'0': 0, '1': 0}",[],0,4f53cda18c2baa0c0354bb5f9a3ecbe5ed12ab4d8e11ba873c2f11161202b945,False,"insufficient_eligible_synthetic:{""1"":78}"
en_binary_sst2,1043,2.5,L0.20_U0.60,0.2,0.6,700,"{'0': 310, '1': 390}",720,"{'0': 408, '1': 312}",0,"{'0': 0, '1': 0}",[],0,4f53cda18c2baa0c0354bb5f9a3ecbe5ed12ab4d8e11ba873c2f11161202b945,False,"insufficient_eligible_synthetic:{""1"":78}"
en_binary_sst2,1043,2.5,L0.30_U0.60,0.3,0.6,700,"{'0': 310, '1': 390}",720,"{'0': 408, '1': 312}",0,"{'0': 0, '1': 0}",[],0,4f53cda18c2baa0c0354bb5f9a3ecbe5ed12ab4d8e11ba873c2f11161202b945,False,"insufficient_eligible_synthetic:{""1"":78}"
en_binary_sst2,1043,2.5,L0.40_U0.60,0.4,0.6,700,"{'0': 310, '1': 390}",713,"{'0': 403, '1': 310}",0,"{'0': 0, '1': 0}",[],0,4f53cda18c2baa0c0354bb5f9a3ecbe5ed12ab4d8e11ba873c2f11161202b945,False,"insufficient_eligible_synthetic:{""1"":80}"
en_binary_sst2,1043,3.0,L0.10_U0.60,0.1,0.6,840,"{'0': 372, '1': 468}",720,"{'0': 408, '1': 312}",0,"{'0': 0, '1': 0}",[],0,4f53cda18c2baa0c0354bb5f9a3ecbe5ed12ab4d8e11ba873c2f11161202b945,False,"insufficient_eligible_synthetic:{""1"":156}"
en_binary_sst2,1043,3.0,L0.20_U0.60,0.2,0.6,840,"{'0': 372, '1': 468}",720,"{'0': 408, '1': 312}",0,"{'0': 0, '1': 0}",[],0,4f53cda18c2baa0c0354bb5f9a3ecbe5ed12ab4d8e11ba873c2f11161202b945,False,"insufficient_eligible_synthetic:{""1"":156}"
en_binary_sst2,1043,3.0,L0.30_U0.60,0.3,0.6,840,"{'0': 372, '1': 468}",720,"{'0': 408, '1': 312}",0,"{'0': 0, '1': 0}",[],0,4f53cda18c2baa0c0354bb5f9a3ecbe5ed12ab4d8e11ba873c2f11161202b945,False,"insufficient_eligible_synthetic:{""1"":156}"
en_binary_sst2,1043,3.0,L0.40_U0.60,0.4,0.6,840,"{'0': 372, '1': 468}",713,"{'0': 403, '1': 310}",0,"{'0': 0, '1': 0}",[],0,4f53cda18c2baa0c0354bb5f9a3ecbe5ed12ab4d8e11ba873c2f11161202b945,False,"insufficient_eligible_synthetic:{""1"":158}"
en_binary_sst2,1043,3.5,L0.10_U0.60,0.1,0.6,980,"{'0': 434, '1': 546}",720,"{'0': 408, '1': 312}",0,"{'0': 0, '1': 0}",[],0,4f53cda18c2baa0c0354bb5f9a3ecbe5ed12ab4d8e11ba873c2f11161202b945,False,"insufficient_eligible_synthetic:{""0"":26,""1"":234}"
en_binary_sst2,1043,3.5,L0.20_U0.60,0.2,0.6,980,"{'0': 434, '1': 546}",720,"{'0': 408, '1': 312}",0,"{'0': 0, '1': 0}",[],0,4f53cda18c2baa0c0354bb5f9a3ecbe5ed12ab4d8e11ba873c2f11161202b945,False,"insufficient_eligible_synthetic:{""0"":26,""1"":234}"
en_binary_sst2,1043,3.5,L0.30_U0.60,0.3,0.6,980,"{'0': 434, '1': 546}",720,"{'0': 408, '1': 312}",0,"{'0': 0, '1': 0}",[],0,4f53cda18c2baa0c0354bb5f9a3ecbe5ed12ab4d8e11ba873c2f11161202b945,False,"insufficient_eligible_synthetic:{""0"":26,""1"":234}"
en_binary_sst2,1043,3.5,L0.40_U0.60,0.4,0.6,980,"{'0': 434, '1': 546}",713,"{'0': 403, '1': 310}",0,"{'0': 0, '1': 0}",[],0,4f53cda18c2baa0c0354bb5f9a3ecbe5ed12ab4d8e11ba873c2f11161202b945,False,"insufficient_eligible_synthetic:{""0"":31,""1"":236}"
en_binary_sst2,1043,4.0,L0.10_U0.60,0.1,0.6,1120,"{'0': 496, '1': 624}",720,"{'0': 408, '1': 312}",0,"{'0': 0, '1': 0}",[],0,4f53cda18c2baa0c0354bb5f9a3ecbe5ed12ab4d8e11ba873c2f11161202b945,False,"insufficient_eligible_synthetic:{""0"":88,""1"":312}"
en_binary_sst2,1043,4.0,L0.20_U0.60,0.2,0.6,1120,"{'0': 496, '1': 624}",720,"{'0': 408, '1': 312}",0,"{'0': 0, '1': 0}",[],0,4f53cda18c2baa0c0354bb5f9a3ecbe5ed12ab4d8e11ba873c2f11161202b945,False,"insufficient_eligible_synthetic:{""0"":88,""1"":312}"
en_binary_sst2,1043,4.0,L0.30_U0.60,0.3,0.6,1120,"{'0': 496, '1': 624}",720,"{'0': 408, '1': 312}",0,"{'0': 0, '1': 0}",[],0,4f53cda18c2baa0c0354bb5f9a3ecbe5ed12ab4d8e11ba873c2f11161202b945,False,"insufficient_eligible_synthetic:{""0"":88,""1"":312}"
en_binary_sst2,1043,4.0,L0.40_U0.60,0.4,0.6,1120,"{'0': 496, '1': 624}",713,"{'0': 403, '1': 310}",0,"{'0': 0, '1': 0}",[],0,4f53cda18c2baa0c0354bb5f9a3ecbe5ed12ab4d8e11ba873c2f11161202b945,False,"insufficient_eligible_synthetic:{""0"":93,""1"":314}"
en_binary_sst2,1044,3.0,L0.10_U0.60,0.1,0.6,840,"{'0': 372, '1': 468}",883,"{'0': 480, '1': 403}",0,"{'0': 0, '1': 0}",[],0,4f53cda18c2baa0c0354bb5f9a3ecbe5ed12ab4d8e11ba873c2f11161202b945,False,"insufficient_eligible_synthetic:{""1"":65}"
en_binary_sst2,1044,3.0,L0.20_U0.60,0.2,0.6,840,"{'0': 372, '1': 468}",883,"{'0': 480, '1': 403}",0,"{'0': 0, '1': 0}",[],0,4f53cda18c2baa0c0354bb5f9a3ecbe5ed12ab4d8e11ba873c2f11161202b945,False,"insufficient_eligible_synthetic:{""1"":65}"
en_binary_sst2,1044,3.0,L0.30_U0.60,0.3,0.6,840,"{'0': 372, '1': 468}",883,"{'0': 480, '1': 403}",0,"{'0': 0, '1': 0}",[],0,4f53cda18c2baa0c0354bb5f9a3ecbe5ed12ab4d8e11ba873c2f11161202b945,False,"insufficient_eligible_synthetic:{""1"":65}"
en_binary_sst2,1044,3.0,L0.40_U0.60,0.4,0.6,840,"{'0': 372, '1': 468}",859,"{'0': 456, '1': 403}",0,"{'0': 0, '1': 0}",[],0,4f53cda18c2baa0c0354bb5f9a3ecbe5ed12ab4d8e11ba873c2f11161202b945,False,"insufficient_eligible_synthetic:{""1"":65}"
en_binary_sst2,1044,3.5,L0.10_U0.60,0.1,0.6,980,"{'0': 434, '1': 546}",883,"{'0': 480, '1': 403}",0,"{'0': 0, '1': 0}",[],0,4f53cda18c2baa0c0354bb5f9a3ecbe5ed12ab4d8e11ba873c2f11161202b945,False,"insufficient_eligible_synthetic:{""1"":143}"
en_binary_sst2,1044,3.5,L0.20_U0.60,0.2,0.6,980,"{'0': 434, '1': 546}",883,"{'0': 480, '1': 403}",0,"{'0': 0, '1': 0}",[],0,4f53cda18c2baa0c0354bb5f9a3ecbe5ed12ab4d8e11ba873c2f11161202b945,False,"insufficient_eligible_synthetic:{""1"":143}"
en_binary_sst2,1044,3.5,L0.30_U0.60,0.3,0.6,980,"{'0': 434, '1': 546}",883,"{'0': 480, '1': 403}",0,"{'0': 0, '1': 0}",[],0,4f53cda18c2baa0c0354bb5f9a3ecbe5ed12ab4d8e11ba873c2f11161202b945,False,"insufficient_eligible_synthetic:{""1"":143}"
en_binary_sst2,1044,3.5,L0.40_U0.60,0.4,0.6,980,"{'0': 434, '1': 546}",859,"{'0': 456, '1': 403}",0,"{'0': 0, '1': 0}",[],0,4f53cda18c2baa0c0354bb5f9a3ecbe5ed12ab4d8e11ba873c2f11161202b945,False,"insufficient_eligible_synthetic:{""1"":143}"
en_binary_sst2,1044,4.0,L0.10_U0.60,0.1,0.6,1120,"{'0': 496, '1': 624}",883,"{'0': 480, '1': 403}",0,"{'0': 0, '1': 0}",[],0,4f53cda18c2baa0c0354bb5f9a3ecbe5ed12ab4d8e11ba873c2f11161202b945,False,"insufficient_eligible_synthetic:{""0"":16,""1"":221}"
en_binary_sst2,1044,4.0,L0.20_U0.60,0.2,0.6,1120,"{'0': 496, '1': 624}",883,"{'0': 480, '1': 403}",0,"{'0': 0, '1': 0}",[],0,4f53cda18c2baa0c0354bb5f9a3ecbe5ed12ab4d8e11ba873c2f11161202b945,False,"insufficient_eligible_synthetic:{""0"":16,""1"":221}"
en_binary_sst2,1044,4.0,L0.30_U0.60,0.3,0.6,1120,"{'0': 496, '1': 624}",883,"{'0': 480, '1': 403}",0,"{'0': 0, '1': 0}",[],0,4f53cda18c2baa0c0354bb5f9a3ecbe5ed12ab4d8e11ba873c2f11161202b945,False,"insufficient_eligible_synthetic:{""0"":16,""1"":221}"
en_binary_sst2,1044,4.0,L0.40_U0.60,0.4,0.6,1120,"{'0': 496, '1': 624}",859,"{'0': 456, '1': 403}",0,"{'0': 0, '1': 0}",[],0,4f53cda18c2baa0c0354bb5f9a3ecbe5ed12ab4d8e11ba873c2f11161202b945,False,"insufficient_eligible_synthetic:{""0"":40,""1"":221}"
en_binary_sst2,1045,3.0,L0.10_U0.60,0.1,0.6,840,"{'0': 372, '1': 468}",958,"{'0': 509, '1': 449}",0,"{'0': 0, '1': 0}",[],0,4f53cda18c2baa0c0354bb5f9a3ecbe5ed12ab4d8e11ba873c2f11161202b945,False,"insufficient_eligible_synthetic:{""1"":19}"
en_binary_sst2,1045,3.0,L0.20_U0.60,0.2,0.6,840,"{'0': 372, '1': 468}",958,"{'0': 509, '1': 449}",0,"{'0': 0, '1': 0}",[],0,4f53cda18c2baa0c0354bb5f9a3ecbe5ed12ab4d8e11ba873c2f11161202b945,False,"insufficient_eligible_synthetic:{""1"":19}"
en_binary_sst2,1045,3.0,L0.30_U0.60,0.3,0.6,840,"{'0': 372, '1': 468}",958,"{'0': 509, '1': 449}",0,"{'0': 0, '1': 0}",[],0,4f53cda18c2baa0c0354bb5f9a3ecbe5ed12ab4d8e11ba873c2f11161202b945,False,"insufficient_eligible_synthetic:{""1"":19}"
en_binary_sst2,1045,3.0,L0.40_U0.60,0.4,0.6,840,"{'0': 372, '1': 468}",942,"{'0': 495, '1': 447}",0,"{'0': 0, '1': 0}",[],0,4f53cda18c2baa0c0354bb5f9a3ecbe5ed12ab4d8e11ba873c2f11161202b945,False,"insufficient_eligible_synthetic:{""1"":21}"
en_binary_sst2,1045,3.5,L0.10_U0.60,0.1,0.6,980,"{'0': 434, '1': 546}",958,"{'0': 509, '1': 449}",0,"{'0': 0, '1': 0}",[],0,4f53cda18c2baa0c0354bb5f9a3ecbe5ed12ab4d8e11ba873c2f11161202b945,False,"insufficient_eligible_synthetic:{""1"":97}"
en_binary_sst2,1045,3.5,L0.20_U0.60,0.2,0.6,980,"{'0': 434, '1': 546}",958,"{'0': 509, '1': 449}",0,"{'0': 0, '1': 0}",[],0,4f53cda18c2baa0c0354bb5f9a3ecbe5ed12ab4d8e11ba873c2f11161202b945,False,"insufficient_eligible_synthetic:{""1"":97}"
en_binary_sst2,1045,3.5,L0.30_U0.60,0.3,0.6,980,"{'0': 434, '1': 546}",958,"{'0': 509, '1': 449}",0,"{'0': 0, '1': 0}",[],0,4f53cda18c2baa0c0354bb5f9a3ecbe5ed12ab4d8e11ba873c2f11161202b945,False,"insufficient_eligible_synthetic:{""1"":97}"
en_binary_sst2,1045,3.5,L0.40_U0.60,0.4,0.6,980,"{'0': 434, '1': 546}",942,"{'0': 495, '1': 447}",0,"{'0': 0, '1': 0}",[],0,4f53cda18c2baa0c0354bb5f9a3ecbe5ed12ab4d8e11ba873c2f11161202b945,False,"insufficient_eligible_synthetic:{""1"":99}"
en_binary_sst2,1045,4.0,L0.10_U0.60,0.1,0.6,1120,"{'0': 496, '1': 624}",958,"{'0': 509, '1': 449}",0,"{'0': 0, '1': 0}",[],0,4f53cda18c2baa0c0354bb5f9a3ecbe5ed12ab4d8e11ba873c2f11161202b945,False,"insufficient_eligible_synthetic:{""1"":175}"
en_binary_sst2,1045,4.0,L0.20_U0.60,0.2,0.6,1120,"{'0': 496, '1': 624}",958,"{'0': 509, '1': 449}",0,"{'0': 0, '1': 0}",[],0,4f53cda18c2baa0c0354bb5f9a3ecbe5ed12ab4d8e11ba873c2f11161202b945,False,"insufficient_eligible_synthetic:{""1"":175}"
en_binary_sst2,1045,4.0,L0.30_U0.60,0.3,0.6,1120,"{'0': 496, '1': 624}",958,"{'0': 509, '1': 449}",0,"{'0': 0, '1': 0}",[],0,4f53cda18c2baa0c0354bb5f9a3ecbe5ed12ab4d8e11ba873c2f11161202b945,False,"insufficient_eligible_synthetic:{""1"":175}"
en_binary_sst2,1045,4.0,L0.40_U0.60,0.4,0.6,1120,"{'0': 496, '1': 624}",942,"{'0': 495, '1': 447}",0,"{'0': 0, '1': 0}",[],0,4f53cda18c2baa0c0354bb5f9a3ecbe5ed12ab4d8e11ba873c2f11161202b945,False,"insufficient_eligible_synthetic:{""0"":1,""1"":177}"
en_binary_sst2,1046,2.5,L0.10_U0.60,0.1,0.6,700,"{'0': 310, '1': 390}",751,"{'0': 404, '1': 347}",0,"{'0': 0, '1': 0}",[],0,4f53cda18c2baa0c0354bb5f9a3ecbe5ed12ab4d8e11ba873c2f11161202b945,False,"insufficient_eligible_synthetic:{""1"":43}"
en_binary_sst2,1046,2.5,L0.20_U0.60,0.2,0.6,700,"{'0': 310, '1': 390}",751,"{'0': 404, '1': 347}",0,"{'0': 0, '1': 0}",[],0,4f53cda18c2baa0c0354bb5f9a3ecbe5ed12ab4d8e11ba873c2f11161202b945,False,"insufficient_eligible_synthetic:{""1"":43}"
en_binary_sst2,1046,2.5,L0.30_U0.60,0.3,0.6,700,"{'0': 310, '1': 390}",751,"{'0': 404, '1': 347}",0,"{'0': 0, '1': 0}",[],0,4f53cda18c2baa0c0354bb5f9a3ecbe5ed12ab4d8e11ba873c2f11161202b945,False,"insufficient_eligible_synthetic:{""1"":43}"
en_binary_sst2,1046,2.5,L0.40_U0.60,0.4,0.6,700,"{'0': 310, '1': 390}",745,"{'0': 399, '1': 346}",0,"{'0': 0, '1': 0}",[],0,4f53cda18c2baa0c0354bb5f9a3ecbe5ed12ab4d8e11ba873c2f11161202b945,False,"insufficient_eligible_synthetic:{""1"":44}"
en_binary_sst2,1046,3.0,L0.10_U0.60,0.1,0.6,840,"{'0': 372, '1': 468}",751,"{'0': 404, '1': 347}",0,"{'0': 0, '1': 0}",[],0,4f53cda18c2baa0c0354bb5f9a3ecbe5ed12ab4d8e11ba873c2f11161202b945,False,"insufficient_eligible_synthetic:{""1"":121}"
en_binary_sst2,1046,3.0,L0.20_U0.60,0.2,0.6,840,"{'0': 372, '1': 468}",751,"{'0': 404, '1': 347}",0,"{'0': 0, '1': 0}",[],0,4f53cda18c2baa0c0354bb5f9a3ecbe5ed12ab4d8e11ba873c2f11161202b945,False,"insufficient_eligible_synthetic:{""1"":121}"
en_binary_sst2,1046,3.0,L0.30_U0.60,0.3,0.6,840,"{'0': 372, '1': 468}",751,"{'0': 404, '1': 347}",0,"{'0': 0, '1': 0}",[],0,4f53cda18c2baa0c0354bb5f9a3ecbe5ed12ab4d8e11ba873c2f11161202b945,False,"insufficient_eligible_synthetic:{""1"":121}"
en_binary_sst2,1046,3.0,L0.40_U0.60,0.4,0.6,840,"{'0': 372, '1': 468}",745,"{'0': 399, '1': 346}",0,"{'0': 0, '1': 0}",[],0,4f53cda18c2baa0c0354bb5f9a3ecbe5ed12ab4d8e11ba873c2f11161202b945,False,"insufficient_eligible_synthetic:{""1"":122}"
en_binary_sst2,1046,3.5,L0.10_U0.60,0.1,0.6,980,"{'0': 434, '1': 546}",751,"{'0': 404, '1': 347}",0,"{'0': 0, '1': 0}",[],0,4f53cda18c2baa0c0354bb5f9a3ecbe5ed12ab4d8e11ba873c2f11161202b945,False,"insufficient_eligible_synthetic:{""0"":30,""1"":199}"
en_binary_sst2,1046,3.5,L0.20_U0.60,0.2,0.6,980,"{'0': 434, '1': 546}",751,"{'0': 404, '1': 347}",0,"{'0': 0, '1': 0}",[],0,4f53cda18c2baa0c0354bb5f9a3ecbe5ed12ab4d8e11ba873c2f11161202b945,False,"insufficient_eligible_synthetic:{""0"":30,""1"":199}"
en_binary_sst2,1046,3.5,L0.30_U0.60,0.3,0.6,980,"{'0': 434, '1': 546}",751,"{'0': 404, '1': 347}",0,"{'0': 0, '1': 0}",[],0,4f53cda18c2baa0c0354bb5f9a3ecbe5ed12ab4d8e11ba873c2f11161202b945,False,"insufficient_eligible_synthetic:{""0"":30,""1"":199}"
en_binary_sst2,1046,3.5,L0.40_U0.60,0.4,0.6,980,"{'0': 434, '1': 546}",745,"{'0': 399, '1': 346}",0,"{'0': 0, '1': 0}",[],0,4f53cda18c2baa0c0354bb5f9a3ecbe5ed12ab4d8e11ba873c2f11161202b945,False,"insufficient_eligible_synthetic:{""0"":35,""1"":200}"
en_binary_sst2,1046,4.0,L0.10_U0.60,0.1,0.6,1120,"{'0': 496, '1': 624}",751,"{'0': 404, '1': 347}",0,"{'0': 0, '1': 0}",[],0,4f53cda18c2baa0c0354bb5f9a3ecbe5ed12ab4d8e11ba873c2f11161202b945,False,"insufficient_eligible_synthetic:{""0"":92,""1"":277}"
en_binary_sst2,1046,4.0,L0.20_U0.60,0.2,0.6,1120,"{'0': 496, '1': 624}",751,"{'0': 404, '1': 347}",0,"{'0': 0, '1': 0}",[],0,4f53cda18c2baa0c0354bb5f9a3ecbe5ed12ab4d8e11ba873c2f11161202b945,False,"insufficient_eligible_synthetic:{""0"":92,""1"":277}"
en_binary_sst2,1046,4.0,L0.30_U0.60,0.3,0.6,1120,"{'0': 496, '1': 624}",751,"{'0': 404, '1': 347}",0,"{'0': 0, '1': 0}",[],0,4f53cda18c2baa0c0354bb5f9a3ecbe5ed12ab4d8e11ba873c2f11161202b945,False,"insufficient_eligible_synthetic:{""0"":92,""1"":277}"
en_binary_sst2,1046,4.0,L0.40_U0.60,0.4,0.6,1120,"{'0': 496, '1': 624}",745,"{'0': 399, '1': 346}",0,"{'0': 0, '1': 0}",[],0,4f53cda18c2baa0c0354bb5f9a3ecbe5ed12ab4d8e11ba873c2f11161202b945,False,"insufficient_eligible_synthetic:{""0"":97,""1"":278}"
en_binary_sst2,1047,2.5,L0.10_U0.60,0.1,0.6,700,"{'0': 310, '1': 390}",775,"{'0': 406, '1': 369}",0,"{'0': 0, '1': 0}",[],0,4f53cda18c2baa0c0354bb5f9a3ecbe5ed12ab4d8e11ba873c2f11161202b945,False,"insufficient_eligible_synthetic:{""1"":21}"
en_binary_sst2,1047,2.5,L0.20_U0.60,0.2,0.6,700,"{'0': 310, '1': 390}",775,"{'0': 406, '1': 369}",0,"{'0': 0, '1': 0}",[],0,4f53cda18c2baa0c0354bb5f9a3ecbe5ed12ab4d8e11ba873c2f11161202b945,False,"insufficient_eligible_synthetic:{""1"":21}"
en_binary_sst2,1047,2.5,L0.30_U0.60,0.3,0.6,700,"{'0': 310, '1': 390}",775,"{'0': 406, '1': 369}",0,"{'0': 0, '1': 0}",[],0,4f53cda18c2baa0c0354bb5f9a3ecbe5ed12ab4d8e11ba873c2f11161202b945,False,"insufficient_eligible_synthetic:{""1"":21}"
en_binary_sst2,1047,2.5,L0.40_U0.60,0.4,0.6,700,"{'0': 310, '1': 390}",774,"{'0': 406, '1': 368}",0,"{'0': 0, '1': 0}",[],0,4f53cda18c2baa0c0354bb5f9a3ecbe5ed12ab4d8e11ba873c2f11161202b945,False,"insufficient_eligible_synthetic:{""1"":22}"
en_binary_sst2,1047,3.0,L0.10_U0.60,0.1,0.6,840,"{'0': 372, '1': 468}",775,"{'0': 406, '1': 369}",0,"{'0': 0, '1': 0}",[],0,4f53cda18c2baa0c0354bb5f9a3ecbe5ed12ab4d8e11ba873c2f11161202b945,False,"insufficient_eligible_synthetic:{""1"":99}"
en_binary_sst2,1047,3.0,L0.20_U0.60,0.2,0.6,840,"{'0': 372, '1': 468}",775,"{'0': 406, '1': 369}",0,"{'0': 0, '1': 0}",[],0,4f53cda18c2baa0c0354bb5f9a3ecbe5ed12ab4d8e11ba873c2f11161202b945,False,"insufficient_eligible_synthetic:{""1"":99}"
en_binary_sst2,1047,3.0,L0.30_U0.60,0.3,0.6,840,"{'0': 372, '1': 468}",775,"{'0': 406, '1': 369}",0,"{'0': 0, '1': 0}",[],0,4f53cda18c2baa0c0354bb5f9a3ecbe5ed12ab4d8e11ba873c2f11161202b945,False,"insufficient_eligible_synthetic:{""1"":99}"
en_binary_sst2,1047,3.0,L0.40_U0.60,0.4,0.6,840,"{'0': 372, '1': 468}",774,"{'0': 406, '1': 368}",0,"{'0': 0, '1': 0}",[],0,4f53cda18c2baa0c0354bb5f9a3ecbe5ed12ab4d8e11ba873c2f11161202b945,False,"insufficient_eligible_synthetic:{""1"":100}"
en_binary_sst2,1047,3.5,L0.10_U0.60,0.1,0.6,980,"{'0': 434, '1': 546}",775,"{'0': 406, '1': 369}",0,"{'0': 0, '1': 0}",[],0,4f53cda18c2baa0c0354bb5f9a3ecbe5ed12ab4d8e11ba873c2f11161202b945,False,"insufficient_eligible_synthetic:{""0"":28,""1"":177}"
en_binary_sst2,1047,3.5,L0.20_U0.60,0.2,0.6,980,"{'0': 434, '1': 546}",775,"{'0': 406, '1': 369}",0,"{'0': 0, '1': 0}",[],0,4f53cda18c2baa0c0354bb5f9a3ecbe5ed12ab4d8e11ba873c2f11161202b945,False,"insufficient_eligible_synthetic:{""0"":28,""1"":177}"
en_binary_sst2,1047,3.5,L0.30_U0.60,0.3,0.6,980,"{'0': 434, '1': 546}",775,"{'0': 406, '1': 369}",0,"{'0': 0, '1': 0}",[],0,4f53cda18c2baa0c0354bb5f9a3ecbe5ed12ab4d8e11ba873c2f11161202b945,False,"insufficient_eligible_synthetic:{""0"":28,""1"":177}"
en_binary_sst2,1047,3.5,L0.40_U0.60,0.4,0.6,980,"{'0': 434, '1': 546}",774,"{'0': 406, '1': 368}",0,"{'0': 0, '1': 0}",[],0,4f53cda18c2baa0c0354bb5f9a3ecbe5ed12ab4d8e11ba873c2f11161202b945,False,"insufficient_eligible_synthetic:{""0"":28,""1"":178}"
en_binary_sst2,1047,4.0,L0.10_U0.60,0.1,0.6,1120,"{'0': 496, '1': 624}",775,"{'0': 406, '1': 369}",0,"{'0': 0, '1': 0}",[],0,4f53cda18c2baa0c0354bb5f9a3ecbe5ed12ab4d8e11ba873c2f11161202b945,False,"insufficient_eligible_synthetic:{""0"":90,""1"":255}"
en_binary_sst2,1047,4.0,L0.20_U0.60,0.2,0.6,1120,"{'0': 496, '1': 624}",775,"{'0': 406, '1': 369}",0,"{'0': 0, '1': 0}",[],0,4f53cda18c2baa0c0354bb5f9a3ecbe5ed12ab4d8e11ba873c2f11161202b945,False,"insufficient_eligible_synthetic:{""0"":90,""1"":255}"
en_binary_sst2,1047,4.0,L0.30_U0.60,0.3,0.6,1120,"{'0': 496, '1': 624}",775,"{'0': 406, '1': 369}",0,"{'0': 0, '1': 0}",[],0,4f53cda18c2baa0c0354bb5f9a3ecbe5ed12ab4d8e11ba873c2f11161202b945,False,"insufficient_eligible_synthetic:{""0"":90,""1"":255}"
en_binary_sst2,1047,4.0,L0.40_U0.60,0.4,0.6,1120,"{'0': 496, '1': 624}",774,"{'0': 406, '1': 368}",0,"{'0': 0, '1': 0}",[],0,4f53cda18c2baa0c0354bb5f9a3ecbe5ed12ab4d8e11ba873c2f11161202b945,False,"insufficient_eligible_synthetic:{""0"":90,""1"":256}"
en_binary_sst2,1048,2.0,L0.40_U0.60,0.4,0.6,560,"{'0': 248, '1': 312}",797,"{'0': 491, '1': 306}",0,"{'0': 0, '1': 0}",[],0,4f53cda18c2baa0c0354bb5f9a3ecbe5ed12ab4d8e11ba873c2f11161202b945,False,"insufficient_eligible_synthetic:{""1"":6}"
en_binary_sst2,1048,2.5,L0.10_U0.60,0.1,0.6,700,"{'0': 310, '1': 390}",843,"{'0': 517, '1': 326}",0,"{'0': 0, '1': 0}",[],0,4f53cda18c2baa0c0354bb5f9a3ecbe5ed12ab4d8e11ba873c2f11161202b945,False,"insufficient_eligible_synthetic:{""1"":64}"
en_binary_sst2,1048,2.5,L0.20_U0.60,0.2,0.6,700,"{'0': 310, '1': 390}",843,"{'0': 517, '1': 326}",0,"{'0': 0, '1': 0}",[],0,4f53cda18c2baa0c0354bb5f9a3ecbe5ed12ab4d8e11ba873c2f11161202b945,False,"insufficient_eligible_synthetic:{""1"":64}"
en_binary_sst2,1048,2.5,L0.30_U0.60,0.3,0.6,700,"{'0': 310, '1': 390}",843,"{'0': 517, '1': 326}",0,"{'0': 0, '1': 0}",[],0,4f53cda18c2baa0c0354bb5f9a3ecbe5ed12ab4d8e11ba873c2f11161202b945,False,"insufficient_eligible_synthetic:{""1"":64}"
en_binary_sst2,1048,2.5,L0.40_U0.60,0.4,0.6,700,"{'0': 310, '1': 390}",797,"{'0': 491, '1': 306}",0,"{'0': 0, '1': 0}",[],0,4f53cda18c2baa0c0354bb5f9a3ecbe5ed12ab4d8e11ba873c2f11161202b945,False,"insufficient_eligible_synthetic:{""1"":84}"
en_binary_sst2,1048,3.0,L0.10_U0.60,0.1,0.6,840,"{'0': 372, '1': 468}",843,"{'0': 517, '1': 326}",0,"{'0': 0, '1': 0}",[],0,4f53cda18c2baa0c0354bb5f9a3ecbe5ed12ab4d8e11ba873c2f11161202b945,False,"insufficient_eligible_synthetic:{""1"":142}"
en_binary_sst2,1048,3.0,L0.20_U0.60,0.2,0.6,840,"{'0': 372, '1': 468}",843,"{'0': 517, '1': 326}",0,"{'0': 0, '1': 0}",[],0,4f53cda18c2baa0c0354bb5f9a3ecbe5ed12ab4d8e11ba873c2f11161202b945,False,"insufficient_eligible_synthetic:{""1"":142}"
en_binary_sst2,1048,3.0,L0.30_U0.60,0.3,0.6,840,"{'0': 372, '1': 468}",843,"{'0': 517, '1': 326}",0,"{'0': 0, '1': 0}",[],0,4f53cda18c2baa0c0354bb5f9a3ecbe5ed12ab4d8e11ba873c2f11161202b945,False,"insufficient_eligible_synthetic:{""1"":142}"
en_binary_sst2,1048,3.0,L0.40_U0.60,0.4,0.6,840,"{'0': 372, '1': 468}",797,"{'0': 491, '1': 306}",0,"{'0': 0, '1': 0}",[],0,4f53cda18c2baa0c0354bb5f9a3ecbe5ed12ab4d8e11ba873c2f11161202b945,False,"insufficient_eligible_synthetic:{""1"":162}"
en_binary_sst2,1048,3.5,L0.10_U0.60,0.1,0.6,980,"{'0': 434, '1': 546}",843,"{'0': 517, '1': 326}",0,"{'0': 0, '1': 0}",[],0,4f53cda18c2baa0c0354bb5f9a3ecbe5ed12ab4d8e11ba873c2f11161202b945,False,"insufficient_eligible_synthetic:{""1"":220}"
en_binary_sst2,1048,3.5,L0.20_U0.60,0.2,0.6,980,"{'0': 434, '1': 546}",843,"{'0': 517, '1': 326}",0,"{'0': 0, '1': 0}",[],0,4f53cda18c2baa0c0354bb5f9a3ecbe5ed12ab4d8e11ba873c2f11161202b945,False,"insufficient_eligible_synthetic:{""1"":220}"
en_binary_sst2,1048,3.5,L0.30_U0.60,0.3,0.6,980,"{'0': 434, '1': 546}",843,"{'0': 517, '1': 326}",0,"{'0': 0, '1': 0}",[],0,4f53cda18c2baa0c0354bb5f9a3ecbe5ed12ab4d8e11ba873c2f11161202b945,False,"insufficient_eligible_synthetic:{""1"":220}"
en_binary_sst2,1048,3.5,L0.40_U0.60,0.4,0.6,980,"{'0': 434, '1': 546}",797,"{'0': 491, '1': 306}",0,"{'0': 0, '1': 0}",[],0,4f53cda18c2baa0c0354bb5f9a3ecbe5ed12ab4d8e11ba873c2f11161202b945,False,"insufficient_eligible_synthetic:{""1"":240}"
en_binary_sst2,1048,4.0,L0.10_U0.60,0.1,0.6,1120,"{'0': 496, '1': 624}",843,"{'0': 517, '1': 326}",0,"{'0': 0, '1': 0}",[],0,4f53cda18c2baa0c0354bb5f9a3ecbe5ed12ab4d8e11ba873c2f11161202b945,False,"insufficient_eligible_synthetic:{""1"":298}"
en_binary_sst2,1048,4.0,L0.20_U0.60,0.2,0.6,1120,"{'0': 496, '1': 624}",843,"{'0': 517, '1': 326}",0,"{'0': 0, '1': 0}",[],0,4f53cda18c2baa0c0354bb5f9a3ecbe5ed12ab4d8e11ba873c2f11161202b945,False,"insufficient_eligible_synthetic:{""1"":298}"
en_binary_sst2,1048,4.0,L0.30_U0.60,0.3,0.6,1120,"{'0': 496, '1': 624}",843,"{'0': 517, '1': 326}",0,"{'0': 0, '1': 0}",[],0,4f53cda18c2baa0c0354bb5f9a3ecbe5ed12ab4d8e11ba873c2f11161202b945,False,"insufficient_eligible_synthetic:{""1"":298}"
en_binary_sst2,1048,4.0,L0.40_U0.60,0.4,0.6,1120,"{'0': 496, '1': 624}",797,"{'0': 491, '1': 306}",0,"{'0': 0, '1': 0}",[],0,4f53cda18c2baa0c0354bb5f9a3ecbe5ed12ab4d8e11ba873c2f11161202b945,False,"insufficient_eligible_synthetic:{""0"":5,""1"":318}"
en_binary_sst2,1049,2.5,L0.10_U0.60,0.1,0.6,700,"{'0': 310, '1': 390}",916,"{'0': 544, '1': 372}",0,"{'0': 0, '1': 0}",[],0,4f53cda18c2baa0c0354bb5f9a3ecbe5ed12ab4d8e11ba873c2f11161202b945,False,"insufficient_eligible_synthetic:{""1"":18}"
en_binary_sst2,1049,2.5,L0.20_U0.60,0.2,0.6,700,"{'0': 310, '1': 390}",916,"{'0': 544, '1': 372}",0,"{'0': 0, '1': 0}",[],0,4f53cda18c2baa0c0354bb5f9a3ecbe5ed12ab4d8e11ba873c2f11161202b945,False,"insufficient_eligible_synthetic:{""1"":18}"
en_binary_sst2,1049,2.5,L0.30_U0.60,0.3,0.6,700,"{'0': 310, '1': 390}",916,"{'0': 544, '1': 372}",0,"{'0': 0, '1': 0}",[],0,4f53cda18c2baa0c0354bb5f9a3ecbe5ed12ab4d8e11ba873c2f11161202b945,False,"insufficient_eligible_synthetic:{""1"":18}"
en_binary_sst2,1049,2.5,L0.40_U0.60,0.4,0.6,700,"{'0': 310, '1': 390}",907,"{'0': 535, '1': 372}",0,"{'0': 0, '1': 0}",[],0,4f53cda18c2baa0c0354bb5f9a3ecbe5ed12ab4d8e11ba873c2f11161202b945,False,"insufficient_eligible_synthetic:{""1"":18}"
en_binary_sst2,1049,3.0,L0.10_U0.60,0.1,0.6,840,"{'0': 372, '1': 468}",916,"{'0': 544, '1': 372}",0,"{'0': 0, '1': 0}",[],0,4f53cda18c2baa0c0354bb5f9a3ecbe5ed12ab4d8e11ba873c2f11161202b945,False,"insufficient_eligible_synthetic:{""1"":96}"
en_binary_sst2,1049,3.0,L0.20_U0.60,0.2,0.6,840,"{'0': 372, '1': 468}",916,"{'0': 544, '1': 372}",0,"{'0': 0, '1': 0}",[],0,4f53cda18c2baa0c0354bb5f9a3ecbe5ed12ab4d8e11ba873c2f11161202b945,False,"insufficient_eligible_synthetic:{""1"":96}"
en_binary_sst2,1049,3.0,L0.30_U0.60,0.3,0.6,840,"{'0': 372, '1': 468}",916,"{'0': 544, '1': 372}",0,"{'0': 0, '1': 0}",[],0,4f53cda18c2baa0c0354bb5f9a3ecbe5ed12ab4d8e11ba873c2f11161202b945,False,"insufficient_eligible_synthetic:{""1"":96}"
en_binary_sst2,1049,3.0,L0.40_U0.60,0.4,0.6,840,"{'0': 372, '1': 468}",907,"{'0': 535, '1': 372}",0,"{'0': 0, '1': 0}",[],0,4f53cda18c2baa0c0354bb5f9a3ecbe5ed12ab4d8e11ba873c2f11161202b945,False,"insufficient_eligible_synthetic:{""1"":96}"
en_binary_sst2,1049,3.5,L0.10_U0.60,0.1,0.6,980,"{'0': 434, '1': 546}",916,"{'0': 544, '1': 372}",0,"{'0': 0, '1': 0}",[],0,4f53cda18c2baa0c0354bb5f9a3ecbe5ed12ab4d8e11ba873c2f11161202b945,False,"insufficient_eligible_synthetic:{""1"":174}"
en_binary_sst2,1049,3.5,L0.20_U0.60,0.2,0.6,980,"{'0': 434, '1': 546}",916,"{'0': 544, '1': 372}",0,"{'0': 0, '1': 0}",[],0,4f53cda18c2baa0c0354bb5f9a3ecbe5ed12ab4d8e11ba873c2f11161202b945,False,"insufficient_eligible_synthetic:{""1"":174}"
en_binary_sst2,1049,3.5,L0.30_U0.60,0.3,0.6,980,"{'0': 434, '1': 546}",916,"{'0': 544, '1': 372}",0,"{'0': 0, '1': 0}",[],0,4f53cda18c2baa0c0354bb5f9a3ecbe5ed12ab4d8e11ba873c2f11161202b945,False,"insufficient_eligible_synthetic:{""1"":174}"
en_binary_sst2,1049,3.5,L0.40_U0.60,0.4,0.6,980,"{'0': 434, '1': 546}",907,"{'0': 535, '1': 372}",0,"{'0': 0, '1': 0}",[],0,4f53cda18c2baa0c0354bb5f9a3ecbe5ed12ab4d8e11ba873c2f11161202b945,False,"insufficient_eligible_synthetic:{""1"":174}"
en_binary_sst2,1049,4.0,L0.10_U0.60,0.1,0.6,1120,"{'0': 496, '1': 624}",916,"{'0': 544, '1': 372}",0,"{'0': 0, '1': 0}",[],0,4f53cda18c2baa0c0354bb5f9a3ecbe5ed12ab4d8e11ba873c2f11161202b945,False,"insufficient_eligible_synthetic:{""1"":252}"
en_binary_sst2,1049,4.0,L0.20_U0.60,0.2,0.6,1120,"{'0': 496, '1': 624}",916,"{'0': 544, '1': 372}",0,"{'0': 0, '1': 0}",[],0,4f53cda18c2baa0c0354bb5f9a3ecbe5ed12ab4d8e11ba873c2f11161202b945,False,"insufficient_eligible_synthetic:{""1"":252}"
en_binary_sst2,1049,4.0,L0.30_U0.60,0.3,0.6,1120,"{'0': 496, '1': 624}",916,"{'0': 544, '1': 372}",0,"{'0': 0, '1': 0}",[],0,4f53cda18c2baa0c0354bb5f9a3ecbe5ed12ab4d8e11ba873c2f11161202b945,False,"insufficient_eligible_synthetic:{""1"":252}"
en_binary_sst2,1049,4.0,L0.40_U0.60,0.4,0.6,1120,"{'0': 496, '1': 624}",907,"{'0': 535, '1': 372}",0,"{'0': 0, '1': 0}",[],0,4f53cda18c2baa0c0354bb5f9a3ecbe5ed12ab4d8e11ba873c2f11161202b945,False,"insufficient_eligible_synthetic:{""1"":252}"
ko_binary_nsmc,1000,3.0,L0.10_U0.60,0.1,0.6,840,"{'0': 420, '1': 420}",899,"{'0': 499, '1': 400}",0,"{'0': 0, '1': 0}",[],0,4f53cda18c2baa0c0354bb5f9a3ecbe5ed12ab4d8e11ba873c2f11161202b945,False,"insufficient_eligible_synthetic:{""1"":20}"
ko_binary_nsmc,1000,3.0,L0.20_U0.60,0.2,0.6,840,"{'0': 420, '1': 420}",899,"{'0': 499, '1': 400}",0,"{'0': 0, '1': 0}",[],0,4f53cda18c2baa0c0354bb5f9a3ecbe5ed12ab4d8e11ba873c2f11161202b945,False,"insufficient_eligible_synthetic:{""1"":20}"
ko_binary_nsmc,1000,3.0,L0.30_U0.60,0.3,0.6,840,"{'0': 420, '1': 420}",898,"{'0': 499, '1': 399}",0,"{'0': 0, '1': 0}",[],0,4f53cda18c2baa0c0354bb5f9a3ecbe5ed12ab4d8e11ba873c2f11161202b945,False,"insufficient_eligible_synthetic:{""1"":21}"
ko_binary_nsmc,1000,3.0,L0.40_U0.60,0.4,0.6,840,"{'0': 420, '1': 420}",883,"{'0': 490, '1': 393}",0,"{'0': 0, '1': 0}",[],0,4f53cda18c2baa0c0354bb5f9a3ecbe5ed12ab4d8e11ba873c2f11161202b945,False,"insufficient_eligible_synthetic:{""1"":27}"
ko_binary_nsmc,1000,3.5,L0.10_U0.60,0.1,0.6,980,"{'0': 490, '1': 490}",899,"{'0': 499, '1': 400}",0,"{'0': 0, '1': 0}",[],0,4f53cda18c2baa0c0354bb5f9a3ecbe5ed12ab4d8e11ba873c2f11161202b945,False,"insufficient_eligible_synthetic:{""1"":90}"
ko_binary_nsmc,1000,3.5,L0.20_U0.60,0.2,0.6,980,"{'0': 490, '1': 490}",899,"{'0': 499, '1': 400}",0,"{'0': 0, '1': 0}",[],0,4f53cda18c2baa0c0354bb5f9a3ecbe5ed12ab4d8e11ba873c2f11161202b945,False,"insufficient_eligible_synthetic:{""1"":90}"
ko_binary_nsmc,1000,3.5,L0.30_U0.60,0.3,0.6,980,"{'0': 490, '1': 490}",898,"{'0': 499, '1': 399}",0,"{'0': 0, '1': 0}",[],0,4f53cda18c2baa0c0354bb5f9a3ecbe5ed12ab4d8e11ba873c2f11161202b945,False,"insufficient_eligible_synthetic:{""1"":91}"
ko_binary_nsmc,1000,3.5,L0.40_U0.60,0.4,0.6,980,"{'0': 490, '1': 490}",883,"{'0': 490, '1': 393}",0,"{'0': 0, '1': 0}",[],0,4f53cda18c2baa0c0354bb5f9a3ecbe5ed12ab4d8e11ba873c2f11161202b945,False,"insufficient_eligible_synthetic:{""1"":97}"
ko_binary_nsmc,1000,4.0,L0.10_U0.60,0.1,0.6,1120,"{'0': 560, '1': 560}",899,"{'0': 499, '1': 400}",0,"{'0': 0, '1': 0}",[],0,4f53cda18c2baa0c0354bb5f9a3ecbe5ed12ab4d8e11ba873c2f11161202b945,False,"insufficient_eligible_synthetic:{""0"":61,""1"":160}"
ko_binary_nsmc,1000,4.0,L0.20_U0.60,0.2,0.6,1120,"{'0': 560, '1': 560}",899,"{'0': 499, '1': 400}",0,"{'0': 0, '1': 0}",[],0,4f53cda18c2baa0c0354bb5f9a3ecbe5ed12ab4d8e11ba873c2f11161202b945,False,"insufficient_eligible_synthetic:{""0"":61,""1"":160}"
ko_binary_nsmc,1000,4.0,L0.30_U0.60,0.3,0.6,1120,"{'0': 560, '1': 560}",898,"{'0': 499, '1': 399}",0,"{'0': 0, '1': 0}",[],0,4f53cda18c2baa0c0354bb5f9a3ecbe5ed12ab4d8e11ba873c2f11161202b945,False,"insufficient_eligible_synthetic:{""0"":61,""1"":161}"
ko_binary_nsmc,1000,4.0,L0.40_U0.60,0.4,0.6,1120,"{'0': 560, '1': 560}",883,"{'0': 490, '1': 393}",0,"{'0': 0, '1': 0}",[],0,4f53cda18c2baa0c0354bb5f9a3ecbe5ed12ab4d8e11ba873c2f11161202b945,False,"insufficient_eligible_synthetic:{""0"":70,""1"":167}"
ko_binary_nsmc,1001,2.5,L0.10_U0.60,0.1,0.6,700,"{'0': 350, '1': 350}",978,"{'0': 646, '1': 332}",0,"{'0': 0, '1': 0}",[],0,4f53cda18c2baa0c0354bb5f9a3ecbe5ed12ab4d8e11ba873c2f11161202b945,False,"insufficient_eligible_synthetic:{""1"":18}"
ko_binary_nsmc,1001,2.5,L0.20_U0.60,0.2,0.6,700,"{'0': 350, '1': 350}",978,"{'0': 646, '1': 332}",0,"{'0': 0, '1': 0}",[],0,4f53cda18c2baa0c0354bb5f9a3ecbe5ed12ab4d8e11ba873c2f11161202b945,False,"insufficient_eligible_synthetic:{""1"":18}"
ko_binary_nsmc,1001,2.5,L0.30_U0.60,0.3,0.6,700,"{'0': 350, '1': 350}",977,"{'0': 646, '1': 331}",0,"{'0': 0, '1': 0}",[],0,4f53cda18c2baa0c0354bb5f9a3ecbe5ed12ab4d8e11ba873c2f11161202b945,False,"insufficient_eligible_synthetic:{""1"":19}"
ko_binary_nsmc,1001,2.5,L0.40_U0.60,0.4,0.6,700,"{'0': 350, '1': 350}",928,"{'0': 622, '1': 306}",0,"{'0': 0, '1': 0}",[],0,4f53cda18c2baa0c0354bb5f9a3ecbe5ed12ab4d8e11ba873c2f11161202b945,False,"insufficient_eligible_synthetic:{""1"":44}"
ko_binary_nsmc,1001,3.0,L0.10_U0.60,0.1,0.6,840,"{'0': 420, '1': 420}",978,"{'0': 646, '1': 332}",0,"{'0': 0, '1': 0}",[],0,4f53cda18c2baa0c0354bb5f9a3ecbe5ed12ab4d8e11ba873c2f11161202b945,False,"insufficient_eligible_synthetic:{""1"":88}"
ko_binary_nsmc,1001,3.0,L0.20_U0.60,0.2,0.6,840,"{'0': 420, '1': 420}",978,"{'0': 646, '1': 332}",0,"{'0': 0, '1': 0}",[],0,4f53cda18c2baa0c0354bb5f9a3ecbe5ed12ab4d8e11ba873c2f11161202b945,False,"insufficient_eligible_synthetic:{""1"":88}"
ko_binary_nsmc,1001,3.0,L0.30_U0.60,0.3,0.6,840,"{'0': 420, '1': 420}",977,"{'0': 646, '1': 331}",0,"{'0': 0, '1': 0}",[],0,4f53cda18c2baa0c0354bb5f9a3ecbe5ed12ab4d8e11ba873c2f11161202b945,False,"insufficient_eligible_synthetic:{""1"":89}"
ko_binary_nsmc,1001,3.0,L0.40_U0.60,0.4,0.6,840,"{'0': 420, '1': 420}",928,"{'0': 622, '1': 306}",0,"{'0': 0, '1': 0}",[],0,4f53cda18c2baa0c0354bb5f9a3ecbe5ed12ab4d8e11ba873c2f11161202b945,False,"insufficient_eligible_synthetic:{""1"":114}"
ko_binary_nsmc,1001,3.5,L0.10_U0.60,0.1,0.6,980,"{'0': 490, '1': 490}",978,"{'0': 646, '1': 332}",0,"{'0': 0, '1': 0}",[],0,4f53cda18c2baa0c0354bb5f9a3ecbe5ed12ab4d8e11ba873c2f11161202b945,False,"insufficient_eligible_synthetic:{""1"":158}"
ko_binary_nsmc,1001,3.5,L0.20_U0.60,0.2,0.6,980,"{'0': 490, '1': 490}",978,"{'0': 646, '1': 332}",0,"{'0': 0, '1': 0}",[],0,4f53cda18c2baa0c0354bb5f9a3ecbe5ed12ab4d8e11ba873c2f11161202b945,False,"insufficient_eligible_synthetic:{""1"":158}"
ko_binary_nsmc,1001,3.5,L0.30_U0.60,0.3,0.6,980,"{'0': 490, '1': 490}",977,"{'0': 646, '1': 331}",0,"{'0': 0, '1': 0}",[],0,4f53cda18c2baa0c0354bb5f9a3ecbe5ed12ab4d8e11ba873c2f11161202b945,False,"insufficient_eligible_synthetic:{""1"":159}"
ko_binary_nsmc,1001,3.5,L0.40_U0.60,0.4,0.6,980,"{'0': 490, '1': 490}",928,"{'0': 622, '1': 306}",0,"{'0': 0, '1': 0}",[],0,4f53cda18c2baa0c0354bb5f9a3ecbe5ed12ab4d8e11ba873c2f11161202b945,False,"insufficient_eligible_synthetic:{""1"":184}"
ko_binary_nsmc,1001,4.0,L0.10_U0.60,0.1,0.6,1120,"{'0': 560, '1': 560}",978,"{'0': 646, '1': 332}",0,"{'0': 0, '1': 0}",[],0,4f53cda18c2baa0c0354bb5f9a3ecbe5ed12ab4d8e11ba873c2f11161202b945,False,"insufficient_eligible_synthetic:{""1"":228}"
ko_binary_nsmc,1001,4.0,L0.20_U0.60,0.2,0.6,1120,"{'0': 560, '1': 560}",978,"{'0': 646, '1': 332}",0,"{'0': 0, '1': 0}",[],0,4f53cda18c2baa0c0354bb5f9a3ecbe5ed12ab4d8e11ba873c2f11161202b945,False,"insufficient_eligible_synthetic:{""1"":228}"
ko_binary_nsmc,1001,4.0,L0.30_U0.60,0.3,0.6,1120,"{'0': 560, '1': 560}",977,"{'0': 646, '1': 331}",0,"{'0': 0, '1': 0}",[],0,4f53cda18c2baa0c0354bb5f9a3ecbe5ed12ab4d8e11ba873c2f11161202b945,False,"insufficient_eligible_synthetic:{""1"":229}"
ko_binary_nsmc,1001,4.0,L0.40_U0.60,0.4,0.6,1120,"{'0': 560, '1': 560}",928,"{'0': 622, '1': 306}",0,"{'0': 0, '1': 0}",[],0,4f53cda18c2baa0c0354bb5f9a3ecbe5ed12ab4d8e11ba873c2f11161202b945,False,"insufficient_eligible_synthetic:{""1"":254}"
ko_binary_nsmc,1002,3.0,L0.10_U0.60,0.1,0.6,840,"{'0': 420, '1': 420}",869,"{'0': 485, '1': 384}",0,"{'0': 0, '1': 0}",[],0,4f53cda18c2baa0c0354bb5f9a3ecbe5ed12ab4d8e11ba873c2f11161202b945,False,"insufficient_eligible_synthetic:{""1"":36}"
ko_binary_nsmc,1002,3.0,L0.20_U0.60,0.2,0.6,840,"{'0': 420, '1': 420}",869,"{'0': 485, '1': 384}",0,"{'0': 0, '1': 0}",[],0,4f53cda18c2baa0c0354bb5f9a3ecbe5ed12ab4d8e11ba873c2f11161202b945,False,"insufficient_eligible_synthetic:{""1"":36}"
ko_binary_nsmc,1002,3.0,L0.30_U0.60,0.3,0.6,840,"{'0': 420, '1': 420}",866,"{'0': 485, '1': 381}",0,"{'0': 0, '1': 0}",[],0,4f53cda18c2baa0c0354bb5f9a3ecbe5ed12ab4d8e11ba873c2f11161202b945,False,"insufficient_eligible_synthetic:{""1"":39}"
ko_binary_nsmc,1002,3.0,L0.40_U0.60,0.4,0.6,840,"{'0': 420, '1': 420}",815,"{'0': 465, '1': 350}",0,"{'0': 0, '1': 0}",[],0,4f53cda18c2baa0c0354bb5f9a3ecbe5ed12ab4d8e11ba873c2f11161202b945,False,"insufficient_eligible_synthetic:{""1"":70}"
ko_binary_nsmc,1002,3.5,L0.10_U0.60,0.1,0.6,980,"{'0': 490, '1': 490}",869,"{'0': 485, '1': 384}",0,"{'0': 0, '1': 0}",[],0,4f53cda18c2baa0c0354bb5f9a3ecbe5ed12ab4d8e11ba873c2f11161202b945,False,"insufficient_eligible_synthetic:{""0"":5,""1"":106}"
ko_binary_nsmc,1002,3.5,L0.20_U0.60,0.2,0.6,980,"{'0': 490, '1': 490}",869,"{'0': 485, '1': 384}",0,"{'0': 0, '1': 0}",[],0,4f53cda18c2baa0c0354bb5f9a3ecbe5ed12ab4d8e11ba873c2f11161202b945,False,"insufficient_eligible_synthetic:{""0"":5,""1"":106}"
ko_binary_nsmc,1002,3.5,L0.30_U0.60,0.3,0.6,980,"{'0': 490, '1': 490}",866,"{'0': 485, '1': 381}",0,"{'0': 0, '1': 0}",[],0,4f53cda18c2baa0c0354bb5f9a3ecbe5ed12ab4d8e11ba873c2f11161202b945,False,"insufficient_eligible_synthetic:{""0"":5,""1"":109}"
ko_binary_nsmc,1002,3.5,L0.40_U0.60,0.4,0.6,980,"{'0': 490, '1': 490}",815,"{'0': 465, '1': 350}",0,"{'0': 0, '1': 0}",[],0,4f53cda18c2baa0c0354bb5f9a3ecbe5ed12ab4d8e11ba873c2f11161202b945,False,"insufficient_eligible_synthetic:{""0"":25,""1"":140}"
ko_binary_nsmc,1002,4.0,L0.10_U0.60,0.1,0.6,1120,"{'0': 560, '1': 560}",869,"{'0': 485, '1': 384}",0,"{'0': 0, '1': 0}",[],0,4f53cda18c2baa0c0354bb5f9a3ecbe5ed12ab4d8e11ba873c2f11161202b945,False,"insufficient_eligible_synthetic:{""0"":75,""1"":176}"
ko_binary_nsmc,1002,4.0,L0.20_U0.60,0.2,0.6,1120,"{'0': 560, '1': 560}",869,"{'0': 485, '1': 384}",0,"{'0': 0, '1': 0}",[],0,4f53cda18c2baa0c0354bb5f9a3ecbe5ed12ab4d8e11ba873c2f11161202b945,False,"insufficient_eligible_synthetic:{""0"":75,""1"":176}"
ko_binary_nsmc,1002,4.0,L0.30_U0.60,0.3,0.6,1120,"{'0': 560, '1': 560}",866,"{'0': 485, '1': 381}",0,"{'0': 0, '1': 0}",[],0,4f53cda18c2baa0c0354bb5f9a3ecbe5ed12ab4d8e11ba873c2f11161202b945,False,"insufficient_eligible_synthetic:{""0"":75,""1"":179}"
ko_binary_nsmc,1002,4.0,L0.40_U0.60,0.4,0.6,1120,"{'0': 560, '1': 560}",815,"{'0': 465, '1': 350}",0,"{'0': 0, '1': 0}",[],0,4f53cda18c2baa0c0354bb5f9a3ecbe5ed12ab4d8e11ba873c2f11161202b945,False,"insufficient_eligible_synthetic:{""0"":95,""1"":210}"
ko_binary_nsmc,1003,3.0,L0.10_U0.60,0.1,0.6,840,"{'0': 420, '1': 420}",915,"{'0': 529, '1': 386}",0,"{'0': 0, '1': 0}",[],0,4f53cda18c2baa0c0354bb5f9a3ecbe5ed12ab4d8e11ba873c2f11161202b945,False,"insufficient_eligible_synthetic:{""1"":34}"
ko_binary_nsmc,1003,3.0,L0.20_U0.60,0.2,0.6,840,"{'0': 420, '1': 420}",915,"{'0': 529, '1': 386}",0,"{'0': 0, '1': 0}",[],0,4f53cda18c2baa0c0354bb5f9a3ecbe5ed12ab4d8e11ba873c2f11161202b945,False,"insufficient_eligible_synthetic:{""1"":34}"
ko_binary_nsmc,1003,3.0,L0.30_U0.60,0.3,0.6,840,"{'0': 420, '1': 420}",915,"{'0': 529, '1': 386}",0,"{'0': 0, '1': 0}",[],0,4f53cda18c2baa0c0354bb5f9a3ecbe5ed12ab4d8e11ba873c2f11161202b945,False,"insufficient_eligible_synthetic:{""1"":34}"
ko_binary_nsmc,1003,3.0,L0.40_U0.60,0.4,0.6,840,"{'0': 420, '1': 420}",881,"{'0': 515, '1': 366}",0,"{'0': 0, '1': 0}",[],0,4f53cda18c2baa0c0354bb5f9a3ecbe5ed12ab4d8e11ba873c2f11161202b945,False,"insufficient_eligible_synthetic:{""1"":54}"
ko_binary_nsmc,1003,3.5,L0.10_U0.60,0.1,0.6,980,"{'0': 490, '1': 490}",915,"{'0': 529, '1': 386}",0,"{'0': 0, '1': 0}",[],0,4f53cda18c2baa0c0354bb5f9a3ecbe5ed12ab4d8e11ba873c2f11161202b945,False,"insufficient_eligible_synthetic:{""1"":104}"
ko_binary_nsmc,1003,3.5,L0.20_U0.60,0.2,0.6,980,"{'0': 490, '1': 490}",915,"{'0': 529, '1': 386}",0,"{'0': 0, '1': 0}",[],0,4f53cda18c2baa0c0354bb5f9a3ecbe5ed12ab4d8e11ba873c2f11161202b945,False,"insufficient_eligible_synthetic:{""1"":104}"
ko_binary_nsmc,1003,3.5,L0.30_U0.60,0.3,0.6,980,"{'0': 490, '1': 490}",915,"{'0': 529, '1': 386}",0,"{'0': 0, '1': 0}",[],0,4f53cda18c2baa0c0354bb5f9a3ecbe5ed12ab4d8e11ba873c2f11161202b945,False,"insufficient_eligible_synthetic:{""1"":104}"
ko_binary_nsmc,1003,3.5,L0.40_U0.60,0.4,0.6,980,"{'0': 490, '1': 490}",881,"{'0': 515, '1': 366}",0,"{'0': 0, '1': 0}",[],0,4f53cda18c2baa0c0354bb5f9a3ecbe5ed12ab4d8e11ba873c2f11161202b945,False,"insufficient_eligible_synthetic:{""1"":124}"
ko_binary_nsmc,1003,4.0,L0.10_U0.60,0.1,0.6,1120,"{'0': 560, '1': 560}",915,"{'0': 529, '1': 386}",0,"{'0': 0, '1': 0}",[],0,4f53cda18c2baa0c0354bb5f9a3ecbe5ed12ab4d8e11ba873c2f11161202b945,False,"insufficient_eligible_synthetic:{""0"":31,""1"":174}"
ko_binary_nsmc,1003,4.0,L0.20_U0.60,0.2,0.6,1120,"{'0': 560, '1': 560}",915,"{'0': 529, '1': 386}",0,"{'0': 0, '1': 0}",[],0,4f53cda18c2baa0c0354bb5f9a3ecbe5ed12ab4d8e11ba873c2f11161202b945,False,"insufficient_eligible_synthetic:{""0"":31,""1"":174}"
ko_binary_nsmc,1003,4.0,L0.30_U0.60,0.3,0.6,1120,"{'0': 560, '1': 560}",915,"{'0': 529, '1': 386}",0,"{'0': 0, '1': 0}",[],0,4f53cda18c2baa0c0354bb5f9a3ecbe5ed12ab4d8e11ba873c2f11161202b945,False,"insufficient_eligible_synthetic:{""0"":31,""1"":174}"
ko_binary_nsmc,1003,4.0,L0.40_U0.60,0.4,0.6,1120,"{'0': 560, '1': 560}",881,"{'0': 515, '1': 366}",0,"{'0': 0, '1': 0}",[],0,4f53cda18c2baa0c0354bb5f9a3ecbe5ed12ab4d8e11ba873c2f11161202b945,False,"insufficient_eligible_synthetic:{""0"":45,""1"":194}"
ko_binary_nsmc,1004,3.0,L0.10_U0.60,0.1,0.6,840,"{'0': 420, '1': 420}",820,"{'0': 442, '1': 378}",0,"{'0': 0, '1': 0}",[],0,4f53cda18c2baa0c0354bb5f9a3ecbe5ed12ab4d8e11ba873c2f11161202b945,False,"insufficient_eligible_synthetic:{""1"":42}"
ko_binary_nsmc,1004,3.0,L0.20_U0.60,0.2,0.6,840,"{'0': 420, '1': 420}",820,"{'0': 442, '1': 378}",0,"{'0': 0, '1': 0}",[],0,4f53cda18c2baa0c0354bb5f9a3ecbe5ed12ab4d8e11ba873c2f11161202b945,False,"insufficient_eligible_synthetic:{""1"":42}"
ko_binary_nsmc,1004,3.0,L0.30_U0.60,0.3,0.6,840,"{'0': 420, '1': 420}",819,"{'0': 442, '1': 377}",0,"{'0': 0, '1': 0}",[],0,4f53cda18c2baa0c0354bb5f9a3ecbe5ed12ab4d8e11ba873c2f11161202b945,False,"insufficient_eligible_synthetic:{""1"":43}"
ko_binary_nsmc,1004,3.0,L0.40_U0.60,0.4,0.6,840,"{'0': 420, '1': 420}",798,"{'0': 430, '1': 368}",0,"{'0': 0, '1': 0}",[],0,4f53cda18c2baa0c0354bb5f9a3ecbe5ed12ab4d8e11ba873c2f11161202b945,False,"insufficient_eligible_synthetic:{""1"":52}"
ko_binary_nsmc,1004,3.5,L0.10_U0.60,0.1,0.6,980,"{'0': 490, '1': 490}",820,"{'0': 442, '1': 378}",0,"{'0': 0, '1': 0}",[],0,4f53cda18c2baa0c0354bb5f9a3ecbe5ed12ab4d8e11ba873c2f11161202b945,False,"insufficient_eligible_synthetic:{""0"":48,""1"":112}"
ko_binary_nsmc,1004,3.5,L0.20_U0.60,0.2,0.6,980,"{'0': 490, '1': 490}",820,"{'0': 442, '1': 378}",0,"{'0': 0, '1': 0}",[],0,4f53cda18c2baa0c0354bb5f9a3ecbe5ed12ab4d8e11ba873c2f11161202b945,False,"insufficient_eligible_synthetic:{""0"":48,""1"":112}"
ko_binary_nsmc,1004,3.5,L0.30_U0.60,0.3,0.6,980,"{'0': 490, '1': 490}",819,"{'0': 442, '1': 377}",0,"{'0': 0, '1': 0}",[],0,4f53cda18c2baa0c0354bb5f9a3ecbe5ed12ab4d8e11ba873c2f11161202b945,False,"insufficient_eligible_synthetic:{""0"":48,""1"":113}"
ko_binary_nsmc,1004,3.5,L0.40_U0.60,0.4,0.6,980,"{'0': 490, '1': 490}",798,"{'0': 430, '1': 368}",0,"{'0': 0, '1': 0}",[],0,4f53cda18c2baa0c0354bb5f9a3ecbe5ed12ab4d8e11ba873c2f11161202b945,False,"insufficient_eligible_synthetic:{""0"":60,""1"":122}"
ko_binary_nsmc,1004,4.0,L0.10_U0.60,0.1,0.6,1120,"{'0': 560, '1': 560}",820,"{'0': 442, '1': 378}",0,"{'0': 0, '1': 0}",[],0,4f53cda18c2baa0c0354bb5f9a3ecbe5ed12ab4d8e11ba873c2f11161202b945,False,"insufficient_eligible_synthetic:{""0"":118,""1"":182}"
ko_binary_nsmc,1004,4.0,L0.20_U0.60,0.2,0.6,1120,"{'0': 560, '1': 560}",820,"{'0': 442, '1': 378}",0,"{'0': 0, '1': 0}",[],0,4f53cda18c2baa0c0354bb5f9a3ecbe5ed12ab4d8e11ba873c2f11161202b945,False,"insufficient_eligible_synthetic:{""0"":118,""1"":182}"
ko_binary_nsmc,1004,4.0,L0.30_U0.60,0.3,0.6,1120,"{'0': 560, '1': 560}",819,"{'0': 442, '1': 377}",0,"{'0': 0, '1': 0}",[],0,4f53cda18c2baa0c0354bb5f9a3ecbe5ed12ab4d8e11ba873c2f11161202b945,False,"insufficient_eligible_synthetic:{""0"":118,""1"":183}"
ko_binary_nsmc,1004,4.0,L0.40_U0.60,0.4,0.6,1120,"{'0': 560, '1': 560}",798,"{'0': 430, '1': 368}",0,"{'0': 0, '1': 0}",[],0,4f53cda18c2baa0c0354bb5f9a3ecbe5ed12ab4d8e11ba873c2f11161202b945,False,"insufficient_eligible_synthetic:{""0"":130,""1"":192}"
ko_binary_nsmc,1005,2.0,L0.10_U0.60,0.1,0.6,560,"{'0': 280, '1': 280}",745,"{'0': 473, '1': 272}",0,"{'0': 0, '1': 0}",[],0,4f53cda18c2baa0c0354bb5f9a3ecbe5ed12ab4d8e11ba873c2f11161202b945,False,"insufficient_eligible_synthetic:{""1"":8}"
ko_binary_nsmc,1005,2.0,L0.20_U0.60,0.2,0.6,560,"{'0': 280, '1': 280}",745,"{'0': 473, '1': 272}",0,"{'0': 0, '1': 0}",[],0,4f53cda18c2baa0c0354bb5f9a3ecbe5ed12ab4d8e11ba873c2f11161202b945,False,"insufficient_eligible_synthetic:{""1"":8}"
ko_binary_nsmc,1005,2.0,L0.30_U0.60,0.3,0.6,560,"{'0': 280, '1': 280}",745,"{'0': 473, '1': 272}",0,"{'0': 0, '1': 0}",[],0,4f53cda18c2baa0c0354bb5f9a3ecbe5ed12ab4d8e11ba873c2f11161202b945,False,"insufficient_eligible_synthetic:{""1"":8}"
ko_binary_nsmc,1005,2.0,L0.40_U0.60,0.4,0.6,560,"{'0': 280, '1': 280}",722,"{'0': 456, '1': 266}",0,"{'0': 0, '1': 0}",[],0,4f53cda18c2baa0c0354bb5f9a3ecbe5ed12ab4d8e11ba873c2f11161202b945,False,"insufficient_eligible_synthetic:{""1"":14}"
ko_binary_nsmc,1005,2.5,L0.10_U0.60,0.1,0.6,700,"{'0': 350, '1': 350}",745,"{'0': 473, '1': 272}",0,"{'0': 0, '1': 0}",[],0,4f53cda18c2baa0c0354bb5f9a3ecbe5ed12ab4d8e11ba873c2f11161202b945,False,"insufficient_eligible_synthetic:{""1"":78}"
ko_binary_nsmc,1005,2.5,L0.20_U0.60,0.2,0.6,700,"{'0': 350, '1': 350}",745,"{'0': 473, '1': 272}",0,"{'0': 0, '1': 0}",[],0,4f53cda18c2baa0c0354bb5f9a3ecbe5ed12ab4d8e11ba873c2f11161202b945,False,"insufficient_eligible_synthetic:{""1"":78}"
ko_binary_nsmc,1005,2.5,L0.30_U0.60,0.3,0.6,700,"{'0': 350, '1': 350}",745,"{'0': 473, '1': 272}",0,"{'0': 0, '1': 0}",[],0,4f53cda18c2baa0c0354bb5f9a3ecbe5ed12ab4d8e11ba873c2f11161202b945,False,"insufficient_eligible_synthetic:{""1"":78}"
ko_binary_nsmc,1005,2.5,L0.40_U0.60,0.4,0.6,700,"{'0': 350, '1': 350}",722,"{'0': 456, '1': 266}",0,"{'0': 0, '1': 0}",[],0,4f53cda18c2baa0c0354bb5f9a3ecbe5ed12ab4d8e11ba873c2f11161202b945,False,"insufficient_eligible_synthetic:{""1"":84}"
ko_binary_nsmc,1005,3.0,L0.10_U0.60,0.1,0.6,840,"{'0': 420, '1': 420}",745,"{'0': 473, '1': 272}",0,"{'0': 0, '1': 0}",[],0,4f53cda18c2baa0c0354bb5f9a3ecbe5ed12ab4d8e11ba873c2f11161202b945,False,"insufficient_eligible_synthetic:{""1"":148}"
ko_binary_nsmc,1005,3.0,L0.20_U0.60,0.2,0.6,840,"{'0': 420, '1': 420}",745,"{'0': 473, '1': 272}",0,"{'0': 0, '1': 0}",[],0,4f53cda18c2baa0c0354bb5f9a3ecbe5ed12ab4d8e11ba873c2f11161202b945,False,"insufficient_eligible_synthetic:{""1"":148}"
ko_binary_nsmc,1005,3.0,L0.30_U0.60,0.3,0.6,840,"{'0': 420, '1': 420}",745,"{'0': 473, '1': 272}",0,"{'0': 0, '1': 0}",[],0,4f53cda18c2baa0c0354bb5f9a3ecbe5ed12ab4d8e11ba873c2f11161202b945,False,"insufficient_eligible_synthetic:{""1"":148}"
ko_binary_nsmc,1005,3.0,L0.40_U0.60,0.4,0.6,840,"{'0': 420, '1': 420}",722,"{'0': 456, '1': 266}",0,"{'0': 0, '1': 0}",[],0,4f53cda18c2baa0c0354bb5f9a3ecbe5ed12ab4d8e11ba873c2f11161202b945,False,"insufficient_eligible_synthetic:{""1"":154}"
ko_binary_nsmc,1005,3.5,L0.10_U0.60,0.1,0.6,980,"{'0': 490, '1': 490}",745,"{'0': 473, '1': 272}",0,"{'0': 0, '1': 0}",[],0,4f53cda18c2baa0c0354bb5f9a3ecbe5ed12ab4d8e11ba873c2f11161202b945,False,"insufficient_eligible_synthetic:{""0"":17,""1"":218}"
ko_binary_nsmc,1005,3.5,L0.20_U0.60,0.2,0.6,980,"{'0': 490, '1': 490}",745,"{'0': 473, '1': 272}",0,"{'0': 0, '1': 0}",[],0,4f53cda18c2baa0c0354bb5f9a3ecbe5ed12ab4d8e11ba873c2f11161202b945,False,"insufficient_eligible_synthetic:{""0"":17,""1"":218}"
ko_binary_nsmc,1005,3.5,L0.30_U0.60,0.3,0.6,980,"{'0': 490, '1': 490}",745,"{'0': 473, '1': 272}",0,"{'0': 0, '1': 0}",[],0,4f53cda18c2baa0c0354bb5f9a3ecbe5ed12ab4d8e11ba873c2f11161202b945,False,"insufficient_eligible_synthetic:{""0"":17,""1"":218}"
ko_binary_nsmc,1005,3.5,L0.40_U0.60,0.4,0.6,980,"{'0': 490, '1': 490}",722,"{'0': 456, '1': 266}",0,"{'0': 0, '1': 0}",[],0,4f53cda18c2baa0c0354bb5f9a3ecbe5ed12ab4d8e11ba873c2f11161202b945,False,"insufficient_eligible_synthetic:{""0"":34,""1"":224}"
ko_binary_nsmc,1005,4.0,L0.10_U0.60,0.1,0.6,1120,"{'0': 560, '1': 560}",745,"{'0': 473, '1': 272}",0,"{'0': 0, '1': 0}",[],0,4f53cda18c2baa0c0354bb5f9a3ecbe5ed12ab4d8e11ba873c2f11161202b945,False,"insufficient_eligible_synthetic:{""0"":87,""1"":288}"
ko_binary_nsmc,1005,4.0,L0.20_U0.60,0.2,0.6,1120,"{'0': 560, '1': 560}",745,"{'0': 473, '1': 272}",0,"{'0': 0, '1': 0}",[],0,4f53cda18c2baa0c0354bb5f9a3ecbe5ed12ab4d8e11ba873c2f11161202b945,False,"insufficient_eligible_synthetic:{""0"":87,""1"":288}"
ko_binary_nsmc,1005,4.0,L0.30_U0.60,0.3,0.6,1120,"{'0': 560, '1': 560}",745,"{'0': 473, '1': 272}",0,"{'0': 0, '1': 0}",[],0,4f53cda18c2baa0c0354bb5f9a3ecbe5ed12ab4d8e11ba873c2f11161202b945,False,"insufficient_eligible_synthetic:{""0"":87,""1"":288}"
ko_binary_nsmc,1005,4.0,L0.40_U0.60,0.4,0.6,1120,"{'0': 560, '1': 560}",722,"{'0': 456, '1': 266}",0,"{'0': 0, '1': 0}",[],0,4f53cda18c2baa0c0354bb5f9a3ecbe5ed12ab4d8e11ba873c2f11161202b945,False,"insufficient_eligible_synthetic:{""0"":104,""1"":294}"
ko_binary_nsmc,1006,2.5,L0.10_U0.60,0.1,0.6,700,"{'0': 350, '1': 350}",873,"{'0': 546, '1': 327}",0,"{'0': 0, '1': 0}",[],0,4f53cda18c2baa0c0354bb5f9a3ecbe5ed12ab4d8e11ba873c2f11161202b945,False,"insufficient_eligible_synthetic:{""1"":23}"
ko_binary_nsmc,1006,2.5,L0.20_U0.60,0.2,0.6,700,"{'0': 350, '1': 350}",873,"{'0': 546, '1': 327}",0,"{'0': 0, '1': 0}",[],0,4f53cda18c2baa0c0354bb5f9a3ecbe5ed12ab4d8e11ba873c2f11161202b945,False,"insufficient_eligible_synthetic:{""1"":23}"
ko_binary_nsmc,1006,2.5,L0.30_U0.60,0.3,0.6,700,"{'0': 350, '1': 350}",873,"{'0': 546, '1': 327}",0,"{'0': 0, '1': 0}",[],0,4f53cda18c2baa0c0354bb5f9a3ecbe5ed12ab4d8e11ba873c2f11161202b945,False,"insufficient_eligible_synthetic:{""1"":23}"
ko_binary_nsmc,1006,2.5,L0.40_U0.60,0.4,0.6,700,"{'0': 350, '1': 350}",839,"{'0': 533, '1': 306}",0,"{'0': 0, '1': 0}",[],0,4f53cda18c2baa0c0354bb5f9a3ecbe5ed12ab4d8e11ba873c2f11161202b945,False,"insufficient_eligible_synthetic:{""1"":44}"
ko_binary_nsmc,1006,3.0,L0.10_U0.60,0.1,0.6,840,"{'0': 420, '1': 420}",873,"{'0': 546, '1': 327}",0,"{'0': 0, '1': 0}",[],0,4f53cda18c2baa0c0354bb5f9a3ecbe5ed12ab4d8e11ba873c2f11161202b945,False,"insufficient_eligible_synthetic:{""1"":93}"
ko_binary_nsmc,1006,3.0,L0.20_U0.60,0.2,0.6,840,"{'0': 420, '1': 420}",873,"{'0': 546, '1': 327}",0,"{'0': 0, '1': 0}",[],0,4f53cda18c2baa0c0354bb5f9a3ecbe5ed12ab4d8e11ba873c2f11161202b945,False,"insufficient_eligible_synthetic:{""1"":93}"
ko_binary_nsmc,1006,3.0,L0.30_U0.60,0.3,0.6,840,"{'0': 420, '1': 420}",873,"{'0': 546, '1': 327}",0,"{'0': 0, '1': 0}",[],0,4f53cda18c2baa0c0354bb5f9a3ecbe5ed12ab4d8e11ba873c2f11161202b945,False,"insufficient_eligible_synthetic:{""1"":93}"
ko_binary_nsmc,1006,3.0,L0.40_U0.60,0.4,0.6,840,"{'0': 420, '1': 420}",839,"{'0': 533, '1': 306}",0,"{'0': 0, '1': 0}",[],0,4f53cda18c2baa0c0354bb5f9a3ecbe5ed12ab4d8e11ba873c2f11161202b945,False,"insufficient_eligible_synthetic:{""1"":114}"
ko_binary_nsmc,1006,3.5,L0.10_U0.60,0.1,0.6,980,"{'0': 490, '1': 490}",873,"{'0': 546, '1': 327}",0,"{'0': 0, '1': 0}",[],0,4f53cda18c2baa0c0354bb5f9a3ecbe5ed12ab4d8e11ba873c2f11161202b945,False,"insufficient_eligible_synthetic:{""1"":163}"
ko_binary_nsmc,1006,3.5,L0.20_U0.60,0.2,0.6,980,"{'0': 490, '1': 490}",873,"{'0': 546, '1': 327}",0,"{'0': 0, '1': 0}",[],0,4f53cda18c2baa0c0354bb5f9a3ecbe5ed12ab4d8e11ba873c2f11161202b945,False,"insufficient_eligible_synthetic:{""1"":163}"
ko_binary_nsmc,1006,3.5,L0.30_U0.60,0.3,0.6,980,"{'0': 490, '1': 490}",873,"{'0': 546, '1': 327}",0,"{'0': 0, '1': 0}",[],0,4f53cda18c2baa0c0354bb5f9a3ecbe5ed12ab4d8e11ba873c2f11161202b945,False,"insufficient_eligible_synthetic:{""1"":163}"
ko_binary_nsmc,1006,3.5,L0.40_U0.60,0.4,0.6,980,"{'0': 490, '1': 490}",839,"{'0': 533, '1': 306}",0,"{'0': 0, '1': 0}",[],0,4f53cda18c2baa0c0354bb5f9a3ecbe5ed12ab4d8e11ba873c2f11161202b945,False,"insufficient_eligible_synthetic:{""1"":184}"
ko_binary_nsmc,1006,4.0,L0.10_U0.60,0.1,0.6,1120,"{'0': 560, '1': 560}",873,"{'0': 546, '1': 327}",0,"{'0': 0, '1': 0}",[],0,4f53cda18c2baa0c0354bb5f9a3ecbe5ed12ab4d8e11ba873c2f11161202b945,False,"insufficient_eligible_synthetic:{""0"":14,""1"":233}"
ko_binary_nsmc,1006,4.0,L0.20_U0.60,0.2,0.6,1120,"{'0': 560, '1': 560}",873,"{'0': 546, '1': 327}",0,"{'0': 0, '1': 0}",[],0,4f53cda18c2baa0c0354bb5f9a3ecbe5ed12ab4d8e11ba873c2f11161202b945,False,"insufficient_eligible_synthetic:{""0"":14,""1"":233}"
ko_binary_nsmc,1006,4.0,L0.30_U0.60,0.3,0.6,1120,"{'0': 560, '1': 560}",873,"{'0': 546, '1': 327}",0,"{'0': 0, '1': 0}",[],0,4f53cda18c2baa0c0354bb5f9a3ecbe5ed12ab4d8e11ba873c2f11161202b945,False,"insufficient_eligible_synthetic:{""0"":14,""1"":233}"
ko_binary_nsmc,1006,4.0,L0.40_U0.60,0.4,0.6,1120,"{'0': 560, '1': 560}",839,"{'0': 533, '1': 306}",0,"{'0': 0, '1': 0}",[],0,4f53cda18c2baa0c0354bb5f9a3ecbe5ed12ab4d8e11ba873c2f11161202b945,False,"insufficient_eligible_synthetic:{""0"":27,""1"":254}"
ko_binary_nsmc,1007,2.0,L0.10_U0.60,0.1,0.6,560,"{'0': 280, '1': 280}",797,"{'0': 529, '1': 268}",0,"{'0': 0, '1': 0}",[],0,4f53cda18c2baa0c0354bb5f9a3ecbe5ed12ab4d8e11ba873c2f11161202b945,False,"insufficient_eligible_synthetic:{""1"":12}"
ko_binary_nsmc,1007,2.0,L0.20_U0.60,0.2,0.6,560,"{'0': 280, '1': 280}",797,"{'0': 529, '1': 268}",0,"{'0': 0, '1': 0}",[],0,4f53cda18c2baa0c0354bb5f9a3ecbe5ed12ab4d8e11ba873c2f11161202b945,False,"insufficient_eligible_synthetic:{""1"":12}"
ko_binary_nsmc,1007,2.0,L0.30_U0.60,0.3,0.6,560,"{'0': 280, '1': 280}",794,"{'0': 529, '1': 265}",0,"{'0': 0, '1': 0}",[],0,4f53cda18c2baa0c0354bb5f9a3ecbe5ed12ab4d8e11ba873c2f11161202b945,False,"insufficient_eligible_synthetic:{""1"":15}"
ko_binary_nsmc,1007,2.0,L0.40_U0.60,0.4,0.6,560,"{'0': 280, '1': 280}",762,"{'0': 508, '1': 254}",0,"{'0': 0, '1': 0}",[],0,4f53cda18c2baa0c0354bb5f9a3ecbe5ed12ab4d8e11ba873c2f11161202b945,False,"insufficient_eligible_synthetic:{""1"":26}"
ko_binary_nsmc,1007,2.5,L0.10_U0.60,0.1,0.6,700,"{'0': 350, '1': 350}",797,"{'0': 529, '1': 268}",0,"{'0': 0, '1': 0}",[],0,4f53cda18c2baa0c0354bb5f9a3ecbe5ed12ab4d8e11ba873c2f11161202b945,False,"insufficient_eligible_synthetic:{""1"":82}"
ko_binary_nsmc,1007,2.5,L0.20_U0.60,0.2,0.6,700,"{'0': 350, '1': 350}",797,"{'0': 529, '1': 268}",0,"{'0': 0, '1': 0}",[],0,4f53cda18c2baa0c0354bb5f9a3ecbe5ed12ab4d8e11ba873c2f11161202b945,False,"insufficient_eligible_synthetic:{""1"":82}"
ko_binary_nsmc,1007,2.5,L0.30_U0.60,0.3,0.6,700,"{'0': 350, '1': 350}",794,"{'0': 529, '1': 265}",0,"{'0': 0, '1': 0}",[],0,4f53cda18c2baa0c0354bb5f9a3ecbe5ed12ab4d8e11ba873c2f11161202b945,False,"insufficient_eligible_synthetic:{""1"":85}"
ko_binary_nsmc,1007,2.5,L0.40_U0.60,0.4,0.6,700,"{'0': 350, '1': 350}",762,"{'0': 508, '1': 254}",0,"{'0': 0, '1': 0}",[],0,4f53cda18c2baa0c0354bb5f9a3ecbe5ed12ab4d8e11ba873c2f11161202b945,False,"insufficient_eligible_synthetic:{""1"":96}"
ko_binary_nsmc,1007,3.0,L0.10_U0.60,0.1,0.6,840,"{'0': 420, '1': 420}",797,"{'0': 529, '1': 268}",0,"{'0': 0, '1': 0}",[],0,4f53cda18c2baa0c0354bb5f9a3ecbe5ed12ab4d8e11ba873c2f11161202b945,False,"insufficient_eligible_synthetic:{""1"":152}"
ko_binary_nsmc,1007,3.0,L0.20_U0.60,0.2,0.6,840,"{'0': 420, '1': 420}",797,"{'0': 529, '1': 268}",0,"{'0': 0, '1': 0}",[],0,4f53cda18c2baa0c0354bb5f9a3ecbe5ed12ab4d8e11ba873c2f11161202b945,False,"insufficient_eligible_synthetic:{""1"":152}"
ko_binary_nsmc,1007,3.0,L0.30_U0.60,0.3,0.6,840,"{'0': 420, '1': 420}",794,"{'0': 529, '1': 265}",0,"{'0': 0, '1': 0}",[],0,4f53cda18c2baa0c0354bb5f9a3ecbe5ed12ab4d8e11ba873c2f11161202b945,False,"insufficient_eligible_synthetic:{""1"":155}"
ko_binary_nsmc,1007,3.0,L0.40_U0.60,0.4,0.6,840,"{'0': 420, '1': 420}",762,"{'0': 508, '1': 254}",0,"{'0': 0, '1': 0}",[],0,4f53cda18c2baa0c0354bb5f9a3ecbe5ed12ab4d8e11ba873c2f11161202b945,False,"insufficient_eligible_synthetic:{""1"":166}"
ko_binary_nsmc,1007,3.5,L0.10_U0.60,0.1,0.6,980,"{'0': 490, '1': 490}",797,"{'0': 529, '1': 268}",0,"{'0': 0, '1': 0}",[],0,4f53cda18c2baa0c0354bb5f9a3ecbe5ed12ab4d8e11ba873c2f11161202b945,False,"insufficient_eligible_synthetic:{""1"":222}"
ko_binary_nsmc,1007,3.5,L0.20_U0.60,0.2,0.6,980,"{'0': 490, '1': 490}",797,"{'0': 529, '1': 268}",0,"{'0': 0, '1': 0}",[],0,4f53cda18c2baa0c0354bb5f9a3ecbe5ed12ab4d8e11ba873c2f11161202b945,False,"insufficient_eligible_synthetic:{""1"":222}"
ko_binary_nsmc,1007,3.5,L0.30_U0.60,0.3,0.6,980,"{'0': 490, '1': 490}",794,"{'0': 529, '1': 265}",0,"{'0': 0, '1': 0}",[],0,4f53cda18c2baa0c0354bb5f9a3ecbe5ed12ab4d8e11ba873c2f11161202b945,False,"insufficient_eligible_synthetic:{""1"":225}"
ko_binary_nsmc,1007,3.5,L0.40_U0.60,0.4,0.6,980,"{'0': 490, '1': 490}",762,"{'0': 508, '1': 254}",0,"{'0': 0, '1': 0}",[],0,4f53cda18c2baa0c0354bb5f9a3ecbe5ed12ab4d8e11ba873c2f11161202b945,False,"insufficient_eligible_synthetic:{""1"":236}"
ko_binary_nsmc,1007,4.0,L0.10_U0.60,0.1,0.6,1120,"{'0': 560, '1': 560}",797,"{'0': 529, '1': 268}",0,"{'0': 0, '1': 0}",[],0,4f53cda18c2baa0c0354bb5f9a3ecbe5ed12ab4d8e11ba873c2f11161202b945,False,"insufficient_eligible_synthetic:{""0"":31,""1"":292}"
ko_binary_nsmc,1007,4.0,L0.20_U0.60,0.2,0.6,1120,"{'0': 560, '1': 560}",797,"{'0': 529, '1': 268}",0,"{'0': 0, '1': 0}",[],0,4f53cda18c2baa0c0354bb5f9a3ecbe5ed12ab4d8e11ba873c2f11161202b945,False,"insufficient_eligible_synthetic:{""0"":31,""1"":292}"
ko_binary_nsmc,1007,4.0,L0.30_U0.60,0.3,0.6,1120,"{'0': 560, '1': 560}",794,"{'0': 529, '1': 265}",0,"{'0': 0, '1': 0}",[],0,4f53cda18c2baa0c0354bb5f9a3ecbe5ed12ab4d8e11ba873c2f11161202b945,False,"insufficient_eligible_synthetic:{""0"":31,""1"":295}"
ko_binary_nsmc,1007,4.0,L0.40_U0.60,0.4,0.6,1120,"{'0': 560, '1': 560}",762,"{'0': 508, '1': 254}",0,"{'0': 0, '1': 0}",[],0,4f53cda18c2baa0c0354bb5f9a3ecbe5ed12ab4d8e11ba873c2f11161202b945,False,"insufficient_eligible_synthetic:{""0"":52,""1"":306}"
ko_binary_nsmc,1008,2.5,L0.40_U0.60,0.4,0.6,700,"{'0': 350, '1': 350}",1009,"{'0': 663, '1': 346}",0,"{'0': 0, '1': 0}",[],0,4f53cda18c2baa0c0354bb5f9a3ecbe5ed12ab4d8e11ba873c2f11161202b945,False,"insufficient_eligible_synthetic:{""1"":4}"
ko_binary_nsmc,1008,3.0,L0.10_U0.60,0.1,0.6,840,"{'0': 420, '1': 420}",1025,"{'0': 674, '1': 351}",0,"{'0': 0, '1': 0}",[],0,4f53cda18c2baa0c0354bb5f9a3ecbe5ed12ab4d8e11ba873c2f11161202b945,False,"insufficient_eligible_synthetic:{""1"":69}"
ko_binary_nsmc,1008,3.0,L0.20_U0.60,0.2,0.6,840,"{'0': 420, '1': 420}",1025,"{'0': 674, '1': 351}",0,"{'0': 0, '1': 0}",[],0,4f53cda18c2baa0c0354bb5f9a3ecbe5ed12ab4d8e11ba873c2f11161202b945,False,"insufficient_eligible_synthetic:{""1"":69}"
ko_binary_nsmc,1008,3.0,L0.30_U0.60,0.3,0.6,840,"{'0': 420, '1': 420}",1025,"{'0': 674, '1': 351}",0,"{'0': 0, '1': 0}",[],0,4f53cda18c2baa0c0354bb5f9a3ecbe5ed12ab4d8e11ba873c2f11161202b945,False,"insufficient_eligible_synthetic:{""1"":69}"
ko_binary_nsmc,1008,3.0,L0.40_U0.60,0.4,0.6,840,"{'0': 420, '1': 420}",1009,"{'0': 663, '1': 346}",0,"{'0': 0, '1': 0}",[],0,4f53cda18c2baa0c0354bb5f9a3ecbe5ed12ab4d8e11ba873c2f11161202b945,False,"insufficient_eligible_synthetic:{""1"":74}"
ko_binary_nsmc,1008,3.5,L0.10_U0.60,0.1,0.6,980,"{'0': 490, '1': 490}",1025,"{'0': 674, '1': 351}",0,"{'0': 0, '1': 0}",[],0,4f53cda18c2baa0c0354bb5f9a3ecbe5ed12ab4d8e11ba873c2f11161202b945,False,"insufficient_eligible_synthetic:{""1"":139}"
ko_binary_nsmc,1008,3.5,L0.20_U0.60,0.2,0.6,980,"{'0': 490, '1': 490}",1025,"{'0': 674, '1': 351}",0,"{'0': 0, '1': 0}",[],0,4f53cda18c2baa0c0354bb5f9a3ecbe5ed12ab4d8e11ba873c2f11161202b945,False,"insufficient_eligible_synthetic:{""1"":139}"
ko_binary_nsmc,1008,3.5,L0.30_U0.60,0.3,0.6,980,"{'0': 490, '1': 490}",1025,"{'0': 674, '1': 351}",0,"{'0': 0, '1': 0}",[],0,4f53cda18c2baa0c0354bb5f9a3ecbe5ed12ab4d8e11ba873c2f11161202b945,False,"insufficient_eligible_synthetic:{""1"":139}"
ko_binary_nsmc,1008,3.5,L0.40_U0.60,0.4,0.6,980,"{'0': 490, '1': 490}",1009,"{'0': 663, '1': 346}",0,"{'0': 0, '1': 0}",[],0,4f53cda18c2baa0c0354bb5f9a3ecbe5ed12ab4d8e11ba873c2f11161202b945,False,"insufficient_eligible_synthetic:{""1"":144}"
ko_binary_nsmc,1008,4.0,L0.10_U0.60,0.1,0.6,1120,"{'0': 560, '1': 560}",1025,"{'0': 674, '1': 351}",0,"{'0': 0, '1': 0}",[],0,4f53cda18c2baa0c0354bb5f9a3ecbe5ed12ab4d8e11ba873c2f11161202b945,False,"insufficient_eligible_synthetic:{""1"":209}"
ko_binary_nsmc,1008,4.0,L0.20_U0.60,0.2,0.6,1120,"{'0': 560, '1': 560}",1025,"{'0': 674, '1': 351}",0,"{'0': 0, '1': 0}",[],0,4f53cda18c2baa0c0354bb5f9a3ecbe5ed12ab4d8e11ba873c2f11161202b945,False,"insufficient_eligible_synthetic:{""1"":209}"
ko_binary_nsmc,1008,4.0,L0.30_U0.60,0.3,0.6,1120,"{'0': 560, '1': 560}",1025,"{'0': 674, '1': 351}",0,"{'0': 0, '1': 0}",[],0,4f53cda18c2baa0c0354bb5f9a3ecbe5ed12ab4d8e11ba873c2f11161202b945,False,"insufficient_eligible_synthetic:{""1"":209}"
ko_binary_nsmc,1008,4.0,L0.40_U0.60,0.4,0.6,1120,"{'0': 560, '1': 560}",1009,"{'0': 663, '1': 346}",0,"{'0': 0, '1': 0}",[],0,4f53cda18c2baa0c0354bb5f9a3ecbe5ed12ab4d8e11ba873c2f11161202b945,False,"insufficient_eligible_synthetic:{""1"":214}"
ko_binary_nsmc,1009,2.5,L0.10_U0.60,0.1,0.6,700,"{'0': 350, '1': 350}",736,"{'0': 433, '1': 303}",0,"{'0': 0, '1': 0}",[],0,4f53cda18c2baa0c0354bb5f9a3ecbe5ed12ab4d8e11ba873c2f11161202b945,False,"insufficient_eligible_synthetic:{""1"":47}"
ko_binary_nsmc,1009,2.5,L0.20_U0.60,0.2,0.6,700,"{'0': 350, '1': 350}",736,"{'0': 433, '1': 303}",0,"{'0': 0, '1': 0}",[],0,4f53cda18c2baa0c0354bb5f9a3ecbe5ed12ab4d8e11ba873c2f11161202b945,False,"insufficient_eligible_synthetic:{""1"":47}"
ko_binary_nsmc,1009,2.5,L0.30_U0.60,0.3,0.6,700,"{'0': 350, '1': 350}",729,"{'0': 426, '1': 303}",0,"{'0': 0, '1': 0}",[],0,4f53cda18c2baa0c0354bb5f9a3ecbe5ed12ab4d8e11ba873c2f11161202b945,False,"insufficient_eligible_synthetic:{""1"":47}"
ko_binary_nsmc,1009,2.5,L0.40_U0.60,0.4,0.6,700,"{'0': 350, '1': 350}",705,"{'0': 409, '1': 296}",0,"{'0': 0, '1': 0}",[],0,4f53cda18c2baa0c0354bb5f9a3ecbe5ed12ab4d8e11ba873c2f11161202b945,False,"insufficient_eligible_synthetic:{""1"":54}"
ko_binary_nsmc,1009,3.0,L0.10_U0.60,0.1,0.6,840,"{'0': 420, '1': 420}",736,"{'0': 433, '1': 303}",0,"{'0': 0, '1': 0}",[],0,4f53cda18c2baa0c0354bb5f9a3ecbe5ed12ab4d8e11ba873c2f11161202b945,False,"insufficient_eligible_synthetic:{""1"":117}"
ko_binary_nsmc,1009,3.0,L0.20_U0.60,0.2,0.6,840,"{'0': 420, '1': 420}",736,"{'0': 433, '1': 303}",0,"{'0': 0, '1': 0}",[],0,4f53cda18c2baa0c0354bb5f9a3ecbe5ed12ab4d8e11ba873c2f11161202b945,False,"insufficient_eligible_synthetic:{""1"":117}"
ko_binary_nsmc,1009,3.0,L0.30_U0.60,0.3,0.6,840,"{'0': 420, '1': 420}",729,"{'0': 426, '1': 303}",0,"{'0': 0, '1': 0}",[],0,4f53cda18c2baa0c0354bb5f9a3ecbe5ed12ab4d8e11ba873c2f11161202b945,False,"insufficient_eligible_synthetic:{""1"":117}"
ko_binary_nsmc,1009,3.0,L0.40_U0.60,0.4,0.6,840,"{'0': 420, '1': 420}",705,"{'0': 409, '1': 296}",0,"{'0': 0, '1': 0}",[],0,4f53cda18c2baa0c0354bb5f9a3ecbe5ed12ab4d8e11ba873c2f11161202b945,False,"insufficient_eligible_synthetic:{""0"":11,""1"":124}"
ko_binary_nsmc,1009,3.5,L0.10_U0.60,0.1,0.6,980,"{'0': 490, '1': 490}",736,"{'0': 433, '1': 303}",0,"{'0': 0, '1': 0}",[],0,4f53cda18c2baa0c0354bb5f9a3ecbe5ed12ab4d8e11ba873c2f11161202b945,False,"insufficient_eligible_synthetic:{""0"":57,""1"":187}"
ko_binary_nsmc,1009,3.5,L0.20_U0.60,0.2,0.6,980,"{'0': 490, '1': 490}",736,"{'0': 433, '1': 303}",0,"{'0': 0, '1': 0}",[],0,4f53cda18c2baa0c0354bb5f9a3ecbe5ed12ab4d8e11ba873c2f11161202b945,False,"insufficient_eligible_synthetic:{""0"":57,""1"":187}"
ko_binary_nsmc,1009,3.5,L0.30_U0.60,0.3,0.6,980,"{'0': 490, '1': 490}",729,"{'0': 426, '1': 303}",0,"{'0': 0, '1': 0}",[],0,4f53cda18c2baa0c0354bb5f9a3ecbe5ed12ab4d8e11ba873c2f11161202b945,False,"insufficient_eligible_synthetic:{""0"":64,""1"":187}"
ko_binary_nsmc,1009,3.5,L0.40_U0.60,0.4,0.6,980,"{'0': 490, '1': 490}",705,"{'0': 409, '1': 296}",0,"{'0': 0, '1': 0}",[],0,4f53cda18c2baa0c0354bb5f9a3ecbe5ed12ab4d8e11ba873c2f11161202b945,False,"insufficient_eligible_synthetic:{""0"":81,""1"":194}"
ko_binary_nsmc,1009,4.0,L0.10_U0.60,0.1,0.6,1120,"{'0': 560, '1': 560}",736,"{'0': 433, '1': 303}",0,"{'0': 0, '1': 0}",[],0,4f53cda18c2baa0c0354bb5f9a3ecbe5ed12ab4d8e11ba873c2f11161202b945,False,"insufficient_eligible_synthetic:{""0"":127,""1"":257}"
ko_binary_nsmc,1009,4.0,L0.20_U0.60,0.2,0.6,1120,"{'0': 560, '1': 560}",736,"{'0': 433, '1': 303}",0,"{'0': 0, '1': 0}",[],0,4f53cda18c2baa0c0354bb5f9a3ecbe5ed12ab4d8e11ba873c2f11161202b945,False,"insufficient_eligible_synthetic:{""0"":127,""1"":257}"
ko_binary_nsmc,1009,4.0,L0.30_U0.60,0.3,0.6,1120,"{'0': 560, '1': 560}",729,"{'0': 426, '1': 303}",0,"{'0': 0, '1': 0}",[],0,4f53cda18c2baa0c0354bb5f9a3ecbe5ed12ab4d8e11ba873c2f11161202b945,False,"insufficient_eligible_synthetic:{""0"":134,""1"":257}"
ko_binary_nsmc,1009,4.0,L0.40_U0.60,0.4,0.6,1120,"{'0': 560, '1': 560}",705,"{'0': 409, '1': 296}",0,"{'0': 0, '1': 0}",[],0,4f53cda18c2baa0c0354bb5f9a3ecbe5ed12ab4d8e11ba873c2f11161202b945,False,"insufficient_eligible_synthetic:{""0"":151,""1"":264}"
ko_binary_nsmc,1010,1.75,L0.40_U0.60,0.4,0.6,490,"{'0': 245, '1': 245}",717,"{'0': 482, '1': 235}",0,"{'0': 0, '1': 0}",[],0,4f53cda18c2baa0c0354bb5f9a3ecbe5ed12ab4d8e11ba873c2f11161202b945,False,"insufficient_eligible_synthetic:{""1"":10}"
ko_binary_nsmc,1010,2.0,L0.10_U0.60,0.1,0.6,560,"{'0': 280, '1': 280}",763,"{'0': 512, '1': 251}",0,"{'0': 0, '1': 0}",[],0,4f53cda18c2baa0c0354bb5f9a3ecbe5ed12ab4d8e11ba873c2f11161202b945,False,"insufficient_eligible_synthetic:{""1"":29}"
ko_binary_nsmc,1010,2.0,L0.20_U0.60,0.2,0.6,560,"{'0': 280, '1': 280}",763,"{'0': 512, '1': 251}",0,"{'0': 0, '1': 0}",[],0,4f53cda18c2baa0c0354bb5f9a3ecbe5ed12ab4d8e11ba873c2f11161202b945,False,"insufficient_eligible_synthetic:{""1"":29}"
ko_binary_nsmc,1010,2.0,L0.30_U0.60,0.3,0.6,560,"{'0': 280, '1': 280}",753,"{'0': 505, '1': 248}",0,"{'0': 0, '1': 0}",[],0,4f53cda18c2baa0c0354bb5f9a3ecbe5ed12ab4d8e11ba873c2f11161202b945,False,"insufficient_eligible_synthetic:{""1"":32}"
ko_binary_nsmc,1010,2.0,L0.40_U0.60,0.4,0.6,560,"{'0': 280, '1': 280}",717,"{'0': 482, '1': 235}",0,"{'0': 0, '1': 0}",[],0,4f53cda18c2baa0c0354bb5f9a3ecbe5ed12ab4d8e11ba873c2f11161202b945,False,"insufficient_eligible_synthetic:{""1"":45}"
ko_binary_nsmc,1010,2.5,L0.10_U0.60,0.1,0.6,700,"{'0': 350, '1': 350}",763,"{'0': 512, '1': 251}",0,"{'0': 0, '1': 0}",[],0,4f53cda18c2baa0c0354bb5f9a3ecbe5ed12ab4d8e11ba873c2f11161202b945,False,"insufficient_eligible_synthetic:{""1"":99}"
ko_binary_nsmc,1010,2.5,L0.20_U0.60,0.2,0.6,700,"{'0': 350, '1': 350}",763,"{'0': 512, '1': 251}",0,"{'0': 0, '1': 0}",[],0,4f53cda18c2baa0c0354bb5f9a3ecbe5ed12ab4d8e11ba873c2f11161202b945,False,"insufficient_eligible_synthetic:{""1"":99}"
ko_binary_nsmc,1010,2.5,L0.30_U0.60,0.3,0.6,700,"{'0': 350, '1': 350}",753,"{'0': 505, '1': 248}",0,"{'0': 0, '1': 0}",[],0,4f53cda18c2baa0c0354bb5f9a3ecbe5ed12ab4d8e11ba873c2f11161202b945,False,"insufficient_eligible_synthetic:{""1"":102}"
ko_binary_nsmc,1010,2.5,L0.40_U0.60,0.4,0.6,700,"{'0': 350, '1': 350}",717,"{'0': 482, '1': 235}",0,"{'0': 0, '1': 0}",[],0,4f53cda18c2baa0c0354bb5f9a3ecbe5ed12ab4d8e11ba873c2f11161202b945,False,"insufficient_eligible_synthetic:{""1"":115}"
ko_binary_nsmc,1010,3.0,L0.10_U0.60,0.1,0.6,840,"{'0': 420, '1': 420}",763,"{'0': 512, '1': 251}",0,"{'0': 0, '1': 0}",[],0,4f53cda18c2baa0c0354bb5f9a3ecbe5ed12ab4d8e11ba873c2f11161202b945,False,"insufficient_eligible_synthetic:{""1"":169}"
ko_binary_nsmc,1010,3.0,L0.20_U0.60,0.2,0.6,840,"{'0': 420, '1': 420}",763,"{'0': 512, '1': 251}",0,"{'0': 0, '1': 0}",[],0,4f53cda18c2baa0c0354bb5f9a3ecbe5ed12ab4d8e11ba873c2f11161202b945,False,"insufficient_eligible_synthetic:{""1"":169}"
ko_binary_nsmc,1010,3.0,L0.30_U0.60,0.3,0.6,840,"{'0': 420, '1': 420}",753,"{'0': 505, '1': 248}",0,"{'0': 0, '1': 0}",[],0,4f53cda18c2baa0c0354bb5f9a3ecbe5ed12ab4d8e11ba873c2f11161202b945,False,"insufficient_eligible_synthetic:{""1"":172}"
ko_binary_nsmc,1010,3.0,L0.40_U0.60,0.4,0.6,840,"{'0': 420, '1': 420}",717,"{'0': 482, '1': 235}",0,"{'0': 0, '1': 0}",[],0,4f53cda18c2baa0c0354bb5f9a3ecbe5ed12ab4d8e11ba873c2f11161202b945,False,"insufficient_eligible_synthetic:{""1"":185}"
ko_binary_nsmc,1010,3.5,L0.10_U0.60,0.1,0.6,980,"{'0': 490, '1': 490}",763,"{'0': 512, '1': 251}",0,"{'0': 0, '1': 0}",[],0,4f53cda18c2baa0c0354bb5f9a3ecbe5ed12ab4d8e11ba873c2f11161202b945,False,"insufficient_eligible_synthetic:{""1"":239}"
ko_binary_nsmc,1010,3.5,L0.20_U0.60,0.2,0.6,980,"{'0': 490, '1': 490}",763,"{'0': 512, '1': 251}",0,"{'0': 0, '1': 0}",[],0,4f53cda18c2baa0c0354bb5f9a3ecbe5ed12ab4d8e11ba873c2f11161202b945,False,"insufficient_eligible_synthetic:{""1"":239}"
ko_binary_nsmc,1010,3.5,L0.30_U0.60,0.3,0.6,980,"{'0': 490, '1': 490}",753,"{'0': 505, '1': 248}",0,"{'0': 0, '1': 0}",[],0,4f53cda18c2baa0c0354bb5f9a3ecbe5ed12ab4d8e11ba873c2f11161202b945,False,"insufficient_eligible_synthetic:{""1"":242}"
ko_binary_nsmc,1010,3.5,L0.40_U0.60,0.4,0.6,980,"{'0': 490, '1': 490}",717,"{'0': 482, '1': 235}",0,"{'0': 0, '1': 0}",[],0,4f53cda18c2baa0c0354bb5f9a3ecbe5ed12ab4d8e11ba873c2f11161202b945,False,"insufficient_eligible_synthetic:{""0"":8,""1"":255}"
ko_binary_nsmc,1010,4.0,L0.10_U0.60,0.1,0.6,1120,"{'0': 560, '1': 560}",763,"{'0': 512, '1': 251}",0,"{'0': 0, '1': 0}",[],0,4f53cda18c2baa0c0354bb5f9a3ecbe5ed12ab4d8e11ba873c2f11161202b945,False,"insufficient_eligible_synthetic:{""0"":48,""1"":309}"
ko_binary_nsmc,1010,4.0,L0.20_U0.60,0.2,0.6,1120,"{'0': 560, '1': 560}",763,"{'0': 512, '1': 251}",0,"{'0': 0, '1': 0}",[],0,4f53cda18c2baa0c0354bb5f9a3ecbe5ed12ab4d8e11ba873c2f11161202b945,False,"insufficient_eligible_synthetic:{""0"":48,""1"":309}"
ko_binary_nsmc,1010,4.0,L0.30_U0.60,0.3,0.6,1120,"{'0': 560, '1': 560}",753,"{'0': 505, '1': 248}",0,"{'0': 0, '1': 0}",[],0,4f53cda18c2baa0c0354bb5f9a3ecbe5ed12ab4d8e11ba873c2f11161202b945,False,"insufficient_eligible_synthetic:{""0"":55,""1"":312}"
ko_binary_nsmc,1010,4.0,L0.40_U0.60,0.4,0.6,1120,"{'0': 560, '1': 560}",717,"{'0': 482, '1': 235}",0,"{'0': 0, '1': 0}",[],0,4f53cda18c2baa0c0354bb5f9a3ecbe5ed12ab4d8e11ba873c2f11161202b945,False,"insufficient_eligible_synthetic:{""0"":78,""1"":325}"
ko_binary_nsmc,1011,2.5,L0.10_U0.60,0.1,0.6,700,"{'0': 350, '1': 350}",782,"{'0': 461, '1': 321}",0,"{'0': 0, '1': 0}",[],0,4f53cda18c2baa0c0354bb5f9a3ecbe5ed12ab4d8e11ba873c2f11161202b945,False,"insufficient_eligible_synthetic:{""1"":29}"
ko_binary_nsmc,1011,2.5,L0.20_U0.60,0.2,0.6,700,"{'0': 350, '1': 350}",782,"{'0': 461, '1': 321}",0,"{'0': 0, '1': 0}",[],0,4f53cda18c2baa0c0354bb5f9a3ecbe5ed12ab4d8e11ba873c2f11161202b945,False,"insufficient_eligible_synthetic:{""1"":29}"
ko_binary_nsmc,1011,2.5,L0.30_U0.60,0.3,0.6,700,"{'0': 350, '1': 350}",782,"{'0': 461, '1': 321}",0,"{'0': 0, '1': 0}",[],0,4f53cda18c2baa0c0354bb5f9a3ecbe5ed12ab4d8e11ba873c2f11161202b945,False,"insufficient_eligible_synthetic:{""1"":29}"
ko_binary_nsmc,1011,2.5,L0.40_U0.60,0.4,0.6,700,"{'0': 350, '1': 350}",773,"{'0': 457, '1': 316}",0,"{'0': 0, '1': 0}",[],0,4f53cda18c2baa0c0354bb5f9a3ecbe5ed12ab4d8e11ba873c2f11161202b945,False,"insufficient_eligible_synthetic:{""1"":34}"
ko_binary_nsmc,1011,3.0,L0.10_U0.60,0.1,0.6,840,"{'0': 420, '1': 420}",782,"{'0': 461, '1': 321}",0,"{'0': 0, '1': 0}",[],0,4f53cda18c2baa0c0354bb5f9a3ecbe5ed12ab4d8e11ba873c2f11161202b945,False,"insufficient_eligible_synthetic:{""1"":99}"
ko_binary_nsmc,1011,3.0,L0.20_U0.60,0.2,0.6,840,"{'0': 420, '1': 420}",782,"{'0': 461, '1': 321}",0,"{'0': 0, '1': 0}",[],0,4f53cda18c2baa0c0354bb5f9a3ecbe5ed12ab4d8e11ba873c2f11161202b945,False,"insufficient_eligible_synthetic:{""1"":99}"
ko_binary_nsmc,1011,3.0,L0.30_U0.60,0.3,0.6,840,"{'0': 420, '1': 420}",782,"{'0': 461, '1': 321}",0,"{'0': 0, '1': 0}",[],0,4f53cda18c2baa0c0354bb5f9a3ecbe5ed12ab4d8e11ba873c2f11161202b945,False,"insufficient_eligible_synthetic:{""1"":99}"
ko_binary_nsmc,1011,3.0,L0.40_U0.60,0.4,0.6,840,"{'0': 420, '1': 420}",773,"{'0': 457, '1': 316}",0,"{'0': 0, '1': 0}",[],0,4f53cda18c2baa0c0354bb5f9a3ecbe5ed12ab4d8e11ba873c2f11161202b945,False,"insufficient_eligible_synthetic:{""1"":104}"
ko_binary_nsmc,1011,3.5,L0.10_U0.60,0.1,0.6,980,"{'0': 490, '1': 490}",782,"{'0': 461, '1': 321}",0,"{'0': 0, '1': 0}",[],0,4f53cda18c2baa0c0354bb5f9a3ecbe5ed12ab4d8e11ba873c2f11161202b945,False,"insufficient_eligible_synthetic:{""0"":29,""1"":169}"
ko_binary_nsmc,1011,3.5,L0.20_U0.60,0.2,0.6,980,"{'0': 490, '1': 490}",782,"{'0': 461, '1': 321}",0,"{'0': 0, '1': 0}",[],0,4f53cda18c2baa0c0354bb5f9a3ecbe5ed12ab4d8e11ba873c2f11161202b945,False,"insufficient_eligible_synthetic:{""0"":29,""1"":169}"
ko_binary_nsmc,1011,3.5,L0.30_U0.60,0.3,0.6,980,"{'0': 490, '1': 490}",782,"{'0': 461, '1': 321}",0,"{'0': 0, '1': 0}",[],0,4f53cda18c2baa0c0354bb5f9a3ecbe5ed12ab4d8e11ba873c2f11161202b945,False,"insufficient_eligible_synthetic:{""0"":29,""1"":169}"
ko_binary_nsmc,1011,3.5,L0.40_U0.60,0.4,0.6,980,"{'0': 490, '1': 490}",773,"{'0': 457, '1': 316}",0,"{'0': 0, '1': 0}",[],0,4f53cda18c2baa0c0354bb5f9a3ecbe5ed12ab4d8e11ba873c2f11161202b945,False,"insufficient_eligible_synthetic:{""0"":33,""1"":174}"
ko_binary_nsmc,1011,4.0,L0.10_U0.60,0.1,0.6,1120,"{'0': 560, '1': 560}",782,"{'0': 461, '1': 321}",0,"{'0': 0, '1': 0}",[],0,4f53cda18c2baa0c0354bb5f9a3ecbe5ed12ab4d8e11ba873c2f11161202b945,False,"insufficient_eligible_synthetic:{""0"":99,""1"":239}"
ko_binary_nsmc,1011,4.0,L0.20_U0.60,0.2,0.6,1120,"{'0': 560, '1': 560}",782,"{'0': 461, '1': 321}",0,"{'0': 0, '1': 0}",[],0,4f53cda18c2baa0c0354bb5f9a3ecbe5ed12ab4d8e11ba873c2f11161202b945,False,"insufficient_eligible_synthetic:{""0"":99,""1"":239}"
ko_binary_nsmc,1011,4.0,L0.30_U0.60,0.3,0.6,1120,"{'0': 560, '1': 560}",782,"{'0': 461, '1': 321}",0,"{'0': 0, '1': 0}",[],0,4f53cda18c2baa0c0354bb5f9a3ecbe5ed12ab4d8e11ba873c2f11161202b945,False,"insufficient_eligible_synthetic:{""0"":99,""1"":239}"
ko_binary_nsmc,1011,4.0,L0.40_U0.60,0.4,0.6,1120,"{'0': 560, '1': 560}",773,"{'0': 457, '1': 316}",0,"{'0': 0, '1': 0}",[],0,4f53cda18c2baa0c0354bb5f9a3ecbe5ed12ab4d8e11ba873c2f11161202b945,False,"insufficient_eligible_synthetic:{""0"":103,""1"":244}"
ko_binary_nsmc,1012,3.0,L0.10_U0.60,0.1,0.6,840,"{'0': 420, '1': 420}",1004,"{'0': 626, '1': 378}",0,"{'0': 0, '1': 0}",[],0,4f53cda18c2baa0c0354bb5f9a3ecbe5ed12ab4d8e11ba873c2f11161202b945,False,"insufficient_eligible_synthetic:{""1"":42}"
ko_binary_nsmc,1012,3.0,L0.20_U0.60,0.2,0.6,840,"{'0': 420, '1': 420}",1004,"{'0': 626, '1': 378}",0,"{'0': 0, '1': 0}",[],0,4f53cda18c2baa0c0354bb5f9a3ecbe5ed12ab4d8e11ba873c2f11161202b945,False,"insufficient_eligible_synthetic:{""1"":42}"
ko_binary_nsmc,1012,3.0,L0.30_U0.60,0.3,0.6,840,"{'0': 420, '1': 420}",1001,"{'0': 626, '1': 375}",0,"{'0': 0, '1': 0}",[],0,4f53cda18c2baa0c0354bb5f9a3ecbe5ed12ab4d8e11ba873c2f11161202b945,False,"insufficient_eligible_synthetic:{""1"":45}"
ko_binary_nsmc,1012,3.0,L0.40_U0.60,0.4,0.6,840,"{'0': 420, '1': 420}",975,"{'0': 614, '1': 361}",0,"{'0': 0, '1': 0}",[],0,4f53cda18c2baa0c0354bb5f9a3ecbe5ed12ab4d8e11ba873c2f11161202b945,False,"insufficient_eligible_synthetic:{""1"":59}"
ko_binary_nsmc,1012,3.5,L0.10_U0.60,0.1,0.6,980,"{'0': 490, '1': 490}",1004,"{'0': 626, '1': 378}",0,"{'0': 0, '1': 0}",[],0,4f53cda18c2baa0c0354bb5f9a3ecbe5ed12ab4d8e11ba873c2f11161202b945,False,"insufficient_eligible_synthetic:{""1"":112}"
ko_binary_nsmc,1012,3.5,L0.20_U0.60,0.2,0.6,980,"{'0': 490, '1': 490}",1004,"{'0': 626, '1': 378}",0,"{'0': 0, '1': 0}",[],0,4f53cda18c2baa0c0354bb5f9a3ecbe5ed12ab4d8e11ba873c2f11161202b945,False,"insufficient_eligible_synthetic:{""1"":112}"
ko_binary_nsmc,1012,3.5,L0.30_U0.60,0.3,0.6,980,"{'0': 490, '1': 490}",1001,"{'0': 626, '1': 375}",0,"{'0': 0, '1': 0}",[],0,4f53cda18c2baa0c0354bb5f9a3ecbe5ed12ab4d8e11ba873c2f11161202b945,False,"insufficient_eligible_synthetic:{""1"":115}"
ko_binary_nsmc,1012,3.5,L0.40_U0.60,0.4,0.6,980,"{'0': 490, '1': 490}",975,"{'0': 614, '1': 361}",0,"{'0': 0, '1': 0}",[],0,4f53cda18c2baa0c0354bb5f9a3ecbe5ed12ab4d8e11ba873c2f11161202b945,False,"insufficient_eligible_synthetic:{""1"":129}"
ko_binary_nsmc,1012,4.0,L0.10_U0.60,0.1,0.6,1120,"{'0': 560, '1': 560}",1004,"{'0': 626, '1': 378}",0,"{'0': 0, '1': 0}",[],0,4f53cda18c2baa0c0354bb5f9a3ecbe5ed12ab4d8e11ba873c2f11161202b945,False,"insufficient_eligible_synthetic:{""1"":182}"
ko_binary_nsmc,1012,4.0,L0.20_U0.60,0.2,0.6,1120,"{'0': 560, '1': 560}",1004,"{'0': 626, '1': 378}",0,"{'0': 0, '1': 0}",[],0,4f53cda18c2baa0c0354bb5f9a3ecbe5ed12ab4d8e11ba873c2f11161202b945,False,"insufficient_eligible_synthetic:{""1"":182}"
ko_binary_nsmc,1012,4.0,L0.30_U0.60,0.3,0.6,1120,"{'0': 560, '1': 560}",1001,"{'0': 626, '1': 375}",0,"{'0': 0, '1': 0}",[],0,4f53cda18c2baa0c0354bb5f9a3ecbe5ed12ab4d8e11ba873c2f11161202b945,False,"insufficient_eligible_synthetic:{""1"":185}"
ko_binary_nsmc,1012,4.0,L0.40_U0.60,0.4,0.6,1120,"{'0': 560, '1': 560}",975,"{'0': 614, '1': 361}",0,"{'0': 0, '1': 0}",[],0,4f53cda18c2baa0c0354bb5f9a3ecbe5ed12ab4d8e11ba873c2f11161202b945,False,"insufficient_eligible_synthetic:{""1"":199}"
ko_binary_nsmc,1013,2.5,L0.40_U0.60,0.4,0.6,700,"{'0': 350, '1': 350}",841,"{'0': 502, '1': 339}",0,"{'0': 0, '1': 0}",[],0,4f53cda18c2baa0c0354bb5f9a3ecbe5ed12ab4d8e11ba873c2f11161202b945,False,"insufficient_eligible_synthetic:{""1"":11}"
ko_binary_nsmc,1013,3.0,L0.10_U0.60,0.1,0.6,840,"{'0': 420, '1': 420}",890,"{'0': 519, '1': 371}",0,"{'0': 0, '1': 0}",[],0,4f53cda18c2baa0c0354bb5f9a3ecbe5ed12ab4d8e11ba873c2f11161202b945,False,"insufficient_eligible_synthetic:{""1"":49}"
ko_binary_nsmc,1013,3.0,L0.20_U0.60,0.2,0.6,840,"{'0': 420, '1': 420}",890,"{'0': 519, '1': 371}",0,"{'0': 0, '1': 0}",[],0,4f53cda18c2baa0c0354bb5f9a3ecbe5ed12ab4d8e11ba873c2f11161202b945,False,"insufficient_eligible_synthetic:{""1"":49}"
ko_binary_nsmc,1013,3.0,L0.30_U0.60,0.3,0.6,840,"{'0': 420, '1': 420}",890,"{'0': 519, '1': 371}",0,"{'0': 0, '1': 0}",[],0,4f53cda18c2baa0c0354bb5f9a3ecbe5ed12ab4d8e11ba873c2f11161202b945,False,"insufficient_eligible_synthetic:{""1"":49}"
ko_binary_nsmc,1013,3.0,L0.40_U0.60,0.4,0.6,840,"{'0': 420, '1': 420}",841,"{'0': 502, '1': 339}",0,"{'0': 0, '1': 0}",[],0,4f53cda18c2baa0c0354bb5f9a3ecbe5ed12ab4d8e11ba873c2f11161202b945,False,"insufficient_eligible_synthetic:{""1"":81}"
ko_binary_nsmc,1013,3.5,L0.10_U0.60,0.1,0.6,980,"{'0': 490, '1': 490}",890,"{'0': 519, '1': 371}",0,"{'0': 0, '1': 0}",[],0,4f53cda18c2baa0c0354bb5f9a3ecbe5ed12ab4d8e11ba873c2f11161202b945,False,"insufficient_eligible_synthetic:{""1"":119}"
ko_binary_nsmc,1013,3.5,L0.20_U0.60,0.2,0.6,980,"{'0': 490, '1': 490}",890,"{'0': 519, '1': 371}",0,"{'0': 0, '1': 0}",[],0,4f53cda18c2baa0c0354bb5f9a3ecbe5ed12ab4d8e11ba873c2f11161202b945,False,"insufficient_eligible_synthetic:{""1"":119}"
ko_binary_nsmc,1013,3.5,L0.30_U0.60,0.3,0.6,980,"{'0': 490, '1': 490}",890,"{'0': 519, '1': 371}",0,"{'0': 0, '1': 0}",[],0,4f53cda18c2baa0c0354bb5f9a3ecbe5ed12ab4d8e11ba873c2f11161202b945,False,"insufficient_eligible_synthetic:{""1"":119}"
ko_binary_nsmc,1013,3.5,L0.40_U0.60,0.4,0.6,980,"{'0': 490, '1': 490}",841,"{'0': 502, '1': 339}",0,"{'0': 0, '1': 0}",[],0,4f53cda18c2baa0c0354bb5f9a3ecbe5ed12ab4d8e11ba873c2f11161202b945,False,"insufficient_eligible_synthetic:{""1"":151}"
ko_binary_nsmc,1013,4.0,L0.10_U0.60,0.1,0.6,1120,"{'0': 560, '1': 560}",890,"{'0': 519, '1': 371}",0,"{'0': 0, '1': 0}",[],0,4f53cda18c2baa0c0354bb5f9a3ecbe5ed12ab4d8e11ba873c2f11161202b945,False,"insufficient_eligible_synthetic:{""0"":41,""1"":189}"
ko_binary_nsmc,1013,4.0,L0.20_U0.60,0.2,0.6,1120,"{'0': 560, '1': 560}",890,"{'0': 519, '1': 371}",0,"{'0': 0, '1': 0}",[],0,4f53cda18c2baa0c0354bb5f9a3ecbe5ed12ab4d8e11ba873c2f11161202b945,False,"insufficient_eligible_synthetic:{""0"":41,""1"":189}"
ko_binary_nsmc,1013,4.0,L0.30_U0.60,0.3,0.6,1120,"{'0': 560, '1': 560}",890,"{'0': 519, '1': 371}",0,"{'0': 0, '1': 0}",[],0,4f53cda18c2baa0c0354bb5f9a3ecbe5ed12ab4d8e11ba873c2f11161202b945,False,"insufficient_eligible_synthetic:{""0"":41,""1"":189}"
ko_binary_nsmc,1013,4.0,L0.40_U0.60,0.4,0.6,1120,"{'0': 560, '1': 560}",841,"{'0': 502, '1': 339}",0,"{'0': 0, '1': 0}",[],0,4f53cda18c2baa0c0354bb5f9a3ecbe5ed12ab4d8e11ba873c2f11161202b945,False,"insufficient_eligible_synthetic:{""0"":58,""1"":221}"
ko_binary_nsmc,1014,3.0,L0.10_U0.60,0.1,0.6,840,"{'0': 420, '1': 420}",898,"{'0': 498, '1': 400}",0,"{'0': 0, '1': 0}",[],0,4f53cda18c2baa0c0354bb5f9a3ecbe5ed12ab4d8e11ba873c2f11161202b945,False,"insufficient_eligible_synthetic:{""1"":20}"
ko_binary_nsmc,1014,3.0,L0.20_U0.60,0.2,0.6,840,"{'0': 420, '1': 420}",898,"{'0': 498, '1': 400}",0,"{'0': 0, '1': 0}",[],0,4f53cda18c2baa0c0354bb5f9a3ecbe5ed12ab4d8e11ba873c2f11161202b945,False,"insufficient_eligible_synthetic:{""1"":20}"
ko_binary_nsmc,1014,3.0,L0.30_U0.60,0.3,0.6,840,"{'0': 420, '1': 420}",898,"{'0': 498, '1': 400}",0,"{'0': 0, '1': 0}",[],0,4f53cda18c2baa0c0354bb5f9a3ecbe5ed12ab4d8e11ba873c2f11161202b945,False,"insufficient_eligible_synthetic:{""1"":20}"
ko_binary_nsmc,1014,3.0,L0.40_U0.60,0.4,0.6,840,"{'0': 420, '1': 420}",861,"{'0': 482, '1': 379}",0,"{'0': 0, '1': 0}",[],0,4f53cda18c2baa0c0354bb5f9a3ecbe5ed12ab4d8e11ba873c2f11161202b945,False,"insufficient_eligible_synthetic:{""1"":41}"
ko_binary_nsmc,1014,3.5,L0.10_U0.60,0.1,0.6,980,"{'0': 490, '1': 490}",898,"{'0': 498, '1': 400}",0,"{'0': 0, '1': 0}",[],0,4f53cda18c2baa0c0354bb5f9a3ecbe5ed12ab4d8e11ba873c2f11161202b945,False,"insufficient_eligible_synthetic:{""1"":90}"
ko_binary_nsmc,1014,3.5,L0.20_U0.60,0.2,0.6,980,"{'0': 490, '1': 490}",898,"{'0': 498, '1': 400}",0,"{'0': 0, '1': 0}",[],0,4f53cda18c2baa0c0354bb5f9a3ecbe5ed12ab4d8e11ba873c2f11161202b945,False,"insufficient_eligible_synthetic:{""1"":90}"
ko_binary_nsmc,1014,3.5,L0.30_U0.60,0.3,0.6,980,"{'0': 490, '1': 490}",898,"{'0': 498, '1': 400}",0,"{'0': 0, '1': 0}",[],0,4f53cda18c2baa0c0354bb5f9a3ecbe5ed12ab4d8e11ba873c2f11161202b945,False,"insufficient_eligible_synthetic:{""1"":90}"
ko_binary_nsmc,1014,3.5,L0.40_U0.60,0.4,0.6,980,"{'0': 490, '1': 490}",861,"{'0': 482, '1': 379}",0,"{'0': 0, '1': 0}",[],0,4f53cda18c2baa0c0354bb5f9a3ecbe5ed12ab4d8e11ba873c2f11161202b945,False,"insufficient_eligible_synthetic:{""0"":8,""1"":111}"
ko_binary_nsmc,1014,4.0,L0.10_U0.60,0.1,0.6,1120,"{'0': 560, '1': 560}",898,"{'0': 498, '1': 400}",0,"{'0': 0, '1': 0}",[],0,4f53cda18c2baa0c0354bb5f9a3ecbe5ed12ab4d8e11ba873c2f11161202b945,False,"insufficient_eligible_synthetic:{""0"":62,""1"":160}"
ko_binary_nsmc,1014,4.0,L0.20_U0.60,0.2,0.6,1120,"{'0': 560, '1': 560}",898,"{'0': 498, '1': 400}",0,"{'0': 0, '1': 0}",[],0,4f53cda18c2baa0c0354bb5f9a3ecbe5ed12ab4d8e11ba873c2f11161202b945,False,"insufficient_eligible_synthetic:{""0"":62,""1"":160}"
ko_binary_nsmc,1014,4.0,L0.30_U0.60,0.3,0.6,1120,"{'0': 560, '1': 560}",898,"{'0': 498, '1': 400}",0,"{'0': 0, '1': 0}",[],0,4f53cda18c2baa0c0354bb5f9a3ecbe5ed12ab4d8e11ba873c2f11161202b945,False,"insufficient_eligible_synthetic:{""0"":62,""1"":160}"
ko_binary_nsmc,1014,4.0,L0.40_U0.60,0.4,0.6,1120,"{'0': 560, '1': 560}",861,"{'0': 482, '1': 379}",0,"{'0': 0, '1': 0}",[],0,4f53cda18c2baa0c0354bb5f9a3ecbe5ed12ab4d8e11ba873c2f11161202b945,False,"insufficient_eligible_synthetic:{""0"":78,""1"":181}"
ko_binary_nsmc,1015,2.0,L0.40_U0.60,0.4,0.6,560,"{'0': 280, '1': 280}",823,"{'0': 576, '1': 247}",0,"{'0': 0, '1': 0}",[],0,4f53cda18c2baa0c0354bb5f9a3ecbe5ed12ab4d8e11ba873c2f11161202b945,False,"insufficient_eligible_synthetic:{""1"":33}"
ko_binary_nsmc,1015,2.5,L0.10_U0.60,0.1,0.6,700,"{'0': 350, '1': 350}",882,"{'0': 596, '1': 286}",0,"{'0': 0, '1': 0}",[],0,4f53cda18c2baa0c0354bb5f9a3ecbe5ed12ab4d8e11ba873c2f11161202b945,False,"insufficient_eligible_synthetic:{""1"":64}"
ko_binary_nsmc,1015,2.5,L0.20_U0.60,0.2,0.6,700,"{'0': 350, '1': 350}",882,"{'0': 596, '1': 286}",0,"{'0': 0, '1': 0}",[],0,4f53cda18c2baa0c0354bb5f9a3ecbe5ed12ab4d8e11ba873c2f11161202b945,False,"insufficient_eligible_synthetic:{""1"":64}"
ko_binary_nsmc,1015,2.5,L0.30_U0.60,0.3,0.6,700,"{'0': 350, '1': 350}",872,"{'0': 589, '1': 283}",0,"{'0': 0, '1': 0}",[],0,4f53cda18c2baa0c0354bb5f9a3ecbe5ed12ab4d8e11ba873c2f11161202b945,False,"insufficient_eligible_synthetic:{""1"":67}"
ko_binary_nsmc,1015,2.5,L0.40_U0.60,0.4,0.6,700,"{'0': 350, '1': 350}",823,"{'0': 576, '1': 247}",0,"{'0': 0, '1': 0}",[],0,4f53cda18c2baa0c0354bb5f9a3ecbe5ed12ab4d8e11ba873c2f11161202b945,False,"insufficient_eligible_synthetic:{""1"":103}"
ko_binary_nsmc,1015,3.0,L0.10_U0.60,0.1,0.6,840,"{'0': 420, '1': 420}",882,"{'0': 596, '1': 286}",0,"{'0': 0, '1': 0}",[],0,4f53cda18c2baa0c0354bb5f9a3ecbe5ed12ab4d8e11ba873c2f11161202b945,False,"insufficient_eligible_synthetic:{""1"":134}"
ko_binary_nsmc,1015,3.0,L0.20_U0.60,0.2,0.6,840,"{'0': 420, '1': 420}",882,"{'0': 596, '1': 286}",0,"{'0': 0, '1': 0}",[],0,4f53cda18c2baa0c0354bb5f9a3ecbe5ed12ab4d8e11ba873c2f11161202b945,False,"insufficient_eligible_synthetic:{""1"":134}"
ko_binary_nsmc,1015,3.0,L0.30_U0.60,0.3,0.6,840,"{'0': 420, '1': 420}",872,"{'0': 589, '1': 283}",0,"{'0': 0, '1': 0}",[],0,4f53cda18c2baa0c0354bb5f9a3ecbe5ed12ab4d8e11ba873c2f11161202b945,False,"insufficient_eligible_synthetic:{""1"":137}"
ko_binary_nsmc,1015,3.0,L0.40_U0.60,0.4,0.6,840,"{'0': 420, '1': 420}",823,"{'0': 576, '1': 247}",0,"{'0': 0, '1': 0}",[],0,4f53cda18c2baa0c0354bb5f9a3ecbe5ed12ab4d8e11ba873c2f11161202b945,False,"insufficient_eligible_synthetic:{""1"":173}"
ko_binary_nsmc,1015,3.5,L0.10_U0.60,0.1,0.6,980,"{'0': 490, '1': 490}",882,"{'0': 596, '1': 286}",0,"{'0': 0, '1': 0}",[],0,4f53cda18c2baa0c0354bb5f9a3ecbe5ed12ab4d8e11ba873c2f11161202b945,False,"insufficient_eligible_synthetic:{""1"":204}"
ko_binary_nsmc,1015,3.5,L0.20_U0.60,0.2,0.6,980,"{'0': 490, '1': 490}",882,"{'0': 596, '1': 286}",0,"{'0': 0, '1': 0}",[],0,4f53cda18c2baa0c0354bb5f9a3ecbe5ed12ab4d8e11ba873c2f11161202b945,False,"insufficient_eligible_synthetic:{""1"":204}"
ko_binary_nsmc,1015,3.5,L0.30_U0.60,0.3,0.6,980,"{'0': 490, '1': 490}",872,"{'0': 589, '1': 283}",0,"{'0': 0, '1': 0}",[],0,4f53cda18c2baa0c0354bb5f9a3ecbe5ed12ab4d8e11ba873c2f11161202b945,False,"insufficient_eligible_synthetic:{""1"":207}"
ko_binary_nsmc,1015,3.5,L0.40_U0.60,0.4,0.6,980,"{'0': 490, '1': 490}",823,"{'0': 576, '1': 247}",0,"{'0': 0, '1': 0}",[],0,4f53cda18c2baa0c0354bb5f9a3ecbe5ed12ab4d8e11ba873c2f11161202b945,False,"insufficient_eligible_synthetic:{""1"":243}"
ko_binary_nsmc,1015,4.0,L0.10_U0.60,0.1,0.6,1120,"{'0': 560, '1': 560}",882,"{'0': 596, '1': 286}",0,"{'0': 0, '1': 0}",[],0,4f53cda18c2baa0c0354bb5f9a3ecbe5ed12ab4d8e11ba873c2f11161202b945,False,"insufficient_eligible_synthetic:{""1"":274}"
ko_binary_nsmc,1015,4.0,L0.20_U0.60,0.2,0.6,1120,"{'0': 560, '1': 560}",882,"{'0': 596, '1': 286}",0,"{'0': 0, '1': 0}",[],0,4f53cda18c2baa0c0354bb5f9a3ecbe5ed12ab4d8e11ba873c2f11161202b945,False,"insufficient_eligible_synthetic:{""1"":274}"
ko_binary_nsmc,1015,4.0,L0.30_U0.60,0.3,0.6,1120,"{'0': 560, '1': 560}",872,"{'0': 589, '1': 283}",0,"{'0': 0, '1': 0}",[],0,4f53cda18c2baa0c0354bb5f9a3ecbe5ed12ab4d8e11ba873c2f11161202b945,False,"insufficient_eligible_synthetic:{""1"":277}"
ko_binary_nsmc,1015,4.0,L0.40_U0.60,0.4,0.6,1120,"{'0': 560, '1': 560}",823,"{'0': 576, '1': 247}",0,"{'0': 0, '1': 0}",[],0,4f53cda18c2baa0c0354bb5f9a3ecbe5ed12ab4d8e11ba873c2f11161202b945,False,"insufficient_eligible_synthetic:{""1"":313}"
ko_binary_nsmc,1016,2.0,L0.10_U0.60,0.1,0.6,560,"{'0': 280, '1': 280}",754,"{'0': 482, '1': 272}",0,"{'0': 0, '1': 0}",[],0,4f53cda18c2baa0c0354bb5f9a3ecbe5ed12ab4d8e11ba873c2f11161202b945,False,"insufficient_eligible_synthetic:{""1"":8}"
ko_binary_nsmc,1016,2.0,L0.20_U0.60,0.2,0.6,560,"{'0': 280, '1': 280}",754,"{'0': 482, '1': 272}",0,"{'0': 0, '1': 0}",[],0,4f53cda18c2baa0c0354bb5f9a3ecbe5ed12ab4d8e11ba873c2f11161202b945,False,"insufficient_eligible_synthetic:{""1"":8}"
ko_binary_nsmc,1016,2.0,L0.30_U0.60,0.3,0.6,560,"{'0': 280, '1': 280}",747,"{'0': 475, '1': 272}",0,"{'0': 0, '1': 0}",[],0,4f53cda18c2baa0c0354bb5f9a3ecbe5ed12ab4d8e11ba873c2f11161202b945,False,"insufficient_eligible_synthetic:{""1"":8}"
ko_binary_nsmc,1016,2.0,L0.40_U0.60,0.4,0.6,560,"{'0': 280, '1': 280}",695,"{'0': 445, '1': 250}",0,"{'0': 0, '1': 0}",[],0,4f53cda18c2baa0c0354bb5f9a3ecbe5ed12ab4d8e11ba873c2f11161202b945,False,"insufficient_eligible_synthetic:{""1"":30}"
ko_binary_nsmc,1016,2.5,L0.10_U0.60,0.1,0.6,700,"{'0': 350, '1': 350}",754,"{'0': 482, '1': 272}",0,"{'0': 0, '1': 0}",[],0,4f53cda18c2baa0c0354bb5f9a3ecbe5ed12ab4d8e11ba873c2f11161202b945,False,"insufficient_eligible_synthetic:{""1"":78}"
ko_binary_nsmc,1016,2.5,L0.20_U0.60,0.2,0.6,700,"{'0': 350, '1': 350}",754,"{'0': 482, '1': 272}",0,"{'0': 0, '1': 0}",[],0,4f53cda18c2baa0c0354bb5f9a3ecbe5ed12ab4d8e11ba873c2f11161202b945,False,"insufficient_eligible_synthetic:{""1"":78}"
ko_binary_nsmc,1016,2.5,L0.30_U0.60,0.3,0.6,700,"{'0': 350, '1': 350}",747,"{'0': 475, '1': 272}",0,"{'0': 0, '1': 0}",[],0,4f53cda18c2baa0c0354bb5f9a3ecbe5ed12ab4d8e11ba873c2f11161202b945,False,"insufficient_eligible_synthetic:{""1"":78}"
ko_binary_nsmc,1016,2.5,L0.40_U0.60,0.4,0.6,700,"{'0': 350, '1': 350}",695,"{'0': 445, '1': 250}",0,"{'0': 0, '1': 0}",[],0,4f53cda18c2baa0c0354bb5f9a3ecbe5ed12ab4d8e11ba873c2f11161202b945,False,"insufficient_eligible_synthetic:{""1"":100}"
ko_binary_nsmc,1016,3.0,L0.10_U0.60,0.1,0.6,840,"{'0': 420, '1': 420}",754,"{'0': 482, '1': 272}",0,"{'0': 0, '1': 0}",[],0,4f53cda18c2baa0c0354bb5f9a3ecbe5ed12ab4d8e11ba873c2f11161202b945,False,"insufficient_eligible_synthetic:{""1"":148}"
ko_binary_nsmc,1016,3.0,L0.20_U0.60,0.2,0.6,840,"{'0': 420, '1': 420}",754,"{'0': 482, '1': 272}",0,"{'0': 0, '1': 0}",[],0,4f53cda18c2baa0c0354bb5f9a3ecbe5ed12ab4d8e11ba873c2f11161202b945,False,"insufficient_eligible_synthetic:{""1"":148}"
ko_binary_nsmc,1016,3.0,L0.30_U0.60,0.3,0.6,840,"{'0': 420, '1': 420}",747,"{'0': 475, '1': 272}",0,"{'0': 0, '1': 0}",[],0,4f53cda18c2baa0c0354bb5f9a3ecbe5ed12ab4d8e11ba873c2f11161202b945,False,"insufficient_eligible_synthetic:{""1"":148}"
ko_binary_nsmc,1016,3.0,L0.40_U0.60,0.4,0.6,840,"{'0': 420, '1': 420}",695,"{'0': 445, '1': 250}",0,"{'0': 0, '1': 0}",[],0,4f53cda18c2baa0c0354bb5f9a3ecbe5ed12ab4d8e11ba873c2f11161202b945,False,"insufficient_eligible_synthetic:{""1"":170}"
ko_binary_nsmc,1016,3.5,L0.10_U0.60,0.1,0.6,980,"{'0': 490, '1': 490}",754,"{'0': 482, '1': 272}",0,"{'0': 0, '1': 0}",[],0,4f53cda18c2baa0c0354bb5f9a3ecbe5ed12ab4d8e11ba873c2f11161202b945,False,"insufficient_eligible_synthetic:{""0"":8,""1"":218}"
ko_binary_nsmc,1016,3.5,L0.20_U0.60,0.2,0.6,980,"{'0': 490, '1': 490}",754,"{'0': 482, '1': 272}",0,"{'0': 0, '1': 0}",[],0,4f53cda18c2baa0c0354bb5f9a3ecbe5ed12ab4d8e11ba873c2f11161202b945,False,"insufficient_eligible_synthetic:{""0"":8,""1"":218}"
ko_binary_nsmc,1016,3.5,L0.30_U0.60,0.3,0.6,980,"{'0': 490, '1': 490}",747,"{'0': 475, '1': 272}",0,"{'0': 0, '1': 0}",[],0,4f53cda18c2baa0c0354bb5f9a3ecbe5ed12ab4d8e11ba873c2f11161202b945,False,"insufficient_eligible_synthetic:{""0"":15,""1"":218}"
ko_binary_nsmc,1016,3.5,L0.40_U0.60,0.4,0.6,980,"{'0': 490, '1': 490}",695,"{'0': 445, '1': 250}",0,"{'0': 0, '1': 0}",[],0,4f53cda18c2baa0c0354bb5f9a3ecbe5ed12ab4d8e11ba873c2f11161202b945,False,"insufficient_eligible_synthetic:{""0"":45,""1"":240}"
ko_binary_nsmc,1016,4.0,L0.10_U0.60,0.1,0.6,1120,"{'0': 560, '1': 560}",754,"{'0': 482, '1': 272}",0,"{'0': 0, '1': 0}",[],0,4f53cda18c2baa0c0354bb5f9a3ecbe5ed12ab4d8e11ba873c2f11161202b945,False,"insufficient_eligible_synthetic:{""0"":78,""1"":288}"
ko_binary_nsmc,1016,4.0,L0.20_U0.60,0.2,0.6,1120,"{'0': 560, '1': 560}",754,"{'0': 482, '1': 272}",0,"{'0': 0, '1': 0}",[],0,4f53cda18c2baa0c0354bb5f9a3ecbe5ed12ab4d8e11ba873c2f11161202b945,False,"insufficient_eligible_synthetic:{""0"":78,""1"":288}"
ko_binary_nsmc,1016,4.0,L0.30_U0.60,0.3,0.6,1120,"{'0': 560, '1': 560}",747,"{'0': 475, '1': 272}",0,"{'0': 0, '1': 0}",[],0,4f53cda18c2baa0c0354bb5f9a3ecbe5ed12ab4d8e11ba873c2f11161202b945,False,"insufficient_eligible_synthetic:{""0"":85,""1"":288}"
ko_binary_nsmc,1016,4.0,L0.40_U0.60,0.4,0.6,1120,"{'0': 560, '1': 560}",695,"{'0': 445, '1': 250}",0,"{'0': 0, '1': 0}",[],0,4f53cda18c2baa0c0354bb5f9a3ecbe5ed12ab4d8e11ba873c2f11161202b945,False,"insufficient_eligible_synthetic:{""0"":115,""1"":310}"
ko_binary_nsmc,1017,2.5,L0.10_U0.60,0.1,0.6,700,"{'0': 350, '1': 350}",860,"{'0': 528, '1': 332}",0,"{'0': 0, '1': 0}",[],0,4f53cda18c2baa0c0354bb5f9a3ecbe5ed12ab4d8e11ba873c2f11161202b945,False,"insufficient_eligible_synthetic:{""1"":18}"
ko_binary_nsmc,1017,2.5,L0.20_U0.60,0.2,0.6,700,"{'0': 350, '1': 350}",860,"{'0': 528, '1': 332}",0,"{'0': 0, '1': 0}",[],0,4f53cda18c2baa0c0354bb5f9a3ecbe5ed12ab4d8e11ba873c2f11161202b945,False,"insufficient_eligible_synthetic:{""1"":18}"
ko_binary_nsmc,1017,2.5,L0.30_U0.60,0.3,0.6,700,"{'0': 350, '1': 350}",853,"{'0': 521, '1': 332}",0,"{'0': 0, '1': 0}",[],0,4f53cda18c2baa0c0354bb5f9a3ecbe5ed12ab4d8e11ba873c2f11161202b945,False,"insufficient_eligible_synthetic:{""1"":18}"
ko_binary_nsmc,1017,2.5,L0.40_U0.60,0.4,0.6,700,"{'0': 350, '1': 350}",823,"{'0': 495, '1': 328}",0,"{'0': 0, '1': 0}",[],0,4f53cda18c2baa0c0354bb5f9a3ecbe5ed12ab4d8e11ba873c2f11161202b945,False,"insufficient_eligible_synthetic:{""1"":22}"
ko_binary_nsmc,1017,3.0,L0.10_U0.60,0.1,0.6,840,"{'0': 420, '1': 420}",860,"{'0': 528, '1': 332}",0,"{'0': 0, '1': 0}",[],0,4f53cda18c2baa0c0354bb5f9a3ecbe5ed12ab4d8e11ba873c2f11161202b945,False,"insufficient_eligible_synthetic:{""1"":88}"
ko_binary_nsmc,1017,3.0,L0.20_U0.60,0.2,0.6,840,"{'0': 420, '1': 420}",860,"{'0': 528, '1': 332}",0,"{'0': 0, '1': 0}",[],0,4f53cda18c2baa0c0354bb5f9a3ecbe5ed12ab4d8e11ba873c2f11161202b945,False,"insufficient_eligible_synthetic:{""1"":88}"
ko_binary_nsmc,1017,3.0,L0.30_U0.60,0.3,0.6,840,"{'0': 420, '1': 420}",853,"{'0': 521, '1': 332}",0,"{'0': 0, '1': 0}",[],0,4f53cda18c2baa0c0354bb5f9a3ecbe5ed12ab4d8e11ba873c2f11161202b945,False,"insufficient_eligible_synthetic:{""1"":88}"
ko_binary_nsmc,1017,3.0,L0.40_U0.60,0.4,0.6,840,"{'0': 420, '1': 420}",823,"{'0': 495, '1': 328}",0,"{'0': 0, '1': 0}",[],0,4f53cda18c2baa0c0354bb5f9a3ecbe5ed12ab4d8e11ba873c2f11161202b945,False,"insufficient_eligible_synthetic:{""1"":92}"
ko_binary_nsmc,1017,3.5,L0.10_U0.60,0.1,0.6,980,"{'0': 490, '1': 490}",860,"{'0': 528, '1': 332}",0,"{'0': 0, '1': 0}",[],0,4f53cda18c2baa0c0354bb5f9a3ecbe5ed12ab4d8e11ba873c2f11161202b945,False,"insufficient_eligible_synthetic:{""1"":158}"
ko_binary_nsmc,1017,3.5,L0.20_U0.60,0.2,0.6,980,"{'0': 490, '1': 490}",860,"{'0': 528, '1': 332}",0,"{'0': 0, '1': 0}",[],0,4f53cda18c2baa0c0354bb5f9a3ecbe5ed12ab4d8e11ba873c2f11161202b945,False,"insufficient_eligible_synthetic:{""1"":158}"
ko_binary_nsmc,1017,3.5,L0.30_U0.60,0.3,0.6,980,"{'0': 490, '1': 490}",853,"{'0': 521, '1': 332}",0,"{'0': 0, '1': 0}",[],0,4f53cda18c2baa0c0354bb5f9a3ecbe5ed12ab4d8e11ba873c2f11161202b945,False,"insufficient_eligible_synthetic:{""1"":158}"
ko_binary_nsmc,1017,3.5,L0.40_U0.60,0.4,0.6,980,"{'0': 490, '1': 490}",823,"{'0': 495, '1': 328}",0,"{'0': 0, '1': 0}",[],0,4f53cda18c2baa0c0354bb5f9a3ecbe5ed12ab4d8e11ba873c2f11161202b945,False,"insufficient_eligible_synthetic:{""1"":162}"
ko_binary_nsmc,1017,4.0,L0.10_U0.60,0.1,0.6,1120,"{'0': 560, '1': 560}",860,"{'0': 528, '1': 332}",0,"{'0': 0, '1': 0}",[],0,4f53cda18c2baa0c0354bb5f9a3ecbe5ed12ab4d8e11ba873c2f11161202b945,False,"insufficient_eligible_synthetic:{""0"":32,""1"":228}"
ko_binary_nsmc,1017,4.0,L0.20_U0.60,0.2,0.6,1120,"{'0': 560, '1': 560}",860,"{'0': 528, '1': 332}",0,"{'0': 0, '1': 0}",[],0,4f53cda18c2baa0c0354bb5f9a3ecbe5ed12ab4d8e11ba873c2f11161202b945,False,"insufficient_eligible_synthetic:{""0"":32,""1"":228}"
ko_binary_nsmc,1017,4.0,L0.30_U0.60,0.3,0.6,1120,"{'0': 560, '1': 560}",853,"{'0': 521, '1': 332}",0,"{'0': 0, '1': 0}",[],0,4f53cda18c2baa0c0354bb5f9a3ecbe5ed12ab4d8e11ba873c2f11161202b945,False,"insufficient_eligible_synthetic:{""0"":39,""1"":228}"
ko_binary_nsmc,1017,4.0,L0.40_U0.60,0.4,0.6,1120,"{'0': 560, '1': 560}",823,"{'0': 495, '1': 328}",0,"{'0': 0, '1': 0}",[],0,4f53cda18c2baa0c0354bb5f9a3ecbe5ed12ab4d8e11ba873c2f11161202b945,False,"insufficient_eligible_synthetic:{""0"":65,""1"":232}"
ko_binary_nsmc,1018,2.0,L0.40_U0.60,0.4,0.6,560,"{'0': 280, '1': 280}",812,"{'0': 546, '1': 266}",0,"{'0': 0, '1': 0}",[],0,4f53cda18c2baa0c0354bb5f9a3ecbe5ed12ab4d8e11ba873c2f11161202b945,False,"insufficient_eligible_synthetic:{""1"":14}"
ko_binary_nsmc,1018,2.5,L0.10_U0.60,0.1,0.6,700,"{'0': 350, '1': 350}",850,"{'0': 552, '1': 298}",0,"{'0': 0, '1': 0}",[],0,4f53cda18c2baa0c0354bb5f9a3ecbe5ed12ab4d8e11ba873c2f11161202b945,False,"insufficient_eligible_synthetic:{""1"":52}"
ko_binary_nsmc,1018,2.5,L0.20_U0.60,0.2,0.6,700,"{'0': 350, '1': 350}",850,"{'0': 552, '1': 298}",0,"{'0': 0, '1': 0}",[],0,4f53cda18c2baa0c0354bb5f9a3ecbe5ed12ab4d8e11ba873c2f11161202b945,False,"insufficient_eligible_synthetic:{""1"":52}"
ko_binary_nsmc,1018,2.5,L0.30_U0.60,0.3,0.6,700,"{'0': 350, '1': 350}",850,"{'0': 552, '1': 298}",0,"{'0': 0, '1': 0}",[],0,4f53cda18c2baa0c0354bb5f9a3ecbe5ed12ab4d8e11ba873c2f11161202b945,False,"insufficient_eligible_synthetic:{""1"":52}"
ko_binary_nsmc,1018,2.5,L0.40_U0.60,0.4,0.6,700,"{'0': 350, '1': 350}",812,"{'0': 546, '1': 266}",0,"{'0': 0, '1': 0}",[],0,4f53cda18c2baa0c0354bb5f9a3ecbe5ed12ab4d8e11ba873c2f11161202b945,False,"insufficient_eligible_synthetic:{""1"":84}"
ko_binary_nsmc,1018,3.0,L0.10_U0.60,0.1,0.6,840,"{'0': 420, '1': 420}",850,"{'0': 552, '1': 298}",0,"{'0': 0, '1': 0}",[],0,4f53cda18c2baa0c0354bb5f9a3ecbe5ed12ab4d8e11ba873c2f11161202b945,False,"insufficient_eligible_synthetic:{""1"":122}"
ko_binary_nsmc,1018,3.0,L0.20_U0.60,0.2,0.6,840,"{'0': 420, '1': 420}",850,"{'0': 552, '1': 298}",0,"{'0': 0, '1': 0}",[],0,4f53cda18c2baa0c0354bb5f9a3ecbe5ed12ab4d8e11ba873c2f11161202b945,False,"insufficient_eligible_synthetic:{""1"":122}"
ko_binary_nsmc,1018,3.0,L0.30_U0.60,0.3,0.6,840,"{'0': 420, '1': 420}",850,"{'0': 552, '1': 298}",0,"{'0': 0, '1': 0}",[],0,4f53cda18c2baa0c0354bb5f9a3ecbe5ed12ab4d8e11ba873c2f11161202b945,False,"insufficient_eligible_synthetic:{""1"":122}"
ko_binary_nsmc,1018,3.0,L0.40_U0.60,0.4,0.6,840,"{'0': 420, '1': 420}",812,"{'0': 546, '1': 266}",0,"{'0': 0, '1': 0}",[],0,4f53cda18c2baa0c0354bb5f9a3ecbe5ed12ab4d8e11ba873c2f11161202b945,False,"insufficient_eligible_synthetic:{""1"":154}"
ko_binary_nsmc,1018,3.5,L0.10_U0.60,0.1,0.6,980,"{'0': 490, '1': 490}",850,"{'0': 552, '1': 298}",0,"{'0': 0, '1': 0}",[],0,4f53cda18c2baa0c0354bb5f9a3ecbe5ed12ab4d8e11ba873c2f11161202b945,False,"insufficient_eligible_synthetic:{""1"":192}"
ko_binary_nsmc,1018,3.5,L0.20_U0.60,0.2,0.6,980,"{'0': 490, '1': 490}",850,"{'0': 552, '1': 298}",0,"{'0': 0, '1': 0}",[],0,4f53cda18c2baa0c0354bb5f9a3ecbe5ed12ab4d8e11ba873c2f11161202b945,False,"insufficient_eligible_synthetic:{""1"":192}"
ko_binary_nsmc,1018,3.5,L0.30_U0.60,0.3,0.6,980,"{'0': 490, '1': 490}",850,"{'0': 552, '1': 298}",0,"{'0': 0, '1': 0}",[],0,4f53cda18c2baa0c0354bb5f9a3ecbe5ed12ab4d8e11ba873c2f11161202b945,False,"insufficient_eligible_synthetic:{""1"":192}"
ko_binary_nsmc,1018,3.5,L0.40_U0.60,0.4,0.6,980,"{'0': 490, '1': 490}",812,"{'0': 546, '1': 266}",0,"{'0': 0, '1': 0}",[],0,4f53cda18c2baa0c0354bb5f9a3ecbe5ed12ab4d8e11ba873c2f11161202b945,False,"insufficient_eligible_synthetic:{""1"":224}"
ko_binary_nsmc,1018,4.0,L0.10_U0.60,0.1,0.6,1120,"{'0': 560, '1': 560}",850,"{'0': 552, '1': 298}",0,"{'0': 0, '1': 0}",[],0,4f53cda18c2baa0c0354bb5f9a3ecbe5ed12ab4d8e11ba873c2f11161202b945,False,"insufficient_eligible_synthetic:{""0"":8,""1"":262}"
ko_binary_nsmc,1018,4.0,L0.20_U0.60,0.2,0.6,1120,"{'0': 560, '1': 560}",850,"{'0': 552, '1': 298}",0,"{'0': 0, '1': 0}",[],0,4f53cda18c2baa0c0354bb5f9a3ecbe5ed12ab4d8e11ba873c2f11161202b945,False,"insufficient_eligible_synthetic:{""0"":8,""1"":262}"
ko_binary_nsmc,1018,4.0,L0.30_U0.60,0.3,0.6,1120,"{'0': 560, '1': 560}",850,"{'0': 552, '1': 298}",0,"{'0': 0, '1': 0}",[],0,4f53cda18c2baa0c0354bb5f9a3ecbe5ed12ab4d8e11ba873c2f11161202b945,False,"insufficient_eligible_synthetic:{""0"":8,""1"":262}"
ko_binary_nsmc,1018,4.0,L0.40_U0.60,0.4,0.6,1120,"{'0': 560, '1': 560}",812,"{'0': 546, '1': 266}",0,"{'0': 0, '1': 0}",[],0,4f53cda18c2baa0c0354bb5f9a3ecbe5ed12ab4d8e11ba873c2f11161202b945,False,"insufficient_eligible_synthetic:{""0"":14,""1"":294}"
ko_binary_nsmc,1019,3.0,L0.10_U0.60,0.1,0.6,840,"{'0': 420, '1': 420}",890,"{'0': 498, '1': 392}",0,"{'0': 0, '1': 0}",[],0,4f53cda18c2baa0c0354bb5f9a3ecbe5ed12ab4d8e11ba873c2f11161202b945,False,"insufficient_eligible_synthetic:{""1"":28}"
ko_binary_nsmc,1019,3.0,L0.20_U0.60,0.2,0.6,840,"{'0': 420, '1': 420}",890,"{'0': 498, '1': 392}",0,"{'0': 0, '1': 0}",[],0,4f53cda18c2baa0c0354bb5f9a3ecbe5ed12ab4d8e11ba873c2f11161202b945,False,"insufficient_eligible_synthetic:{""1"":28}"
ko_binary_nsmc,1019,3.0,L0.30_U0.60,0.3,0.6,840,"{'0': 420, '1': 420}",890,"{'0': 498, '1': 392}",0,"{'0': 0, '1': 0}",[],0,4f53cda18c2baa0c0354bb5f9a3ecbe5ed12ab4d8e11ba873c2f11161202b945,False,"insufficient_eligible_synthetic:{""1"":28}"
ko_binary_nsmc,1019,3.0,L0.40_U0.60,0.4,0.6,840,"{'0': 420, '1': 420}",855,"{'0': 490, '1': 365}",0,"{'0': 0, '1': 0}",[],0,4f53cda18c2baa0c0354bb5f9a3ecbe5ed12ab4d8e11ba873c2f11161202b945,False,"insufficient_eligible_synthetic:{""1"":55}"
ko_binary_nsmc,1019,3.5,L0.10_U0.60,0.1,0.6,980,"{'0': 490, '1': 490}",890,"{'0': 498, '1': 392}",0,"{'0': 0, '1': 0}",[],0,4f53cda18c2baa0c0354bb5f9a3ecbe5ed12ab4d8e11ba873c2f11161202b945,False,"insufficient_eligible_synthetic:{""1"":98}"
ko_binary_nsmc,1019,3.5,L0.20_U0.60,0.2,0.6,980,"{'0': 490, '1': 490}",890,"{'0': 498, '1': 392}",0,"{'0': 0, '1': 0}",[],0,4f53cda18c2baa0c0354bb5f9a3ecbe5ed12ab4d8e11ba873c2f11161202b945,False,"insufficient_eligible_synthetic:{""1"":98}"
ko_binary_nsmc,1019,3.5,L0.30_U0.60,0.3,0.6,980,"{'0': 490, '1': 490}",890,"{'0': 498, '1': 392}",0,"{'0': 0, '1': 0}",[],0,4f53cda18c2baa0c0354bb5f9a3ecbe5ed12ab4d8e11ba873c2f11161202b945,False,"insufficient_eligible_synthetic:{""1"":98}"
ko_binary_nsmc,1019,3.5,L0.40_U0.60,0.4,0.6,980,"{'0': 490, '1': 490}",855,"{'0': 490, '1': 365}",0,"{'0': 0, '1': 0}",[],0,4f53cda18c2baa0c0354bb5f9a3ecbe5ed12ab4d8e11ba873c2f11161202b945,False,"insufficient_eligible_synthetic:{""1"":125}"
ko_binary_nsmc,1019,4.0,L0.10_U0.60,0.1,0.6,1120,"{'0': 560, '1': 560}",890,"{'0': 498, '1': 392}",0,"{'0': 0, '1': 0}",[],0,4f53cda18c2baa0c0354bb5f9a3ecbe5ed12ab4d8e11ba873c2f11161202b945,False,"insufficient_eligible_synthetic:{""0"":62,""1"":168}"
ko_binary_nsmc,1019,4.0,L0.20_U0.60,0.2,0.6,1120,"{'0': 560, '1': 560}",890,"{'0': 498, '1': 392}",0,"{'0': 0, '1': 0}",[],0,4f53cda18c2baa0c0354bb5f9a3ecbe5ed12ab4d8e11ba873c2f11161202b945,False,"insufficient_eligible_synthetic:{""0"":62,""1"":168}"
ko_binary_nsmc,1019,4.0,L0.30_U0.60,0.3,0.6,1120,"{'0': 560, '1': 560}",890,"{'0': 498, '1': 392}",0,"{'0': 0, '1': 0}",[],0,4f53cda18c2baa0c0354bb5f9a3ecbe5ed12ab4d8e11ba873c2f11161202b945,False,"insufficient_eligible_synthetic:{""0"":62,""1"":168}"
ko_binary_nsmc,1019,4.0,L0.40_U0.60,0.4,0.6,1120,"{'0': 560, '1': 560}",855,"{'0': 490, '1': 365}",0,"{'0': 0, '1': 0}",[],0,4f53cda18c2baa0c0354bb5f9a3ecbe5ed12ab4d8e11ba873c2f11161202b945,False,"insufficient_eligible_synthetic:{""0"":70,""1"":195}"
ko_binary_nsmc,1020,1.75,L0.40_U0.60,0.4,0.6,490,"{'0': 245, '1': 245}",762,"{'0': 522, '1': 240}",0,"{'0': 0, '1': 0}",[],0,4f53cda18c2baa0c0354bb5f9a3ecbe5ed12ab4d8e11ba873c2f11161202b945,False,"insufficient_eligible_synthetic:{""1"":5}"
ko_binary_nsmc,1020,2.0,L0.10_U0.60,0.1,0.6,560,"{'0': 280, '1': 280}",781,"{'0': 529, '1': 252}",0,"{'0': 0, '1': 0}",[],0,4f53cda18c2baa0c0354bb5f9a3ecbe5ed12ab4d8e11ba873c2f11161202b945,False,"insufficient_eligible_synthetic:{""1"":28}"
ko_binary_nsmc,1020,2.0,L0.20_U0.60,0.2,0.6,560,"{'0': 280, '1': 280}",781,"{'0': 529, '1': 252}",0,"{'0': 0, '1': 0}",[],0,4f53cda18c2baa0c0354bb5f9a3ecbe5ed12ab4d8e11ba873c2f11161202b945,False,"insufficient_eligible_synthetic:{""1"":28}"
ko_binary_nsmc,1020,2.0,L0.30_U0.60,0.3,0.6,560,"{'0': 280, '1': 280}",778,"{'0': 529, '1': 249}",0,"{'0': 0, '1': 0}",[],0,4f53cda18c2baa0c0354bb5f9a3ecbe5ed12ab4d8e11ba873c2f11161202b945,False,"insufficient_eligible_synthetic:{""1"":31}"
ko_binary_nsmc,1020,2.0,L0.40_U0.60,0.4,0.6,560,"{'0': 280, '1': 280}",762,"{'0': 522, '1': 240}",0,"{'0': 0, '1': 0}",[],0,4f53cda18c2baa0c0354bb5f9a3ecbe5ed12ab4d8e11ba873c2f11161202b945,False,"insufficient_eligible_synthetic:{""1"":40}"
ko_binary_nsmc,1020,2.5,L0.10_U0.60,0.1,0.6,700,"{'0': 350, '1': 350}",781,"{'0': 529, '1': 252}",0,"{'0': 0, '1': 0}",[],0,4f53cda18c2baa0c0354bb5f9a3ecbe5ed12ab4d8e11ba873c2f11161202b945,False,"insufficient_eligible_synthetic:{""1"":98}"
ko_binary_nsmc,1020,2.5,L0.20_U0.60,0.2,0.6,700,"{'0': 350, '1': 350}",781,"{'0': 529, '1': 252}",0,"{'0': 0, '1': 0}",[],0,4f53cda18c2baa0c0354bb5f9a3ecbe5ed12ab4d8e11ba873c2f11161202b945,False,"insufficient_eligible_synthetic:{""1"":98}"
ko_binary_nsmc,1020,2.5,L0.30_U0.60,0.3,0.6,700,"{'0': 350, '1': 350}",778,"{'0': 529, '1': 249}",0,"{'0': 0, '1': 0}",[],0,4f53cda18c2baa0c0354bb5f9a3ecbe5ed12ab4d8e11ba873c2f11161202b945,False,"insufficient_eligible_synthetic:{""1"":101}"
ko_binary_nsmc,1020,2.5,L0.40_U0.60,0.4,0.6,700,"{'0': 350, '1': 350}",762,"{'0': 522, '1': 240}",0,"{'0': 0, '1': 0}",[],0,4f53cda18c2baa0c0354bb5f9a3ecbe5ed12ab4d8e11ba873c2f11161202b945,False,"insufficient_eligible_synthetic:{""1"":110}"
ko_binary_nsmc,1020,3.0,L0.10_U0.60,0.1,0.6,840,"{'0': 420, '1': 420}",781,"{'0': 529, '1': 252}",0,"{'0': 0, '1': 0}",[],0,4f53cda18c2baa0c0354bb5f9a3ecbe5ed12ab4d8e11ba873c2f11161202b945,False,"insufficient_eligible_synthetic:{""1"":168}"
ko_binary_nsmc,1020,3.0,L0.20_U0.60,0.2,0.6,840,"{'0': 420, '1': 420}",781,"{'0': 529, '1': 252}",0,"{'0': 0, '1': 0}",[],0,4f53cda18c2baa0c0354bb5f9a3ecbe5ed12ab4d8e11ba873c2f11161202b945,False,"insufficient_eligible_synthetic:{""1"":168}"
ko_binary_nsmc,1020,3.0,L0.30_U0.60,0.3,0.6,840,"{'0': 420, '1': 420}",778,"{'0': 529, '1': 249}",0,"{'0': 0, '1': 0}",[],0,4f53cda18c2baa0c0354bb5f9a3ecbe5ed12ab4d8e11ba873c2f11161202b945,False,"insufficient_eligible_synthetic:{""1"":171}"
ko_binary_nsmc,1020,3.0,L0.40_U0.60,0.4,0.6,840,"{'0': 420, '1': 420}",762,"{'0': 522, '1': 240}",0,"{'0': 0, '1': 0}",[],0,4f53cda18c2baa0c0354bb5f9a3ecbe5ed12ab4d8e11ba873c2f11161202b945,False,"insufficient_eligible_synthetic:{""1"":180}"
ko_binary_nsmc,1020,3.5,L0.10_U0.60,0.1,0.6,980,"{'0': 490, '1': 490}",781,"{'0': 529, '1': 252}",0,"{'0': 0, '1': 0}",[],0,4f53cda18c2baa0c0354bb5f9a3ecbe5ed12ab4d8e11ba873c2f11161202b945,False,"insufficient_eligible_synthetic:{""1"":238}"
ko_binary_nsmc,1020,3.5,L0.20_U0.60,0.2,0.6,980,"{'0': 490, '1': 490}",781,"{'0': 529, '1': 252}",0,"{'0': 0, '1': 0}",[],0,4f53cda18c2baa0c0354bb5f9a3ecbe5ed12ab4d8e11ba873c2f11161202b945,False,"insufficient_eligible_synthetic:{""1"":238}"
ko_binary_nsmc,1020,3.5,L0.30_U0.60,0.3,0.6,980,"{'0': 490, '1': 490}",778,"{'0': 529, '1': 249}",0,"{'0': 0, '1': 0}",[],0,4f53cda18c2baa0c0354bb5f9a3ecbe5ed12ab4d8e11ba873c2f11161202b945,False,"insufficient_eligible_synthetic:{""1"":241}"
ko_binary_nsmc,1020,3.5,L0.40_U0.60,0.4,0.6,980,"{'0': 490, '1': 490}",762,"{'0': 522, '1': 240}",0,"{'0': 0, '1': 0}",[],0,4f53cda18c2baa0c0354bb5f9a3ecbe5ed12ab4d8e11ba873c2f11161202b945,False,"insufficient_eligible_synthetic:{""1"":250}"
ko_binary_nsmc,1020,4.0,L0.10_U0.60,0.1,0.6,1120,"{'0': 560, '1': 560}",781,"{'0': 529, '1': 252}",0,"{'0': 0, '1': 0}",[],0,4f53cda18c2baa0c0354bb5f9a3ecbe5ed12ab4d8e11ba873c2f11161202b945,False,"insufficient_eligible_synthetic:{""0"":31,""1"":308}"
ko_binary_nsmc,1020,4.0,L0.20_U0.60,0.2,0.6,1120,"{'0': 560, '1': 560}",781,"{'0': 529, '1': 252}",0,"{'0': 0, '1': 0}",[],0,4f53cda18c2baa0c0354bb5f9a3ecbe5ed12ab4d8e11ba873c2f11161202b945,False,"insufficient_eligible_synthetic:{""0"":31,""1"":308}"
ko_binary_nsmc,1020,4.0,L0.30_U0.60,0.3,0.6,1120,"{'0': 560, '1': 560}",778,"{'0': 529, '1': 249}",0,"{'0': 0, '1': 0}",[],0,4f53cda18c2baa0c0354bb5f9a3ecbe5ed12ab4d8e11ba873c2f11161202b945,False,"insufficient_eligible_synthetic:{""0"":31,""1"":311}"
ko_binary_nsmc,1020,4.0,L0.40_U0.60,0.4,0.6,1120,"{'0': 560, '1': 560}",762,"{'0': 522, '1': 240}",0,"{'0': 0, '1': 0}",[],0,4f53cda18c2baa0c0354bb5f9a3ecbe5ed12ab4d8e11ba873c2f11161202b945,False,"insufficient_eligible_synthetic:{""0"":38,""1"":320}"
ko_binary_nsmc,1021,2.0,L0.10_U0.60,0.1,0.6,560,"{'0': 280, '1': 280}",814,"{'0': 557, '1': 257}",0,"{'0': 0, '1': 0}",[],0,4f53cda18c2baa0c0354bb5f9a3ecbe5ed12ab4d8e11ba873c2f11161202b945,False,"insufficient_eligible_synthetic:{""1"":23}"
ko_binary_nsmc,1021,2.0,L0.20_U0.60,0.2,0.6,560,"{'0': 280, '1': 280}",814,"{'0': 557, '1': 257}",0,"{'0': 0, '1': 0}",[],0,4f53cda18c2baa0c0354bb5f9a3ecbe5ed12ab4d8e11ba873c2f11161202b945,False,"insufficient_eligible_synthetic:{""1"":23}"
ko_binary_nsmc,1021,2.0,L0.30_U0.60,0.3,0.6,560,"{'0': 280, '1': 280}",814,"{'0': 557, '1': 257}",0,"{'0': 0, '1': 0}",[],0,4f53cda18c2baa0c0354bb5f9a3ecbe5ed12ab4d8e11ba873c2f11161202b945,False,"insufficient_eligible_synthetic:{""1"":23}"
ko_binary_nsmc,1021,2.0,L0.40_U0.60,0.4,0.6,560,"{'0': 280, '1': 280}",803,"{'0': 547, '1': 256}",0,"{'0': 0, '1': 0}",[],0,4f53cda18c2baa0c0354bb5f9a3ecbe5ed12ab4d8e11ba873c2f11161202b945,False,"insufficient_eligible_synthetic:{""1"":24}"
ko_binary_nsmc,1021,2.5,L0.10_U0.60,0.1,0.6,700,"{'0': 350, '1': 350}",814,"{'0': 557, '1': 257}",0,"{'0': 0, '1': 0}",[],0,4f53cda18c2baa0c0354bb5f9a3ecbe5ed12ab4d8e11ba873c2f11161202b945,False,"insufficient_eligible_synthetic:{""1"":93}"
ko_binary_nsmc,1021,2.5,L0.20_U0.60,0.2,0.6,700,"{'0': 350, '1': 350}",814,"{'0': 557, '1': 257}",0,"{'0': 0, '1': 0}",[],0,4f53cda18c2baa0c0354bb5f9a3ecbe5ed12ab4d8e11ba873c2f11161202b945,False,"insufficient_eligible_synthetic:{""1"":93}"
ko_binary_nsmc,1021,2.5,L0.30_U0.60,0.3,0.6,700,"{'0': 350, '1': 350}",814,"{'0': 557, '1': 257}",0,"{'0': 0, '1': 0}",[],0,4f53cda18c2baa0c0354bb5f9a3ecbe5ed12ab4d8e11ba873c2f11161202b945,False,"insufficient_eligible_synthetic:{""1"":93}"
ko_binary_nsmc,1021,2.5,L0.40_U0.60,0.4,0.6,700,"{'0': 350, '1': 350}",803,"{'0': 547, '1': 256}",0,"{'0': 0, '1': 0}",[],0,4f53cda18c2baa0c0354bb5f9a3ecbe5ed12ab4d8e11ba873c2f11161202b945,False,"insufficient_eligible_synthetic:{""1"":94}"
ko_binary_nsmc,1021,3.0,L0.10_U0.60,0.1,0.6,840,"{'0': 420, '1': 420}",814,"{'0': 557, '1': 257}",0,"{'0': 0, '1': 0}",[],0,4f53cda18c2baa0c0354bb5f9a3ecbe5ed12ab4d8e11ba873c2f11161202b945,False,"insufficient_eligible_synthetic:{""1"":163}"
ko_binary_nsmc,1021,3.0,L0.20_U0.60,0.2,0.6,840,"{'0': 420, '1': 420}",814,"{'0': 557, '1': 257}",0,"{'0': 0, '1': 0}",[],0,4f53cda18c2baa0c0354bb5f9a3ecbe5ed12ab4d8e11ba873c2f11161202b945,False,"insufficient_eligible_synthetic:{""1"":163}"
ko_binary_nsmc,1021,3.0,L0.30_U0.60,0.3,0.6,840,"{'0': 420, '1': 420}",814,"{'0': 557, '1': 257}",0,"{'0': 0, '1': 0}",[],0,4f53cda18c2baa0c0354bb5f9a3ecbe5ed12ab4d8e11ba873c2f11161202b945,False,"insufficient_eligible_synthetic:{""1"":163}"
ko_binary_nsmc,1021,3.0,L0.40_U0.60,0.4,0.6,840,"{'0': 420, '1': 420}",803,"{'0': 547, '1': 256}",0,"{'0': 0, '1': 0}",[],0,4f53cda18c2baa0c0354bb5f9a3ecbe5ed12ab4d8e11ba873c2f11161202b945,False,"insufficient_eligible_synthetic:{""1"":164}"
ko_binary_nsmc,1021,3.5,L0.10_U0.60,0.1,0.6,980,"{'0': 490, '1': 490}",814,"{'0': 557, '1': 257}",0,"{'0': 0, '1': 0}",[],0,4f53cda18c2baa0c0354bb5f9a3ecbe5ed12ab4d8e11ba873c2f11161202b945,False,"insufficient_eligible_synthetic:{""1"":233}"
ko_binary_nsmc,1021,3.5,L0.20_U0.60,0.2,0.6,980,"{'0': 490, '1': 490}",814,"{'0': 557, '1': 257}",0,"{'0': 0, '1': 0}",[],0,4f53cda18c2baa0c0354bb5f9a3ecbe5ed12ab4d8e11ba873c2f11161202b945,False,"insufficient_eligible_synthetic:{""1"":233}"
ko_binary_nsmc,1021,3.5,L0.30_U0.60,0.3,0.6,980,"{'0': 490, '1': 490}",814,"{'0': 557, '1': 257}",0,"{'0': 0, '1': 0}",[],0,4f53cda18c2baa0c0354bb5f9a3ecbe5ed12ab4d8e11ba873c2f11161202b945,False,"insufficient_eligible_synthetic:{""1"":233}"
ko_binary_nsmc,1021,3.5,L0.40_U0.60,0.4,0.6,980,"{'0': 490, '1': 490}",803,"{'0': 547, '1': 256}",0,"{'0': 0, '1': 0}",[],0,4f53cda18c2baa0c0354bb5f9a3ecbe5ed12ab4d8e11ba873c2f11161202b945,False,"insufficient_eligible_synthetic:{""1"":234}"
ko_binary_nsmc,1021,4.0,L0.10_U0.60,0.1,0.6,1120,"{'0': 560, '1': 560}",814,"{'0': 557, '1': 257}",0,"{'0': 0, '1': 0}",[],0,4f53cda18c2baa0c0354bb5f9a3ecbe5ed12ab4d8e11ba873c2f11161202b945,False,"insufficient_eligible_synthetic:{""0"":3,""1"":303}"
ko_binary_nsmc,1021,4.0,L0.20_U0.60,0.2,0.6,1120,"{'0': 560, '1': 560}",814,"{'0': 557, '1': 257}",0,"{'0': 0, '1': 0}",[],0,4f53cda18c2baa0c0354bb5f9a3ecbe5ed12ab4d8e11ba873c2f11161202b945,False,"insufficient_eligible_synthetic:{""0"":3,""1"":303}"
ko_binary_nsmc,1021,4.0,L0.30_U0.60,0.3,0.6,1120,"{'0': 560, '1': 560}",814,"{'0': 557, '1': 257}",0,"{'0': 0, '1': 0}",[],0,4f53cda18c2baa0c0354bb5f9a3ecbe5ed12ab4d8e11ba873c2f11161202b945,False,"insufficient_eligible_synthetic:{""0"":3,""1"":303}"
ko_binary_nsmc,1021,4.0,L0.40_U0.60,0.4,0.6,1120,"{'0': 560, '1': 560}",803,"{'0': 547, '1': 256}",0,"{'0': 0, '1': 0}",[],0,4f53cda18c2baa0c0354bb5f9a3ecbe5ed12ab4d8e11ba873c2f11161202b945,False,"insufficient_eligible_synthetic:{""0"":13,""1"":304}"
ko_binary_nsmc,1022,2.0,L0.10_U0.60,0.1,0.6,560,"{'0': 280, '1': 280}",707,"{'0': 451, '1': 256}",0,"{'0': 0, '1': 0}",[],0,4f53cda18c2baa0c0354bb5f9a3ecbe5ed12ab4d8e11ba873c2f11161202b945,False,"insufficient_eligible_synthetic:{""1"":24}"
ko_binary_nsmc,1022,2.0,L0.20_U0.60,0.2,0.6,560,"{'0': 280, '1': 280}",707,"{'0': 451, '1': 256}",0,"{'0': 0, '1': 0}",[],0,4f53cda18c2baa0c0354bb5f9a3ecbe5ed12ab4d8e11ba873c2f11161202b945,False,"insufficient_eligible_synthetic:{""1"":24}"
ko_binary_nsmc,1022,2.0,L0.30_U0.60,0.3,0.6,560,"{'0': 280, '1': 280}",707,"{'0': 451, '1': 256}",0,"{'0': 0, '1': 0}",[],0,4f53cda18c2baa0c0354bb5f9a3ecbe5ed12ab4d8e11ba873c2f11161202b945,False,"insufficient_eligible_synthetic:{""1"":24}"
ko_binary_nsmc,1022,2.0,L0.40_U0.60,0.4,0.6,560,"{'0': 280, '1': 280}",692,"{'0': 442, '1': 250}",0,"{'0': 0, '1': 0}",[],0,4f53cda18c2baa0c0354bb5f9a3ecbe5ed12ab4d8e11ba873c2f11161202b945,False,"insufficient_eligible_synthetic:{""1"":30}"
ko_binary_nsmc,1022,2.5,L0.10_U0.60,0.1,0.6,700,"{'0': 350, '1': 350}",707,"{'0': 451, '1': 256}",0,"{'0': 0, '1': 0}",[],0,4f53cda18c2baa0c0354bb5f9a3ecbe5ed12ab4d8e11ba873c2f11161202b945,False,"insufficient_eligible_synthetic:{""1"":94}"
ko_binary_nsmc,1022,2.5,L0.20_U0.60,0.2,0.6,700,"{'0': 350, '1': 350}",707,"{'0': 451, '1': 256}",0,"{'0': 0, '1': 0}",[],0,4f53cda18c2baa0c0354bb5f9a3ecbe5ed12ab4d8e11ba873c2f11161202b945,False,"insufficient_eligible_synthetic:{""1"":94}"
ko_binary_nsmc,1022,2.5,L0.30_U0.60,0.3,0.6,700,"{'0': 350, '1': 350}",707,"{'0': 451, '1': 256}",0,"{'0': 0, '1': 0}",[],0,4f53cda18c2baa0c0354bb5f9a3ecbe5ed12ab4d8e11ba873c2f11161202b945,False,"insufficient_eligible_synthetic:{""1"":94}"
ko_binary_nsmc,1022,2.5,L0.40_U0.60,0.4,0.6,700,"{'0': 350, '1': 350}",692,"{'0': 442, '1': 250}",0,"{'0': 0, '1': 0}",[],0,4f53cda18c2baa0c0354bb5f9a3ecbe5ed12ab4d8e11ba873c2f11161202b945,False,"insufficient_eligible_synthetic:{""1"":100}"
ko_binary_nsmc,1022,3.0,L0.10_U0.60,0.1,0.6,840,"{'0': 420, '1': 420}",707,"{'0': 451, '1': 256}",0,"{'0': 0, '1': 0}",[],0,4f53cda18c2baa0c0354bb5f9a3ecbe5ed12ab4d8e11ba873c2f11161202b945,False,"insufficient_eligible_synthetic:{""1"":164}"
ko_binary_nsmc,1022,3.0,L0.20_U0.60,0.2,0.6,840,"{'0': 420, '1': 420}",707,"{'0': 451, '1': 256}",0,"{'0': 0, '1': 0}",[],0,4f53cda18c2baa0c0354bb5f9a3ecbe5ed12ab4d8e11ba873c2f11161202b945,False,"insufficient_eligible_synthetic:{""1"":164}"
ko_binary_nsmc,1022,3.0,L0.30_U0.60,0.3,0.6,840,"{'0': 420, '1': 420}",707,"{'0': 451, '1': 256}",0,"{'0': 0, '1': 0}",[],0,4f53cda18c2baa0c0354bb5f9a3ecbe5ed12ab4d8e11ba873c2f11161202b945,False,"insufficient_eligible_synthetic:{""1"":164}"
ko_binary_nsmc,1022,3.0,L0.40_U0.60,0.4,0.6,840,"{'0': 420, '1': 420}",692,"{'0': 442, '1': 250}",0,"{'0': 0, '1': 0}",[],0,4f53cda18c2baa0c0354bb5f9a3ecbe5ed12ab4d8e11ba873c2f11161202b945,False,"insufficient_eligible_synthetic:{""1"":170}"
ko_binary_nsmc,1022,3.5,L0.10_U0.60,0.1,0.6,980,"{'0': 490, '1': 490}",707,"{'0': 451, '1': 256}",0,"{'0': 0, '1': 0}",[],0,4f53cda18c2baa0c0354bb5f9a3ecbe5ed12ab4d8e11ba873c2f11161202b945,False,"insufficient_eligible_synthetic:{""0"":39,""1"":234}"
ko_binary_nsmc,1022,3.5,L0.20_U0.60,0.2,0.6,980,"{'0': 490, '1': 490}",707,"{'0': 451, '1': 256}",0,"{'0': 0, '1': 0}",[],0,4f53cda18c2baa0c0354bb5f9a3ecbe5ed12ab4d8e11ba873c2f11161202b945,False,"insufficient_eligible_synthetic:{""0"":39,""1"":234}"
ko_binary_nsmc,1022,3.5,L0.30_U0.60,0.3,0.6,980,"{'0': 490, '1': 490}",707,"{'0': 451, '1': 256}",0,"{'0': 0, '1': 0}",[],0,4f53cda18c2baa0c0354bb5f9a3ecbe5ed12ab4d8e11ba873c2f11161202b945,False,"insufficient_eligible_synthetic:{""0"":39,""1"":234}"
ko_binary_nsmc,1022,3.5,L0.40_U0.60,0.4,0.6,980,"{'0': 490, '1': 490}",692,"{'0': 442, '1': 250}",0,"{'0': 0, '1': 0}",[],0,4f53cda18c2baa0c0354bb5f9a3ecbe5ed12ab4d8e11ba873c2f11161202b945,False,"insufficient_eligible_synthetic:{""0"":48,""1"":240}"
ko_binary_nsmc,1022,4.0,L0.10_U0.60,0.1,0.6,1120,"{'0': 560, '1': 560}",707,"{'0': 451, '1': 256}",0,"{'0': 0, '1': 0}",[],0,4f53cda18c2baa0c0354bb5f9a3ecbe5ed12ab4d8e11ba873c2f11161202b945,False,"insufficient_eligible_synthetic:{""0"":109,""1"":304}"
ko_binary_nsmc,1022,4.0,L0.20_U0.60,0.2,0.6,1120,"{'0': 560, '1': 560}",707,"{'0': 451, '1': 256}",0,"{'0': 0, '1': 0}",[],0,4f53cda18c2baa0c0354bb5f9a3ecbe5ed12ab4d8e11ba873c2f11161202b945,False,"insufficient_eligible_synthetic:{""0"":109,""1"":304}"
ko_binary_nsmc,1022,4.0,L0.30_U0.60,0.3,0.6,1120,"{'0': 560, '1': 560}",707,"{'0': 451, '1': 256}",0,"{'0': 0, '1': 0}",[],0,4f53cda18c2baa0c0354bb5f9a3ecbe5ed12ab4d8e11ba873c2f11161202b945,False,"insufficient_eligible_synthetic:{""0"":109,""1"":304}"
ko_binary_nsmc,1022,4.0,L0.40_U0.60,0.4,0.6,1120,"{'0': 560, '1': 560}",692,"{'0': 442, '1': 250}",0,"{'0': 0, '1': 0}",[],0,4f53cda18c2baa0c0354bb5f9a3ecbe5ed12ab4d8e11ba873c2f11161202b945,False,"insufficient_eligible_synthetic:{""0"":118,""1"":310}"
ko_binary_nsmc,1023,2.5,L0.10_U0.60,0.1,0.6,700,"{'0': 350, '1': 350}",896,"{'0': 565, '1': 331}",0,"{'0': 0, '1': 0}",[],0,4f53cda18c2baa0c0354bb5f9a3ecbe5ed12ab4d8e11ba873c2f11161202b945,False,"insufficient_eligible_synthetic:{""1"":19}"
ko_binary_nsmc,1023,2.5,L0.20_U0.60,0.2,0.6,700,"{'0': 350, '1': 350}",896,"{'0': 565, '1': 331}",0,"{'0': 0, '1': 0}",[],0,4f53cda18c2baa0c0354bb5f9a3ecbe5ed12ab4d8e11ba873c2f11161202b945,False,"insufficient_eligible_synthetic:{""1"":19}"
ko_binary_nsmc,1023,2.5,L0.30_U0.60,0.3,0.6,700,"{'0': 350, '1': 350}",896,"{'0': 565, '1': 331}",0,"{'0': 0, '1': 0}",[],0,4f53cda18c2baa0c0354bb5f9a3ecbe5ed12ab4d8e11ba873c2f11161202b945,False,"insufficient_eligible_synthetic:{""1"":19}"
ko_binary_nsmc,1023,2.5,L0.40_U0.60,0.4,0.6,700,"{'0': 350, '1': 350}",855,"{'0': 534, '1': 321}",0,"{'0': 0, '1': 0}",[],0,4f53cda18c2baa0c0354bb5f9a3ecbe5ed12ab4d8e11ba873c2f11161202b945,False,"insufficient_eligible_synthetic:{""1"":29}"
ko_binary_nsmc,1023,3.0,L0.10_U0.60,0.1,0.6,840,"{'0': 420, '1': 420}",896,"{'0': 565, '1': 331}",0,"{'0': 0, '1': 0}",[],0,4f53cda18c2baa0c0354bb5f9a3ecbe5ed12ab4d8e11ba873c2f11161202b945,False,"insufficient_eligible_synthetic:{""1"":89}"
ko_binary_nsmc,1023,3.0,L0.20_U0.60,0.2,0.6,840,"{'0': 420, '1': 420}",896,"{'0': 565, '1': 331}",0,"{'0': 0, '1': 0}",[],0,4f53cda18c2baa0c0354bb5f9a3ecbe5ed12ab4d8e11ba873c2f11161202b945,False,"insufficient_eligible_synthetic:{""1"":89}"
ko_binary_nsmc,1023,3.0,L0.30_U0.60,0.3,0.6,840,"{'0': 420, '1': 420}",896,"{'0': 565, '1': 331}",0,"{'0': 0, '1': 0}",[],0,4f53cda18c2baa0c0354bb5f9a3ecbe5ed12ab4d8e11ba873c2f11161202b945,False,"insufficient_eligible_synthetic:{""1"":89}"
ko_binary_nsmc,1023,3.0,L0.40_U0.60,0.4,0.6,840,"{'0': 420, '1': 420}",855,"{'0': 534, '1': 321}",0,"{'0': 0, '1': 0}",[],0,4f53cda18c2baa0c0354bb5f9a3ecbe5ed12ab4d8e11ba873c2f11161202b945,False,"insufficient_eligible_synthetic:{""1"":99}"
ko_binary_nsmc,1023,3.5,L0.10_U0.60,0.1,0.6,980,"{'0': 490, '1': 490}",896,"{'0': 565, '1': 331}",0,"{'0': 0, '1': 0}",[],0,4f53cda18c2baa0c0354bb5f9a3ecbe5ed12ab4d8e11ba873c2f11161202b945,False,"insufficient_eligible_synthetic:{""1"":159}"
ko_binary_nsmc,1023,3.5,L0.20_U0.60,0.2,0.6,980,"{'0': 490, '1': 490}",896,"{'0': 565, '1': 331}",0,"{'0': 0, '1': 0}",[],0,4f53cda18c2baa0c0354bb5f9a3ecbe5ed12ab4d8e11ba873c2f11161202b945,False,"insufficient_eligible_synthetic:{""1"":159}"
ko_binary_nsmc,1023,3.5,L0.30_U0.60,0.3,0.6,980,"{'0': 490, '1': 490}",896,"{'0': 565, '1': 331}",0,"{'0': 0, '1': 0}",[],0,4f53cda18c2baa0c0354bb5f9a3ecbe5ed12ab4d8e11ba873c2f11161202b945,False,"insufficient_eligible_synthetic:{""1"":159}"
ko_binary_nsmc,1023,3.5,L0.40_U0.60,0.4,0.6,980,"{'0': 490, '1': 490}",855,"{'0': 534, '1': 321}",0,"{'0': 0, '1': 0}",[],0,4f53cda18c2baa0c0354bb5f9a3ecbe5ed12ab4d8e11ba873c2f11161202b945,False,"insufficient_eligible_synthetic:{""1"":169}"
ko_binary_nsmc,1023,4.0,L0.10_U0.60,0.1,0.6,1120,"{'0': 560, '1': 560}",896,"{'0': 565, '1': 331}",0,"{'0': 0, '1': 0}",[],0,4f53cda18c2baa0c0354bb5f9a3ecbe5ed12ab4d8e11ba873c2f11161202b945,False,"insufficient_eligible_synthetic:{""1"":229}"
ko_binary_nsmc,1023,4.0,L0.20_U0.60,0.2,0.6,1120,"{'0': 560, '1': 560}",896,"{'0': 565, '1': 331}",0,"{'0': 0, '1': 0}",[],0,4f53cda18c2baa0c0354bb5f9a3ecbe5ed12ab4d8e11ba873c2f11161202b945,False,"insufficient_eligible_synthetic:{""1"":229}"
ko_binary_nsmc,1023,4.0,L0.30_U0.60,0.3,0.6,1120,"{'0': 560, '1': 560}",896,"{'0': 565, '1': 331}",0,"{'0': 0, '1': 0}",[],0,4f53cda18c2baa0c0354bb5f9a3ecbe5ed12ab4d8e11ba873c2f11161202b945,False,"insufficient_eligible_synthetic:{""1"":229}"
ko_binary_nsmc,1023,4.0,L0.40_U0.60,0.4,0.6,1120,"{'0': 560, '1': 560}",855,"{'0': 534, '1': 321}",0,"{'0': 0, '1': 0}",[],0,4f53cda18c2baa0c0354bb5f9a3ecbe5ed12ab4d8e11ba873c2f11161202b945,False,"insufficient_eligible_synthetic:{""0"":26,""1"":239}"
ko_binary_nsmc,1024,3.0,L0.10_U0.60,0.1,0.6,840,"{'0': 420, '1': 420}",977,"{'0': 597, '1': 380}",0,"{'0': 0, '1': 0}",[],0,4f53cda18c2baa0c0354bb5f9a3ecbe5ed12ab4d8e11ba873c2f11161202b945,False,"insufficient_eligible_synthetic:{""1"":40}"
ko_binary_nsmc,1024,3.0,L0.20_U0.60,0.2,0.6,840,"{'0': 420, '1': 420}",977,"{'0': 597, '1': 380}",0,"{'0': 0, '1': 0}",[],0,4f53cda18c2baa0c0354bb5f9a3ecbe5ed12ab4d8e11ba873c2f11161202b945,False,"insufficient_eligible_synthetic:{""1"":40}"
ko_binary_nsmc,1024,3.0,L0.30_U0.60,0.3,0.6,840,"{'0': 420, '1': 420}",970,"{'0': 590, '1': 380}",0,"{'0': 0, '1': 0}",[],0,4f53cda18c2baa0c0354bb5f9a3ecbe5ed12ab4d8e11ba873c2f11161202b945,False,"insufficient_eligible_synthetic:{""1"":40}"
ko_binary_nsmc,1024,3.0,L0.40_U0.60,0.4,0.6,840,"{'0': 420, '1': 420}",933,"{'0': 562, '1': 371}",0,"{'0': 0, '1': 0}",[],0,4f53cda18c2baa0c0354bb5f9a3ecbe5ed12ab4d8e11ba873c2f11161202b945,False,"insufficient_eligible_synthetic:{""1"":49}"
ko_binary_nsmc,1024,3.5,L0.10_U0.60,0.1,0.6,980,"{'0': 490, '1': 490}",977,"{'0': 597, '1': 380}",0,"{'0': 0, '1': 0}",[],0,4f53cda18c2baa0c0354bb5f9a3ecbe5ed12ab4d8e11ba873c2f11161202b945,False,"insufficient_eligible_synthetic:{""1"":110}"
ko_binary_nsmc,1024,3.5,L0.20_U0.60,0.2,0.6,980,"{'0': 490, '1': 490}",977,"{'0': 597, '1': 380}",0,"{'0': 0, '1': 0}",[],0,4f53cda18c2baa0c0354bb5f9a3ecbe5ed12ab4d8e11ba873c2f11161202b945,False,"insufficient_eligible_synthetic:{""1"":110}"
ko_binary_nsmc,1024,3.5,L0.30_U0.60,0.3,0.6,980,"{'0': 490, '1': 490}",970,"{'0': 590, '1': 380}",0,"{'0': 0, '1': 0}",[],0,4f53cda18c2baa0c0354bb5f9a3ecbe5ed12ab4d8e11ba873c2f11161202b945,False,"insufficient_eligible_synthetic:{""1"":110}"
ko_binary_nsmc,1024,3.5,L0.40_U0.60,0.4,0.6,980,"{'0': 490, '1': 490}",933,"{'0': 562, '1': 371}",0,"{'0': 0, '1': 0}",[],0,4f53cda18c2baa0c0354bb5f9a3ecbe5ed12ab4d8e11ba873c2f11161202b945,False,"insufficient_eligible_synthetic:{""1"":119}"
ko_binary_nsmc,1024,4.0,L0.10_U0.60,0.1,0.6,1120,"{'0': 560, '1': 560}",977,"{'0': 597, '1': 380}",0,"{'0': 0, '1': 0}",[],0,4f53cda18c2baa0c0354bb5f9a3ecbe5ed12ab4d8e11ba873c2f11161202b945,False,"insufficient_eligible_synthetic:{""1"":180}"
ko_binary_nsmc,1024,4.0,L0.20_U0.60,0.2,0.6,1120,"{'0': 560, '1': 560}",977,"{'0': 597, '1': 380}",0,"{'0': 0, '1': 0}",[],0,4f53cda18c2baa0c0354bb5f9a3ecbe5ed12ab4d8e11ba873c2f11161202b945,False,"insufficient_eligible_synthetic:{""1"":180}"
ko_binary_nsmc,1024,4.0,L0.30_U0.60,0.3,0.6,1120,"{'0': 560, '1': 560}",970,"{'0': 590, '1': 380}",0,"{'0': 0, '1': 0}",[],0,4f53cda18c2baa0c0354bb5f9a3ecbe5ed12ab4d8e11ba873c2f11161202b945,False,"insufficient_eligible_synthetic:{""1"":180}"
ko_binary_nsmc,1024,4.0,L0.40_U0.60,0.4,0.6,1120,"{'0': 560, '1': 560}",933,"{'0': 562, '1': 371}",0,"{'0': 0, '1': 0}",[],0,4f53cda18c2baa0c0354bb5f9a3ecbe5ed12ab4d8e11ba873c2f11161202b945,False,"insufficient_eligible_synthetic:{""1"":189}"
ko_binary_nsmc,1025,3.5,L0.10_U0.60,0.1,0.6,980,"{'0': 490, '1': 490}",1029,"{'0': 569, '1': 460}",0,"{'0': 0, '1': 0}",[],0,4f53cda18c2baa0c0354bb5f9a3ecbe5ed12ab4d8e11ba873c2f11161202b945,False,"insufficient_eligible_synthetic:{""1"":30}"
ko_binary_nsmc,1025,3.5,L0.20_U0.60,0.2,0.6,980,"{'0': 490, '1': 490}",1029,"{'0': 569, '1': 460}",0,"{'0': 0, '1': 0}",[],0,4f53cda18c2baa0c0354bb5f9a3ecbe5ed12ab4d8e11ba873c2f11161202b945,False,"insufficient_eligible_synthetic:{""1"":30}"
ko_binary_nsmc,1025,3.5,L0.30_U0.60,0.3,0.6,980,"{'0': 490, '1': 490}",1029,"{'0': 569, '1': 460}",0,"{'0': 0, '1': 0}",[],0,4f53cda18c2baa0c0354bb5f9a3ecbe5ed12ab4d8e11ba873c2f11161202b945,False,"insufficient_eligible_synthetic:{""1"":30}"
ko_binary_nsmc,1025,3.5,L0.40_U0.60,0.4,0.6,980,"{'0': 490, '1': 490}",1002,"{'0': 550, '1': 452}",0,"{'0': 0, '1': 0}",[],0,4f53cda18c2baa0c0354bb5f9a3ecbe5ed12ab4d8e11ba873c2f11161202b945,False,"insufficient_eligible_synthetic:{""1"":38}"
ko_binary_nsmc,1025,4.0,L0.10_U0.60,0.1,0.6,1120,"{'0': 560, '1': 560}",1029,"{'0': 569, '1': 460}",0,"{'0': 0, '1': 0}",[],0,4f53cda18c2baa0c0354bb5f9a3ecbe5ed12ab4d8e11ba873c2f11161202b945,False,"insufficient_eligible_synthetic:{""1"":100}"
ko_binary_nsmc,1025,4.0,L0.20_U0.60,0.2,0.6,1120,"{'0': 560, '1': 560}",1029,"{'0': 569, '1': 460}",0,"{'0': 0, '1': 0}",[],0,4f53cda18c2baa0c0354bb5f9a3ecbe5ed12ab4d8e11ba873c2f11161202b945,False,"insufficient_eligible_synthetic:{""1"":100}"
ko_binary_nsmc,1025,4.0,L0.30_U0.60,0.3,0.6,1120,"{'0': 560, '1': 560}",1029,"{'0': 569, '1': 460}",0,"{'0': 0, '1': 0}",[],0,4f53cda18c2baa0c0354bb5f9a3ecbe5ed12ab4d8e11ba873c2f11161202b945,False,"insufficient_eligible_synthetic:{""1"":100}"
ko_binary_nsmc,1025,4.0,L0.40_U0.60,0.4,0.6,1120,"{'0': 560, '1': 560}",1002,"{'0': 550, '1': 452}",0,"{'0': 0, '1': 0}",[],0,4f53cda18c2baa0c0354bb5f9a3ecbe5ed12ab4d8e11ba873c2f11161202b945,False,"insufficient_eligible_synthetic:{""0"":10,""1"":108}"
ko_binary_nsmc,1026,2.5,L0.10_U0.60,0.1,0.6,700,"{'0': 350, '1': 350}",918,"{'0': 593, '1': 325}",0,"{'0': 0, '1': 0}",[],0,4f53cda18c2baa0c0354bb5f9a3ecbe5ed12ab4d8e11ba873c2f11161202b945,False,"insufficient_eligible_synthetic:{""1"":25}"
ko_binary_nsmc,1026,2.5,L0.20_U0.60,0.2,0.6,700,"{'0': 350, '1': 350}",918,"{'0': 593, '1': 325}",0,"{'0': 0, '1': 0}",[],0,4f53cda18c2baa0c0354bb5f9a3ecbe5ed12ab4d8e11ba873c2f11161202b945,False,"insufficient_eligible_synthetic:{""1"":25}"
ko_binary_nsmc,1026,2.5,L0.30_U0.60,0.3,0.6,700,"{'0': 350, '1': 350}",911,"{'0': 586, '1': 325}",0,"{'0': 0, '1': 0}",[],0,4f53cda18c2baa0c0354bb5f9a3ecbe5ed12ab4d8e11ba873c2f11161202b945,False,"insufficient_eligible_synthetic:{""1"":25}"
ko_binary_nsmc,1026,2.5,L0.40_U0.60,0.4,0.6,700,"{'0': 350, '1': 350}",888,"{'0': 568, '1': 320}",0,"{'0': 0, '1': 0}",[],0,4f53cda18c2baa0c0354bb5f9a3ecbe5ed12ab4d8e11ba873c2f11161202b945,False,"insufficient_eligible_synthetic:{""1"":30}"
ko_binary_nsmc,1026,3.0,L0.10_U0.60,0.1,0.6,840,"{'0': 420, '1': 420}",918,"{'0': 593, '1': 325}",0,"{'0': 0, '1': 0}",[],0,4f53cda18c2baa0c0354bb5f9a3ecbe5ed12ab4d8e11ba873c2f11161202b945,False,"insufficient_eligible_synthetic:{""1"":95}"
ko_binary_nsmc,1026,3.0,L0.20_U0.60,0.2,0.6,840,"{'0': 420, '1': 420}",918,"{'0': 593, '1': 325}",0,"{'0': 0, '1': 0}",[],0,4f53cda18c2baa0c0354bb5f9a3ecbe5ed12ab4d8e11ba873c2f11161202b945,False,"insufficient_eligible_synthetic:{""1"":95}"
ko_binary_nsmc,1026,3.0,L0.30_U0.60,0.3,0.6,840,"{'0': 420, '1': 420}",911,"{'0': 586, '1': 325}",0,"{'0': 0, '1': 0}",[],0,4f53cda18c2baa0c0354bb5f9a3ecbe5ed12ab4d8e11ba873c2f11161202b945,False,"insufficient_eligible_synthetic:{""1"":95}"
ko_binary_nsmc,1026,3.0,L0.40_U0.60,0.4,0.6,840,"{'0': 420, '1': 420}",888,"{'0': 568, '1': 320}",0,"{'0': 0, '1': 0}",[],0,4f53cda18c2baa0c0354bb5f9a3ecbe5ed12ab4d8e11ba873c2f11161202b945,False,"insufficient_eligible_synthetic:{""1"":100}"
ko_binary_nsmc,1026,3.5,L0.10_U0.60,0.1,0.6,980,"{'0': 490, '1': 490}",918,"{'0': 593, '1': 325}",0,"{'0': 0, '1': 0}",[],0,4f53cda18c2baa0c0354bb5f9a3ecbe5ed12ab4d8e11ba873c2f11161202b945,False,"insufficient_eligible_synthetic:{""1"":165}"
ko_binary_nsmc,1026,3.5,L0.20_U0.60,0.2,0.6,980,"{'0': 490, '1': 490}",918,"{'0': 593, '1': 325}",0,"{'0': 0, '1': 0}",[],0,4f53cda18c2baa0c0354bb5f9a3ecbe5ed12ab4d8e11ba873c2f11161202b945,False,"insufficient_eligible_synthetic:{""1"":165}"
ko_binary_nsmc,1026,3.5,L0.30_U0.60,0.3,0.6,980,"{'0': 490, '1': 490}",911,"{'0': 586, '1': 325}",0,"{'0': 0, '1': 0}",[],0,4f53cda18c2baa0c0354bb5f9a3ecbe5ed12ab4d8e11ba873c2f11161202b945,False,"insufficient_eligible_synthetic:{""1"":165}"
ko_binary_nsmc,1026,3.5,L0.40_U0.60,0.4,0.6,980,"{'0': 490, '1': 490}",888,"{'0': 568, '1': 320}",0,"{'0': 0, '1': 0}",[],0,4f53cda18c2baa0c0354bb5f9a3ecbe5ed12ab4d8e11ba873c2f11161202b945,False,"insufficient_eligible_synthetic:{""1"":170}"
ko_binary_nsmc,1026,4.0,L0.10_U0.60,0.1,0.6,1120,"{'0': 560, '1': 560}",918,"{'0': 593, '1': 325}",0,"{'0': 0, '1': 0}",[],0,4f53cda18c2baa0c0354bb5f9a3ecbe5ed12ab4d8e11ba873c2f11161202b945,False,"insufficient_eligible_synthetic:{""1"":235}"
ko_binary_nsmc,1026,4.0,L0.20_U0.60,0.2,0.6,1120,"{'0': 560, '1': 560}",918,"{'0': 593, '1': 325}",0,"{'0': 0, '1': 0}",[],0,4f53cda18c2baa0c0354bb5f9a3ecbe5ed12ab4d8e11ba873c2f11161202b945,False,"insufficient_eligible_synthetic:{""1"":235}"
ko_binary_nsmc,1026,4.0,L0.30_U0.60,0.3,0.6,1120,"{'0': 560, '1': 560}",911,"{'0': 586, '1': 325}",0,"{'0': 0, '1': 0}",[],0,4f53cda18c2baa0c0354bb5f9a3ecbe5ed12ab4d8e11ba873c2f11161202b945,False,"insufficient_eligible_synthetic:{""1"":235}"
ko_binary_nsmc,1026,4.0,L0.40_U0.60,0.4,0.6,1120,"{'0': 560, '1': 560}",888,"{'0': 568, '1': 320}",0,"{'0': 0, '1': 0}",[],0,4f53cda18c2baa0c0354bb5f9a3ecbe5ed12ab4d8e11ba873c2f11161202b945,False,"insufficient_eligible_synthetic:{""1"":240}"
ko_binary_nsmc,1027,2.5,L0.10_U0.60,0.1,0.6,700,"{'0': 350, '1': 350}",798,"{'0': 506, '1': 292}",0,"{'0': 0, '1': 0}",[],0,4f53cda18c2baa0c0354bb5f9a3ecbe5ed12ab4d8e11ba873c2f11161202b945,False,"insufficient_eligible_synthetic:{""1"":58}"
ko_binary_nsmc,1027,2.5,L0.20_U0.60,0.2,0.6,700,"{'0': 350, '1': 350}",798,"{'0': 506, '1': 292}",0,"{'0': 0, '1': 0}",[],0,4f53cda18c2baa0c0354bb5f9a3ecbe5ed12ab4d8e11ba873c2f11161202b945,False,"insufficient_eligible_synthetic:{""1"":58}"
ko_binary_nsmc,1027,2.5,L0.30_U0.60,0.3,0.6,700,"{'0': 350, '1': 350}",791,"{'0': 499, '1': 292}",0,"{'0': 0, '1': 0}",[],0,4f53cda18c2baa0c0354bb5f9a3ecbe5ed12ab4d8e11ba873c2f11161202b945,False,"insufficient_eligible_synthetic:{""1"":58}"
ko_binary_nsmc,1027,2.5,L0.40_U0.60,0.4,0.6,700,"{'0': 350, '1': 350}",752,"{'0': 471, '1': 281}",0,"{'0': 0, '1': 0}",[],0,4f53cda18c2baa0c0354bb5f9a3ecbe5ed12ab4d8e11ba873c2f11161202b945,False,"insufficient_eligible_synthetic:{""1"":69}"
ko_binary_nsmc,1027,3.0,L0.10_U0.60,0.1,0.6,840,"{'0': 420, '1': 420}",798,"{'0': 506, '1': 292}",0,"{'0': 0, '1': 0}",[],0,4f53cda18c2baa0c0354bb5f9a3ecbe5ed12ab4d8e11ba873c2f11161202b945,False,"insufficient_eligible_synthetic:{""1"":128}"
ko_binary_nsmc,1027,3.0,L0.20_U0.60,0.2,0.6,840,"{'0': 420, '1': 420}",798,"{'0': 506, '1': 292}",0,"{'0': 0, '1': 0}",[],0,4f53cda18c2baa0c0354bb5f9a3ecbe5ed12ab4d8e11ba873c2f11161202b945,False,"insufficient_eligible_synthetic:{""1"":128}"
ko_binary_nsmc,1027,3.0,L0.30_U0.60,0.3,0.6,840,"{'0': 420, '1': 420}",791,"{'0': 499, '1': 292}",0,"{'0': 0, '1': 0}",[],0,4f53cda18c2baa0c0354bb5f9a3ecbe5ed12ab4d8e11ba873c2f11161202b945,False,"insufficient_eligible_synthetic:{""1"":128}"
ko_binary_nsmc,1027,3.0,L0.40_U0.60,0.4,0.6,840,"{'0': 420, '1': 420}",752,"{'0': 471, '1': 281}",0,"{'0': 0, '1': 0}",[],0,4f53cda18c2baa0c0354bb5f9a3ecbe5ed12ab4d8e11ba873c2f11161202b945,False,"insufficient_eligible_synthetic:{""1"":139}"
ko_binary_nsmc,1027,3.5,L0.10_U0.60,0.1,0.6,980,"{'0': 490, '1': 490}",798,"{'0': 506, '1': 292}",0,"{'0': 0, '1': 0}",[],0,4f53cda18c2baa0c0354bb5f9a3ecbe5ed12ab4d8e11ba873c2f11161202b945,False,"insufficient_eligible_synthetic:{""1"":198}"
ko_binary_nsmc,1027,3.5,L0.20_U0.60,0.2,0.6,980,"{'0': 490, '1': 490}",798,"{'0': 506, '1': 292}",0,"{'0': 0, '1': 0}",[],0,4f53cda18c2baa0c0354bb5f9a3ecbe5ed12ab4d8e11ba873c2f11161202b945,False,"insufficient_eligible_synthetic:{""1"":198}"
ko_binary_nsmc,1027,3.5,L0.30_U0.60,0.3,0.6,980,"{'0': 490, '1': 490}",791,"{'0': 499, '1': 292}",0,"{'0': 0, '1': 0}",[],0,4f53cda18c2baa0c0354bb5f9a3ecbe5ed12ab4d8e11ba873c2f11161202b945,False,"insufficient_eligible_synthetic:{""1"":198}"
ko_binary_nsmc,1027,3.5,L0.40_U0.60,0.4,0.6,980,"{'0': 490, '1': 490}",752,"{'0': 471, '1': 281}",0,"{'0': 0, '1': 0}",[],0,4f53cda18c2baa0c0354bb5f9a3ecbe5ed12ab4d8e11ba873c2f11161202b945,False,"insufficient_eligible_synthetic:{""0"":19,""1"":209}"
ko_binary_nsmc,1027,4.0,L0.10_U0.60,0.1,0.6,1120,"{'0': 560, '1': 560}",798,"{'0': 506, '1': 292}",0,"{'0': 0, '1': 0}",[],0,4f53cda18c2baa0c0354bb5f9a3ecbe5ed12ab4d8e11ba873c2f11161202b945,False,"insufficient_eligible_synthetic:{""0"":54,""1"":268}"
ko_binary_nsmc,1027,4.0,L0.20_U0.60,0.2,0.6,1120,"{'0': 560, '1': 560}",798,"{'0': 506, '1': 292}",0,"{'0': 0, '1': 0}",[],0,4f53cda18c2baa0c0354bb5f9a3ecbe5ed12ab4d8e11ba873c2f11161202b945,False,"insufficient_eligible_synthetic:{""0"":54,""1"":268}"
ko_binary_nsmc,1027,4.0,L0.30_U0.60,0.3,0.6,1120,"{'0': 560, '1': 560}",791,"{'0': 499, '1': 292}",0,"{'0': 0, '1': 0}",[],0,4f53cda18c2baa0c0354bb5f9a3ecbe5ed12ab4d8e11ba873c2f11161202b945,False,"insufficient_eligible_synthetic:{""0"":61,""1"":268}"
ko_binary_nsmc,1027,4.0,L0.40_U0.60,0.4,0.6,1120,"{'0': 560, '1': 560}",752,"{'0': 471, '1': 281}",0,"{'0': 0, '1': 0}",[],0,4f53cda18c2baa0c0354bb5f9a3ecbe5ed12ab4d8e11ba873c2f11161202b945,False,"insufficient_eligible_synthetic:{""0"":89,""1"":279}"
ko_binary_nsmc,1028,2.5,L0.10_U0.60,0.1,0.6,700,"{'0': 350, '1': 350}",861,"{'0': 536, '1': 325}",0,"{'0': 0, '1': 0}",[],0,4f53cda18c2baa0c0354bb5f9a3ecbe5ed12ab4d8e11ba873c2f11161202b945,False,"insufficient_eligible_synthetic:{""1"":25}"
ko_binary_nsmc,1028,2.5,L0.20_U0.60,0.2,0.6,700,"{'0': 350, '1': 350}",861,"{'0': 536, '1': 325}",0,"{'0': 0, '1': 0}",[],0,4f53cda18c2baa0c0354bb5f9a3ecbe5ed12ab4d8e11ba873c2f11161202b945,False,"insufficient_eligible_synthetic:{""1"":25}"
ko_binary_nsmc,1028,2.5,L0.30_U0.60,0.3,0.6,700,"{'0': 350, '1': 350}",858,"{'0': 536, '1': 322}",0,"{'0': 0, '1': 0}",[],0,4f53cda18c2baa0c0354bb5f9a3ecbe5ed12ab4d8e11ba873c2f11161202b945,False,"insufficient_eligible_synthetic:{""1"":28}"
ko_binary_nsmc,1028,2.5,L0.40_U0.60,0.4,0.6,700,"{'0': 350, '1': 350}",783,"{'0': 495, '1': 288}",0,"{'0': 0, '1': 0}",[],0,4f53cda18c2baa0c0354bb5f9a3ecbe5ed12ab4d8e11ba873c2f11161202b945,False,"insufficient_eligible_synthetic:{""1"":62}"
ko_binary_nsmc,1028,3.0,L0.10_U0.60,0.1,0.6,840,"{'0': 420, '1': 420}",861,"{'0': 536, '1': 325}",0,"{'0': 0, '1': 0}",[],0,4f53cda18c2baa0c0354bb5f9a3ecbe5ed12ab4d8e11ba873c2f11161202b945,False,"insufficient_eligible_synthetic:{""1"":95}"
ko_binary_nsmc,1028,3.0,L0.20_U0.60,0.2,0.6,840,"{'0': 420, '1': 420}",861,"{'0': 536, '1': 325}",0,"{'0': 0, '1': 0}",[],0,4f53cda18c2baa0c0354bb5f9a3ecbe5ed12ab4d8e11ba873c2f11161202b945,False,"insufficient_eligible_synthetic:{""1"":95}"
ko_binary_nsmc,1028,3.0,L0.30_U0.60,0.3,0.6,840,"{'0': 420, '1': 420}",858,"{'0': 536, '1': 322}",0,"{'0': 0, '1': 0}",[],0,4f53cda18c2baa0c0354bb5f9a3ecbe5ed12ab4d8e11ba873c2f11161202b945,False,"insufficient_eligible_synthetic:{""1"":98}"
ko_binary_nsmc,1028,3.0,L0.40_U0.60,0.4,0.6,840,"{'0': 420, '1': 420}",783,"{'0': 495, '1': 288}",0,"{'0': 0, '1': 0}",[],0,4f53cda18c2baa0c0354bb5f9a3ecbe5ed12ab4d8e11ba873c2f11161202b945,False,"insufficient_eligible_synthetic:{""1"":132}"
ko_binary_nsmc,1028,3.5,L0.10_U0.60,0.1,0.6,980,"{'0': 490, '1': 490}",861,"{'0': 536, '1': 325}",0,"{'0': 0, '1': 0}",[],0,4f53cda18c2baa0c0354bb5f9a3ecbe5ed12ab4d8e11ba873c2f11161202b945,False,"insufficient_eligible_synthetic:{""1"":165}"
ko_binary_nsmc,1028,3.5,L0.20_U0.60,0.2,0.6,980,"{'0': 490, '1': 490}",861,"{'0': 536, '1': 325}",0,"{'0': 0, '1': 0}",[],0,4f53cda18c2baa0c0354bb5f9a3ecbe5ed12ab4d8e11ba873c2f11161202b945,False,"insufficient_eligible_synthetic:{""1"":165}"
ko_binary_nsmc,1028,3.5,L0.30_U0.60,0.3,0.6,980,"{'0': 490, '1': 490}",858,"{'0': 536, '1': 322}",0,"{'0': 0, '1': 0}",[],0,4f53cda18c2baa0c0354bb5f9a3ecbe5ed12ab4d8e11ba873c2f11161202b945,False,"insufficient_eligible_synthetic:{""1"":168}"
ko_binary_nsmc,1028,3.5,L0.40_U0.60,0.4,0.6,980,"{'0': 490, '1': 490}",783,"{'0': 495, '1': 288}",0,"{'0': 0, '1': 0}",[],0,4f53cda18c2baa0c0354bb5f9a3ecbe5ed12ab4d8e11ba873c2f11161202b945,False,"insufficient_eligible_synthetic:{""1"":202}"
ko_binary_nsmc,1028,4.0,L0.10_U0.60,0.1,0.6,1120,"{'0': 560, '1': 560}",861,"{'0': 536, '1': 325}",0,"{'0': 0, '1': 0}",[],0,4f53cda18c2baa0c0354bb5f9a3ecbe5ed12ab4d8e11ba873c2f11161202b945,False,"insufficient_eligible_synthetic:{""0"":24,""1"":235}"
ko_binary_nsmc,1028,4.0,L0.20_U0.60,0.2,0.6,1120,"{'0': 560, '1': 560}",861,"{'0': 536, '1': 325}",0,"{'0': 0, '1': 0}",[],0,4f53cda18c2baa0c0354bb5f9a3ecbe5ed12ab4d8e11ba873c2f11161202b945,False,"insufficient_eligible_synthetic:{""0"":24,""1"":235}"
ko_binary_nsmc,1028,4.0,L0.30_U0.60,0.3,0.6,1120,"{'0': 560, '1': 560}",858,"{'0': 536, '1': 322}",0,"{'0': 0, '1': 0}",[],0,4f53cda18c2baa0c0354bb5f9a3ecbe5ed12ab4d8e11ba873c2f11161202b945,False,"insufficient_eligible_synthetic:{""0"":24,""1"":238}"
ko_binary_nsmc,1028,4.0,L0.40_U0.60,0.4,0.6,1120,"{'0': 560, '1': 560}",783,"{'0': 495, '1': 288}",0,"{'0': 0, '1': 0}",[],0,4f53cda18c2baa0c0354bb5f9a3ecbe5ed12ab4d8e11ba873c2f11161202b945,False,"insufficient_eligible_synthetic:{""0"":65,""1"":272}"
ko_binary_nsmc,1029,2.5,L0.10_U0.60,0.1,0.6,700,"{'0': 350, '1': 350}",784,"{'0': 467, '1': 317}",0,"{'0': 0, '1': 0}",[],0,4f53cda18c2baa0c0354bb5f9a3ecbe5ed12ab4d8e11ba873c2f11161202b945,False,"insufficient_eligible_synthetic:{""1"":33}"
ko_binary_nsmc,1029,2.5,L0.20_U0.60,0.2,0.6,700,"{'0': 350, '1': 350}",784,"{'0': 467, '1': 317}",0,"{'0': 0, '1': 0}",[],0,4f53cda18c2baa0c0354bb5f9a3ecbe5ed12ab4d8e11ba873c2f11161202b945,False,"insufficient_eligible_synthetic:{""1"":33}"
ko_binary_nsmc,1029,2.5,L0.30_U0.60,0.3,0.6,700,"{'0': 350, '1': 350}",781,"{'0': 467, '1': 314}",0,"{'0': 0, '1': 0}",[],0,4f53cda18c2baa0c0354bb5f9a3ecbe5ed12ab4d8e11ba873c2f11161202b945,False,"insufficient_eligible_synthetic:{""1"":36}"
ko_binary_nsmc,1029,2.5,L0.40_U0.60,0.4,0.6,700,"{'0': 350, '1': 350}",738,"{'0': 456, '1': 282}",0,"{'0': 0, '1': 0}",[],0,4f53cda18c2baa0c0354bb5f9a3ecbe5ed12ab4d8e11ba873c2f11161202b945,False,"insufficient_eligible_synthetic:{""1"":68}"
ko_binary_nsmc,1029,3.0,L0.10_U0.60,0.1,0.6,840,"{'0': 420, '1': 420}",784,"{'0': 467, '1': 317}",0,"{'0': 0, '1': 0}",[],0,4f53cda18c2baa0c0354bb5f9a3ecbe5ed12ab4d8e11ba873c2f11161202b945,False,"insufficient_eligible_synthetic:{""1"":103}"
ko_binary_nsmc,1029,3.0,L0.20_U0.60,0.2,0.6,840,"{'0': 420, '1': 420}",784,"{'0': 467, '1': 317}",0,"{'0': 0, '1': 0}",[],0,4f53cda18c2baa0c0354bb5f9a3ecbe5ed12ab4d8e11ba873c2f11161202b945,False,"insufficient_eligible_synthetic:{""1"":103}"
ko_binary_nsmc,1029,3.0,L0.30_U0.60,0.3,0.6,840,"{'0': 420, '1': 420}",781,"{'0': 467, '1': 314}",0,"{'0': 0, '1': 0}",[],0,4f53cda18c2baa0c0354bb5f9a3ecbe5ed12ab4d8e11ba873c2f11161202b945,False,"insufficient_eligible_synthetic:{""1"":106}"
ko_binary_nsmc,1029,3.0,L0.40_U0.60,0.4,0.6,840,"{'0': 420, '1': 420}",738,"{'0': 456, '1': 282}",0,"{'0': 0, '1': 0}",[],0,4f53cda18c2baa0c0354bb5f9a3ecbe5ed12ab4d8e11ba873c2f11161202b945,False,"insufficient_eligible_synthetic:{""1"":138}"
ko_binary_nsmc,1029,3.5,L0.10_U0.60,0.1,0.6,980,"{'0': 490, '1': 490}",784,"{'0': 467, '1': 317}",0,"{'0': 0, '1': 0}",[],0,4f53cda18c2baa0c0354bb5f9a3ecbe5ed12ab4d8e11ba873c2f11161202b945,False,"insufficient_eligible_synthetic:{""0"":23,""1"":173}"
ko_binary_nsmc,1029,3.5,L0.20_U0.60,0.2,0.6,980,"{'0': 490, '1': 490}",784,"{'0': 467, '1': 317}",0,"{'0': 0, '1': 0}",[],0,4f53cda18c2baa0c0354bb5f9a3ecbe5ed12ab4d8e11ba873c2f11161202b945,False,"insufficient_eligible_synthetic:{""0"":23,""1"":173}"
ko_binary_nsmc,1029,3.5,L0.30_U0.60,0.3,0.6,980,"{'0': 490, '1': 490}",781,"{'0': 467, '1': 314}",0,"{'0': 0, '1': 0}",[],0,4f53cda18c2baa0c0354bb5f9a3ecbe5ed12ab4d8e11ba873c2f11161202b945,False,"insufficient_eligible_synthetic:{""0"":23,""1"":176}"
ko_binary_nsmc,1029,3.5,L0.40_U0.60,0.4,0.6,980,"{'0': 490, '1': 490}",738,"{'0': 456, '1': 282}",0,"{'0': 0, '1': 0}",[],0,4f53cda18c2baa0c0354bb5f9a3ecbe5ed12ab4d8e11ba873c2f11161202b945,False,"insufficient_eligible_synthetic:{""0"":34,""1"":208}"
ko_binary_nsmc,1029,4.0,L0.10_U0.60,0.1,0.6,1120,"{'0': 560, '1': 560}",784,"{'0': 467, '1': 317}",0,"{'0': 0, '1': 0}",[],0,4f53cda18c2baa0c0354bb5f9a3ecbe5ed12ab4d8e11ba873c2f11161202b945,False,"insufficient_eligible_synthetic:{""0"":93,""1"":243}"
ko_binary_nsmc,1029,4.0,L0.20_U0.60,0.2,0.6,1120,"{'0': 560, '1': 560}",784,"{'0': 467, '1': 317}",0,"{'0': 0, '1': 0}",[],0,4f53cda18c2baa0c0354bb5f9a3ecbe5ed12ab4d8e11ba873c2f11161202b945,False,"insufficient_eligible_synthetic:{""0"":93,""1"":243}"
ko_binary_nsmc,1029,4.0,L0.30_U0.60,0.3,0.6,1120,"{'0': 560, '1': 560}",781,"{'0': 467, '1': 314}",0,"{'0': 0, '1': 0}",[],0,4f53cda18c2baa0c0354bb5f9a3ecbe5ed12ab4d8e11ba873c2f11161202b945,False,"insufficient_eligible_synthetic:{""0"":93,""1"":246}"
ko_binary_nsmc,1029,4.0,L0.40_U0.60,0.4,0.6,1120,"{'0': 560, '1': 560}",738,"{'0': 456, '1': 282}",0,"{'0': 0, '1': 0}",[],0,4f53cda18c2baa0c0354bb5f9a3ecbe5ed12ab4d8e11ba873c2f11161202b945,False,"insufficient_eligible_synthetic:{""0"":104,""1"":278}"
ko_binary_nsmc,1030,3.0,L0.10_U0.60,0.1,0.6,840,"{'0': 420, '1': 420}",1015,"{'0': 623, '1': 392}",0,"{'0': 0, '1': 0}",[],0,4f53cda18c2baa0c0354bb5f9a3ecbe5ed12ab4d8e11ba873c2f11161202b945,False,"insufficient_eligible_synthetic:{""1"":28}"
ko_binary_nsmc,1030,3.0,L0.20_U0.60,0.2,0.6,840,"{'0': 420, '1': 420}",1015,"{'0': 623, '1': 392}",0,"{'0': 0, '1': 0}",[],0,4f53cda18c2baa0c0354bb5f9a3ecbe5ed12ab4d8e11ba873c2f11161202b945,False,"insufficient_eligible_synthetic:{""1"":28}"
ko_binary_nsmc,1030,3.0,L0.30_U0.60,0.3,0.6,840,"{'0': 420, '1': 420}",1014,"{'0': 623, '1': 391}",0,"{'0': 0, '1': 0}",[],0,4f53cda18c2baa0c0354bb5f9a3ecbe5ed12ab4d8e11ba873c2f11161202b945,False,"insufficient_eligible_synthetic:{""1"":29}"
ko_binary_nsmc,1030,3.0,L0.40_U0.60,0.4,0.6,840,"{'0': 420, '1': 420}",935,"{'0': 575, '1': 360}",0,"{'0': 0, '1': 0}",[],0,4f53cda18c2baa0c0354bb5f9a3ecbe5ed12ab4d8e11ba873c2f11161202b945,False,"insufficient_eligible_synthetic:{""1"":60}"
ko_binary_nsmc,1030,3.5,L0.10_U0.60,0.1,0.6,980,"{'0': 490, '1': 490}",1015,"{'0': 623, '1': 392}",0,"{'0': 0, '1': 0}",[],0,4f53cda18c2baa0c0354bb5f9a3ecbe5ed12ab4d8e11ba873c2f11161202b945,False,"insufficient_eligible_synthetic:{""1"":98}"
ko_binary_nsmc,1030,3.5,L0.20_U0.60,0.2,0.6,980,"{'0': 490, '1': 490}",1015,"{'0': 623, '1': 392}",0,"{'0': 0, '1': 0}",[],0,4f53cda18c2baa0c0354bb5f9a3ecbe5ed12ab4d8e11ba873c2f11161202b945,False,"insufficient_eligible_synthetic:{""1"":98}"
ko_binary_nsmc,1030,3.5,L0.30_U0.60,0.3,0.6,980,"{'0': 490, '1': 490}",1014,"{'0': 623, '1': 391}",0,"{'0': 0, '1': 0}",[],0,4f53cda18c2baa0c0354bb5f9a3ecbe5ed12ab4d8e11ba873c2f11161202b945,False,"insufficient_eligible_synthetic:{""1"":99}"
ko_binary_nsmc,1030,3.5,L0.40_U0.60,0.4,0.6,980,"{'0': 490, '1': 490}",935,"{'0': 575, '1': 360}",0,"{'0': 0, '1': 0}",[],0,4f53cda18c2baa0c0354bb5f9a3ecbe5ed12ab4d8e11ba873c2f11161202b945,False,"insufficient_eligible_synthetic:{""1"":130}"
ko_binary_nsmc,1030,4.0,L0.10_U0.60,0.1,0.6,1120,"{'0': 560, '1': 560}",1015,"{'0': 623, '1': 392}",0,"{'0': 0, '1': 0}",[],0,4f53cda18c2baa0c0354bb5f9a3ecbe5ed12ab4d8e11ba873c2f11161202b945,False,"insufficient_eligible_synthetic:{""1"":168}"
ko_binary_nsmc,1030,4.0,L0.20_U0.60,0.2,0.6,1120,"{'0': 560, '1': 560}",1015,"{'0': 623, '1': 392}",0,"{'0': 0, '1': 0}",[],0,4f53cda18c2baa0c0354bb5f9a3ecbe5ed12ab4d8e11ba873c2f11161202b945,False,"insufficient_eligible_synthetic:{""1"":168}"
ko_binary_nsmc,1030,4.0,L0.30_U0.60,0.3,0.6,1120,"{'0': 560, '1': 560}",1014,"{'0': 623, '1': 391}",0,"{'0': 0, '1': 0}",[],0,4f53cda18c2baa0c0354bb5f9a3ecbe5ed12ab4d8e11ba873c2f11161202b945,False,"insufficient_eligible_synthetic:{""1"":169}"
ko_binary_nsmc,1030,4.0,L0.40_U0.60,0.4,0.6,1120,"{'0': 560, '1': 560}",935,"{'0': 575, '1': 360}",0,"{'0': 0, '1': 0}",[],0,4f53cda18c2baa0c0354bb5f9a3ecbe5ed12ab4d8e11ba873c2f11161202b945,False,"insufficient_eligible_synthetic:{""1"":200}"
ko_binary_nsmc,1031,2.5,L0.10_U0.60,0.1,0.6,700,"{'0': 350, '1': 350}",848,"{'0': 518, '1': 330}",0,"{'0': 0, '1': 0}",[],0,4f53cda18c2baa0c0354bb5f9a3ecbe5ed12ab4d8e11ba873c2f11161202b945,False,"insufficient_eligible_synthetic:{""1"":20}"
ko_binary_nsmc,1031,2.5,L0.20_U0.60,0.2,0.6,700,"{'0': 350, '1': 350}",848,"{'0': 518, '1': 330}",0,"{'0': 0, '1': 0}",[],0,4f53cda18c2baa0c0354bb5f9a3ecbe5ed12ab4d8e11ba873c2f11161202b945,False,"insufficient_eligible_synthetic:{""1"":20}"
ko_binary_nsmc,1031,2.5,L0.30_U0.60,0.3,0.6,700,"{'0': 350, '1': 350}",848,"{'0': 518, '1': 330}",0,"{'0': 0, '1': 0}",[],0,4f53cda18c2baa0c0354bb5f9a3ecbe5ed12ab4d8e11ba873c2f11161202b945,False,"insufficient_eligible_synthetic:{""1"":20}"
ko_binary_nsmc,1031,2.5,L0.40_U0.60,0.4,0.6,700,"{'0': 350, '1': 350}",834,"{'0': 506, '1': 328}",0,"{'0': 0, '1': 0}",[],0,4f53cda18c2baa0c0354bb5f9a3ecbe5ed12ab4d8e11ba873c2f11161202b945,False,"insufficient_eligible_synthetic:{""1"":22}"
ko_binary_nsmc,1031,3.0,L0.10_U0.60,0.1,0.6,840,"{'0': 420, '1': 420}",848,"{'0': 518, '1': 330}",0,"{'0': 0, '1': 0}",[],0,4f53cda18c2baa0c0354bb5f9a3ecbe5ed12ab4d8e11ba873c2f11161202b945,False,"insufficient_eligible_synthetic:{""1"":90}"
ko_binary_nsmc,1031,3.0,L0.20_U0.60,0.2,0.6,840,"{'0': 420, '1': 420}",848,"{'0': 518, '1': 330}",0,"{'0': 0, '1': 0}",[],0,4f53cda18c2baa0c0354bb5f9a3ecbe5ed12ab4d8e11ba873c2f11161202b945,False,"insufficient_eligible_synthetic:{""1"":90}"
ko_binary_nsmc,1031,3.0,L0.30_U0.60,0.3,0.6,840,"{'0': 420, '1': 420}",848,"{'0': 518, '1': 330}",0,"{'0': 0, '1': 0}",[],0,4f53cda18c2baa0c0354bb5f9a3ecbe5ed12ab4d8e11ba873c2f11161202b945,False,"insufficient_eligible_synthetic:{""1"":90}"
ko_binary_nsmc,1031,3.0,L0.40_U0.60,0.4,0.6,840,"{'0': 420, '1': 420}",834,"{'0': 506, '1': 328}",0,"{'0': 0, '1': 0}",[],0,4f53cda18c2baa0c0354bb5f9a3ecbe5ed12ab4d8e11ba873c2f11161202b945,False,"insufficient_eligible_synthetic:{""1"":92}"
ko_binary_nsmc,1031,3.5,L0.10_U0.60,0.1,0.6,980,"{'0': 490, '1': 490}",848,"{'0': 518, '1': 330}",0,"{'0': 0, '1': 0}",[],0,4f53cda18c2baa0c0354bb5f9a3ecbe5ed12ab4d8e11ba873c2f11161202b945,False,"insufficient_eligible_synthetic:{""1"":160}"
ko_binary_nsmc,1031,3.5,L0.20_U0.60,0.2,0.6,980,"{'0': 490, '1': 490}",848,"{'0': 518, '1': 330}",0,"{'0': 0, '1': 0}",[],0,4f53cda18c2baa0c0354bb5f9a3ecbe5ed12ab4d8e11ba873c2f11161202b945,False,"insufficient_eligible_synthetic:{""1"":160}"
ko_binary_nsmc,1031,3.5,L0.30_U0.60,0.3,0.6,980,"{'0': 490, '1': 490}",848,"{'0': 518, '1': 330}",0,"{'0': 0, '1': 0}",[],0,4f53cda18c2baa0c0354bb5f9a3ecbe5ed12ab4d8e11ba873c2f11161202b945,False,"insufficient_eligible_synthetic:{""1"":160}"
ko_binary_nsmc,1031,3.5,L0.40_U0.60,0.4,0.6,980,"{'0': 490, '1': 490}",834,"{'0': 506, '1': 328}",0,"{'0': 0, '1': 0}",[],0,4f53cda18c2baa0c0354bb5f9a3ecbe5ed12ab4d8e11ba873c2f11161202b945,False,"insufficient_eligible_synthetic:{""1"":162}"
ko_binary_nsmc,1031,4.0,L0.10_U0.60,0.1,0.6,1120,"{'0': 560, '1': 560}",848,"{'0': 518, '1': 330}",0,"{'0': 0, '1': 0}",[],0,4f53cda18c2baa0c0354bb5f9a3ecbe5ed12ab4d8e11ba873c2f11161202b945,False,"insufficient_eligible_synthetic:{""0"":42,""1"":230}"
ko_binary_nsmc,1031,4.0,L0.20_U0.60,0.2,0.6,1120,"{'0': 560, '1': 560}",848,"{'0': 518, '1': 330}",0,"{'0': 0, '1': 0}",[],0,4f53cda18c2baa0c0354bb5f9a3ecbe5ed12ab4d8e11ba873c2f11161202b945,False,"insufficient_eligible_synthetic:{""0"":42,""1"":230}"
ko_binary_nsmc,1031,4.0,L0.30_U0.60,0.3,0.6,1120,"{'0': 560, '1': 560}",848,"{'0': 518, '1': 330}",0,"{'0': 0, '1': 0}",[],0,4f53cda18c2baa0c0354bb5f9a3ecbe5ed12ab4d8e11ba873c2f11161202b945,False,"insufficient_eligible_synthetic:{""0"":42,""1"":230}"
ko_binary_nsmc,1031,4.0,L0.40_U0.60,0.4,0.6,1120,"{'0': 560, '1': 560}",834,"{'0': 506, '1': 328}",0,"{'0': 0, '1': 0}",[],0,4f53cda18c2baa0c0354bb5f9a3ecbe5ed12ab4d8e11ba873c2f11161202b945,False,"insufficient_eligible_synthetic:{""0"":54,""1"":232}"
ko_binary_nsmc,1032,2.0,L0.10_U0.60,0.1,0.6,560,"{'0': 280, '1': 280}",751,"{'0': 485, '1': 266}",0,"{'0': 0, '1': 0}",[],0,4f53cda18c2baa0c0354bb5f9a3ecbe5ed12ab4d8e11ba873c2f11161202b945,False,"insufficient_eligible_synthetic:{""1"":14}"
ko_binary_nsmc,1032,2.0,L0.20_U0.60,0.2,0.6,560,"{'0': 280, '1': 280}",751,"{'0': 485, '1': 266}",0,"{'0': 0, '1': 0}",[],0,4f53cda18c2baa0c0354bb5f9a3ecbe5ed12ab4d8e11ba873c2f11161202b945,False,"insufficient_eligible_synthetic:{""1"":14}"
ko_binary_nsmc,1032,2.0,L0.30_U0.60,0.3,0.6,560,"{'0': 280, '1': 280}",751,"{'0': 485, '1': 266}",0,"{'0': 0, '1': 0}",[],0,4f53cda18c2baa0c0354bb5f9a3ecbe5ed12ab4d8e11ba873c2f11161202b945,False,"insufficient_eligible_synthetic:{""1"":14}"
ko_binary_nsmc,1032,2.0,L0.40_U0.60,0.4,0.6,560,"{'0': 280, '1': 280}",736,"{'0': 475, '1': 261}",0,"{'0': 0, '1': 0}",[],0,4f53cda18c2baa0c0354bb5f9a3ecbe5ed12ab4d8e11ba873c2f11161202b945,False,"insufficient_eligible_synthetic:{""1"":19}"
ko_binary_nsmc,1032,2.5,L0.10_U0.60,0.1,0.6,700,"{'0': 350, '1': 350}",751,"{'0': 485, '1': 266}",0,"{'0': 0, '1': 0}",[],0,4f53cda18c2baa0c0354bb5f9a3ecbe5ed12ab4d8e11ba873c2f11161202b945,False,"insufficient_eligible_synthetic:{""1"":84}"
ko_binary_nsmc,1032,2.5,L0.20_U0.60,0.2,0.6,700,"{'0': 350, '1': 350}",751,"{'0': 485, '1': 266}",0,"{'0': 0, '1': 0}",[],0,4f53cda18c2baa0c0354bb5f9a3ecbe5ed12ab4d8e11ba873c2f11161202b945,False,"insufficient_eligible_synthetic:{""1"":84}"
ko_binary_nsmc,1032,2.5,L0.30_U0.60,0.3,0.6,700,"{'0': 350, '1': 350}",751,"{'0': 485, '1': 266}",0,"{'0': 0, '1': 0}",[],0,4f53cda18c2baa0c0354bb5f9a3ecbe5ed12ab4d8e11ba873c2f11161202b945,False,"insufficient_eligible_synthetic:{""1"":84}"
ko_binary_nsmc,1032,2.5,L0.40_U0.60,0.4,0.6,700,"{'0': 350, '1': 350}",736,"{'0': 475, '1': 261}",0,"{'0': 0, '1': 0}",[],0,4f53cda18c2baa0c0354bb5f9a3ecbe5ed12ab4d8e11ba873c2f11161202b945,False,"insufficient_eligible_synthetic:{""1"":89}"
ko_binary_nsmc,1032,3.0,L0.10_U0.60,0.1,0.6,840,"{'0': 420, '1': 420}",751,"{'0': 485, '1': 266}",0,"{'0': 0, '1': 0}",[],0,4f53cda18c2baa0c0354bb5f9a3ecbe5ed12ab4d8e11ba873c2f11161202b945,False,"insufficient_eligible_synthetic:{""1"":154}"
ko_binary_nsmc,1032,3.0,L0.20_U0.60,0.2,0.6,840,"{'0': 420, '1': 420}",751,"{'0': 485, '1': 266}",0,"{'0': 0, '1': 0}",[],0,4f53cda18c2baa0c0354bb5f9a3ecbe5ed12ab4d8e11ba873c2f11161202b945,False,"insufficient_eligible_synthetic:{""1"":154}"
ko_binary_nsmc,1032,3.0,L0.30_U0.60,0.3,0.6,840,"{'0': 420, '1': 420}",751,"{'0': 485, '1': 266}",0,"{'0': 0, '1': 0}",[],0,4f53cda18c2baa0c0354bb5f9a3ecbe5ed12ab4d8e11ba873c2f11161202b945,False,"insufficient_eligible_synthetic:{""1"":154}"
ko_binary_nsmc,1032,3.0,L0.40_U0.60,0.4,0.6,840,"{'0': 420, '1': 420}",736,"{'0': 475, '1': 261}",0,"{'0': 0, '1': 0}",[],0,4f53cda18c2baa0c0354bb5f9a3ecbe5ed12ab4d8e11ba873c2f11161202b945,False,"insufficient_eligible_synthetic:{""1"":159}"
ko_binary_nsmc,1032,3.5,L0.10_U0.60,0.1,0.6,980,"{'0': 490, '1': 490}",751,"{'0': 485, '1': 266}",0,"{'0': 0, '1': 0}",[],0,4f53cda18c2baa0c0354bb5f9a3ecbe5ed12ab4d8e11ba873c2f11161202b945,False,"insufficient_eligible_synthetic:{""0"":5,""1"":224}"
ko_binary_nsmc,1032,3.5,L0.20_U0.60,0.2,0.6,980,"{'0': 490, '1': 490}",751,"{'0': 485, '1': 266}",0,"{'0': 0, '1': 0}",[],0,4f53cda18c2baa0c0354bb5f9a3ecbe5ed12ab4d8e11ba873c2f11161202b945,False,"insufficient_eligible_synthetic:{""0"":5,""1"":224}"
ko_binary_nsmc,1032,3.5,L0.30_U0.60,0.3,0.6,980,"{'0': 490, '1': 490}",751,"{'0': 485, '1': 266}",0,"{'0': 0, '1': 0}",[],0,4f53cda18c2baa0c0354bb5f9a3ecbe5ed12ab4d8e11ba873c2f11161202b945,False,"insufficient_eligible_synthetic:{""0"":5,""1"":224}"
ko_binary_nsmc,1032,3.5,L0.40_U0.60,0.4,0.6,980,"{'0': 490, '1': 490}",736,"{'0': 475, '1': 261}",0,"{'0': 0, '1': 0}",[],0,4f53cda18c2baa0c0354bb5f9a3ecbe5ed12ab4d8e11ba873c2f11161202b945,False,"insufficient_eligible_synthetic:{""0"":15,""1"":229}"
ko_binary_nsmc,1032,4.0,L0.10_U0.60,0.1,0.6,1120,"{'0': 560, '1': 560}",751,"{'0': 485, '1': 266}",0,"{'0': 0, '1': 0}",[],0,4f53cda18c2baa0c0354bb5f9a3ecbe5ed12ab4d8e11ba873c2f11161202b945,False,"insufficient_eligible_synthetic:{""0"":75,""1"":294}"
ko_binary_nsmc,1032,4.0,L0.20_U0.60,0.2,0.6,1120,"{'0': 560, '1': 560}",751,"{'0': 485, '1': 266}",0,"{'0': 0, '1': 0}",[],0,4f53cda18c2baa0c0354bb5f9a3ecbe5ed12ab4d8e11ba873c2f11161202b945,False,"insufficient_eligible_synthetic:{""0"":75,""1"":294}"
ko_binary_nsmc,1032,4.0,L0.30_U0.60,0.3,0.6,1120,"{'0': 560, '1': 560}",751,"{'0': 485, '1': 266}",0,"{'0': 0, '1': 0}",[],0,4f53cda18c2baa0c0354bb5f9a3ecbe5ed12ab4d8e11ba873c2f11161202b945,False,"insufficient_eligible_synthetic:{""0"":75,""1"":294}"
ko_binary_nsmc,1032,4.0,L0.40_U0.60,0.4,0.6,1120,"{'0': 560, '1': 560}",736,"{'0': 475, '1': 261}",0,"{'0': 0, '1': 0}",[],0,4f53cda18c2baa0c0354bb5f9a3ecbe5ed12ab4d8e11ba873c2f11161202b945,False,"insufficient_eligible_synthetic:{""0"":85,""1"":299}"
ko_binary_nsmc,1033,2.5,L0.40_U0.60,0.4,0.6,700,"{'0': 350, '1': 350}",761,"{'0': 436, '1': 325}",0,"{'0': 0, '1': 0}",[],0,4f53cda18c2baa0c0354bb5f9a3ecbe5ed12ab4d8e11ba873c2f11161202b945,False,"insufficient_eligible_synthetic:{""1"":25}"
ko_binary_nsmc,1033,3.0,L0.10_U0.60,0.1,0.6,840,"{'0': 420, '1': 420}",842,"{'0': 482, '1': 360}",0,"{'0': 0, '1': 0}",[],0,4f53cda18c2baa0c0354bb5f9a3ecbe5ed12ab4d8e11ba873c2f11161202b945,False,"insufficient_eligible_synthetic:{""1"":60}"
ko_binary_nsmc,1033,3.0,L0.20_U0.60,0.2,0.6,840,"{'0': 420, '1': 420}",842,"{'0': 482, '1': 360}",0,"{'0': 0, '1': 0}",[],0,4f53cda18c2baa0c0354bb5f9a3ecbe5ed12ab4d8e11ba873c2f11161202b945,False,"insufficient_eligible_synthetic:{""1"":60}"
ko_binary_nsmc,1033,3.0,L0.30_U0.60,0.3,0.6,840,"{'0': 420, '1': 420}",832,"{'0': 475, '1': 357}",0,"{'0': 0, '1': 0}",[],0,4f53cda18c2baa0c0354bb5f9a3ecbe5ed12ab4d8e11ba873c2f11161202b945,False,"insufficient_eligible_synthetic:{""1"":63}"
ko_binary_nsmc,1033,3.0,L0.40_U0.60,0.4,0.6,840,"{'0': 420, '1': 420}",761,"{'0': 436, '1': 325}",0,"{'0': 0, '1': 0}",[],0,4f53cda18c2baa0c0354bb5f9a3ecbe5ed12ab4d8e11ba873c2f11161202b945,False,"insufficient_eligible_synthetic:{""1"":95}"
ko_binary_nsmc,1033,3.5,L0.10_U0.60,0.1,0.6,980,"{'0': 490, '1': 490}",842,"{'0': 482, '1': 360}",0,"{'0': 0, '1': 0}",[],0,4f53cda18c2baa0c0354bb5f9a3ecbe5ed12ab4d8e11ba873c2f11161202b945,False,"insufficient_eligible_synthetic:{""0"":8,""1"":130}"
ko_binary_nsmc,1033,3.5,L0.20_U0.60,0.2,0.6,980,"{'0': 490, '1': 490}",842,"{'0': 482, '1': 360}",0,"{'0': 0, '1': 0}",[],0,4f53cda18c2baa0c0354bb5f9a3ecbe5ed12ab4d8e11ba873c2f11161202b945,False,"insufficient_eligible_synthetic:{""0"":8,""1"":130}"
ko_binary_nsmc,1033,3.5,L0.30_U0.60,0.3,0.6,980,"{'0': 490, '1': 490}",832,"{'0': 475, '1': 357}",0,"{'0': 0, '1': 0}",[],0,4f53cda18c2baa0c0354bb5f9a3ecbe5ed12ab4d8e11ba873c2f11161202b945,False,"insufficient_eligible_synthetic:{""0"":15,""1"":133}"
ko_binary_nsmc,1033,3.5,L0.40_U0.60,0.4,0.6,980,"{'0': 490, '1': 490}",761,"{'0': 436, '1': 325}",0,"{'0': 0, '1': 0}",[],0,4f53cda18c2baa0c0354bb5f9a3ecbe5ed12ab4d8e11ba873c2f11161202b945,False,"insufficient_eligible_synthetic:{""0"":54,""1"":165}"
ko_binary_nsmc,1033,4.0,L0.10_U0.60,0.1,0.6,1120,"{'0': 560, '1': 560}",842,"{'0': 482, '1': 360}",0,"{'0': 0, '1': 0}",[],0,4f53cda18c2baa0c0354bb5f9a3ecbe5ed12ab4d8e11ba873c2f11161202b945,False,"insufficient_eligible_synthetic:{""0"":78,""1"":200}"
ko_binary_nsmc,1033,4.0,L0.20_U0.60,0.2,0.6,1120,"{'0': 560, '1': 560}",842,"{'0': 482, '1': 360}",0,"{'0': 0, '1': 0}",[],0,4f53cda18c2baa0c0354bb5f9a3ecbe5ed12ab4d8e11ba873c2f11161202b945,False,"insufficient_eligible_synthetic:{""0"":78,""1"":200}"
ko_binary_nsmc,1033,4.0,L0.30_U0.60,0.3,0.6,1120,"{'0': 560, '1': 560}",832,"{'0': 475, '1': 357}",0,"{'0': 0, '1': 0}",[],0,4f53cda18c2baa0c0354bb5f9a3ecbe5ed12ab4d8e11ba873c2f11161202b945,False,"insufficient_eligible_synthetic:{""0"":85,""1"":203}"
ko_binary_nsmc,1033,4.0,L0.40_U0.60,0.4,0.6,1120,"{'0': 560, '1': 560}",761,"{'0': 436, '1': 325}",0,"{'0': 0, '1': 0}",[],0,4f53cda18c2baa0c0354bb5f9a3ecbe5ed12ab4d8e11ba873c2f11161202b945,False,"insufficient_eligible_synthetic:{""0"":124,""1"":235}"
ko_binary_nsmc,1034,2.0,L0.40_U0.60,0.4,0.6,560,"{'0': 280, '1': 280}",727,"{'0': 464, '1': 263}",0,"{'0': 0, '1': 0}",[],0,4f53cda18c2baa0c0354bb5f9a3ecbe5ed12ab4d8e11ba873c2f11161202b945,False,"insufficient_eligible_synthetic:{""1"":17}"
ko_binary_nsmc,1034,2.5,L0.10_U0.60,0.1,0.6,700,"{'0': 350, '1': 350}",810,"{'0': 522, '1': 288}",0,"{'0': 0, '1': 0}",[],0,4f53cda18c2baa0c0354bb5f9a3ecbe5ed12ab4d8e11ba873c2f11161202b945,False,"insufficient_eligible_synthetic:{""1"":62}"
ko_binary_nsmc,1034,2.5,L0.20_U0.60,0.2,0.6,700,"{'0': 350, '1': 350}",810,"{'0': 522, '1': 288}",0,"{'0': 0, '1': 0}",[],0,4f53cda18c2baa0c0354bb5f9a3ecbe5ed12ab4d8e11ba873c2f11161202b945,False,"insufficient_eligible_synthetic:{""1"":62}"
ko_binary_nsmc,1034,2.5,L0.30_U0.60,0.3,0.6,700,"{'0': 350, '1': 350}",803,"{'0': 515, '1': 288}",0,"{'0': 0, '1': 0}",[],0,4f53cda18c2baa0c0354bb5f9a3ecbe5ed12ab4d8e11ba873c2f11161202b945,False,"insufficient_eligible_synthetic:{""1"":62}"
ko_binary_nsmc,1034,2.5,L0.40_U0.60,0.4,0.6,700,"{'0': 350, '1': 350}",727,"{'0': 464, '1': 263}",0,"{'0': 0, '1': 0}",[],0,4f53cda18c2baa0c0354bb5f9a3ecbe5ed12ab4d8e11ba873c2f11161202b945,False,"insufficient_eligible_synthetic:{""1"":87}"
ko_binary_nsmc,1034,3.0,L0.10_U0.60,0.1,0.6,840,"{'0': 420, '1': 420}",810,"{'0': 522, '1': 288}",0,"{'0': 0, '1': 0}",[],0,4f53cda18c2baa0c0354bb5f9a3ecbe5ed12ab4d8e11ba873c2f11161202b945,False,"insufficient_eligible_synthetic:{""1"":132}"
ko_binary_nsmc,1034,3.0,L0.20_U0.60,0.2,0.6,840,"{'0': 420, '1': 420}",810,"{'0': 522, '1': 288}",0,"{'0': 0, '1': 0}",[],0,4f53cda18c2baa0c0354bb5f9a3ecbe5ed12ab4d8e11ba873c2f11161202b945,False,"insufficient_eligible_synthetic:{""1"":132}"
ko_binary_nsmc,1034,3.0,L0.30_U0.60,0.3,0.6,840,"{'0': 420, '1': 420}",803,"{'0': 515, '1': 288}",0,"{'0': 0, '1': 0}",[],0,4f53cda18c2baa0c0354bb5f9a3ecbe5ed12ab4d8e11ba873c2f11161202b945,False,"insufficient_eligible_synthetic:{""1"":132}"
ko_binary_nsmc,1034,3.0,L0.40_U0.60,0.4,0.6,840,"{'0': 420, '1': 420}",727,"{'0': 464, '1': 263}",0,"{'0': 0, '1': 0}",[],0,4f53cda18c2baa0c0354bb5f9a3ecbe5ed12ab4d8e11ba873c2f11161202b945,False,"insufficient_eligible_synthetic:{""1"":157}"
ko_binary_nsmc,1034,3.5,L0.10_U0.60,0.1,0.6,980,"{'0': 490, '1': 490}",810,"{'0': 522, '1': 288}",0,"{'0': 0, '1': 0}",[],0,4f53cda18c2baa0c0354bb5f9a3ecbe5ed12ab4d8e11ba873c2f11161202b945,False,"insufficient_eligible_synthetic:{""1"":202}"
ko_binary_nsmc,1034,3.5,L0.20_U0.60,0.2,0.6,980,"{'0': 490, '1': 490}",810,"{'0': 522, '1': 288}",0,"{'0': 0, '1': 0}",[],0,4f53cda18c2baa0c0354bb5f9a3ecbe5ed12ab4d8e11ba873c2f11161202b945,False,"insufficient_eligible_synthetic:{""1"":202}"
ko_binary_nsmc,1034,3.5,L0.30_U0.60,0.3,0.6,980,"{'0': 490, '1': 490}",803,"{'0': 515, '1': 288}",0,"{'0': 0, '1': 0}",[],0,4f53cda18c2baa0c0354bb5f9a3ecbe5ed12ab4d8e11ba873c2f11161202b945,False,"insufficient_eligible_synthetic:{""1"":202}"
ko_binary_nsmc,1034,3.5,L0.40_U0.60,0.4,0.6,980,"{'0': 490, '1': 490}",727,"{'0': 464, '1': 263}",0,"{'0': 0, '1': 0}",[],0,4f53cda18c2baa0c0354bb5f9a3ecbe5ed12ab4d8e11ba873c2f11161202b945,False,"insufficient_eligible_synthetic:{""0"":26,""1"":227}"
ko_binary_nsmc,1034,4.0,L0.10_U0.60,0.1,0.6,1120,"{'0': 560, '1': 560}",810,"{'0': 522, '1': 288}",0,"{'0': 0, '1': 0}",[],0,4f53cda18c2baa0c0354bb5f9a3ecbe5ed12ab4d8e11ba873c2f11161202b945,False,"insufficient_eligible_synthetic:{""0"":38,""1"":272}"
ko_binary_nsmc,1034,4.0,L0.20_U0.60,0.2,0.6,1120,"{'0': 560, '1': 560}",810,"{'0': 522, '1': 288}",0,"{'0': 0, '1': 0}",[],0,4f53cda18c2baa0c0354bb5f9a3ecbe5ed12ab4d8e11ba873c2f11161202b945,False,"insufficient_eligible_synthetic:{""0"":38,""1"":272}"
ko_binary_nsmc,1034,4.0,L0.30_U0.60,0.3,0.6,1120,"{'0': 560, '1': 560}",803,"{'0': 515, '1': 288}",0,"{'0': 0, '1': 0}",[],0,4f53cda18c2baa0c0354bb5f9a3ecbe5ed12ab4d8e11ba873c2f11161202b945,False,"insufficient_eligible_synthetic:{""0"":45,""1"":272}"
ko_binary_nsmc,1034,4.0,L0.40_U0.60,0.4,0.6,1120,"{'0': 560, '1': 560}",727,"{'0': 464, '1': 263}",0,"{'0': 0, '1': 0}",[],0,4f53cda18c2baa0c0354bb5f9a3ecbe5ed12ab4d8e11ba873c2f11161202b945,False,"insufficient_eligible_synthetic:{""0"":96,""1"":297}"
ko_binary_nsmc,1035,1.75,L0.40_U0.60,0.4,0.6,490,"{'0': 245, '1': 245}",634,"{'0': 408, '1': 226}",0,"{'0': 0, '1': 0}",[],0,4f53cda18c2baa0c0354bb5f9a3ecbe5ed12ab4d8e11ba873c2f11161202b945,False,"insufficient_eligible_synthetic:{""1"":19}"
ko_binary_nsmc,1035,2.0,L0.10_U0.60,0.1,0.6,560,"{'0': 280, '1': 280}",674,"{'0': 424, '1': 250}",0,"{'0': 0, '1': 0}",[],0,4f53cda18c2baa0c0354bb5f9a3ecbe5ed12ab4d8e11ba873c2f11161202b945,False,"insufficient_eligible_synthetic:{""1"":30}"
ko_binary_nsmc,1035,2.0,L0.20_U0.60,0.2,0.6,560,"{'0': 280, '1': 280}",674,"{'0': 424, '1': 250}",0,"{'0': 0, '1': 0}",[],0,4f53cda18c2baa0c0354bb5f9a3ecbe5ed12ab4d8e11ba873c2f11161202b945,False,"insufficient_eligible_synthetic:{""1"":30}"
ko_binary_nsmc,1035,2.0,L0.30_U0.60,0.3,0.6,560,"{'0': 280, '1': 280}",674,"{'0': 424, '1': 250}",0,"{'0': 0, '1': 0}",[],0,4f53cda18c2baa0c0354bb5f9a3ecbe5ed12ab4d8e11ba873c2f11161202b945,False,"insufficient_eligible_synthetic:{""1"":30}"
ko_binary_nsmc,1035,2.0,L0.40_U0.60,0.4,0.6,560,"{'0': 280, '1': 280}",634,"{'0': 408, '1': 226}",0,"{'0': 0, '1': 0}",[],0,4f53cda18c2baa0c0354bb5f9a3ecbe5ed12ab4d8e11ba873c2f11161202b945,False,"insufficient_eligible_synthetic:{""1"":54}"
ko_binary_nsmc,1035,2.5,L0.10_U0.60,0.1,0.6,700,"{'0': 350, '1': 350}",674,"{'0': 424, '1': 250}",0,"{'0': 0, '1': 0}",[],0,4f53cda18c2baa0c0354bb5f9a3ecbe5ed12ab4d8e11ba873c2f11161202b945,False,"insufficient_eligible_synthetic:{""1"":100}"
ko_binary_nsmc,1035,2.5,L0.20_U0.60,0.2,0.6,700,"{'0': 350, '1': 350}",674,"{'0': 424, '1': 250}",0,"{'0': 0, '1': 0}",[],0,4f53cda18c2baa0c0354bb5f9a3ecbe5ed12ab4d8e11ba873c2f11161202b945,False,"insufficient_eligible_synthetic:{""1"":100}"
ko_binary_nsmc,1035,2.5,L0.30_U0.60,0.3,0.6,700,"{'0': 350, '1': 350}",674,"{'0': 424, '1': 250}",0,"{'0': 0, '1': 0}",[],0,4f53cda18c2baa0c0354bb5f9a3ecbe5ed12ab4d8e11ba873c2f11161202b945,False,"insufficient_eligible_synthetic:{""1"":100}"
ko_binary_nsmc,1035,2.5,L0.40_U0.60,0.4,0.6,700,"{'0': 350, '1': 350}",634,"{'0': 408, '1': 226}",0,"{'0': 0, '1': 0}",[],0,4f53cda18c2baa0c0354bb5f9a3ecbe5ed12ab4d8e11ba873c2f11161202b945,False,"insufficient_eligible_synthetic:{""1"":124}"
ko_binary_nsmc,1035,3.0,L0.10_U0.60,0.1,0.6,840,"{'0': 420, '1': 420}",674,"{'0': 424, '1': 250}",0,"{'0': 0, '1': 0}",[],0,4f53cda18c2baa0c0354bb5f9a3ecbe5ed12ab4d8e11ba873c2f11161202b945,False,"insufficient_eligible_synthetic:{""1"":170}"
ko_binary_nsmc,1035,3.0,L0.20_U0.60,0.2,0.6,840,"{'0': 420, '1': 420}",674,"{'0': 424, '1': 250}",0,"{'0': 0, '1': 0}",[],0,4f53cda18c2baa0c0354bb5f9a3ecbe5ed12ab4d8e11ba873c2f11161202b945,False,"insufficient_eligible_synthetic:{""1"":170}"
ko_binary_nsmc,1035,3.0,L0.30_U0.60,0.3,0.6,840,"{'0': 420, '1': 420}",674,"{'0': 424, '1': 250}",0,"{'0': 0, '1': 0}",[],0,4f53cda18c2baa0c0354bb5f9a3ecbe5ed12ab4d8e11ba873c2f11161202b945,False,"insufficient_eligible_synthetic:{""1"":170}"
ko_binary_nsmc,1035,3.0,L0.40_U0.60,0.4,0.6,840,"{'0': 420, '1': 420}",634,"{'0': 408, '1': 226}",0,"{'0': 0, '1': 0}",[],0,4f53cda18c2baa0c0354bb5f9a3ecbe5ed12ab4d8e11ba873c2f11161202b945,False,"insufficient_eligible_synthetic:{""0"":12,""1"":194}"
ko_binary_nsmc,1035,3.5,L0.10_U0.60,0.1,0.6,980,"{'0': 490, '1': 490}",674,"{'0': 424, '1': 250}",0,"{'0': 0, '1': 0}",[],0,4f53cda18c2baa0c0354bb5f9a3ecbe5ed12ab4d8e11ba873c2f11161202b945,False,"insufficient_eligible_synthetic:{""0"":66,""1"":240}"
ko_binary_nsmc,1035,3.5,L0.20_U0.60,0.2,0.6,980,"{'0': 490, '1': 490}",674,"{'0': 424, '1': 250}",0,"{'0': 0, '1': 0}",[],0,4f53cda18c2baa0c0354bb5f9a3ecbe5ed12ab4d8e11ba873c2f11161202b945,False,"insufficient_eligible_synthetic:{""0"":66,""1"":240}"
ko_binary_nsmc,1035,3.5,L0.30_U0.60,0.3,0.6,980,"{'0': 490, '1': 490}",674,"{'0': 424, '1': 250}",0,"{'0': 0, '1': 0}",[],0,4f53cda18c2baa0c0354bb5f9a3ecbe5ed12ab4d8e11ba873c2f11161202b945,False,"insufficient_eligible_synthetic:{""0"":66,""1"":240}"
ko_binary_nsmc,1035,3.5,L0.40_U0.60,0.4,0.6,980,"{'0': 490, '1': 490}",634,"{'0': 408, '1': 226}",0,"{'0': 0, '1': 0}",[],0,4f53cda18c2baa0c0354bb5f9a3ecbe5ed12ab4d8e11ba873c2f11161202b945,False,"insufficient_eligible_synthetic:{""0"":82,""1"":264}"
ko_binary_nsmc,1035,4.0,L0.10_U0.60,0.1,0.6,1120,"{'0': 560, '1': 560}",674,"{'0': 424, '1': 250}",0,"{'0': 0, '1': 0}",[],0,4f53cda18c2baa0c0354bb5f9a3ecbe5ed12ab4d8e11ba873c2f11161202b945,False,"insufficient_eligible_synthetic:{""0"":136,""1"":310}"
ko_binary_nsmc,1035,4.0,L0.20_U0.60,0.2,0.6,1120,"{'0': 560, '1': 560}",674,"{'0': 424, '1': 250}",0,"{'0': 0, '1': 0}",[],0,4f53cda18c2baa0c0354bb5f9a3ecbe5ed12ab4d8e11ba873c2f11161202b945,False,"insufficient_eligible_synthetic:{""0"":136,""1"":310}"
ko_binary_nsmc,1035,4.0,L0.30_U0.60,0.3,0.6,1120,"{'0': 560, '1': 560}",674,"{'0': 424, '1': 250}",0,"{'0': 0, '1': 0}",[],0,4f53cda18c2baa0c0354bb5f9a3ecbe5ed12ab4d8e11ba873c2f11161202b945,False,"insufficient_eligible_synthetic:{""0"":136,""1"":310}"
ko_binary_nsmc,1035,4.0,L0.40_U0.60,0.4,0.6,1120,"{'0': 560, '1': 560}",634,"{'0': 408, '1': 226}",0,"{'0': 0, '1': 0}",[],0,4f53cda18c2baa0c0354bb5f9a3ecbe5ed12ab4d8e11ba873c2f11161202b945,False,"insufficient_eligible_synthetic:{""0"":152,""1"":334}"
ko_binary_nsmc,1036,3.0,L0.10_U0.60,0.1,0.6,840,"{'0': 420, '1': 420}",823,"{'0': 452, '1': 371}",0,"{'0': 0, '1': 0}",[],0,4f53cda18c2baa0c0354bb5f9a3ecbe5ed12ab4d8e11ba873c2f11161202b945,False,"insufficient_eligible_synthetic:{""1"":49}"
ko_binary_nsmc,1036,3.0,L0.20_U0.60,0.2,0.6,840,"{'0': 420, '1': 420}",823,"{'0': 452, '1': 371}",0,"{'0': 0, '1': 0}",[],0,4f53cda18c2baa0c0354bb5f9a3ecbe5ed12ab4d8e11ba873c2f11161202b945,False,"insufficient_eligible_synthetic:{""1"":49}"
ko_binary_nsmc,1036,3.0,L0.30_U0.60,0.3,0.6,840,"{'0': 420, '1': 420}",822,"{'0': 452, '1': 370}",0,"{'0': 0, '1': 0}",[],0,4f53cda18c2baa0c0354bb5f9a3ecbe5ed12ab4d8e11ba873c2f11161202b945,False,"insufficient_eligible_synthetic:{""1"":50}"
ko_binary_nsmc,1036,3.0,L0.40_U0.60,0.4,0.6,840,"{'0': 420, '1': 420}",810,"{'0': 446, '1': 364}",0,"{'0': 0, '1': 0}",[],0,4f53cda18c2baa0c0354bb5f9a3ecbe5ed12ab4d8e11ba873c2f11161202b945,False,"insufficient_eligible_synthetic:{""1"":56}"
ko_binary_nsmc,1036,3.5,L0.10_U0.60,0.1,0.6,980,"{'0': 490, '1': 490}",823,"{'0': 452, '1': 371}",0,"{'0': 0, '1': 0}",[],0,4f53cda18c2baa0c0354bb5f9a3ecbe5ed12ab4d8e11ba873c2f11161202b945,False,"insufficient_eligible_synthetic:{""0"":38,""1"":119}"
ko_binary_nsmc,1036,3.5,L0.20_U0.60,0.2,0.6,980,"{'0': 490, '1': 490}",823,"{'0': 452, '1': 371}",0,"{'0': 0, '1': 0}",[],0,4f53cda18c2baa0c0354bb5f9a3ecbe5ed12ab4d8e11ba873c2f11161202b945,False,"insufficient_eligible_synthetic:{""0"":38,""1"":119}"
ko_binary_nsmc,1036,3.5,L0.30_U0.60,0.3,0.6,980,"{'0': 490, '1': 490}",822,"{'0': 452, '1': 370}",0,"{'0': 0, '1': 0}",[],0,4f53cda18c2baa0c0354bb5f9a3ecbe5ed12ab4d8e11ba873c2f11161202b945,False,"insufficient_eligible_synthetic:{""0"":38,""1"":120}"
ko_binary_nsmc,1036,3.5,L0.40_U0.60,0.4,0.6,980,"{'0': 490, '1': 490}",810,"{'0': 446, '1': 364}",0,"{'0': 0, '1': 0}",[],0,4f53cda18c2baa0c0354bb5f9a3ecbe5ed12ab4d8e11ba873c2f11161202b945,False,"insufficient_eligible_synthetic:{""0"":44,""1"":126}"
ko_binary_nsmc,1036,4.0,L0.10_U0.60,0.1,0.6,1120,"{'0': 560, '1': 560}",823,"{'0': 452, '1': 371}",0,"{'0': 0, '1': 0}",[],0,4f53cda18c2baa0c0354bb5f9a3ecbe5ed12ab4d8e11ba873c2f11161202b945,False,"insufficient_eligible_synthetic:{""0"":108,""1"":189}"
ko_binary_nsmc,1036,4.0,L0.20_U0.60,0.2,0.6,1120,"{'0': 560, '1': 560}",823,"{'0': 452, '1': 371}",0,"{'0': 0, '1': 0}",[],0,4f53cda18c2baa0c0354bb5f9a3ecbe5ed12ab4d8e11ba873c2f11161202b945,False,"insufficient_eligible_synthetic:{""0"":108,""1"":189}"
ko_binary_nsmc,1036,4.0,L0.30_U0.60,0.3,0.6,1120,"{'0': 560, '1': 560}",822,"{'0': 452, '1': 370}",0,"{'0': 0, '1': 0}",[],0,4f53cda18c2baa0c0354bb5f9a3ecbe5ed12ab4d8e11ba873c2f11161202b945,False,"insufficient_eligible_synthetic:{""0"":108,""1"":190}"
ko_binary_nsmc,1036,4.0,L0.40_U0.60,0.4,0.6,1120,"{'0': 560, '1': 560}",810,"{'0': 446, '1': 364}",0,"{'0': 0, '1': 0}",[],0,4f53cda18c2baa0c0354bb5f9a3ecbe5ed12ab4d8e11ba873c2f11161202b945,False,"insufficient_eligible_synthetic:{""0"":114,""1"":196}"
ko_binary_nsmc,1037,2.5,L0.10_U0.60,0.1,0.6,700,"{'0': 350, '1': 350}",872,"{'0': 561, '1': 311}",0,"{'0': 0, '1': 0}",[],0,4f53cda18c2baa0c0354bb5f9a3ecbe5ed12ab4d8e11ba873c2f11161202b945,False,"insufficient_eligible_synthetic:{""1"":39}"
ko_binary_nsmc,1037,2.5,L0.20_U0.60,0.2,0.6,700,"{'0': 350, '1': 350}",872,"{'0': 561, '1': 311}",0,"{'0': 0, '1': 0}",[],0,4f53cda18c2baa0c0354bb5f9a3ecbe5ed12ab4d8e11ba873c2f11161202b945,False,"insufficient_eligible_synthetic:{""1"":39}"
ko_binary_nsmc,1037,2.5,L0.30_U0.60,0.3,0.6,700,"{'0': 350, '1': 350}",872,"{'0': 561, '1': 311}",0,"{'0': 0, '1': 0}",[],0,4f53cda18c2baa0c0354bb5f9a3ecbe5ed12ab4d8e11ba873c2f11161202b945,False,"insufficient_eligible_synthetic:{""1"":39}"
ko_binary_nsmc,1037,2.5,L0.40_U0.60,0.4,0.6,700,"{'0': 350, '1': 350}",863,"{'0': 556, '1': 307}",0,"{'0': 0, '1': 0}",[],0,4f53cda18c2baa0c0354bb5f9a3ecbe5ed12ab4d8e11ba873c2f11161202b945,False,"insufficient_eligible_synthetic:{""1"":43}"
ko_binary_nsmc,1037,3.0,L0.10_U0.60,0.1,0.6,840,"{'0': 420, '1': 420}",872,"{'0': 561, '1': 311}",0,"{'0': 0, '1': 0}",[],0,4f53cda18c2baa0c0354bb5f9a3ecbe5ed12ab4d8e11ba873c2f11161202b945,False,"insufficient_eligible_synthetic:{""1"":109}"
ko_binary_nsmc,1037,3.0,L0.20_U0.60,0.2,0.6,840,"{'0': 420, '1': 420}",872,"{'0': 561, '1': 311}",0,"{'0': 0, '1': 0}",[],0,4f53cda18c2baa0c0354bb5f9a3ecbe5ed12ab4d8e11ba873c2f11161202b945,False,"insufficient_eligible_synthetic:{""1"":109}"
ko_binary_nsmc,1037,3.0,L0.30_U0.60,0.3,0.6,840,"{'0': 420, '1': 420}",872,"{'0': 561, '1': 311}",0,"{'0': 0, '1': 0}",[],0,4f53cda18c2baa0c0354bb5f9a3ecbe5ed12ab4d8e11ba873c2f11161202b945,False,"insufficient_eligible_synthetic:{""1"":109}"
ko_binary_nsmc,1037,3.0,L0.40_U0.60,0.4,0.6,840,"{'0': 420, '1': 420}",863,"{'0': 556, '1': 307}",0,"{'0': 0, '1': 0}",[],0,4f53cda18c2baa0c0354bb5f9a3ecbe5ed12ab4d8e11ba873c2f11161202b945,False,"insufficient_eligible_synthetic:{""1"":113}"
ko_binary_nsmc,1037,3.5,L0.10_U0.60,0.1,0.6,980,"{'0': 490, '1': 490}",872,"{'0': 561, '1': 311}",0,"{'0': 0, '1': 0}",[],0,4f53cda18c2baa0c0354bb5f9a3ecbe5ed12ab4d8e11ba873c2f11161202b945,False,"insufficient_eligible_synthetic:{""1"":179}"
ko_binary_nsmc,1037,3.5,L0.20_U0.60,0.2,0.6,980,"{'0': 490, '1': 490}",872,"{'0': 561, '1': 311}",0,"{'0': 0, '1': 0}",[],0,4f53cda18c2baa0c0354bb5f9a3ecbe5ed12ab4d8e11ba873c2f11161202b945,False,"insufficient_eligible_synthetic:{""1"":179}"
ko_binary_nsmc,1037,3.5,L0.30_U0.60,0.3,0.6,980,"{'0': 490, '1': 490}",872,"{'0': 561, '1': 311}",0,"{'0': 0, '1': 0}",[],0,4f53cda18c2baa0c0354bb5f9a3ecbe5ed12ab4d8e11ba873c2f11161202b945,False,"insufficient_eligible_synthetic:{""1"":179}"
ko_binary_nsmc,1037,3.5,L0.40_U0.60,0.4,0.6,980,"{'0': 490, '1': 490}",863,"{'0': 556, '1': 307}",0,"{'0': 0, '1': 0}",[],0,4f53cda18c2baa0c0354bb5f9a3ecbe5ed12ab4d8e11ba873c2f11161202b945,False,"insufficient_eligible_synthetic:{""1"":183}"
ko_binary_nsmc,1037,4.0,L0.10_U0.60,0.1,0.6,1120,"{'0': 560, '1': 560}",872,"{'0': 561, '1': 311}",0,"{'0': 0, '1': 0}",[],0,4f53cda18c2baa0c0354bb5f9a3ecbe5ed12ab4d8e11ba873c2f11161202b945,False,"insufficient_eligible_synthetic:{""1"":249}"
ko_binary_nsmc,1037,4.0,L0.20_U0.60,0.2,0.6,1120,"{'0': 560, '1': 560}",872,"{'0': 561, '1': 311}",0,"{'0': 0, '1': 0}",[],0,4f53cda18c2baa0c0354bb5f9a3ecbe5ed12ab4d8e11ba873c2f11161202b945,False,"insufficient_eligible_synthetic:{""1"":249}"
ko_binary_nsmc,1037,4.0,L0.30_U0.60,0.3,0.6,1120,"{'0': 560, '1': 560}",872,"{'0': 561, '1': 311}",0,"{'0': 0, '1': 0}",[],0,4f53cda18c2baa0c0354bb5f9a3ecbe5ed12ab4d8e11ba873c2f11161202b945,False,"insufficient_eligible_synthetic:{""1"":249}"
ko_binary_nsmc,1037,4.0,L0.40_U0.60,0.4,0.6,1120,"{'0': 560, '1': 560}",863,"{'0': 556, '1': 307}",0,"{'0': 0, '1': 0}",[],0,4f53cda18c2baa0c0354bb5f9a3ecbe5ed12ab4d8e11ba873c2f11161202b945,False,"insufficient_eligible_synthetic:{""0"":4,""1"":253}"
ko_binary_nsmc,1038,2.5,L0.10_U0.60,0.1,0.6,700,"{'0': 350, '1': 350}",735,"{'0': 452, '1': 283}",0,"{'0': 0, '1': 0}",[],0,4f53cda18c2baa0c0354bb5f9a3ecbe5ed12ab4d8e11ba873c2f11161202b945,False,"insufficient_eligible_synthetic:{""1"":67}"
ko_binary_nsmc,1038,2.5,L0.20_U0.60,0.2,0.6,700,"{'0': 350, '1': 350}",735,"{'0': 452, '1': 283}",0,"{'0': 0, '1': 0}",[],0,4f53cda18c2baa0c0354bb5f9a3ecbe5ed12ab4d8e11ba873c2f11161202b945,False,"insufficient_eligible_synthetic:{""1"":67}"
ko_binary_nsmc,1038,2.5,L0.30_U0.60,0.3,0.6,700,"{'0': 350, '1': 350}",735,"{'0': 452, '1': 283}",0,"{'0': 0, '1': 0}",[],0,4f53cda18c2baa0c0354bb5f9a3ecbe5ed12ab4d8e11ba873c2f11161202b945,False,"insufficient_eligible_synthetic:{""1"":67}"
ko_binary_nsmc,1038,2.5,L0.40_U0.60,0.4,0.6,700,"{'0': 350, '1': 350}",712,"{'0': 432, '1': 280}",0,"{'0': 0, '1': 0}",[],0,4f53cda18c2baa0c0354bb5f9a3ecbe5ed12ab4d8e11ba873c2f11161202b945,False,"insufficient_eligible_synthetic:{""1"":70}"
ko_binary_nsmc,1038,3.0,L0.10_U0.60,0.1,0.6,840,"{'0': 420, '1': 420}",735,"{'0': 452, '1': 283}",0,"{'0': 0, '1': 0}",[],0,4f53cda18c2baa0c0354bb5f9a3ecbe5ed12ab4d8e11ba873c2f11161202b945,False,"insufficient_eligible_synthetic:{""1"":137}"
ko_binary_nsmc,1038,3.0,L0.20_U0.60,0.2,0.6,840,"{'0': 420, '1': 420}",735,"{'0': 452, '1': 283}",0,"{'0': 0, '1': 0}",[],0,4f53cda18c2baa0c0354bb5f9a3ecbe5ed12ab4d8e11ba873c2f11161202b945,False,"insufficient_eligible_synthetic:{""1"":137}"
ko_binary_nsmc,1038,3.0,L0.30_U0.60,0.3,0.6,840,"{'0': 420, '1': 420}",735,"{'0': 452, '1': 283}",0,"{'0': 0, '1': 0}",[],0,4f53cda18c2baa0c0354bb5f9a3ecbe5ed12ab4d8e11ba873c2f11161202b945,False,"insufficient_eligible_synthetic:{""1"":137}"
ko_binary_nsmc,1038,3.0,L0.40_U0.60,0.4,0.6,840,"{'0': 420, '1': 420}",712,"{'0': 432, '1': 280}",0,"{'0': 0, '1': 0}",[],0,4f53cda18c2baa0c0354bb5f9a3ecbe5ed12ab4d8e11ba873c2f11161202b945,False,"insufficient_eligible_synthetic:{""1"":140}"
ko_binary_nsmc,1038,3.5,L0.10_U0.60,0.1,0.6,980,"{'0': 490, '1': 490}",735,"{'0': 452, '1': 283}",0,"{'0': 0, '1': 0}",[],0,4f53cda18c2baa0c0354bb5f9a3ecbe5ed12ab4d8e11ba873c2f11161202b945,False,"insufficient_eligible_synthetic:{""0"":38,""1"":207}"
ko_binary_nsmc,1038,3.5,L0.20_U0.60,0.2,0.6,980,"{'0': 490, '1': 490}",735,"{'0': 452, '1': 283}",0,"{'0': 0, '1': 0}",[],0,4f53cda18c2baa0c0354bb5f9a3ecbe5ed12ab4d8e11ba873c2f11161202b945,False,"insufficient_eligible_synthetic:{""0"":38,""1"":207}"
ko_binary_nsmc,1038,3.5,L0.30_U0.60,0.3,0.6,980,"{'0': 490, '1': 490}",735,"{'0': 452, '1': 283}",0,"{'0': 0, '1': 0}",[],0,4f53cda18c2baa0c0354bb5f9a3ecbe5ed12ab4d8e11ba873c2f11161202b945,False,"insufficient_eligible_synthetic:{""0"":38,""1"":207}"
ko_binary_nsmc,1038,3.5,L0.40_U0.60,0.4,0.6,980,"{'0': 490, '1': 490}",712,"{'0': 432, '1': 280}",0,"{'0': 0, '1': 0}",[],0,4f53cda18c2baa0c0354bb5f9a3ecbe5ed12ab4d8e11ba873c2f11161202b945,False,"insufficient_eligible_synthetic:{""0"":58,""1"":210}"
ko_binary_nsmc,1038,4.0,L0.10_U0.60,0.1,0.6,1120,"{'0': 560, '1': 560}",735,"{'0': 452, '1': 283}",0,"{'0': 0, '1': 0}",[],0,4f53cda18c2baa0c0354bb5f9a3ecbe5ed12ab4d8e11ba873c2f11161202b945,False,"insufficient_eligible_synthetic:{""0"":108,""1"":277}"
ko_binary_nsmc,1038,4.0,L0.20_U0.60,0.2,0.6,1120,"{'0': 560, '1': 560}",735,"{'0': 452, '1': 283}",0,"{'0': 0, '1': 0}",[],0,4f53cda18c2baa0c0354bb5f9a3ecbe5ed12ab4d8e11ba873c2f11161202b945,False,"insufficient_eligible_synthetic:{""0"":108,""1"":277}"
ko_binary_nsmc,1038,4.0,L0.30_U0.60,0.3,0.6,1120,"{'0': 560, '1': 560}",735,"{'0': 452, '1': 283}",0,"{'0': 0, '1': 0}",[],0,4f53cda18c2baa0c0354bb5f9a3ecbe5ed12ab4d8e11ba873c2f11161202b945,False,"insufficient_eligible_synthetic:{""0"":108,""1"":277}"
ko_binary_nsmc,1038,4.0,L0.40_U0.60,0.4,0.6,1120,"{'0': 560, '1': 560}",712,"{'0': 432, '1': 280}",0,"{'0': 0, '1': 0}",[],0,4f53cda18c2baa0c0354bb5f9a3ecbe5ed12ab4d8e11ba873c2f11161202b945,False,"insufficient_eligible_synthetic:{""0"":128,""1"":280}"
ko_binary_nsmc,1039,2.5,L0.10_U0.60,0.1,0.6,700,"{'0': 350, '1': 350}",867,"{'0': 578, '1': 289}",0,"{'0': 0, '1': 0}",[],0,4f53cda18c2baa0c0354bb5f9a3ecbe5ed12ab4d8e11ba873c2f11161202b945,False,"insufficient_eligible_synthetic:{""1"":61}"
ko_binary_nsmc,1039,2.5,L0.20_U0.60,0.2,0.6,700,"{'0': 350, '1': 350}",867,"{'0': 578, '1': 289}",0,"{'0': 0, '1': 0}",[],0,4f53cda18c2baa0c0354bb5f9a3ecbe5ed12ab4d8e11ba873c2f11161202b945,False,"insufficient_eligible_synthetic:{""1"":61}"
ko_binary_nsmc,1039,2.5,L0.30_U0.60,0.3,0.6,700,"{'0': 350, '1': 350}",867,"{'0': 578, '1': 289}",0,"{'0': 0, '1': 0}",[],0,4f53cda18c2baa0c0354bb5f9a3ecbe5ed12ab4d8e11ba873c2f11161202b945,False,"insufficient_eligible_synthetic:{""1"":61}"
ko_binary_nsmc,1039,2.5,L0.40_U0.60,0.4,0.6,700,"{'0': 350, '1': 350}",850,"{'0': 564, '1': 286}",0,"{'0': 0, '1': 0}",[],0,4f53cda18c2baa0c0354bb5f9a3ecbe5ed12ab4d8e11ba873c2f11161202b945,False,"insufficient_eligible_synthetic:{""1"":64}"
ko_binary_nsmc,1039,3.0,L0.10_U0.60,0.1,0.6,840,"{'0': 420, '1': 420}",867,"{'0': 578, '1': 289}",0,"{'0': 0, '1': 0}",[],0,4f53cda18c2baa0c0354bb5f9a3ecbe5ed12ab4d8e11ba873c2f11161202b945,False,"insufficient_eligible_synthetic:{""1"":131}"
ko_binary_nsmc,1039,3.0,L0.20_U0.60,0.2,0.6,840,"{'0': 420, '1': 420}",867,"{'0': 578, '1': 289}",0,"{'0': 0, '1': 0}",[],0,4f53cda18c2baa0c0354bb5f9a3ecbe5ed12ab4d8e11ba873c2f11161202b945,False,"insufficient_eligible_synthetic:{""1"":131}"
ko_binary_nsmc,1039,3.0,L0.30_U0.60,0.3,0.6,840,"{'0': 420, '1': 420}",867,"{'0': 578, '1': 289}",0,"{'0': 0, '1': 0}",[],0,4f53cda18c2baa0c0354bb5f9a3ecbe5ed12ab4d8e11ba873c2f11161202b945,False,"insufficient_eligible_synthetic:{""1"":131}"
ko_binary_nsmc,1039,3.0,L0.40_U0.60,0.4,0.6,840,"{'0': 420, '1': 420}",850,"{'0': 564, '1': 286}",0,"{'0': 0, '1': 0}",[],0,4f53cda18c2baa0c0354bb5f9a3ecbe5ed12ab4d8e11ba873c2f11161202b945,False,"insufficient_eligible_synthetic:{""1"":134}"
ko_binary_nsmc,1039,3.5,L0.10_U0.60,0.1,0.6,980,"{'0': 490, '1': 490}",867,"{'0': 578, '1': 289}",0,"{'0': 0, '1': 0}",[],0,4f53cda18c2baa0c0354bb5f9a3ecbe5ed12ab4d8e11ba873c2f11161202b945,False,"insufficient_eligible_synthetic:{""1"":201}"
ko_binary_nsmc,1039,3.5,L0.20_U0.60,0.2,0.6,980,"{'0': 490, '1': 490}",867,"{'0': 578, '1': 289}",0,"{'0': 0, '1': 0}",[],0,4f53cda18c2baa0c0354bb5f9a3ecbe5ed12ab4d8e11ba873c2f11161202b945,False,"insufficient_eligible_synthetic:{""1"":201}"
ko_binary_nsmc,1039,3.5,L0.30_U0.60,0.3,0.6,980,"{'0': 490, '1': 490}",867,"{'0': 578, '1': 289}",0,"{'0': 0, '1': 0}",[],0,4f53cda18c2baa0c0354bb5f9a3ecbe5ed12ab4d8e11ba873c2f11161202b945,False,"insufficient_eligible_synthetic:{""1"":201}"
ko_binary_nsmc,1039,3.5,L0.40_U0.60,0.4,0.6,980,"{'0': 490, '1': 490}",850,"{'0': 564, '1': 286}",0,"{'0': 0, '1': 0}",[],0,4f53cda18c2baa0c0354bb5f9a3ecbe5ed12ab4d8e11ba873c2f11161202b945,False,"insufficient_eligible_synthetic:{""1"":204}"
ko_binary_nsmc,1039,4.0,L0.10_U0.60,0.1,0.6,1120,"{'0': 560, '1': 560}",867,"{'0': 578, '1': 289}",0,"{'0': 0, '1': 0}",[],0,4f53cda18c2baa0c0354bb5f9a3ecbe5ed12ab4d8e11ba873c2f11161202b945,False,"insufficient_eligible_synthetic:{""1"":271}"
ko_binary_nsmc,1039,4.0,L0.20_U0.60,0.2,0.6,1120,"{'0': 560, '1': 560}",867,"{'0': 578, '1': 289}",0,"{'0': 0, '1': 0}",[],0,4f53cda18c2baa0c0354bb5f9a3ecbe5ed12ab4d8e11ba873c2f11161202b945,False,"insufficient_eligible_synthetic:{""1"":271}"
ko_binary_nsmc,1039,4.0,L0.30_U0.60,0.3,0.6,1120,"{'0': 560, '1': 560}",867,"{'0': 578, '1': 289}",0,"{'0': 0, '1': 0}",[],0,4f53cda18c2baa0c0354bb5f9a3ecbe5ed12ab4d8e11ba873c2f11161202b945,False,"insufficient_eligible_synthetic:{""1"":271}"
ko_binary_nsmc,1039,4.0,L0.40_U0.60,0.4,0.6,1120,"{'0': 560, '1': 560}",850,"{'0': 564, '1': 286}",0,"{'0': 0, '1': 0}",[],0,4f53cda18c2baa0c0354bb5f9a3ecbe5ed12ab4d8e11ba873c2f11161202b945,False,"insufficient_eligible_synthetic:{""1"":274}"
ko_binary_nsmc,1040,2.5,L0.10_U0.60,0.1,0.6,700,"{'0': 350, '1': 350}",922,"{'0': 583, '1': 339}",0,"{'0': 0, '1': 0}",[],0,4f53cda18c2baa0c0354bb5f9a3ecbe5ed12ab4d8e11ba873c2f11161202b945,False,"insufficient_eligible_synthetic:{""1"":11}"
ko_binary_nsmc,1040,2.5,L0.20_U0.60,0.2,0.6,700,"{'0': 350, '1': 350}",922,"{'0': 583, '1': 339}",0,"{'0': 0, '1': 0}",[],0,4f53cda18c2baa0c0354bb5f9a3ecbe5ed12ab4d8e11ba873c2f11161202b945,False,"insufficient_eligible_synthetic:{""1"":11}"
ko_binary_nsmc,1040,2.5,L0.30_U0.60,0.3,0.6,700,"{'0': 350, '1': 350}",922,"{'0': 583, '1': 339}",0,"{'0': 0, '1': 0}",[],0,4f53cda18c2baa0c0354bb5f9a3ecbe5ed12ab4d8e11ba873c2f11161202b945,False,"insufficient_eligible_synthetic:{""1"":11}"
ko_binary_nsmc,1040,2.5,L0.40_U0.60,0.4,0.6,700,"{'0': 350, '1': 350}",837,"{'0': 531, '1': 306}",0,"{'0': 0, '1': 0}",[],0,4f53cda18c2baa0c0354bb5f9a3ecbe5ed12ab4d8e11ba873c2f11161202b945,False,"insufficient_eligible_synthetic:{""1"":44}"
ko_binary_nsmc,1040,3.0,L0.10_U0.60,0.1,0.6,840,"{'0': 420, '1': 420}",922,"{'0': 583, '1': 339}",0,"{'0': 0, '1': 0}",[],0,4f53cda18c2baa0c0354bb5f9a3ecbe5ed12ab4d8e11ba873c2f11161202b945,False,"insufficient_eligible_synthetic:{""1"":81}"
ko_binary_nsmc,1040,3.0,L0.20_U0.60,0.2,0.6,840,"{'0': 420, '1': 420}",922,"{'0': 583, '1': 339}",0,"{'0': 0, '1': 0}",[],0,4f53cda18c2baa0c0354bb5f9a3ecbe5ed12ab4d8e11ba873c2f11161202b945,False,"insufficient_eligible_synthetic:{""1"":81}"
ko_binary_nsmc,1040,3.0,L0.30_U0.60,0.3,0.6,840,"{'0': 420, '1': 420}",922,"{'0': 583, '1': 339}",0,"{'0': 0, '1': 0}",[],0,4f53cda18c2baa0c0354bb5f9a3ecbe5ed12ab4d8e11ba873c2f11161202b945,False,"insufficient_eligible_synthetic:{""1"":81}"
ko_binary_nsmc,1040,3.0,L0.40_U0.60,0.4,0.6,840,"{'0': 420, '1': 420}",837,"{'0': 531, '1': 306}",0,"{'0': 0, '1': 0}",[],0,4f53cda18c2baa0c0354bb5f9a3ecbe5ed12ab4d8e11ba873c2f11161202b945,False,"insufficient_eligible_synthetic:{""1"":114}"
ko_binary_nsmc,1040,3.5,L0.10_U0.60,0.1,0.6,980,"{'0': 490, '1': 490}",922,"{'0': 583, '1': 339}",0,"{'0': 0, '1': 0}",[],0,4f53cda18c2baa0c0354bb5f9a3ecbe5ed12ab4d8e11ba873c2f11161202b945,False,"insufficient_eligible_synthetic:{""1"":151}"
ko_binary_nsmc,1040,3.5,L0.20_U0.60,0.2,0.6,980,"{'0': 490, '1': 490}",922,"{'0': 583, '1': 339}",0,"{'0': 0, '1': 0}",[],0,4f53cda18c2baa0c0354bb5f9a3ecbe5ed12ab4d8e11ba873c2f11161202b945,False,"insufficient_eligible_synthetic:{""1"":151}"
ko_binary_nsmc,1040,3.5,L0.30_U0.60,0.3,0.6,980,"{'0': 490, '1': 490}",922,"{'0': 583, '1': 339}",0,"{'0': 0, '1': 0}",[],0,4f53cda18c2baa0c0354bb5f9a3ecbe5ed12ab4d8e11ba873c2f11161202b945,False,"insufficient_eligible_synthetic:{""1"":151}"
ko_binary_nsmc,1040,3.5,L0.40_U0.60,0.4,0.6,980,"{'0': 490, '1': 490}",837,"{'0': 531, '1': 306}",0,"{'0': 0, '1': 0}",[],0,4f53cda18c2baa0c0354bb5f9a3ecbe5ed12ab4d8e11ba873c2f11161202b945,False,"insufficient_eligible_synthetic:{""1"":184}"
ko_binary_nsmc,1040,4.0,L0.10_U0.60,0.1,0.6,1120,"{'0': 560, '1': 560}",922,"{'0': 583, '1': 339}",0,"{'0': 0, '1': 0}",[],0,4f53cda18c2baa0c0354bb5f9a3ecbe5ed12ab4d8e11ba873c2f11161202b945,False,"insufficient_eligible_synthetic:{""1"":221}"
ko_binary_nsmc,1040,4.0,L0.20_U0.60,0.2,0.6,1120,"{'0': 560, '1': 560}",922,"{'0': 583, '1': 339}",0,"{'0': 0, '1': 0}",[],0,4f53cda18c2baa0c0354bb5f9a3ecbe5ed12ab4d8e11ba873c2f11161202b945,False,"insufficient_eligible_synthetic:{""1"":221}"
ko_binary_nsmc,1040,4.0,L0.30_U0.60,0.3,0.6,1120,"{'0': 560, '1': 560}",922,"{'0': 583, '1': 339}",0,"{'0': 0, '1': 0}",[],0,4f53cda18c2baa0c0354bb5f9a3ecbe5ed12ab4d8e11ba873c2f11161202b945,False,"insufficient_eligible_synthetic:{""1"":221}"
ko_binary_nsmc,1040,4.0,L0.40_U0.60,0.4,0.6,1120,"{'0': 560, '1': 560}",837,"{'0': 531, '1': 306}",0,"{'0': 0, '1': 0}",[],0,4f53cda18c2baa0c0354bb5f9a3ecbe5ed12ab4d8e11ba873c2f11161202b945,False,"insufficient_eligible_synthetic:{""0"":29,""1"":254}"
ko_binary_nsmc,1041,2.5,L0.10_U0.60,0.1,0.6,700,"{'0': 350, '1': 350}",856,"{'0': 530, '1': 326}",0,"{'0': 0, '1': 0}",[],0,4f53cda18c2baa0c0354bb5f9a3ecbe5ed12ab4d8e11ba873c2f11161202b945,False,"insufficient_eligible_synthetic:{""1"":24}"
ko_binary_nsmc,1041,2.5,L0.20_U0.60,0.2,0.6,700,"{'0': 350, '1': 350}",856,"{'0': 530, '1': 326}",0,"{'0': 0, '1': 0}",[],0,4f53cda18c2baa0c0354bb5f9a3ecbe5ed12ab4d8e11ba873c2f11161202b945,False,"insufficient_eligible_synthetic:{""1"":24}"
ko_binary_nsmc,1041,2.5,L0.30_U0.60,0.3,0.6,700,"{'0': 350, '1': 350}",856,"{'0': 530, '1': 326}",0,"{'0': 0, '1': 0}",[],0,4f53cda18c2baa0c0354bb5f9a3ecbe5ed12ab4d8e11ba873c2f11161202b945,False,"insufficient_eligible_synthetic:{""1"":24}"
ko_binary_nsmc,1041,2.5,L0.40_U0.60,0.4,0.6,700,"{'0': 350, '1': 350}",827,"{'0': 509, '1': 318}",0,"{'0': 0, '1': 0}",[],0,4f53cda18c2baa0c0354bb5f9a3ecbe5ed12ab4d8e11ba873c2f11161202b945,False,"insufficient_eligible_synthetic:{""1"":32}"
ko_binary_nsmc,1041,3.0,L0.10_U0.60,0.1,0.6,840,"{'0': 420, '1': 420}",856,"{'0': 530, '1': 326}",0,"{'0': 0, '1': 0}",[],0,4f53cda18c2baa0c0354bb5f9a3ecbe5ed12ab4d8e11ba873c2f11161202b945,False,"insufficient_eligible_synthetic:{""1"":94}"
ko_binary_nsmc,1041,3.0,L0.20_U0.60,0.2,0.6,840,"{'0': 420, '1': 420}",856,"{'0': 530, '1': 326}",0,"{'0': 0, '1': 0}",[],0,4f53cda18c2baa0c0354bb5f9a3ecbe5ed12ab4d8e11ba873c2f11161202b945,False,"insufficient_eligible_synthetic:{""1"":94}"
ko_binary_nsmc,1041,3.0,L0.30_U0.60,0.3,0.6,840,"{'0': 420, '1': 420}",856,"{'0': 530, '1': 326}",0,"{'0': 0, '1': 0}",[],0,4f53cda18c2baa0c0354bb5f9a3ecbe5ed12ab4d8e11ba873c2f11161202b945,False,"insufficient_eligible_synthetic:{""1"":94}"
ko_binary_nsmc,1041,3.0,L0.40_U0.60,0.4,0.6,840,"{'0': 420, '1': 420}",827,"{'0': 509, '1': 318}",0,"{'0': 0, '1': 0}",[],0,4f53cda18c2baa0c0354bb5f9a3ecbe5ed12ab4d8e11ba873c2f11161202b945,False,"insufficient_eligible_synthetic:{""1"":102}"
ko_binary_nsmc,1041,3.5,L0.10_U0.60,0.1,0.6,980,"{'0': 490, '1': 490}",856,"{'0': 530, '1': 326}",0,"{'0': 0, '1': 0}",[],0,4f53cda18c2baa0c0354bb5f9a3ecbe5ed12ab4d8e11ba873c2f11161202b945,False,"insufficient_eligible_synthetic:{""1"":164}"
ko_binary_nsmc,1041,3.5,L0.20_U0.60,0.2,0.6,980,"{'0': 490, '1': 490}",856,"{'0': 530, '1': 326}",0,"{'0': 0, '1': 0}",[],0,4f53cda18c2baa0c0354bb5f9a3ecbe5ed12ab4d8e11ba873c2f11161202b945,False,"insufficient_eligible_synthetic:{""1"":164}"
ko_binary_nsmc,1041,3.5,L0.30_U0.60,0.3,0.6,980,"{'0': 490, '1': 490}",856,"{'0': 530, '1': 326}",0,"{'0': 0, '1': 0}",[],0,4f53cda18c2baa0c0354bb5f9a3ecbe5ed12ab4d8e11ba873c2f11161202b945,False,"insufficient_eligible_synthetic:{""1"":164}"
ko_binary_nsmc,1041,3.5,L0.40_U0.60,0.4,0.6,980,"{'0': 490, '1': 490}",827,"{'0': 509, '1': 318}",0,"{'0': 0, '1': 0}",[],0,4f53cda18c2baa0c0354bb5f9a3ecbe5ed12ab4d8e11ba873c2f11161202b945,False,"insufficient_eligible_synthetic:{""1"":172}"
ko_binary_nsmc,1041,4.0,L0.10_U0.60,0.1,0.6,1120,"{'0': 560, '1': 560}",856,"{'0': 530, '1': 326}",0,"{'0': 0, '1': 0}",[],0,4f53cda18c2baa0c0354bb5f9a3ecbe5ed12ab4d8e11ba873c2f11161202b945,False,"insufficient_eligible_synthetic:{""0"":30,""1"":234}"
ko_binary_nsmc,1041,4.0,L0.20_U0.60,0.2,0.6,1120,"{'0': 560, '1': 560}",856,"{'0': 530, '1': 326}",0,"{'0': 0, '1': 0}",[],0,4f53cda18c2baa0c0354bb5f9a3ecbe5ed12ab4d8e11ba873c2f11161202b945,False,"insufficient_eligible_synthetic:{""0"":30,""1"":234}"
ko_binary_nsmc,1041,4.0,L0.30_U0.60,0.3,0.6,1120,"{'0': 560, '1': 560}",856,"{'0': 530, '1': 326}",0,"{'0': 0, '1': 0}",[],0,4f53cda18c2baa0c0354bb5f9a3ecbe5ed12ab4d8e11ba873c2f11161202b945,False,"insufficient_eligible_synthetic:{""0"":30,""1"":234}"
ko_binary_nsmc,1041,4.0,L0.40_U0.60,0.4,0.6,1120,"{'0': 560, '1': 560}",827,"{'0': 509, '1': 318}",0,"{'0': 0, '1': 0}",[],0,4f53cda18c2baa0c0354bb5f9a3ecbe5ed12ab4d8e11ba873c2f11161202b945,False,"insufficient_eligible_synthetic:{""0"":51,""1"":242}"
ko_binary_nsmc,1042,2.5,L0.10_U0.60,0.1,0.6,700,"{'0': 350, '1': 350}",988,"{'0': 691, '1': 297}",0,"{'0': 0, '1': 0}",[],0,4f53cda18c2baa0c0354bb5f9a3ecbe5ed12ab4d8e11ba873c2f11161202b945,False,"insufficient_eligible_synthetic:{""1"":53}"
ko_binary_nsmc,1042,2.5,L0.20_U0.60,0.2,0.6,700,"{'0': 350, '1': 350}",988,"{'0': 691, '1': 297}",0,"{'0': 0, '1': 0}",[],0,4f53cda18c2baa0c0354bb5f9a3ecbe5ed12ab4d8e11ba873c2f11161202b945,False,"insufficient_eligible_synthetic:{""1"":53}"
ko_binary_nsmc,1042,2.5,L0.30_U0.60,0.3,0.6,700,"{'0': 350, '1': 350}",985,"{'0': 691, '1': 294}",0,"{'0': 0, '1': 0}",[],0,4f53cda18c2baa0c0354bb5f9a3ecbe5ed12ab4d8e11ba873c2f11161202b945,False,"insufficient_eligible_synthetic:{""1"":56}"
ko_binary_nsmc,1042,2.5,L0.40_U0.60,0.4,0.6,700,"{'0': 350, '1': 350}",949,"{'0': 663, '1': 286}",0,"{'0': 0, '1': 0}",[],0,4f53cda18c2baa0c0354bb5f9a3ecbe5ed12ab4d8e11ba873c2f11161202b945,False,"insufficient_eligible_synthetic:{""1"":64}"
ko_binary_nsmc,1042,3.0,L0.10_U0.60,0.1,0.6,840,"{'0': 420, '1': 420}",988,"{'0': 691, '1': 297}",0,"{'0': 0, '1': 0}",[],0,4f53cda18c2baa0c0354bb5f9a3ecbe5ed12ab4d8e11ba873c2f11161202b945,False,"insufficient_eligible_synthetic:{""1"":123}"
ko_binary_nsmc,1042,3.0,L0.20_U0.60,0.2,0.6,840,"{'0': 420, '1': 420}",988,"{'0': 691, '1': 297}",0,"{'0': 0, '1': 0}",[],0,4f53cda18c2baa0c0354bb5f9a3ecbe5ed12ab4d8e11ba873c2f11161202b945,False,"insufficient_eligible_synthetic:{""1"":123}"
ko_binary_nsmc,1042,3.0,L0.30_U0.60,0.3,0.6,840,"{'0': 420, '1': 420}",985,"{'0': 691, '1': 294}",0,"{'0': 0, '1': 0}",[],0,4f53cda18c2baa0c0354bb5f9a3ecbe5ed12ab4d8e11ba873c2f11161202b945,False,"insufficient_eligible_synthetic:{""1"":126}"
ko_binary_nsmc,1042,3.0,L0.40_U0.60,0.4,0.6,840,"{'0': 420, '1': 420}",949,"{'0': 663, '1': 286}",0,"{'0': 0, '1': 0}",[],0,4f53cda18c2baa0c0354bb5f9a3ecbe5ed12ab4d8e11ba873c2f11161202b945,False,"insufficient_eligible_synthetic:{""1"":134}"
ko_binary_nsmc,1042,3.5,L0.10_U0.60,0.1,0.6,980,"{'0': 490, '1': 490}",988,"{'0': 691, '1': 297}",0,"{'0': 0, '1': 0}",[],0,4f53cda18c2baa0c0354bb5f9a3ecbe5ed12ab4d8e11ba873c2f11161202b945,False,"insufficient_eligible_synthetic:{""1"":193}"
ko_binary_nsmc,1042,3.5,L0.20_U0.60,0.2,0.6,980,"{'0': 490, '1': 490}",988,"{'0': 691, '1': 297}",0,"{'0': 0, '1': 0}",[],0,4f53cda18c2baa0c0354bb5f9a3ecbe5ed12ab4d8e11ba873c2f11161202b945,False,"insufficient_eligible_synthetic:{""1"":193}"
ko_binary_nsmc,1042,3.5,L0.30_U0.60,0.3,0.6,980,"{'0': 490, '1': 490}",985,"{'0': 691, '1': 294}",0,"{'0': 0, '1': 0}",[],0,4f53cda18c2baa0c0354bb5f9a3ecbe5ed12ab4d8e11ba873c2f11161202b945,False,"insufficient_eligible_synthetic:{""1"":196}"
ko_binary_nsmc,1042,3.5,L0.40_U0.60,0.4,0.6,980,"{'0': 490, '1': 490}",949,"{'0': 663, '1': 286}",0,"{'0': 0, '1': 0}",[],0,4f53cda18c2baa0c0354bb5f9a3ecbe5ed12ab4d8e11ba873c2f11161202b945,False,"insufficient_eligible_synthetic:{""1"":204}"
ko_binary_nsmc,1042,4.0,L0.10_U0.60,0.1,0.6,1120,"{'0': 560, '1': 560}",988,"{'0': 691, '1': 297}",0,"{'0': 0, '1': 0}",[],0,4f53cda18c2baa0c0354bb5f9a3ecbe5ed12ab4d8e11ba873c2f11161202b945,False,"insufficient_eligible_synthetic:{""1"":263}"
ko_binary_nsmc,1042,4.0,L0.20_U0.60,0.2,0.6,1120,"{'0': 560, '1': 560}",988,"{'0': 691, '1': 297}",0,"{'0': 0, '1': 0}",[],0,4f53cda18c2baa0c0354bb5f9a3ecbe5ed12ab4d8e11ba873c2f11161202b945,False,"insufficient_eligible_synthetic:{""1"":263}"
ko_binary_nsmc,1042,4.0,L0.30_U0.60,0.3,0.6,1120,"{'0': 560, '1': 560}",985,"{'0': 691, '1': 294}",0,"{'0': 0, '1': 0}",[],0,4f53cda18c2baa0c0354bb5f9a3ecbe5ed12ab4d8e11ba873c2f11161202b945,False,"insufficient_eligible_synthetic:{""1"":266}"
ko_binary_nsmc,1042,4.0,L0.40_U0.60,0.4,0.6,1120,"{'0': 560, '1': 560}",949,"{'0': 663, '1': 286}",0,"{'0': 0, '1': 0}",[],0,4f53cda18c2baa0c0354bb5f9a3ecbe5ed12ab4d8e11ba873c2f11161202b945,False,"insufficient_eligible_synthetic:{""1"":274}"
ko_binary_nsmc,1043,2.5,L0.10_U0.60,0.1,0.6,700,"{'0': 350, '1': 350}",818,"{'0': 524, '1': 294}",0,"{'0': 0, '1': 0}",[],0,4f53cda18c2baa0c0354bb5f9a3ecbe5ed12ab4d8e11ba873c2f11161202b945,False,"insufficient_eligible_synthetic:{""1"":56}"
ko_binary_nsmc,1043,2.5,L0.20_U0.60,0.2,0.6,700,"{'0': 350, '1': 350}",818,"{'0': 524, '1': 294}",0,"{'0': 0, '1': 0}",[],0,4f53cda18c2baa0c0354bb5f9a3ecbe5ed12ab4d8e11ba873c2f11161202b945,False,"insufficient_eligible_synthetic:{""1"":56}"
ko_binary_nsmc,1043,2.5,L0.30_U0.60,0.3,0.6,700,"{'0': 350, '1': 350}",818,"{'0': 524, '1': 294}",0,"{'0': 0, '1': 0}",[],0,4f53cda18c2baa0c0354bb5f9a3ecbe5ed12ab4d8e11ba873c2f11161202b945,False,"insufficient_eligible_synthetic:{""1"":56}"
ko_binary_nsmc,1043,2.5,L0.40_U0.60,0.4,0.6,700,"{'0': 350, '1': 350}",780,"{'0': 497, '1': 283}",0,"{'0': 0, '1': 0}",[],0,4f53cda18c2baa0c0354bb5f9a3ecbe5ed12ab4d8e11ba873c2f11161202b945,False,"insufficient_eligible_synthetic:{""1"":67}"
ko_binary_nsmc,1043,3.0,L0.10_U0.60,0.1,0.6,840,"{'0': 420, '1': 420}",818,"{'0': 524, '1': 294}",0,"{'0': 0, '1': 0}",[],0,4f53cda18c2baa0c0354bb5f9a3ecbe5ed12ab4d8e11ba873c2f11161202b945,False,"insufficient_eligible_synthetic:{""1"":126}"
ko_binary_nsmc,1043,3.0,L0.20_U0.60,0.2,0.6,840,"{'0': 420, '1': 420}",818,"{'0': 524, '1': 294}",0,"{'0': 0, '1': 0}",[],0,4f53cda18c2baa0c0354bb5f9a3ecbe5ed12ab4d8e11ba873c2f11161202b945,False,"insufficient_eligible_synthetic:{""1"":126}"
ko_binary_nsmc,1043,3.0,L0.30_U0.60,0.3,0.6,840,"{'0': 420, '1': 420}",818,"{'0': 524, '1': 294}",0,"{'0': 0, '1': 0}",[],0,4f53cda18c2baa0c0354bb5f9a3ecbe5ed12ab4d8e11ba873c2f11161202b945,False,"insufficient_eligible_synthetic:{""1"":126}"
ko_binary_nsmc,1043,3.0,L0.40_U0.60,0.4,0.6,840,"{'0': 420, '1': 420}",780,"{'0': 497, '1': 283}",0,"{'0': 0, '1': 0}",[],0,4f53cda18c2baa0c0354bb5f9a3ecbe5ed12ab4d8e11ba873c2f11161202b945,False,"insufficient_eligible_synthetic:{""1"":137}"
ko_binary_nsmc,1043,3.5,L0.10_U0.60,0.1,0.6,980,"{'0': 490, '1': 490}",818,"{'0': 524, '1': 294}",0,"{'0': 0, '1': 0}",[],0,4f53cda18c2baa0c0354bb5f9a3ecbe5ed12ab4d8e11ba873c2f11161202b945,False,"insufficient_eligible_synthetic:{""1"":196}"
ko_binary_nsmc,1043,3.5,L0.20_U0.60,0.2,0.6,980,"{'0': 490, '1': 490}",818,"{'0': 524, '1': 294}",0,"{'0': 0, '1': 0}",[],0,4f53cda18c2baa0c0354bb5f9a3ecbe5ed12ab4d8e11ba873c2f11161202b945,False,"insufficient_eligible_synthetic:{""1"":196}"
ko_binary_nsmc,1043,3.5,L0.30_U0.60,0.3,0.6,980,"{'0': 490, '1': 490}",818,"{'0': 524, '1': 294}",0,"{'0': 0, '1': 0}",[],0,4f53cda18c2baa0c0354bb5f9a3ecbe5ed12ab4d8e11ba873c2f11161202b945,False,"insufficient_eligible_synthetic:{""1"":196}"
ko_binary_nsmc,1043,3.5,L0.40_U0.60,0.4,0.6,980,"{'0': 490, '1': 490}",780,"{'0': 497, '1': 283}",0,"{'0': 0, '1': 0}",[],0,4f53cda18c2baa0c0354bb5f9a3ecbe5ed12ab4d8e11ba873c2f11161202b945,False,"insufficient_eligible_synthetic:{""1"":207}"
ko_binary_nsmc,1043,4.0,L0.10_U0.60,0.1,0.6,1120,"{'0': 560, '1': 560}",818,"{'0': 524, '1': 294}",0,"{'0': 0, '1': 0}",[],0,4f53cda18c2baa0c0354bb5f9a3ecbe5ed12ab4d8e11ba873c2f11161202b945,False,"insufficient_eligible_synthetic:{""0"":36,""1"":266}"
ko_binary_nsmc,1043,4.0,L0.20_U0.60,0.2,0.6,1120,"{'0': 560, '1': 560}",818,"{'0': 524, '1': 294}",0,"{'0': 0, '1': 0}",[],0,4f53cda18c2baa0c0354bb5f9a3ecbe5ed12ab4d8e11ba873c2f11161202b945,False,"insufficient_eligible_synthetic:{""0"":36,""1"":266}"
ko_binary_nsmc,1043,4.0,L0.30_U0.60,0.3,0.6,1120,"{'0': 560, '1': 560}",818,"{'0': 524, '1': 294}",0,"{'0': 0, '1': 0}",[],0,4f53cda18c2baa0c0354bb5f9a3ecbe5ed12ab4d8e11ba873c2f11161202b945,False,"insufficient_eligible_synthetic:{""0"":36,""1"":266}"
ko_binary_nsmc,1043,4.0,L0.40_U0.60,0.4,0.6,1120,"{'0': 560, '1': 560}",780,"{'0': 497, '1': 283}",0,"{'0': 0, '1': 0}",[],0,4f53cda18c2baa0c0354bb5f9a3ecbe5ed12ab4d8e11ba873c2f11161202b945,False,"insufficient_eligible_synthetic:{""0"":63,""1"":277}"
ko_binary_nsmc,1044,3.5,L0.10_U0.60,0.1,0.6,980,"{'0': 490, '1': 490}",1063,"{'0': 606, '1': 457}",0,"{'0': 0, '1': 0}",[],0,4f53cda18c2baa0c0354bb5f9a3ecbe5ed12ab4d8e11ba873c2f11161202b945,False,"insufficient_eligible_synthetic:{""1"":33}"
ko_binary_nsmc,1044,3.5,L0.20_U0.60,0.2,0.6,980,"{'0': 490, '1': 490}",1063,"{'0': 606, '1': 457}",0,"{'0': 0, '1': 0}",[],0,4f53cda18c2baa0c0354bb5f9a3ecbe5ed12ab4d8e11ba873c2f11161202b945,False,"insufficient_eligible_synthetic:{""1"":33}"
ko_binary_nsmc,1044,3.5,L0.30_U0.60,0.3,0.6,980,"{'0': 490, '1': 490}",1063,"{'0': 606, '1': 457}",0,"{'0': 0, '1': 0}",[],0,4f53cda18c2baa0c0354bb5f9a3ecbe5ed12ab4d8e11ba873c2f11161202b945,False,"insufficient_eligible_synthetic:{""1"":33}"
ko_binary_nsmc,1044,3.5,L0.40_U0.60,0.4,0.6,980,"{'0': 490, '1': 490}",1038,"{'0': 583, '1': 455}",0,"{'0': 0, '1': 0}",[],0,4f53cda18c2baa0c0354bb5f9a3ecbe5ed12ab4d8e11ba873c2f11161202b945,False,"insufficient_eligible_synthetic:{""1"":35}"
ko_binary_nsmc,1044,4.0,L0.10_U0.60,0.1,0.6,1120,"{'0': 560, '1': 560}",1063,"{'0': 606, '1': 457}",0,"{'0': 0, '1': 0}",[],0,4f53cda18c2baa0c0354bb5f9a3ecbe5ed12ab4d8e11ba873c2f11161202b945,False,"insufficient_eligible_synthetic:{""1"":103}"
ko_binary_nsmc,1044,4.0,L0.20_U0.60,0.2,0.6,1120,"{'0': 560, '1': 560}",1063,"{'0': 606, '1': 457}",0,"{'0': 0, '1': 0}",[],0,4f53cda18c2baa0c0354bb5f9a3ecbe5ed12ab4d8e11ba873c2f11161202b945,False,"insufficient_eligible_synthetic:{""1"":103}"
ko_binary_nsmc,1044,4.0,L0.30_U0.60,0.3,0.6,1120,"{'0': 560, '1': 560}",1063,"{'0': 606, '1': 457}",0,"{'0': 0, '1': 0}",[],0,4f53cda18c2baa0c0354bb5f9a3ecbe5ed12ab4d8e11ba873c2f11161202b945,False,"insufficient_eligible_synthetic:{""1"":103}"
ko_binary_nsmc,1044,4.0,L0.40_U0.60,0.4,0.6,1120,"{'0': 560, '1': 560}",1038,"{'0': 583, '1': 455}",0,"{'0': 0, '1': 0}",[],0,4f53cda18c2baa0c0354bb5f9a3ecbe5ed12ab4d8e11ba873c2f11161202b945,False,"insufficient_eligible_synthetic:{""1"":105}"
ko_binary_nsmc,1045,2.0,L0.10_U0.60,0.1,0.6,560,"{'0': 280, '1': 280}",848,"{'0': 573, '1': 275}",0,"{'0': 0, '1': 0}",[],0,4f53cda18c2baa0c0354bb5f9a3ecbe5ed12ab4d8e11ba873c2f11161202b945,False,"insufficient_eligible_synthetic:{""1"":5}"
ko_binary_nsmc,1045,2.0,L0.20_U0.60,0.2,0.6,560,"{'0': 280, '1': 280}",848,"{'0': 573, '1': 275}",0,"{'0': 0, '1': 0}",[],0,4f53cda18c2baa0c0354bb5f9a3ecbe5ed12ab4d8e11ba873c2f11161202b945,False,"insufficient_eligible_synthetic:{""1"":5}"
ko_binary_nsmc,1045,2.0,L0.30_U0.60,0.3,0.6,560,"{'0': 280, '1': 280}",848,"{'0': 573, '1': 275}",0,"{'0': 0, '1': 0}",[],0,4f53cda18c2baa0c0354bb5f9a3ecbe5ed12ab4d8e11ba873c2f11161202b945,False,"insufficient_eligible_synthetic:{""1"":5}"
ko_binary_nsmc,1045,2.0,L0.40_U0.60,0.4,0.6,560,"{'0': 280, '1': 280}",807,"{'0': 532, '1': 275}",0,"{'0': 0, '1': 0}",[],0,4f53cda18c2baa0c0354bb5f9a3ecbe5ed12ab4d8e11ba873c2f11161202b945,False,"insufficient_eligible_synthetic:{""1"":5}"
ko_binary_nsmc,1045,2.5,L0.10_U0.60,0.1,0.6,700,"{'0': 350, '1': 350}",848,"{'0': 573, '1': 275}",0,"{'0': 0, '1': 0}",[],0,4f53cda18c2baa0c0354bb5f9a3ecbe5ed12ab4d8e11ba873c2f11161202b945,False,"insufficient_eligible_synthetic:{""1"":75}"
ko_binary_nsmc,1045,2.5,L0.20_U0.60,0.2,0.6,700,"{'0': 350, '1': 350}",848,"{'0': 573, '1': 275}",0,"{'0': 0, '1': 0}",[],0,4f53cda18c2baa0c0354bb5f9a3ecbe5ed12ab4d8e11ba873c2f11161202b945,False,"insufficient_eligible_synthetic:{""1"":75}"
ko_binary_nsmc,1045,2.5,L0.30_U0.60,0.3,0.6,700,"{'0': 350, '1': 350}",848,"{'0': 573, '1': 275}",0,"{'0': 0, '1': 0}",[],0,4f53cda18c2baa0c0354bb5f9a3ecbe5ed12ab4d8e11ba873c2f11161202b945,False,"insufficient_eligible_synthetic:{""1"":75}"
ko_binary_nsmc,1045,2.5,L0.40_U0.60,0.4,0.6,700,"{'0': 350, '1': 350}",807,"{'0': 532, '1': 275}",0,"{'0': 0, '1': 0}",[],0,4f53cda18c2baa0c0354bb5f9a3ecbe5ed12ab4d8e11ba873c2f11161202b945,False,"insufficient_eligible_synthetic:{""1"":75}"
ko_binary_nsmc,1045,3.0,L0.10_U0.60,0.1,0.6,840,"{'0': 420, '1': 420}",848,"{'0': 573, '1': 275}",0,"{'0': 0, '1': 0}",[],0,4f53cda18c2baa0c0354bb5f9a3ecbe5ed12ab4d8e11ba873c2f11161202b945,False,"insufficient_eligible_synthetic:{""1"":145}"
ko_binary_nsmc,1045,3.0,L0.20_U0.60,0.2,0.6,840,"{'0': 420, '1': 420}",848,"{'0': 573, '1': 275}",0,"{'0': 0, '1': 0}",[],0,4f53cda18c2baa0c0354bb5f9a3ecbe5ed12ab4d8e11ba873c2f11161202b945,False,"insufficient_eligible_synthetic:{""1"":145}"
ko_binary_nsmc,1045,3.0,L0.30_U0.60,0.3,0.6,840,"{'0': 420, '1': 420}",848,"{'0': 573, '1': 275}",0,"{'0': 0, '1': 0}",[],0,4f53cda18c2baa0c0354bb5f9a3ecbe5ed12ab4d8e11ba873c2f11161202b945,False,"insufficient_eligible_synthetic:{""1"":145}"
ko_binary_nsmc,1045,3.0,L0.40_U0.60,0.4,0.6,840,"{'0': 420, '1': 420}",807,"{'0': 532, '1': 275}",0,"{'0': 0, '1': 0}",[],0,4f53cda18c2baa0c0354bb5f9a3ecbe5ed12ab4d8e11ba873c2f11161202b945,False,"insufficient_eligible_synthetic:{""1"":145}"
ko_binary_nsmc,1045,3.5,L0.10_U0.60,0.1,0.6,980,"{'0': 490, '1': 490}",848,"{'0': 573, '1': 275}",0,"{'0': 0, '1': 0}",[],0,4f53cda18c2baa0c0354bb5f9a3ecbe5ed12ab4d8e11ba873c2f11161202b945,False,"insufficient_eligible_synthetic:{""1"":215}"
ko_binary_nsmc,1045,3.5,L0.20_U0.60,0.2,0.6,980,"{'0': 490, '1': 490}",848,"{'0': 573, '1': 275}",0,"{'0': 0, '1': 0}",[],0,4f53cda18c2baa0c0354bb5f9a3ecbe5ed12ab4d8e11ba873c2f11161202b945,False,"insufficient_eligible_synthetic:{""1"":215}"
ko_binary_nsmc,1045,3.5,L0.30_U0.60,0.3,0.6,980,"{'0': 490, '1': 490}",848,"{'0': 573, '1': 275}",0,"{'0': 0, '1': 0}",[],0,4f53cda18c2baa0c0354bb5f9a3ecbe5ed12ab4d8e11ba873c2f11161202b945,False,"insufficient_eligible_synthetic:{""1"":215}"
ko_binary_nsmc,1045,3.5,L0.40_U0.60,0.4,0.6,980,"{'0': 490, '1': 490}",807,"{'0': 532, '1': 275}",0,"{'0': 0, '1': 0}",[],0,4f53cda18c2baa0c0354bb5f9a3ecbe5ed12ab4d8e11ba873c2f11161202b945,False,"insufficient_eligible_synthetic:{""1"":215}"
ko_binary_nsmc,1045,4.0,L0.10_U0.60,0.1,0.6,1120,"{'0': 560, '1': 560}",848,"{'0': 573, '1': 275}",0,"{'0': 0, '1': 0}",[],0,4f53cda18c2baa0c0354bb5f9a3ecbe5ed12ab4d8e11ba873c2f11161202b945,False,"insufficient_eligible_synthetic:{""1"":285}"
ko_binary_nsmc,1045,4.0,L0.20_U0.60,0.2,0.6,1120,"{'0': 560, '1': 560}",848,"{'0': 573, '1': 275}",0,"{'0': 0, '1': 0}",[],0,4f53cda18c2baa0c0354bb5f9a3ecbe5ed12ab4d8e11ba873c2f11161202b945,False,"insufficient_eligible_synthetic:{""1"":285}"
ko_binary_nsmc,1045,4.0,L0.30_U0.60,0.3,0.6,1120,"{'0': 560, '1': 560}",848,"{'0': 573, '1': 275}",0,"{'0': 0, '1': 0}",[],0,4f53cda18c2baa0c0354bb5f9a3ecbe5ed12ab4d8e11ba873c2f11161202b945,False,"insufficient_eligible_synthetic:{""1"":285}"
ko_binary_nsmc,1045,4.0,L0.40_U0.60,0.4,0.6,1120,"{'0': 560, '1': 560}",807,"{'0': 532, '1': 275}",0,"{'0': 0, '1': 0}",[],0,4f53cda18c2baa0c0354bb5f9a3ecbe5ed12ab4d8e11ba873c2f11161202b945,False,"insufficient_eligible_synthetic:{""0"":28,""1"":285}"
ko_binary_nsmc,1046,2.5,L0.10_U0.60,0.1,0.6,700,"{'0': 350, '1': 350}",895,"{'0': 568, '1': 327}",0,"{'0': 0, '1': 0}",[],0,4f53cda18c2baa0c0354bb5f9a3ecbe5ed12ab4d8e11ba873c2f11161202b945,False,"insufficient_eligible_synthetic:{""1"":23}"
ko_binary_nsmc,1046,2.5,L0.20_U0.60,0.2,0.6,700,"{'0': 350, '1': 350}",895,"{'0': 568, '1': 327}",0,"{'0': 0, '1': 0}",[],0,4f53cda18c2baa0c0354bb5f9a3ecbe5ed12ab4d8e11ba873c2f11161202b945,False,"insufficient_eligible_synthetic:{""1"":23}"
ko_binary_nsmc,1046,2.5,L0.30_U0.60,0.3,0.6,700,"{'0': 350, '1': 350}",894,"{'0': 568, '1': 326}",0,"{'0': 0, '1': 0}",[],0,4f53cda18c2baa0c0354bb5f9a3ecbe5ed12ab4d8e11ba873c2f11161202b945,False,"insufficient_eligible_synthetic:{""1"":24}"
ko_binary_nsmc,1046,2.5,L0.40_U0.60,0.4,0.6,700,"{'0': 350, '1': 350}",877,"{'0': 564, '1': 313}",0,"{'0': 0, '1': 0}",[],0,4f53cda18c2baa0c0354bb5f9a3ecbe5ed12ab4d8e11ba873c2f11161202b945,False,"insufficient_eligible_synthetic:{""1"":37}"
ko_binary_nsmc,1046,3.0,L0.10_U0.60,0.1,0.6,840,"{'0': 420, '1': 420}",895,"{'0': 568, '1': 327}",0,"{'0': 0, '1': 0}",[],0,4f53cda18c2baa0c0354bb5f9a3ecbe5ed12ab4d8e11ba873c2f11161202b945,False,"insufficient_eligible_synthetic:{""1"":93}"
ko_binary_nsmc,1046,3.0,L0.20_U0.60,0.2,0.6,840,"{'0': 420, '1': 420}",895,"{'0': 568, '1': 327}",0,"{'0': 0, '1': 0}",[],0,4f53cda18c2baa0c0354bb5f9a3ecbe5ed12ab4d8e11ba873c2f11161202b945,False,"insufficient_eligible_synthetic:{""1"":93}"
ko_binary_nsmc,1046,3.0,L0.30_U0.60,0.3,0.6,840,"{'0': 420, '1': 420}",894,"{'0': 568, '1': 326}",0,"{'0': 0, '1': 0}",[],0,4f53cda18c2baa0c0354bb5f9a3ecbe5ed12ab4d8e11ba873c2f11161202b945,False,"insufficient_eligible_synthetic:{""1"":94}"
ko_binary_nsmc,1046,3.0,L0.40_U0.60,0.4,0.6,840,"{'0': 420, '1': 420}",877,"{'0': 564, '1': 313}",0,"{'0': 0, '1': 0}",[],0,4f53cda18c2baa0c0354bb5f9a3ecbe5ed12ab4d8e11ba873c2f11161202b945,False,"insufficient_eligible_synthetic:{""1"":107}"
ko_binary_nsmc,1046,3.5,L0.10_U0.60,0.1,0.6,980,"{'0': 490, '1': 490}",895,"{'0': 568, '1': 327}",0,"{'0': 0, '1': 0}",[],0,4f53cda18c2baa0c0354bb5f9a3ecbe5ed12ab4d8e11ba873c2f11161202b945,False,"insufficient_eligible_synthetic:{""1"":163}"
ko_binary_nsmc,1046,3.5,L0.20_U0.60,0.2,0.6,980,"{'0': 490, '1': 490}",895,"{'0': 568, '1': 327}",0,"{'0': 0, '1': 0}",[],0,4f53cda18c2baa0c0354bb5f9a3ecbe5ed12ab4d8e11ba873c2f11161202b945,False,"insufficient_eligible_synthetic:{""1"":163}"
ko_binary_nsmc,1046,3.5,L0.30_U0.60,0.3,0.6,980,"{'0': 490, '1': 490}",894,"{'0': 568, '1': 326}",0,"{'0': 0, '1': 0}",[],0,4f53cda18c2baa0c0354bb5f9a3ecbe5ed12ab4d8e11ba873c2f11161202b945,False,"insufficient_eligible_synthetic:{""1"":164}"
ko_binary_nsmc,1046,3.5,L0.40_U0.60,0.4,0.6,980,"{'0': 490, '1': 490}",877,"{'0': 564, '1': 313}",0,"{'0': 0, '1': 0}",[],0,4f53cda18c2baa0c0354bb5f9a3ecbe5ed12ab4d8e11ba873c2f11161202b945,False,"insufficient_eligible_synthetic:{""1"":177}"
ko_binary_nsmc,1046,4.0,L0.10_U0.60,0.1,0.6,1120,"{'0': 560, '1': 560}",895,"{'0': 568, '1': 327}",0,"{'0': 0, '1': 0}",[],0,4f53cda18c2baa0c0354bb5f9a3ecbe5ed12ab4d8e11ba873c2f11161202b945,False,"insufficient_eligible_synthetic:{""1"":233}"
ko_binary_nsmc,1046,4.0,L0.20_U0.60,0.2,0.6,1120,"{'0': 560, '1': 560}",895,"{'0': 568, '1': 327}",0,"{'0': 0, '1': 0}",[],0,4f53cda18c2baa0c0354bb5f9a3ecbe5ed12ab4d8e11ba873c2f11161202b945,False,"insufficient_eligible_synthetic:{""1"":233}"
ko_binary_nsmc,1046,4.0,L0.30_U0.60,0.3,0.6,1120,"{'0': 560, '1': 560}",894,"{'0': 568, '1': 326}",0,"{'0': 0, '1': 0}",[],0,4f53cda18c2baa0c0354bb5f9a3ecbe5ed12ab4d8e11ba873c2f11161202b945,False,"insufficient_eligible_synthetic:{""1"":234}"
ko_binary_nsmc,1046,4.0,L0.40_U0.60,0.4,0.6,1120,"{'0': 560, '1': 560}",877,"{'0': 564, '1': 313}",0,"{'0': 0, '1': 0}",[],0,4f53cda18c2baa0c0354bb5f9a3ecbe5ed12ab4d8e11ba873c2f11161202b945,False,"insufficient_eligible_synthetic:{""1"":247}"
ko_binary_nsmc,1047,2.5,L0.10_U0.60,0.1,0.6,700,"{'0': 350, '1': 350}",748,"{'0': 451, '1': 297}",0,"{'0': 0, '1': 0}",[],0,4f53cda18c2baa0c0354bb5f9a3ecbe5ed12ab4d8e11ba873c2f11161202b945,False,"insufficient_eligible_synthetic:{""1"":53}"
ko_binary_nsmc,1047,2.5,L0.20_U0.60,0.2,0.6,700,"{'0': 350, '1': 350}",748,"{'0': 451, '1': 297}",0,"{'0': 0, '1': 0}",[],0,4f53cda18c2baa0c0354bb5f9a3ecbe5ed12ab4d8e11ba873c2f11161202b945,False,"insufficient_eligible_synthetic:{""1"":53}"
ko_binary_nsmc,1047,2.5,L0.30_U0.60,0.3,0.6,700,"{'0': 350, '1': 350}",745,"{'0': 451, '1': 294}",0,"{'0': 0, '1': 0}",[],0,4f53cda18c2baa0c0354bb5f9a3ecbe5ed12ab4d8e11ba873c2f11161202b945,False,"insufficient_eligible_synthetic:{""1"":56}"
ko_binary_nsmc,1047,2.5,L0.40_U0.60,0.4,0.6,700,"{'0': 350, '1': 350}",726,"{'0': 442, '1': 284}",0,"{'0': 0, '1': 0}",[],0,4f53cda18c2baa0c0354bb5f9a3ecbe5ed12ab4d8e11ba873c2f11161202b945,False,"insufficient_eligible_synthetic:{""1"":66}"
ko_binary_nsmc,1047,3.0,L0.10_U0.60,0.1,0.6,840,"{'0': 420, '1': 420}",748,"{'0': 451, '1': 297}",0,"{'0': 0, '1': 0}",[],0,4f53cda18c2baa0c0354bb5f9a3ecbe5ed12ab4d8e11ba873c2f11161202b945,False,"insufficient_eligible_synthetic:{""1"":123}"
ko_binary_nsmc,1047,3.0,L0.20_U0.60,0.2,0.6,840,"{'0': 420, '1': 420}",748,"{'0': 451, '1': 297}",0,"{'0': 0, '1': 0}",[],0,4f53cda18c2baa0c0354bb5f9a3ecbe5ed12ab4d8e11ba873c2f11161202b945,False,"insufficient_eligible_synthetic:{""1"":123}"
ko_binary_nsmc,1047,3.0,L0.30_U0.60,0.3,0.6,840,"{'0': 420, '1': 420}",745,"{'0': 451, '1': 294}",0,"{'0': 0, '1': 0}",[],0,4f53cda18c2baa0c0354bb5f9a3ecbe5ed12ab4d8e11ba873c2f11161202b945,False,"insufficient_eligible_synthetic:{""1"":126}"
ko_binary_nsmc,1047,3.0,L0.40_U0.60,0.4,0.6,840,"{'0': 420, '1': 420}",726,"{'0': 442, '1': 284}",0,"{'0': 0, '1': 0}",[],0,4f53cda18c2baa0c0354bb5f9a3ecbe5ed12ab4d8e11ba873c2f11161202b945,False,"insufficient_eligible_synthetic:{""1"":136}"
ko_binary_nsmc,1047,3.5,L0.10_U0.60,0.1,0.6,980,"{'0': 490, '1': 490}",748,"{'0': 451, '1': 297}",0,"{'0': 0, '1': 0}",[],0,4f53cda18c2baa0c0354bb5f9a3ecbe5ed12ab4d8e11ba873c2f11161202b945,False,"insufficient_eligible_synthetic:{""0"":39,""1"":193}"
ko_binary_nsmc,1047,3.5,L0.20_U0.60,0.2,0.6,980,"{'0': 490, '1': 490}",748,"{'0': 451, '1': 297}",0,"{'0': 0, '1': 0}",[],0,4f53cda18c2baa0c0354bb5f9a3ecbe5ed12ab4d8e11ba873c2f11161202b945,False,"insufficient_eligible_synthetic:{""0"":39,""1"":193}"
ko_binary_nsmc,1047,3.5,L0.30_U0.60,0.3,0.6,980,"{'0': 490, '1': 490}",745,"{'0': 451, '1': 294}",0,"{'0': 0, '1': 0}",[],0,4f53cda18c2baa0c0354bb5f9a3ecbe5ed12ab4d8e11ba873c2f11161202b945,False,"insufficient_eligible_synthetic:{""0"":39,""1"":196}"
ko_binary_nsmc,1047,3.5,L0.40_U0.60,0.4,0.6,980,"{'0': 490, '1': 490}",726,"{'0': 442, '1': 284}",0,"{'0': 0, '1': 0}",[],0,4f53cda18c2baa0c0354bb5f9a3ecbe5ed12ab4d8e11ba873c2f11161202b945,False,"insufficient_eligible_synthetic:{""0"":48,""1"":206}"
ko_binary_nsmc,1047,4.0,L0.10_U0.60,0.1,0.6,1120,"{'0': 560, '1': 560}",748,"{'0': 451, '1': 297}",0,"{'0': 0, '1': 0}",[],0,4f53cda18c2baa0c0354bb5f9a3ecbe5ed12ab4d8e11ba873c2f11161202b945,False,"insufficient_eligible_synthetic:{""0"":109,""1"":263}"
ko_binary_nsmc,1047,4.0,L0.20_U0.60,0.2,0.6,1120,"{'0': 560, '1': 560}",748,"{'0': 451, '1': 297}",0,"{'0': 0, '1': 0}",[],0,4f53cda18c2baa0c0354bb5f9a3ecbe5ed12ab4d8e11ba873c2f11161202b945,False,"insufficient_eligible_synthetic:{""0"":109,""1"":263}"
ko_binary_nsmc,1047,4.0,L0.30_U0.60,0.3,0.6,1120,"{'0': 560, '1': 560}",745,"{'0': 451, '1': 294}",0,"{'0': 0, '1': 0}",[],0,4f53cda18c2baa0c0354bb5f9a3ecbe5ed12ab4d8e11ba873c2f11161202b945,False,"insufficient_eligible_synthetic:{""0"":109,""1"":266}"
ko_binary_nsmc,1047,4.0,L0.40_U0.60,0.4,0.6,1120,"{'0': 560, '1': 560}",726,"{'0': 442, '1': 284}",0,"{'0': 0, '1': 0}",[],0,4f53cda18c2baa0c0354bb5f9a3ecbe5ed12ab4d8e11ba873c2f11161202b945,False,"insufficient_eligible_synthetic:{""0"":118,""1"":276}"
ko_binary_nsmc,1048,2.5,L0.10_U0.60,0.1,0.6,700,"{'0': 350, '1': 350}",789,"{'0': 440, '1': 349}",0,"{'0': 0, '1': 0}",[],0,4f53cda18c2baa0c0354bb5f9a3ecbe5ed12ab4d8e11ba873c2f11161202b945,False,"insufficient_eligible_synthetic:{""1"":1}"
ko_binary_nsmc,1048,2.5,L0.20_U0.60,0.2,0.6,700,"{'0': 350, '1': 350}",789,"{'0': 440, '1': 349}",0,"{'0': 0, '1': 0}",[],0,4f53cda18c2baa0c0354bb5f9a3ecbe5ed12ab4d8e11ba873c2f11161202b945,False,"insufficient_eligible_synthetic:{""1"":1}"
ko_binary_nsmc,1048,2.5,L0.30_U0.60,0.3,0.6,700,"{'0': 350, '1': 350}",786,"{'0': 440, '1': 346}",0,"{'0': 0, '1': 0}",[],0,4f53cda18c2baa0c0354bb5f9a3ecbe5ed12ab4d8e11ba873c2f11161202b945,False,"insufficient_eligible_synthetic:{""1"":4}"
ko_binary_nsmc,1048,2.5,L0.40_U0.60,0.4,0.6,700,"{'0': 350, '1': 350}",767,"{'0': 436, '1': 331}",0,"{'0': 0, '1': 0}",[],0,4f53cda18c2baa0c0354bb5f9a3ecbe5ed12ab4d8e11ba873c2f11161202b945,False,"insufficient_eligible_synthetic:{""1"":19}"
ko_binary_nsmc,1048,3.0,L0.10_U0.60,0.1,0.6,840,"{'0': 420, '1': 420}",789,"{'0': 440, '1': 349}",0,"{'0': 0, '1': 0}",[],0,4f53cda18c2baa0c0354bb5f9a3ecbe5ed12ab4d8e11ba873c2f11161202b945,False,"insufficient_eligible_synthetic:{""1"":71}"
ko_binary_nsmc,1048,3.0,L0.20_U0.60,0.2,0.6,840,"{'0': 420, '1': 420}",789,"{'0': 440, '1': 349}",0,"{'0': 0, '1': 0}",[],0,4f53cda18c2baa0c0354bb5f9a3ecbe5ed12ab4d8e11ba873c2f11161202b945,False,"insufficient_eligible_synthetic:{""1"":71}"
ko_binary_nsmc,1048,3.0,L0.30_U0.60,0.3,0.6,840,"{'0': 420, '1': 420}",786,"{'0': 440, '1': 346}",0,"{'0': 0, '1': 0}",[],0,4f53cda18c2baa0c0354bb5f9a3ecbe5ed12ab4d8e11ba873c2f11161202b945,False,"insufficient_eligible_synthetic:{""1"":74}"
ko_binary_nsmc,1048,3.0,L0.40_U0.60,0.4,0.6,840,"{'0': 420, '1': 420}",767,"{'0': 436, '1': 331}",0,"{'0': 0, '1': 0}",[],0,4f53cda18c2baa0c0354bb5f9a3ecbe5ed12ab4d8e11ba873c2f11161202b945,False,"insufficient_eligible_synthetic:{""1"":89}"
ko_binary_nsmc,1048,3.5,L0.10_U0.60,0.1,0.6,980,"{'0': 490, '1': 490}",789,"{'0': 440, '1': 349}",0,"{'0': 0, '1': 0}",[],0,4f53cda18c2baa0c0354bb5f9a3ecbe5ed12ab4d8e11ba873c2f11161202b945,False,"insufficient_eligible_synthetic:{""0"":50,""1"":141}"
ko_binary_nsmc,1048,3.5,L0.20_U0.60,0.2,0.6,980,"{'0': 490, '1': 490}",789,"{'0': 440, '1': 349}",0,"{'0': 0, '1': 0}",[],0,4f53cda18c2baa0c0354bb5f9a3ecbe5ed12ab4d8e11ba873c2f11161202b945,False,"insufficient_eligible_synthetic:{""0"":50,""1"":141}"
ko_binary_nsmc,1048,3.5,L0.30_U0.60,0.3,0.6,980,"{'0': 490, '1': 490}",786,"{'0': 440, '1': 346}",0,"{'0': 0, '1': 0}",[],0,4f53cda18c2baa0c0354bb5f9a3ecbe5ed12ab4d8e11ba873c2f11161202b945,False,"insufficient_eligible_synthetic:{""0"":50,""1"":144}"
ko_binary_nsmc,1048,3.5,L0.40_U0.60,0.4,0.6,980,"{'0': 490, '1': 490}",767,"{'0': 436, '1': 331}",0,"{'0': 0, '1': 0}",[],0,4f53cda18c2baa0c0354bb5f9a3ecbe5ed12ab4d8e11ba873c2f11161202b945,False,"insufficient_eligible_synthetic:{""0"":54,""1"":159}"
ko_binary_nsmc,1048,4.0,L0.10_U0.60,0.1,0.6,1120,"{'0': 560, '1': 560}",789,"{'0': 440, '1': 349}",0,"{'0': 0, '1': 0}",[],0,4f53cda18c2baa0c0354bb5f9a3ecbe5ed12ab4d8e11ba873c2f11161202b945,False,"insufficient_eligible_synthetic:{""0"":120,""1"":211}"
ko_binary_nsmc,1048,4.0,L0.20_U0.60,0.2,0.6,1120,"{'0': 560, '1': 560}",789,"{'0': 440, '1': 349}",0,"{'0': 0, '1': 0}",[],0,4f53cda18c2baa0c0354bb5f9a3ecbe5ed12ab4d8e11ba873c2f11161202b945,False,"insufficient_eligible_synthetic:{""0"":120,""1"":211}"
ko_binary_nsmc,1048,4.0,L0.30_U0.60,0.3,0.6,1120,"{'0': 560, '1': 560}",786,"{'0': 440, '1': 346}",0,"{'0': 0, '1': 0}",[],0,4f53cda18c2baa0c0354bb5f9a3ecbe5ed12ab4d8e11ba873c2f11161202b945,False,"insufficient_eligible_synthetic:{""0"":120,""1"":214}"
ko_binary_nsmc,1048,4.0,L0.40_U0.60,0.4,0.6,1120,"{'0': 560, '1': 560}",767,"{'0': 436, '1': 331}",0,"{'0': 0, '1': 0}",[],0,4f53cda18c2baa0c0354bb5f9a3ecbe5ed12ab4d8e11ba873c2f11161202b945,False,"insufficient_eligible_synthetic:{""0"":124,""1"":229}"
ko_binary_nsmc,1049,2.0,L0.10_U0.60,0.1,0.6,560,"{'0': 280, '1': 280}",933,"{'0': 662, '1': 271}",0,"{'0': 0, '1': 0}",[],0,4f53cda18c2baa0c0354bb5f9a3ecbe5ed12ab4d8e11ba873c2f11161202b945,False,"insufficient_eligible_synthetic:{""1"":9}"
ko_binary_nsmc,1049,2.0,L0.20_U0.60,0.2,0.6,560,"{'0': 280, '1': 280}",933,"{'0': 662, '1': 271}",0,"{'0': 0, '1': 0}",[],0,4f53cda18c2baa0c0354bb5f9a3ecbe5ed12ab4d8e11ba873c2f11161202b945,False,"insufficient_eligible_synthetic:{""1"":9}"
ko_binary_nsmc,1049,2.0,L0.30_U0.60,0.3,0.6,560,"{'0': 280, '1': 280}",926,"{'0': 655, '1': 271}",0,"{'0': 0, '1': 0}",[],0,4f53cda18c2baa0c0354bb5f9a3ecbe5ed12ab4d8e11ba873c2f11161202b945,False,"insufficient_eligible_synthetic:{""1"":9}"
ko_binary_nsmc,1049,2.0,L0.40_U0.60,0.4,0.6,560,"{'0': 280, '1': 280}",879,"{'0': 614, '1': 265}",0,"{'0': 0, '1': 0}",[],0,4f53cda18c2baa0c0354bb5f9a3ecbe5ed12ab4d8e11ba873c2f11161202b945,False,"insufficient_eligible_synthetic:{""1"":15}"
ko_binary_nsmc,1049,2.5,L0.10_U0.60,0.1,0.6,700,"{'0': 350, '1': 350}",933,"{'0': 662, '1': 271}",0,"{'0': 0, '1': 0}",[],0,4f53cda18c2baa0c0354bb5f9a3ecbe5ed12ab4d8e11ba873c2f11161202b945,False,"insufficient_eligible_synthetic:{""1"":79}"
ko_binary_nsmc,1049,2.5,L0.20_U0.60,0.2,0.6,700,"{'0': 350, '1': 350}",933,"{'0': 662, '1': 271}",0,"{'0': 0, '1': 0}",[],0,4f53cda18c2baa0c0354bb5f9a3ecbe5ed12ab4d8e11ba873c2f11161202b945,False,"insufficient_eligible_synthetic:{""1"":79}"
ko_binary_nsmc,1049,2.5,L0.30_U0.60,0.3,0.6,700,"{'0': 350, '1': 350}",926,"{'0': 655, '1': 271}",0,"{'0': 0, '1': 0}",[],0,4f53cda18c2baa0c0354bb5f9a3ecbe5ed12ab4d8e11ba873c2f11161202b945,False,"insufficient_eligible_synthetic:{""1"":79}"
ko_binary_nsmc,1049,2.5,L0.40_U0.60,0.4,0.6,700,"{'0': 350, '1': 350}",879,"{'0': 614, '1': 265}",0,"{'0': 0, '1': 0}",[],0,4f53cda18c2baa0c0354bb5f9a3ecbe5ed12ab4d8e11ba873c2f11161202b945,False,"insufficient_eligible_synthetic:{""1"":85}"
ko_binary_nsmc,1049,3.0,L0.10_U0.60,0.1,0.6,840,"{'0': 420, '1': 420}",933,"{'0': 662, '1': 271}",0,"{'0': 0, '1': 0}",[],0,4f53cda18c2baa0c0354bb5f9a3ecbe5ed12ab4d8e11ba873c2f11161202b945,False,"insufficient_eligible_synthetic:{""1"":149}"
ko_binary_nsmc,1049,3.0,L0.20_U0.60,0.2,0.6,840,"{'0': 420, '1': 420}",933,"{'0': 662, '1': 271}",0,"{'0': 0, '1': 0}",[],0,4f53cda18c2baa0c0354bb5f9a3ecbe5ed12ab4d8e11ba873c2f11161202b945,False,"insufficient_eligible_synthetic:{""1"":149}"
ko_binary_nsmc,1049,3.0,L0.30_U0.60,0.3,0.6,840,"{'0': 420, '1': 420}",926,"{'0': 655, '1': 271}",0,"{'0': 0, '1': 0}",[],0,4f53cda18c2baa0c0354bb5f9a3ecbe5ed12ab4d8e11ba873c2f11161202b945,False,"insufficient_eligible_synthetic:{""1"":149}"
ko_binary_nsmc,1049,3.0,L0.40_U0.60,0.4,0.6,840,"{'0': 420, '1': 420}",879,"{'0': 614, '1': 265}",0,"{'0': 0, '1': 0}",[],0,4f53cda18c2baa0c0354bb5f9a3ecbe5ed12ab4d8e11ba873c2f11161202b945,False,"insufficient_eligible_synthetic:{""1"":155}"
ko_binary_nsmc,1049,3.5,L0.10_U0.60,0.1,0.6,980,"{'0': 490, '1': 490}",933,"{'0': 662, '1': 271}",0,"{'0': 0, '1': 0}",[],0,4f53cda18c2baa0c0354bb5f9a3ecbe5ed12ab4d8e11ba873c2f11161202b945,False,"insufficient_eligible_synthetic:{""1"":219}"
ko_binary_nsmc,1049,3.5,L0.20_U0.60,0.2,0.6,980,"{'0': 490, '1': 490}",933,"{'0': 662, '1': 271}",0,"{'0': 0, '1': 0}",[],0,4f53cda18c2baa0c0354bb5f9a3ecbe5ed12ab4d8e11ba873c2f11161202b945,False,"insufficient_eligible_synthetic:{""1"":219}"
ko_binary_nsmc,1049,3.5,L0.30_U0.60,0.3,0.6,980,"{'0': 490, '1': 490}",926,"{'0': 655, '1': 271}",0,"{'0': 0, '1': 0}",[],0,4f53cda18c2baa0c0354bb5f9a3ecbe5ed12ab4d8e11ba873c2f11161202b945,False,"insufficient_eligible_synthetic:{""1"":219}"
ko_binary_nsmc,1049,3.5,L0.40_U0.60,0.4,0.6,980,"{'0': 490, '1': 490}",879,"{'0': 614, '1': 265}",0,"{'0': 0, '1': 0}",[],0,4f53cda18c2baa0c0354bb5f9a3ecbe5ed12ab4d8e11ba873c2f11161202b945,False,"insufficient_eligible_synthetic:{""1"":225}"
ko_binary_nsmc,1049,4.0,L0.10_U0.60,0.1,0.6,1120,"{'0': 560, '1': 560}",933,"{'0': 662, '1': 271}",0,"{'0': 0, '1': 0}",[],0,4f53cda18c2baa0c0354bb5f9a3ecbe5ed12ab4d8e11ba873c2f11161202b945,False,"insufficient_eligible_synthetic:{""1"":289}"
ko_binary_nsmc,1049,4.0,L0.20_U0.60,0.2,0.6,1120,"{'0': 560, '1': 560}",933,"{'0': 662, '1': 271}",0,"{'0': 0, '1': 0}",[],0,4f53cda18c2baa0c0354bb5f9a3ecbe5ed12ab4d8e11ba873c2f11161202b945,False,"insufficient_eligible_synthetic:{""1"":289}"
ko_binary_nsmc,1049,4.0,L0.30_U0.60,0.3,0.6,1120,"{'0': 560, '1': 560}",926,"{'0': 655, '1': 271}",0,"{'0': 0, '1': 0}",[],0,4f53cda18c2baa0c0354bb5f9a3ecbe5ed12ab4d8e11ba873c2f11161202b945,False,"insufficient_eligible_synthetic:{""1"":289}"
ko_binary_nsmc,1049,4.0,L0.40_U0.60,0.4,0.6,1120,"{'0': 560, '1': 560}",879,"{'0': 614, '1': 265}",0,"{'0': 0, '1': 0}",[],0,4f53cda18c2baa0c0354bb5f9a3ecbe5ed12ab4d8e11ba873c2f11161202b945,False,"insufficient_eligible_synthetic:{""1"":295}"
