experiment_name,experiment_id,protocol_version,cell_id,language,repeat_seed,training_condition,ratio,similarity_condition_id,similarity_enabled,similarity_lower,similarity_upper,n_add,total_train_n,label_0_n,label_1_n,macro_f1,auroc,auroc_reason,status,fit_seconds,n_iter,converged,convergence_warning,exception_type,exception_message
Binary Matched-Size Augmentation Experiment,binary_matched_size_experiment,journal-matched-size-v1,bn_binary_cinexdrama,bn,1000,matched_all_real,0.5,,0,,,140,420,191,229,0.8592856996687803,0.9389425327715356,,completed,0.23481440002797171,13,1,,,
Binary Matched-Size Augmentation Experiment,binary_matched_size_experiment,journal-matched-size-v1,bn_binary_cinexdrama,bn,1000,matched_all_real,0.75,,0,,,210,490,222,268,0.8635150222970942,0.9398700842696629,,completed,0.1944489000015892,11,1,,,
Binary Matched-Size Augmentation Experiment,binary_matched_size_experiment,journal-matched-size-v1,bn_binary_cinexdrama,bn,1000,matched_all_real,1.0,,0,,,280,560,254,306,0.8592441398025545,0.9394516619850187,,completed,0.23372009996091947,13,1,,,
Binary Matched-Size Augmentation Experiment,binary_matched_size_experiment,journal-matched-size-v1,bn_binary_cinexdrama,bn,1000,matched_all_real,1.25,,0,,,350,630,286,344,0.8592441398025545,0.9401129447565544,,completed,0.22297820000676438,13,1,,,
Binary Matched-Size Augmentation Experiment,binary_matched_size_experiment,journal-matched-size-v1,bn_binary_cinexdrama,bn,1000,matched_all_real,1.5,,0,,,420,700,318,382,0.8617561808329268,0.9423835440074907,,completed,0.27150109998183325,13,1,,,
Binary Matched-Size Augmentation Experiment,binary_matched_size_experiment,journal-matched-size-v1,bn_binary_cinexdrama,bn,1000,matched_all_real,1.75,,0,,,490,770,349,421,0.8618798297374815,0.9418363764044945,,completed,0.3337304000160657,16,1,,,
Binary Matched-Size Augmentation Experiment,binary_matched_size_experiment,journal-matched-size-v1,bn_binary_cinexdrama,bn,1000,matched_all_real,2.0,,0,,,560,840,381,459,0.8610017277216,0.9418422284644196,,completed,0.32573699997738004,14,1,,,
Binary Matched-Size Augmentation Experiment,binary_matched_size_experiment,journal-matched-size-v1,bn_binary_cinexdrama,bn,1000,matched_all_real,2.5,,0,,,700,980,445,535,0.8610017277216,0.9425474016853932,,completed,0.36855149996699765,14,1,,,
Binary Matched-Size Augmentation Experiment,binary_matched_size_experiment,journal-matched-size-v1,bn_binary_cinexdrama,bn,1000,matched_all_real,3.0,,0,,,840,1120,508,612,0.8617982301247307,0.942439138576779,,completed,1.3417716000112705,12,1,,,
Binary Matched-Size Augmentation Experiment,binary_matched_size_experiment,journal-matched-size-v1,bn_binary_cinexdrama,bn,1000,matched_all_real,3.5,,0,,,980,1260,572,688,0.8713351336185733,0.9439577481273409,,completed,0.33916680002585053,14,1,,,
Binary Matched-Size Augmentation Experiment,binary_matched_size_experiment,journal-matched-size-v1,bn_binary_cinexdrama,bn,1000,matched_all_real,4.0,,0,,,1120,1400,635,765,0.8704208468102992,0.9461317883895132,,completed,0.4034931999631226,16,1,,,
Binary Matched-Size Augmentation Experiment,binary_matched_size_experiment,journal-matched-size-v1,bn_binary_cinexdrama,bn,1001,matched_all_real,0.5,,0,,,140,420,191,229,0.8538659121994652,0.935311329588015,,completed,0.19535159994848073,18,1,,,
Binary Matched-Size Augmentation Experiment,binary_matched_size_experiment,journal-matched-size-v1,bn_binary_cinexdrama,bn,1001,matched_all_real,0.75,,0,,,210,490,222,268,0.8573043613241838,0.9351269897003746,,completed,0.2178509999648668,17,1,,,
Binary Matched-Size Augmentation Experiment,binary_matched_size_experiment,journal-matched-size-v1,bn_binary_cinexdrama,bn,1001,matched_all_real,1.0,,0,,,280,560,254,306,0.8592017316777091,0.9364963717228464,,completed,0.266676599974744,18,1,,,
Binary Matched-Size Augmentation Experiment,binary_matched_size_experiment,journal-matched-size-v1,bn_binary_cinexdrama,bn,1001,matched_all_real,1.25,,0,,,350,630,286,344,0.8581871291513996,0.938339770599251,,completed,0.26731939997989684,15,1,,,
Binary Matched-Size Augmentation Experiment,binary_matched_size_experiment,journal-matched-size-v1,bn_binary_cinexdrama,bn,1001,matched_all_real,1.5,,0,,,420,700,318,382,0.863431143809714,0.9405489232209738,,completed,0.29662709997501224,16,1,,,
Binary Matched-Size Augmentation Experiment,binary_matched_size_experiment,journal-matched-size-v1,bn_binary_cinexdrama,bn,1001,matched_all_real,1.75,,0,,,490,770,349,421,0.8676627315953436,0.9434047284644196,,completed,0.31322890002047643,16,1,,,
Binary Matched-Size Augmentation Experiment,binary_matched_size_experiment,journal-matched-size-v1,bn_binary_cinexdrama,bn,1001,matched_all_real,2.0,,0,,,560,840,381,459,0.8677463717228464,0.9436885533707865,,completed,0.26900100003695115,12,1,,,
Binary Matched-Size Augmentation Experiment,binary_matched_size_experiment,journal-matched-size-v1,bn_binary_cinexdrama,bn,1001,matched_all_real,2.5,,0,,,700,980,445,535,0.8677463717228464,0.9452276451310863,,completed,0.33278399996925145,18,1,,,
Binary Matched-Size Augmentation Experiment,binary_matched_size_experiment,journal-matched-size-v1,bn_binary_cinexdrama,bn,1001,matched_all_real,3.0,,0,,,840,1120,508,612,0.865272006286205,0.9448677434456929,,completed,0.34059629996772856,15,1,,,
Binary Matched-Size Augmentation Experiment,binary_matched_size_experiment,journal-matched-size-v1,bn_binary_cinexdrama,bn,1001,matched_all_real,3.5,,0,,,980,1260,572,688,0.8685846855527437,0.945815777153558,,completed,0.4421132999705151,19,1,,,
Binary Matched-Size Augmentation Experiment,binary_matched_size_experiment,journal-matched-size-v1,bn_binary_cinexdrama,bn,1001,matched_all_real,4.0,,0,,,1120,1400,635,765,0.8704208468102992,0.9461317883895132,,completed,0.42603349999990314,16,1,,,
Binary Matched-Size Augmentation Experiment,binary_matched_size_experiment,journal-matched-size-v1,bn_binary_cinexdrama,bn,1002,matched_all_real,0.5,,0,,,140,420,191,229,0.8538175319348412,0.9387581928838952,,completed,0.15344359999289736,8,1,,,
Binary Matched-Size Augmentation Experiment,binary_matched_size_experiment,journal-matched-size-v1,bn_binary_cinexdrama,bn,1002,matched_all_real,0.75,,0,,,210,490,222,268,0.8643528878358416,0.9416930009363296,,completed,0.18438629998126999,8,1,,,
Binary Matched-Size Augmentation Experiment,binary_matched_size_experiment,journal-matched-size-v1,bn_binary_cinexdrama,bn,1002,matched_all_real,1.0,,0,,,280,560,254,306,0.8626358357831307,0.9412892088014981,,completed,0.18878339999355376,8,1,,,
Binary Matched-Size Augmentation Experiment,binary_matched_size_experiment,journal-matched-size-v1,bn_binary_cinexdrama,bn,1002,matched_all_real,1.25,,0,,,350,630,286,344,0.8626358357831307,0.94155547752809,,completed,0.22829250001814216,11,1,,,
Binary Matched-Size Augmentation Experiment,binary_matched_size_experiment,journal-matched-size-v1,bn_binary_cinexdrama,bn,1002,matched_all_real,1.5,,0,,,420,700,318,382,0.8642687170901471,0.9421757958801498,,completed,0.18940470000961795,13,1,,,
Binary Matched-Size Augmentation Experiment,binary_matched_size_experiment,journal-matched-size-v1,bn_binary_cinexdrama,bn,1002,matched_all_real,1.75,,0,,,490,770,349,421,0.8607880683015952,0.9407361891385768,,completed,0.19654390000505373,9,1,,,
Binary Matched-Size Augmentation Experiment,binary_matched_size_experiment,journal-matched-size-v1,bn_binary_cinexdrama,bn,1002,matched_all_real,2.0,,0,,,560,840,381,459,0.8614862958536172,0.9422899110486892,,completed,0.23982759995851666,9,1,,,
Binary Matched-Size Augmentation Experiment,binary_matched_size_experiment,journal-matched-size-v1,bn_binary_cinexdrama,bn,1002,matched_all_real,2.5,,0,,,700,980,445,535,0.8616695757815274,0.9434456928838951,,completed,0.31419570004800335,11,1,,,
Binary Matched-Size Augmentation Experiment,binary_matched_size_experiment,journal-matched-size-v1,bn_binary_cinexdrama,bn,1002,matched_all_real,3.0,,0,,,840,1120,508,612,0.8687045666356011,0.9448355571161049,,completed,0.3762970000389032,10,1,,,
Binary Matched-Size Augmentation Experiment,binary_matched_size_experiment,journal-matched-size-v1,bn_binary_cinexdrama,bn,1002,matched_all_real,3.5,,0,,,980,1260,572,688,0.8652318144694578,0.9454149110486891,,completed,0.44729739998001605,11,1,,,
Binary Matched-Size Augmentation Experiment,binary_matched_size_experiment,journal-matched-size-v1,bn_binary_cinexdrama,bn,1002,matched_all_real,4.0,,0,,,1120,1400,635,765,0.8704208468102992,0.9461317883895132,,completed,0.3960319999605417,16,1,,,
Binary Matched-Size Augmentation Experiment,binary_matched_size_experiment,journal-matched-size-v1,bn_binary_cinexdrama,bn,1003,matched_all_real,0.5,,0,,,140,420,191,229,0.8568529972028881,0.9394194756554308,,completed,0.184259400004521,14,1,,,
Binary Matched-Size Augmentation Experiment,binary_matched_size_experiment,journal-matched-size-v1,bn_binary_cinexdrama,bn,1003,matched_all_real,0.75,,0,,,210,490,222,268,0.8557676275722873,0.9384275514981274,,completed,0.18293250002898276,13,1,,,
Binary Matched-Size Augmentation Experiment,binary_matched_size_experiment,journal-matched-size-v1,bn_binary_cinexdrama,bn,1003,matched_all_real,1.0,,0,,,280,560,254,306,0.8555851367618245,0.9396272237827716,,completed,0.2577229000162333,13,1,,,
Binary Matched-Size Augmentation Experiment,binary_matched_size_experiment,journal-matched-size-v1,bn_binary_cinexdrama,bn,1003,matched_all_real,1.25,,0,,,350,630,286,344,0.8583215517852977,0.9408444522471912,,completed,0.16708260000450537,11,1,,,
Binary Matched-Size Augmentation Experiment,binary_matched_size_experiment,journal-matched-size-v1,bn_binary_cinexdrama,bn,1003,matched_all_real,1.5,,0,,,420,700,318,382,0.8583646457800035,0.9414618445692884,,completed,0.30029990000184625,16,1,,,
Binary Matched-Size Augmentation Experiment,binary_matched_size_experiment,journal-matched-size-v1,bn_binary_cinexdrama,bn,1003,matched_all_real,1.75,,0,,,490,770,349,421,0.8634734953567413,0.9427697799625468,,completed,0.2207848000107333,11,1,,,
Binary Matched-Size Augmentation Experiment,binary_matched_size_experiment,journal-matched-size-v1,bn_binary_cinexdrama,bn,1003,matched_all_real,2.0,,0,,,560,840,381,459,0.869619602066821,0.9442766853932585,,completed,0.21313819999340922,11,1,,,
Binary Matched-Size Augmentation Experiment,binary_matched_size_experiment,journal-matched-size-v1,bn_binary_cinexdrama,bn,1003,matched_all_real,2.5,,0,,,700,980,445,535,0.8695818679856988,0.9461376404494383,,completed,0.2534169999998994,16,1,,,
Binary Matched-Size Augmentation Experiment,binary_matched_size_experiment,journal-matched-size-v1,bn_binary_cinexdrama,bn,1003,matched_all_real,3.0,,0,,,840,1120,508,612,0.865190809880556,0.9456021769662922,,completed,0.3240154000231996,18,1,,,
Binary Matched-Size Augmentation Experiment,binary_matched_size_experiment,journal-matched-size-v1,bn_binary_cinexdrama,bn,1003,matched_all_real,3.5,,0,,,980,1260,572,688,0.8677869919412634,0.946216643258427,,completed,0.4343930000322871,19,1,,,
Binary Matched-Size Augmentation Experiment,binary_matched_size_experiment,journal-matched-size-v1,bn_binary_cinexdrama,bn,1003,matched_all_real,4.0,,0,,,1120,1400,635,765,0.8704208468102992,0.9461317883895132,,completed,0.41936489997897297,16,1,,,
Binary Matched-Size Augmentation Experiment,binary_matched_size_experiment,journal-matched-size-v1,bn_binary_cinexdrama,bn,1004,matched_all_real,0.5,,0,,,140,420,191,229,0.8540505755195764,0.9375848548689139,,completed,0.19841700000688434,13,1,,,
Binary Matched-Size Augmentation Experiment,binary_matched_size_experiment,journal-matched-size-v1,bn_binary_cinexdrama,bn,1004,matched_all_real,0.75,,0,,,210,490,222,268,0.8585284947756109,0.9371166900749064,,completed,0.14525549998506904,11,1,,,
Binary Matched-Size Augmentation Experiment,binary_matched_size_experiment,journal-matched-size-v1,bn_binary_cinexdrama,bn,1004,matched_all_real,1.0,,0,,,280,560,254,306,0.8602040957960123,0.939565777153558,,completed,0.1490576000069268,11,1,,,
Binary Matched-Size Augmentation Experiment,binary_matched_size_experiment,journal-matched-size-v1,bn_binary_cinexdrama,bn,1004,matched_all_real,1.25,,0,,,350,630,286,344,0.8611575895086333,0.9373478464419476,,completed,0.1968755999696441,13,1,,,
Binary Matched-Size Augmentation Experiment,binary_matched_size_experiment,journal-matched-size-v1,bn_binary_cinexdrama,bn,1004,matched_all_real,1.5,,0,,,420,700,318,382,0.8592441398025545,0.9400778323970038,,completed,0.24781990004703403,13,1,,,
Binary Matched-Size Augmentation Experiment,binary_matched_size_experiment,journal-matched-size-v1,bn_binary_cinexdrama,bn,1004,matched_all_real,1.75,,0,,,490,770,349,421,0.863555726111507,0.9411985018726592,,completed,0.281451000017114,14,1,,,
Binary Matched-Size Augmentation Experiment,binary_matched_size_experiment,journal-matched-size-v1,bn_binary_cinexdrama,bn,1004,matched_all_real,2.0,,0,,,560,840,381,459,0.8661498118800592,0.9438290028089888,,completed,0.2443965999991633,12,1,,,
Binary Matched-Size Augmentation Experiment,binary_matched_size_experiment,journal-matched-size-v1,bn_binary_cinexdrama,bn,1004,matched_all_real,2.5,,0,,,700,980,445,535,0.8635150222970942,0.9441479400749063,,completed,0.3689062999910675,14,1,,,
Binary Matched-Size Augmentation Experiment,binary_matched_size_experiment,journal-matched-size-v1,bn_binary_cinexdrama,bn,1004,matched_all_real,3.0,,0,,,840,1120,508,612,0.8651489910573906,0.9458977059925093,,completed,0.4931856000330299,17,1,,,
Binary Matched-Size Augmentation Experiment,binary_matched_size_experiment,journal-matched-size-v1,bn_binary_cinexdrama,bn,1004,matched_all_real,3.5,,0,,,980,1260,572,688,0.8695818679856988,0.9466848080524344,,completed,0.39680739998584613,16,1,,,
Binary Matched-Size Augmentation Experiment,binary_matched_size_experiment,journal-matched-size-v1,bn_binary_cinexdrama,bn,1004,matched_all_real,4.0,,0,,,1120,1400,635,765,0.8704208468102992,0.9461317883895132,,completed,0.5698456999962218,16,1,,,
Binary Matched-Size Augmentation Experiment,binary_matched_size_experiment,journal-matched-size-v1,bn_binary_cinexdrama,bn,1005,matched_all_real,0.5,,0,,,140,420,191,229,0.8537181020733653,0.9367304541198501,,completed,0.16757789999246597,18,1,,,
Binary Matched-Size Augmentation Experiment,binary_matched_size_experiment,journal-matched-size-v1,bn_binary_cinexdrama,bn,1005,matched_all_real,0.75,,0,,,210,490,222,268,0.8623229195984614,0.9395511470037453,,completed,0.20843699999386445,15,1,,,
Binary Matched-Size Augmentation Experiment,binary_matched_size_experiment,journal-matched-size-v1,bn_binary_cinexdrama,bn,1005,matched_all_real,1.0,,0,,,280,560,254,306,0.8605533054324587,0.9408356741573034,,completed,0.21894299995619804,12,1,,,
Binary Matched-Size Augmentation Experiment,binary_matched_size_experiment,journal-matched-size-v1,bn_binary_cinexdrama,bn,1005,matched_all_real,1.25,,0,,,350,630,286,344,0.8653113867626372,0.9403206928838951,,completed,0.23071749997325242,19,1,,,
Binary Matched-Size Augmentation Experiment,binary_matched_size_experiment,journal-matched-size-v1,bn_binary_cinexdrama,bn,1005,matched_all_real,1.5,,0,,,420,700,318,382,0.8653113867626372,0.9398847144194757,,completed,0.2893131000455469,18,1,,,
Binary Matched-Size Augmentation Experiment,binary_matched_size_experiment,journal-matched-size-v1,bn_binary_cinexdrama,bn,1005,matched_all_real,1.75,,0,,,490,770,349,421,0.8627963712328166,0.9401012406367042,,completed,0.28220780001720414,16,1,,,
Binary Matched-Size Augmentation Experiment,binary_matched_size_experiment,journal-matched-size-v1,bn_binary_cinexdrama,bn,1005,matched_all_real,2.0,,0,,,560,840,381,459,0.8592856996687803,0.9401626872659176,,completed,0.30846270004985854,13,1,,,
Binary Matched-Size Augmentation Experiment,binary_matched_size_experiment,journal-matched-size-v1,bn_binary_cinexdrama,bn,1005,matched_all_real,2.5,,0,,,700,980,445,535,0.8688173315192029,0.9425854400749064,,completed,0.3228324999799952,17,1,,,
Binary Matched-Size Augmentation Experiment,binary_matched_size_experiment,journal-matched-size-v1,bn_binary_cinexdrama,bn,1005,matched_all_real,3.0,,0,,,840,1120,508,612,0.8688173315192029,0.9442883895131085,,completed,0.33327569998800755,15,1,,,
Binary Matched-Size Augmentation Experiment,binary_matched_size_experiment,journal-matched-size-v1,bn_binary_cinexdrama,bn,1005,matched_all_real,3.5,,0,,,980,1260,572,688,0.869619602066821,0.9449525983146069,,completed,0.3438161999802105,14,1,,,
Binary Matched-Size Augmentation Experiment,binary_matched_size_experiment,journal-matched-size-v1,bn_binary_cinexdrama,bn,1005,matched_all_real,4.0,,0,,,1120,1400,635,765,0.8704208468102992,0.9461317883895132,,completed,0.48933720000786707,16,1,,,
Binary Matched-Size Augmentation Experiment,binary_matched_size_experiment,journal-matched-size-v1,bn_binary_cinexdrama,bn,1006,matched_all_real,0.5,,0,,,140,420,191,229,0.8546530495930189,0.937906718164794,,completed,0.19838830002117902,17,1,,,
Binary Matched-Size Augmentation Experiment,binary_matched_size_experiment,journal-matched-size-v1,bn_binary_cinexdrama,bn,1006,matched_all_real,0.75,,0,,,210,490,222,268,0.8555851367618245,0.9376463014981273,,completed,0.23225679999450222,20,1,,,
Binary Matched-Size Augmentation Experiment,binary_matched_size_experiment,journal-matched-size-v1,bn_binary_cinexdrama,bn,1006,matched_all_real,1.0,,0,,,280,560,254,306,0.8643937444439246,0.9393521769662921,,completed,0.2931092999642715,22,1,,,
Binary Matched-Size Augmentation Experiment,binary_matched_size_experiment,journal-matched-size-v1,bn_binary_cinexdrama,bn,1006,matched_all_real,1.25,,0,,,350,630,286,344,0.8618798297374815,0.9386206694756554,,completed,0.29399169998941943,18,1,,,
Binary Matched-Size Augmentation Experiment,binary_matched_size_experiment,journal-matched-size-v1,bn_binary_cinexdrama,bn,1006,matched_all_real,1.5,,0,,,420,700,318,382,0.8602433008995429,0.9376843398876404,,completed,0.3160484000109136,17,1,,,
Binary Matched-Size Augmentation Experiment,binary_matched_size_experiment,journal-matched-size-v1,bn_binary_cinexdrama,bn,1006,matched_all_real,1.75,,0,,,490,770,349,421,0.8593662805136371,0.9385416666666668,,completed,0.3492108999635093,20,1,,,
Binary Matched-Size Augmentation Experiment,binary_matched_size_experiment,journal-matched-size-v1,bn_binary_cinexdrama,bn,1006,matched_all_real,2.0,,0,,,560,840,381,459,0.8654608228497185,0.9398964185393259,,completed,0.3316126999561675,16,1,,,
Binary Matched-Size Augmentation Experiment,binary_matched_size_experiment,journal-matched-size-v1,bn_binary_cinexdrama,bn,1006,matched_all_real,2.5,,0,,,700,980,445,535,0.8653113867626372,0.9428809691011237,,completed,0.3178393999696709,12,1,,,
Binary Matched-Size Augmentation Experiment,binary_matched_size_experiment,journal-matched-size-v1,bn_binary_cinexdrama,bn,1006,matched_all_real,3.0,,0,,,840,1120,508,612,0.8635150222970942,0.9438699672284644,,completed,0.3296252000145614,12,1,,,
Binary Matched-Size Augmentation Experiment,binary_matched_size_experiment,journal-matched-size-v1,bn_binary_cinexdrama,bn,1006,matched_all_real,3.5,,0,,,980,1260,572,688,0.8730506651703257,0.9454529494382022,,completed,0.3668368000071496,12,1,,,
Binary Matched-Size Augmentation Experiment,binary_matched_size_experiment,journal-matched-size-v1,bn_binary_cinexdrama,bn,1006,matched_all_real,4.0,,0,,,1120,1400,635,765,0.8704208468102992,0.9461317883895132,,completed,0.46382880001328886,16,1,,,
Binary Matched-Size Augmentation Experiment,binary_matched_size_experiment,journal-matched-size-v1,bn_binary_cinexdrama,bn,1007,matched_all_real,0.5,,0,,,140,420,191,229,0.85981329635303,0.9380764279026217,,completed,0.11348530004033819,15,1,,,
Binary Matched-Size Augmentation Experiment,binary_matched_size_experiment,journal-matched-size-v1,bn_binary_cinexdrama,bn,1007,matched_all_real,0.75,,0,,,210,490,222,268,0.8549310614352763,0.9388020833333333,,completed,0.23521719995187595,11,1,,,
Binary Matched-Size Augmentation Experiment,binary_matched_size_experiment,journal-matched-size-v1,bn_binary_cinexdrama,bn,1007,matched_all_real,1.0,,0,,,280,560,254,306,0.858406885587413,0.9381729868913857,,completed,0.17951470002299175,17,1,,,
Binary Matched-Size Augmentation Experiment,binary_matched_size_experiment,journal-matched-size-v1,bn_binary_cinexdrama,bn,1007,matched_all_real,1.25,,0,,,350,630,286,344,0.8529820791837757,0.9393931413857678,,completed,0.13771800004178658,13,1,,,
Binary Matched-Size Augmentation Experiment,binary_matched_size_experiment,journal-matched-size-v1,bn_binary_cinexdrama,bn,1007,matched_all_real,1.5,,0,,,420,700,318,382,0.8590235858865429,0.939495552434457,,completed,0.3326929999748245,16,1,,,
Binary Matched-Size Augmentation Experiment,binary_matched_size_experiment,journal-matched-size-v1,bn_binary_cinexdrama,bn,1007,matched_all_real,1.75,,0,,,490,770,349,421,0.8632991262585985,0.9406776685393259,,completed,0.36649809998925775,18,1,,,
Binary Matched-Size Augmentation Experiment,binary_matched_size_experiment,journal-matched-size-v1,bn_binary_cinexdrama,bn,1007,matched_all_real,2.0,,0,,,560,840,381,459,0.8651489910573906,0.9427405196629214,,completed,0.34500089997891337,16,1,,,
Binary Matched-Size Augmentation Experiment,binary_matched_size_experiment,journal-matched-size-v1,bn_binary_cinexdrama,bn,1007,matched_all_real,2.5,,0,,,700,980,445,535,0.865986834595335,0.9442679073033708,,completed,0.37181079998845235,14,1,,,
Binary Matched-Size Augmentation Experiment,binary_matched_size_experiment,journal-matched-size-v1,bn_binary_cinexdrama,bn,1007,matched_all_real,3.0,,0,,,840,1120,508,612,0.868665398814185,0.944557584269663,,completed,0.4056562000187114,16,1,,,
Binary Matched-Size Augmentation Experiment,binary_matched_size_experiment,journal-matched-size-v1,bn_binary_cinexdrama,bn,1007,matched_all_real,3.5,,0,,,980,1260,572,688,0.8668668383050671,0.9455348782771537,,completed,0.4040594000252895,16,1,,,
Binary Matched-Size Augmentation Experiment,binary_matched_size_experiment,journal-matched-size-v1,bn_binary_cinexdrama,bn,1007,matched_all_real,4.0,,0,,,1120,1400,635,765,0.8704208468102992,0.9461317883895132,,completed,0.3242004999774508,16,1,,,
Binary Matched-Size Augmentation Experiment,binary_matched_size_experiment,journal-matched-size-v1,bn_binary_cinexdrama,bn,1008,matched_all_real,0.5,,0,,,140,420,191,229,0.8558953496528021,0.9371459503745319,,completed,0.2085351999849081,18,1,,,
Binary Matched-Size Augmentation Experiment,binary_matched_size_experiment,journal-matched-size-v1,bn_binary_cinexdrama,bn,1008,matched_all_real,0.75,,0,,,210,490,222,268,0.8593662805136371,0.9371488764044944,,completed,0.13795679999748245,11,1,,,
Binary Matched-Size Augmentation Experiment,binary_matched_size_experiment,journal-matched-size-v1,bn_binary_cinexdrama,bn,1008,matched_all_real,1.0,,0,,,280,560,254,306,0.8628716933418601,0.938222729400749,,completed,0.15655250003328547,16,1,,,
Binary Matched-Size Augmentation Experiment,binary_matched_size_experiment,journal-matched-size-v1,bn_binary_cinexdrama,bn,1008,matched_all_real,1.25,,0,,,350,630,286,344,0.8654246740170863,0.9401422050561797,,completed,0.2587835000013001,16,1,,,
Binary Matched-Size Augmentation Experiment,binary_matched_size_experiment,journal-matched-size-v1,bn_binary_cinexdrama,bn,1008,matched_all_real,1.5,,0,,,420,700,318,382,0.8653877192713388,0.9419504915730338,,completed,0.32899989996803924,16,1,,,
Binary Matched-Size Augmentation Experiment,binary_matched_size_experiment,journal-matched-size-v1,bn_binary_cinexdrama,bn,1008,matched_all_real,1.75,,0,,,490,770,349,421,0.8655307078755707,0.9425854400749064,,completed,0.1899140000459738,13,1,,,
Binary Matched-Size Augmentation Experiment,binary_matched_size_experiment,journal-matched-size-v1,bn_binary_cinexdrama,bn,1008,matched_all_real,2.0,,0,,,560,840,381,459,0.8655644465450227,0.9435832162921349,,completed,0.23162819998105988,13,1,,,
Binary Matched-Size Augmentation Experiment,binary_matched_size_experiment,journal-matched-size-v1,bn_binary_cinexdrama,bn,1008,matched_all_real,2.5,,0,,,700,980,445,535,0.8706364409222428,0.9439987125468166,,completed,0.35539400001289323,16,1,,,
Binary Matched-Size Augmentation Experiment,binary_matched_size_experiment,journal-matched-size-v1,bn_binary_cinexdrama,bn,1008,matched_all_real,3.0,,0,,,840,1120,508,612,0.869619602066821,0.9451779026217229,,completed,0.3509269999922253,14,1,,,
Binary Matched-Size Augmentation Experiment,binary_matched_size_experiment,journal-matched-size-v1,bn_binary_cinexdrama,bn,1008,matched_all_real,3.5,,0,,,980,1260,572,688,0.868665398814185,0.9451661985018727,,completed,0.30147330003092065,11,1,,,
Binary Matched-Size Augmentation Experiment,binary_matched_size_experiment,journal-matched-size-v1,bn_binary_cinexdrama,bn,1008,matched_all_real,4.0,,0,,,1120,1400,635,765,0.8704208468102992,0.9461317883895132,,completed,0.4044801000272855,16,1,,,
Binary Matched-Size Augmentation Experiment,binary_matched_size_experiment,journal-matched-size-v1,bn_binary_cinexdrama,bn,1009,matched_all_real,0.5,,0,,,140,420,191,229,0.8651489910573906,0.9416695926966293,,completed,0.17294189997483045,17,1,,,
Binary Matched-Size Augmentation Experiment,binary_matched_size_experiment,journal-matched-size-v1,bn_binary_cinexdrama,bn,1009,matched_all_real,0.75,,0,,,210,490,222,268,0.8615796184127946,0.941218984082397,,completed,0.15967250004177913,12,1,,,
Binary Matched-Size Augmentation Experiment,binary_matched_size_experiment,journal-matched-size-v1,bn_binary_cinexdrama,bn,1009,matched_all_real,1.0,,0,,,280,560,254,306,0.8649276301181237,0.9423776919475656,,completed,0.16765050002140924,9,1,,,
Binary Matched-Size Augmentation Experiment,binary_matched_size_experiment,journal-matched-size-v1,bn_binary_cinexdrama,bn,1009,matched_all_real,1.25,,0,,,350,630,286,344,0.8675758818703856,0.9425503277153559,,completed,0.21348480001324788,9,1,,,
Binary Matched-Size Augmentation Experiment,binary_matched_size_experiment,journal-matched-size-v1,bn_binary_cinexdrama,bn,1009,matched_all_real,1.5,,0,,,420,700,318,382,0.8641812595736206,0.9432086844569287,,completed,0.20569350000005215,9,1,,,
Binary Matched-Size Augmentation Experiment,binary_matched_size_experiment,journal-matched-size-v1,bn_binary_cinexdrama,bn,1009,matched_all_real,1.75,,0,,,490,770,349,421,0.8702197363749171,0.9433725421348316,,completed,0.23052159999497235,9,1,,,
Binary Matched-Size Augmentation Experiment,binary_matched_size_experiment,journal-matched-size-v1,bn_binary_cinexdrama,bn,1009,matched_all_real,2.0,,0,,,560,840,381,459,0.8660287921348315,0.9415525514981274,,completed,0.2481807000003755,9,1,,,
Binary Matched-Size Augmentation Experiment,binary_matched_size_experiment,journal-matched-size-v1,bn_binary_cinexdrama,bn,1009,matched_all_real,2.5,,0,,,700,980,445,535,0.8669882864609031,0.9419241573033709,,completed,0.3746322999941185,19,1,,,
Binary Matched-Size Augmentation Experiment,binary_matched_size_experiment,journal-matched-size-v1,bn_binary_cinexdrama,bn,1009,matched_all_real,3.0,,0,,,840,1120,508,612,0.8712978960385185,0.9436329588014981,,completed,0.303643400024157,14,1,,,
Binary Matched-Size Augmentation Experiment,binary_matched_size_experiment,journal-matched-size-v1,bn_binary_cinexdrama,bn,1009,matched_all_real,3.5,,0,,,980,1260,572,688,0.8721745008129487,0.9446102528089887,,completed,0.4143426999798976,16,1,,,
Binary Matched-Size Augmentation Experiment,binary_matched_size_experiment,journal-matched-size-v1,bn_binary_cinexdrama,bn,1009,matched_all_real,4.0,,0,,,1120,1400,635,765,0.8704208468102992,0.9461317883895132,,completed,0.45613510004477575,16,1,,,
Binary Matched-Size Augmentation Experiment,binary_matched_size_experiment,journal-matched-size-v1,bn_binary_cinexdrama,bn,1010,matched_all_real,0.5,,0,,,140,420,191,229,0.8585284947756109,0.9349572799625467,,completed,0.17685719998553395,18,1,,,
Binary Matched-Size Augmentation Experiment,binary_matched_size_experiment,journal-matched-size-v1,bn_binary_cinexdrama,bn,1010,matched_all_real,0.75,,0,,,210,490,222,268,0.8594434856754065,0.9363354400749063,,completed,0.2249061999609694,15,1,,,
Binary Matched-Size Augmentation Experiment,binary_matched_size_experiment,journal-matched-size-v1,bn_binary_cinexdrama,bn,1010,matched_all_real,1.0,,0,,,280,560,254,306,0.8627574758598116,0.9382753979400749,,completed,0.20651539997197688,15,1,,,
Binary Matched-Size Augmentation Experiment,binary_matched_size_experiment,journal-matched-size-v1,bn_binary_cinexdrama,bn,1010,matched_all_real,1.25,,0,,,350,630,286,344,0.8645114165924065,0.9393375468164794,,completed,0.23208300000987947,12,1,,,
Binary Matched-Size Augmentation Experiment,binary_matched_size_experiment,journal-matched-size-v1,bn_binary_cinexdrama,bn,1010,matched_all_real,1.5,,0,,,420,700,318,382,0.8610017277216,0.9408415262172285,,completed,0.25440650002565235,12,1,,,
Binary Matched-Size Augmentation Experiment,binary_matched_size_experiment,journal-matched-size-v1,bn_binary_cinexdrama,bn,1010,matched_all_real,1.75,,0,,,490,770,349,421,0.858406885587413,0.940224133895131,,completed,0.3472796999849379,17,1,,,
Binary Matched-Size Augmentation Experiment,binary_matched_size_experiment,journal-matched-size-v1,bn_binary_cinexdrama,bn,1010,matched_all_real,2.0,,0,,,560,840,381,459,0.8610419443080592,0.9412979868913858,,completed,0.2837805000017397,13,1,,,
Binary Matched-Size Augmentation Experiment,binary_matched_size_experiment,journal-matched-size-v1,bn_binary_cinexdrama,bn,1010,matched_all_real,2.5,,0,,,700,980,445,535,0.8626772095634679,0.9430126404494383,,completed,0.360495799977798,17,1,,,
Binary Matched-Size Augmentation Experiment,binary_matched_size_experiment,journal-matched-size-v1,bn_binary_cinexdrama,bn,1010,matched_all_real,3.0,,0,,,840,1120,508,612,0.8669882864609031,0.9446512172284645,,completed,0.4089438000228256,18,1,,,
Binary Matched-Size Augmentation Experiment,binary_matched_size_experiment,journal-matched-size-v1,bn_binary_cinexdrama,bn,1010,matched_all_real,3.5,,0,,,980,1260,572,688,0.8687045666356011,0.9443147237827715,,completed,0.3841184999910183,13,1,,,
Binary Matched-Size Augmentation Experiment,binary_matched_size_experiment,journal-matched-size-v1,bn_binary_cinexdrama,bn,1010,matched_all_real,4.0,,0,,,1120,1400,635,765,0.8704208468102992,0.9461317883895132,,completed,0.4685681000119075,16,1,,,
Binary Matched-Size Augmentation Experiment,binary_matched_size_experiment,journal-matched-size-v1,bn_binary_cinexdrama,bn,1011,matched_all_real,0.5,,0,,,140,420,191,229,0.857514525486077,0.9386382256554308,,completed,0.12969940004404634,9,1,,,
Binary Matched-Size Augmentation Experiment,binary_matched_size_experiment,journal-matched-size-v1,bn_binary_cinexdrama,bn,1011,matched_all_real,0.75,,0,,,210,490,222,268,0.8571600290834036,0.9372776217228465,,completed,0.21594380005262792,13,1,,,
Binary Matched-Size Augmentation Experiment,binary_matched_size_experiment,journal-matched-size-v1,bn_binary_cinexdrama,bn,1011,matched_all_real,1.0,,0,,,280,560,254,306,0.857007850906156,0.9384568117977528,,completed,0.22112450003623962,11,1,,,
Binary Matched-Size Augmentation Experiment,binary_matched_size_experiment,journal-matched-size-v1,bn_binary_cinexdrama,bn,1011,matched_all_real,1.25,,0,,,350,630,286,344,0.8572090092466406,0.9400427200374532,,completed,0.20579990005353466,11,1,,,
Binary Matched-Size Augmentation Experiment,binary_matched_size_experiment,journal-matched-size-v1,bn_binary_cinexdrama,bn,1011,matched_all_real,1.5,,0,,,420,700,318,382,0.8634734953567413,0.9396125936329589,,completed,0.22337109997170046,15,1,,,
Binary Matched-Size Augmentation Experiment,binary_matched_size_experiment,journal-matched-size-v1,bn_binary_cinexdrama,bn,1011,matched_all_real,1.75,,0,,,490,770,349,421,0.865986834595335,0.9405898876404495,,completed,0.280268199974671,11,1,,,
Binary Matched-Size Augmentation Experiment,binary_matched_size_experiment,journal-matched-size-v1,bn_binary_cinexdrama,bn,1011,matched_all_real,2.0,,0,,,560,840,381,459,0.8642253999484693,0.9424918071161049,,completed,0.29029569996055216,11,1,,,
Binary Matched-Size Augmentation Experiment,binary_matched_size_experiment,journal-matched-size-v1,bn_binary_cinexdrama,bn,1011,matched_all_real,2.5,,0,,,700,980,445,535,0.8704208468102992,0.9434135065543071,,completed,0.3546529000159353,18,1,,,
Binary Matched-Size Augmentation Experiment,binary_matched_size_experiment,journal-matched-size-v1,bn_binary_cinexdrama,bn,1011,matched_all_real,3.0,,0,,,840,1120,508,612,0.8687429437877929,0.9443703183520599,,completed,0.3956599000375718,21,1,,,
Binary Matched-Size Augmentation Experiment,binary_matched_size_experiment,journal-matched-size-v1,bn_binary_cinexdrama,bn,1011,matched_all_real,3.5,,0,,,980,1260,572,688,0.869619602066821,0.9459679307116104,,completed,0.4228950999677181,18,1,,,
Binary Matched-Size Augmentation Experiment,binary_matched_size_experiment,journal-matched-size-v1,bn_binary_cinexdrama,bn,1011,matched_all_real,4.0,,0,,,1120,1400,635,765,0.8704208468102992,0.9461317883895132,,completed,0.4500100999721326,16,1,,,
Binary Matched-Size Augmentation Experiment,binary_matched_size_experiment,journal-matched-size-v1,bn_binary_cinexdrama,bn,1012,matched_all_real,0.5,,0,,,140,420,191,229,0.8594808258209164,0.9359404260299624,,completed,0.24180310004157946,17,1,,,
Binary Matched-Size Augmentation Experiment,binary_matched_size_experiment,journal-matched-size-v1,bn_binary_cinexdrama,bn,1012,matched_all_real,0.75,,0,,,210,490,222,268,0.8611575895086333,0.9376901919475655,,completed,0.24452250002650544,17,1,,,
Binary Matched-Size Augmentation Experiment,binary_matched_size_experiment,journal-matched-size-v1,bn_binary_cinexdrama,bn,1012,matched_all_real,1.0,,0,,,280,560,254,306,0.8601640512249036,0.9389630149812734,,completed,0.18678330001421273,17,1,,,
Binary Matched-Size Augmentation Experiment,binary_matched_size_experiment,journal-matched-size-v1,bn_binary_cinexdrama,bn,1012,matched_all_real,1.25,,0,,,350,630,286,344,0.8645490127351326,0.939366807116105,,completed,0.28098650003084913,17,1,,,
Binary Matched-Size Augmentation Experiment,binary_matched_size_experiment,journal-matched-size-v1,bn_binary_cinexdrama,bn,1012,matched_all_real,1.5,,0,,,420,700,318,382,0.867865839932879,0.9399081226591761,,completed,0.2341751999920234,17,1,,,
Binary Matched-Size Augmentation Experiment,binary_matched_size_experiment,journal-matched-size-v1,bn_binary_cinexdrama,bn,1012,matched_all_real,1.75,,0,,,490,770,349,421,0.8705321376431349,0.9411107209737829,,completed,0.23565610003424808,14,1,,,
Binary Matched-Size Augmentation Experiment,binary_matched_size_experiment,journal-matched-size-v1,bn_binary_cinexdrama,bn,1012,matched_all_real,2.0,,0,,,560,840,381,459,0.8731218600303774,0.9421026451310862,,completed,0.22212150000268593,15,1,,,
Binary Matched-Size Augmentation Experiment,binary_matched_size_experiment,journal-matched-size-v1,bn_binary_cinexdrama,bn,1012,matched_all_real,2.5,,0,,,700,980,445,535,0.8722820154684451,0.9439401919475656,,completed,0.43968030001269653,18,1,,,
Binary Matched-Size Augmentation Experiment,binary_matched_size_experiment,journal-matched-size-v1,bn_binary_cinexdrama,bn,1012,matched_all_real,3.0,,0,,,840,1120,508,612,0.8731218600303774,0.9447097378277154,,completed,0.3387469000299461,14,1,,,
Binary Matched-Size Augmentation Experiment,binary_matched_size_experiment,journal-matched-size-v1,bn_binary_cinexdrama,bn,1012,matched_all_real,3.5,,0,,,980,1260,572,688,0.8687805316367478,0.9453095739700375,,completed,0.3673687999835238,13,1,,,
Binary Matched-Size Augmentation Experiment,binary_matched_size_experiment,journal-matched-size-v1,bn_binary_cinexdrama,bn,1012,matched_all_real,4.0,,0,,,1120,1400,635,765,0.8704208468102992,0.9461317883895132,,completed,0.337389099993743,16,1,,,
Binary Matched-Size Augmentation Experiment,binary_matched_size_experiment,journal-matched-size-v1,bn_binary_cinexdrama,bn,1013,matched_all_real,0.5,,0,,,140,420,191,229,0.8566478536076398,0.9399344569288389,,completed,0.20213559997500852,9,1,,,
Binary Matched-Size Augmentation Experiment,binary_matched_size_experiment,journal-matched-size-v1,bn_binary_cinexdrama,bn,1013,matched_all_real,0.75,,0,,,210,490,222,268,0.8547015870295795,0.9417047050561798,,completed,0.20526439999230206,9,1,,,
Binary Matched-Size Augmentation Experiment,binary_matched_size_experiment,journal-matched-size-v1,bn_binary_cinexdrama,bn,1013,matched_all_real,1.0,,0,,,280,560,254,306,0.8573043613241838,0.9418597846441947,,completed,0.1988759000087157,9,1,,,
Binary Matched-Size Augmentation Experiment,binary_matched_size_experiment,journal-matched-size-v1,bn_binary_cinexdrama,bn,1013,matched_all_real,1.25,,0,,,350,630,286,344,0.863431143809714,0.9422109082397003,,completed,0.24071290000574663,9,1,,,
Binary Matched-Size Augmentation Experiment,binary_matched_size_experiment,journal-matched-size-v1,bn_binary_cinexdrama,bn,1013,matched_all_real,1.5,,0,,,420,700,318,382,0.8625936329588015,0.9423133192883895,,completed,0.2774374000146054,13,1,,,
Binary Matched-Size Augmentation Experiment,binary_matched_size_experiment,journal-matched-size-v1,bn_binary_cinexdrama,bn,1013,matched_all_real,1.75,,0,,,490,770,349,421,0.8643528878358416,0.943711961610487,,completed,0.2323407000512816,9,1,,,
Binary Matched-Size Augmentation Experiment,binary_matched_size_experiment,journal-matched-size-v1,bn_binary_cinexdrama,bn,1013,matched_all_real,2.0,,0,,,560,840,381,459,0.8696927211122795,0.9435159176029964,,completed,0.3288978000055067,11,1,,,
Binary Matched-Size Augmentation Experiment,binary_matched_size_experiment,journal-matched-size-v1,bn_binary_cinexdrama,bn,1013,matched_all_real,2.5,,0,,,700,980,445,535,0.8687429437877929,0.9450403792134833,,completed,0.3129600000102073,12,1,,,
Binary Matched-Size Augmentation Experiment,binary_matched_size_experiment,journal-matched-size-v1,bn_binary_cinexdrama,bn,1013,matched_all_real,3.0,,0,,,840,1120,508,612,0.8730506651703257,0.9448970037453184,,completed,0.3052049000398256,9,1,,,
Binary Matched-Size Augmentation Experiment,binary_matched_size_experiment,journal-matched-size-v1,bn_binary_cinexdrama,bn,1013,matched_all_real,3.5,,0,,,980,1260,572,688,0.8713351336185733,0.9448648174157304,,completed,0.3931840999866836,14,1,,,
Binary Matched-Size Augmentation Experiment,binary_matched_size_experiment,journal-matched-size-v1,bn_binary_cinexdrama,bn,1013,matched_all_real,4.0,,0,,,1120,1400,635,765,0.8704208468102992,0.9461317883895132,,completed,0.4998857999453321,16,1,,,
Binary Matched-Size Augmentation Experiment,binary_matched_size_experiment,journal-matched-size-v1,bn_binary_cinexdrama,bn,1014,matched_all_real,0.5,,0,,,140,420,191,229,0.8453200758906612,0.9341584737827715,,completed,0.1479585999622941,13,1,,,
Binary Matched-Size Augmentation Experiment,binary_matched_size_experiment,journal-matched-size-v1,bn_binary_cinexdrama,bn,1014,matched_all_real,0.75,,0,,,210,490,222,268,0.8504760733609725,0.935963834269663,,completed,0.19718790001934394,20,1,,,
Binary Matched-Size Augmentation Experiment,binary_matched_size_experiment,journal-matched-size-v1,bn_binary_cinexdrama,bn,1014,matched_all_real,1.0,,0,,,280,560,254,306,0.8531696082138539,0.936434925093633,,completed,0.2806360999820754,23,1,,,
Binary Matched-Size Augmentation Experiment,binary_matched_size_experiment,journal-matched-size-v1,bn_binary_cinexdrama,bn,1014,matched_all_real,1.25,,0,,,350,630,286,344,0.8565144046926401,0.9378130852059925,,completed,0.20909319998463616,23,1,,,
Binary Matched-Size Augmentation Experiment,binary_matched_size_experiment,journal-matched-size-v1,bn_binary_cinexdrama,bn,1014,matched_all_real,1.5,,0,,,420,700,318,382,0.8617982301247307,0.9383602528089887,,completed,0.2947182999923825,23,1,,,
Binary Matched-Size Augmentation Experiment,binary_matched_size_experiment,journal-matched-size-v1,bn_binary_cinexdrama,bn,1014,matched_all_real,1.75,,0,,,490,770,349,421,0.8591143645745829,0.9389337546816479,,completed,0.3477982999756932,20,1,,,
Binary Matched-Size Augmentation Experiment,binary_matched_size_experiment,journal-matched-size-v1,bn_binary_cinexdrama,bn,1014,matched_all_real,2.0,,0,,,560,840,381,459,0.8564210948753833,0.938875234082397,,completed,0.22325099998852238,13,1,,,
Binary Matched-Size Augmentation Experiment,binary_matched_size_experiment,journal-matched-size-v1,bn_binary_cinexdrama,bn,1014,matched_all_real,2.5,,0,,,700,980,445,535,0.8670652444686007,0.9408415262172285,,completed,0.3559378000209108,15,1,,,
Binary Matched-Size Augmentation Experiment,binary_matched_size_experiment,journal-matched-size-v1,bn_binary_cinexdrama,bn,1014,matched_all_real,3.0,,0,,,840,1120,508,612,0.8661498118800592,0.9424011001872659,,completed,0.3448185000452213,16,1,,,
Binary Matched-Size Augmentation Experiment,binary_matched_size_experiment,journal-matched-size-v1,bn_binary_cinexdrama,bn,1014,matched_all_real,3.5,,0,,,980,1260,572,688,0.869619602066821,0.9448589653558052,,completed,0.3282125999685377,13,1,,,
Binary Matched-Size Augmentation Experiment,binary_matched_size_experiment,journal-matched-size-v1,bn_binary_cinexdrama,bn,1014,matched_all_real,4.0,,0,,,1120,1400,635,765,0.8704208468102992,0.9461317883895132,,completed,0.3888286000001244,16,1,,,
Binary Matched-Size Augmentation Experiment,binary_matched_size_experiment,journal-matched-size-v1,bn_binary_cinexdrama,bn,1015,matched_all_real,0.5,,0,,,140,420,191,229,0.8451663955686464,0.9325754915730337,,completed,0.21404019999317825,15,1,,,
Binary Matched-Size Augmentation Experiment,binary_matched_size_experiment,journal-matched-size-v1,bn_binary_cinexdrama,bn,1015,matched_all_real,0.75,,0,,,210,490,222,268,0.8470875420382669,0.9338219803370787,,completed,0.1959350000252016,11,1,,,
Binary Matched-Size Augmentation Experiment,binary_matched_size_experiment,journal-matched-size-v1,bn_binary_cinexdrama,bn,1015,matched_all_real,1.0,,0,,,280,560,254,306,0.8572571194187273,0.9383426966292135,,completed,0.23915979999583215,16,1,,,
Binary Matched-Size Augmentation Experiment,binary_matched_size_experiment,journal-matched-size-v1,bn_binary_cinexdrama,bn,1015,matched_all_real,1.25,,0,,,350,630,286,344,0.8590235858865429,0.9412687265917603,,completed,0.2461937999469228,16,1,,,
Binary Matched-Size Augmentation Experiment,binary_matched_size_experiment,journal-matched-size-v1,bn_binary_cinexdrama,bn,1015,matched_all_real,1.5,,0,,,420,700,318,382,0.8553886130410682,0.9432379447565543,,completed,0.24767479998990893,12,1,,,
Binary Matched-Size Augmentation Experiment,binary_matched_size_experiment,journal-matched-size-v1,bn_binary_cinexdrama,bn,1015,matched_all_real,1.75,,0,,,490,770,349,421,0.8589769131606704,0.943872893258427,,completed,0.21632680000038818,13,1,,,
Binary Matched-Size Augmentation Experiment,binary_matched_size_experiment,journal-matched-size-v1,bn_binary_cinexdrama,bn,1015,matched_all_real,2.0,,0,,,560,840,381,459,0.8641812595736206,0.9451398642322097,,completed,0.24234609998529777,16,1,,,
Binary Matched-Size Augmentation Experiment,binary_matched_size_experiment,journal-matched-size-v1,bn_binary_cinexdrama,bn,1015,matched_all_real,2.5,,0,,,700,980,445,535,0.8626358357831307,0.945467579588015,,completed,0.32726529997307807,18,1,,,
Binary Matched-Size Augmentation Experiment,binary_matched_size_experiment,journal-matched-size-v1,bn_binary_cinexdrama,bn,1015,matched_all_real,3.0,,0,,,840,1120,508,612,0.8677869919412634,0.9457748127340825,,completed,0.5205463000456803,21,1,,,
Binary Matched-Size Augmentation Experiment,binary_matched_size_experiment,journal-matched-size-v1,bn_binary_cinexdrama,bn,1015,matched_all_real,3.5,,0,,,980,1260,572,688,0.8635150222970942,0.9463190543071162,,completed,0.5073653999716043,18,1,,,
Binary Matched-Size Augmentation Experiment,binary_matched_size_experiment,journal-matched-size-v1,bn_binary_cinexdrama,bn,1015,matched_all_real,4.0,,0,,,1120,1400,635,765,0.8704208468102992,0.9461317883895132,,completed,0.4430090000387281,16,1,,,
Binary Matched-Size Augmentation Experiment,binary_matched_size_experiment,journal-matched-size-v1,bn_binary_cinexdrama,bn,1016,matched_all_real,0.5,,0,,,140,420,191,229,0.8581871291513996,0.9386148174157303,,completed,0.21833519998472184,18,1,,,
Binary Matched-Size Augmentation Experiment,binary_matched_size_experiment,journal-matched-size-v1,bn_binary_cinexdrama,bn,1016,matched_all_real,0.75,,0,,,210,490,222,268,0.8624620350112613,0.9384012172284645,,completed,0.21239679999416694,12,1,,,
Binary Matched-Size Augmentation Experiment,binary_matched_size_experiment,journal-matched-size-v1,bn_binary_cinexdrama,bn,1016,matched_all_real,1.0,,0,,,280,560,254,306,0.8625505995849589,0.939398993445693,,completed,0.21254220005357638,12,1,,,
Binary Matched-Size Augmentation Experiment,binary_matched_size_experiment,journal-matched-size-v1,bn_binary_cinexdrama,bn,1016,matched_all_real,1.25,,0,,,350,630,286,344,0.860832482079771,0.9393375468164794,,completed,0.21731450001243502,12,1,,,
Binary Matched-Size Augmentation Experiment,binary_matched_size_experiment,journal-matched-size-v1,bn_binary_cinexdrama,bn,1016,matched_all_real,1.5,,0,,,420,700,318,382,0.8617561808329268,0.9402416900749064,,completed,0.289277600008063,15,1,,,
Binary Matched-Size Augmentation Experiment,binary_matched_size_experiment,journal-matched-size-v1,bn_binary_cinexdrama,bn,1016,matched_all_real,1.75,,0,,,490,770,349,421,0.8582776020666844,0.9420529026217229,,completed,0.2594546999898739,16,1,,,
Binary Matched-Size Augmentation Experiment,binary_matched_size_experiment,journal-matched-size-v1,bn_binary_cinexdrama,bn,1016,matched_all_real,2.0,,0,,,560,840,381,459,0.8635956082500593,0.9432876872659177,,completed,0.2572039000224322,12,1,,,
Binary Matched-Size Augmentation Experiment,binary_matched_size_experiment,journal-matched-size-v1,bn_binary_cinexdrama,bn,1016,matched_all_real,2.5,,0,,,700,980,445,535,0.867941507311586,0.9439460440074906,,completed,0.29564960004063323,16,1,,,
Binary Matched-Size Augmentation Experiment,binary_matched_size_experiment,journal-matched-size-v1,bn_binary_cinexdrama,bn,1016,matched_all_real,3.0,,0,,,840,1120,508,612,0.8706024474541878,0.9453183520599251,,completed,0.40497159998631105,18,1,,,
Binary Matched-Size Augmentation Experiment,binary_matched_size_experiment,journal-matched-size-v1,bn_binary_cinexdrama,bn,1016,matched_all_real,3.5,,0,,,980,1260,572,688,0.8731218600303774,0.9455729166666667,,completed,0.4224775999900885,16,1,,,
Binary Matched-Size Augmentation Experiment,binary_matched_size_experiment,journal-matched-size-v1,bn_binary_cinexdrama,bn,1016,matched_all_real,4.0,,0,,,1120,1400,635,765,0.8704208468102992,0.9461317883895132,,completed,0.38659019995247945,16,1,,,
Binary Matched-Size Augmentation Experiment,binary_matched_size_experiment,journal-matched-size-v1,bn_binary_cinexdrama,bn,1017,matched_all_real,0.5,,0,,,140,420,191,229,0.8653499573004536,0.9428341526217229,,completed,0.19071850000182167,13,1,,,
Binary Matched-Size Augmentation Experiment,binary_matched_size_experiment,journal-matched-size-v1,bn_binary_cinexdrama,bn,1017,matched_all_real,0.75,,0,,,210,490,222,268,0.8601640512249036,0.941684222846442,,completed,0.2022368999896571,11,1,,,
Binary Matched-Size Augmentation Experiment,binary_matched_size_experiment,journal-matched-size-v1,bn_binary_cinexdrama,bn,1017,matched_all_real,1.0,,0,,,280,560,254,306,0.8600388663091122,0.9417632256554308,,completed,0.27970499999355525,15,1,,,
Binary Matched-Size Augmentation Experiment,binary_matched_size_experiment,journal-matched-size-v1,bn_binary_cinexdrama,bn,1017,matched_all_real,1.25,,0,,,350,630,286,344,0.8652318144694578,0.9419387874531835,,completed,0.2251609999802895,9,1,,,
Binary Matched-Size Augmentation Experiment,binary_matched_size_experiment,journal-matched-size-v1,bn_binary_cinexdrama,bn,1017,matched_all_real,1.5,,0,,,420,700,318,382,0.8592441398025545,0.9423981741573034,,completed,0.2572904000408016,10,1,,,
Binary Matched-Size Augmentation Experiment,binary_matched_size_experiment,journal-matched-size-v1,bn_binary_cinexdrama,bn,1017,matched_all_real,1.75,,0,,,490,770,349,421,0.8585284947756109,0.9423133192883896,,completed,0.3203749000094831,14,1,,,
Binary Matched-Size Augmentation Experiment,binary_matched_size_experiment,journal-matched-size-v1,bn_binary_cinexdrama,bn,1017,matched_all_real,2.0,,0,,,560,840,381,459,0.8618394459368091,0.9429336376404495,,completed,0.3040400999598205,14,1,,,
Binary Matched-Size Augmentation Experiment,binary_matched_size_experiment,journal-matched-size-v1,bn_binary_cinexdrama,bn,1017,matched_all_real,2.5,,0,,,700,980,445,535,0.8618394459368091,0.9428546348314607,,completed,0.29987059999257326,12,1,,,
Binary Matched-Size Augmentation Experiment,binary_matched_size_experiment,journal-matched-size-v1,bn_binary_cinexdrama,bn,1017,matched_all_real,3.0,,0,,,840,1120,508,612,0.8687805316367478,0.9448267790262173,,completed,0.41815420001512393,18,1,,,
Binary Matched-Size Augmentation Experiment,binary_matched_size_experiment,journal-matched-size-v1,bn_binary_cinexdrama,bn,1017,matched_all_real,3.5,,0,,,980,1260,572,688,0.8705676801056054,0.9445780664794008,,completed,0.32815900002606213,12,1,,,
Binary Matched-Size Augmentation Experiment,binary_matched_size_experiment,journal-matched-size-v1,bn_binary_cinexdrama,bn,1017,matched_all_real,4.0,,0,,,1120,1400,635,765,0.8704208468102992,0.9461317883895132,,completed,0.4279225000063889,16,1,,,
Binary Matched-Size Augmentation Experiment,binary_matched_size_experiment,journal-matched-size-v1,bn_binary_cinexdrama,bn,1018,matched_all_real,0.5,,0,,,140,420,191,229,0.8617132965620375,0.9433988764044944,,completed,0.16712529998039827,9,1,,,
Binary Matched-Size Augmentation Experiment,binary_matched_size_experiment,journal-matched-size-v1,bn_binary_cinexdrama,bn,1018,matched_all_real,0.75,,0,,,210,490,222,268,0.8635150222970942,0.943691479400749,,completed,0.19187719997717068,12,1,,,
Binary Matched-Size Augmentation Experiment,binary_matched_size_experiment,journal-matched-size-v1,bn_binary_cinexdrama,bn,1018,matched_all_real,1.0,,0,,,280,560,254,306,0.8600814379523671,0.9413623595505619,,completed,0.17247170000337064,11,1,,,
Binary Matched-Size Augmentation Experiment,binary_matched_size_experiment,journal-matched-size-v1,bn_binary_cinexdrama,bn,1018,matched_all_real,1.25,,0,,,350,630,286,344,0.8627574758598116,0.9414355102996255,,completed,0.20841469999868423,11,1,,,
Binary Matched-Size Augmentation Experiment,binary_matched_size_experiment,journal-matched-size-v1,bn_binary_cinexdrama,bn,1018,matched_all_real,1.5,,0,,,420,700,318,382,0.8643937444439246,0.9425035112359551,,completed,0.24990530003560707,11,1,,,
Binary Matched-Size Augmentation Experiment,binary_matched_size_experiment,journal-matched-size-v1,bn_binary_cinexdrama,bn,1018,matched_all_real,1.75,,0,,,490,770,349,421,0.8653113867626372,0.9424537687265918,,completed,0.23481080000055954,11,1,,,
Binary Matched-Size Augmentation Experiment,binary_matched_size_experiment,journal-matched-size-v1,bn_binary_cinexdrama,bn,1018,matched_all_real,2.0,,0,,,560,840,381,459,0.8651063565074522,0.942936563670412,,completed,0.28439019998768345,11,1,,,
Binary Matched-Size Augmentation Experiment,binary_matched_size_experiment,journal-matched-size-v1,bn_binary_cinexdrama,bn,1018,matched_all_real,2.5,,0,,,700,980,445,535,0.8661102793243812,0.9434515449438202,,completed,0.2902917999890633,14,1,,,
Binary Matched-Size Augmentation Experiment,binary_matched_size_experiment,journal-matched-size-v1,bn_binary_cinexdrama,bn,1018,matched_all_real,3.0,,0,,,840,1120,508,612,0.865272006286205,0.943744147940075,,completed,0.3472743000020273,14,1,,,
Binary Matched-Size Augmentation Experiment,binary_matched_size_experiment,journal-matched-size-v1,bn_binary_cinexdrama,bn,1018,matched_all_real,3.5,,0,,,980,1260,572,688,0.8704587223003708,0.9441801264044944,,completed,0.3679483000305481,12,1,,,
Binary Matched-Size Augmentation Experiment,binary_matched_size_experiment,journal-matched-size-v1,bn_binary_cinexdrama,bn,1018,matched_all_real,4.0,,0,,,1120,1400,635,765,0.8704208468102992,0.9461317883895132,,completed,0.48399869998684153,16,1,,,
Binary Matched-Size Augmentation Experiment,binary_matched_size_experiment,journal-matched-size-v1,bn_binary_cinexdrama,bn,1019,matched_all_real,0.5,,0,,,140,420,191,229,0.8576276268992722,0.9371752106741573,,completed,0.14298810000764206,9,1,,,
Binary Matched-Size Augmentation Experiment,binary_matched_size_experiment,journal-matched-size-v1,bn_binary_cinexdrama,bn,1019,matched_all_real,0.75,,0,,,210,490,222,268,0.8533983263991726,0.937991573033708,,completed,0.21536969998851418,9,1,,,
Binary Matched-Size Augmentation Experiment,binary_matched_size_experiment,journal-matched-size-v1,bn_binary_cinexdrama,bn,1019,matched_all_real,1.0,,0,,,280,560,254,306,0.8527802527802528,0.9383514747191011,,completed,0.23007570003392175,12,1,,,
Binary Matched-Size Augmentation Experiment,binary_matched_size_experiment,journal-matched-size-v1,bn_binary_cinexdrama,bn,1019,matched_all_real,1.25,,0,,,350,630,286,344,0.8606019560934421,0.9404143258426967,,completed,0.25874830002430826,16,1,,,
Binary Matched-Size Augmentation Experiment,binary_matched_size_experiment,journal-matched-size-v1,bn_binary_cinexdrama,bn,1019,matched_all_real,1.5,,0,,,420,700,318,382,0.8617132965620375,0.9400134597378277,,completed,0.28193040000041947,15,1,,,
Binary Matched-Size Augmentation Experiment,binary_matched_size_experiment,journal-matched-size-v1,bn_binary_cinexdrama,bn,1019,matched_all_real,1.75,,0,,,490,770,349,421,0.8608760533707864,0.9409439372659176,,completed,0.2736406999756582,16,1,,,
Binary Matched-Size Augmentation Experiment,binary_matched_size_experiment,journal-matched-size-v1,bn_binary_cinexdrama,bn,1019,matched_all_real,2.0,,0,,,560,840,381,459,0.8643528878358416,0.9425327715355806,,completed,0.3443334000185132,17,1,,,
Binary Matched-Size Augmentation Experiment,binary_matched_size_experiment,journal-matched-size-v1,bn_binary_cinexdrama,bn,1019,matched_all_real,2.5,,0,,,700,980,445,535,0.8643528878358416,0.9437821863295881,,completed,0.3297245999565348,18,1,,,
Binary Matched-Size Augmentation Experiment,binary_matched_size_experiment,journal-matched-size-v1,bn_binary_cinexdrama,bn,1019,matched_all_real,3.0,,0,,,840,1120,508,612,0.8644337838272396,0.944996488764045,,completed,0.47573730000294745,18,1,,,
Binary Matched-Size Augmentation Experiment,binary_matched_size_experiment,journal-matched-size-v1,bn_binary_cinexdrama,bn,1019,matched_all_real,3.5,,0,,,980,1260,572,688,0.8678268142048379,0.9453856507490637,,completed,0.44765809999080375,17,1,,,
Binary Matched-Size Augmentation Experiment,binary_matched_size_experiment,journal-matched-size-v1,bn_binary_cinexdrama,bn,1019,matched_all_real,4.0,,0,,,1120,1400,635,765,0.8704208468102992,0.9461317883895132,,completed,0.49530050001339987,16,1,,,
Binary Matched-Size Augmentation Experiment,binary_matched_size_experiment,journal-matched-size-v1,bn_binary_cinexdrama,bn,1020,matched_all_real,0.5,,0,,,140,420,191,229,0.8647575884837031,0.9386382256554306,,completed,0.14876409998396412,9,1,,,
Binary Matched-Size Augmentation Experiment,binary_matched_size_experiment,journal-matched-size-v1,bn_binary_cinexdrama,bn,1020,matched_all_real,0.75,,0,,,210,490,222,268,0.8629437327986504,0.9373741807116105,,completed,0.16625509998993948,9,1,,,
Binary Matched-Size Augmentation Experiment,binary_matched_size_experiment,journal-matched-size-v1,bn_binary_cinexdrama,bn,1020,matched_all_real,1.0,,0,,,280,560,254,306,0.8663701394786842,0.9396360018726593,,completed,0.19928649999201298,9,1,,,
Binary Matched-Size Augmentation Experiment,binary_matched_size_experiment,journal-matched-size-v1,bn_binary_cinexdrama,bn,1020,matched_all_real,1.25,,0,,,350,630,286,344,0.8680833428187011,0.9411897237827715,,completed,0.19249749998562038,11,1,,,
Binary Matched-Size Augmentation Experiment,binary_matched_size_experiment,journal-matched-size-v1,bn_binary_cinexdrama,bn,1020,matched_all_real,1.5,,0,,,420,700,318,382,0.8714072905713284,0.943472027153558,,completed,0.23748229996999726,9,1,,,
Binary Matched-Size Augmentation Experiment,binary_matched_size_experiment,journal-matched-size-v1,bn_binary_cinexdrama,bn,1020,matched_all_real,1.75,,0,,,490,770,349,421,0.8740301971905007,0.9445780664794007,,completed,0.20443220000015572,9,1,,,
Binary Matched-Size Augmentation Experiment,binary_matched_size_experiment,journal-matched-size-v1,bn_binary_cinexdrama,bn,1020,matched_all_real,2.0,,0,,,560,840,381,459,0.8722820154684451,0.9439431179775282,,completed,0.22745989996474236,11,1,,,
Binary Matched-Size Augmentation Experiment,binary_matched_size_experiment,journal-matched-size-v1,bn_binary_cinexdrama,bn,1020,matched_all_real,2.5,,0,,,700,980,445,535,0.8694639513108614,0.9453505383895131,,completed,0.284802199981641,9,1,,,
Binary Matched-Size Augmentation Experiment,binary_matched_size_experiment,journal-matched-size-v1,bn_binary_cinexdrama,bn,1020,matched_all_real,3.0,,0,,,840,1120,508,612,0.8694639513108614,0.9458216292134831,,completed,0.2756930000032298,9,1,,,
Binary Matched-Size Augmentation Experiment,binary_matched_size_experiment,journal-matched-size-v1,bn_binary_cinexdrama,bn,1020,matched_all_real,3.5,,0,,,980,1260,572,688,0.8695433490852946,0.9463600187265918,,completed,0.2862967000110075,9,1,,,
Binary Matched-Size Augmentation Experiment,binary_matched_size_experiment,journal-matched-size-v1,bn_binary_cinexdrama,bn,1020,matched_all_real,4.0,,0,,,1120,1400,635,765,0.8704208468102992,0.9461317883895132,,completed,0.44112989999121055,16,1,,,
Binary Matched-Size Augmentation Experiment,binary_matched_size_experiment,journal-matched-size-v1,bn_binary_cinexdrama,bn,1021,matched_all_real,0.5,,0,,,140,420,191,229,0.8577372056388092,0.9400193117977529,,completed,0.12064510001800954,9,1,,,
Binary Matched-Size Augmentation Experiment,binary_matched_size_experiment,journal-matched-size-v1,bn_binary_cinexdrama,bn,1021,matched_all_real,0.75,,0,,,210,490,222,268,0.8631114631114631,0.9404611423220974,,completed,0.5516914000036195,12,1,,,
Binary Matched-Size Augmentation Experiment,binary_matched_size_experiment,journal-matched-size-v1,bn_binary_cinexdrama,bn,1021,matched_all_real,1.0,,0,,,280,560,254,306,0.8615796184127946,0.9410843867041199,,completed,0.25708680000388995,13,1,,,
Binary Matched-Size Augmentation Experiment,binary_matched_size_experiment,journal-matched-size-v1,bn_binary_cinexdrama,bn,1021,matched_all_real,1.25,,0,,,350,630,286,344,0.865190809880556,0.9415437734082398,,completed,0.25013609998859465,16,1,,,
Binary Matched-Size Augmentation Experiment,binary_matched_size_experiment,journal-matched-size-v1,bn_binary_cinexdrama,bn,1021,matched_all_real,1.5,,0,,,420,700,318,382,0.8625067341250322,0.9414823267790262,,completed,0.19993879995308816,17,1,,,
Binary Matched-Size Augmentation Experiment,binary_matched_size_experiment,journal-matched-size-v1,bn_binary_cinexdrama,bn,1021,matched_all_real,1.75,,0,,,490,770,349,421,0.865190809880556,0.9407274110486892,,completed,0.22140340000623837,16,1,,,
Binary Matched-Size Augmentation Experiment,binary_matched_size_experiment,journal-matched-size-v1,bn_binary_cinexdrama,bn,1021,matched_all_real,2.0,,0,,,560,840,381,459,0.8686254389281851,0.9421289794007491,,completed,0.5179498000070453,14,1,,,
Binary Matched-Size Augmentation Experiment,binary_matched_size_experiment,journal-matched-size-v1,bn_binary_cinexdrama,bn,1021,matched_all_real,2.5,,0,,,700,980,445,535,0.8651489910573906,0.9414442883895132,,completed,0.2219760000007227,12,1,,,
Binary Matched-Size Augmentation Experiment,binary_matched_size_experiment,journal-matched-size-v1,bn_binary_cinexdrama,bn,1021,matched_all_real,3.0,,0,,,840,1120,508,612,0.8695040439939742,0.9432613529962547,,completed,1.2907164000207558,18,1,,,
Binary Matched-Size Augmentation Experiment,binary_matched_size_experiment,journal-matched-size-v1,bn_binary_cinexdrama,bn,1021,matched_all_real,3.5,,0,,,980,1260,572,688,0.8730139240913384,0.945751404494382,,completed,0.32852740003727376,16,1,,,
Binary Matched-Size Augmentation Experiment,binary_matched_size_experiment,journal-matched-size-v1,bn_binary_cinexdrama,bn,1021,matched_all_real,4.0,,0,,,1120,1400,635,765,0.8704208468102992,0.9461317883895132,,completed,0.36927760002436116,16,1,,,
Binary Matched-Size Augmentation Experiment,binary_matched_size_experiment,journal-matched-size-v1,bn_binary_cinexdrama,bn,1022,matched_all_real,0.5,,0,,,140,420,191,229,0.8510583843917177,0.9317152387640449,,completed,0.16266329999780282,12,1,,,
Binary Matched-Size Augmentation Experiment,binary_matched_size_experiment,journal-matched-size-v1,bn_binary_cinexdrama,bn,1022,matched_all_real,0.75,,0,,,210,490,222,268,0.8606967069026135,0.936595856741573,,completed,0.18504990002838895,11,1,,,
Binary Matched-Size Augmentation Experiment,binary_matched_size_experiment,journal-matched-size-v1,bn_binary_cinexdrama,bn,1022,matched_all_real,1.0,,0,,,280,560,254,306,0.8660699398885525,0.9390215355805244,,completed,0.17734250001376495,11,1,,,
Binary Matched-Size Augmentation Experiment,binary_matched_size_experiment,journal-matched-size-v1,bn_binary_cinexdrama,bn,1022,matched_all_real,1.25,,0,,,350,630,286,344,0.8633439608186214,0.9405108848314607,,completed,0.22297219996107742,11,1,,,
Binary Matched-Size Augmentation Experiment,binary_matched_size_experiment,journal-matched-size-v1,bn_binary_cinexdrama,bn,1022,matched_all_real,1.5,,0,,,420,700,318,382,0.8625505995849589,0.9411780196629214,,completed,0.29181780002545565,16,1,,,
Binary Matched-Size Augmentation Experiment,binary_matched_size_experiment,journal-matched-size-v1,bn_binary_cinexdrama,bn,1022,matched_all_real,1.75,,0,,,490,770,349,421,0.8668247468704144,0.9436944054307116,,completed,0.27495699998689815,13,1,,,
Binary Matched-Size Augmentation Experiment,binary_matched_size_experiment,journal-matched-size-v1,bn_binary_cinexdrama,bn,1022,matched_all_real,2.0,,0,,,560,840,381,459,0.8642687170901471,0.9436241807116106,,completed,0.2892991999979131,17,1,,,
Binary Matched-Size Augmentation Experiment,binary_matched_size_experiment,journal-matched-size-v1,bn_binary_cinexdrama,bn,1022,matched_all_real,2.5,,0,,,700,980,445,535,0.860832482079771,0.942567883895131,,completed,0.2597821999806911,14,1,,,
Binary Matched-Size Augmentation Experiment,binary_matched_size_experiment,journal-matched-size-v1,bn_binary_cinexdrama,bn,1022,matched_all_real,3.0,,0,,,840,1120,508,612,0.865986834595335,0.9449672284644195,,completed,0.408571700041648,14,1,,,
Binary Matched-Size Augmentation Experiment,binary_matched_size_experiment,journal-matched-size-v1,bn_binary_cinexdrama,bn,1022,matched_all_real,3.5,,0,,,980,1260,572,688,0.868665398814185,0.9460001170411986,,completed,0.4234050000086427,20,1,,,
Binary Matched-Size Augmentation Experiment,binary_matched_size_experiment,journal-matched-size-v1,bn_binary_cinexdrama,bn,1022,matched_all_real,4.0,,0,,,1120,1400,635,765,0.8704208468102992,0.9461317883895132,,completed,0.4513171000289731,16,1,,,
Binary Matched-Size Augmentation Experiment,binary_matched_size_experiment,journal-matched-size-v1,bn_binary_cinexdrama,bn,1023,matched_all_real,0.5,,0,,,140,420,191,229,0.8586053233770926,0.9359462780898877,,completed,0.13555529998848215,9,1,,,
Binary Matched-Size Augmentation Experiment,binary_matched_size_experiment,journal-matched-size-v1,bn_binary_cinexdrama,bn,1023,matched_all_real,0.75,,0,,,210,490,222,268,0.85501671568717,0.9373566245318352,,completed,0.17071440001018345,9,1,,,
Binary Matched-Size Augmentation Experiment,binary_matched_size_experiment,journal-matched-size-v1,bn_binary_cinexdrama,bn,1023,matched_all_real,1.0,,0,,,280,560,254,306,0.8557233146067416,0.9386031132958803,,completed,0.19742400001268834,9,1,,,
Binary Matched-Size Augmentation Experiment,binary_matched_size_experiment,journal-matched-size-v1,bn_binary_cinexdrama,bn,1023,matched_all_real,1.25,,0,,,350,630,286,344,0.8619960032914071,0.9382900280898876,,completed,0.21756910003023222,9,1,,,
Binary Matched-Size Augmentation Experiment,binary_matched_size_experiment,journal-matched-size-v1,bn_binary_cinexdrama,bn,1023,matched_all_real,1.5,,0,,,420,700,318,382,0.8625936329588015,0.9415730337078652,,completed,0.24224489997141063,9,1,,,
Binary Matched-Size Augmentation Experiment,binary_matched_size_experiment,journal-matched-size-v1,bn_binary_cinexdrama,bn,1023,matched_all_real,1.75,,0,,,490,770,349,421,0.865190809880556,0.941470622659176,,completed,0.2564731999882497,9,1,,,
Binary Matched-Size Augmentation Experiment,binary_matched_size_experiment,journal-matched-size-v1,bn_binary_cinexdrama,bn,1023,matched_all_real,2.0,,0,,,560,840,381,459,0.8662264619519963,0.9429921582397005,,completed,0.28379979997407645,9,1,,,
Binary Matched-Size Augmentation Experiment,binary_matched_size_experiment,journal-matched-size-v1,bn_binary_cinexdrama,bn,1023,matched_all_real,2.5,,0,,,700,980,445,535,0.8730139240913384,0.9439314138576779,,completed,0.26409890002105385,9,1,,,
Binary Matched-Size Augmentation Experiment,binary_matched_size_experiment,journal-matched-size-v1,bn_binary_cinexdrama,bn,1023,matched_all_real,3.0,,0,,,840,1120,508,612,0.8678268142048379,0.9444142088014982,,completed,0.2997179999947548,11,1,,,
Binary Matched-Size Augmentation Experiment,binary_matched_size_experiment,journal-matched-size-v1,bn_binary_cinexdrama,bn,1023,matched_all_real,3.5,,0,,,980,1260,572,688,0.873926393141189,0.9452364232209738,,completed,0.4646721999743022,21,1,,,
Binary Matched-Size Augmentation Experiment,binary_matched_size_experiment,journal-matched-size-v1,bn_binary_cinexdrama,bn,1023,matched_all_real,4.0,,0,,,1120,1400,635,765,0.8704208468102992,0.9461317883895132,,completed,0.44332209997810423,16,1,,,
Binary Matched-Size Augmentation Experiment,binary_matched_size_experiment,journal-matched-size-v1,bn_binary_cinexdrama,bn,1024,matched_all_real,0.5,,0,,,140,420,191,229,0.869619602066821,0.9432437968164793,,completed,0.1832377000246197,15,1,,,
Binary Matched-Size Augmentation Experiment,binary_matched_size_experiment,journal-matched-size-v1,bn_binary_cinexdrama,bn,1024,matched_all_real,0.75,,0,,,210,490,222,268,0.8687429437877929,0.9438582631086143,,completed,0.14844499999890104,11,1,,,
Binary Matched-Size Augmentation Experiment,binary_matched_size_experiment,journal-matched-size-v1,bn_binary_cinexdrama,bn,1024,matched_all_real,1.0,,0,,,280,560,254,306,0.8704208468102992,0.9444873595505618,,completed,0.21086589997867122,13,1,,,
Binary Matched-Size Augmentation Experiment,binary_matched_size_experiment,journal-matched-size-v1,bn_binary_cinexdrama,bn,1024,matched_all_real,1.25,,0,,,350,630,286,344,0.8704208468102992,0.9447916666666667,,completed,0.2719294000416994,17,1,,,
Binary Matched-Size Augmentation Experiment,binary_matched_size_experiment,journal-matched-size-v1,bn_binary_cinexdrama,bn,1024,matched_all_real,1.5,,0,,,420,700,318,382,0.8669882864609031,0.9430419007490637,,completed,0.2622237000032328,14,1,,,
Binary Matched-Size Augmentation Experiment,binary_matched_size_experiment,journal-matched-size-v1,bn_binary_cinexdrama,bn,1024,matched_all_real,1.75,,0,,,490,770,349,421,0.8687429437877929,0.9434954353932584,,completed,0.3325611000182107,16,1,,,
Binary Matched-Size Augmentation Experiment,binary_matched_size_experiment,journal-matched-size-v1,bn_binary_cinexdrama,bn,1024,matched_all_real,2.0,,0,,,560,840,381,459,0.8670271652752151,0.9433345037453185,,completed,0.2606375999748707,13,1,,,
Binary Matched-Size Augmentation Experiment,binary_matched_size_experiment,journal-matched-size-v1,bn_binary_cinexdrama,bn,1024,matched_all_real,2.5,,0,,,700,980,445,535,0.8696927211122795,0.9432233146067417,,completed,0.33161270001437515,16,1,,,
Binary Matched-Size Augmentation Experiment,binary_matched_size_experiment,journal-matched-size-v1,bn_binary_cinexdrama,bn,1024,matched_all_real,3.0,,0,,,840,1120,508,612,0.8695818679856988,0.9437061095505617,,completed,0.3757144000264816,14,1,,,
Binary Matched-Size Augmentation Experiment,binary_matched_size_experiment,journal-matched-size-v1,bn_binary_cinexdrama,bn,1024,matched_all_real,3.5,,0,,,980,1260,572,688,0.8721745008129487,0.9454968398876404,,completed,0.41066829999908805,17,1,,,
Binary Matched-Size Augmentation Experiment,binary_matched_size_experiment,journal-matched-size-v1,bn_binary_cinexdrama,bn,1024,matched_all_real,4.0,,0,,,1120,1400,635,765,0.8704208468102992,0.9461317883895132,,completed,0.44240260001970455,16,1,,,
Binary Matched-Size Augmentation Experiment,binary_matched_size_experiment,journal-matched-size-v1,bn_binary_cinexdrama,bn,1025,matched_all_real,0.5,,0,,,140,420,191,229,0.856274580955418,0.9405459971910113,,completed,0.16855919995578006,12,1,,,
Binary Matched-Size Augmentation Experiment,binary_matched_size_experiment,journal-matched-size-v1,bn_binary_cinexdrama,bn,1025,matched_all_real,0.75,,0,,,210,490,222,268,0.8613399728715978,0.943311095505618,,completed,0.26724530005594715,10,1,,,
Binary Matched-Size Augmentation Experiment,binary_matched_size_experiment,journal-matched-size-v1,bn_binary_cinexdrama,bn,1025,matched_all_real,1.0,,0,,,280,560,254,306,0.8606967069026135,0.9428429307116105,,completed,0.20572440000250936,9,1,,,
Binary Matched-Size Augmentation Experiment,binary_matched_size_experiment,journal-matched-size-v1,bn_binary_cinexdrama,bn,1025,matched_all_real,1.25,,0,,,350,630,286,344,0.8660287921348315,0.9411955758426968,,completed,0.26096300000790507,11,1,,,
Binary Matched-Size Augmentation Experiment,binary_matched_size_experiment,journal-matched-size-v1,bn_binary_cinexdrama,bn,1025,matched_all_real,1.5,,0,,,420,700,318,382,0.8694639513108614,0.9408737125468165,,completed,0.3198124999762513,15,1,,,
Binary Matched-Size Augmentation Experiment,binary_matched_size_experiment,journal-matched-size-v1,bn_binary_cinexdrama,bn,1025,matched_all_real,1.75,,0,,,490,770,349,421,0.8677463717228464,0.940352879213483,,completed,0.2613956999848597,11,1,,,
Binary Matched-Size Augmentation Experiment,binary_matched_size_experiment,journal-matched-size-v1,bn_binary_cinexdrama,bn,1025,matched_all_real,2.0,,0,,,560,840,381,459,0.863555726111507,0.9404231039325843,,completed,0.3492774000042118,12,1,,,
Binary Matched-Size Augmentation Experiment,binary_matched_size_experiment,journal-matched-size-v1,bn_binary_cinexdrama,bn,1025,matched_all_real,2.5,,0,,,700,980,445,535,0.8703025328004202,0.9434222846441948,,completed,0.3546206000028178,16,1,,,
Binary Matched-Size Augmentation Experiment,binary_matched_size_experiment,journal-matched-size-v1,bn_binary_cinexdrama,bn,1025,matched_all_real,3.0,,0,,,840,1120,508,612,0.8712978960385185,0.9454705056179775,,completed,0.3350017999764532,8,1,,,
Binary Matched-Size Augmentation Experiment,binary_matched_size_experiment,journal-matched-size-v1,bn_binary_cinexdrama,bn,1025,matched_all_real,3.5,,0,,,980,1260,572,688,0.8738902793255265,0.9466584737827716,,completed,0.48787949996767566,17,1,,,
Binary Matched-Size Augmentation Experiment,binary_matched_size_experiment,journal-matched-size-v1,bn_binary_cinexdrama,bn,1025,matched_all_real,4.0,,0,,,1120,1400,635,765,0.8704208468102992,0.9461317883895132,,completed,0.511318199976813,16,1,,,
Binary Matched-Size Augmentation Experiment,binary_matched_size_experiment,journal-matched-size-v1,bn_binary_cinexdrama,bn,1026,matched_all_real,0.5,,0,,,140,420,191,229,0.8549743252380169,0.9347085674157303,,completed,0.21415780001552776,17,1,,,
Binary Matched-Size Augmentation Experiment,binary_matched_size_experiment,journal-matched-size-v1,bn_binary_cinexdrama,bn,1026,matched_all_real,0.75,,0,,,210,490,222,268,0.8571600290834036,0.9388079353932584,,completed,0.17659240000648424,13,1,,,
Binary Matched-Size Augmentation Experiment,binary_matched_size_experiment,journal-matched-size-v1,bn_binary_cinexdrama,bn,1026,matched_all_real,1.0,,0,,,280,560,254,306,0.8623701293943524,0.9400690543071162,,completed,0.19248999998671934,13,1,,,
Binary Matched-Size Augmentation Experiment,binary_matched_size_experiment,journal-matched-size-v1,bn_binary_cinexdrama,bn,1026,matched_all_real,1.25,,0,,,350,630,286,344,0.8607428104489021,0.9397588951310862,,completed,0.3076690000016242,16,1,,,
Binary Matched-Size Augmentation Experiment,binary_matched_size_experiment,journal-matched-size-v1,bn_binary_cinexdrama,bn,1026,matched_all_real,1.5,,0,,,420,700,318,382,0.8669081244043705,0.9397530430711611,,completed,0.21663539996370673,16,1,,,
Binary Matched-Size Augmentation Experiment,binary_matched_size_experiment,journal-matched-size-v1,bn_binary_cinexdrama,bn,1026,matched_all_real,1.75,,0,,,490,770,349,421,0.8687429437877929,0.9416491104868914,,completed,0.26971369999228045,18,1,,,
Binary Matched-Size Augmentation Experiment,binary_matched_size_experiment,journal-matched-size-v1,bn_binary_cinexdrama,bn,1026,matched_all_real,2.0,,0,,,560,840,381,459,0.8730506651703257,0.9425386235955057,,completed,0.21486799995182082,13,1,,,
Binary Matched-Size Augmentation Experiment,binary_matched_size_experiment,journal-matched-size-v1,bn_binary_cinexdrama,bn,1026,matched_all_real,2.5,,0,,,700,980,445,535,0.872211105973042,0.9443703183520599,,completed,0.3448325000354089,13,1,,,
Binary Matched-Size Augmentation Experiment,binary_matched_size_experiment,journal-matched-size-v1,bn_binary_cinexdrama,bn,1026,matched_all_real,3.0,,0,,,840,1120,508,612,0.8721745008129487,0.9452188670411985,,completed,0.4250676999799907,14,1,,,
Binary Matched-Size Augmentation Experiment,binary_matched_size_experiment,journal-matched-size-v1,bn_binary_cinexdrama,bn,1026,matched_all_real,3.5,,0,,,980,1260,572,688,0.8713351336185733,0.94562265917603,,completed,0.49829650000901893,17,1,,,
Binary Matched-Size Augmentation Experiment,binary_matched_size_experiment,journal-matched-size-v1,bn_binary_cinexdrama,bn,1026,matched_all_real,4.0,,0,,,1120,1400,635,765,0.8704208468102992,0.9461317883895132,,completed,0.44607210002141073,16,1,,,
Binary Matched-Size Augmentation Experiment,binary_matched_size_experiment,journal-matched-size-v1,bn_binary_cinexdrama,bn,1027,matched_all_real,0.5,,0,,,140,420,191,229,0.8472732724919465,0.9367538623595506,,completed,0.20007899997290224,12,1,,,
Binary Matched-Size Augmentation Experiment,binary_matched_size_experiment,journal-matched-size-v1,bn_binary_cinexdrama,bn,1027,matched_all_real,0.75,,0,,,210,490,222,268,0.8458927792261126,0.93546640917603,,completed,0.18845940002938733,11,1,,,
Binary Matched-Size Augmentation Experiment,binary_matched_size_experiment,journal-matched-size-v1,bn_binary_cinexdrama,bn,1027,matched_all_real,1.0,,0,,,280,560,254,306,0.8539134050078467,0.9378686797752809,,completed,0.17135550000239164,11,1,,,
Binary Matched-Size Augmentation Experiment,binary_matched_size_experiment,journal-matched-size-v1,bn_binary_cinexdrama,bn,1027,matched_all_real,1.25,,0,,,350,630,286,344,0.857350736654721,0.9381642088014982,,completed,0.22514090000186116,12,1,,,
Binary Matched-Size Augmentation Experiment,binary_matched_size_experiment,journal-matched-size-v1,bn_binary_cinexdrama,bn,1027,matched_all_real,1.5,,0,,,420,700,318,382,0.8583215517852977,0.9384334035580524,,completed,0.2233115000417456,17,1,,,
Binary Matched-Size Augmentation Experiment,binary_matched_size_experiment,journal-matched-size-v1,bn_binary_cinexdrama,bn,1027,matched_all_real,1.75,,0,,,490,770,349,421,0.8581871291513996,0.9382549157303371,,completed,0.22881360002793372,13,1,,,
Binary Matched-Size Augmentation Experiment,binary_matched_size_experiment,journal-matched-size-v1,bn_binary_cinexdrama,bn,1027,matched_all_real,2.0,,0,,,560,840,381,459,0.8617561808329268,0.9397705992509364,,completed,0.27297120000002906,19,1,,,
Binary Matched-Size Augmentation Experiment,binary_matched_size_experiment,journal-matched-size-v1,bn_binary_cinexdrama,bn,1027,matched_all_real,2.5,,0,,,700,980,445,535,0.8679781516532306,0.9425415496254681,,completed,0.33614959998521954,16,1,,,
Binary Matched-Size Augmentation Experiment,binary_matched_size_experiment,journal-matched-size-v1,bn_binary_cinexdrama,bn,1027,matched_all_real,3.0,,0,,,840,1120,508,612,0.8680140048415403,0.94280781835206,,completed,0.35160499997437,12,1,,,
Binary Matched-Size Augmentation Experiment,binary_matched_size_experiment,journal-matched-size-v1,bn_binary_cinexdrama,bn,1027,matched_all_real,3.5,,0,,,980,1260,572,688,0.8670652444686007,0.9455378043071161,,completed,0.47369790001539513,20,1,,,
Binary Matched-Size Augmentation Experiment,binary_matched_size_experiment,journal-matched-size-v1,bn_binary_cinexdrama,bn,1027,matched_all_real,4.0,,0,,,1120,1400,635,765,0.8704208468102992,0.9461317883895132,,completed,0.5248871000367217,16,1,,,
Binary Matched-Size Augmentation Experiment,binary_matched_size_experiment,journal-matched-size-v1,bn_binary_cinexdrama,bn,1028,matched_all_real,0.5,,0,,,140,420,191,229,0.8661102793243812,0.9379535346441947,,completed,0.12263090000487864,12,1,,,
Binary Matched-Size Augmentation Experiment,binary_matched_size_experiment,journal-matched-size-v1,bn_binary_cinexdrama,bn,1028,matched_all_real,0.75,,0,,,210,490,222,268,0.8703821909865486,0.9408649344569289,,completed,0.20011360000353307,13,1,,,
Binary Matched-Size Augmentation Experiment,binary_matched_size_experiment,journal-matched-size-v1,bn_binary_cinexdrama,bn,1028,matched_all_real,1.0,,0,,,280,560,254,306,0.8694639513108614,0.9400222378277154,,completed,0.26419069996336475,17,1,,,
Binary Matched-Size Augmentation Experiment,binary_matched_size_experiment,journal-matched-size-v1,bn_binary_cinexdrama,bn,1028,matched_all_real,1.25,,0,,,350,630,286,344,0.8677869919412634,0.9413330992509363,,completed,0.23264259996358305,17,1,,,
Binary Matched-Size Augmentation Experiment,binary_matched_size_experiment,journal-matched-size-v1,bn_binary_cinexdrama,bn,1028,matched_all_real,1.5,,0,,,420,700,318,382,0.869619602066821,0.9410287921348315,,completed,0.22281649999786168,16,1,,,
Binary Matched-Size Augmentation Experiment,binary_matched_size_experiment,journal-matched-size-v1,bn_binary_cinexdrama,bn,1028,matched_all_real,1.75,,0,,,490,770,349,421,0.865190809880556,0.9408532303370787,,completed,0.27581970003666356,17,1,,,
Binary Matched-Size Augmentation Experiment,binary_matched_size_experiment,journal-matched-size-v1,bn_binary_cinexdrama,bn,1028,matched_all_real,2.0,,0,,,560,840,381,459,0.8661102793243812,0.9422079822097379,,completed,0.2392268999828957,15,1,,,
Binary Matched-Size Augmentation Experiment,binary_matched_size_experiment,journal-matched-size-v1,bn_binary_cinexdrama,bn,1028,matched_all_real,2.5,,0,,,700,980,445,535,0.8695433490852946,0.9425210674157304,,completed,0.3357791999587789,18,1,,,
Binary Matched-Size Augmentation Experiment,binary_matched_size_experiment,journal-matched-size-v1,bn_binary_cinexdrama,bn,1028,matched_all_real,3.0,,0,,,840,1120,508,612,0.8669486066418215,0.944183052434457,,completed,0.44842199998674914,17,1,,,
Binary Matched-Size Augmentation Experiment,binary_matched_size_experiment,journal-matched-size-v1,bn_binary_cinexdrama,bn,1028,matched_all_real,3.5,,0,,,980,1260,572,688,0.8687045666356011,0.9453329822097378,,completed,0.4651054999558255,17,1,,,
Binary Matched-Size Augmentation Experiment,binary_matched_size_experiment,journal-matched-size-v1,bn_binary_cinexdrama,bn,1028,matched_all_real,4.0,,0,,,1120,1400,635,765,0.8704208468102992,0.9461317883895132,,completed,0.46906750003108755,16,1,,,
Binary Matched-Size Augmentation Experiment,binary_matched_size_experiment,journal-matched-size-v1,bn_binary_cinexdrama,bn,1029,matched_all_real,0.5,,0,,,140,420,191,229,0.8670271652752151,0.9413301732209739,,completed,0.17042969999602064,20,1,,,
Binary Matched-Size Augmentation Experiment,binary_matched_size_experiment,journal-matched-size-v1,bn_binary_cinexdrama,bn,1029,matched_all_real,0.75,,0,,,210,490,222,268,0.8670271652752151,0.9420353464419476,,completed,0.17915289994562045,13,1,,,
Binary Matched-Size Augmentation Experiment,binary_matched_size_experiment,journal-matched-size-v1,bn_binary_cinexdrama,bn,1029,matched_all_real,1.0,,0,,,280,560,254,306,0.8687429437877929,0.9423045411985019,,completed,0.17003290000138804,13,1,,,
Binary Matched-Size Augmentation Experiment,binary_matched_size_experiment,journal-matched-size-v1,bn_binary_cinexdrama,bn,1029,matched_all_real,1.25,,0,,,350,630,286,344,0.8730866433903555,0.9428809691011237,,completed,0.26165749999927357,16,1,,,
Binary Matched-Size Augmentation Experiment,binary_matched_size_experiment,journal-matched-size-v1,bn_binary_cinexdrama,bn,1029,matched_all_real,1.5,,0,,,420,700,318,382,0.8704958188048948,0.9441772003745319,,completed,0.21587060001911595,13,1,,,
Binary Matched-Size Augmentation Experiment,binary_matched_size_experiment,journal-matched-size-v1,bn_binary_cinexdrama,bn,1029,matched_all_real,1.75,,0,,,490,770,349,421,0.8713715980307657,0.9435598080524344,,completed,0.2598477000137791,16,1,,,
Binary Matched-Size Augmentation Experiment,binary_matched_size_experiment,journal-matched-size-v1,bn_binary_cinexdrama,bn,1029,matched_all_real,2.0,,0,,,560,840,381,459,0.8687805316367478,0.9435159176029962,,completed,0.3500072000315413,17,1,,,
Binary Matched-Size Augmentation Experiment,binary_matched_size_experiment,journal-matched-size-v1,bn_binary_cinexdrama,bn,1029,matched_all_real,2.5,,0,,,700,980,445,535,0.8670652444686007,0.9445546582397005,,completed,0.31109259999357164,14,1,,,
Binary Matched-Size Augmentation Experiment,binary_matched_size_experiment,journal-matched-size-v1,bn_binary_cinexdrama,bn,1029,matched_all_real,3.0,,0,,,840,1120,508,612,0.8713351336185733,0.9460966760299625,,completed,0.36654130002716556,11,1,,,
Binary Matched-Size Augmentation Experiment,binary_matched_size_experiment,journal-matched-size-v1,bn_binary_cinexdrama,bn,1029,matched_all_real,3.5,,0,,,980,1260,572,688,0.8713351336185733,0.9453651685393258,,completed,0.3748442000360228,14,1,,,
Binary Matched-Size Augmentation Experiment,binary_matched_size_experiment,journal-matched-size-v1,bn_binary_cinexdrama,bn,1029,matched_all_real,4.0,,0,,,1120,1400,635,765,0.8704208468102992,0.9461317883895132,,completed,0.4281565999845043,16,1,,,
Binary Matched-Size Augmentation Experiment,binary_matched_size_experiment,journal-matched-size-v1,bn_binary_cinexdrama,bn,1030,matched_all_real,0.5,,0,,,140,420,191,229,0.8486071423337875,0.934717345505618,,completed,0.12748359999386594,19,1,,,
Binary Matched-Size Augmentation Experiment,binary_matched_size_experiment,journal-matched-size-v1,bn_binary_cinexdrama,bn,1030,matched_all_real,0.75,,0,,,210,490,222,268,0.8548869227376685,0.9357151217228463,,completed,0.15574969997396693,12,1,,,
Binary Matched-Size Augmentation Experiment,binary_matched_size_experiment,journal-matched-size-v1,bn_binary_cinexdrama,bn,1030,matched_all_real,1.0,,0,,,280,560,254,306,0.8574408941947566,0.9353464419475656,,completed,0.28923720004968345,16,1,,,
Binary Matched-Size Augmentation Experiment,binary_matched_size_experiment,journal-matched-size-v1,bn_binary_cinexdrama,bn,1030,matched_all_real,1.25,,0,,,350,630,286,344,0.855678129564207,0.9346032303370786,,completed,0.1969645000062883,12,1,,,
Binary Matched-Size Augmentation Experiment,binary_matched_size_experiment,journal-matched-size-v1,bn_binary_cinexdrama,bn,1030,matched_all_real,1.5,,0,,,420,700,318,382,0.857350736654721,0.9385884831460674,,completed,0.2951889999676496,16,1,,,
Binary Matched-Size Augmentation Experiment,binary_matched_size_experiment,journal-matched-size-v1,bn_binary_cinexdrama,bn,1030,matched_all_real,1.75,,0,,,490,770,349,421,0.8556320708312838,0.9383280664794007,,completed,0.2903857000055723,12,1,,,
Binary Matched-Size Augmentation Experiment,binary_matched_size_experiment,journal-matched-size-v1,bn_binary_cinexdrama,bn,1030,matched_all_real,2.0,,0,,,560,840,381,459,0.8592856996687803,0.9385358146067416,,completed,0.31751570000778884,16,1,,,
Binary Matched-Size Augmentation Experiment,binary_matched_size_experiment,journal-matched-size-v1,bn_binary_cinexdrama,bn,1030,matched_all_real,2.5,,0,,,700,980,445,535,0.8602433008995429,0.9410756086142322,,completed,0.4146092000300996,16,1,,,
Binary Matched-Size Augmentation Experiment,binary_matched_size_experiment,journal-matched-size-v1,bn_binary_cinexdrama,bn,1030,matched_all_real,3.0,,0,,,840,1120,508,612,0.8669486066418215,0.9428955992509364,,completed,0.38356630003545433,18,1,,,
Binary Matched-Size Augmentation Experiment,binary_matched_size_experiment,journal-matched-size-v1,bn_binary_cinexdrama,bn,1030,matched_all_real,3.5,,0,,,980,1260,572,688,0.8687805316367478,0.9444785814606742,,completed,0.3335224000038579,11,1,,,
Binary Matched-Size Augmentation Experiment,binary_matched_size_experiment,journal-matched-size-v1,bn_binary_cinexdrama,bn,1030,matched_all_real,4.0,,0,,,1120,1400,635,765,0.8704208468102992,0.9461317883895132,,completed,0.36986310000065714,16,1,,,
Binary Matched-Size Augmentation Experiment,binary_matched_size_experiment,journal-matched-size-v1,bn_binary_cinexdrama,bn,1031,matched_all_real,0.5,,0,,,140,420,191,229,0.8593264127563068,0.9374268492509363,,completed,0.12390960002085194,12,1,,,
Binary Matched-Size Augmentation Experiment,binary_matched_size_experiment,journal-matched-size-v1,bn_binary_cinexdrama,bn,1031,matched_all_real,0.75,,0,,,210,490,222,268,0.8585284947756109,0.9384070692883895,,completed,0.1333199999644421,11,1,,,
Binary Matched-Size Augmentation Experiment,binary_matched_size_experiment,journal-matched-size-v1,bn_binary_cinexdrama,bn,1031,matched_all_real,1.0,,0,,,280,560,254,306,0.8568914485089362,0.937216175093633,,completed,0.2730227999854833,15,1,,,
Binary Matched-Size Augmentation Experiment,binary_matched_size_experiment,journal-matched-size-v1,bn_binary_cinexdrama,bn,1031,matched_all_real,1.25,,0,,,350,630,286,344,0.8602816679285674,0.937997425093633,,completed,0.1331552999909036,11,1,,,
Binary Matched-Size Augmentation Experiment,binary_matched_size_experiment,journal-matched-size-v1,bn_binary_cinexdrama,bn,1031,matched_all_real,1.5,,0,,,420,700,318,382,0.8602433008995429,0.9389337546816481,,completed,0.1488272999995388,16,1,,,
Binary Matched-Size Augmentation Experiment,binary_matched_size_experiment,journal-matched-size-v1,bn_binary_cinexdrama,bn,1031,matched_all_real,1.75,,0,,,490,770,349,421,0.8610017277216,0.939773525280899,,completed,0.18177869997452945,12,1,,,
Binary Matched-Size Augmentation Experiment,binary_matched_size_experiment,journal-matched-size-v1,bn_binary_cinexdrama,bn,1031,matched_all_real,2.0,,0,,,560,840,381,459,0.8671025253952709,0.9407127808988764,,completed,0.19739540002774447,14,1,,,
Binary Matched-Size Augmentation Experiment,binary_matched_size_experiment,journal-matched-size-v1,bn_binary_cinexdrama,bn,1031,matched_all_real,2.5,,0,,,700,980,445,535,0.8643528878358416,0.9443761704119851,,completed,0.20141430001240224,12,1,,,
Binary Matched-Size Augmentation Experiment,binary_matched_size_experiment,journal-matched-size-v1,bn_binary_cinexdrama,bn,1031,matched_all_real,3.0,,0,,,840,1120,508,612,0.8677869919412634,0.9454558754681649,,completed,0.26902950002113357,17,1,,,
Binary Matched-Size Augmentation Experiment,binary_matched_size_experiment,journal-matched-size-v1,bn_binary_cinexdrama,bn,1031,matched_all_real,3.5,,0,,,980,1260,572,688,0.8661102793243812,0.9452890917602996,,completed,0.26644119998672977,14,1,,,
Binary Matched-Size Augmentation Experiment,binary_matched_size_experiment,journal-matched-size-v1,bn_binary_cinexdrama,bn,1031,matched_all_real,4.0,,0,,,1120,1400,635,765,0.8704208468102992,0.9461317883895132,,completed,0.2662359999958426,16,1,,,
Binary Matched-Size Augmentation Experiment,binary_matched_size_experiment,journal-matched-size-v1,bn_binary_cinexdrama,bn,1032,matched_all_real,0.5,,0,,,140,420,191,229,0.856604237261483,0.9358292368913856,,completed,0.27958970004692674,15,1,,,
Binary Matched-Size Augmentation Experiment,binary_matched_size_experiment,journal-matched-size-v1,bn_binary_cinexdrama,bn,1032,matched_all_real,0.75,,0,,,210,490,222,268,0.860123165762111,0.9374531835205994,,completed,0.15466830000514165,18,1,,,
Binary Matched-Size Augmentation Experiment,binary_matched_size_experiment,journal-matched-size-v1,bn_binary_cinexdrama,bn,1032,matched_all_real,1.0,,0,,,280,560,254,306,0.8636346701323065,0.9381378745318352,,completed,0.18328420002944767,16,1,,,
Binary Matched-Size Augmentation Experiment,binary_matched_size_experiment,journal-matched-size-v1,bn_binary_cinexdrama,bn,1032,matched_all_real,1.25,,0,,,350,630,286,344,0.8653113867626372,0.9398203417602997,,completed,0.3961735999910161,15,1,,,
Binary Matched-Size Augmentation Experiment,binary_matched_size_experiment,journal-matched-size-v1,bn_binary_cinexdrama,bn,1032,matched_all_real,1.5,,0,,,420,700,318,382,0.8643937444439246,0.9412599485018728,,completed,0.1923784000100568,16,1,,,
Binary Matched-Size Augmentation Experiment,binary_matched_size_experiment,journal-matched-size-v1,bn_binary_cinexdrama,bn,1032,matched_all_real,1.75,,0,,,490,770,349,421,0.8633439608186214,0.9422782069288389,,completed,0.15080580004723743,13,1,,,
Binary Matched-Size Augmentation Experiment,binary_matched_size_experiment,journal-matched-size-v1,bn_binary_cinexdrama,bn,1032,matched_all_real,2.0,,0,,,560,840,381,459,0.8695818679856988,0.9431179775280898,,completed,0.2082617999985814,15,1,,,
Binary Matched-Size Augmentation Experiment,binary_matched_size_experiment,journal-matched-size-v1,bn_binary_cinexdrama,bn,1032,matched_all_real,2.5,,0,,,700,980,445,535,0.8678268142048379,0.9434515449438202,,completed,0.20803129998967052,13,1,,,
Binary Matched-Size Augmentation Experiment,binary_matched_size_experiment,journal-matched-size-v1,bn_binary_cinexdrama,bn,1032,matched_all_real,3.0,,0,,,840,1120,508,612,0.8678268142048379,0.9445780664794008,,completed,0.8033693000325002,13,1,,,
Binary Matched-Size Augmentation Experiment,binary_matched_size_experiment,journal-matched-size-v1,bn_binary_cinexdrama,bn,1032,matched_all_real,3.5,,0,,,980,1260,572,688,0.869619602066821,0.9456168071161049,,completed,0.27572569996118546,14,1,,,
Binary Matched-Size Augmentation Experiment,binary_matched_size_experiment,journal-matched-size-v1,bn_binary_cinexdrama,bn,1032,matched_all_real,4.0,,0,,,1120,1400,635,765,0.8704208468102992,0.9461317883895132,,completed,0.2632418000139296,16,1,,,
Binary Matched-Size Augmentation Experiment,binary_matched_size_experiment,journal-matched-size-v1,bn_binary_cinexdrama,bn,1033,matched_all_real,0.5,,0,,,140,420,191,229,0.8540945351611846,0.9358789794007492,,completed,0.22106240002904087,21,1,,,
Binary Matched-Size Augmentation Experiment,binary_matched_size_experiment,journal-matched-size-v1,bn_binary_cinexdrama,bn,1033,matched_all_real,0.75,,0,,,210,490,222,268,0.8643937444439246,0.9372776217228465,,completed,0.29564169998047873,19,1,,,
Binary Matched-Size Augmentation Experiment,binary_matched_size_experiment,journal-matched-size-v1,bn_binary_cinexdrama,bn,1033,matched_all_real,1.0,,0,,,280,560,254,306,0.8557233146067416,0.9384509597378278,,completed,0.23831679997965693,19,1,,,
Binary Matched-Size Augmentation Experiment,binary_matched_size_experiment,journal-matched-size-v1,bn_binary_cinexdrama,bn,1033,matched_all_real,1.25,,0,,,350,630,286,344,0.8557233146067416,0.9392585440074906,,completed,0.23736229998758063,18,1,,,
Binary Matched-Size Augmentation Experiment,binary_matched_size_experiment,journal-matched-size-v1,bn_binary_cinexdrama,bn,1033,matched_all_real,1.5,,0,,,420,700,318,382,0.859069402478158,0.9400368679775282,,completed,0.27061770000727847,16,1,,,
Binary Matched-Size Augmentation Experiment,binary_matched_size_experiment,journal-matched-size-v1,bn_binary_cinexdrama,bn,1033,matched_all_real,1.75,,0,,,490,770,349,421,0.8589293826292111,0.9415701076779026,,completed,0.3524238999816589,17,1,,,
Binary Matched-Size Augmentation Experiment,binary_matched_size_experiment,journal-matched-size-v1,bn_binary_cinexdrama,bn,1033,matched_all_real,2.0,,0,,,560,840,381,459,0.866738141950206,0.9441859784644195,,completed,0.28413710003951564,16,1,,,
Binary Matched-Size Augmentation Experiment,binary_matched_size_experiment,journal-matched-size-v1,bn_binary_cinexdrama,bn,1033,matched_all_real,2.5,,0,,,700,980,445,535,0.863431143809714,0.9441684222846443,,completed,0.3058992000296712,16,1,,,
Binary Matched-Size Augmentation Experiment,binary_matched_size_experiment,journal-matched-size-v1,bn_binary_cinexdrama,bn,1033,matched_all_real,3.0,,0,,,840,1120,508,612,0.8652318144694578,0.9443235018726592,,completed,0.4342799999867566,19,1,,,
Binary Matched-Size Augmentation Experiment,binary_matched_size_experiment,journal-matched-size-v1,bn_binary_cinexdrama,bn,1033,matched_all_real,3.5,,0,,,980,1260,572,688,0.8695433490852946,0.9456665496254681,,completed,0.46459430002141744,21,1,,,
Binary Matched-Size Augmentation Experiment,binary_matched_size_experiment,journal-matched-size-v1,bn_binary_cinexdrama,bn,1033,matched_all_real,4.0,,0,,,1120,1400,635,765,0.8704208468102992,0.9461317883895132,,completed,0.43494940001983196,16,1,,,
Binary Matched-Size Augmentation Experiment,binary_matched_size_experiment,journal-matched-size-v1,bn_binary_cinexdrama,bn,1034,matched_all_real,0.5,,0,,,140,420,191,229,0.8487553325799932,0.9384509597378277,,completed,0.1252004000125453,9,1,,,
Binary Matched-Size Augmentation Experiment,binary_matched_size_experiment,journal-matched-size-v1,bn_binary_cinexdrama,bn,1034,matched_all_real,0.75,,0,,,210,490,222,268,0.8576828556000045,0.9371020599250935,,completed,0.21198409999487922,8,1,,,
Binary Matched-Size Augmentation Experiment,binary_matched_size_experiment,journal-matched-size-v1,bn_binary_cinexdrama,bn,1034,matched_all_real,1.0,,0,,,280,560,254,306,0.8586788021139167,0.9388723080524346,,completed,0.1914139000000432,8,1,,,
Binary Matched-Size Augmentation Experiment,binary_matched_size_experiment,journal-matched-size-v1,bn_binary_cinexdrama,bn,1034,matched_all_real,1.25,,0,,,350,630,286,344,0.8606967069026135,0.9403177668539326,,completed,0.2229223000467755,8,1,,,
Binary Matched-Size Augmentation Experiment,binary_matched_size_experiment,journal-matched-size-v1,bn_binary_cinexdrama,bn,1034,matched_all_real,1.5,,0,,,420,700,318,382,0.863431143809714,0.9419066011235955,,completed,0.1886957999668084,11,1,,,
Binary Matched-Size Augmentation Experiment,binary_matched_size_experiment,journal-matched-size-v1,bn_binary_cinexdrama,bn,1034,matched_all_real,1.75,,0,,,490,770,349,421,0.8651489910573906,0.9410463483146068,,completed,0.18850489996839315,8,1,,,
Binary Matched-Size Augmentation Experiment,binary_matched_size_experiment,journal-matched-size-v1,bn_binary_cinexdrama,bn,1034,matched_all_real,2.0,,0,,,560,840,381,459,0.8625936329588015,0.9410404962546817,,completed,0.3189560999744572,15,1,,,
Binary Matched-Size Augmentation Experiment,binary_matched_size_experiment,journal-matched-size-v1,bn_binary_cinexdrama,bn,1034,matched_all_real,2.5,,0,,,700,980,445,535,0.8616250169295474,0.9413184691011236,,completed,0.38088269997388124,16,1,,,
Binary Matched-Size Augmentation Experiment,binary_matched_size_experiment,journal-matched-size-v1,bn_binary_cinexdrama,bn,1034,matched_all_real,3.0,,0,,,840,1120,508,612,0.8633879661444896,0.9431004213483146,,completed,0.4355515000061132,17,1,,,
Binary Matched-Size Augmentation Experiment,binary_matched_size_experiment,journal-matched-size-v1,bn_binary_cinexdrama,bn,1034,matched_all_real,3.5,,0,,,980,1260,572,688,0.8669882864609031,0.9431004213483145,,completed,0.36222920002182946,14,1,,,
Binary Matched-Size Augmentation Experiment,binary_matched_size_experiment,journal-matched-size-v1,bn_binary_cinexdrama,bn,1034,matched_all_real,4.0,,0,,,1120,1400,635,765,0.8704208468102992,0.9461317883895132,,completed,0.5121972000342794,16,1,,,
Binary Matched-Size Augmentation Experiment,binary_matched_size_experiment,journal-matched-size-v1,bn_binary_cinexdrama,bn,1035,matched_all_real,0.5,,0,,,140,420,191,229,0.8592856996687803,0.9372191011235954,,completed,0.15617570001631975,15,1,,,
Binary Matched-Size Augmentation Experiment,binary_matched_size_experiment,journal-matched-size-v1,bn_binary_cinexdrama,bn,1035,matched_all_real,0.75,,0,,,210,490,222,268,0.8557233146067416,0.9375292602996255,,completed,0.20030999998562038,15,1,,,
Binary Matched-Size Augmentation Experiment,binary_matched_size_experiment,journal-matched-size-v1,bn_binary_cinexdrama,bn,1035,matched_all_real,1.0,,0,,,280,560,254,306,0.8611198738170347,0.9404904026217229,,completed,0.25964300002669916,17,1,,,
Binary Matched-Size Augmentation Experiment,binary_matched_size_experiment,journal-matched-size-v1,bn_binary_cinexdrama,bn,1035,matched_all_real,1.25,,0,,,350,630,286,344,0.8592856996687803,0.941722261235955,,completed,0.2773244999698363,19,1,,,
Binary Matched-Size Augmentation Experiment,binary_matched_size_experiment,journal-matched-size-v1,bn_binary_cinexdrama,bn,1035,matched_all_real,1.5,,0,,,420,700,318,382,0.8558110700416413,0.9403762874531836,,completed,0.27875189995393157,13,1,,,
Binary Matched-Size Augmentation Experiment,binary_matched_size_experiment,journal-matched-size-v1,bn_binary_cinexdrama,bn,1035,matched_all_real,1.75,,0,,,490,770,349,421,0.8644337838272396,0.9423981741573033,,completed,0.3205440000165254,16,1,,,
Binary Matched-Size Augmentation Experiment,binary_matched_size_experiment,journal-matched-size-v1,bn_binary_cinexdrama,bn,1035,matched_all_real,2.0,,0,,,560,840,381,459,0.8661102793243812,0.9440162687265918,,completed,0.3024855999974534,16,1,,,
Binary Matched-Size Augmentation Experiment,binary_matched_size_experiment,journal-matched-size-v1,bn_binary_cinexdrama,bn,1035,matched_all_real,2.5,,0,,,700,980,445,535,0.8669882864609031,0.9454441713483147,,completed,0.3143176000448875,14,1,,,
Binary Matched-Size Augmentation Experiment,binary_matched_size_experiment,journal-matched-size-v1,bn_binary_cinexdrama,bn,1035,matched_all_real,3.0,,0,,,840,1120,508,612,0.8636346701323065,0.9452510533707866,,completed,0.3526776999933645,11,1,,,
Binary Matched-Size Augmentation Experiment,binary_matched_size_experiment,journal-matched-size-v1,bn_binary_cinexdrama,bn,1035,matched_all_real,3.5,,0,,,980,1260,572,688,0.8704208468102992,0.9457162921348315,,completed,0.4364388000103645,14,1,,,
Binary Matched-Size Augmentation Experiment,binary_matched_size_experiment,journal-matched-size-v1,bn_binary_cinexdrama,bn,1035,matched_all_real,4.0,,0,,,1120,1400,635,765,0.8704208468102992,0.9461317883895132,,completed,0.37276830000337213,16,1,,,
Binary Matched-Size Augmentation Experiment,binary_matched_size_experiment,journal-matched-size-v1,bn_binary_cinexdrama,bn,1036,matched_all_real,0.5,,0,,,140,420,191,229,0.8539134050078467,0.9356478230337077,,completed,0.20908719999715686,19,1,,,
Binary Matched-Size Augmentation Experiment,binary_matched_size_experiment,journal-matched-size-v1,bn_binary_cinexdrama,bn,1036,matched_all_real,0.75,,0,,,210,490,222,268,0.8583215517852977,0.9372337312734083,,completed,0.15060130000347272,12,1,,,
Binary Matched-Size Augmentation Experiment,binary_matched_size_experiment,journal-matched-size-v1,bn_binary_cinexdrama,bn,1036,matched_all_real,1.0,,0,,,280,560,254,306,0.860123165762111,0.9366807116104869,,completed,0.2395744000095874,12,1,,,
Binary Matched-Size Augmentation Experiment,binary_matched_size_experiment,journal-matched-size-v1,bn_binary_cinexdrama,bn,1036,matched_all_real,1.25,,0,,,350,630,286,344,0.8662264619519963,0.9381349485018726,,completed,0.2750577999977395,17,1,,,
Binary Matched-Size Augmentation Experiment,binary_matched_size_experiment,journal-matched-size-v1,bn_binary_cinexdrama,bn,1036,matched_all_real,1.5,,0,,,420,700,318,382,0.8679781516532306,0.9400661282771536,,completed,0.25742280000122264,8,1,,,
Binary Matched-Size Augmentation Experiment,binary_matched_size_experiment,journal-matched-size-v1,bn_binary_cinexdrama,bn,1036,matched_all_real,1.75,,0,,,490,770,349,421,0.8636346701323065,0.9400632022471911,,completed,0.26844439998967573,11,1,,,
Binary Matched-Size Augmentation Experiment,binary_matched_size_experiment,journal-matched-size-v1,bn_binary_cinexdrama,bn,1036,matched_all_real,2.0,,0,,,560,840,381,459,0.8704958188048948,0.9427727059925094,,completed,0.30785619997186586,11,1,,,
Binary Matched-Size Augmentation Experiment,binary_matched_size_experiment,journal-matched-size-v1,bn_binary_cinexdrama,bn,1036,matched_all_real,2.5,,0,,,700,980,445,535,0.8695818679856988,0.94406015917603,,completed,0.2910857000388205,11,1,,,
Binary Matched-Size Augmentation Experiment,binary_matched_size_experiment,journal-matched-size-v1,bn_binary_cinexdrama,bn,1036,matched_all_real,3.0,,0,,,840,1120,508,612,0.8668668383050671,0.9450754915730337,,completed,0.3751664999872446,11,1,,,
Binary Matched-Size Augmentation Experiment,binary_matched_size_experiment,journal-matched-size-v1,bn_binary_cinexdrama,bn,1036,matched_all_real,3.5,,0,,,980,1260,572,688,0.8712210960466851,0.9450169709737828,,completed,0.32186820002971217,11,1,,,
Binary Matched-Size Augmentation Experiment,binary_matched_size_experiment,journal-matched-size-v1,bn_binary_cinexdrama,bn,1036,matched_all_real,4.0,,0,,,1120,1400,635,765,0.8704208468102992,0.9461317883895132,,completed,0.391839100047946,16,1,,,
Binary Matched-Size Augmentation Experiment,binary_matched_size_experiment,journal-matched-size-v1,bn_binary_cinexdrama,bn,1037,matched_all_real,0.5,,0,,,140,420,191,229,0.8572090092466406,0.9355834503745319,,completed,0.13494270003866404,12,1,,,
Binary Matched-Size Augmentation Experiment,binary_matched_size_experiment,journal-matched-size-v1,bn_binary_cinexdrama,bn,1037,matched_all_real,0.75,,0,,,210,490,222,268,0.8590235858865429,0.9369440543071161,,completed,0.2633763999911025,17,1,,,
Binary Matched-Size Augmentation Experiment,binary_matched_size_experiment,journal-matched-size-v1,bn_binary_cinexdrama,bn,1037,matched_all_real,1.0,,0,,,280,560,254,306,0.8607428104489021,0.93687968164794,,completed,0.25996070000110194,17,1,,,
Binary Matched-Size Augmentation Experiment,binary_matched_size_experiment,journal-matched-size-v1,bn_binary_cinexdrama,bn,1037,matched_all_real,1.25,,0,,,350,630,286,344,0.8616250169295474,0.9374268492509363,,completed,0.2512984999921173,17,1,,,
Binary Matched-Size Augmentation Experiment,binary_matched_size_experiment,journal-matched-size-v1,bn_binary_cinexdrama,bn,1037,matched_all_real,1.5,,0,,,420,700,318,382,0.8659440657719064,0.9403089887640451,,completed,0.23824919998878613,13,1,,,
Binary Matched-Size Augmentation Experiment,binary_matched_size_experiment,journal-matched-size-v1,bn_binary_cinexdrama,bn,1037,matched_all_real,1.75,,0,,,490,770,349,421,0.8675758818703856,0.9416608146067413,,completed,0.22518960002344102,13,1,,,
Binary Matched-Size Augmentation Experiment,binary_matched_size_experiment,journal-matched-size-v1,bn_binary_cinexdrama,bn,1037,matched_all_real,2.0,,0,,,560,840,381,459,0.8693389332606982,0.9425093632958802,,completed,0.27746870002010837,13,1,,,
Binary Matched-Size Augmentation Experiment,binary_matched_size_experiment,journal-matched-size-v1,bn_binary_cinexdrama,bn,1037,matched_all_real,2.5,,0,,,700,980,445,535,0.8685846855527437,0.9428370786516854,,completed,0.3342663000221364,21,1,,,
Binary Matched-Size Augmentation Experiment,binary_matched_size_experiment,journal-matched-size-v1,bn_binary_cinexdrama,bn,1037,matched_all_real,3.0,,0,,,840,1120,508,612,0.8695433490852946,0.9446775514981274,,completed,0.3051397999515757,11,1,,,
Binary Matched-Size Augmentation Experiment,binary_matched_size_experiment,journal-matched-size-v1,bn_binary_cinexdrama,bn,1037,matched_all_real,3.5,,0,,,980,1260,572,688,0.8687429437877929,0.9456431413857678,,completed,0.4138581999577582,16,1,,,
Binary Matched-Size Augmentation Experiment,binary_matched_size_experiment,journal-matched-size-v1,bn_binary_cinexdrama,bn,1037,matched_all_real,4.0,,0,,,1120,1400,635,765,0.8704208468102992,0.9461317883895132,,completed,0.454525500012096,16,1,,,
Binary Matched-Size Augmentation Experiment,binary_matched_size_experiment,journal-matched-size-v1,bn_binary_cinexdrama,bn,1038,matched_all_real,0.5,,0,,,140,420,191,229,0.85981329635303,0.9374648876404494,,completed,0.24448609998216853,22,1,,,
Binary Matched-Size Augmentation Experiment,binary_matched_size_experiment,journal-matched-size-v1,bn_binary_cinexdrama,bn,1038,matched_all_real,0.75,,0,,,210,490,222,268,0.8648333314999981,0.9408883426966292,,completed,0.13789070001803339,15,1,,,
Binary Matched-Size Augmentation Experiment,binary_matched_size_experiment,journal-matched-size-v1,bn_binary_cinexdrama,bn,1038,matched_all_real,1.0,,0,,,280,560,254,306,0.8641362943864994,0.9398496020599251,,completed,0.2859782000305131,19,1,,,
Binary Matched-Size Augmentation Experiment,binary_matched_size_experiment,journal-matched-size-v1,bn_binary_cinexdrama,bn,1038,matched_all_real,1.25,,0,,,350,630,286,344,0.8606019560934421,0.9396125936329589,,completed,0.270774100034032,15,1,,,
Binary Matched-Size Augmentation Experiment,binary_matched_size_experiment,journal-matched-size-v1,bn_binary_cinexdrama,bn,1038,matched_all_real,1.5,,0,,,420,700,318,382,0.8614862958536172,0.9399578651685393,,completed,0.2333824000088498,16,1,,,
Binary Matched-Size Augmentation Experiment,binary_matched_size_experiment,journal-matched-size-v1,bn_binary_cinexdrama,bn,1038,matched_all_real,1.75,,0,,,490,770,349,421,0.857059451720415,0.9405547752808989,,completed,0.3446039999835193,16,1,,,
Binary Matched-Size Augmentation Experiment,binary_matched_size_experiment,journal-matched-size-v1,bn_binary_cinexdrama,bn,1038,matched_all_real,2.0,,0,,,560,840,381,459,0.8632534608597042,0.9418041900749063,,completed,0.3040416999720037,13,1,,,
Binary Matched-Size Augmentation Experiment,binary_matched_size_experiment,journal-matched-size-v1,bn_binary_cinexdrama,bn,1038,matched_all_real,2.5,,0,,,700,980,445,535,0.8649735431130412,0.9433052434456928,,completed,0.3025801999610849,12,1,,,
Binary Matched-Size Augmentation Experiment,binary_matched_size_experiment,journal-matched-size-v1,bn_binary_cinexdrama,bn,1038,matched_all_real,3.0,,0,,,840,1120,508,612,0.8643112125468164,0.9436827013108615,,completed,0.4073704000329599,19,1,,,
Binary Matched-Size Augmentation Experiment,binary_matched_size_experiment,journal-matched-size-v1,bn_binary_cinexdrama,bn,1038,matched_all_real,3.5,,0,,,980,1260,572,688,0.868665398814185,0.9446892556179775,,completed,0.3024638000060804,11,1,,,
Binary Matched-Size Augmentation Experiment,binary_matched_size_experiment,journal-matched-size-v1,bn_binary_cinexdrama,bn,1038,matched_all_real,4.0,,0,,,1120,1400,635,765,0.8704208468102992,0.9461317883895132,,completed,0.4360735000227578,16,1,,,
Binary Matched-Size Augmentation Experiment,binary_matched_size_experiment,journal-matched-size-v1,bn_binary_cinexdrama,bn,1039,matched_all_real,0.5,,0,,,140,420,191,229,0.8609606746830112,0.9345827481273409,,completed,0.13778470002580434,16,1,,,
Binary Matched-Size Augmentation Experiment,binary_matched_size_experiment,journal-matched-size-v1,bn_binary_cinexdrama,bn,1039,matched_all_real,0.75,,0,,,210,490,222,268,0.8610813258732268,0.9347173455056179,,completed,0.1984715000144206,12,1,,,
Binary Matched-Size Augmentation Experiment,binary_matched_size_experiment,journal-matched-size-v1,bn_binary_cinexdrama,bn,1039,matched_all_real,1.0,,0,,,280,560,254,306,0.8601640512249036,0.9341438436329589,,completed,0.21310839999932796,11,1,,,
Binary Matched-Size Augmentation Experiment,binary_matched_size_experiment,journal-matched-size-v1,bn_binary_cinexdrama,bn,1039,matched_all_real,1.25,,0,,,350,630,286,344,0.8661498118800592,0.9373654026217229,,completed,0.24113939999369904,15,1,,,
Binary Matched-Size Augmentation Experiment,binary_matched_size_experiment,journal-matched-size-v1,bn_binary_cinexdrama,bn,1039,matched_all_real,1.5,,0,,,420,700,318,382,0.8610419443080592,0.93718984082397,,completed,0.2628733000019565,14,1,,,
Binary Matched-Size Augmentation Experiment,binary_matched_size_experiment,journal-matched-size-v1,bn_binary_cinexdrama,bn,1039,matched_all_real,1.75,,0,,,490,770,349,421,0.860123165762111,0.9388723080524345,,completed,0.24368080002022907,8,1,,,
Binary Matched-Size Augmentation Experiment,binary_matched_size_experiment,journal-matched-size-v1,bn_binary_cinexdrama,bn,1039,matched_all_real,2.0,,0,,,560,840,381,459,0.8610419443080592,0.9401451310861424,,completed,0.22794030001387,8,1,,,
Binary Matched-Size Augmentation Experiment,binary_matched_size_experiment,journal-matched-size-v1,bn_binary_cinexdrama,bn,1039,matched_all_real,2.5,,0,,,700,980,445,535,0.8670652444686007,0.9419651217228464,,completed,0.2370935999788344,14,1,,,
Binary Matched-Size Augmentation Experiment,binary_matched_size_experiment,journal-matched-size-v1,bn_binary_cinexdrama,bn,1039,matched_all_real,3.0,,0,,,840,1120,508,612,0.8661885389633163,0.943466175093633,,completed,0.3788983999984339,18,1,,,
Binary Matched-Size Augmentation Experiment,binary_matched_size_experiment,journal-matched-size-v1,bn_binary_cinexdrama,bn,1039,matched_all_real,3.5,,0,,,980,1260,572,688,0.8687805316367478,0.9448355571161049,,completed,0.44053269998403266,18,1,,,
Binary Matched-Size Augmentation Experiment,binary_matched_size_experiment,journal-matched-size-v1,bn_binary_cinexdrama,bn,1039,matched_all_real,4.0,,0,,,1120,1400,635,765,0.8704208468102992,0.9461317883895132,,completed,0.47717499994905666,16,1,,,
Binary Matched-Size Augmentation Experiment,binary_matched_size_experiment,journal-matched-size-v1,bn_binary_cinexdrama,bn,1040,matched_all_real,0.5,,0,,,140,420,191,229,0.8602816679285674,0.9381700608614232,,completed,0.14621709997300059,15,1,,,
Binary Matched-Size Augmentation Experiment,binary_matched_size_experiment,journal-matched-size-v1,bn_binary_cinexdrama,bn,1040,matched_all_real,0.75,,0,,,210,490,222,268,0.8620330731134055,0.9387494147940075,,completed,0.16604720003670081,9,1,,,
Binary Matched-Size Augmentation Experiment,binary_matched_size_experiment,journal-matched-size-v1,bn_binary_cinexdrama,bn,1040,matched_all_real,1.0,,0,,,280,560,254,306,0.8671025253952709,0.9395891853932584,,completed,0.14047290000598878,13,1,,,
Binary Matched-Size Augmentation Experiment,binary_matched_size_experiment,journal-matched-size-v1,bn_binary_cinexdrama,bn,1040,matched_all_real,1.25,,0,,,350,630,286,344,0.8671025253952709,0.940870786516854,,completed,0.22542949998751283,12,1,,,
Binary Matched-Size Augmentation Experiment,binary_matched_size_experiment,journal-matched-size-v1,bn_binary_cinexdrama,bn,1040,matched_all_real,1.5,,0,,,420,700,318,382,0.8669486066418215,0.9418158941947565,,completed,0.26631979999365285,15,1,,,
Binary Matched-Size Augmentation Experiment,binary_matched_size_experiment,journal-matched-size-v1,bn_binary_cinexdrama,bn,1040,matched_all_real,1.75,,0,,,490,770,349,421,0.867941507311586,0.9416666666666667,,completed,0.28028380003524944,13,1,,,
Binary Matched-Size Augmentation Experiment,binary_matched_size_experiment,journal-matched-size-v1,bn_binary_cinexdrama,bn,1040,matched_all_real,2.0,,0,,,560,840,381,459,0.8679781516532306,0.9414325842696629,,completed,0.24276200000895187,13,1,,,
Binary Matched-Size Augmentation Experiment,binary_matched_size_experiment,journal-matched-size-v1,bn_binary_cinexdrama,bn,1040,matched_all_real,2.5,,0,,,700,980,445,535,0.8714763650801065,0.9433315777153559,,completed,0.31716510001569986,13,1,,,
Binary Matched-Size Augmentation Experiment,binary_matched_size_experiment,journal-matched-size-v1,bn_binary_cinexdrama,bn,1040,matched_all_real,3.0,,0,,,840,1120,508,612,0.8714763650801065,0.9439343398876404,,completed,0.41148120001889765,14,1,,,
Binary Matched-Size Augmentation Experiment,binary_matched_size_experiment,journal-matched-size-v1,bn_binary_cinexdrama,bn,1040,matched_all_real,3.5,,0,,,980,1260,572,688,0.8687429437877929,0.9448121488764045,,completed,0.4526829000096768,17,1,,,
Binary Matched-Size Augmentation Experiment,binary_matched_size_experiment,journal-matched-size-v1,bn_binary_cinexdrama,bn,1040,matched_all_real,4.0,,0,,,1120,1400,635,765,0.8704208468102992,0.9461317883895132,,completed,0.42734009999549016,16,1,,,
Binary Matched-Size Augmentation Experiment,binary_matched_size_experiment,journal-matched-size-v1,bn_binary_cinexdrama,bn,1041,matched_all_real,0.5,,0,,,140,420,191,229,0.8493895309413062,0.935402036516854,,completed,0.21770340000512078,16,1,,,
Binary Matched-Size Augmentation Experiment,binary_matched_size_experiment,journal-matched-size-v1,bn_binary_cinexdrama,bn,1041,matched_all_real,0.75,,0,,,210,490,222,268,0.8529329673396818,0.9362183988764046,,completed,0.2197294000070542,16,1,,,
Binary Matched-Size Augmentation Experiment,binary_matched_size_experiment,journal-matched-size-v1,bn_binary_cinexdrama,bn,1041,matched_all_real,1.0,,0,,,280,560,254,306,0.8527802527802528,0.9369411282771535,,completed,0.21048919996246696,15,1,,,
Binary Matched-Size Augmentation Experiment,binary_matched_size_experiment,journal-matched-size-v1,bn_binary_cinexdrama,bn,1041,matched_all_real,1.25,,0,,,350,630,286,344,0.8519454847801413,0.9389191245318352,,completed,0.2376347000245005,16,1,,,
Binary Matched-Size Augmentation Experiment,binary_matched_size_experiment,journal-matched-size-v1,bn_binary_cinexdrama,bn,1041,matched_all_real,1.5,,0,,,420,700,318,382,0.8571600290834036,0.9403704353932585,,completed,0.2307489999802783,15,1,,,
Binary Matched-Size Augmentation Experiment,binary_matched_size_experiment,journal-matched-size-v1,bn_binary_cinexdrama,bn,1041,matched_all_real,1.75,,0,,,490,770,349,421,0.8589293826292111,0.9416403323970037,,completed,0.21514649997698143,11,1,,,
Binary Matched-Size Augmentation Experiment,binary_matched_size_experiment,journal-matched-size-v1,bn_binary_cinexdrama,bn,1041,matched_all_real,2.0,,0,,,560,840,381,459,0.8633439608186214,0.9435802902621724,,completed,0.35661030001938343,17,1,,,
Binary Matched-Size Augmentation Experiment,binary_matched_size_experiment,journal-matched-size-v1,bn_binary_cinexdrama,bn,1041,matched_all_real,2.5,,0,,,700,980,445,535,0.8643937444439246,0.9441479400749064,,completed,0.3429883000208065,17,1,,,
Binary Matched-Size Augmentation Experiment,binary_matched_size_experiment,journal-matched-size-v1,bn_binary_cinexdrama,bn,1041,matched_all_real,3.0,,0,,,840,1120,508,612,0.8635150222970942,0.9451135299625468,,completed,0.3471867999760434,16,1,,,
Binary Matched-Size Augmentation Experiment,binary_matched_size_experiment,journal-matched-size-v1,bn_binary_cinexdrama,bn,1041,matched_all_real,3.5,,0,,,980,1260,572,688,0.8652318144694578,0.946371722846442,,completed,0.47557479998795316,20,1,,,
Binary Matched-Size Augmentation Experiment,binary_matched_size_experiment,journal-matched-size-v1,bn_binary_cinexdrama,bn,1041,matched_all_real,4.0,,0,,,1120,1400,635,765,0.8704208468102992,0.9461317883895132,,completed,0.43286630004877225,16,1,,,
Binary Matched-Size Augmentation Experiment,binary_matched_size_experiment,journal-matched-size-v1,bn_binary_cinexdrama,bn,1042,matched_all_real,0.5,,0,,,140,420,191,229,0.8503275157163581,0.937145950374532,,completed,0.14122470002621412,11,1,,,
Binary Matched-Size Augmentation Experiment,binary_matched_size_experiment,journal-matched-size-v1,bn_binary_cinexdrama,bn,1042,matched_all_real,0.75,,0,,,210,490,222,268,0.8555373256767842,0.9404786985018727,,completed,0.19476349995238706,11,1,,,
Binary Matched-Size Augmentation Experiment,binary_matched_size_experiment,journal-matched-size-v1,bn_binary_cinexdrama,bn,1042,matched_all_real,1.0,,0,,,280,560,254,306,0.8678268142048379,0.9413682116104869,,completed,0.20131080003920943,12,1,,,
Binary Matched-Size Augmentation Experiment,binary_matched_size_experiment,journal-matched-size-v1,bn_binary_cinexdrama,bn,1042,matched_all_real,1.25,,0,,,350,630,286,344,0.8617561808329268,0.9408473782771536,,completed,0.14000780001515523,11,1,,,
Binary Matched-Size Augmentation Experiment,binary_matched_size_experiment,journal-matched-size-v1,bn_binary_cinexdrama,bn,1042,matched_all_real,1.5,,0,,,420,700,318,382,0.8618394459368091,0.9401773174157304,,completed,0.15694940002867952,15,1,,,
Binary Matched-Size Augmentation Experiment,binary_matched_size_experiment,journal-matched-size-v1,bn_binary_cinexdrama,bn,1042,matched_all_real,1.75,,0,,,490,770,349,421,0.8677869919412634,0.9420646067415731,,completed,0.22318769997218624,11,1,,,
Binary Matched-Size Augmentation Experiment,binary_matched_size_experiment,journal-matched-size-v1,bn_binary_cinexdrama,bn,1042,matched_all_real,2.0,,0,,,560,840,381,459,0.8677869919412634,0.9422343164794008,,completed,0.2908279999974184,15,1,,,
Binary Matched-Size Augmentation Experiment,binary_matched_size_experiment,journal-matched-size-v1,bn_binary_cinexdrama,bn,1042,matched_all_real,2.5,,0,,,700,980,445,535,0.8659440657719064,0.9439255617977529,,completed,0.36347009998280555,11,1,,,
Binary Matched-Size Augmentation Experiment,binary_matched_size_experiment,journal-matched-size-v1,bn_binary_cinexdrama,bn,1042,matched_all_real,3.0,,0,,,840,1120,508,612,0.8659004841359799,0.9438875234082398,,completed,0.4553853999823332,16,1,,,
Binary Matched-Size Augmentation Experiment,binary_matched_size_experiment,journal-matched-size-v1,bn_binary_cinexdrama,bn,1042,matched_all_real,3.5,,0,,,980,1260,572,688,0.869423069605711,0.9443293539325842,,completed,0.38561789999948815,13,1,,,
Binary Matched-Size Augmentation Experiment,binary_matched_size_experiment,journal-matched-size-v1,bn_binary_cinexdrama,bn,1042,matched_all_real,4.0,,0,,,1120,1400,635,765,0.8704208468102992,0.9461317883895132,,completed,0.42202609998639673,16,1,,,
Binary Matched-Size Augmentation Experiment,binary_matched_size_experiment,journal-matched-size-v1,bn_binary_cinexdrama,bn,1043,matched_all_real,0.5,,0,,,140,420,191,229,0.863782742428057,0.9390390917602996,,completed,0.20652720000362024,17,1,,,
Binary Matched-Size Augmentation Experiment,binary_matched_size_experiment,journal-matched-size-v1,bn_binary_cinexdrama,bn,1043,matched_all_real,0.75,,0,,,210,490,222,268,0.8706364409222428,0.9405313670411986,,completed,0.22394120000535622,19,1,,,
Binary Matched-Size Augmentation Experiment,binary_matched_size_experiment,journal-matched-size-v1,bn_binary_cinexdrama,bn,1043,matched_all_real,1.0,,0,,,280,560,254,306,0.8688533447427658,0.9398964185393258,,completed,0.20853850001003593,17,1,,,
Binary Matched-Size Augmentation Experiment,binary_matched_size_experiment,journal-matched-size-v1,bn_binary_cinexdrama,bn,1043,matched_all_real,1.25,,0,,,350,630,286,344,0.8671025253952709,0.9410931647940075,,completed,0.25634620001073927,16,1,,,
Binary Matched-Size Augmentation Experiment,binary_matched_size_experiment,journal-matched-size-v1,bn_binary_cinexdrama,bn,1043,matched_all_real,1.5,,0,,,420,700,318,382,0.8704958188048948,0.9421377574906368,,completed,0.20565469999564812,11,1,,,
Binary Matched-Size Augmentation Experiment,binary_matched_size_experiment,journal-matched-size-v1,bn_binary_cinexdrama,bn,1043,matched_all_real,1.75,,0,,,490,770,349,421,0.8729764188462078,0.943744147940075,,completed,0.3094145000213757,13,1,,,
Binary Matched-Size Augmentation Experiment,binary_matched_size_experiment,journal-matched-size-v1,bn_binary_cinexdrama,bn,1043,matched_all_real,2.0,,0,,,560,840,381,459,0.8738157753312759,0.9449613764044944,,completed,0.3445828999974765,19,1,,,
Binary Matched-Size Augmentation Experiment,binary_matched_size_experiment,journal-matched-size-v1,bn_binary_cinexdrama,bn,1043,matched_all_real,2.5,,0,,,700,980,445,535,0.8746552001521068,0.9460527855805243,,completed,0.36914680001791567,18,1,,,
Binary Matched-Size Augmentation Experiment,binary_matched_size_experiment,journal-matched-size-v1,bn_binary_cinexdrama,bn,1043,matched_all_real,3.0,,0,,,840,1120,508,612,0.8685846855527437,0.9464975421348315,,completed,0.32959760003723204,16,1,,,
Binary Matched-Size Augmentation Experiment,binary_matched_size_experiment,journal-matched-size-v1,bn_binary_cinexdrama,bn,1043,matched_all_real,3.5,,0,,,980,1260,572,688,0.8695818679856988,0.945157420411985,,completed,0.3084598000277765,12,1,,,
Binary Matched-Size Augmentation Experiment,binary_matched_size_experiment,journal-matched-size-v1,bn_binary_cinexdrama,bn,1043,matched_all_real,4.0,,0,,,1120,1400,635,765,0.8704208468102992,0.9461317883895132,,completed,0.43334550003055483,16,1,,,
Binary Matched-Size Augmentation Experiment,binary_matched_size_experiment,journal-matched-size-v1,bn_binary_cinexdrama,bn,1044,matched_all_real,0.5,,0,,,140,420,191,229,0.8543970539778711,0.941058052434457,,completed,0.13613030000124127,8,1,,,
Binary Matched-Size Augmentation Experiment,binary_matched_size_experiment,journal-matched-size-v1,bn_binary_cinexdrama,bn,1044,matched_all_real,0.75,,0,,,210,490,222,268,0.8526739421906269,0.9392643960674157,,completed,0.17305719997966662,9,1,,,
Binary Matched-Size Augmentation Experiment,binary_matched_size_experiment,journal-matched-size-v1,bn_binary_cinexdrama,bn,1044,matched_all_real,1.0,,0,,,280,560,254,306,0.8555851367618245,0.9378335674157303,,completed,0.2656487999483943,9,1,,,
Binary Matched-Size Augmentation Experiment,binary_matched_size_experiment,journal-matched-size-v1,bn_binary_cinexdrama,bn,1044,matched_all_real,1.25,,0,,,350,630,286,344,0.857350736654721,0.938003277153558,,completed,0.2155174000072293,9,1,,,
Binary Matched-Size Augmentation Experiment,binary_matched_size_experiment,journal-matched-size-v1,bn_binary_cinexdrama,bn,1044,matched_all_real,1.5,,0,,,420,700,318,382,0.8607880683015952,0.9384012172284645,,completed,0.22241610003402457,16,1,,,
Binary Matched-Size Augmentation Experiment,binary_matched_size_experiment,journal-matched-size-v1,bn_binary_cinexdrama,bn,1044,matched_all_real,1.75,,0,,,490,770,349,421,0.8606967069026135,0.940496254681648,,completed,0.2693758999812417,11,1,,,
Binary Matched-Size Augmentation Experiment,binary_matched_size_experiment,journal-matched-size-v1,bn_binary_cinexdrama,bn,1044,matched_all_real,2.0,,0,,,560,840,381,459,0.8642687170901471,0.9417105571161049,,completed,0.27162710000993684,11,1,,,
Binary Matched-Size Augmentation Experiment,binary_matched_size_experiment,journal-matched-size-v1,bn_binary_cinexdrama,bn,1044,matched_all_real,2.5,,0,,,700,980,445,535,0.8695818679856988,0.9439870084269663,,completed,0.192717999976594,8,1,,,
Binary Matched-Size Augmentation Experiment,binary_matched_size_experiment,journal-matched-size-v1,bn_binary_cinexdrama,bn,1044,matched_all_real,3.0,,0,,,840,1120,508,612,0.8695040439939742,0.9447741104868913,,completed,0.3429649999598041,13,1,,,
Binary Matched-Size Augmentation Experiment,binary_matched_size_experiment,journal-matched-size-v1,bn_binary_cinexdrama,bn,1044,matched_all_real,3.5,,0,,,980,1260,572,688,0.8687429437877929,0.9452920177902622,,completed,0.3353365999646485,14,1,,,
Binary Matched-Size Augmentation Experiment,binary_matched_size_experiment,journal-matched-size-v1,bn_binary_cinexdrama,bn,1044,matched_all_real,4.0,,0,,,1120,1400,635,765,0.8704208468102992,0.9461317883895132,,completed,0.49795089999679476,16,1,,,
Binary Matched-Size Augmentation Experiment,binary_matched_size_experiment,journal-matched-size-v1,bn_binary_cinexdrama,bn,1045,matched_all_real,0.5,,0,,,140,420,191,229,0.8662999010083134,0.9419680477528091,,completed,0.16531829995801672,11,1,,,
Binary Matched-Size Augmentation Experiment,binary_matched_size_experiment,journal-matched-size-v1,bn_binary_cinexdrama,bn,1045,matched_all_real,0.75,,0,,,210,490,222,268,0.8706364409222428,0.9410522003745319,,completed,0.14333930000429973,17,1,,,
Binary Matched-Size Augmentation Experiment,binary_matched_size_experiment,journal-matched-size-v1,bn_binary_cinexdrama,bn,1045,matched_all_real,1.0,,0,,,280,560,254,306,0.8695433490852946,0.9415466994382024,,completed,0.2051989000174217,13,1,,,
Binary Matched-Size Augmentation Experiment,binary_matched_size_experiment,journal-matched-size-v1,bn_binary_cinexdrama,bn,1045,matched_all_real,1.25,,0,,,350,630,286,344,0.8720989831589123,0.9424508426966293,,completed,0.25368309998884797,11,1,,,
Binary Matched-Size Augmentation Experiment,binary_matched_size_experiment,journal-matched-size-v1,bn_binary_cinexdrama,bn,1045,matched_all_real,1.5,,0,,,420,700,318,382,0.8695818679856988,0.9413769897003746,,completed,0.27133379998849705,17,1,,,
Binary Matched-Size Augmentation Experiment,binary_matched_size_experiment,journal-matched-size-v1,bn_binary_cinexdrama,bn,1045,matched_all_real,1.75,,0,,,490,770,349,421,0.8669486066418215,0.9422694288389514,,completed,0.2954285000450909,16,1,,,
Binary Matched-Size Augmentation Experiment,binary_matched_size_experiment,journal-matched-size-v1,bn_binary_cinexdrama,bn,1045,matched_all_real,2.0,,0,,,560,840,381,459,0.8703427534519996,0.9431267556179774,,completed,0.3082267999998294,12,1,,,
Binary Matched-Size Augmentation Experiment,binary_matched_size_experiment,journal-matched-size-v1,bn_binary_cinexdrama,bn,1045,matched_all_real,2.5,,0,,,700,980,445,535,0.8687045666356011,0.9449906367041199,,completed,0.3022913999739103,12,1,,,
Binary Matched-Size Augmentation Experiment,binary_matched_size_experiment,journal-matched-size-v1,bn_binary_cinexdrama,bn,1045,matched_all_real,3.0,,0,,,840,1120,508,612,0.8669882864609031,0.9452686095505618,,completed,0.34705469995969906,13,1,,,
Binary Matched-Size Augmentation Experiment,binary_matched_size_experiment,journal-matched-size-v1,bn_binary_cinexdrama,bn,1045,matched_all_real,3.5,,0,,,980,1260,572,688,0.8713715980307657,0.9454470973782771,,completed,0.4024856999749318,20,1,,,
Binary Matched-Size Augmentation Experiment,binary_matched_size_experiment,journal-matched-size-v1,bn_binary_cinexdrama,bn,1045,matched_all_real,4.0,,0,,,1120,1400,635,765,0.8704208468102992,0.9461317883895132,,completed,0.450208600028418,16,1,,,
Binary Matched-Size Augmentation Experiment,binary_matched_size_experiment,journal-matched-size-v1,bn_binary_cinexdrama,bn,1046,matched_all_real,0.5,,0,,,140,420,191,229,0.859836406891993,0.9347992743445693,,completed,0.13330129999667406,8,1,,,
Binary Matched-Size Augmentation Experiment,binary_matched_size_experiment,journal-matched-size-v1,bn_binary_cinexdrama,bn,1046,matched_all_real,0.75,,0,,,210,490,222,268,0.8613984048879457,0.9367626404494382,,completed,0.21437300002435222,11,1,,,
Binary Matched-Size Augmentation Experiment,binary_matched_size_experiment,journal-matched-size-v1,bn_binary_cinexdrama,bn,1046,matched_all_real,1.0,,0,,,280,560,254,306,0.8638177232625207,0.9387816011235955,,completed,0.2380223000072874,11,1,,,
Binary Matched-Size Augmentation Experiment,binary_matched_size_experiment,journal-matched-size-v1,bn_binary_cinexdrama,bn,1046,matched_all_real,1.25,,0,,,350,630,286,344,0.8661885389633163,0.941218984082397,,completed,0.21594600001117215,11,1,,,
Binary Matched-Size Augmentation Experiment,binary_matched_size_experiment,journal-matched-size-v1,bn_binary_cinexdrama,bn,1046,matched_all_real,1.5,,0,,,420,700,318,382,0.8653499573004536,0.9414618445692885,,completed,0.21639760001562536,11,1,,,
Binary Matched-Size Augmentation Experiment,binary_matched_size_experiment,journal-matched-size-v1,bn_binary_cinexdrama,bn,1046,matched_all_real,1.75,,0,,,490,770,349,421,0.865272006286205,0.9412219101123595,,completed,0.2814866999979131,10,1,,,
Binary Matched-Size Augmentation Experiment,binary_matched_size_experiment,journal-matched-size-v1,bn_binary_cinexdrama,bn,1046,matched_all_real,2.0,,0,,,560,840,381,459,0.8628716933418601,0.9419124531835207,,completed,0.24696350004523993,11,1,,,
Binary Matched-Size Augmentation Experiment,binary_matched_size_experiment,journal-matched-size-v1,bn_binary_cinexdrama,bn,1046,matched_all_real,2.5,,0,,,700,980,445,535,0.8646217712177122,0.9420704588014982,,completed,0.3763928000116721,21,1,,,
Binary Matched-Size Augmentation Experiment,binary_matched_size_experiment,journal-matched-size-v1,bn_binary_cinexdrama,bn,1046,matched_all_real,3.0,,0,,,840,1120,508,612,0.8627963712328166,0.9416695926966292,,completed,0.2979318000143394,11,1,,,
Binary Matched-Size Augmentation Experiment,binary_matched_size_experiment,journal-matched-size-v1,bn_binary_cinexdrama,bn,1046,matched_all_real,3.5,,0,,,980,1260,572,688,0.8661498118800592,0.9455436563670413,,completed,0.37989620002917945,19,1,,,
Binary Matched-Size Augmentation Experiment,binary_matched_size_experiment,journal-matched-size-v1,bn_binary_cinexdrama,bn,1046,matched_all_real,4.0,,0,,,1120,1400,635,765,0.8704208468102992,0.9461317883895132,,completed,0.40565349999815226,16,1,,,
Binary Matched-Size Augmentation Experiment,binary_matched_size_experiment,journal-matched-size-v1,bn_binary_cinexdrama,bn,1047,matched_all_real,0.5,,0,,,140,420,191,229,0.8467807923887509,0.9343398876404494,,completed,0.12860300001921132,9,1,,,
Binary Matched-Size Augmentation Experiment,binary_matched_size_experiment,journal-matched-size-v1,bn_binary_cinexdrama,bn,1047,matched_all_real,0.75,,0,,,210,490,222,268,0.8527802527802528,0.9363793305243446,,completed,0.17336760001489893,9,1,,,
Binary Matched-Size Augmentation Experiment,binary_matched_size_experiment,journal-matched-size-v1,bn_binary_cinexdrama,bn,1047,matched_all_real,1.0,,0,,,280,560,254,306,0.8505237770486429,0.9365783005617978,,completed,0.22381990001304075,11,1,,,
Binary Matched-Size Augmentation Experiment,binary_matched_size_experiment,journal-matched-size-v1,bn_binary_cinexdrama,bn,1047,matched_all_real,1.25,,0,,,350,630,286,344,0.8565144046926401,0.9378891619850187,,completed,0.24330209998879582,15,1,,,
Binary Matched-Size Augmentation Experiment,binary_matched_size_experiment,journal-matched-size-v1,bn_binary_cinexdrama,bn,1047,matched_all_real,1.5,,0,,,420,700,318,382,0.8524215874575012,0.9383514747191011,,completed,0.21289090003119782,12,1,,,
Binary Matched-Size Augmentation Experiment,binary_matched_size_experiment,journal-matched-size-v1,bn_binary_cinexdrama,bn,1047,matched_all_real,1.75,,0,,,490,770,349,421,0.8606497560117818,0.9405577013108615,,completed,0.2594227999798022,12,1,,,
Binary Matched-Size Augmentation Experiment,binary_matched_size_experiment,journal-matched-size-v1,bn_binary_cinexdrama,bn,1047,matched_all_real,2.0,,0,,,560,840,381,459,0.8546530495930189,0.9414033239700375,,completed,0.3618369000032544,18,1,,,
Binary Matched-Size Augmentation Experiment,binary_matched_size_experiment,journal-matched-size-v1,bn_binary_cinexdrama,bn,1047,matched_all_real,2.5,,0,,,700,980,445,535,0.8642687170901471,0.9436417368913858,,completed,0.3524654000066221,17,1,,,
Binary Matched-Size Augmentation Experiment,binary_matched_size_experiment,journal-matched-size-v1,bn_binary_cinexdrama,bn,1047,matched_all_real,3.0,,0,,,840,1120,508,612,0.8661102793243812,0.9435071395131087,,completed,0.3759706999990158,14,1,,,
Binary Matched-Size Augmentation Experiment,binary_matched_size_experiment,journal-matched-size-v1,bn_binary_cinexdrama,bn,1047,matched_all_real,3.5,,0,,,980,1260,572,688,0.8687429437877929,0.9453915028089888,,completed,0.48460339999292046,21,1,,,
Binary Matched-Size Augmentation Experiment,binary_matched_size_experiment,journal-matched-size-v1,bn_binary_cinexdrama,bn,1047,matched_all_real,4.0,,0,,,1120,1400,635,765,0.8704208468102992,0.9461317883895132,,completed,0.44448230002308264,16,1,,,
Binary Matched-Size Augmentation Experiment,binary_matched_size_experiment,journal-matched-size-v1,bn_binary_cinexdrama,bn,1048,matched_all_real,0.5,,0,,,140,420,191,229,0.8602040957960123,0.9351767322097378,,completed,0.14291450002929196,18,1,,,
Binary Matched-Size Augmentation Experiment,binary_matched_size_experiment,journal-matched-size-v1,bn_binary_cinexdrama,bn,1048,matched_all_real,0.75,,0,,,210,490,222,268,0.8634734953567413,0.9380852059925094,,completed,0.2743463000515476,17,1,,,
Binary Matched-Size Augmentation Experiment,binary_matched_size_experiment,journal-matched-size-v1,bn_binary_cinexdrama,bn,1048,matched_all_real,1.0,,0,,,280,560,254,306,0.860123165762111,0.9385270365168539,,completed,0.17751889995997772,18,1,,,
Binary Matched-Size Augmentation Experiment,binary_matched_size_experiment,journal-matched-size-v1,bn_binary_cinexdrama,bn,1048,matched_all_real,1.25,,0,,,350,630,286,344,0.865272006286205,0.9395569990636703,,completed,0.225667999999132,13,1,,,
Binary Matched-Size Augmentation Experiment,binary_matched_size_experiment,journal-matched-size-v1,bn_binary_cinexdrama,bn,1048,matched_all_real,1.5,,0,,,420,700,318,382,0.8695818679856988,0.9408590823970038,,completed,0.1969591000233777,13,1,,,
Binary Matched-Size Augmentation Experiment,binary_matched_size_experiment,journal-matched-size-v1,bn_binary_cinexdrama,bn,1048,matched_all_real,1.75,,0,,,490,770,349,421,0.8660699398885525,0.9424098782771536,,completed,0.28843790001701564,16,1,,,
Binary Matched-Size Augmentation Experiment,binary_matched_size_experiment,journal-matched-size-v1,bn_binary_cinexdrama,bn,1048,matched_all_real,2.0,,0,,,560,840,381,459,0.8670271652752151,0.9420119382022472,,completed,0.3473639999865554,18,1,,,
Binary Matched-Size Augmentation Experiment,binary_matched_size_experiment,journal-matched-size-v1,bn_binary_cinexdrama,bn,1048,matched_all_real,2.5,,0,,,700,980,445,535,0.8723163223223442,0.9438845973782771,,completed,0.3403088999912143,18,1,,,
Binary Matched-Size Augmentation Experiment,binary_matched_size_experiment,journal-matched-size-v1,bn_binary_cinexdrama,bn,1048,matched_all_real,3.0,,0,,,840,1120,508,612,0.8714422125079938,0.9437734082397005,,completed,0.4729907999862917,19,1,,,
Binary Matched-Size Augmentation Experiment,binary_matched_size_experiment,journal-matched-size-v1,bn_binary_cinexdrama,bn,1048,matched_all_real,3.5,,0,,,980,1260,572,688,0.8730866433903555,0.9458391853932585,,completed,0.5364606000366621,19,1,,,
Binary Matched-Size Augmentation Experiment,binary_matched_size_experiment,journal-matched-size-v1,bn_binary_cinexdrama,bn,1048,matched_all_real,4.0,,0,,,1120,1400,635,765,0.8704208468102992,0.9461317883895132,,completed,0.4647300000069663,16,1,,,
Binary Matched-Size Augmentation Experiment,binary_matched_size_experiment,journal-matched-size-v1,bn_binary_cinexdrama,bn,1049,matched_all_real,0.5,,0,,,140,420,191,229,0.8651489910573906,0.9412219101123596,,completed,0.13579339999705553,11,1,,,
Binary Matched-Size Augmentation Experiment,binary_matched_size_experiment,journal-matched-size-v1,bn_binary_cinexdrama,bn,1049,matched_all_real,0.75,,0,,,210,490,222,268,0.8660699398885525,0.9417690777153559,,completed,0.17057590000331402,9,1,,,
Binary Matched-Size Augmentation Experiment,binary_matched_size_experiment,journal-matched-size-v1,bn_binary_cinexdrama,bn,1049,matched_all_real,1.0,,0,,,280,560,254,306,0.867941507311586,0.9427844101123596,,completed,0.2676198999979533,14,1,,,
Binary Matched-Size Augmentation Experiment,binary_matched_size_experiment,journal-matched-size-v1,bn_binary_cinexdrama,bn,1049,matched_all_real,1.25,,0,,,350,630,286,344,0.8695040439939742,0.9436007724719101,,completed,0.2601707000285387,13,1,,,
Binary Matched-Size Augmentation Experiment,binary_matched_size_experiment,journal-matched-size-v1,bn_binary_cinexdrama,bn,1049,matched_all_real,1.5,,0,,,420,700,318,382,0.8634734953567413,0.9447682584269663,,completed,0.2585538999992423,14,1,,,
Binary Matched-Size Augmentation Experiment,binary_matched_size_experiment,journal-matched-size-v1,bn_binary_cinexdrama,bn,1049,matched_all_real,1.75,,0,,,490,770,349,421,0.8633879661444896,0.9457572565543071,,completed,0.21873910003341734,9,1,,,
Binary Matched-Size Augmentation Experiment,binary_matched_size_experiment,journal-matched-size-v1,bn_binary_cinexdrama,bn,1049,matched_all_real,2.0,,0,,,560,840,381,459,0.8678268142048379,0.9457075140449438,,completed,0.16086529998574406,9,1,,,
Binary Matched-Size Augmentation Experiment,binary_matched_size_experiment,journal-matched-size-v1,bn_binary_cinexdrama,bn,1049,matched_all_real,2.5,,0,,,700,980,445,535,0.8703025328004202,0.946319054307116,,completed,0.3253609999665059,9,1,,,
Binary Matched-Size Augmentation Experiment,binary_matched_size_experiment,journal-matched-size-v1,bn_binary_cinexdrama,bn,1049,matched_all_real,3.0,,0,,,840,1120,508,612,0.869619602066821,0.9458362593632959,,completed,0.34772220003651455,16,1,,,
Binary Matched-Size Augmentation Experiment,binary_matched_size_experiment,journal-matched-size-v1,bn_binary_cinexdrama,bn,1049,matched_all_real,3.5,,0,,,980,1260,572,688,0.869619602066821,0.9464419475655431,,completed,0.4996763999806717,20,1,,,
Binary Matched-Size Augmentation Experiment,binary_matched_size_experiment,journal-matched-size-v1,bn_binary_cinexdrama,bn,1049,matched_all_real,4.0,,0,,,1120,1400,635,765,0.8704208468102992,0.9461317883895132,,completed,0.4919249000377022,16,1,,,
Binary Matched-Size Augmentation Experiment,binary_matched_size_experiment,journal-matched-size-v1,en_binary_sst2,en,1000,matched_all_real,0.5,,0,,,140,420,186,234,0.9156350352796788,0.9761680242272346,,completed,0.42162709997501224,10,1,,,
Binary Matched-Size Augmentation Experiment,binary_matched_size_experiment,journal-matched-size-v1,en_binary_sst2,en,1000,matched_all_real,0.75,,0,,,210,490,217,273,0.9168788759139649,0.9765123546044598,,completed,0.4633322000154294,14,1,,,
Binary Matched-Size Augmentation Experiment,binary_matched_size_experiment,journal-matched-size-v1,en_binary_sst2,en,1000,matched_all_real,1.0,,0,,,280,560,248,312,0.916671604459093,0.9766865481010218,,completed,0.4526731999940239,11,1,,,
Binary Matched-Size Augmentation Experiment,binary_matched_size_experiment,journal-matched-size-v1,en_binary_sst2,en,1000,matched_all_real,1.25,,0,,,350,630,279,351,0.9179193284489197,0.9769220326457168,,completed,0.5413619999890216,12,1,,,
Binary Matched-Size Augmentation Experiment,binary_matched_size_experiment,journal-matched-size-v1,en_binary_sst2,en,1000,matched_all_real,1.5,,0,,,420,700,310,390,0.9184730304700875,0.9777219491035279,,completed,0.6512785999802873,15,1,,,
Binary Matched-Size Augmentation Experiment,binary_matched_size_experiment,journal-matched-size-v1,en_binary_sst2,en,1000,matched_all_real,1.75,,0,,,490,770,341,429,0.9199432314567695,0.9782324400745452,,completed,0.6992221000255086,16,1,,,
Binary Matched-Size Augmentation Experiment,binary_matched_size_experiment,journal-matched-size-v1,en_binary_sst2,en,1000,matched_all_real,2.0,,0,,,560,840,372,468,0.9194745600717751,0.9782397098515518,,completed,0.8479523000423796,16,1,,,
Binary Matched-Size Augmentation Experiment,binary_matched_size_experiment,journal-matched-size-v1,en_binary_sst2,en,1000,matched_all_real,2.5,,0,,,700,980,434,546,0.9219294129122418,0.9789000947882526,,completed,0.9129268000251614,12,1,,,
Binary Matched-Size Augmentation Experiment,binary_matched_size_experiment,journal-matched-size-v1,en_binary_sst2,en,1000,matched_all_real,3.0,,0,,,840,1120,496,624,0.9227063220163312,0.9789123048004627,,completed,1.0729516999563202,15,1,,,
Binary Matched-Size Augmentation Experiment,binary_matched_size_experiment,journal-matched-size-v1,en_binary_sst2,en,1000,matched_all_real,3.5,,0,,,980,1260,558,702,0.9242708593660225,0.9791868292526188,,completed,1.1657734999898821,15,1,,,
Binary Matched-Size Augmentation Experiment,binary_matched_size_experiment,journal-matched-size-v1,en_binary_sst2,en,1000,matched_all_real,4.0,,0,,,1120,1400,620,780,0.9262594962413853,0.9795880727459675,,completed,1.1178810999845155,13,1,,,
Binary Matched-Size Augmentation Experiment,binary_matched_size_experiment,journal-matched-size-v1,en_binary_sst2,en,1001,matched_all_real,0.5,,0,,,140,420,186,234,0.920589292624769,0.9775818954437376,,completed,0.8240428999997675,10,1,,,
Binary Matched-Size Augmentation Experiment,binary_matched_size_experiment,journal-matched-size-v1,en_binary_sst2,en,1001,matched_all_real,0.75,,0,,,210,490,217,273,0.9215233240327216,0.9775295209176789,,completed,0.8393806999665685,10,1,,,
Binary Matched-Size Augmentation Experiment,binary_matched_size_experiment,journal-matched-size-v1,en_binary_sst2,en,1001,matched_all_real,1.0,,0,,,280,560,248,312,0.920416776073729,0.9777715924426451,,completed,0.898691299953498,15,1,,,
Binary Matched-Size Augmentation Experiment,binary_matched_size_experiment,journal-matched-size-v1,en_binary_sst2,en,1001,matched_all_real,1.25,,0,,,350,630,279,351,0.9180138645978703,0.9776155934708567,,completed,0.9594463999965228,14,1,,,
Binary Matched-Size Augmentation Experiment,binary_matched_size_experiment,journal-matched-size-v1,en_binary_sst2,en,1001,matched_all_real,1.5,,0,,,420,700,310,390,0.9214237475503855,0.9781187745003534,,completed,0.9376342999748886,13,1,,,
Binary Matched-Size Augmentation Experiment,binary_matched_size_experiment,journal-matched-size-v1,en_binary_sst2,en,1001,matched_all_real,1.75,,0,,,490,770,341,429,0.9220731175791985,0.9787899235267656,,completed,0.8749405000125989,15,1,,,
Binary Matched-Size Augmentation Experiment,binary_matched_size_experiment,journal-matched-size-v1,en_binary_sst2,en,1001,matched_all_real,2.0,,0,,,560,840,372,468,0.9227967474636927,0.9790564954051797,,completed,0.9133573999861255,13,1,,,
Binary Matched-Size Augmentation Experiment,binary_matched_size_experiment,journal-matched-size-v1,en_binary_sst2,en,1001,matched_all_real,2.5,,0,,,700,980,434,546,0.9237950207123404,0.9793746786838892,,completed,0.9737938999896869,13,1,,,
Binary Matched-Size Augmentation Experiment,binary_matched_size_experiment,journal-matched-size-v1,en_binary_sst2,en,1001,matched_all_real,3.0,,0,,,840,1120,496,624,0.9228827940268233,0.979457297088876,,completed,1.0718949000001885,17,1,,,
Binary Matched-Size Augmentation Experiment,binary_matched_size_experiment,journal-matched-size-v1,en_binary_sst2,en,1001,matched_all_real,3.5,,0,,,980,1260,558,702,0.9253154307749245,0.9796122517833045,,completed,1.122360400040634,17,1,,,
Binary Matched-Size Augmentation Experiment,binary_matched_size_experiment,journal-matched-size-v1,en_binary_sst2,en,1001,matched_all_real,4.0,,0,,,1120,1400,620,780,0.9262594962413853,0.9795880727459675,,completed,1.0051002000109293,13,1,,,
Binary Matched-Size Augmentation Experiment,binary_matched_size_experiment,journal-matched-size-v1,en_binary_sst2,en,1002,matched_all_real,0.5,,0,,,140,420,186,234,0.9179841879617436,0.9781222688130584,,completed,0.8149333000183105,12,1,,,
Binary Matched-Size Augmentation Experiment,binary_matched_size_experiment,journal-matched-size-v1,en_binary_sst2,en,1002,matched_all_real,0.75,,0,,,210,490,217,273,0.9210792759014534,0.9780674844161685,,completed,0.9231723000411876,13,1,,,
Binary Matched-Size Augmentation Experiment,binary_matched_size_experiment,journal-matched-size-v1,en_binary_sst2,en,1002,matched_all_real,1.0,,0,,,280,560,248,312,0.9234673997936818,0.9786416763061498,,completed,0.8828225000179373,17,1,,,
Binary Matched-Size Augmentation Experiment,binary_matched_size_experiment,journal-matched-size-v1,en_binary_sst2,en,1002,matched_all_real,1.25,,0,,,350,630,279,351,0.9251540944046286,0.9791599190283401,,completed,0.913318800041452,19,1,,,
Binary Matched-Size Augmentation Experiment,binary_matched_size_experiment,journal-matched-size-v1,en_binary_sst2,en,1002,matched_all_real,1.5,,0,,,420,700,310,390,0.9252433530448654,0.9790439640768588,,completed,1.0704308999702334,19,1,,,
Binary Matched-Size Augmentation Experiment,binary_matched_size_experiment,journal-matched-size-v1,en_binary_sst2,en,1002,matched_all_real,1.75,,0,,,490,770,341,429,0.9241937646633318,0.9791813668787354,,completed,0.8435923000215553,13,1,,,
Binary Matched-Size Augmentation Experiment,binary_matched_size_experiment,journal-matched-size-v1,en_binary_sst2,en,1002,matched_all_real,2.0,,0,,,560,840,372,468,0.9240821376461763,0.9790127964141122,,completed,1.0237718999851495,18,1,,,
Binary Matched-Size Augmentation Experiment,binary_matched_size_experiment,journal-matched-size-v1,en_binary_sst2,en,1002,matched_all_real,2.5,,0,,,700,980,434,546,0.9228757423614866,0.9794488223764541,,completed,0.9861014999914914,18,1,,,
Binary Matched-Size Augmentation Experiment,binary_matched_size_experiment,journal-matched-size-v1,en_binary_sst2,en,1002,matched_all_real,3.0,,0,,,840,1120,496,624,0.9237307489552329,0.9794924008739799,,completed,1.0819991999887861,17,1,,,
Binary Matched-Size Augmentation Experiment,binary_matched_size_experiment,journal-matched-size-v1,en_binary_sst2,en,1002,matched_all_real,3.5,,0,,,980,1260,558,702,0.9241441034378399,0.9794794679005205,,completed,1.096558500023093,13,1,,,
Binary Matched-Size Augmentation Experiment,binary_matched_size_experiment,journal-matched-size-v1,en_binary_sst2,en,1002,matched_all_real,4.0,,0,,,1120,1400,620,780,0.9262594962413853,0.9795880727459675,,completed,1.053601499996148,13,1,,,
Binary Matched-Size Augmentation Experiment,binary_matched_size_experiment,journal-matched-size-v1,en_binary_sst2,en,1003,matched_all_real,0.5,,0,,,140,420,186,234,0.9150357968152237,0.9764712261422788,,completed,0.8409121999866329,14,1,,,
Binary Matched-Size Augmentation Experiment,binary_matched_size_experiment,journal-matched-size-v1,en_binary_sst2,en,1003,matched_all_real,0.75,,0,,,210,490,217,273,0.9152924621582048,0.9769467338217338,,completed,0.833052400033921,10,1,,,
Binary Matched-Size Augmentation Experiment,binary_matched_size_experiment,journal-matched-size-v1,en_binary_sst2,en,1003,matched_all_real,1.0,,0,,,280,560,248,312,0.919395444229866,0.9778460574513206,,completed,0.8150750999921001,11,1,,,
Binary Matched-Size Augmentation Experiment,binary_matched_size_experiment,journal-matched-size-v1,en_binary_sst2,en,1003,matched_all_real,1.25,,0,,,350,630,279,351,0.9198635998912867,0.9781801057130004,,completed,0.7846587999956682,10,1,,,
Binary Matched-Size Augmentation Experiment,binary_matched_size_experiment,journal-matched-size-v1,en_binary_sst2,en,1003,matched_all_real,1.5,,0,,,420,700,310,390,0.9203032515563911,0.9784515374975902,,completed,0.9056274000322446,14,1,,,
Binary Matched-Size Augmentation Experiment,binary_matched_size_experiment,journal-matched-size-v1,en_binary_sst2,en,1003,matched_all_real,1.75,,0,,,490,770,341,429,0.9221013777927012,0.9786350089968511,,completed,0.9442113999975845,12,1,,,
Binary Matched-Size Augmentation Experiment,binary_matched_size_experiment,journal-matched-size-v1,en_binary_sst2,en,1003,matched_all_real,2.0,,0,,,560,840,372,468,0.923877699969933,0.9789912682346892,,completed,0.8674242999986745,11,1,,,
Binary Matched-Size Augmentation Experiment,binary_matched_size_experiment,journal-matched-size-v1,en_binary_sst2,en,1003,matched_all_real,2.5,,0,,,700,980,434,546,0.9227655027392241,0.9789388133796029,,completed,0.8904876000015065,13,1,,,
Binary Matched-Size Augmentation Experiment,binary_matched_size_experiment,journal-matched-size-v1,en_binary_sst2,en,1003,matched_all_real,3.0,,0,,,840,1120,496,624,0.9228277562289597,0.9789582530043057,,completed,0.9748485999880359,12,1,,,
Binary Matched-Size Augmentation Experiment,binary_matched_size_experiment,journal-matched-size-v1,en_binary_sst2,en,1003,matched_all_real,3.5,,0,,,980,1260,558,702,0.9231258028828488,0.9791804430949168,,completed,1.1086020999937318,14,1,,,
Binary Matched-Size Augmentation Experiment,binary_matched_size_experiment,journal-matched-size-v1,en_binary_sst2,en,1003,matched_all_real,4.0,,0,,,1120,1400,620,780,0.9262594962413853,0.9795880727459675,,completed,1.0903278999612667,13,1,,,
Binary Matched-Size Augmentation Experiment,binary_matched_size_experiment,journal-matched-size-v1,en_binary_sst2,en,1004,matched_all_real,0.5,,0,,,140,420,186,234,0.9171716906071476,0.9763103270998008,,completed,0.7440413000294939,11,1,,,
Binary Matched-Size Augmentation Experiment,binary_matched_size_experiment,journal-matched-size-v1,en_binary_sst2,en,1004,matched_all_real,0.75,,0,,,210,490,217,273,0.9175862037127993,0.9765378590707536,,completed,0.777601899986621,11,1,,,
Binary Matched-Size Augmentation Experiment,binary_matched_size_experiment,journal-matched-size-v1,en_binary_sst2,en,1004,matched_all_real,1.0,,0,,,280,560,248,312,0.9191948948717736,0.9774000706895443,,completed,0.850965499994345,10,1,,,
Binary Matched-Size Augmentation Experiment,binary_matched_size_experiment,journal-matched-size-v1,en_binary_sst2,en,1004,matched_all_real,1.25,,0,,,350,630,279,351,0.9174624352375197,0.9771996096009253,,completed,0.8539207000285387,15,1,,,
Binary Matched-Size Augmentation Experiment,binary_matched_size_experiment,journal-matched-size-v1,en_binary_sst2,en,1004,matched_all_real,1.5,,0,,,420,700,310,390,0.9208328079687302,0.9780402930402932,,completed,0.9655706000048667,11,1,,,
Binary Matched-Size Augmentation Experiment,binary_matched_size_experiment,journal-matched-size-v1,en_binary_sst2,en,1004,matched_all_real,1.75,,0,,,490,770,341,429,0.9191304723852647,0.9780423012659855,,completed,0.8249064999981783,14,1,,,
Binary Matched-Size Augmentation Experiment,binary_matched_size_experiment,journal-matched-size-v1,en_binary_sst2,en,1004,matched_all_real,2.0,,0,,,560,840,372,468,0.9210179518049302,0.978449167791273,,completed,0.8792136000120081,11,1,,,
Binary Matched-Size Augmentation Experiment,binary_matched_size_experiment,journal-matched-size-v1,en_binary_sst2,en,1004,matched_all_real,2.5,,0,,,700,980,434,546,0.9212120477096027,0.978468808238545,,completed,1.0480250000255182,12,1,,,
Binary Matched-Size Augmentation Experiment,binary_matched_size_experiment,journal-matched-size-v1,en_binary_sst2,en,1004,matched_all_real,3.0,,0,,,840,1120,496,624,0.922096910626184,0.9787907669815564,,completed,0.9527666000067256,12,1,,,
Binary Matched-Size Augmentation Experiment,binary_matched_size_experiment,journal-matched-size-v1,en_binary_sst2,en,1004,matched_all_real,3.5,,0,,,980,1260,558,702,0.9240489596248787,0.9793576087655035,,completed,1.0716262999922037,14,1,,,
Binary Matched-Size Augmentation Experiment,binary_matched_size_experiment,journal-matched-size-v1,en_binary_sst2,en,1004,matched_all_real,4.0,,0,,,1120,1400,620,780,0.9262594962413853,0.9795880727459675,,completed,1.0711701000109315,13,1,,,
Binary Matched-Size Augmentation Experiment,binary_matched_size_experiment,journal-matched-size-v1,en_binary_sst2,en,1005,matched_all_real,0.5,,0,,,140,420,186,234,0.9175709610192923,0.9784102483773535,,completed,0.9456072000321001,18,1,,,
Binary Matched-Size Augmentation Experiment,binary_matched_size_experiment,journal-matched-size-v1,en_binary_sst2,en,1005,matched_all_real,0.75,,0,,,210,490,217,273,0.9195685638281031,0.9787637362637364,,completed,0.8744441000162624,17,1,,,
Binary Matched-Size Augmentation Experiment,binary_matched_size_experiment,journal-matched-size-v1,en_binary_sst2,en,1005,matched_all_real,1.0,,0,,,280,560,248,312,0.9178280337631566,0.9787148158858687,,completed,0.8216304000234231,18,1,,,
Binary Matched-Size Augmentation Experiment,binary_matched_size_experiment,journal-matched-size-v1,en_binary_sst2,en,1005,matched_all_real,1.25,,0,,,350,630,279,351,0.9206667218476835,0.9788355905790117,,completed,0.8756561000482179,12,1,,,
Binary Matched-Size Augmentation Experiment,binary_matched_size_experiment,journal-matched-size-v1,en_binary_sst2,en,1005,matched_all_real,1.5,,0,,,420,700,310,390,0.9212545549815208,0.9788787272668852,,completed,0.8551246999995783,16,1,,,
Binary Matched-Size Augmentation Experiment,binary_matched_size_experiment,journal-matched-size-v1,en_binary_sst2,en,1005,matched_all_real,1.75,,0,,,490,770,341,429,0.9235516964567034,0.9791731733179103,,completed,0.9699943999876268,16,1,,,
Binary Matched-Size Augmentation Experiment,binary_matched_size_experiment,journal-matched-size-v1,en_binary_sst2,en,1005,matched_all_real,2.0,,0,,,560,840,372,468,0.9232513773322972,0.9789341141314827,,completed,0.911211300001014,15,1,,,
Binary Matched-Size Augmentation Experiment,binary_matched_size_experiment,journal-matched-size-v1,en_binary_sst2,en,1005,matched_all_real,2.5,,0,,,700,980,434,546,0.9247401106177606,0.979380301715828,,completed,0.979887499997858,14,1,,,
Binary Matched-Size Augmentation Experiment,binary_matched_size_experiment,journal-matched-size-v1,en_binary_sst2,en,1005,matched_all_real,3.0,,0,,,840,1120,496,624,0.9249636498582513,0.9792488834265151,,completed,0.9202347999671474,14,1,,,
Binary Matched-Size Augmentation Experiment,binary_matched_size_experiment,journal-matched-size-v1,en_binary_sst2,en,1005,matched_all_real,3.5,,0,,,980,1260,558,702,0.9250464686524825,0.9793780525030524,,completed,1.0861658999929205,17,1,,,
Binary Matched-Size Augmentation Experiment,binary_matched_size_experiment,journal-matched-size-v1,en_binary_sst2,en,1005,matched_all_real,4.0,,0,,,1120,1400,620,780,0.9262594962413853,0.9795880727459675,,completed,0.9860073000309058,13,1,,,
Binary Matched-Size Augmentation Experiment,binary_matched_size_experiment,journal-matched-size-v1,en_binary_sst2,en,1006,matched_all_real,0.5,,0,,,140,420,186,234,0.9208509780596343,0.9786391057772635,,completed,0.7353847000049427,12,1,,,
Binary Matched-Size Augmentation Experiment,binary_matched_size_experiment,journal-matched-size-v1,en_binary_sst2,en,1006,matched_all_real,0.75,,0,,,210,490,217,273,0.9227107542376083,0.9789745597969282,,completed,0.8452797000063583,12,1,,,
Binary Matched-Size Augmentation Experiment,binary_matched_size_experiment,journal-matched-size-v1,en_binary_sst2,en,1006,matched_all_real,1.0,,0,,,280,560,248,312,0.9213913649785683,0.9787202380952382,,completed,0.8636639000033028,17,1,,,
Binary Matched-Size Augmentation Experiment,binary_matched_size_experiment,journal-matched-size-v1,en_binary_sst2,en,1006,matched_all_real,1.25,,0,,,350,630,279,351,0.9241326326090584,0.979006209433841,,completed,0.9937535999924876,16,1,,,
Binary Matched-Size Augmentation Experiment,binary_matched_size_experiment,journal-matched-size-v1,en_binary_sst2,en,1006,matched_all_real,1.5,,0,,,420,700,310,390,0.9234370107850469,0.9788957971852709,,completed,0.9727651000139304,15,1,,,
Binary Matched-Size Augmentation Experiment,binary_matched_size_experiment,journal-matched-size-v1,en_binary_sst2,en,1006,matched_all_real,1.75,,0,,,490,770,341,429,0.923099329142484,0.9792056664096138,,completed,0.9798361000139266,16,1,,,
Binary Matched-Size Augmentation Experiment,binary_matched_size_experiment,journal-matched-size-v1,en_binary_sst2,en,1006,matched_all_real,2.0,,0,,,560,840,372,468,0.9237861776681817,0.9792382799948589,,completed,0.9201428000233136,15,1,,,
Binary Matched-Size Augmentation Experiment,binary_matched_size_experiment,journal-matched-size-v1,en_binary_sst2,en,1006,matched_all_real,2.5,,0,,,700,980,434,546,0.92400265077789,0.97925655484866,,completed,0.933665300020948,17,1,,,
Binary Matched-Size Augmentation Experiment,binary_matched_size_experiment,journal-matched-size-v1,en_binary_sst2,en,1006,matched_all_real,3.0,,0,,,840,1120,496,624,0.9236487885020892,0.9792397259173576,,completed,1.0200962999952026,13,1,,,
Binary Matched-Size Augmentation Experiment,binary_matched_size_experiment,journal-matched-size-v1,en_binary_sst2,en,1006,matched_all_real,3.5,,0,,,980,1260,558,702,0.9251540944046286,0.979512804447015,,completed,1.0766785999876447,16,1,,,
Binary Matched-Size Augmentation Experiment,binary_matched_size_experiment,journal-matched-size-v1,en_binary_sst2,en,1006,matched_all_real,4.0,,0,,,1120,1400,620,780,0.9262594962413853,0.9795880727459675,,completed,1.0416211999836378,13,1,,,
Binary Matched-Size Augmentation Experiment,binary_matched_size_experiment,journal-matched-size-v1,en_binary_sst2,en,1007,matched_all_real,0.5,,0,,,140,420,186,234,0.9150472918013957,0.9772223427157638,,completed,0.8672357000177726,21,1,,,
Binary Matched-Size Augmentation Experiment,binary_matched_size_experiment,journal-matched-size-v1,en_binary_sst2,en,1007,matched_all_real,0.75,,0,,,210,490,217,273,0.9170458961427537,0.9774818456397403,,completed,0.8534089000313543,14,1,,,
Binary Matched-Size Augmentation Experiment,binary_matched_size_experiment,journal-matched-size-v1,en_binary_sst2,en,1007,matched_all_real,1.0,,0,,,280,560,248,312,0.91574735184303,0.9776694942484416,,completed,0.893845800019335,11,1,,,
Binary Matched-Size Augmentation Experiment,binary_matched_size_experiment,journal-matched-size-v1,en_binary_sst2,en,1007,matched_all_real,1.25,,0,,,350,630,279,351,0.9163431014831092,0.9777056824754193,,completed,0.9266576999798417,16,1,,,
Binary Matched-Size Augmentation Experiment,binary_matched_size_experiment,journal-matched-size-v1,en_binary_sst2,en,1007,matched_all_real,1.5,,0,,,420,700,310,390,0.9187086663764719,0.9781599431270483,,completed,0.871746200020425,14,1,,,
Binary Matched-Size Augmentation Experiment,binary_matched_size_experiment,journal-matched-size-v1,en_binary_sst2,en,1007,matched_all_real,1.75,,0,,,490,770,341,429,0.9191397406421687,0.9781954083927769,,completed,0.9739910999778658,11,1,,,
Binary Matched-Size Augmentation Experiment,binary_matched_size_experiment,journal-matched-size-v1,en_binary_sst2,en,1007,matched_all_real,2.0,,0,,,560,840,372,468,0.9205684107673602,0.9785268861255705,,completed,1.0741016000392847,17,1,,,
Binary Matched-Size Augmentation Experiment,binary_matched_size_experiment,journal-matched-size-v1,en_binary_sst2,en,1007,matched_all_real,2.5,,0,,,700,980,434,546,0.9222551184027297,0.9790580618212197,,completed,0.8735416000126861,13,1,,,
Binary Matched-Size Augmentation Experiment,binary_matched_size_experiment,journal-matched-size-v1,en_binary_sst2,en,1007,matched_all_real,3.0,,0,,,840,1120,496,624,0.9242964683280404,0.979422755606966,,completed,1.00401299999794,13,1,,,
Binary Matched-Size Augmentation Experiment,binary_matched_size_experiment,journal-matched-size-v1,en_binary_sst2,en,1007,matched_all_real,3.5,,0,,,980,1260,558,702,0.9249920468166397,0.9794361705545915,,completed,1.036526900017634,17,1,,,
Binary Matched-Size Augmentation Experiment,binary_matched_size_experiment,journal-matched-size-v1,en_binary_sst2,en,1007,matched_all_real,4.0,,0,,,1120,1400,620,780,0.9262594962413853,0.9795880727459675,,completed,1.045066999970004,13,1,,,
Binary Matched-Size Augmentation Experiment,binary_matched_size_experiment,journal-matched-size-v1,en_binary_sst2,en,1008,matched_all_real,0.5,,0,,,140,420,186,234,0.9166873792239458,0.9772913453505557,,completed,0.8154227000195533,9,1,,,
Binary Matched-Size Augmentation Experiment,binary_matched_size_experiment,journal-matched-size-v1,en_binary_sst2,en,1008,matched_all_real,0.75,,0,,,210,490,217,273,0.9160784248206036,0.9770313604524132,,completed,0.9475985000026412,16,1,,,
Binary Matched-Size Augmentation Experiment,binary_matched_size_experiment,journal-matched-size-v1,en_binary_sst2,en,1008,matched_all_real,1.0,,0,,,280,560,248,312,0.9175416376065075,0.9777513896921791,,completed,0.9872067000251263,18,1,,,
Binary Matched-Size Augmentation Experiment,binary_matched_size_experiment,journal-matched-size-v1,en_binary_sst2,en,1008,matched_all_real,1.25,,0,,,350,630,279,351,0.9194947344563256,0.97812395572264,,completed,0.7732380999950692,19,1,,,
Binary Matched-Size Augmentation Experiment,binary_matched_size_experiment,journal-matched-size-v1,en_binary_sst2,en,1008,matched_all_real,1.5,,0,,,420,700,310,390,0.9196697060231536,0.9781920747381274,,completed,1.0075718000298366,19,1,,,
Binary Matched-Size Augmentation Experiment,binary_matched_size_experiment,journal-matched-size-v1,en_binary_sst2,en,1008,matched_all_real,1.75,,0,,,490,770,341,429,0.9202985771569887,0.9783786389049549,,completed,1.0385123000014573,19,1,,,
Binary Matched-Size Augmentation Experiment,binary_matched_size_experiment,journal-matched-size-v1,en_binary_sst2,en,1008,matched_all_real,2.0,,0,,,560,840,372,468,0.9216002956651415,0.9785519086176981,,completed,0.9911119000171311,18,1,,,
Binary Matched-Size Augmentation Experiment,binary_matched_size_experiment,journal-matched-size-v1,en_binary_sst2,en,1008,matched_all_real,2.5,,0,,,700,980,434,546,0.9225778106034237,0.9786153685495791,,completed,0.9396083999890834,21,1,,,
Binary Matched-Size Augmentation Experiment,binary_matched_size_experiment,journal-matched-size-v1,en_binary_sst2,en,1008,matched_all_real,3.0,,0,,,840,1120,496,624,0.9239941450739577,0.9792080762804447,,completed,1.0825474999728613,21,1,,,
Binary Matched-Size Augmentation Experiment,binary_matched_size_experiment,journal-matched-size-v1,en_binary_sst2,en,1008,matched_all_real,3.5,,0,,,980,1260,558,702,0.9246896711702537,0.9793840771801299,,completed,2.1191927999607287,18,1,,,
Binary Matched-Size Augmentation Experiment,binary_matched_size_experiment,journal-matched-size-v1,en_binary_sst2,en,1008,matched_all_real,4.0,,0,,,1120,1400,620,780,0.9262594962413853,0.9795880727459675,,completed,0.9534306999994442,13,1,,,
Binary Matched-Size Augmentation Experiment,binary_matched_size_experiment,journal-matched-size-v1,en_binary_sst2,en,1009,matched_all_real,0.5,,0,,,140,420,186,234,0.9179289469338905,0.9773990665766982,,completed,0.7789701000438072,13,1,,,
Binary Matched-Size Augmentation Experiment,binary_matched_size_experiment,journal-matched-size-v1,en_binary_sst2,en,1009,matched_all_real,0.75,,0,,,210,490,217,273,0.9164200093539688,0.9777795450163871,,completed,0.8965460999752395,15,1,,,
Binary Matched-Size Augmentation Experiment,binary_matched_size_experiment,journal-matched-size-v1,en_binary_sst2,en,1009,matched_all_real,1.0,,0,,,280,560,248,312,0.9181630487103982,0.9778967049032838,,completed,0.752001199987717,13,1,,,
Binary Matched-Size Augmentation Experiment,binary_matched_size_experiment,journal-matched-size-v1,en_binary_sst2,en,1009,matched_all_real,1.25,,0,,,350,630,279,351,0.9176416413731556,0.9779512884776042,,completed,0.7819215999916196,17,1,,,
Binary Matched-Size Augmentation Experiment,binary_matched_size_experiment,journal-matched-size-v1,en_binary_sst2,en,1009,matched_all_real,1.5,,0,,,420,700,310,390,0.9166254780453724,0.9778845350555876,,completed,0.8154253999819048,10,1,,,
Binary Matched-Size Augmentation Experiment,binary_matched_size_experiment,journal-matched-size-v1,en_binary_sst2,en,1009,matched_all_real,1.75,,0,,,490,770,341,429,0.9178402579008902,0.9778914835164834,,completed,0.841483399970457,11,1,,,
Binary Matched-Size Augmentation Experiment,binary_matched_size_experiment,journal-matched-size-v1,en_binary_sst2,en,1009,matched_all_real,2.0,,0,,,560,840,372,468,0.9204596202953914,0.978017439431913,,completed,0.901711999962572,12,1,,,
Binary Matched-Size Augmentation Experiment,binary_matched_size_experiment,journal-matched-size-v1,en_binary_sst2,en,1009,matched_all_real,2.5,,0,,,700,980,434,546,0.9238301259661377,0.9786611560953666,,completed,0.9673655000515282,16,1,,,
Binary Matched-Size Augmentation Experiment,binary_matched_size_experiment,journal-matched-size-v1,en_binary_sst2,en,1009,matched_all_real,3.0,,0,,,840,1120,496,624,0.9236226298382293,0.9787659854765117,,completed,1.1366525999619626,16,1,,,
Binary Matched-Size Augmentation Experiment,binary_matched_size_experiment,journal-matched-size-v1,en_binary_sst2,en,1009,matched_all_real,3.5,,0,,,980,1260,558,702,0.9238388356375662,0.9792500080329027,,completed,1.1341536000254564,14,1,,,
Binary Matched-Size Augmentation Experiment,binary_matched_size_experiment,journal-matched-size-v1,en_binary_sst2,en,1009,matched_all_real,4.0,,0,,,1120,1400,620,780,0.9262594962413853,0.9795880727459675,,completed,1.0585248000570573,13,1,,,
Binary Matched-Size Augmentation Experiment,binary_matched_size_experiment,journal-matched-size-v1,en_binary_sst2,en,1010,matched_all_real,0.5,,0,,,140,420,186,234,0.9166588493256985,0.9780635884583252,,completed,0.7849924999754876,17,1,,,
Binary Matched-Size Augmentation Experiment,binary_matched_size_experiment,journal-matched-size-v1,en_binary_sst2,en,1010,matched_all_real,0.75,,0,,,210,490,217,273,0.9192101148125492,0.9784157107512371,,completed,0.8874911000020802,12,1,,,
Binary Matched-Size Augmentation Experiment,binary_matched_size_experiment,journal-matched-size-v1,en_binary_sst2,en,1010,matched_all_real,1.0,,0,,,280,560,248,312,0.91971209765051,0.9782570609215346,,completed,0.9305322000291198,17,1,,,
Binary Matched-Size Augmentation Experiment,binary_matched_size_experiment,journal-matched-size-v1,en_binary_sst2,en,1010,matched_all_real,1.25,,0,,,350,630,279,351,0.9200838320006142,0.9778877080521817,,completed,0.8845053000259213,16,1,,,
Binary Matched-Size Augmentation Experiment,binary_matched_size_experiment,journal-matched-size-v1,en_binary_sst2,en,1010,matched_all_real,1.5,,0,,,420,700,310,390,0.9192250609371864,0.9780580457554142,,completed,0.9242546999594197,17,1,,,
Binary Matched-Size Augmentation Experiment,binary_matched_size_experiment,journal-matched-size-v1,en_binary_sst2,en,1010,matched_all_real,1.75,,0,,,490,770,341,429,0.9208826249028867,0.9783896038172353,,completed,0.9473806999740191,15,1,,,
Binary Matched-Size Augmentation Experiment,binary_matched_size_experiment,journal-matched-size-v1,en_binary_sst2,en,1010,matched_all_real,2.0,,0,,,560,840,372,468,0.9223530660551142,0.9786804350620141,,completed,0.9106064999941736,17,1,,,
Binary Matched-Size Augmentation Experiment,binary_matched_size_experiment,journal-matched-size-v1,en_binary_sst2,en,1010,matched_all_real,2.5,,0,,,700,980,434,546,0.9227503403605207,0.9787274677077309,,completed,0.9048296000109985,17,1,,,
Binary Matched-Size Augmentation Experiment,binary_matched_size_experiment,journal-matched-size-v1,en_binary_sst2,en,1010,matched_all_real,3.0,,0,,,840,1120,496,624,0.9242392491882184,0.9788948734014524,,completed,1.1550828000181355,17,1,,,
Binary Matched-Size Augmentation Experiment,binary_matched_size_experiment,journal-matched-size-v1,en_binary_sst2,en,1010,matched_all_real,3.5,,0,,,980,1260,558,702,0.9238293612422387,0.9792110082899558,,completed,1.047763100010343,16,1,,,
Binary Matched-Size Augmentation Experiment,binary_matched_size_experiment,journal-matched-size-v1,en_binary_sst2,en,1010,matched_all_real,4.0,,0,,,1120,1400,620,780,0.9262594962413853,0.9795880727459675,,completed,1.0182692999951541,13,1,,,
Binary Matched-Size Augmentation Experiment,binary_matched_size_experiment,journal-matched-size-v1,en_binary_sst2,en,1011,matched_all_real,0.5,,0,,,140,420,186,234,0.9109219775558671,0.9771061066126856,,completed,0.8776920000091195,9,1,,,
Binary Matched-Size Augmentation Experiment,binary_matched_size_experiment,journal-matched-size-v1,en_binary_sst2,en,1011,matched_all_real,0.75,,0,,,210,490,217,273,0.9124807095194556,0.977151934322987,,completed,0.8716689000139013,11,1,,,
Binary Matched-Size Augmentation Experiment,binary_matched_size_experiment,journal-matched-size-v1,en_binary_sst2,en,1011,matched_all_real,1.0,,0,,,280,560,248,312,0.9139879396128523,0.9772315002249213,,completed,0.912973599974066,13,1,,,
Binary Matched-Size Augmentation Experiment,binary_matched_size_experiment,journal-matched-size-v1,en_binary_sst2,en,1011,matched_all_real,1.25,,0,,,350,630,279,351,0.916671953069077,0.9774970679904892,,completed,0.8517242000089027,12,1,,,
Binary Matched-Size Augmentation Experiment,binary_matched_size_experiment,journal-matched-size-v1,en_binary_sst2,en,1011,matched_all_real,1.5,,0,,,420,700,310,390,0.917333724423102,0.9778146086369771,,completed,0.8842820999561809,15,1,,,
Binary Matched-Size Augmentation Experiment,binary_matched_size_experiment,journal-matched-size-v1,en_binary_sst2,en,1011,matched_all_real,1.75,,0,,,490,770,341,429,0.9183017010016358,0.9777031521110469,,completed,0.9199215999688022,16,1,,,
Binary Matched-Size Augmentation Experiment,binary_matched_size_experiment,journal-matched-size-v1,en_binary_sst2,en,1011,matched_all_real,2.0,,0,,,560,840,372,468,0.9197308793484115,0.9779945858235332,,completed,0.9253807000350207,11,1,,,
Binary Matched-Size Augmentation Experiment,binary_matched_size_experiment,journal-matched-size-v1,en_binary_sst2,en,1011,matched_all_real,2.5,,0,,,700,980,434,546,0.9225350966755426,0.9785834377610694,,completed,0.8476988000329584,16,1,,,
Binary Matched-Size Augmentation Experiment,binary_matched_size_experiment,journal-matched-size-v1,en_binary_sst2,en,1011,matched_all_real,3.0,,0,,,840,1120,496,624,0.9223680271107004,0.9786237629329735,,completed,0.9385885000228882,15,1,,,
Binary Matched-Size Augmentation Experiment,binary_matched_size_experiment,journal-matched-size-v1,en_binary_sst2,en,1011,matched_all_real,3.5,,0,,,980,1260,558,702,0.9223226459396001,0.9788407316367842,,completed,1.143294799956493,16,1,,,
Binary Matched-Size Augmentation Experiment,binary_matched_size_experiment,journal-matched-size-v1,en_binary_sst2,en,1011,matched_all_real,4.0,,0,,,1120,1400,620,780,0.9262594962413853,0.9795880727459675,,completed,1.12920700001996,13,1,,,
Binary Matched-Size Augmentation Experiment,binary_matched_size_experiment,journal-matched-size-v1,en_binary_sst2,en,1012,matched_all_real,0.5,,0,,,140,420,186,234,0.9131416674448122,0.9779575943062787,,completed,0.751459099992644,12,1,,,
Binary Matched-Size Augmentation Experiment,binary_matched_size_experiment,journal-matched-size-v1,en_binary_sst2,en,1012,matched_all_real,0.75,,0,,,210,490,217,273,0.9162486043872822,0.9785189737163422,,completed,0.9366304999566637,14,1,,,
Binary Matched-Size Augmentation Experiment,binary_matched_size_experiment,journal-matched-size-v1,en_binary_sst2,en,1012,matched_all_real,1.0,,0,,,280,560,248,312,0.9152736435590967,0.9787224873080137,,completed,0.8210156999994069,14,1,,,
Binary Matched-Size Augmentation Experiment,binary_matched_size_experiment,journal-matched-size-v1,en_binary_sst2,en,1012,matched_all_real,1.25,,0,,,350,630,279,351,0.9178383195883013,0.9786577822762035,,completed,0.8514996000449173,11,1,,,
Binary Matched-Size Augmentation Experiment,binary_matched_size_experiment,journal-matched-size-v1,en_binary_sst2,en,1012,matched_all_real,1.5,,0,,,420,700,310,390,0.9162272765246131,0.9787811676627466,,completed,0.9521209000376984,14,1,,,
Binary Matched-Size Augmentation Experiment,binary_matched_size_experiment,journal-matched-size-v1,en_binary_sst2,en,1012,matched_all_real,1.75,,0,,,490,770,341,429,0.9189873841441751,0.9786791899620846,,completed,0.9413485999684781,15,1,,,
Binary Matched-Size Augmentation Experiment,binary_matched_size_experiment,journal-matched-size-v1,en_binary_sst2,en,1012,matched_all_real,2.0,,0,,,560,840,372,468,0.9202561922143055,0.9788048245614035,,completed,0.9673479999764822,12,1,,,
Binary Matched-Size Augmentation Experiment,binary_matched_size_experiment,journal-matched-size-v1,en_binary_sst2,en,1012,matched_all_real,2.5,,0,,,700,980,434,546,0.9212250558362498,0.979027737613264,,completed,0.9225075999856927,13,1,,,
Binary Matched-Size Augmentation Experiment,binary_matched_size_experiment,journal-matched-size-v1,en_binary_sst2,en,1012,matched_all_real,3.0,,0,,,840,1120,496,624,0.9227503403605207,0.978935841205578,,completed,1.0974036999978125,17,1,,,
Binary Matched-Size Augmentation Experiment,binary_matched_size_experiment,journal-matched-size-v1,en_binary_sst2,en,1012,matched_all_real,3.5,,0,,,980,1260,558,702,0.9245036419789998,0.9793645170618857,,completed,0.9525232000160031,13,1,,,
Binary Matched-Size Augmentation Experiment,binary_matched_size_experiment,journal-matched-size-v1,en_binary_sst2,en,1012,matched_all_real,4.0,,0,,,1120,1400,620,780,0.9262594962413853,0.9795880727459675,,completed,1.0266843000426888,13,1,,,
Binary Matched-Size Augmentation Experiment,binary_matched_size_experiment,journal-matched-size-v1,en_binary_sst2,en,1013,matched_all_real,0.5,,0,,,140,420,186,234,0.9221588318938296,0.9784875249019986,,completed,0.8144895000150427,16,1,,,
Binary Matched-Size Augmentation Experiment,binary_matched_size_experiment,journal-matched-size-v1,en_binary_sst2,en,1013,matched_all_real,0.75,,0,,,210,490,217,273,0.9218871208499674,0.9783306824754194,,completed,0.9603531999746338,18,1,,,
Binary Matched-Size Augmentation Experiment,binary_matched_size_experiment,journal-matched-size-v1,en_binary_sst2,en,1013,matched_all_real,1.0,,0,,,280,560,248,312,0.9231803123192588,0.9786983885997044,,completed,0.9011689000180922,19,1,,,
Binary Matched-Size Augmentation Experiment,binary_matched_size_experiment,journal-matched-size-v1,en_binary_sst2,en,1013,matched_all_real,1.25,,0,,,350,630,279,351,0.9264855978520801,0.9792670779512886,,completed,0.9020831999951042,22,1,,,
Binary Matched-Size Augmentation Experiment,binary_matched_size_experiment,journal-matched-size-v1,en_binary_sst2,en,1013,matched_all_real,1.5,,0,,,420,700,310,390,0.9267099521059522,0.9792065500289184,,completed,0.9433969999663532,19,1,,,
Binary Matched-Size Augmentation Experiment,binary_matched_size_experiment,journal-matched-size-v1,en_binary_sst2,en,1013,matched_all_real,1.75,,0,,,490,770,341,429,0.926573696072803,0.9793676900584796,,completed,1.017673800000921,20,1,,,
Binary Matched-Size Augmentation Experiment,binary_matched_size_experiment,journal-matched-size-v1,en_binary_sst2,en,1013,matched_all_real,2.0,,0,,,560,840,372,468,0.9270249936439249,0.9794640447272026,,completed,0.9601223000208847,20,1,,,
Binary Matched-Size Augmentation Experiment,binary_matched_size_experiment,journal-matched-size-v1,en_binary_sst2,en,1013,matched_all_real,2.5,,0,,,700,980,434,546,0.9265208363624757,0.9794808334939914,,completed,1.0085859999526292,18,1,,,
Binary Matched-Size Augmentation Experiment,binary_matched_size_experiment,journal-matched-size-v1,en_binary_sst2,en,1013,matched_all_real,3.0,,0,,,840,1120,496,624,0.9278006596905601,0.9796775592828225,,completed,1.114630300027784,13,1,,,
Binary Matched-Size Augmentation Experiment,binary_matched_size_experiment,journal-matched-size-v1,en_binary_sst2,en,1013,matched_all_real,3.5,,0,,,980,1260,558,702,0.9266061333678629,0.9795442130968447,,completed,1.0803970999550074,15,1,,,
Binary Matched-Size Augmentation Experiment,binary_matched_size_experiment,journal-matched-size-v1,en_binary_sst2,en,1013,matched_all_real,4.0,,0,,,1120,1400,620,780,0.9262594962413853,0.9795880727459675,,completed,1.0627092000213452,13,1,,,
Binary Matched-Size Augmentation Experiment,binary_matched_size_experiment,journal-matched-size-v1,en_binary_sst2,en,1014,matched_all_real,0.5,,0,,,140,420,186,234,0.9153813890579847,0.9776346314504211,,completed,0.9056247000116855,9,1,,,
Binary Matched-Size Augmentation Experiment,binary_matched_size_experiment,journal-matched-size-v1,en_binary_sst2,en,1014,matched_all_real,0.75,,0,,,210,490,217,273,0.9186714638922435,0.9779413678426836,,completed,0.8165430999943055,13,1,,,
Binary Matched-Size Augmentation Experiment,binary_matched_size_experiment,journal-matched-size-v1,en_binary_sst2,en,1014,matched_all_real,1.0,,0,,,280,560,248,312,0.9173382877609009,0.9777264073645653,,completed,0.8687574000214227,13,1,,,
Binary Matched-Size Augmentation Experiment,binary_matched_size_experiment,journal-matched-size-v1,en_binary_sst2,en,1014,matched_all_real,1.25,,0,,,350,630,279,351,0.9183129913366492,0.9777266483516482,,completed,0.7451094000134617,12,1,,,
Binary Matched-Size Augmentation Experiment,binary_matched_size_experiment,journal-matched-size-v1,en_binary_sst2,en,1014,matched_all_real,1.5,,0,,,420,700,310,390,0.9205573865713998,0.9781115448878606,,completed,0.8602044999715872,10,1,,,
Binary Matched-Size Augmentation Experiment,binary_matched_size_experiment,journal-matched-size-v1,en_binary_sst2,en,1014,matched_all_real,1.75,,0,,,490,770,341,429,0.9206840411904619,0.9783540180579655,,completed,0.9349730999674648,16,1,,,
Binary Matched-Size Augmentation Experiment,binary_matched_size_experiment,journal-matched-size-v1,en_binary_sst2,en,1014,matched_all_real,2.0,,0,,,560,840,372,468,0.9231342175935108,0.9785949248120301,,completed,0.8690059999935329,13,1,,,
Binary Matched-Size Augmentation Experiment,binary_matched_size_experiment,journal-matched-size-v1,en_binary_sst2,en,1014,matched_all_real,2.5,,0,,,700,980,434,546,0.9224603942581107,0.9788819002634793,,completed,1.017277600010857,16,1,,,
Binary Matched-Size Augmentation Experiment,binary_matched_size_experiment,journal-matched-size-v1,en_binary_sst2,en,1014,matched_all_real,3.0,,0,,,840,1120,496,624,0.9239538176969988,0.9789479307242466,,completed,1.0190339999971911,17,1,,,
Binary Matched-Size Augmentation Experiment,binary_matched_size_experiment,journal-matched-size-v1,en_binary_sst2,en,1014,matched_all_real,3.5,,0,,,980,1260,558,702,0.9243218079923061,0.9792269937664675,,completed,0.9918214000063017,12,1,,,
Binary Matched-Size Augmentation Experiment,binary_matched_size_experiment,journal-matched-size-v1,en_binary_sst2,en,1014,matched_all_real,4.0,,0,,,1120,1400,620,780,0.9262594962413853,0.9795880727459675,,completed,1.0621488000033423,13,1,,,
Binary Matched-Size Augmentation Experiment,binary_matched_size_experiment,journal-matched-size-v1,en_binary_sst2,en,1015,matched_all_real,0.5,,0,,,140,420,186,234,0.912630800674084,0.9770526878092667,,completed,0.8346146999974735,11,1,,,
Binary Matched-Size Augmentation Experiment,binary_matched_size_experiment,journal-matched-size-v1,en_binary_sst2,en,1015,matched_all_real,0.75,,0,,,210,490,217,273,0.9133646955416073,0.9774408778356146,,completed,0.8069860999821685,10,1,,,
Binary Matched-Size Augmentation Experiment,binary_matched_size_experiment,journal-matched-size-v1,en_binary_sst2,en,1015,matched_all_real,1.0,,0,,,280,560,248,312,0.9141470460553017,0.9774032035216246,,completed,0.8346654000342824,16,1,,,
Binary Matched-Size Augmentation Experiment,binary_matched_size_experiment,journal-matched-size-v1,en_binary_sst2,en,1015,matched_all_real,1.25,,0,,,350,630,279,351,0.9150886581052675,0.9775360677334363,,completed,0.8207535999827087,11,1,,,
Binary Matched-Size Augmentation Experiment,binary_matched_size_experiment,journal-matched-size-v1,en_binary_sst2,en,1015,matched_all_real,1.5,,0,,,420,700,310,390,0.9160659094056955,0.9774657798342008,,completed,0.8608585999463685,15,1,,,
Binary Matched-Size Augmentation Experiment,binary_matched_size_experiment,journal-matched-size-v1,en_binary_sst2,en,1015,matched_all_real,1.75,,0,,,490,770,341,429,0.917293332489776,0.9776876084441873,,completed,0.8600454999832436,14,1,,,
Binary Matched-Size Augmentation Experiment,binary_matched_size_experiment,journal-matched-size-v1,en_binary_sst2,en,1015,matched_all_real,2.0,,0,,,560,840,372,468,0.9210309893805629,0.9779329734592893,,completed,0.9188981999759562,15,1,,,
Binary Matched-Size Augmentation Experiment,binary_matched_size_experiment,journal-matched-size-v1,en_binary_sst2,en,1015,matched_all_real,2.5,,0,,,700,980,434,546,0.9234370107850469,0.9783497204549836,,completed,0.9458637000061572,15,1,,,
Binary Matched-Size Augmentation Experiment,binary_matched_size_experiment,journal-matched-size-v1,en_binary_sst2,en,1015,matched_all_real,3.0,,0,,,840,1120,496,624,0.923977054216053,0.9787174265792686,,completed,1.0445994000183418,13,1,,,
Binary Matched-Size Augmentation Experiment,binary_matched_size_experiment,journal-matched-size-v1,en_binary_sst2,en,1015,matched_all_real,3.5,,0,,,980,1260,558,702,0.9239033108165103,0.979093286099865,,completed,1.0570380000281148,13,1,,,
Binary Matched-Size Augmentation Experiment,binary_matched_size_experiment,journal-matched-size-v1,en_binary_sst2,en,1015,matched_all_real,4.0,,0,,,1120,1400,620,780,0.9262594962413853,0.9795880727459675,,completed,1.1415484000463039,13,1,,,
Binary Matched-Size Augmentation Experiment,binary_matched_size_experiment,journal-matched-size-v1,en_binary_sst2,en,1016,matched_all_real,0.5,,0,,,140,420,186,234,0.9137174472781895,0.9770923301844353,,completed,0.8004706999636255,14,1,,,
Binary Matched-Size Augmentation Experiment,binary_matched_size_experiment,journal-matched-size-v1,en_binary_sst2,en,1016,matched_all_real,0.75,,0,,,210,490,217,273,0.9142301003518727,0.9775571139386929,,completed,0.8719064999604598,11,1,,,
Binary Matched-Size Augmentation Experiment,binary_matched_size_experiment,journal-matched-size-v1,en_binary_sst2,en,1016,matched_all_real,1.0,,0,,,280,560,248,312,0.9154592625520901,0.9779608074673863,,completed,0.7305088999564759,11,1,,,
Binary Matched-Size Augmentation Experiment,binary_matched_size_experiment,journal-matched-size-v1,en_binary_sst2,en,1016,matched_all_real,1.25,,0,,,350,630,279,351,0.9156167361223462,0.97818448364501,,completed,0.9717666000360623,11,1,,,
Binary Matched-Size Augmentation Experiment,binary_matched_size_experiment,journal-matched-size-v1,en_binary_sst2,en,1016,matched_all_real,1.5,,0,,,420,700,310,390,0.9159511067357917,0.9779391186299082,,completed,0.972058699990157,11,1,,,
Binary Matched-Size Augmentation Experiment,binary_matched_size_experiment,journal-matched-size-v1,en_binary_sst2,en,1016,matched_all_real,1.75,,0,,,490,770,341,429,0.9164784884748969,0.9780196083156609,,completed,0.8634306999738328,11,1,,,
Binary Matched-Size Augmentation Experiment,binary_matched_size_experiment,journal-matched-size-v1,en_binary_sst2,en,1016,matched_all_real,2.0,,0,,,560,840,372,468,0.9191541205148278,0.9783665895508002,,completed,0.9643206999753602,16,1,,,
Binary Matched-Size Augmentation Experiment,binary_matched_size_experiment,journal-matched-size-v1,en_binary_sst2,en,1016,matched_all_real,2.5,,0,,,700,980,434,546,0.9217538090726666,0.978785304607673,,completed,1.073464699962642,15,1,,,
Binary Matched-Size Augmentation Experiment,binary_matched_size_experiment,journal-matched-size-v1,en_binary_sst2,en,1016,matched_all_real,3.0,,0,,,840,1120,496,624,0.9233069187296501,0.9790656529143372,,completed,1.0293643999611959,14,1,,,
Binary Matched-Size Augmentation Experiment,binary_matched_size_experiment,journal-matched-size-v1,en_binary_sst2,en,1016,matched_all_real,3.5,,0,,,980,1260,558,702,0.9235276351042481,0.9791233693207378,,completed,1.0004597999504767,14,1,,,
Binary Matched-Size Augmentation Experiment,binary_matched_size_experiment,journal-matched-size-v1,en_binary_sst2,en,1016,matched_all_real,4.0,,0,,,1120,1400,620,780,0.9262594962413853,0.9795880727459675,,completed,1.0576004999456927,13,1,,,
Binary Matched-Size Augmentation Experiment,binary_matched_size_experiment,journal-matched-size-v1,en_binary_sst2,en,1017,matched_all_real,0.5,,0,,,140,420,186,234,0.9115702092918491,0.9768053145684724,,completed,0.8628228000015952,14,1,,,
Binary Matched-Size Augmentation Experiment,binary_matched_size_experiment,journal-matched-size-v1,en_binary_sst2,en,1017,matched_all_real,0.75,,0,,,210,490,217,273,0.9143509723117025,0.9772565628815628,,completed,0.8934531999984756,10,1,,,
Binary Matched-Size Augmentation Experiment,binary_matched_size_experiment,journal-matched-size-v1,en_binary_sst2,en,1017,matched_all_real,1.0,,0,,,280,560,248,312,0.9175513373420681,0.9771133362251785,,completed,0.8773319999454543,10,1,,,
Binary Matched-Size Augmentation Experiment,binary_matched_size_experiment,journal-matched-size-v1,en_binary_sst2,en,1017,matched_all_real,1.25,,0,,,350,630,279,351,0.9195461337827827,0.9774202734400104,,completed,0.9000879999948665,10,1,,,
Binary Matched-Size Augmentation Experiment,binary_matched_size_experiment,journal-matched-size-v1,en_binary_sst2,en,1017,matched_all_real,1.5,,0,,,420,700,310,390,0.9180884029176708,0.97759611368164,,completed,0.965285699989181,13,1,,,
Binary Matched-Size Augmentation Experiment,binary_matched_size_experiment,journal-matched-size-v1,en_binary_sst2,en,1017,matched_all_real,1.75,,0,,,490,770,341,429,0.9199153581627872,0.9780845944990681,,completed,0.8771925999899395,13,1,,,
Binary Matched-Size Augmentation Experiment,binary_matched_size_experiment,journal-matched-size-v1,en_binary_sst2,en,1017,matched_all_real,2.0,,0,,,560,840,372,468,0.9211303222314167,0.9786358122871279,,completed,0.9156918999506161,16,1,,,
Binary Matched-Size Augmentation Experiment,binary_matched_size_experiment,journal-matched-size-v1,en_binary_sst2,en,1017,matched_all_real,2.5,,0,,,700,980,434,546,0.9243787848838645,0.9791359006490586,,completed,0.8523921999731101,13,1,,,
Binary Matched-Size Augmentation Experiment,binary_matched_size_experiment,journal-matched-size-v1,en_binary_sst2,en,1017,matched_all_real,3.0,,0,,,840,1120,496,624,0.9251333703730856,0.9794476174410385,,completed,0.9449046999798156,12,1,,,
Binary Matched-Size Augmentation Experiment,binary_matched_size_experiment,journal-matched-size-v1,en_binary_sst2,en,1017,matched_all_real,3.5,,0,,,980,1260,558,702,0.9237131362067215,0.9793437118437118,,completed,1.0639755000011064,17,1,,,
Binary Matched-Size Augmentation Experiment,binary_matched_size_experiment,journal-matched-size-v1,en_binary_sst2,en,1017,matched_all_real,4.0,,0,,,1120,1400,620,780,0.9262594962413853,0.9795880727459675,,completed,1.1015539000509307,13,1,,,
Binary Matched-Size Augmentation Experiment,binary_matched_size_experiment,journal-matched-size-v1,en_binary_sst2,en,1018,matched_all_real,0.5,,0,,,140,420,186,234,0.9201341454762735,0.9765366541353382,,completed,0.8991024999995716,10,1,,,
Binary Matched-Size Augmentation Experiment,binary_matched_size_experiment,journal-matched-size-v1,en_binary_sst2,en,1018,matched_all_real,0.75,,0,,,210,490,217,273,0.9204043217393677,0.9774014362830152,,completed,0.8256625000503846,14,1,,,
Binary Matched-Size Augmentation Experiment,binary_matched_size_experiment,journal-matched-size-v1,en_binary_sst2,en,1018,matched_all_real,1.0,,0,,,280,560,248,312,0.9219426652022709,0.9779978793136687,,completed,0.816730699967593,11,1,,,
Binary Matched-Size Augmentation Experiment,binary_matched_size_experiment,journal-matched-size-v1,en_binary_sst2,en,1018,matched_all_real,1.25,,0,,,350,630,279,351,0.9217660445284923,0.9778309555941136,,completed,0.9352854000171646,12,1,,,
Binary Matched-Size Augmentation Experiment,binary_matched_size_experiment,journal-matched-size-v1,en_binary_sst2,en,1018,matched_all_real,1.5,,0,,,420,700,310,390,0.9219301965677795,0.9778314777327934,,completed,0.8523826000164263,12,1,,,
Binary Matched-Size Augmentation Experiment,binary_matched_size_experiment,journal-matched-size-v1,en_binary_sst2,en,1018,matched_all_real,1.75,,0,,,490,770,341,429,0.92106236775366,0.9779862717691666,,completed,0.9066679000388831,14,1,,,
Binary Matched-Size Augmentation Experiment,binary_matched_size_experiment,journal-matched-size-v1,en_binary_sst2,en,1018,matched_all_real,2.0,,0,,,560,840,372,468,0.9225691324302945,0.9781842426579267,,completed,0.9928852000157349,16,1,,,
Binary Matched-Size Augmentation Experiment,binary_matched_size_experiment,journal-matched-size-v1,en_binary_sst2,en,1018,matched_all_real,2.5,,0,,,700,980,434,546,0.9234846180796854,0.9782980688901741,,completed,1.125860400032252,11,1,,,
Binary Matched-Size Augmentation Experiment,binary_matched_size_experiment,journal-matched-size-v1,en_binary_sst2,en,1018,matched_all_real,3.0,,0,,,840,1120,496,624,0.9242724962729667,0.9791101953601953,,completed,1.0381012000143528,15,1,,,
Binary Matched-Size Augmentation Experiment,binary_matched_size_experiment,journal-matched-size-v1,en_binary_sst2,en,1018,matched_all_real,3.5,,0,,,980,1260,558,702,0.9248143714638406,0.979463683246578,,completed,1.0592760000145063,13,1,,,
Binary Matched-Size Augmentation Experiment,binary_matched_size_experiment,journal-matched-size-v1,en_binary_sst2,en,1018,matched_all_real,4.0,,0,,,1120,1400,620,780,0.9262594962413853,0.9795880727459675,,completed,1.0510163999861106,13,1,,,
Binary Matched-Size Augmentation Experiment,binary_matched_size_experiment,journal-matched-size-v1,en_binary_sst2,en,1019,matched_all_real,0.5,,0,,,140,420,186,234,0.9162113162979338,0.9770759028982712,,completed,0.8245005999924615,11,1,,,
Binary Matched-Size Augmentation Experiment,binary_matched_size_experiment,journal-matched-size-v1,en_binary_sst2,en,1019,matched_all_real,0.75,,0,,,210,490,217,273,0.9182326095171651,0.9773381771737035,,completed,0.8307139999815263,12,1,,,
Binary Matched-Size Augmentation Experiment,binary_matched_size_experiment,journal-matched-size-v1,en_binary_sst2,en,1019,matched_all_real,1.0,,0,,,280,560,248,312,0.9192343991760918,0.9778793538333013,,completed,0.8375632999814115,13,1,,,
Binary Matched-Size Augmentation Experiment,binary_matched_size_experiment,journal-matched-size-v1,en_binary_sst2,en,1019,matched_all_real,1.25,,0,,,350,630,279,351,0.9183211965920227,0.9778936524002313,,completed,0.9388749999925494,9,1,,,
Binary Matched-Size Augmentation Experiment,binary_matched_size_experiment,journal-matched-size-v1,en_binary_sst2,en,1019,matched_all_real,1.5,,0,,,420,700,310,390,0.9206383110928852,0.9781047570850201,,completed,0.8838279000483453,12,1,,,
Binary Matched-Size Augmentation Experiment,binary_matched_size_experiment,journal-matched-size-v1,en_binary_sst2,en,1019,matched_all_real,1.75,,0,,,490,770,341,429,0.9204304570917872,0.9784038220551379,,completed,1.0061259000212885,16,1,,,
Binary Matched-Size Augmentation Experiment,binary_matched_size_experiment,journal-matched-size-v1,en_binary_sst2,en,1019,matched_all_real,2.0,,0,,,560,840,372,468,0.9219071894543075,0.97830553948975,,completed,0.9288712000125088,16,1,,,
Binary Matched-Size Augmentation Experiment,binary_matched_size_experiment,journal-matched-size-v1,en_binary_sst2,en,1019,matched_all_real,2.5,,0,,,700,980,434,546,0.9226114079815959,0.9788500498039971,,completed,0.8764844000106677,16,1,,,
Binary Matched-Size Augmentation Experiment,binary_matched_size_experiment,journal-matched-size-v1,en_binary_sst2,en,1019,matched_all_real,3.0,,0,,,840,1120,496,624,0.9229507685832005,0.9791759848338797,,completed,0.9475545000168495,13,1,,,
Binary Matched-Size Augmentation Experiment,binary_matched_size_experiment,journal-matched-size-v1,en_binary_sst2,en,1019,matched_all_real,3.5,,0,,,980,1260,558,702,0.9247116605716417,0.979430507358139,,completed,1.05360629997449,14,1,,,
Binary Matched-Size Augmentation Experiment,binary_matched_size_experiment,journal-matched-size-v1,en_binary_sst2,en,1019,matched_all_real,4.0,,0,,,1120,1400,620,780,0.9262594962413853,0.9795880727459675,,completed,1.1577157999854535,13,1,,,
Binary Matched-Size Augmentation Experiment,binary_matched_size_experiment,journal-matched-size-v1,en_binary_sst2,en,1020,matched_all_real,0.5,,0,,,140,420,186,234,0.912166805017677,0.9776239075252233,,completed,1.0087159999529831,14,1,,,
Binary Matched-Size Augmentation Experiment,binary_matched_size_experiment,journal-matched-size-v1,en_binary_sst2,en,1020,matched_all_real,0.75,,0,,,210,490,217,273,0.9148653237690201,0.9782783079493607,,completed,0.8392510000267066,11,1,,,
Binary Matched-Size Augmentation Experiment,binary_matched_size_experiment,journal-matched-size-v1,en_binary_sst2,en,1020,matched_all_real,1.0,,0,,,280,560,248,312,0.9169801121217529,0.9783730560375297,,completed,1.0007563999970444,17,1,,,
Binary Matched-Size Augmentation Experiment,binary_matched_size_experiment,journal-matched-size-v1,en_binary_sst2,en,1020,matched_all_real,1.25,,0,,,350,630,279,351,0.9197116387276876,0.9783998056037528,,completed,0.8967824999708682,14,1,,,
Binary Matched-Size Augmentation Experiment,binary_matched_size_experiment,journal-matched-size-v1,en_binary_sst2,en,1020,matched_all_real,1.5,,0,,,420,700,310,390,0.9219796328476153,0.9787723716342136,,completed,0.9488998000160791,18,1,,,
Binary Matched-Size Augmentation Experiment,binary_matched_size_experiment,journal-matched-size-v1,en_binary_sst2,en,1020,matched_all_real,1.75,,0,,,490,770,341,429,0.9225516951226692,0.9789472880920249,,completed,0.8922354999813251,17,1,,,
Binary Matched-Size Augmentation Experiment,binary_matched_size_experiment,journal-matched-size-v1,en_binary_sst2,en,1020,matched_all_real,2.0,,0,,,560,840,372,468,0.9209500348189346,0.9788507326007326,,completed,0.8985513999941759,18,1,,,
Binary Matched-Size Augmentation Experiment,binary_matched_size_experiment,journal-matched-size-v1,en_binary_sst2,en,1020,matched_all_real,2.5,,0,,,700,980,434,546,0.9243175985207188,0.9790205080007711,,completed,1.0551366999861784,22,1,,,
Binary Matched-Size Augmentation Experiment,binary_matched_size_experiment,journal-matched-size-v1,en_binary_sst2,en,1020,matched_all_real,3.0,,0,,,840,1120,496,624,0.9234194218187701,0.9792277970567445,,completed,1.1196886000107042,18,1,,,
Binary Matched-Size Augmentation Experiment,binary_matched_size_experiment,journal-matched-size-v1,en_binary_sst2,en,1020,matched_all_real,3.5,,0,,,980,1260,558,702,0.9236180519102424,0.9793268025833815,,completed,0.9348051000270061,14,1,,,
Binary Matched-Size Augmentation Experiment,binary_matched_size_experiment,journal-matched-size-v1,en_binary_sst2,en,1020,matched_all_real,4.0,,0,,,1120,1400,620,780,0.9262594962413853,0.9795880727459675,,completed,0.9793964000418782,13,1,,,
Binary Matched-Size Augmentation Experiment,binary_matched_size_experiment,journal-matched-size-v1,en_binary_sst2,en,1021,matched_all_real,0.5,,0,,,140,420,186,234,0.9158713116444485,0.9760047153139257,,completed,0.8278306999709457,18,1,,,
Binary Matched-Size Augmentation Experiment,binary_matched_size_experiment,journal-matched-size-v1,en_binary_sst2,en,1021,matched_all_real,0.75,,0,,,210,490,217,273,0.9190317175706668,0.9765634438660754,,completed,0.822515299951192,18,1,,,
Binary Matched-Size Augmentation Experiment,binary_matched_size_experiment,journal-matched-size-v1,en_binary_sst2,en,1021,matched_all_real,1.0,,0,,,280,560,248,312,0.9187430087996339,0.9767627803483067,,completed,0.81907859997591,18,1,,,
Binary Matched-Size Augmentation Experiment,binary_matched_size_experiment,journal-matched-size-v1,en_binary_sst2,en,1021,matched_all_real,1.25,,0,,,350,630,279,351,0.9219301965677795,0.9776639917100444,,completed,0.8028403999633156,17,1,,,
Binary Matched-Size Augmentation Experiment,binary_matched_size_experiment,journal-matched-size-v1,en_binary_sst2,en,1021,matched_all_real,1.5,,0,,,420,700,310,390,0.9210755584691879,0.9778053707987919,,completed,0.9649124999996275,16,1,,,
Binary Matched-Size Augmentation Experiment,binary_matched_size_experiment,journal-matched-size-v1,en_binary_sst2,en,1021,matched_all_real,1.75,,0,,,490,770,341,429,0.9212096683959021,0.9778317990489043,,completed,0.98962519998895,16,1,,,
Binary Matched-Size Augmentation Experiment,binary_matched_size_experiment,journal-matched-size-v1,en_binary_sst2,en,1021,matched_all_real,2.0,,0,,,560,840,372,468,0.9208040553631912,0.9778021576376841,,completed,0.945937899989076,12,1,,,
Binary Matched-Size Augmentation Experiment,binary_matched_size_experiment,journal-matched-size-v1,en_binary_sst2,en,1021,matched_all_real,2.5,,0,,,700,980,434,546,0.9218477719691311,0.9781638792494054,,completed,0.9776936999987811,13,1,,,
Binary Matched-Size Augmentation Experiment,binary_matched_size_experiment,journal-matched-size-v1,en_binary_sst2,en,1021,matched_all_real,3.0,,0,,,840,1120,496,624,0.9237088928787944,0.9788398480174795,,completed,0.8977653999463655,14,1,,,
Binary Matched-Size Augmentation Experiment,binary_matched_size_experiment,journal-matched-size-v1,en_binary_sst2,en,1021,matched_all_real,3.5,,0,,,980,1260,558,702,0.923820925610348,0.9790393451577661,,completed,1.0650839000009,14,1,,,
Binary Matched-Size Augmentation Experiment,binary_matched_size_experiment,journal-matched-size-v1,en_binary_sst2,en,1021,matched_all_real,4.0,,0,,,1120,1400,620,780,0.9262594962413853,0.9795880727459675,,completed,1.1018073000013828,13,1,,,
Binary Matched-Size Augmentation Experiment,binary_matched_size_experiment,journal-matched-size-v1,en_binary_sst2,en,1022,matched_all_real,0.5,,0,,,140,420,186,234,0.920379142601935,0.9785234319773793,,completed,0.8470868000295013,13,1,,,
Binary Matched-Size Augmentation Experiment,binary_matched_size_experiment,journal-matched-size-v1,en_binary_sst2,en,1022,matched_all_real,0.75,,0,,,210,490,217,273,0.9189675337769712,0.9784992127755285,,completed,0.7982097000349313,16,1,,,
Binary Matched-Size Augmentation Experiment,binary_matched_size_experiment,journal-matched-size-v1,en_binary_sst2,en,1022,matched_all_real,1.0,,0,,,280,560,248,312,0.920477610744612,0.9786625216888375,,completed,0.9136684999684803,12,1,,,
Binary Matched-Size Augmentation Experiment,binary_matched_size_experiment,journal-matched-size-v1,en_binary_sst2,en,1022,matched_all_real,1.25,,0,,,350,630,279,351,0.9218649847878656,0.978703007518797,,completed,0.8500454000313766,12,1,,,
Binary Matched-Size Augmentation Experiment,binary_matched_size_experiment,journal-matched-size-v1,en_binary_sst2,en,1022,matched_all_real,1.5,,0,,,420,700,310,390,0.9214375222537647,0.9782814809459546,,completed,0.843089499976486,13,1,,,
Binary Matched-Size Augmentation Experiment,binary_matched_size_experiment,journal-matched-size-v1,en_binary_sst2,en,1022,matched_all_real,1.75,,0,,,490,770,341,429,0.9215138871476793,0.9781147982134825,,completed,0.8813882999820635,12,1,,,
Binary Matched-Size Augmentation Experiment,binary_matched_size_experiment,journal-matched-size-v1,en_binary_sst2,en,1022,matched_all_real,2.0,,0,,,560,840,372,468,0.9226162548149075,0.978457963819806,,completed,0.9738335000001825,16,1,,,
Binary Matched-Size Augmentation Experiment,binary_matched_size_experiment,journal-matched-size-v1,en_binary_sst2,en,1022,matched_all_real,2.5,,0,,,700,980,434,546,0.921339793075415,0.9788483227299017,,completed,0.978438499965705,12,1,,,
Binary Matched-Size Augmentation Experiment,binary_matched_size_experiment,journal-matched-size-v1,en_binary_sst2,en,1022,matched_all_real,3.0,,0,,,840,1120,496,624,0.922666127518327,0.9791236103078208,,completed,0.9969039999996312,13,1,,,
Binary Matched-Size Augmentation Experiment,binary_matched_size_experiment,journal-matched-size-v1,en_binary_sst2,en,1022,matched_all_real,3.5,,0,,,980,1260,558,702,0.9242751413713596,0.9794813154681578,,completed,0.975517500017304,16,1,,,
Binary Matched-Size Augmentation Experiment,binary_matched_size_experiment,journal-matched-size-v1,en_binary_sst2,en,1022,matched_all_real,4.0,,0,,,1120,1400,620,780,0.9262594962413853,0.9795880727459675,,completed,1.0919681999948807,13,1,,,
Binary Matched-Size Augmentation Experiment,binary_matched_size_experiment,journal-matched-size-v1,en_binary_sst2,en,1023,matched_all_real,0.5,,0,,,140,420,186,234,0.9204072371694074,0.9779444203457359,,completed,0.7867136000422761,9,1,,,
Binary Matched-Size Augmentation Experiment,binary_matched_size_experiment,journal-matched-size-v1,en_binary_sst2,en,1023,matched_all_real,0.75,,0,,,210,490,217,273,0.9202686764557424,0.9777580168369643,,completed,0.8243129999609664,10,1,,,
Binary Matched-Size Augmentation Experiment,binary_matched_size_experiment,journal-matched-size-v1,en_binary_sst2,en,1023,matched_all_real,1.0,,0,,,280,560,248,312,0.9234500747340348,0.9786100266692372,,completed,0.9095238000154495,16,1,,,
Binary Matched-Size Augmentation Experiment,binary_matched_size_experiment,journal-matched-size-v1,en_binary_sst2,en,1023,matched_all_real,1.25,,0,,,350,630,279,351,0.9250712149525598,0.9791765069725595,,completed,0.9663339999970049,18,1,,,
Binary Matched-Size Augmentation Experiment,binary_matched_size_experiment,journal-matched-size-v1,en_binary_sst2,en,1023,matched_all_real,1.5,,0,,,420,700,310,390,0.9244253527395645,0.9791970712036502,,completed,0.9053752000327222,15,1,,,
Binary Matched-Size Augmentation Experiment,binary_matched_size_experiment,journal-matched-size-v1,en_binary_sst2,en,1023,matched_all_real,1.75,,0,,,490,770,341,429,0.9234370107850469,0.9791916891587944,,completed,0.998316400044132,16,1,,,
Binary Matched-Size Augmentation Experiment,binary_matched_size_experiment,journal-matched-size-v1,en_binary_sst2,en,1023,matched_all_real,2.0,,0,,,560,840,372,468,0.9222273563731387,0.9790654520917678,,completed,1.0613100999617018,18,1,,,
Binary Matched-Size Augmentation Experiment,binary_matched_size_experiment,journal-matched-size-v1,en_binary_sst2,en,1023,matched_all_real,2.5,,0,,,700,980,434,546,0.9241146966400773,0.9792224150118887,,completed,0.9813946999493055,16,1,,,
Binary Matched-Size Augmentation Experiment,binary_matched_size_experiment,journal-matched-size-v1,en_binary_sst2,en,1023,matched_all_real,3.0,,0,,,840,1120,496,624,0.9234544160166034,0.9792126951995374,,completed,0.9990279999910854,18,1,,,
Binary Matched-Size Augmentation Experiment,binary_matched_size_experiment,journal-matched-size-v1,en_binary_sst2,en,1023,matched_all_real,3.5,,0,,,980,1260,558,702,0.9237740556959357,0.9793600989653621,,completed,1.190111199975945,17,1,,,
Binary Matched-Size Augmentation Experiment,binary_matched_size_experiment,journal-matched-size-v1,en_binary_sst2,en,1023,matched_all_real,4.0,,0,,,1120,1400,620,780,0.9262594962413853,0.9795880727459675,,completed,1.0649071999941953,13,1,,,
Binary Matched-Size Augmentation Experiment,binary_matched_size_experiment,journal-matched-size-v1,en_binary_sst2,en,1024,matched_all_real,0.5,,0,,,140,420,186,234,0.9176416413731556,0.9774066978343292,,completed,0.902911499957554,19,1,,,
Binary Matched-Size Augmentation Experiment,binary_matched_size_experiment,journal-matched-size-v1,en_binary_sst2,en,1024,matched_all_real,0.75,,0,,,210,490,217,273,0.9201138739266008,0.9778516001542318,,completed,0.9345227000303566,14,1,,,
Binary Matched-Size Augmentation Experiment,binary_matched_size_experiment,journal-matched-size-v1,en_binary_sst2,en,1024,matched_all_real,1.0,,0,,,280,560,248,312,0.9240888268806706,0.9784269969796284,,completed,0.8769968000124209,17,1,,,
Binary Matched-Size Augmentation Experiment,binary_matched_size_experiment,journal-matched-size-v1,en_binary_sst2,en,1024,matched_all_real,1.25,,0,,,350,630,279,351,0.9236095672543007,0.9784152689415848,,completed,0.9071524000028148,12,1,,,
Binary Matched-Size Augmentation Experiment,binary_matched_size_experiment,journal-matched-size-v1,en_binary_sst2,en,1024,matched_all_real,1.5,,0,,,420,700,310,390,0.9231607250430676,0.978108492384808,,completed,0.8880975999636576,12,1,,,
Binary Matched-Size Augmentation Experiment,binary_matched_size_experiment,journal-matched-size-v1,en_binary_sst2,en,1024,matched_all_real,1.75,,0,,,490,770,341,429,0.9239941450739577,0.978400046590836,,completed,0.9015953000052832,13,1,,,
Binary Matched-Size Augmentation Experiment,binary_matched_size_experiment,journal-matched-size-v1,en_binary_sst2,en,1024,matched_all_real,2.0,,0,,,560,840,372,468,0.9238166978622991,0.9786899942163101,,completed,0.9656310999998823,12,1,,,
Binary Matched-Size Augmentation Experiment,binary_matched_size_experiment,journal-matched-size-v1,en_binary_sst2,en,1024,matched_all_real,2.5,,0,,,700,980,434,546,0.9246726481224399,0.979047378060536,,completed,0.9816856000106782,13,1,,,
Binary Matched-Size Augmentation Experiment,binary_matched_size_experiment,journal-matched-size-v1,en_binary_sst2,en,1024,matched_all_real,3.0,,0,,,840,1120,496,624,0.9244253527395645,0.9792004450228132,,completed,0.9170974000007845,14,1,,,
Binary Matched-Size Augmentation Experiment,binary_matched_size_experiment,journal-matched-size-v1,en_binary_sst2,en,1024,matched_all_real,3.5,,0,,,980,1260,558,702,0.9245039168837883,0.9792296847888953,,completed,1.0430760000017472,16,1,,,
Binary Matched-Size Augmentation Experiment,binary_matched_size_experiment,journal-matched-size-v1,en_binary_sst2,en,1024,matched_all_real,4.0,,0,,,1120,1400,620,780,0.9262594962413853,0.9795880727459675,,completed,0.9657143999938853,13,1,,,
Binary Matched-Size Augmentation Experiment,binary_matched_size_experiment,journal-matched-size-v1,en_binary_sst2,en,1025,matched_all_real,0.5,,0,,,140,420,186,234,0.9146029198909456,0.977306166056166,,completed,0.915244999981951,12,1,,,
Binary Matched-Size Augmentation Experiment,binary_matched_size_experiment,journal-matched-size-v1,en_binary_sst2,en,1025,matched_all_real,0.75,,0,,,210,490,217,273,0.9179940227855576,0.9775622148319516,,completed,0.8247919999994338,11,1,,,
Binary Matched-Size Augmentation Experiment,binary_matched_size_experiment,journal-matched-size-v1,en_binary_sst2,en,1025,matched_all_real,1.0,,0,,,280,560,248,312,0.9173983638675833,0.9775891652207441,,completed,0.8352594000170939,13,1,,,
Binary Matched-Size Augmentation Experiment,binary_matched_size_experiment,journal-matched-size-v1,en_binary_sst2,en,1025,matched_all_real,1.25,,0,,,350,630,279,351,0.9188327133221199,0.977735002570529,,completed,0.8625919999903999,11,1,,,
Binary Matched-Size Augmentation Experiment,binary_matched_size_experiment,journal-matched-size-v1,en_binary_sst2,en,1025,matched_all_real,1.5,,0,,,420,700,310,390,0.9190544955681653,0.9780240264121843,,completed,0.8689229000010528,15,1,,,
Binary Matched-Size Augmentation Experiment,binary_matched_size_experiment,journal-matched-size-v1,en_binary_sst2,en,1025,matched_all_real,1.75,,0,,,490,770,341,429,0.9200517464136525,0.9778877080521817,,completed,0.9450686000054702,17,1,,,
Binary Matched-Size Augmentation Experiment,binary_matched_size_experiment,journal-matched-size-v1,en_binary_sst2,en,1025,matched_all_real,2.0,,0,,,560,840,372,468,0.9201558869516633,0.9783100379153011,,completed,0.9869012999697588,17,1,,,
Binary Matched-Size Augmentation Experiment,binary_matched_size_experiment,journal-matched-size-v1,en_binary_sst2,en,1025,matched_all_real,2.5,,0,,,700,980,434,546,0.9202012715397232,0.9784483243364823,,completed,0.9531115000136197,16,1,,,
Binary Matched-Size Augmentation Experiment,binary_matched_size_experiment,journal-matched-size-v1,en_binary_sst2,en,1025,matched_all_real,3.0,,0,,,840,1120,496,624,0.9228321205267458,0.9788988496883233,,completed,1.1145145000191405,21,1,,,
Binary Matched-Size Augmentation Experiment,binary_matched_size_experiment,journal-matched-size-v1,en_binary_sst2,en,1025,matched_all_real,3.5,,0,,,980,1260,558,702,0.9241062353209997,0.9794025126919864,,completed,1.1076197999645956,16,1,,,
Binary Matched-Size Augmentation Experiment,binary_matched_size_experiment,journal-matched-size-v1,en_binary_sst2,en,1025,matched_all_real,4.0,,0,,,1120,1400,620,780,0.9262594962413853,0.9795880727459675,,completed,1.080233999993652,13,1,,,
Binary Matched-Size Augmentation Experiment,binary_matched_size_experiment,journal-matched-size-v1,en_binary_sst2,en,1026,matched_all_real,0.5,,0,,,140,420,186,234,0.9193621726436056,0.9774344113488851,,completed,0.7854121999698691,12,1,,,
Binary Matched-Size Augmentation Experiment,binary_matched_size_experiment,journal-matched-size-v1,en_binary_sst2,en,1026,matched_all_real,0.75,,0,,,210,490,217,273,0.9189519568078137,0.9773160465265728,,completed,0.9366452000103891,10,1,,,
Binary Matched-Size Augmentation Experiment,binary_matched_size_experiment,journal-matched-size-v1,en_binary_sst2,en,1026,matched_all_real,1.0,,0,,,280,560,248,312,0.9176608066142479,0.9772879313668785,,completed,0.8267186000011861,16,1,,,
Binary Matched-Size Augmentation Experiment,binary_matched_size_experiment,journal-matched-size-v1,en_binary_sst2,en,1026,matched_all_real,1.25,,0,,,350,630,279,351,0.9179160720584285,0.9775307258530943,,completed,0.9494855000521056,16,1,,,
Binary Matched-Size Augmentation Experiment,binary_matched_size_experiment,journal-matched-size-v1,en_binary_sst2,en,1026,matched_all_real,1.5,,0,,,420,700,310,390,0.9195507641493988,0.9778347310584152,,completed,0.8845267000142485,10,1,,,
Binary Matched-Size Augmentation Experiment,binary_matched_size_experiment,journal-matched-size-v1,en_binary_sst2,en,1026,matched_all_real,1.75,,0,,,490,770,341,429,0.9191397406421687,0.9779016451384872,,completed,1.0386021999875084,15,1,,,
Binary Matched-Size Augmentation Experiment,binary_matched_size_experiment,journal-matched-size-v1,en_binary_sst2,en,1026,matched_all_real,2.0,,0,,,560,840,372,468,0.9193527322411092,0.9780845141700406,,completed,0.8271275999723002,13,1,,,
Binary Matched-Size Augmentation Experiment,binary_matched_size_experiment,journal-matched-size-v1,en_binary_sst2,en,1026,matched_all_real,2.5,,0,,,700,980,434,546,0.9225341497492863,0.9784599318809846,,completed,0.9584136999910697,18,1,,,
Binary Matched-Size Augmentation Experiment,binary_matched_size_experiment,journal-matched-size-v1,en_binary_sst2,en,1026,matched_all_real,3.0,,0,,,840,1120,496,624,0.9243487355024873,0.9790342442645074,,completed,1.0695655000163242,17,1,,,
Binary Matched-Size Augmentation Experiment,binary_matched_size_experiment,journal-matched-size-v1,en_binary_sst2,en,1026,matched_all_real,3.5,,0,,,980,1260,558,702,0.9233507239905625,0.9791422466422467,,completed,1.1101121999672614,14,1,,,
Binary Matched-Size Augmentation Experiment,binary_matched_size_experiment,journal-matched-size-v1,en_binary_sst2,en,1026,matched_all_real,4.0,,0,,,1120,1400,620,780,0.9262594962413853,0.9795880727459675,,completed,1.1806345999939367,13,1,,,
Binary Matched-Size Augmentation Experiment,binary_matched_size_experiment,journal-matched-size-v1,en_binary_sst2,en,1027,matched_all_real,0.5,,0,,,140,420,186,234,0.9203365937767138,0.9771138583638583,,completed,0.7599112999741919,12,1,,,
Binary Matched-Size Augmentation Experiment,binary_matched_size_experiment,journal-matched-size-v1,en_binary_sst2,en,1027,matched_all_real,0.75,,0,,,210,490,217,273,0.9211340093721108,0.9772621457489878,,completed,0.8356499999645166,17,1,,,
Binary Matched-Size Augmentation Experiment,binary_matched_size_experiment,journal-matched-size-v1,en_binary_sst2,en,1027,matched_all_real,1.0,,0,,,280,560,248,312,0.9222003135249535,0.9778121586016323,,completed,0.9195423999917693,19,1,,,
Binary Matched-Size Augmentation Experiment,binary_matched_size_experiment,journal-matched-size-v1,en_binary_sst2,en,1027,matched_all_real,1.25,,0,,,350,630,279,351,0.9227265157954107,0.9778454951481267,,completed,0.9643344000214711,18,1,,,
Binary Matched-Size Augmentation Experiment,binary_matched_size_experiment,journal-matched-size-v1,en_binary_sst2,en,1027,matched_all_real,1.5,,0,,,420,700,310,390,0.9232940203756372,0.9781081309041835,,completed,1.0879213000298478,22,1,,,
Binary Matched-Size Augmentation Experiment,binary_matched_size_experiment,journal-matched-size-v1,en_binary_sst2,en,1027,matched_all_real,1.75,,0,,,490,770,341,429,0.9246476014882913,0.9785690187005976,,completed,0.9533740999759175,18,1,,,
Binary Matched-Size Augmentation Experiment,binary_matched_size_experiment,journal-matched-size-v1,en_binary_sst2,en,1027,matched_all_real,2.0,,0,,,560,840,372,468,0.9242766225995831,0.9787539361223572,,completed,0.9018899999791756,18,1,,,
Binary Matched-Size Augmentation Experiment,binary_matched_size_experiment,journal-matched-size-v1,en_binary_sst2,en,1027,matched_all_real,2.5,,0,,,700,980,434,546,0.9234447437848621,0.97870168208984,,completed,0.9875733000226319,15,1,,,
Binary Matched-Size Augmentation Experiment,binary_matched_size_experiment,journal-matched-size-v1,en_binary_sst2,en,1027,matched_all_real,3.0,,0,,,840,1120,496,624,0.9234803235106054,0.9790348467322152,,completed,1.1025258000008762,18,1,,,
Binary Matched-Size Augmentation Experiment,binary_matched_size_experiment,journal-matched-size-v1,en_binary_sst2,en,1027,matched_all_real,3.5,,0,,,980,1260,558,702,0.9237568128700828,0.9793190909967225,,completed,1.0719863999984227,15,1,,,
Binary Matched-Size Augmentation Experiment,binary_matched_size_experiment,journal-matched-size-v1,en_binary_sst2,en,1027,matched_all_real,4.0,,0,,,1120,1400,620,780,0.9262594962413853,0.9795880727459675,,completed,0.9821443000109866,13,1,,,
Binary Matched-Size Augmentation Experiment,binary_matched_size_experiment,journal-matched-size-v1,en_binary_sst2,en,1028,matched_all_real,0.5,,0,,,140,420,186,234,0.915825538119881,0.9767901323822376,,completed,0.8984312000102364,10,1,,,
Binary Matched-Size Augmentation Experiment,binary_matched_size_experiment,journal-matched-size-v1,en_binary_sst2,en,1028,matched_all_real,0.75,,0,,,210,490,217,273,0.917608047781836,0.9773172112974744,,completed,0.8482711000251584,11,1,,,
Binary Matched-Size Augmentation Experiment,binary_matched_size_experiment,journal-matched-size-v1,en_binary_sst2,en,1028,matched_all_real,1.0,,0,,,280,560,248,312,0.9193707139949701,0.9778614002956107,,completed,0.8528953999630176,14,1,,,
Binary Matched-Size Augmentation Experiment,binary_matched_size_experiment,journal-matched-size-v1,en_binary_sst2,en,1028,matched_all_real,1.25,,0,,,350,630,279,351,0.9217965221487043,0.9785554430949167,,completed,0.7852338000084274,10,1,,,
Binary Matched-Size Augmentation Experiment,binary_matched_size_experiment,journal-matched-size-v1,en_binary_sst2,en,1028,matched_all_real,1.5,,0,,,420,700,310,390,0.9225385326984203,0.9786624413598097,,completed,0.8446139000006951,12,1,,,
Binary Matched-Size Augmentation Experiment,binary_matched_size_experiment,journal-matched-size-v1,en_binary_sst2,en,1028,matched_all_real,1.75,,0,,,490,770,341,429,0.9234531312775272,0.9788808961506329,,completed,0.8164193999837153,15,1,,,
Binary Matched-Size Augmentation Experiment,binary_matched_size_experiment,journal-matched-size-v1,en_binary_sst2,en,1028,matched_all_real,2.0,,0,,,560,840,372,468,0.9229058555909553,0.9789643178458968,,completed,0.9819343999843113,16,1,,,
Binary Matched-Size Augmentation Experiment,binary_matched_size_experiment,journal-matched-size-v1,en_binary_sst2,en,1028,matched_all_real,2.5,,0,,,700,980,434,546,0.922884379697285,0.9790570175438595,,completed,0.9572839000029489,11,1,,,
Binary Matched-Size Augmentation Experiment,binary_matched_size_experiment,journal-matched-size-v1,en_binary_sst2,en,1028,matched_all_real,3.0,,0,,,840,1120,496,624,0.9246862002366778,0.9790962582738898,,completed,1.0816860999912024,17,1,,,
Binary Matched-Size Augmentation Experiment,binary_matched_size_experiment,journal-matched-size-v1,en_binary_sst2,en,1028,matched_all_real,3.5,,0,,,980,1260,558,702,0.9247150088344676,0.9792657123578176,,completed,0.9304107000352815,15,1,,,
Binary Matched-Size Augmentation Experiment,binary_matched_size_experiment,journal-matched-size-v1,en_binary_sst2,en,1028,matched_all_real,4.0,,0,,,1120,1400,620,780,0.9262594962413853,0.9795880727459675,,completed,1.1463649999932386,13,1,,,
Binary Matched-Size Augmentation Experiment,binary_matched_size_experiment,journal-matched-size-v1,en_binary_sst2,en,1029,matched_all_real,0.5,,0,,,140,420,186,234,0.9204211900707604,0.9776693335903863,,completed,0.9276037000236101,11,1,,,
Binary Matched-Size Augmentation Experiment,binary_matched_size_experiment,journal-matched-size-v1,en_binary_sst2,en,1029,matched_all_real,0.75,,0,,,210,490,217,273,0.9208323362558515,0.9776569227556069,,completed,0.9080852000042796,11,1,,,
Binary Matched-Size Augmentation Experiment,binary_matched_size_experiment,journal-matched-size-v1,en_binary_sst2,en,1029,matched_all_real,1.0,,0,,,280,560,248,312,0.9196684719355382,0.9774628879892038,,completed,0.9348189999582246,11,1,,,
Binary Matched-Size Augmentation Experiment,binary_matched_size_experiment,journal-matched-size-v1,en_binary_sst2,en,1029,matched_all_real,1.25,,0,,,350,630,279,351,0.9234024074313923,0.9780801362380309,,completed,0.8288558999774978,10,1,,,
Binary Matched-Size Augmentation Experiment,binary_matched_size_experiment,journal-matched-size-v1,en_binary_sst2,en,1029,matched_all_real,1.5,,0,,,420,700,310,390,0.9221244366096446,0.9781468093310198,,completed,0.8035124000161886,10,1,,,
Binary Matched-Size Augmentation Experiment,binary_matched_size_experiment,journal-matched-size-v1,en_binary_sst2,en,1029,matched_all_real,1.75,,0,,,490,770,341,429,0.9229058555909553,0.9786119545659019,,completed,0.9082234999514185,13,1,,,
Binary Matched-Size Augmentation Experiment,binary_matched_size_experiment,journal-matched-size-v1,en_binary_sst2,en,1029,matched_all_real,2.0,,0,,,560,840,372,468,0.9232165593600119,0.9786777842041001,,completed,0.9357674000202678,11,1,,,
Binary Matched-Size Augmentation Experiment,binary_matched_size_experiment,journal-matched-size-v1,en_binary_sst2,en,1029,matched_all_real,2.5,,0,,,700,980,434,546,0.922836357642755,0.9788043024227234,,completed,0.9072088000248186,13,1,,,
Binary Matched-Size Augmentation Experiment,binary_matched_size_experiment,journal-matched-size-v1,en_binary_sst2,en,1029,matched_all_real,3.0,,0,,,840,1120,496,624,0.9228278767133044,0.9788779641411219,,completed,0.9876001999946311,11,1,,,
Binary Matched-Size Augmentation Experiment,binary_matched_size_experiment,journal-matched-size-v1,en_binary_sst2,en,1029,matched_all_real,3.5,,0,,,980,1260,558,702,0.9239898822939588,0.9793124236874237,,completed,1.0637321000103839,15,1,,,
Binary Matched-Size Augmentation Experiment,binary_matched_size_experiment,journal-matched-size-v1,en_binary_sst2,en,1029,matched_all_real,4.0,,0,,,1120,1400,620,780,0.9262594962413853,0.9795880727459675,,completed,1.0023744000354782,13,1,,,
Binary Matched-Size Augmentation Experiment,binary_matched_size_experiment,journal-matched-size-v1,en_binary_sst2,en,1030,matched_all_real,0.5,,0,,,140,420,186,234,0.9146240652866562,0.9769190604716921,,completed,0.9554056000197306,15,1,,,
Binary Matched-Size Augmentation Experiment,binary_matched_size_experiment,journal-matched-size-v1,en_binary_sst2,en,1030,matched_all_real,0.75,,0,,,210,490,217,273,0.9193287550608776,0.977841679519311,,completed,0.7741703999927267,11,1,,,
Binary Matched-Size Augmentation Experiment,binary_matched_size_experiment,journal-matched-size-v1,en_binary_sst2,en,1030,matched_all_real,1.0,,0,,,280,560,248,312,0.9224436146858461,0.9785484544695071,,completed,0.9274569000117481,13,1,,,
Binary Matched-Size Augmentation Experiment,binary_matched_size_experiment,journal-matched-size-v1,en_binary_sst2,en,1030,matched_all_real,1.25,,0,,,350,630,279,351,0.92297506096277,0.9786760972945183,,completed,0.8508697000215761,12,1,,,
Binary Matched-Size Augmentation Experiment,binary_matched_size_experiment,journal-matched-size-v1,en_binary_sst2,en,1030,matched_all_real,1.5,,0,,,420,700,310,390,0.922918293551294,0.978540983869931,,completed,0.8927966000046581,12,1,,,
Binary Matched-Size Augmentation Experiment,binary_matched_size_experiment,journal-matched-size-v1,en_binary_sst2,en,1030,matched_all_real,1.75,,0,,,490,770,341,429,0.92515821970204,0.9791531713900137,,completed,0.8028028999688104,12,1,,,
Binary Matched-Size Augmentation Experiment,binary_matched_size_experiment,journal-matched-size-v1,en_binary_sst2,en,1030,matched_all_real,2.0,,0,,,560,840,372,468,0.9248581250960426,0.9791111191440139,,completed,0.8832403999986127,15,1,,,
Binary Matched-Size Augmentation Experiment,binary_matched_size_experiment,journal-matched-size-v1,en_binary_sst2,en,1030,matched_all_real,2.5,,0,,,700,980,434,546,0.926538571544145,0.9794734432234431,,completed,0.97682610002812,12,1,,,
Binary Matched-Size Augmentation Experiment,binary_matched_size_experiment,journal-matched-size-v1,en_binary_sst2,en,1030,matched_all_real,3.0,,0,,,840,1120,496,624,0.9258904600169215,0.9796765150054625,,completed,0.9252468000049703,10,1,,,
Binary Matched-Size Augmentation Experiment,binary_matched_size_experiment,journal-matched-size-v1,en_binary_sst2,en,1030,matched_all_real,3.5,,0,,,980,1260,558,702,0.9253855916428297,0.9797349142085985,,completed,0.9475298000033945,11,1,,,
Binary Matched-Size Augmentation Experiment,binary_matched_size_experiment,journal-matched-size-v1,en_binary_sst2,en,1030,matched_all_real,4.0,,0,,,1120,1400,620,780,0.9262594962413853,0.9795880727459675,,completed,1.0879012000514194,13,1,,,
Binary Matched-Size Augmentation Experiment,binary_matched_size_experiment,journal-matched-size-v1,en_binary_sst2,en,1031,matched_all_real,0.5,,0,,,140,420,186,234,0.9060105683009675,0.9751274821669558,,completed,0.8862544999574311,12,1,,,
Binary Matched-Size Augmentation Experiment,binary_matched_size_experiment,journal-matched-size-v1,en_binary_sst2,en,1031,matched_all_real,0.75,,0,,,210,490,217,273,0.9055018667504144,0.9751992159886897,,completed,0.7951145999832079,14,1,,,
Binary Matched-Size Augmentation Experiment,binary_matched_size_experiment,journal-matched-size-v1,en_binary_sst2,en,1031,matched_all_real,1.0,,0,,,280,560,248,312,0.9063816380830575,0.9764731138744296,,completed,0.8754992000176571,11,1,,,
Binary Matched-Size Augmentation Experiment,binary_matched_size_experiment,journal-matched-size-v1,en_binary_sst2,en,1031,matched_all_real,1.25,,0,,,350,630,279,351,0.9091924646845198,0.9766253373819165,,completed,0.8599478999967687,14,1,,,
Binary Matched-Size Augmentation Experiment,binary_matched_size_experiment,journal-matched-size-v1,en_binary_sst2,en,1031,matched_all_real,1.5,,0,,,420,700,310,390,0.9134805416001293,0.9774388696099221,,completed,0.798012999992352,13,1,,,
Binary Matched-Size Augmentation Experiment,binary_matched_size_experiment,journal-matched-size-v1,en_binary_sst2,en,1031,matched_all_real,1.75,,0,,,490,770,341,429,0.9149574030008399,0.9780466390334812,,completed,0.8475047999527305,12,1,,,
Binary Matched-Size Augmentation Experiment,binary_matched_size_experiment,journal-matched-size-v1,en_binary_sst2,en,1031,matched_all_real,2.0,,0,,,560,840,372,468,0.9164682170130112,0.9782390270548166,,completed,0.8804038999951445,10,1,,,
Binary Matched-Size Augmentation Experiment,binary_matched_size_experiment,journal-matched-size-v1,en_binary_sst2,en,1031,matched_all_real,2.5,,0,,,700,980,434,546,0.919588070250267,0.9790408714092925,,completed,1.0284431999898516,12,1,,,
Binary Matched-Size Augmentation Experiment,binary_matched_size_experiment,journal-matched-size-v1,en_binary_sst2,en,1031,matched_all_real,3.0,,0,,,840,1120,496,624,0.9220544515864709,0.9794538831051989,,completed,0.9812572000082582,12,1,,,
Binary Matched-Size Augmentation Experiment,binary_matched_size_experiment,journal-matched-size-v1,en_binary_sst2,en,1031,matched_all_real,3.5,,0,,,980,1260,558,702,0.9253556597631107,0.9796330168369642,,completed,1.021146500017494,13,1,,,
Binary Matched-Size Augmentation Experiment,binary_matched_size_experiment,journal-matched-size-v1,en_binary_sst2,en,1031,matched_all_real,4.0,,0,,,1120,1400,620,780,0.9262594962413853,0.9795880727459675,,completed,1.1102594999829307,13,1,,,
Binary Matched-Size Augmentation Experiment,binary_matched_size_experiment,journal-matched-size-v1,en_binary_sst2,en,1032,matched_all_real,0.5,,0,,,140,420,186,234,0.9156765528951267,0.9770354973973396,,completed,0.7314081000513397,10,1,,,
Binary Matched-Size Augmentation Experiment,binary_matched_size_experiment,journal-matched-size-v1,en_binary_sst2,en,1032,matched_all_real,0.75,,0,,,210,490,217,273,0.9136582173218704,0.976792743075638,,completed,0.7877709000022151,11,1,,,
Binary Matched-Size Augmentation Experiment,binary_matched_size_experiment,journal-matched-size-v1,en_binary_sst2,en,1032,matched_all_real,1.0,,0,,,280,560,248,312,0.9146971205211304,0.9772310584152688,,completed,0.7577875999850221,11,1,,,
Binary Matched-Size Augmentation Experiment,binary_matched_size_experiment,journal-matched-size-v1,en_binary_sst2,en,1032,matched_all_real,1.25,,0,,,350,630,279,351,0.9168872545835272,0.9777302631578947,,completed,0.8527283999719657,10,1,,,
Binary Matched-Size Augmentation Experiment,binary_matched_size_experiment,journal-matched-size-v1,en_binary_sst2,en,1032,matched_all_real,1.5,,0,,,420,700,310,390,0.9192772362632867,0.9784062720904826,,completed,1.0058271999587305,10,1,,,
Binary Matched-Size Augmentation Experiment,binary_matched_size_experiment,journal-matched-size-v1,en_binary_sst2,en,1032,matched_all_real,1.75,,0,,,490,770,341,429,0.9209316607241731,0.9786551715828031,,completed,0.9396151999826543,12,1,,,
Binary Matched-Size Augmentation Experiment,binary_matched_size_experiment,journal-matched-size-v1,en_binary_sst2,en,1032,matched_all_real,2.0,,0,,,560,840,372,468,0.9227415906712824,0.9791330891330894,,completed,0.8477993999840692,10,1,,,
Binary Matched-Size Augmentation Experiment,binary_matched_size_experiment,journal-matched-size-v1,en_binary_sst2,en,1032,matched_all_real,2.5,,0,,,700,980,434,546,0.9242055809493777,0.9793371248634407,,completed,1.0149146000039764,11,1,,,
Binary Matched-Size Augmentation Experiment,binary_matched_size_experiment,journal-matched-size-v1,en_binary_sst2,en,1032,matched_all_real,3.0,,0,,,840,1120,496,624,0.9230959033633941,0.9791486729644624,,completed,1.0277165999868885,16,1,,,
Binary Matched-Size Augmentation Experiment,binary_matched_size_experiment,journal-matched-size-v1,en_binary_sst2,en,1032,matched_all_real,3.5,,0,,,980,1260,558,702,0.9241104692820827,0.9791616059379218,,completed,1.071398500003852,17,1,,,
Binary Matched-Size Augmentation Experiment,binary_matched_size_experiment,journal-matched-size-v1,en_binary_sst2,en,1032,matched_all_real,4.0,,0,,,1120,1400,620,780,0.9262594962413853,0.9795880727459675,,completed,1.032781400019303,13,1,,,
Binary Matched-Size Augmentation Experiment,binary_matched_size_experiment,journal-matched-size-v1,en_binary_sst2,en,1033,matched_all_real,0.5,,0,,,140,420,186,234,0.9163431014831092,0.9779467498875394,,completed,0.8235459999996237,15,1,,,
Binary Matched-Size Augmentation Experiment,binary_matched_size_experiment,journal-matched-size-v1,en_binary_sst2,en,1033,matched_all_real,0.75,,0,,,210,490,217,273,0.9162062211665727,0.9773559700533385,,completed,0.933824600011576,17,1,,,
Binary Matched-Size Augmentation Experiment,binary_matched_size_experiment,journal-matched-size-v1,en_binary_sst2,en,1033,matched_all_real,1.0,,0,,,280,560,248,312,0.9146293326849723,0.9768911461345672,,completed,0.8938433000002988,22,1,,,
Binary Matched-Size Augmentation Experiment,binary_matched_size_experiment,journal-matched-size-v1,en_binary_sst2,en,1033,matched_all_real,1.25,,0,,,350,630,279,351,0.9146659925266143,0.9774254144977829,,completed,0.8631629999727011,17,1,,,
Binary Matched-Size Augmentation Experiment,binary_matched_size_experiment,journal-matched-size-v1,en_binary_sst2,en,1033,matched_all_real,1.5,,0,,,420,700,310,390,0.9184954170646638,0.9781037931366879,,completed,0.8912354999920353,22,1,,,
Binary Matched-Size Augmentation Experiment,binary_matched_size_experiment,journal-matched-size-v1,en_binary_sst2,en,1033,matched_all_real,1.75,,0,,,490,770,341,429,0.9197784859081806,0.9784426209755156,,completed,0.881170500011649,22,1,,,
Binary Matched-Size Augmentation Experiment,binary_matched_size_experiment,journal-matched-size-v1,en_binary_sst2,en,1033,matched_all_real,2.0,,0,,,560,840,372,468,0.9213700987292373,0.9787059796928219,,completed,1.0130892000161111,20,1,,,
Binary Matched-Size Augmentation Experiment,binary_matched_size_experiment,journal-matched-size-v1,en_binary_sst2,en,1033,matched_all_real,2.5,,0,,,700,980,434,546,0.9220879558485319,0.9788665975837029,,completed,1.0382586999912746,21,1,,,
Binary Matched-Size Augmentation Experiment,binary_matched_size_experiment,journal-matched-size-v1,en_binary_sst2,en,1033,matched_all_real,3.0,,0,,,840,1120,496,624,0.9217989293252347,0.9789764475290791,,completed,1.053284999972675,17,1,,,
Binary Matched-Size Augmentation Experiment,binary_matched_size_experiment,journal-matched-size-v1,en_binary_sst2,en,1033,matched_all_real,3.5,,0,,,980,1260,558,702,0.9240068937061073,0.9792613344258082,,completed,1.1198563000070862,17,1,,,
Binary Matched-Size Augmentation Experiment,binary_matched_size_experiment,journal-matched-size-v1,en_binary_sst2,en,1033,matched_all_real,4.0,,0,,,1120,1400,620,780,0.9262594962413853,0.9795880727459675,,completed,1.0681442999630235,13,1,,,
Binary Matched-Size Augmentation Experiment,binary_matched_size_experiment,journal-matched-size-v1,en_binary_sst2,en,1034,matched_all_real,0.5,,0,,,140,420,186,234,0.914884789337213,0.9770680306535571,,completed,0.8262336000334471,12,1,,,
Binary Matched-Size Augmentation Experiment,binary_matched_size_experiment,journal-matched-size-v1,en_binary_sst2,en,1034,matched_all_real,0.75,,0,,,210,490,217,273,0.9183616833627047,0.977715321958743,,completed,0.8040620000101626,12,1,,,
Binary Matched-Size Augmentation Experiment,binary_matched_size_experiment,journal-matched-size-v1,en_binary_sst2,en,1034,matched_all_real,1.0,,0,,,280,560,248,312,0.9190717861974471,0.9784254707281024,,completed,0.8432857999578118,13,1,,,
Binary Matched-Size Augmentation Experiment,binary_matched_size_experiment,journal-matched-size-v1,en_binary_sst2,en,1034,matched_all_real,1.25,,0,,,350,630,279,351,0.9193155506998782,0.9786775030525031,,completed,0.8406247000093572,18,1,,,
Binary Matched-Size Augmentation Experiment,binary_matched_size_experiment,journal-matched-size-v1,en_binary_sst2,en,1034,matched_all_real,1.5,,0,,,420,700,310,390,0.9204784799382969,0.9787001156737999,,completed,0.937442300026305,15,1,,,
Binary Matched-Size Augmentation Experiment,binary_matched_size_experiment,journal-matched-size-v1,en_binary_sst2,en,1034,matched_all_real,1.75,,0,,,490,770,341,429,0.9196411271404353,0.978573436797121,,completed,0.8819899999652989,16,1,,,
Binary Matched-Size Augmentation Experiment,binary_matched_size_experiment,journal-matched-size-v1,en_binary_sst2,en,1034,matched_all_real,2.0,,0,,,560,840,372,468,0.9186793535626034,0.9785707457746932,,completed,0.8762057999847457,17,1,,,
Binary Matched-Size Augmentation Experiment,binary_matched_size_experiment,journal-matched-size-v1,en_binary_sst2,en,1034,matched_all_real,2.5,,0,,,700,980,434,546,0.9196171167530401,0.9787851439496176,,completed,0.8694352000020444,14,1,,,
Binary Matched-Size Augmentation Experiment,binary_matched_size_experiment,journal-matched-size-v1,en_binary_sst2,en,1034,matched_all_real,3.0,,0,,,840,1120,496,624,0.9216132486264902,0.9792938275175118,,completed,0.8880842999788001,13,1,,,
Binary Matched-Size Augmentation Experiment,binary_matched_size_experiment,journal-matched-size-v1,en_binary_sst2,en,1034,matched_all_real,3.5,,0,,,980,1260,558,702,0.9231764670895273,0.9794796285585758,,completed,1.0685587999760173,18,1,,,
Binary Matched-Size Augmentation Experiment,binary_matched_size_experiment,journal-matched-size-v1,en_binary_sst2,en,1034,matched_all_real,4.0,,0,,,1120,1400,620,780,0.9262594962413853,0.9795880727459675,,completed,1.0370464000152424,13,1,,,
Binary Matched-Size Augmentation Experiment,binary_matched_size_experiment,journal-matched-size-v1,en_binary_sst2,en,1035,matched_all_real,0.5,,0,,,140,420,186,234,0.9171428421574408,0.9776314986183405,,completed,0.8423790999804623,17,1,,,
Binary Matched-Size Augmentation Experiment,binary_matched_size_experiment,journal-matched-size-v1,en_binary_sst2,en,1035,matched_all_real,0.75,,0,,,210,490,217,273,0.9150028274604174,0.9778794341623288,,completed,0.9907170999795198,17,1,,,
Binary Matched-Size Augmentation Experiment,binary_matched_size_experiment,journal-matched-size-v1,en_binary_sst2,en,1035,matched_all_real,1.0,,0,,,280,560,248,312,0.9163585732168003,0.9781692211297472,,completed,0.9528326999861747,17,1,,,
Binary Matched-Size Augmentation Experiment,binary_matched_size_experiment,journal-matched-size-v1,en_binary_sst2,en,1035,matched_all_real,1.25,,0,,,350,630,279,351,0.9202933441416365,0.978588538654328,,completed,0.9339101000223309,17,1,,,
Binary Matched-Size Augmentation Experiment,binary_matched_size_experiment,journal-matched-size-v1,en_binary_sst2,en,1035,matched_all_real,1.5,,0,,,420,700,310,390,0.922335501791762,0.9784556744425167,,completed,0.9350712999585085,15,1,,,
Binary Matched-Size Augmentation Experiment,binary_matched_size_experiment,journal-matched-size-v1,en_binary_sst2,en,1035,matched_all_real,1.75,,0,,,490,770,341,429,0.9227107542376083,0.9787642584024163,,completed,0.9081454999977723,18,1,,,
Binary Matched-Size Augmentation Experiment,binary_matched_size_experiment,journal-matched-size-v1,en_binary_sst2,en,1035,matched_all_real,2.0,,0,,,560,840,372,468,0.9233507239905625,0.978942187198766,,completed,0.9326029000221752,17,1,,,
Binary Matched-Size Augmentation Experiment,binary_matched_size_experiment,journal-matched-size-v1,en_binary_sst2,en,1035,matched_all_real,2.5,,0,,,700,980,434,546,0.9241970979576053,0.9793978134438661,,completed,1.0022225999855436,14,1,,,
Binary Matched-Size Augmentation Experiment,binary_matched_size_experiment,journal-matched-size-v1,en_binary_sst2,en,1035,matched_all_real,3.0,,0,,,840,1120,496,624,0.9248394590300777,0.9793378478246899,,completed,0.8591480000177398,13,1,,,
Binary Matched-Size Augmentation Experiment,binary_matched_size_experiment,journal-matched-size-v1,en_binary_sst2,en,1035,matched_all_real,3.5,,0,,,980,1260,558,702,0.9257951514161267,0.979489709851552,,completed,1.2047029999666847,17,1,,,
Binary Matched-Size Augmentation Experiment,binary_matched_size_experiment,journal-matched-size-v1,en_binary_sst2,en,1035,matched_all_real,4.0,,0,,,1120,1400,620,780,0.9262594962413853,0.9795880727459675,,completed,1.0569125000038184,13,1,,,
Binary Matched-Size Augmentation Experiment,binary_matched_size_experiment,journal-matched-size-v1,en_binary_sst2,en,1036,matched_all_real,0.5,,0,,,140,420,186,234,0.9098629961285045,0.9763016917293234,,completed,0.9054068999830633,13,1,,,
Binary Matched-Size Augmentation Experiment,binary_matched_size_experiment,journal-matched-size-v1,en_binary_sst2,en,1036,matched_all_real,0.75,,0,,,210,490,217,273,0.9127329223504348,0.9769982648930017,,completed,0.8272058999864385,17,1,,,
Binary Matched-Size Augmentation Experiment,binary_matched_size_experiment,journal-matched-size-v1,en_binary_sst2,en,1036,matched_all_real,1.0,,0,,,280,560,248,312,0.9160392477966348,0.9776929904890431,,completed,0.84510879998561,16,1,,,
Binary Matched-Size Augmentation Experiment,binary_matched_size_experiment,journal-matched-size-v1,en_binary_sst2,en,1036,matched_all_real,1.25,,0,,,350,630,279,351,0.9163744376045608,0.9780763206092153,,completed,0.7806445999885909,15,1,,,
Binary Matched-Size Augmentation Experiment,binary_matched_size_experiment,journal-matched-size-v1,en_binary_sst2,en,1036,matched_all_real,1.5,,0,,,420,700,310,390,0.9178177186705145,0.9785676531071268,,completed,1.0001359999878332,22,1,,,
Binary Matched-Size Augmentation Experiment,binary_matched_size_experiment,journal-matched-size-v1,en_binary_sst2,en,1036,matched_all_real,1.75,,0,,,490,770,341,429,0.9198520026882244,0.9790103062142537,,completed,0.8248912999988534,17,1,,,
Binary Matched-Size Augmentation Experiment,binary_matched_size_experiment,journal-matched-size-v1,en_binary_sst2,en,1036,matched_all_real,2.0,,0,,,560,840,372,468,0.9201842856498916,0.9789723909131804,,completed,0.9730397000093944,20,1,,,
Binary Matched-Size Augmentation Experiment,binary_matched_size_experiment,journal-matched-size-v1,en_binary_sst2,en,1036,matched_all_real,2.5,,0,,,700,980,434,546,0.9206011384325558,0.9789986986697514,,completed,0.9130756999948062,15,1,,,
Binary Matched-Size Augmentation Experiment,binary_matched_size_experiment,journal-matched-size-v1,en_binary_sst2,en,1036,matched_all_real,3.0,,0,,,840,1120,496,624,0.9234477891721051,0.9793293329477539,,completed,1.0510266000055708,13,1,,,
Binary Matched-Size Augmentation Experiment,binary_matched_size_experiment,journal-matched-size-v1,en_binary_sst2,en,1036,matched_all_real,3.5,,0,,,980,1260,558,702,0.9237950207123404,0.9793843181672129,,completed,1.0321205999935046,13,1,,,
Binary Matched-Size Augmentation Experiment,binary_matched_size_experiment,journal-matched-size-v1,en_binary_sst2,en,1036,matched_all_real,4.0,,0,,,1120,1400,620,780,0.9262594962413853,0.9795880727459675,,completed,0.9662429000018165,13,1,,,
Binary Matched-Size Augmentation Experiment,binary_matched_size_experiment,journal-matched-size-v1,en_binary_sst2,en,1037,matched_all_real,0.5,,0,,,140,420,186,234,0.9129125280931292,0.9757251702975388,,completed,0.791029800020624,11,1,,,
Binary Matched-Size Augmentation Experiment,binary_matched_size_experiment,journal-matched-size-v1,en_binary_sst2,en,1037,matched_all_real,0.75,,0,,,210,490,217,273,0.915563903116055,0.9768541947818263,,completed,0.8706138000125065,10,1,,,
Binary Matched-Size Augmentation Experiment,binary_matched_size_experiment,journal-matched-size-v1,en_binary_sst2,en,1037,matched_all_real,1.0,,0,,,280,560,248,312,0.9187688570117686,0.9772284878863826,,completed,0.888285499997437,9,1,,,
Binary Matched-Size Augmentation Experiment,binary_matched_size_experiment,journal-matched-size-v1,en_binary_sst2,en,1037,matched_all_real,1.25,,0,,,350,630,279,351,0.9196602080128382,0.9776081630357946,,completed,0.8837438999908045,14,1,,,
Binary Matched-Size Augmentation Experiment,binary_matched_size_experiment,journal-matched-size-v1,en_binary_sst2,en,1037,matched_all_real,1.5,,0,,,420,700,310,390,0.9188225300077975,0.9775960735171261,,completed,0.9603715999983251,10,1,,,
Binary Matched-Size Augmentation Experiment,binary_matched_size_experiment,journal-matched-size-v1,en_binary_sst2,en,1037,matched_all_real,1.75,,0,,,490,770,341,429,0.9191301184634908,0.9779029705674444,,completed,0.8294747000327334,11,1,,,
Binary Matched-Size Augmentation Experiment,binary_matched_size_experiment,journal-matched-size-v1,en_binary_sst2,en,1037,matched_all_real,2.0,,0,,,560,840,372,468,0.9205205051352678,0.9780294084570401,,completed,0.96341049997136,14,1,,,
Binary Matched-Size Augmentation Experiment,binary_matched_size_experiment,journal-matched-size-v1,en_binary_sst2,en,1037,matched_all_real,2.5,,0,,,700,980,434,546,0.9234109279441223,0.9789237115223959,,completed,0.9574691000161693,12,1,,,
Binary Matched-Size Augmentation Experiment,binary_matched_size_experiment,journal-matched-size-v1,en_binary_sst2,en,1037,matched_all_real,3.0,,0,,,840,1120,496,624,0.9229398685996255,0.9787161413148255,,completed,1.0022138999775052,15,1,,,
Binary Matched-Size Augmentation Experiment,binary_matched_size_experiment,journal-matched-size-v1,en_binary_sst2,en,1037,matched_all_real,3.5,,0,,,980,1260,558,702,0.9247401106177606,0.9793894592249857,,completed,0.8913294000085443,11,1,,,
Binary Matched-Size Augmentation Experiment,binary_matched_size_experiment,journal-matched-size-v1,en_binary_sst2,en,1037,matched_all_real,4.0,,0,,,1120,1400,620,780,0.9262594962413853,0.9795880727459675,,completed,1.146871300006751,13,1,,,
Binary Matched-Size Augmentation Experiment,binary_matched_size_experiment,journal-matched-size-v1,en_binary_sst2,en,1038,matched_all_real,0.5,,0,,,140,420,186,234,0.9180136056647987,0.9774856211040419,,completed,0.7853094000020064,19,1,,,
Binary Matched-Size Augmentation Experiment,binary_matched_size_experiment,journal-matched-size-v1,en_binary_sst2,en,1038,matched_all_real,0.75,,0,,,210,490,217,273,0.9214907349188748,0.9782103094274146,,completed,0.8209264999604784,21,1,,,
Binary Matched-Size Augmentation Experiment,binary_matched_size_experiment,journal-matched-size-v1,en_binary_sst2,en,1038,matched_all_real,1.0,,0,,,280,560,248,312,0.9201425885533279,0.9783609665188612,,completed,0.8378146999748424,18,1,,,
Binary Matched-Size Augmentation Experiment,binary_matched_size_experiment,journal-matched-size-v1,en_binary_sst2,en,1038,matched_all_real,1.25,,0,,,350,630,279,351,0.9211220262966429,0.978489251976094,,completed,0.8081964000011794,17,1,,,
Binary Matched-Size Augmentation Experiment,binary_matched_size_experiment,journal-matched-size-v1,en_binary_sst2,en,1038,matched_all_real,1.5,,0,,,420,700,310,390,0.9206958950692252,0.9782351310969731,,completed,0.8026534999953583,19,1,,,
Binary Matched-Size Augmentation Experiment,binary_matched_size_experiment,journal-matched-size-v1,en_binary_sst2,en,1038,matched_all_real,1.75,,0,,,490,770,341,429,0.9218892878493168,0.9785161622003726,,completed,0.9174603999708779,18,1,,,
Binary Matched-Size Augmentation Experiment,binary_matched_size_experiment,journal-matched-size-v1,en_binary_sst2,en,1038,matched_all_real,2.0,,0,,,560,840,372,468,0.9236006472785414,0.9787938998136365,,completed,0.9780903999926522,13,1,,,
Binary Matched-Size Augmentation Experiment,binary_matched_size_experiment,journal-matched-size-v1,en_binary_sst2,en,1038,matched_all_real,2.5,,0,,,700,980,434,546,0.9239425542165947,0.978838964398175,,completed,1.0602452000021003,21,1,,,
Binary Matched-Size Augmentation Experiment,binary_matched_size_experiment,journal-matched-size-v1,en_binary_sst2,en,1038,matched_all_real,3.0,,0,,,840,1120,496,624,0.9245945398919366,0.9791399171004435,,completed,1.0723133999854326,18,1,,,
Binary Matched-Size Augmentation Experiment,binary_matched_size_experiment,journal-matched-size-v1,en_binary_sst2,en,1038,matched_all_real,3.5,,0,,,980,1260,558,702,0.9248227601412737,0.9793731122678491,,completed,1.11106840003049,16,1,,,
Binary Matched-Size Augmentation Experiment,binary_matched_size_experiment,journal-matched-size-v1,en_binary_sst2,en,1038,matched_all_real,4.0,,0,,,1120,1400,620,780,0.9262594962413853,0.9795880727459675,,completed,1.0567041000467725,13,1,,,
Binary Matched-Size Augmentation Experiment,binary_matched_size_experiment,journal-matched-size-v1,en_binary_sst2,en,1039,matched_all_real,0.5,,0,,,140,420,186,234,0.915318888331836,0.9769622373240795,,completed,0.7399891999666579,10,1,,,
Binary Matched-Size Augmentation Experiment,binary_matched_size_experiment,journal-matched-size-v1,en_binary_sst2,en,1039,matched_all_real,0.75,,0,,,210,490,217,273,0.9152342142714369,0.9772437102371313,,completed,0.8130083000287414,14,1,,,
Binary Matched-Size Augmentation Experiment,binary_matched_size_experiment,journal-matched-size-v1,en_binary_sst2,en,1039,matched_all_real,1.0,,0,,,280,560,248,312,0.9183211965920227,0.9782507952573742,,completed,0.8567291999934241,13,1,,,
Binary Matched-Size Augmentation Experiment,binary_matched_size_experiment,journal-matched-size-v1,en_binary_sst2,en,1039,matched_all_real,1.25,,0,,,350,630,279,351,0.9186432486205958,0.9781921149026412,,completed,0.9688339999993332,13,1,,,
Binary Matched-Size Augmentation Experiment,binary_matched_size_experiment,journal-matched-size-v1,en_binary_sst2,en,1039,matched_all_real,1.5,,0,,,420,700,310,390,0.9187232259777725,0.978439407814408,,completed,0.9977186999749392,11,1,,,
Binary Matched-Size Augmentation Experiment,binary_matched_size_experiment,journal-matched-size-v1,en_binary_sst2,en,1039,matched_all_real,1.75,,0,,,490,770,341,429,0.9180884029176708,0.978279794036373,,completed,0.9515913000213914,12,1,,,
Binary Matched-Size Augmentation Experiment,binary_matched_size_experiment,journal-matched-size-v1,en_binary_sst2,en,1039,matched_all_real,2.0,,0,,,560,840,372,468,0.919267732756504,0.9784069147227041,,completed,0.9487440999946557,12,1,,,
Binary Matched-Size Augmentation Experiment,binary_matched_size_experiment,journal-matched-size-v1,en_binary_sst2,en,1039,matched_all_real,2.5,,0,,,700,980,434,546,0.9201757687643921,0.9783666297153141,,completed,0.9434956000186503,13,1,,,
Binary Matched-Size Augmentation Experiment,binary_matched_size_experiment,journal-matched-size-v1,en_binary_sst2,en,1039,matched_all_real,3.0,,0,,,840,1120,496,624,0.9212843621059876,0.9788998136366557,,completed,1.0578056999947876,13,1,,,
Binary Matched-Size Augmentation Experiment,binary_matched_size_experiment,journal-matched-size-v1,en_binary_sst2,en,1039,matched_all_real,3.5,,0,,,980,1260,558,702,0.9227459688863044,0.9791591157380631,,completed,1.042508100043051,16,1,,,
Binary Matched-Size Augmentation Experiment,binary_matched_size_experiment,journal-matched-size-v1,en_binary_sst2,en,1039,matched_all_real,4.0,,0,,,1120,1400,620,780,0.9262594962413853,0.9795880727459675,,completed,1.08263810002245,13,1,,,
Binary Matched-Size Augmentation Experiment,binary_matched_size_experiment,journal-matched-size-v1,en_binary_sst2,en,1040,matched_all_real,0.5,,0,,,140,420,186,234,0.9127132073806241,0.9769374959835486,,completed,0.7988510000286624,12,1,,,
Binary Matched-Size Augmentation Experiment,binary_matched_size_experiment,journal-matched-size-v1,en_binary_sst2,en,1040,matched_all_real,0.75,,0,,,210,490,217,273,0.9119505675095315,0.9775595238095238,,completed,0.8802911000093445,10,1,,,
Binary Matched-Size Augmentation Experiment,binary_matched_size_experiment,journal-matched-size-v1,en_binary_sst2,en,1040,matched_all_real,1.0,,0,,,280,560,248,312,0.9166882628765339,0.9780010523102628,,completed,0.9560941999661736,15,1,,,
Binary Matched-Size Augmentation Experiment,binary_matched_size_experiment,journal-matched-size-v1,en_binary_sst2,en,1040,matched_all_real,1.25,,0,,,350,630,279,351,0.9185055775736695,0.9780569211490264,,completed,0.8848493999685161,19,1,,,
Binary Matched-Size Augmentation Experiment,binary_matched_size_experiment,journal-matched-size-v1,en_binary_sst2,en,1040,matched_all_real,1.5,,0,,,420,700,310,390,0.9210584943427682,0.9781893435511857,,completed,0.9932651999988593,22,1,,,
Binary Matched-Size Augmentation Experiment,binary_matched_size_experiment,journal-matched-size-v1,en_binary_sst2,en,1040,matched_all_real,1.75,,0,,,490,770,341,429,0.9225560645752315,0.9783851053916844,,completed,1.015450900013093,18,1,,,
Binary Matched-Size Augmentation Experiment,binary_matched_size_experiment,journal-matched-size-v1,en_binary_sst2,en,1040,matched_all_real,2.0,,0,,,560,840,372,468,0.9225936287152531,0.9787397982134824,,completed,0.9361643999582157,19,1,,,
Binary Matched-Size Augmentation Experiment,binary_matched_size_experiment,journal-matched-size-v1,en_binary_sst2,en,1040,matched_all_real,2.5,,0,,,700,980,434,546,0.9243915642254277,0.9792368340723604,,completed,1.025686200009659,21,1,,,
Binary Matched-Size Augmentation Experiment,binary_matched_size_experiment,journal-matched-size-v1,en_binary_sst2,en,1040,matched_all_real,3.0,,0,,,840,1120,496,624,0.9238082352027492,0.9794727202621938,,completed,0.9328972999937832,13,1,,,
Binary Matched-Size Augmentation Experiment,binary_matched_size_experiment,journal-matched-size-v1,en_binary_sst2,en,1040,matched_all_real,3.5,,0,,,980,1260,558,702,0.9235494295690858,0.9792940685045949,,completed,1.0145376999862492,16,1,,,
Binary Matched-Size Augmentation Experiment,binary_matched_size_experiment,journal-matched-size-v1,en_binary_sst2,en,1040,matched_all_real,4.0,,0,,,1120,1400,620,780,0.9262594962413853,0.9795880727459675,,completed,1.0608041000086814,13,1,,,
Binary Matched-Size Augmentation Experiment,binary_matched_size_experiment,journal-matched-size-v1,en_binary_sst2,en,1041,matched_all_real,0.5,,0,,,140,420,186,234,0.9159041331774858,0.9774794357689095,,completed,0.8724368000403047,12,1,,,
Binary Matched-Size Augmentation Experiment,binary_matched_size_experiment,journal-matched-size-v1,en_binary_sst2,en,1041,matched_all_real,0.75,,0,,,210,490,217,273,0.9154599334562981,0.9771194813957973,,completed,0.8891319999820553,11,1,,,
Binary Matched-Size Augmentation Experiment,binary_matched_size_experiment,journal-matched-size-v1,en_binary_sst2,en,1041,matched_all_real,1.0,,0,,,280,560,248,312,0.9177658315176407,0.9779275914144334,,completed,0.8326487999875098,10,1,,,
Binary Matched-Size Augmentation Experiment,binary_matched_size_experiment,journal-matched-size-v1,en_binary_sst2,en,1041,matched_all_real,1.25,,0,,,350,630,279,351,0.9198300387037841,0.9781399411991518,,completed,0.9350570000242442,12,1,,,
Binary Matched-Size Augmentation Experiment,binary_matched_size_experiment,journal-matched-size-v1,en_binary_sst2,en,1041,matched_all_real,1.5,,0,,,420,700,310,390,0.9184107575698657,0.9780683278709594,,completed,0.9533235999988392,15,1,,,
Binary Matched-Size Augmentation Experiment,binary_matched_size_experiment,journal-matched-size-v1,en_binary_sst2,en,1041,matched_all_real,1.75,,0,,,490,770,341,429,0.9203542085319405,0.9781447207762998,,completed,0.9369647999992594,10,1,,,
Binary Matched-Size Augmentation Experiment,binary_matched_size_experiment,journal-matched-size-v1,en_binary_sst2,en,1041,matched_all_real,2.0,,0,,,560,840,372,468,0.9215631030097595,0.9781680563588458,,completed,0.9800774999894202,14,1,,,
Binary Matched-Size Augmentation Experiment,binary_matched_size_experiment,journal-matched-size-v1,en_binary_sst2,en,1041,matched_all_real,2.5,,0,,,700,980,434,546,0.9216315059391009,0.978458204806889,,completed,0.9634310000110418,12,1,,,
Binary Matched-Size Augmentation Experiment,binary_matched_size_experiment,journal-matched-size-v1,en_binary_sst2,en,1041,matched_all_real,3.0,,0,,,840,1120,496,624,0.9234066710185883,0.9786677029111239,,completed,1.0308622000156902,11,1,,,
Binary Matched-Size Augmentation Experiment,binary_matched_size_experiment,journal-matched-size-v1,en_binary_sst2,en,1041,matched_all_real,3.5,,0,,,980,1260,558,702,0.9232251600036878,0.9790402689415847,,completed,1.017616499972064,13,1,,,
Binary Matched-Size Augmentation Experiment,binary_matched_size_experiment,journal-matched-size-v1,en_binary_sst2,en,1041,matched_all_real,4.0,,0,,,1120,1400,620,780,0.9262594962413853,0.9795880727459675,,completed,1.098729999968782,13,1,,,
Binary Matched-Size Augmentation Experiment,binary_matched_size_experiment,journal-matched-size-v1,en_binary_sst2,en,1042,matched_all_real,0.5,,0,,,140,420,186,234,0.9194375830775356,0.9778163357110724,,completed,0.7592015999834985,11,1,,,
Binary Matched-Size Augmentation Experiment,binary_matched_size_experiment,journal-matched-size-v1,en_binary_sst2,en,1042,matched_all_real,0.75,,0,,,210,490,217,273,0.9185396726716988,0.9775203232440075,,completed,0.7874907000223175,15,1,,,
Binary Matched-Size Augmentation Experiment,binary_matched_size_experiment,journal-matched-size-v1,en_binary_sst2,en,1042,matched_all_real,1.0,,0,,,280,560,248,312,0.9196730648353151,0.9778099495533705,,completed,0.782419299997855,11,1,,,
Binary Matched-Size Augmentation Experiment,binary_matched_size_experiment,journal-matched-size-v1,en_binary_sst2,en,1042,matched_all_real,1.25,,0,,,350,630,279,351,0.9196638720130725,0.977896102435576,,completed,0.7891065999865532,13,1,,,
Binary Matched-Size Augmentation Experiment,binary_matched_size_experiment,journal-matched-size-v1,en_binary_sst2,en,1042,matched_all_real,1.5,,0,,,420,700,310,390,0.9217944481056337,0.9784721820577084,,completed,0.9162641000002623,13,1,,,
Binary Matched-Size Augmentation Experiment,binary_matched_size_experiment,journal-matched-size-v1,en_binary_sst2,en,1042,matched_all_real,1.75,,0,,,490,770,341,429,0.9233550676861496,0.9788263929053403,,completed,0.9055538999964483,15,1,,,
Binary Matched-Size Augmentation Experiment,binary_matched_size_experiment,journal-matched-size-v1,en_binary_sst2,en,1042,matched_all_real,2.0,,0,,,560,840,372,468,0.9220419685967884,0.9789931961313542,,completed,0.8910393000114709,12,1,,,
Binary Matched-Size Augmentation Experiment,binary_matched_size_experiment,journal-matched-size-v1,en_binary_sst2,en,1042,matched_all_real,2.5,,0,,,700,980,434,546,0.9245987750926721,0.9793424265792687,,completed,0.8388809000025503,10,1,,,
Binary Matched-Size Augmentation Experiment,binary_matched_size_experiment,journal-matched-size-v1,en_binary_sst2,en,1042,matched_all_real,3.0,,0,,,840,1120,496,624,0.92412733911679,0.9794196227748858,,completed,0.9208144000149332,14,1,,,
Binary Matched-Size Augmentation Experiment,binary_matched_size_experiment,journal-matched-size-v1,en_binary_sst2,en,1042,matched_all_real,3.5,,0,,,980,1260,558,702,0.9240934937978842,0.9794986263736263,,completed,1.0127561999834143,15,1,,,
Binary Matched-Size Augmentation Experiment,binary_matched_size_experiment,journal-matched-size-v1,en_binary_sst2,en,1042,matched_all_real,4.0,,0,,,1120,1400,620,780,0.9262594962413853,0.9795880727459675,,completed,1.025544699979946,13,1,,,
Binary Matched-Size Augmentation Experiment,binary_matched_size_experiment,journal-matched-size-v1,en_binary_sst2,en,1043,matched_all_real,0.5,,0,,,140,420,186,234,0.9180686853790936,0.9777083734978472,,completed,0.9352875999757089,11,1,,,
Binary Matched-Size Augmentation Experiment,binary_matched_size_experiment,journal-matched-size-v1,en_binary_sst2,en,1043,matched_all_real,0.75,,0,,,210,490,217,273,0.9198520026882244,0.9777513896921792,,completed,0.8469068999984302,11,1,,,
Binary Matched-Size Augmentation Experiment,binary_matched_size_experiment,journal-matched-size-v1,en_binary_sst2,en,1043,matched_all_real,1.0,,0,,,280,560,248,312,0.9186891532068204,0.9773127932009511,,completed,0.8841452000197023,14,1,,,
Binary Matched-Size Augmentation Experiment,binary_matched_size_experiment,journal-matched-size-v1,en_binary_sst2,en,1043,matched_all_real,1.25,,0,,,350,630,279,351,0.9198397915365217,0.9774631691408006,,completed,0.796142500010319,11,1,,,
Binary Matched-Size Augmentation Experiment,binary_matched_size_experiment,journal-matched-size-v1,en_binary_sst2,en,1043,matched_all_real,1.5,,0,,,420,700,310,390,0.9186099504113873,0.9777524339695391,,completed,0.8894608000409789,11,1,,,
Binary Matched-Size Augmentation Experiment,binary_matched_size_experiment,journal-matched-size-v1,en_binary_sst2,en,1043,matched_all_real,1.75,,0,,,490,770,341,429,0.9204119805034592,0.9780510972945183,,completed,0.9266918000066653,13,1,,,
Binary Matched-Size Augmentation Experiment,binary_matched_size_experiment,journal-matched-size-v1,en_binary_sst2,en,1043,matched_all_real,2.0,,0,,,560,840,372,468,0.9222821576977488,0.9782593101343102,,completed,0.9045882999780588,14,1,,,
Binary Matched-Size Augmentation Experiment,binary_matched_size_experiment,journal-matched-size-v1,en_binary_sst2,en,1043,matched_all_real,2.5,,0,,,700,980,434,546,0.923428268046006,0.9788246658312448,,completed,0.907921299978625,12,1,,,
Binary Matched-Size Augmentation Experiment,binary_matched_size_experiment,journal-matched-size-v1,en_binary_sst2,en,1043,matched_all_real,3.0,,0,,,840,1120,496,624,0.923761133552713,0.9789589759655549,,completed,0.8674100000062026,15,1,,,
Binary Matched-Size Augmentation Experiment,binary_matched_size_experiment,journal-matched-size-v1,en_binary_sst2,en,1043,matched_all_real,3.5,,0,,,980,1260,558,702,0.9242708593660225,0.9792550285971339,,completed,1.0657489000004716,15,1,,,
Binary Matched-Size Augmentation Experiment,binary_matched_size_experiment,journal-matched-size-v1,en_binary_sst2,en,1043,matched_all_real,4.0,,0,,,1120,1400,620,780,0.9262594962413853,0.9795880727459675,,completed,0.9559404999599792,13,1,,,
Binary Matched-Size Augmentation Experiment,binary_matched_size_experiment,journal-matched-size-v1,en_binary_sst2,en,1044,matched_all_real,0.5,,0,,,140,420,186,234,0.9158673554637375,0.9771421341816079,,completed,0.7205716000171378,11,1,,,
Binary Matched-Size Augmentation Experiment,binary_matched_size_experiment,journal-matched-size-v1,en_binary_sst2,en,1044,matched_all_real,0.75,,0,,,210,490,217,273,0.9167712580130631,0.9777510683760682,,completed,0.7195629000198096,10,1,,,
Binary Matched-Size Augmentation Experiment,binary_matched_size_experiment,journal-matched-size-v1,en_binary_sst2,en,1044,matched_all_real,1.0,,0,,,280,560,248,312,0.9187590050364969,0.9779961924040871,,completed,0.6909818999702111,11,1,,,
Binary Matched-Size Augmentation Experiment,binary_matched_size_experiment,journal-matched-size-v1,en_binary_sst2,en,1044,matched_all_real,1.25,,0,,,350,630,279,351,0.9227967950440844,0.9786782260137523,,completed,0.7918624000158161,12,1,,,
Binary Matched-Size Augmentation Experiment,binary_matched_size_experiment,journal-matched-size-v1,en_binary_sst2,en,1044,matched_all_real,1.5,,0,,,420,700,310,390,0.9233201306825154,0.9788141025641024,,completed,0.9187327999970876,16,1,,,
Binary Matched-Size Augmentation Experiment,binary_matched_size_experiment,journal-matched-size-v1,en_binary_sst2,en,1044,matched_all_real,1.75,,0,,,490,770,341,429,0.9240462653411341,0.9789399379859907,,completed,0.8708635999937542,15,1,,,
Binary Matched-Size Augmentation Experiment,binary_matched_size_experiment,journal-matched-size-v1,en_binary_sst2,en,1044,matched_all_real,2.0,,0,,,560,840,372,468,0.925431482731223,0.9791878333654649,,completed,0.9353651000419632,15,1,,,
Binary Matched-Size Augmentation Experiment,binary_matched_size_experiment,journal-matched-size-v1,en_binary_sst2,en,1044,matched_all_real,2.5,,0,,,700,980,434,546,0.9239117947594359,0.9792150649058542,,completed,0.9261607999796979,13,1,,,
Binary Matched-Size Augmentation Experiment,binary_matched_size_experiment,journal-matched-size-v1,en_binary_sst2,en,1044,matched_all_real,3.0,,0,,,840,1120,496,624,0.9245859524429267,0.9793329075894865,,completed,0.9169305999530479,12,1,,,
Binary Matched-Size Augmentation Experiment,binary_matched_size_experiment,journal-matched-size-v1,en_binary_sst2,en,1044,matched_all_real,3.5,,0,,,980,1260,558,702,0.9241714904721536,0.9793199746160273,,completed,1.0026716000284068,16,1,,,
Binary Matched-Size Augmentation Experiment,binary_matched_size_experiment,journal-matched-size-v1,en_binary_sst2,en,1044,matched_all_real,4.0,,0,,,1120,1400,620,780,0.9262594962413853,0.9795880727459675,,completed,0.9410229000495747,13,1,,,
Binary Matched-Size Augmentation Experiment,binary_matched_size_experiment,journal-matched-size-v1,en_binary_sst2,en,1045,matched_all_real,0.5,,0,,,140,420,186,234,0.9204406485730611,0.9774089470471049,,completed,0.7603872999898158,12,1,,,
Binary Matched-Size Augmentation Experiment,binary_matched_size_experiment,journal-matched-size-v1,en_binary_sst2,en,1045,matched_all_real,0.75,,0,,,210,490,217,273,0.9175811458778855,0.9774881916329285,,completed,0.8061110999551602,12,1,,,
Binary Matched-Size Augmentation Experiment,binary_matched_size_experiment,journal-matched-size-v1,en_binary_sst2,en,1045,matched_all_real,1.0,,0,,,280,560,248,312,0.9171736360923621,0.9776610597005334,,completed,0.8501855000504293,14,1,,,
Binary Matched-Size Augmentation Experiment,binary_matched_size_experiment,journal-matched-size-v1,en_binary_sst2,en,1045,matched_all_real,1.25,,0,,,350,630,279,351,0.9171787426739538,0.9777972575669944,,completed,0.7298626999836415,12,1,,,
Binary Matched-Size Augmentation Experiment,binary_matched_size_experiment,journal-matched-size-v1,en_binary_sst2,en,1045,matched_all_real,1.5,,0,,,420,700,310,390,0.9197673057189079,0.9780333847439109,,completed,0.8825117999804206,10,1,,,
Binary Matched-Size Augmentation Experiment,binary_matched_size_experiment,journal-matched-size-v1,en_binary_sst2,en,1045,matched_all_real,1.75,,0,,,490,770,341,429,0.9202466961480116,0.9782403926482873,,completed,0.8444806000334211,11,1,,,
Binary Matched-Size Augmentation Experiment,binary_matched_size_experiment,journal-matched-size-v1,en_binary_sst2,en,1045,matched_all_real,2.0,,0,,,560,840,372,468,0.9218440551269664,0.9784608958293168,,completed,0.8863435999955982,11,1,,,
Binary Matched-Size Augmentation Experiment,binary_matched_size_experiment,journal-matched-size-v1,en_binary_sst2,en,1045,matched_all_real,2.5,,0,,,700,980,434,546,0.9236006472785414,0.9785426306149989,,completed,0.8816177999833599,13,1,,,
Binary Matched-Size Augmentation Experiment,binary_matched_size_experiment,journal-matched-size-v1,en_binary_sst2,en,1045,matched_all_real,3.0,,0,,,840,1120,496,624,0.9232031277017472,0.9786840097037465,,completed,0.9219283999991603,16,1,,,
Binary Matched-Size Augmentation Experiment,binary_matched_size_experiment,journal-matched-size-v1,en_binary_sst2,en,1045,matched_all_real,3.5,,0,,,980,1260,558,702,0.9261022827323724,0.9793302968960864,,completed,0.9373611000482924,15,1,,,
Binary Matched-Size Augmentation Experiment,binary_matched_size_experiment,journal-matched-size-v1,en_binary_sst2,en,1045,matched_all_real,4.0,,0,,,1120,1400,620,780,0.9262594962413853,0.9795880727459675,,completed,0.9238427000236697,13,1,,,
Binary Matched-Size Augmentation Experiment,binary_matched_size_experiment,journal-matched-size-v1,en_binary_sst2,en,1046,matched_all_real,0.5,,0,,,140,420,186,234,0.9149787498729506,0.9779473523552472,,completed,0.8085797000094317,11,1,,,
Binary Matched-Size Augmentation Experiment,binary_matched_size_experiment,journal-matched-size-v1,en_binary_sst2,en,1046,matched_all_real,0.75,,0,,,210,490,217,273,0.9194232655624864,0.9783789200565518,,completed,0.7412831999827176,11,1,,,
Binary Matched-Size Augmentation Experiment,binary_matched_size_experiment,journal-matched-size-v1,en_binary_sst2,en,1046,matched_all_real,1.0,,0,,,280,560,248,312,0.9200858634928346,0.9784463964398173,,completed,0.803873399971053,10,1,,,
Binary Matched-Size Augmentation Experiment,binary_matched_size_experiment,journal-matched-size-v1,en_binary_sst2,en,1046,matched_all_real,1.25,,0,,,350,630,279,351,0.9209591802961505,0.9782756570914465,,completed,0.8380052000284195,13,1,,,
Binary Matched-Size Augmentation Experiment,binary_matched_size_experiment,journal-matched-size-v1,en_binary_sst2,en,1046,matched_all_real,1.5,,0,,,420,700,310,390,0.9194142432615418,0.9783949858620911,,completed,0.7937351999571547,12,1,,,
Binary Matched-Size Augmentation Experiment,binary_matched_size_experiment,journal-matched-size-v1,en_binary_sst2,en,1046,matched_all_real,1.75,,0,,,490,770,341,429,0.9204258270710292,0.9785905870445344,,completed,0.8286610000068322,13,1,,,
Binary Matched-Size Augmentation Experiment,binary_matched_size_experiment,journal-matched-size-v1,en_binary_sst2,en,1046,matched_all_real,2.0,,0,,,560,840,372,468,0.9201710498165281,0.978748393419446,,completed,0.8370323999552056,11,1,,,
Binary Matched-Size Augmentation Experiment,binary_matched_size_experiment,journal-matched-size-v1,en_binary_sst2,en,1046,matched_all_real,2.5,,0,,,700,980,434,546,0.9225757410437379,0.9787504819741663,,completed,0.7969349999912083,14,1,,,
Binary Matched-Size Augmentation Experiment,binary_matched_size_experiment,journal-matched-size-v1,en_binary_sst2,en,1046,matched_all_real,3.0,,0,,,840,1120,496,624,0.9244628621646239,0.9790297860034702,,completed,1.0149666999932379,16,1,,,
Binary Matched-Size Augmentation Experiment,binary_matched_size_experiment,journal-matched-size-v1,en_binary_sst2,en,1046,matched_all_real,3.5,,0,,,980,1260,558,702,0.9251375281922697,0.9791862267849109,,completed,1.0588973999838345,16,1,,,
Binary Matched-Size Augmentation Experiment,binary_matched_size_experiment,journal-matched-size-v1,en_binary_sst2,en,1046,matched_all_real,4.0,,0,,,1120,1400,620,780,0.9262594962413853,0.9795880727459675,,completed,0.8859198000282049,13,1,,,
Binary Matched-Size Augmentation Experiment,binary_matched_size_experiment,journal-matched-size-v1,en_binary_sst2,en,1047,matched_all_real,0.5,,0,,,140,420,186,234,0.9137151230563825,0.9775093583317269,,completed,0.7177669999655336,10,1,,,
Binary Matched-Size Augmentation Experiment,binary_matched_size_experiment,journal-matched-size-v1,en_binary_sst2,en,1047,matched_all_real,0.75,,0,,,210,490,217,273,0.9183309012115113,0.9780869642053852,,completed,0.8057125000050291,11,1,,,
Binary Matched-Size Augmentation Experiment,binary_matched_size_experiment,journal-matched-size-v1,en_binary_sst2,en,1047,matched_all_real,1.0,,0,,,280,560,248,312,0.9193522445153726,0.978275014459225,,completed,0.7718578999629244,13,1,,,
Binary Matched-Size Augmentation Experiment,binary_matched_size_experiment,journal-matched-size-v1,en_binary_sst2,en,1047,matched_all_real,1.25,,0,,,350,630,279,351,0.9216771238690293,0.9786644094209883,,completed,0.794848500052467,13,1,,,
Binary Matched-Size Augmentation Experiment,binary_matched_size_experiment,journal-matched-size-v1,en_binary_sst2,en,1047,matched_all_real,1.5,,0,,,420,700,310,390,0.9212616899815256,0.9787505221386801,,completed,0.8185699000023305,9,1,,,
Binary Matched-Size Augmentation Experiment,binary_matched_size_experiment,journal-matched-size-v1,en_binary_sst2,en,1047,matched_all_real,1.75,,0,,,490,770,341,429,0.9202503186833109,0.9786189833558255,,completed,0.8792887000017799,12,1,,,
Binary Matched-Size Augmentation Experiment,binary_matched_size_experiment,journal-matched-size-v1,en_binary_sst2,en,1047,matched_all_real,2.0,,0,,,560,840,372,468,0.9224567503693717,0.9789572890559733,,completed,0.8727539000101388,12,1,,,
Binary Matched-Size Augmentation Experiment,binary_matched_size_experiment,journal-matched-size-v1,en_binary_sst2,en,1047,matched_all_real,2.5,,0,,,700,980,434,546,0.9219470690148795,0.9790274966261808,,completed,0.8797585999709554,13,1,,,
Binary Matched-Size Augmentation Experiment,binary_matched_size_experiment,journal-matched-size-v1,en_binary_sst2,en,1047,matched_all_real,3.0,,0,,,840,1120,496,624,0.9234066710185883,0.9791134888503308,,completed,0.9166181000182405,16,1,,,
Binary Matched-Size Augmentation Experiment,binary_matched_size_experiment,journal-matched-size-v1,en_binary_sst2,en,1047,matched_all_real,3.5,,0,,,980,1260,558,702,0.9238669942449773,0.9791343743975323,,completed,0.9361722000176087,17,1,,,
Binary Matched-Size Augmentation Experiment,binary_matched_size_experiment,journal-matched-size-v1,en_binary_sst2,en,1047,matched_all_real,4.0,,0,,,1120,1400,620,780,0.9262594962413853,0.9795880727459675,,completed,0.9343794999876991,13,1,,,
Binary Matched-Size Augmentation Experiment,binary_matched_size_experiment,journal-matched-size-v1,en_binary_sst2,en,1048,matched_all_real,0.5,,0,,,140,420,186,234,0.9202457117877387,0.9785503020371441,,completed,0.8371131999883801,10,1,,,
Binary Matched-Size Augmentation Experiment,binary_matched_size_experiment,journal-matched-size-v1,en_binary_sst2,en,1048,matched_all_real,0.75,,0,,,210,490,217,273,0.9202640974794717,0.9788445071010862,,completed,0.7736044999910519,11,1,,,
Binary Matched-Size Augmentation Experiment,binary_matched_size_experiment,journal-matched-size-v1,en_binary_sst2,en,1048,matched_all_real,1.0,,0,,,280,560,248,312,0.9226771171881691,0.9786855761197868,,completed,0.865712099999655,16,1,,,
Binary Matched-Size Augmentation Experiment,binary_matched_size_experiment,journal-matched-size-v1,en_binary_sst2,en,1048,matched_all_real,1.25,,0,,,350,630,279,351,0.9229101306534231,0.9787150167084377,,completed,0.8412984000169672,15,1,,,
Binary Matched-Size Augmentation Experiment,binary_matched_size_experiment,journal-matched-size-v1,en_binary_sst2,en,1048,matched_all_real,1.5,,0,,,420,700,310,390,0.9226420386288122,0.9784984898142791,,completed,0.865278999961447,11,1,,,
Binary Matched-Size Augmentation Experiment,binary_matched_size_experiment,journal-matched-size-v1,en_binary_sst2,en,1048,matched_all_real,1.75,,0,,,490,770,341,429,0.9204313016755399,0.9785023857721227,,completed,0.9114934999961406,15,1,,,
Binary Matched-Size Augmentation Experiment,binary_matched_size_experiment,journal-matched-size-v1,en_binary_sst2,en,1048,matched_all_real,2.0,,0,,,560,840,372,468,0.9210799416444252,0.9784429824561403,,completed,0.8982353000319563,11,1,,,
Binary Matched-Size Augmentation Experiment,binary_matched_size_experiment,journal-matched-size-v1,en_binary_sst2,en,1048,matched_all_real,2.5,,0,,,700,980,434,546,0.9203185854145417,0.9786561355311355,,completed,0.9121634000330232,16,1,,,
Binary Matched-Size Augmentation Experiment,binary_matched_size_experiment,journal-matched-size-v1,en_binary_sst2,en,1048,matched_all_real,3.0,,0,,,840,1120,496,624,0.9229836936408893,0.979040750915751,,completed,1.0785268999752589,17,1,,,
Binary Matched-Size Augmentation Experiment,binary_matched_size_experiment,journal-matched-size-v1,en_binary_sst2,en,1048,matched_all_real,3.5,,0,,,980,1260,558,702,0.9243427566745975,0.9791580714607031,,completed,1.121982000011485,17,1,,,
Binary Matched-Size Augmentation Experiment,binary_matched_size_experiment,journal-matched-size-v1,en_binary_sst2,en,1048,matched_all_real,4.0,,0,,,1120,1400,620,780,0.9262594962413853,0.9795880727459675,,completed,1.0310790999792516,13,1,,,
Binary Matched-Size Augmentation Experiment,binary_matched_size_experiment,journal-matched-size-v1,en_binary_sst2,en,1049,matched_all_real,0.5,,0,,,140,420,186,234,0.9146287826682308,0.9757385852451641,,completed,0.7218534999992698,10,1,,,
Binary Matched-Size Augmentation Experiment,binary_matched_size_experiment,journal-matched-size-v1,en_binary_sst2,en,1049,matched_all_real,0.75,,0,,,210,490,217,273,0.9158699627179645,0.9762076666024034,,completed,0.8718417000491172,11,1,,,
Binary Matched-Size Augmentation Experiment,binary_matched_size_experiment,journal-matched-size-v1,en_binary_sst2,en,1049,matched_all_real,1.0,,0,,,280,560,248,312,0.9165982259472165,0.9770346137780348,,completed,0.8551365000312217,10,1,,,
Binary Matched-Size Augmentation Experiment,binary_matched_size_experiment,journal-matched-size-v1,en_binary_sst2,en,1049,matched_all_real,1.25,,0,,,350,630,279,351,0.9181974543261807,0.9780448316303579,,completed,0.7406466000247747,11,1,,,
Binary Matched-Size Augmentation Experiment,binary_matched_size_experiment,journal-matched-size-v1,en_binary_sst2,en,1049,matched_all_real,1.5,,0,,,420,700,310,390,0.9197308793484115,0.9785186925647453,,completed,0.9043207999784499,12,1,,,
Binary Matched-Size Augmentation Experiment,binary_matched_size_experiment,journal-matched-size-v1,en_binary_sst2,en,1049,matched_all_real,1.75,,0,,,490,770,341,429,0.9221512237978363,0.9789856452027506,,completed,0.7633571000187658,11,1,,,
Binary Matched-Size Augmentation Experiment,binary_matched_size_experiment,journal-matched-size-v1,en_binary_sst2,en,1049,matched_all_real,2.0,,0,,,560,840,372,468,0.9212309267021308,0.9790545675085148,,completed,0.8410949999815784,16,1,,,
Binary Matched-Size Augmentation Experiment,binary_matched_size_experiment,journal-matched-size-v1,en_binary_sst2,en,1049,matched_all_real,2.5,,0,,,700,980,434,546,0.9212921806729641,0.9790266130068763,,completed,0.9236995999817736,13,1,,,
Binary Matched-Size Augmentation Experiment,binary_matched_size_experiment,journal-matched-size-v1,en_binary_sst2,en,1049,matched_all_real,3.0,,0,,,840,1120,496,624,0.9227384166317748,0.9790466550992867,,completed,0.9289800000260584,11,1,,,
Binary Matched-Size Augmentation Experiment,binary_matched_size_experiment,journal-matched-size-v1,en_binary_sst2,en,1049,matched_all_real,3.5,,0,,,980,1260,558,702,0.9238900064130231,0.9792131370091898,,completed,1.0406547999591567,16,1,,,
Binary Matched-Size Augmentation Experiment,binary_matched_size_experiment,journal-matched-size-v1,en_binary_sst2,en,1049,matched_all_real,4.0,,0,,,1120,1400,620,780,0.9262594962413853,0.9795880727459675,,completed,0.9926686999970116,13,1,,,
Binary Matched-Size Augmentation Experiment,binary_matched_size_experiment,journal-matched-size-v1,ha_binary_hausa_movie_review,ha,1000,matched_all_real,0.5,,0,,,140,420,180,240,0.7881204987222179,0.857736516357206,,completed,0.0957421999773942,8,1,,,
Binary Matched-Size Augmentation Experiment,binary_matched_size_experiment,journal-matched-size-v1,ha_binary_hausa_movie_review,ha,1000,matched_all_real,0.75,,0,,,210,490,210,280,0.7818189848399528,0.8589301503094607,,completed,0.15147490001982078,8,1,,,
Binary Matched-Size Augmentation Experiment,binary_matched_size_experiment,journal-matched-size-v1,ha_binary_hausa_movie_review,ha,1000,matched_all_real,1.0,,0,,,280,560,240,320,0.7853770462868994,0.8586206896551724,,completed,0.15171580004971474,11,1,,,
Binary Matched-Size Augmentation Experiment,binary_matched_size_experiment,journal-matched-size-v1,ha_binary_hausa_movie_review,ha,1000,matched_all_real,1.25,,0,,,350,630,270,360,0.7952455088498018,0.8696728558797524,,completed,0.1614250999991782,11,1,,,
Binary Matched-Size Augmentation Experiment,binary_matched_size_experiment,journal-matched-size-v1,ha_binary_hausa_movie_review,ha,1000,matched_all_real,1.5,,0,,,420,700,300,400,0.7952455088498018,0.8731211317418215,,completed,0.20593189995270222,11,1,,,
Binary Matched-Size Augmentation Experiment,binary_matched_size_experiment,journal-matched-size-v1,ha_binary_hausa_movie_review,ha,1000,matched_all_real,1.75,,0,,,490,770,330,440,0.7916887709991158,0.875817860300619,,completed,0.20576460001757368,11,1,,,
Binary Matched-Size Augmentation Experiment,binary_matched_size_experiment,journal-matched-size-v1,ha_binary_hausa_movie_review,ha,1000,matched_all_real,2.0,,0,,,560,840,360,480,0.7959843775785247,0.8752873563218392,,completed,0.23980809998465702,14,1,,,
Binary Matched-Size Augmentation Experiment,binary_matched_size_experiment,journal-matched-size-v1,ha_binary_hausa_movie_review,ha,1000,matched_all_real,2.5,,0,,,700,980,420,560,0.8061821219715957,0.8822723253757736,,completed,0.27505990001372993,14,1,,,
Binary Matched-Size Augmentation Experiment,binary_matched_size_experiment,journal-matched-size-v1,ha_binary_hausa_movie_review,ha,1000,matched_all_real,3.0,,0,,,840,1120,480,640,0.8026734143792288,0.883023872679045,,completed,0.3525106000015512,13,1,,,
Binary Matched-Size Augmentation Experiment,binary_matched_size_experiment,journal-matched-size-v1,ha_binary_hausa_movie_review,ha,1000,matched_all_real,3.5,,0,,,980,1260,540,720,0.8030028446846135,0.8850574712643678,,completed,0.29822670004796237,13,1,,,
Binary Matched-Size Augmentation Experiment,binary_matched_size_experiment,journal-matched-size-v1,ha_binary_hausa_movie_review,ha,1000,matched_all_real,4.0,,0,,,1120,1400,600,800,0.7991543340380549,0.8856763925729444,,completed,0.25795619998825714,9,1,,,
Binary Matched-Size Augmentation Experiment,binary_matched_size_experiment,journal-matched-size-v1,ha_binary_hausa_movie_review,ha,1001,matched_all_real,0.5,,0,,,140,420,180,240,0.7794486215538847,0.8580459770114942,,completed,0.06800700002349913,8,1,,,
Binary Matched-Size Augmentation Experiment,binary_matched_size_experiment,journal-matched-size-v1,ha_binary_hausa_movie_review,ha,1001,matched_all_real,0.75,,0,,,210,490,210,280,0.7829692356694893,0.8647214854111406,,completed,0.05474360001971945,8,1,,,
Binary Matched-Size Augmentation Experiment,binary_matched_size_experiment,journal-matched-size-v1,ha_binary_hausa_movie_review,ha,1001,matched_all_real,1.0,,0,,,280,560,240,320,0.7864793678665496,0.8674624226348365,,completed,0.17386979999719188,8,1,,,
Binary Matched-Size Augmentation Experiment,binary_matched_size_experiment,journal-matched-size-v1,ha_binary_hausa_movie_review,ha,1001,matched_all_real,1.25,,0,,,350,630,270,360,0.7864793678665496,0.8671529619805481,,completed,0.1642168000107631,9,1,,,
Binary Matched-Size Augmentation Experiment,binary_matched_size_experiment,journal-matched-size-v1,ha_binary_hausa_movie_review,ha,1001,matched_all_real,1.5,,0,,,420,700,300,400,0.7857646229739252,0.8665340406719717,,completed,0.19261499994900078,11,1,,,
Binary Matched-Size Augmentation Experiment,binary_matched_size_experiment,journal-matched-size-v1,ha_binary_hausa_movie_review,ha,1001,matched_all_real,1.75,,0,,,490,770,330,440,0.7991543340380549,0.8679045092838197,,completed,0.20069480000529438,11,1,,,
Binary Matched-Size Augmentation Experiment,binary_matched_size_experiment,journal-matched-size-v1,ha_binary_hausa_movie_review,ha,1001,matched_all_real,2.0,,0,,,560,840,360,480,0.7994987468671679,0.8705570291777187,,completed,0.25215950002893806,11,1,,,
Binary Matched-Size Augmentation Experiment,binary_matched_size_experiment,journal-matched-size-v1,ha_binary_hausa_movie_review,ha,1001,matched_all_real,2.5,,0,,,700,980,420,560,0.8093624511799329,0.8753757736516357,,completed,0.22302430000854656,9,1,,,
Binary Matched-Size Augmentation Experiment,binary_matched_size_experiment,journal-matched-size-v1,ha_binary_hausa_movie_review,ha,1001,matched_all_real,3.0,,0,,,840,1120,480,640,0.8026734143792288,0.8811671087533156,,completed,0.23225590004585683,13,1,,,
Binary Matched-Size Augmentation Experiment,binary_matched_size_experiment,journal-matched-size-v1,ha_binary_hausa_movie_review,ha,1001,matched_all_real,3.5,,0,,,980,1260,540,720,0.7987909808939682,0.8847922192749779,,completed,0.3123205999727361,9,1,,,
Binary Matched-Size Augmentation Experiment,binary_matched_size_experiment,journal-matched-size-v1,ha_binary_hausa_movie_review,ha,1001,matched_all_real,4.0,,0,,,1120,1400,600,800,0.7991543340380549,0.8856763925729444,,completed,0.35530009999638423,9,1,,,
Binary Matched-Size Augmentation Experiment,binary_matched_size_experiment,journal-matched-size-v1,ha_binary_hausa_movie_review,ha,1002,matched_all_real,0.5,,0,,,140,420,180,240,0.7896471053411974,0.8551724137931035,,completed,0.077293100010138,8,1,,,
Binary Matched-Size Augmentation Experiment,binary_matched_size_experiment,journal-matched-size-v1,ha_binary_hausa_movie_review,ha,1002,matched_all_real,0.75,,0,,,210,490,210,280,0.7934692088538242,0.8533598585322723,,completed,0.12832660001004115,8,1,,,
Binary Matched-Size Augmentation Experiment,binary_matched_size_experiment,journal-matched-size-v1,ha_binary_hausa_movie_review,ha,1002,matched_all_real,1.0,,0,,,280,560,240,320,0.7864793678665496,0.8579133510167992,,completed,0.15345560002606362,8,1,,,
Binary Matched-Size Augmentation Experiment,binary_matched_size_experiment,journal-matched-size-v1,ha_binary_hausa_movie_review,ha,1002,matched_all_real,1.25,,0,,,350,630,270,360,0.7928153717627402,0.8590627763041556,,completed,0.17151879996526986,11,1,,,
Binary Matched-Size Augmentation Experiment,binary_matched_size_experiment,journal-matched-size-v1,ha_binary_hausa_movie_review,ha,1002,matched_all_real,1.5,,0,,,420,700,300,400,0.79315188762072,0.861450044208665,,completed,0.2163245999836363,11,1,,,
Binary Matched-Size Augmentation Experiment,binary_matched_size_experiment,journal-matched-size-v1,ha_binary_hausa_movie_review,ha,1002,matched_all_real,1.75,,0,,,490,770,330,440,0.7892953407778206,0.8720601237842617,,completed,0.14846549998037517,8,1,,,
Binary Matched-Size Augmentation Experiment,binary_matched_size_experiment,journal-matched-size-v1,ha_binary_hausa_movie_review,ha,1002,matched_all_real,2.0,,0,,,560,840,360,480,0.7889237890560423,0.8725464190981431,,completed,0.2563135999953374,11,1,,,
Binary Matched-Size Augmentation Experiment,binary_matched_size_experiment,journal-matched-size-v1,ha_binary_hausa_movie_review,ha,1002,matched_all_real,2.5,,0,,,700,980,420,560,0.7959843775785247,0.8753757736516358,,completed,0.27342939999653026,13,1,,,
Binary Matched-Size Augmentation Experiment,binary_matched_size_experiment,journal-matched-size-v1,ha_binary_hausa_movie_review,ha,1002,matched_all_real,3.0,,0,,,840,1120,480,640,0.7956246211495013,0.8805039787798409,,completed,0.31134040001779795,14,1,,,
Binary Matched-Size Augmentation Experiment,binary_matched_size_experiment,journal-matched-size-v1,ha_binary_hausa_movie_review,ha,1002,matched_all_real,3.5,,0,,,980,1260,540,720,0.8026734143792288,0.882183908045977,,completed,0.2965222999919206,9,1,,,
Binary Matched-Size Augmentation Experiment,binary_matched_size_experiment,journal-matched-size-v1,ha_binary_hausa_movie_review,ha,1002,matched_all_real,4.0,,0,,,1120,1400,600,800,0.7991543340380549,0.8856763925729444,,completed,0.2870388000155799,9,1,,,
Binary Matched-Size Augmentation Experiment,binary_matched_size_experiment,journal-matched-size-v1,ha_binary_hausa_movie_review,ha,1003,matched_all_real,0.5,,0,,,140,420,180,240,0.7862666979142254,0.8762599469496021,,completed,0.11046699999133125,10,1,,,
Binary Matched-Size Augmentation Experiment,binary_matched_size_experiment,journal-matched-size-v1,ha_binary_hausa_movie_review,ha,1003,matched_all_real,0.75,,0,,,210,490,210,280,0.7889237890560423,0.8781609195402299,,completed,0.13003780000144616,10,1,,,
Binary Matched-Size Augmentation Experiment,binary_matched_size_experiment,journal-matched-size-v1,ha_binary_hausa_movie_review,ha,1003,matched_all_real,1.0,,0,,,280,560,240,320,0.7778073089700996,0.8802829354553492,,completed,0.1767505999887362,10,1,,,
Binary Matched-Size Augmentation Experiment,binary_matched_size_experiment,journal-matched-size-v1,ha_binary_hausa_movie_review,ha,1003,matched_all_real,1.25,,0,,,350,630,270,360,0.7881204987222179,0.8770999115826702,,completed,0.1563977999612689,10,1,,,
Binary Matched-Size Augmentation Experiment,binary_matched_size_experiment,journal-matched-size-v1,ha_binary_hausa_movie_review,ha,1003,matched_all_real,1.5,,0,,,420,700,300,400,0.7916887709991158,0.8791335101679929,,completed,0.15238130005309358,8,1,,,
Binary Matched-Size Augmentation Experiment,binary_matched_size_experiment,journal-matched-size-v1,ha_binary_hausa_movie_review,ha,1003,matched_all_real,1.75,,0,,,490,770,330,440,0.7889237890560423,0.8804597701149424,,completed,0.19185250002192333,8,1,,,
Binary Matched-Size Augmentation Experiment,binary_matched_size_experiment,journal-matched-size-v1,ha_binary_hausa_movie_review,ha,1003,matched_all_real,2.0,,0,,,560,840,360,480,0.7924594785059902,0.8781609195402298,,completed,0.20011149998754263,11,1,,,
Binary Matched-Size Augmentation Experiment,binary_matched_size_experiment,journal-matched-size-v1,ha_binary_hausa_movie_review,ha,1003,matched_all_real,2.5,,0,,,700,980,420,560,0.7956246211495013,0.8789124668435013,,completed,0.21516740001970902,13,1,,,
Binary Matched-Size Augmentation Experiment,binary_matched_size_experiment,journal-matched-size-v1,ha_binary_hausa_movie_review,ha,1003,matched_all_real,3.0,,0,,,840,1120,480,640,0.7984084880636605,0.879708222811671,,completed,0.33182449999731034,13,1,,,
Binary Matched-Size Augmentation Experiment,binary_matched_size_experiment,journal-matched-size-v1,ha_binary_hausa_movie_review,ha,1003,matched_all_real,3.5,,0,,,980,1260,540,720,0.8023254532429602,0.882316534040672,,completed,0.3383124999818392,14,1,,,
Binary Matched-Size Augmentation Experiment,binary_matched_size_experiment,journal-matched-size-v1,ha_binary_hausa_movie_review,ha,1003,matched_all_real,4.0,,0,,,1120,1400,600,800,0.7991543340380549,0.8856763925729444,,completed,0.263835999998264,9,1,,,
Binary Matched-Size Augmentation Experiment,binary_matched_size_experiment,journal-matched-size-v1,ha_binary_hausa_movie_review,ha,1004,matched_all_real,0.5,,0,,,140,420,180,240,0.7719631116798306,0.8623342175066314,,completed,0.12364820000948384,10,1,,,
Binary Matched-Size Augmentation Experiment,binary_matched_size_experiment,journal-matched-size-v1,ha_binary_hausa_movie_review,ha,1004,matched_all_real,0.75,,0,,,210,490,210,280,0.7696134963260733,0.8630415561450044,,completed,0.1290319999679923,10,1,,,
Binary Matched-Size Augmentation Experiment,binary_matched_size_experiment,journal-matched-size-v1,ha_binary_hausa_movie_review,ha,1004,matched_all_real,1.0,,0,,,280,560,240,320,0.7829692356694893,0.8663572060123783,,completed,0.10723399999551475,10,1,,,
Binary Matched-Size Augmentation Experiment,binary_matched_size_experiment,journal-matched-size-v1,ha_binary_hausa_movie_review,ha,1004,matched_all_real,1.25,,0,,,350,630,270,360,0.7755221248691244,0.8738726790450928,,completed,0.18972329999087378,10,1,,,
Binary Matched-Size Augmentation Experiment,binary_matched_size_experiment,journal-matched-size-v1,ha_binary_hausa_movie_review,ha,1004,matched_all_real,1.5,,0,,,420,700,300,400,0.7790697674418605,0.8774093722369585,,completed,0.16081969998776913,11,1,,,
Binary Matched-Size Augmentation Experiment,binary_matched_size_experiment,journal-matched-size-v1,ha_binary_hausa_movie_review,ha,1004,matched_all_real,1.75,,0,,,490,770,330,440,0.7924594785059902,0.8803271441202476,,completed,0.23185090004699305,11,1,,,
Binary Matched-Size Augmentation Experiment,binary_matched_size_experiment,journal-matched-size-v1,ha_binary_hausa_movie_review,ha,1004,matched_all_real,2.0,,0,,,560,840,360,480,0.7857646229739252,0.8793103448275862,,completed,0.16612589999567717,8,1,,,
Binary Matched-Size Augmentation Experiment,binary_matched_size_experiment,journal-matched-size-v1,ha_binary_hausa_movie_review,ha,1004,matched_all_real,2.5,,0,,,700,980,420,560,0.7892953407778206,0.8794871794871796,,completed,0.27520979999098927,14,1,,,
Binary Matched-Size Augmentation Experiment,binary_matched_size_experiment,journal-matched-size-v1,ha_binary_hausa_movie_review,ha,1004,matched_all_real,3.0,,0,,,840,1120,480,640,0.8023254532429602,0.8841290893015031,,completed,0.2885588000062853,13,1,,,
Binary Matched-Size Augmentation Experiment,binary_matched_size_experiment,journal-matched-size-v1,ha_binary_hausa_movie_review,ha,1004,matched_all_real,3.5,,0,,,980,1260,540,720,0.7956246211495013,0.8830680813439434,,completed,0.4323240999947302,14,1,,,
Binary Matched-Size Augmentation Experiment,binary_matched_size_experiment,journal-matched-size-v1,ha_binary_hausa_movie_review,ha,1004,matched_all_real,4.0,,0,,,1120,1400,600,800,0.7991543340380549,0.8856763925729444,,completed,0.33383020001929253,9,1,,,
Binary Matched-Size Augmentation Experiment,binary_matched_size_experiment,journal-matched-size-v1,ha_binary_hausa_movie_review,ha,1005,matched_all_real,0.5,,0,,,140,420,180,240,0.7683924608301036,0.8616268788682582,,completed,0.14653680002084002,10,1,,,
Binary Matched-Size Augmentation Experiment,binary_matched_size_experiment,journal-matched-size-v1,ha_binary_hausa_movie_review,ha,1005,matched_all_real,0.75,,0,,,210,490,210,280,0.7809482634385359,0.8652519893899204,,completed,0.17823939997470006,10,1,,,
Binary Matched-Size Augmentation Experiment,binary_matched_size_experiment,journal-matched-size-v1,ha_binary_hausa_movie_review,ha,1005,matched_all_real,1.0,,0,,,280,560,240,320,0.7809482634385359,0.8703801945181254,,completed,0.13166380004258826,8,1,,,
Binary Matched-Size Augmentation Experiment,binary_matched_size_experiment,journal-matched-size-v1,ha_binary_hausa_movie_review,ha,1005,matched_all_real,1.25,,0,,,350,630,270,360,0.7737266011220352,0.8733863837312112,,completed,0.14406829996732995,11,1,,,
Binary Matched-Size Augmentation Experiment,binary_matched_size_experiment,journal-matched-size-v1,ha_binary_hausa_movie_review,ha,1005,matched_all_real,1.5,,0,,,420,700,300,400,0.7809482634385359,0.8779840848806366,,completed,0.172942100034561,11,1,,,
Binary Matched-Size Augmentation Experiment,binary_matched_size_experiment,journal-matched-size-v1,ha_binary_hausa_movie_review,ha,1005,matched_all_real,1.75,,0,,,490,770,330,440,0.7881204987222179,0.8789566755083996,,completed,0.15853690000949427,8,1,,,
Binary Matched-Size Augmentation Experiment,binary_matched_size_experiment,journal-matched-size-v1,ha_binary_hausa_movie_review,ha,1005,matched_all_real,2.0,,0,,,560,840,360,480,0.7952455088498018,0.8801945181255526,,completed,0.2144049999769777,11,1,,,
Binary Matched-Size Augmentation Experiment,binary_matched_size_experiment,journal-matched-size-v1,ha_binary_hausa_movie_review,ha,1005,matched_all_real,2.5,,0,,,700,980,420,560,0.7944283703038566,0.8818744473916889,,completed,0.3255244999891147,14,1,,,
Binary Matched-Size Augmentation Experiment,binary_matched_size_experiment,journal-matched-size-v1,ha_binary_hausa_movie_review,ha,1005,matched_all_real,3.0,,0,,,840,1120,480,640,0.7987909808939682,0.8829796640141467,,completed,0.18559070001356304,9,1,,,
Binary Matched-Size Augmentation Experiment,binary_matched_size_experiment,journal-matched-size-v1,ha_binary_hausa_movie_review,ha,1005,matched_all_real,3.5,,0,,,980,1260,540,720,0.8026734143792288,0.8811671087533156,,completed,0.30315839999821037,9,1,,,
Binary Matched-Size Augmentation Experiment,binary_matched_size_experiment,journal-matched-size-v1,ha_binary_hausa_movie_review,ha,1005,matched_all_real,4.0,,0,,,1120,1400,600,800,0.7991543340380549,0.8856763925729444,,completed,0.2841447999817319,9,1,,,
Binary Matched-Size Augmentation Experiment,binary_matched_size_experiment,journal-matched-size-v1,ha_binary_hausa_movie_review,ha,1006,matched_all_real,0.5,,0,,,140,420,180,240,0.7798068481123792,0.8585764809902741,,completed,0.15263419999973848,10,1,,,
Binary Matched-Size Augmentation Experiment,binary_matched_size_experiment,journal-matched-size-v1,ha_binary_hausa_movie_review,ha,1006,matched_all_real,0.75,,0,,,210,490,210,280,0.7826063039771165,0.8637931034482758,,completed,0.14251909998711199,10,1,,,
Binary Matched-Size Augmentation Experiment,binary_matched_size_experiment,journal-matched-size-v1,ha_binary_hausa_movie_review,ha,1006,matched_all_real,1.0,,0,,,280,560,240,320,0.7861319966583125,0.8695844385499558,,completed,0.11297630000626668,10,1,,,
Binary Matched-Size Augmentation Experiment,binary_matched_size_experiment,journal-matched-size-v1,ha_binary_hausa_movie_review,ha,1006,matched_all_real,1.25,,0,,,350,630,270,360,0.7963249750129054,0.8745358090185676,,completed,0.18893559998832643,10,1,,,
Binary Matched-Size Augmentation Experiment,binary_matched_size_experiment,journal-matched-size-v1,ha_binary_hausa_movie_review,ha,1006,matched_all_real,1.5,,0,,,420,700,300,400,0.8019587708547263,0.8769672855879752,,completed,0.1783675000187941,8,1,,,
Binary Matched-Size Augmentation Experiment,binary_matched_size_experiment,journal-matched-size-v1,ha_binary_hausa_movie_review,ha,1006,matched_all_real,1.75,,0,,,490,770,330,440,0.7916887709991158,0.8782051282051282,,completed,0.22453290002886206,11,1,,,
Binary Matched-Size Augmentation Experiment,binary_matched_size_experiment,journal-matched-size-v1,ha_binary_hausa_movie_review,ha,1006,matched_all_real,2.0,,0,,,560,840,360,480,0.7889237890560423,0.878735632183908,,completed,0.16059410001616925,8,1,,,
Binary Matched-Size Augmentation Experiment,binary_matched_size_experiment,journal-matched-size-v1,ha_binary_hausa_movie_review,ha,1006,matched_all_real,2.5,,0,,,700,980,420,560,0.7956246211495013,0.879133510167993,,completed,0.2801960000069812,12,1,,,
Binary Matched-Size Augmentation Experiment,binary_matched_size_experiment,journal-matched-size-v1,ha_binary_hausa_movie_review,ha,1006,matched_all_real,3.0,,0,,,840,1120,480,640,0.7956246211495013,0.8830680813439434,,completed,0.2145122999791056,9,1,,,
Binary Matched-Size Augmentation Experiment,binary_matched_size_experiment,journal-matched-size-v1,ha_binary_hausa_movie_review,ha,1006,matched_all_real,3.5,,0,,,980,1260,540,720,0.7956246211495013,0.8840406719717064,,completed,0.3056840000208467,9,1,,,
Binary Matched-Size Augmentation Experiment,binary_matched_size_experiment,journal-matched-size-v1,ha_binary_hausa_movie_review,ha,1006,matched_all_real,4.0,,0,,,1120,1400,600,800,0.7991543340380549,0.8856763925729444,,completed,0.2959436000091955,9,1,,,
Binary Matched-Size Augmentation Experiment,binary_matched_size_experiment,journal-matched-size-v1,ha_binary_hausa_movie_review,ha,1007,matched_all_real,0.5,,0,,,140,420,180,240,0.7826063039771165,0.8566755083996463,,completed,0.0555006000213325,8,1,,,
Binary Matched-Size Augmentation Experiment,binary_matched_size_experiment,journal-matched-size-v1,ha_binary_hausa_movie_review,ha,1007,matched_all_real,0.75,,0,,,210,490,210,280,0.7794486215538847,0.8619363395225466,,completed,0.10081769997486845,8,1,,,
Binary Matched-Size Augmentation Experiment,binary_matched_size_experiment,journal-matched-size-v1,ha_binary_hausa_movie_review,ha,1007,matched_all_real,1.0,,0,,,280,560,240,320,0.7896471053411974,0.8625994694960213,,completed,0.16572079999605194,11,1,,,
Binary Matched-Size Augmentation Experiment,binary_matched_size_experiment,journal-matched-size-v1,ha_binary_hausa_movie_review,ha,1007,matched_all_real,1.25,,0,,,350,630,270,360,0.8001314924391847,0.8650309460654289,,completed,0.14054419996682554,11,1,,,
Binary Matched-Size Augmentation Experiment,binary_matched_size_experiment,journal-matched-size-v1,ha_binary_hausa_movie_review,ha,1007,matched_all_real,1.5,,0,,,420,700,300,400,0.7959843775785247,0.8706896551724138,,completed,0.1453347000060603,8,1,,,
Binary Matched-Size Augmentation Experiment,binary_matched_size_experiment,journal-matched-size-v1,ha_binary_hausa_movie_review,ha,1007,matched_all_real,1.75,,0,,,490,770,330,440,0.7959843775785247,0.8720159151193634,,completed,0.165612599987071,8,1,,,
Binary Matched-Size Augmentation Experiment,binary_matched_size_experiment,journal-matched-size-v1,ha_binary_hausa_movie_review,ha,1007,matched_all_real,2.0,,0,,,560,840,360,480,0.7928153717627402,0.8752431476569407,,completed,0.17416350002167746,11,1,,,
Binary Matched-Size Augmentation Experiment,binary_matched_size_experiment,journal-matched-size-v1,ha_binary_hausa_movie_review,ha,1007,matched_all_real,2.5,,0,,,700,980,420,560,0.7924594785059902,0.8772767462422636,,completed,0.26811939995968714,14,1,,,
Binary Matched-Size Augmentation Experiment,binary_matched_size_experiment,journal-matched-size-v1,ha_binary_hausa_movie_review,ha,1007,matched_all_real,3.0,,0,,,840,1120,480,640,0.7991543340380549,0.8832449160035367,,completed,0.3735268000164069,14,1,,,
Binary Matched-Size Augmentation Experiment,binary_matched_size_experiment,journal-matched-size-v1,ha_binary_hausa_movie_review,ha,1007,matched_all_real,3.5,,0,,,980,1260,540,720,0.7956246211495013,0.883023872679045,,completed,0.30413509998470545,9,1,,,
Binary Matched-Size Augmentation Experiment,binary_matched_size_experiment,journal-matched-size-v1,ha_binary_hausa_movie_review,ha,1007,matched_all_real,4.0,,0,,,1120,1400,600,800,0.7991543340380549,0.8856763925729444,,completed,0.2530659000040032,9,1,,,
Binary Matched-Size Augmentation Experiment,binary_matched_size_experiment,journal-matched-size-v1,ha_binary_hausa_movie_review,ha,1008,matched_all_real,0.5,,0,,,140,420,180,240,0.7836346315985415,0.857471264367816,,completed,0.10927959997206926,10,1,,,
Binary Matched-Size Augmentation Experiment,binary_matched_size_experiment,journal-matched-size-v1,ha_binary_hausa_movie_review,ha,1008,matched_all_real,0.75,,0,,,210,490,210,280,0.7769772356477274,0.8646772767462422,,completed,0.1341841999674216,11,1,,,
Binary Matched-Size Augmentation Experiment,binary_matched_size_experiment,journal-matched-size-v1,ha_binary_hausa_movie_review,ha,1008,matched_all_real,1.0,,0,,,280,560,240,320,0.7801446416831033,0.8652519893899204,,completed,0.17555739998351783,11,1,,,
Binary Matched-Size Augmentation Experiment,binary_matched_size_experiment,journal-matched-size-v1,ha_binary_hausa_movie_review,ha,1008,matched_all_real,1.25,,0,,,350,630,270,360,0.7928153717627402,0.8664898320070734,,completed,0.1680699999560602,11,1,,,
Binary Matched-Size Augmentation Experiment,binary_matched_size_experiment,journal-matched-size-v1,ha_binary_hausa_movie_review,ha,1008,matched_all_real,1.5,,0,,,420,700,300,400,0.7991543340380549,0.8738284703801945,,completed,0.20033590000821277,11,1,,,
Binary Matched-Size Augmentation Experiment,binary_matched_size_experiment,journal-matched-size-v1,ha_binary_hausa_movie_review,ha,1008,matched_all_real,1.75,,0,,,490,770,330,440,0.7994987468671679,0.8765694076038903,,completed,0.1483431999804452,8,1,,,
Binary Matched-Size Augmentation Experiment,binary_matched_size_experiment,journal-matched-size-v1,ha_binary_hausa_movie_review,ha,1008,matched_all_real,2.0,,0,,,560,840,360,480,0.7994987468671679,0.8780725022104333,,completed,0.18749110004864633,8,1,,,
Binary Matched-Size Augmentation Experiment,binary_matched_size_experiment,journal-matched-size-v1,ha_binary_hausa_movie_review,ha,1008,matched_all_real,2.5,,0,,,700,980,420,560,0.7826063039771165,0.8806366047745359,,completed,0.25383669999428093,11,1,,,
Binary Matched-Size Augmentation Experiment,binary_matched_size_experiment,journal-matched-size-v1,ha_binary_hausa_movie_review,ha,1008,matched_all_real,3.0,,0,,,840,1120,480,640,0.7924594785059902,0.8809018567639257,,completed,0.3186545000062324,14,1,,,
Binary Matched-Size Augmentation Experiment,binary_matched_size_experiment,journal-matched-size-v1,ha_binary_hausa_movie_review,ha,1008,matched_all_real,3.5,,0,,,980,1260,540,720,0.7991543340380549,0.8810344827586207,,completed,0.40539649996208027,14,1,,,
Binary Matched-Size Augmentation Experiment,binary_matched_size_experiment,journal-matched-size-v1,ha_binary_hausa_movie_review,ha,1008,matched_all_real,4.0,,0,,,1120,1400,600,800,0.7991543340380549,0.8856763925729444,,completed,0.2971703000366688,9,1,,,
Binary Matched-Size Augmentation Experiment,binary_matched_size_experiment,journal-matched-size-v1,ha_binary_hausa_movie_review,ha,1009,matched_all_real,0.5,,0,,,140,420,180,240,0.7705965909090908,0.8547303271441202,,completed,0.06473550002556294,8,1,,,
Binary Matched-Size Augmentation Experiment,binary_matched_size_experiment,journal-matched-size-v1,ha_binary_hausa_movie_review,ha,1009,matched_all_real,0.75,,0,,,210,490,210,280,0.77734375,0.8589301503094606,,completed,0.08935950003797188,11,1,,,
Binary Matched-Size Augmentation Experiment,binary_matched_size_experiment,journal-matched-size-v1,ha_binary_hausa_movie_review,ha,1009,matched_all_real,1.0,,0,,,280,560,240,320,0.7853770462868994,0.8614942528735633,,completed,0.226222500030417,8,1,,,
Binary Matched-Size Augmentation Experiment,binary_matched_size_experiment,journal-matched-size-v1,ha_binary_hausa_movie_review,ha,1009,matched_all_real,1.25,,0,,,350,630,270,360,0.7952455088498018,0.8629531388152079,,completed,0.09712530003162101,8,1,,,
Binary Matched-Size Augmentation Experiment,binary_matched_size_experiment,journal-matched-size-v1,ha_binary_hausa_movie_review,ha,1009,matched_all_real,1.5,,0,,,420,700,300,400,0.7952455088498018,0.8628205128205129,,completed,0.10797289997572079,8,1,,,
Binary Matched-Size Augmentation Experiment,binary_matched_size_experiment,journal-matched-size-v1,ha_binary_hausa_movie_review,ha,1009,matched_all_real,1.75,,0,,,490,770,330,440,0.7889237890560423,0.865207780725022,,completed,0.19272980000823736,8,1,,,
Binary Matched-Size Augmentation Experiment,binary_matched_size_experiment,journal-matched-size-v1,ha_binary_hausa_movie_review,ha,1009,matched_all_real,2.0,,0,,,560,840,360,480,0.7920840135904338,0.864633068081344,,completed,0.2706226000445895,11,1,,,
Binary Matched-Size Augmentation Experiment,binary_matched_size_experiment,journal-matched-size-v1,ha_binary_hausa_movie_review,ha,1009,matched_all_real,2.5,,0,,,700,980,420,560,0.7994987468671679,0.8686118479221928,,completed,0.2827615999849513,11,1,,,
Binary Matched-Size Augmentation Experiment,binary_matched_size_experiment,journal-matched-size-v1,ha_binary_hausa_movie_review,ha,1009,matched_all_real,3.0,,0,,,840,1120,480,640,0.7892953407778206,0.8767020335985853,,completed,0.32288360001984984,14,1,,,
Binary Matched-Size Augmentation Experiment,binary_matched_size_experiment,journal-matched-size-v1,ha_binary_hausa_movie_review,ha,1009,matched_all_real,3.5,,0,,,980,1260,540,720,0.7920840135904338,0.8804597701149426,,completed,0.287595700006932,9,1,,,
Binary Matched-Size Augmentation Experiment,binary_matched_size_experiment,journal-matched-size-v1,ha_binary_hausa_movie_review,ha,1009,matched_all_real,4.0,,0,,,1120,1400,600,800,0.7991543340380549,0.8856763925729444,,completed,0.2543889999506064,9,1,,,
Binary Matched-Size Augmentation Experiment,binary_matched_size_experiment,journal-matched-size-v1,ha_binary_hausa_movie_review,ha,1010,matched_all_real,0.5,,0,,,140,420,180,240,0.7876883168711962,0.8549513704686118,,completed,0.07863100001122802,10,1,,,
Binary Matched-Size Augmentation Experiment,binary_matched_size_experiment,journal-matched-size-v1,ha_binary_hausa_movie_review,ha,1010,matched_all_real,0.75,,0,,,210,490,210,280,0.7857646229739252,0.8537577365163571,,completed,0.1222696999902837,10,1,,,
Binary Matched-Size Augmentation Experiment,binary_matched_size_experiment,journal-matched-size-v1,ha_binary_hausa_movie_review,ha,1010,matched_all_real,1.0,,0,,,280,560,240,320,0.7822229569625834,0.8557471264367816,,completed,0.10651829995913431,11,1,,,
Binary Matched-Size Augmentation Experiment,binary_matched_size_experiment,journal-matched-size-v1,ha_binary_hausa_movie_review,ha,1010,matched_all_real,1.25,,0,,,350,630,270,360,0.7822229569625834,0.8645888594164456,,completed,0.15637479996075854,11,1,,,
Binary Matched-Size Augmentation Experiment,binary_matched_size_experiment,journal-matched-size-v1,ha_binary_hausa_movie_review,ha,1010,matched_all_real,1.5,,0,,,420,700,300,400,0.7857646229739252,0.870866489832007,,completed,0.14976230001775548,11,1,,,
Binary Matched-Size Augmentation Experiment,binary_matched_size_experiment,journal-matched-size-v1,ha_binary_hausa_movie_review,ha,1010,matched_all_real,1.75,,0,,,490,770,330,440,0.7759172671764123,0.871396993810787,,completed,0.1344863999984227,8,1,,,
Binary Matched-Size Augmentation Experiment,binary_matched_size_experiment,journal-matched-size-v1,ha_binary_hausa_movie_review,ha,1010,matched_all_real,2.0,,0,,,560,840,360,480,0.7786700789833649,0.8744031830238728,,completed,0.226475199975539,11,1,,,
Binary Matched-Size Augmentation Experiment,binary_matched_size_experiment,journal-matched-size-v1,ha_binary_hausa_movie_review,ha,1010,matched_all_real,2.5,,0,,,700,980,420,560,0.7889237890560423,0.8792219274977895,,completed,0.3137523999903351,13,1,,,
Binary Matched-Size Augmentation Experiment,binary_matched_size_experiment,journal-matched-size-v1,ha_binary_hausa_movie_review,ha,1010,matched_all_real,3.0,,0,,,840,1120,480,640,0.7920840135904338,0.8814765694076039,,completed,0.3540204999735579,14,1,,,
Binary Matched-Size Augmentation Experiment,binary_matched_size_experiment,journal-matched-size-v1,ha_binary_hausa_movie_review,ha,1010,matched_all_real,3.5,,0,,,980,1260,540,720,0.7952455088498018,0.8842175066312996,,completed,0.22130639996612445,9,1,,,
Binary Matched-Size Augmentation Experiment,binary_matched_size_experiment,journal-matched-size-v1,ha_binary_hausa_movie_review,ha,1010,matched_all_real,4.0,,0,,,1120,1400,600,800,0.7991543340380549,0.8856763925729444,,completed,0.3525476999930106,9,1,,,
Binary Matched-Size Augmentation Experiment,binary_matched_size_experiment,journal-matched-size-v1,ha_binary_hausa_movie_review,ha,1011,matched_all_real,0.5,,0,,,140,420,180,240,0.7939898905737932,0.8588859416445622,,completed,0.11443000001600012,10,1,,,
Binary Matched-Size Augmentation Experiment,binary_matched_size_experiment,journal-matched-size-v1,ha_binary_hausa_movie_review,ha,1011,matched_all_real,0.75,,0,,,210,490,210,280,0.7908380681818181,0.8604332449160035,,completed,0.13668060000054538,10,1,,,
Binary Matched-Size Augmentation Experiment,binary_matched_size_experiment,journal-matched-size-v1,ha_binary_hausa_movie_review,ha,1011,matched_all_real,1.0,,0,,,280,560,240,320,0.7987909808939682,0.8629531388152079,,completed,0.12295669998275116,10,1,,,
Binary Matched-Size Augmentation Experiment,binary_matched_size_experiment,journal-matched-size-v1,ha_binary_hausa_movie_review,ha,1011,matched_all_real,1.25,,0,,,350,630,270,360,0.7956246211495013,0.8710875331564987,,completed,0.16659889998845756,10,1,,,
Binary Matched-Size Augmentation Experiment,binary_matched_size_experiment,journal-matched-size-v1,ha_binary_hausa_movie_review,ha,1011,matched_all_real,1.5,,0,,,420,700,300,400,0.7956246211495013,0.8726348364279398,,completed,0.1722177999909036,8,1,,,
Binary Matched-Size Augmentation Experiment,binary_matched_size_experiment,journal-matched-size-v1,ha_binary_hausa_movie_review,ha,1011,matched_all_real,1.75,,0,,,490,770,330,440,0.7952455088498018,0.8751989389920425,,completed,0.1733754000160843,8,1,,,
Binary Matched-Size Augmentation Experiment,binary_matched_size_experiment,journal-matched-size-v1,ha_binary_hausa_movie_review,ha,1011,matched_all_real,2.0,,0,,,560,840,360,480,0.7822229569625834,0.8761273209549071,,completed,0.1767316999612376,11,1,,,
Binary Matched-Size Augmentation Experiment,binary_matched_size_experiment,journal-matched-size-v1,ha_binary_hausa_movie_review,ha,1011,matched_all_real,2.5,,0,,,700,980,420,560,0.7853770462868994,0.8761273209549072,,completed,0.22080089995870367,11,1,,,
Binary Matched-Size Augmentation Experiment,binary_matched_size_experiment,journal-matched-size-v1,ha_binary_hausa_movie_review,ha,1011,matched_all_real,3.0,,0,,,840,1120,480,640,0.7924594785059902,0.8785145888594165,,completed,0.3325100999791175,13,1,,,
Binary Matched-Size Augmentation Experiment,binary_matched_size_experiment,journal-matched-size-v1,ha_binary_hausa_movie_review,ha,1011,matched_all_real,3.5,,0,,,980,1260,540,720,0.7885322468448772,0.8827586206896553,,completed,0.284113299974706,9,1,,,
Binary Matched-Size Augmentation Experiment,binary_matched_size_experiment,journal-matched-size-v1,ha_binary_hausa_movie_review,ha,1011,matched_all_real,4.0,,0,,,1120,1400,600,800,0.7991543340380549,0.8856763925729444,,completed,0.2804867000086233,9,1,,,
Binary Matched-Size Augmentation Experiment,binary_matched_size_experiment,journal-matched-size-v1,ha_binary_hausa_movie_review,ha,1012,matched_all_real,0.5,,0,,,140,420,180,240,0.7857646229739252,0.8648099027409372,,completed,0.07539020001422614,10,1,,,
Binary Matched-Size Augmentation Experiment,binary_matched_size_experiment,journal-matched-size-v1,ha_binary_hausa_movie_review,ha,1012,matched_all_real,0.75,,0,,,210,490,210,280,0.7892953407778206,0.8696728558797525,,completed,0.13424349995329976,10,1,,,
Binary Matched-Size Augmentation Experiment,binary_matched_size_experiment,journal-matched-size-v1,ha_binary_hausa_movie_review,ha,1012,matched_all_real,1.0,,0,,,280,560,240,320,0.7956246211495013,0.86684350132626,,completed,0.10222180001437664,10,1,,,
Binary Matched-Size Augmentation Experiment,binary_matched_size_experiment,journal-matched-size-v1,ha_binary_hausa_movie_review,ha,1012,matched_all_real,1.25,,0,,,350,630,270,360,0.7896471053411974,0.8706896551724137,,completed,0.13293249998241663,11,1,,,
Binary Matched-Size Augmentation Experiment,binary_matched_size_experiment,journal-matched-size-v1,ha_binary_hausa_movie_review,ha,1012,matched_all_real,1.5,,0,,,420,700,300,400,0.7959843775785247,0.8729885057471264,,completed,0.17739210004219785,8,1,,,
Binary Matched-Size Augmentation Experiment,binary_matched_size_experiment,journal-matched-size-v1,ha_binary_hausa_movie_review,ha,1012,matched_all_real,1.75,,0,,,490,770,330,440,0.7956246211495013,0.8763041556145004,,completed,0.21259870001813397,8,1,,,
Binary Matched-Size Augmentation Experiment,binary_matched_size_experiment,journal-matched-size-v1,ha_binary_hausa_movie_review,ha,1012,matched_all_real,2.0,,0,,,560,840,360,480,0.7896471053411974,0.8775862068965518,,completed,0.18008560000453144,13,1,,,
Binary Matched-Size Augmentation Experiment,binary_matched_size_experiment,journal-matched-size-v1,ha_binary_hausa_movie_review,ha,1012,matched_all_real,2.5,,0,,,700,980,420,560,0.7959843775785247,0.8791335101679929,,completed,0.24563990003662184,9,1,,,
Binary Matched-Size Augmentation Experiment,binary_matched_size_experiment,journal-matched-size-v1,ha_binary_hausa_movie_review,ha,1012,matched_all_real,3.0,,0,,,840,1120,480,640,0.7853770462868994,0.8817418213969938,,completed,0.25399899994954467,9,1,,,
Binary Matched-Size Augmentation Experiment,binary_matched_size_experiment,journal-matched-size-v1,ha_binary_hausa_movie_review,ha,1012,matched_all_real,3.5,,0,,,980,1260,540,720,0.7956246211495013,0.8832449160035367,,completed,0.2995307000237517,9,1,,,
Binary Matched-Size Augmentation Experiment,binary_matched_size_experiment,journal-matched-size-v1,ha_binary_hausa_movie_review,ha,1012,matched_all_real,4.0,,0,,,1120,1400,600,800,0.7991543340380549,0.8856763925729444,,completed,0.2912241000449285,9,1,,,
Binary Matched-Size Augmentation Experiment,binary_matched_size_experiment,journal-matched-size-v1,ha_binary_hausa_movie_review,ha,1013,matched_all_real,0.5,,0,,,140,420,180,240,0.7920840135904338,0.8622458001768347,,completed,0.119918400014285,10,1,,,
Binary Matched-Size Augmentation Experiment,binary_matched_size_experiment,journal-matched-size-v1,ha_binary_hausa_movie_review,ha,1013,matched_all_real,0.75,,0,,,210,490,210,280,0.8054979481975025,0.8669319186560566,,completed,0.09300120000261813,10,1,,,
Binary Matched-Size Augmentation Experiment,binary_matched_size_experiment,journal-matched-size-v1,ha_binary_hausa_movie_review,ha,1013,matched_all_real,1.0,,0,,,280,560,240,320,0.8054979481975025,0.8698496905393458,,completed,0.1322836999897845,11,1,,,
Binary Matched-Size Augmentation Experiment,binary_matched_size_experiment,journal-matched-size-v1,ha_binary_hausa_movie_review,ha,1013,matched_all_real,1.25,,0,,,350,630,270,360,0.7980066445182725,0.8702033598585323,,completed,0.21032780001405627,11,1,,,
Binary Matched-Size Augmentation Experiment,binary_matched_size_experiment,journal-matched-size-v1,ha_binary_hausa_movie_review,ha,1013,matched_all_real,1.5,,0,,,420,700,300,400,0.8051282051282052,0.871971706454465,,completed,0.2132532999967225,8,1,,,
Binary Matched-Size Augmentation Experiment,binary_matched_size_experiment,journal-matched-size-v1,ha_binary_hausa_movie_review,ha,1013,matched_all_real,1.75,,0,,,490,770,330,440,0.8019587708547263,0.87236958443855,,completed,0.23125599999912083,11,1,,,
Binary Matched-Size Augmentation Experiment,binary_matched_size_experiment,journal-matched-size-v1,ha_binary_hausa_movie_review,ha,1013,matched_all_real,2.0,,0,,,560,840,360,480,0.7956246211495013,0.8755968169761272,,completed,0.23409919999539852,11,1,,,
Binary Matched-Size Augmentation Experiment,binary_matched_size_experiment,journal-matched-size-v1,ha_binary_hausa_movie_review,ha,1013,matched_all_real,2.5,,0,,,700,980,420,560,0.8054979481975025,0.879708222811671,,completed,0.28020069998456165,13,1,,,
Binary Matched-Size Augmentation Experiment,binary_matched_size_experiment,journal-matched-size-v1,ha_binary_hausa_movie_review,ha,1013,matched_all_real,3.0,,0,,,840,1120,480,640,0.8058491895701199,0.8834659593280283,,completed,0.23006539995549247,13,1,,,
Binary Matched-Size Augmentation Experiment,binary_matched_size_experiment,journal-matched-size-v1,ha_binary_hausa_movie_review,ha,1013,matched_all_real,3.5,,0,,,980,1260,540,720,0.7991543340380549,0.8845711759504863,,completed,0.32069800002500415,14,1,,,
Binary Matched-Size Augmentation Experiment,binary_matched_size_experiment,journal-matched-size-v1,ha_binary_hausa_movie_review,ha,1013,matched_all_real,4.0,,0,,,1120,1400,600,800,0.7991543340380549,0.8856763925729444,,completed,0.3020084000308998,9,1,,,
Binary Matched-Size Augmentation Experiment,binary_matched_size_experiment,journal-matched-size-v1,ha_binary_hausa_movie_review,ha,1014,matched_all_real,0.5,,0,,,140,420,180,240,0.771529619805482,0.8432802829354553,,completed,0.1167468000203371,11,1,,,
Binary Matched-Size Augmentation Experiment,binary_matched_size_experiment,journal-matched-size-v1,ha_binary_hausa_movie_review,ha,1014,matched_all_real,0.75,,0,,,210,490,210,280,0.7849690539345712,0.8493368700265251,,completed,0.12526480003725737,12,1,,,
Binary Matched-Size Augmentation Experiment,binary_matched_size_experiment,journal-matched-size-v1,ha_binary_hausa_movie_review,ha,1014,matched_all_real,1.0,,0,,,280,560,240,320,0.7889237890560423,0.8561450044208665,,completed,0.17962020001141354,15,1,,,
Binary Matched-Size Augmentation Experiment,binary_matched_size_experiment,journal-matched-size-v1,ha_binary_hausa_movie_review,ha,1014,matched_all_real,1.25,,0,,,350,630,270,360,0.7991543340380549,0.865605658709107,,completed,0.20715440000640228,11,1,,,
Binary Matched-Size Augmentation Experiment,binary_matched_size_experiment,journal-matched-size-v1,ha_binary_hausa_movie_review,ha,1014,matched_all_real,1.5,,0,,,420,700,300,400,0.8026734143792288,0.8684350132625994,,completed,0.23753250000299886,11,1,,,
Binary Matched-Size Augmentation Experiment,binary_matched_size_experiment,journal-matched-size-v1,ha_binary_hausa_movie_review,ha,1014,matched_all_real,1.75,,0,,,490,770,330,440,0.8019587708547263,0.8696728558797526,,completed,0.21692850004183128,11,1,,,
Binary Matched-Size Augmentation Experiment,binary_matched_size_experiment,journal-matched-size-v1,ha_binary_hausa_movie_review,ha,1014,matched_all_real,2.0,,0,,,560,840,360,480,0.7991543340380549,0.8713969938107868,,completed,0.24423089995980263,14,1,,,
Binary Matched-Size Augmentation Experiment,binary_matched_size_experiment,journal-matched-size-v1,ha_binary_hausa_movie_review,ha,1014,matched_all_real,2.5,,0,,,700,980,420,560,0.7991543340380549,0.8745800176834659,,completed,0.28146109997760504,13,1,,,
Binary Matched-Size Augmentation Experiment,binary_matched_size_experiment,journal-matched-size-v1,ha_binary_hausa_movie_review,ha,1014,matched_all_real,3.0,,0,,,840,1120,480,640,0.8030028446846135,0.8790450928381962,,completed,0.3411630000337027,14,1,,,
Binary Matched-Size Augmentation Experiment,binary_matched_size_experiment,journal-matched-size-v1,ha_binary_hausa_movie_review,ha,1014,matched_all_real,3.5,,0,,,980,1260,540,720,0.8058491895701199,0.880946065428824,,completed,0.3831796000013128,14,1,,,
Binary Matched-Size Augmentation Experiment,binary_matched_size_experiment,journal-matched-size-v1,ha_binary_hausa_movie_review,ha,1014,matched_all_real,4.0,,0,,,1120,1400,600,800,0.7991543340380549,0.8856763925729444,,completed,0.2966963999788277,9,1,,,
Binary Matched-Size Augmentation Experiment,binary_matched_size_experiment,journal-matched-size-v1,ha_binary_hausa_movie_review,ha,1015,matched_all_real,0.5,,0,,,140,420,180,240,0.7809482634385359,0.86131741821397,,completed,0.14226429996779189,10,1,,,
Binary Matched-Size Augmentation Experiment,binary_matched_size_experiment,journal-matched-size-v1,ha_binary_hausa_movie_review,ha,1015,matched_all_real,0.75,,0,,,210,490,210,280,0.7818189848399528,0.865473032714412,,completed,0.08094419998815283,10,1,,,
Binary Matched-Size Augmentation Experiment,binary_matched_size_experiment,journal-matched-size-v1,ha_binary_hausa_movie_review,ha,1015,matched_all_real,1.0,,0,,,280,560,240,320,0.7924594785059902,0.8727674624226349,,completed,0.1354431000072509,10,1,,,
Binary Matched-Size Augmentation Experiment,binary_matched_size_experiment,journal-matched-size-v1,ha_binary_hausa_movie_review,ha,1015,matched_all_real,1.25,,0,,,350,630,270,360,0.7987909808939682,0.8776746242263483,,completed,0.18217390001518652,11,1,,,
Binary Matched-Size Augmentation Experiment,binary_matched_size_experiment,journal-matched-size-v1,ha_binary_hausa_movie_review,ha,1015,matched_all_real,1.5,,0,,,420,700,300,400,0.8054979481975025,0.8805923961096374,,completed,0.16449269995791838,8,1,,,
Binary Matched-Size Augmentation Experiment,binary_matched_size_experiment,journal-matched-size-v1,ha_binary_hausa_movie_review,ha,1015,matched_all_real,1.75,,0,,,490,770,330,440,0.7984084880636605,0.8803271441202475,,completed,0.1530184000148438,8,1,,,
Binary Matched-Size Augmentation Experiment,binary_matched_size_experiment,journal-matched-size-v1,ha_binary_hausa_movie_review,ha,1015,matched_all_real,2.0,,0,,,560,840,360,480,0.7948468320961157,0.880106100795756,,completed,0.22988349996739998,13,1,,,
Binary Matched-Size Augmentation Experiment,binary_matched_size_experiment,journal-matched-size-v1,ha_binary_hausa_movie_review,ha,1015,matched_all_real,2.5,,0,,,700,980,420,560,0.7991543340380549,0.8805039787798408,,completed,0.25743499997770414,14,1,,,
Binary Matched-Size Augmentation Experiment,binary_matched_size_experiment,journal-matched-size-v1,ha_binary_hausa_movie_review,ha,1015,matched_all_real,3.0,,0,,,840,1120,480,640,0.7991543340380549,0.8849690539345711,,completed,0.18351799994707108,9,1,,,
Binary Matched-Size Augmentation Experiment,binary_matched_size_experiment,journal-matched-size-v1,ha_binary_hausa_movie_review,ha,1015,matched_all_real,3.5,,0,,,980,1260,540,720,0.8030028446846135,0.8864279398762158,,completed,0.334664799971506,9,1,,,
Binary Matched-Size Augmentation Experiment,binary_matched_size_experiment,journal-matched-size-v1,ha_binary_hausa_movie_review,ha,1015,matched_all_real,4.0,,0,,,1120,1400,600,800,0.7991543340380549,0.8856763925729444,,completed,0.3271982000442222,9,1,,,
Binary Matched-Size Augmentation Experiment,binary_matched_size_experiment,journal-matched-size-v1,ha_binary_hausa_movie_review,ha,1016,matched_all_real,0.5,,0,,,140,420,180,240,0.7656800563777308,0.8439876215738285,,completed,0.0704492999939248,10,1,,,
Binary Matched-Size Augmentation Experiment,binary_matched_size_experiment,journal-matched-size-v1,ha_binary_hausa_movie_review,ha,1016,matched_all_real,0.75,,0,,,210,490,210,280,0.7692282303757082,0.8447391688771,,completed,0.12620689999312162,10,1,,,
Binary Matched-Size Augmentation Experiment,binary_matched_size_experiment,journal-matched-size-v1,ha_binary_hausa_movie_review,ha,1016,matched_all_real,1.0,,0,,,280,560,240,320,0.7762913659977814,0.8473916887709991,,completed,0.13743140001315624,11,1,,,
Binary Matched-Size Augmentation Experiment,binary_matched_size_experiment,journal-matched-size-v1,ha_binary_hausa_movie_review,ha,1016,matched_all_real,1.25,,0,,,350,630,270,360,0.7826063039771165,0.8538019451812556,,completed,0.14939060003962368,11,1,,,
Binary Matched-Size Augmentation Experiment,binary_matched_size_experiment,journal-matched-size-v1,ha_binary_hausa_movie_review,ha,1016,matched_all_real,1.5,,0,,,420,700,300,400,0.7892953407778206,0.8606542882404951,,completed,0.1527936999918893,11,1,,,
Binary Matched-Size Augmentation Experiment,binary_matched_size_experiment,journal-matched-size-v1,ha_binary_hausa_movie_review,ha,1016,matched_all_real,1.75,,0,,,490,770,330,440,0.8001314924391847,0.8656498673740053,,completed,0.2275484999991022,11,1,,,
Binary Matched-Size Augmentation Experiment,binary_matched_size_experiment,journal-matched-size-v1,ha_binary_hausa_movie_review,ha,1016,matched_all_real,2.0,,0,,,560,840,360,480,0.8023254532429602,0.8705128205128205,,completed,0.1806423999951221,11,1,,,
Binary Matched-Size Augmentation Experiment,binary_matched_size_experiment,journal-matched-size-v1,ha_binary_hausa_movie_review,ha,1016,matched_all_real,2.5,,0,,,700,980,420,560,0.7991543340380549,0.8745800176834659,,completed,0.26559899997664616,13,1,,,
Binary Matched-Size Augmentation Experiment,binary_matched_size_experiment,journal-matched-size-v1,ha_binary_hausa_movie_review,ha,1016,matched_all_real,3.0,,0,,,840,1120,480,640,0.8023254532429602,0.8802829354553491,,completed,0.34459690004587173,14,1,,,
Binary Matched-Size Augmentation Experiment,binary_matched_size_experiment,journal-matched-size-v1,ha_binary_hausa_movie_review,ha,1016,matched_all_real,3.5,,0,,,980,1260,540,720,0.7991543340380549,0.8852785145888593,,completed,0.27882260002661496,9,1,,,
Binary Matched-Size Augmentation Experiment,binary_matched_size_experiment,journal-matched-size-v1,ha_binary_hausa_movie_review,ha,1016,matched_all_real,4.0,,0,,,1120,1400,600,800,0.7991543340380549,0.8856763925729444,,completed,0.31589000002713874,9,1,,,
Binary Matched-Size Augmentation Experiment,binary_matched_size_experiment,journal-matched-size-v1,ha_binary_hausa_movie_review,ha,1017,matched_all_real,0.5,,0,,,140,420,180,240,0.7790697674418605,0.8536693191865606,,completed,0.10038790001999587,10,1,,,
Binary Matched-Size Augmentation Experiment,binary_matched_size_experiment,journal-matched-size-v1,ha_binary_hausa_movie_review,ha,1017,matched_all_real,0.75,,0,,,210,490,210,280,0.7861319966583125,0.8558797524314765,,completed,0.14076340000610799,11,1,,,
Binary Matched-Size Augmentation Experiment,binary_matched_size_experiment,journal-matched-size-v1,ha_binary_hausa_movie_review,ha,1017,matched_all_real,1.0,,0,,,280,560,240,320,0.7963249750129054,0.8594606542882405,,completed,0.16116959997452796,8,1,,,
Binary Matched-Size Augmentation Experiment,binary_matched_size_experiment,journal-matched-size-v1,ha_binary_hausa_movie_review,ha,1017,matched_all_real,1.25,,0,,,350,630,270,360,0.7924594785059902,0.8631299734748011,,completed,0.1691630000132136,8,1,,,
Binary Matched-Size Augmentation Experiment,binary_matched_size_experiment,journal-matched-size-v1,ha_binary_hausa_movie_review,ha,1017,matched_all_real,1.5,,0,,,420,700,300,400,0.8023254532429602,0.8658267020335985,,completed,0.1947356999735348,8,1,,,
Binary Matched-Size Augmentation Experiment,binary_matched_size_experiment,journal-matched-size-v1,ha_binary_hausa_movie_review,ha,1017,matched_all_real,1.75,,0,,,490,770,330,440,0.7952455088498018,0.8690539345711759,,completed,0.2029566999990493,8,1,,,
Binary Matched-Size Augmentation Experiment,binary_matched_size_experiment,journal-matched-size-v1,ha_binary_hausa_movie_review,ha,1017,matched_all_real,2.0,,0,,,560,840,360,480,0.7991543340380549,0.8691423519009726,,completed,0.23871510004391894,11,1,,,
Binary Matched-Size Augmentation Experiment,binary_matched_size_experiment,journal-matched-size-v1,ha_binary_hausa_movie_review,ha,1017,matched_all_real,2.5,,0,,,700,980,420,560,0.7959843775785247,0.8752431476569408,,completed,0.23595980001846328,11,1,,,
Binary Matched-Size Augmentation Experiment,binary_matched_size_experiment,journal-matched-size-v1,ha_binary_hausa_movie_review,ha,1017,matched_all_real,3.0,,0,,,840,1120,480,640,0.7928153717627402,0.8794429708222812,,completed,0.3127239999594167,14,1,,,
Binary Matched-Size Augmentation Experiment,binary_matched_size_experiment,journal-matched-size-v1,ha_binary_hausa_movie_review,ha,1017,matched_all_real,3.5,,0,,,980,1260,540,720,0.7924594785059902,0.8831122900088416,,completed,0.28431479999562725,9,1,,,
Binary Matched-Size Augmentation Experiment,binary_matched_size_experiment,journal-matched-size-v1,ha_binary_hausa_movie_review,ha,1017,matched_all_real,4.0,,0,,,1120,1400,600,800,0.7991543340380549,0.8856763925729444,,completed,0.3683914999710396,9,1,,,
Binary Matched-Size Augmentation Experiment,binary_matched_size_experiment,journal-matched-size-v1,ha_binary_hausa_movie_review,ha,1018,matched_all_real,0.5,,0,,,140,420,180,240,0.7529143238879921,0.8434571175950486,,completed,0.0962512000114657,11,1,,,
Binary Matched-Size Augmentation Experiment,binary_matched_size_experiment,journal-matched-size-v1,ha_binary_hausa_movie_review,ha,1018,matched_all_real,0.75,,0,,,210,490,210,280,0.7786700789833649,0.8506189213085764,,completed,0.1464216000167653,11,1,,,
Binary Matched-Size Augmentation Experiment,binary_matched_size_experiment,journal-matched-size-v1,ha_binary_hausa_movie_review,ha,1018,matched_all_real,1.0,,0,,,280,560,240,320,0.7826063039771165,0.8549071618037136,,completed,0.15297070000087842,8,1,,,
Binary Matched-Size Augmentation Experiment,binary_matched_size_experiment,journal-matched-size-v1,ha_binary_hausa_movie_review,ha,1018,matched_all_real,1.25,,0,,,350,630,270,360,0.7885322468448772,0.8550397877984085,,completed,0.1764359000371769,11,1,,,
Binary Matched-Size Augmentation Experiment,binary_matched_size_experiment,journal-matched-size-v1,ha_binary_hausa_movie_review,ha,1018,matched_all_real,1.5,,0,,,420,700,300,400,0.7994987468671679,0.8617595048629532,,completed,0.14420009998138994,11,1,,,
Binary Matched-Size Augmentation Experiment,binary_matched_size_experiment,journal-matched-size-v1,ha_binary_hausa_movie_review,ha,1018,matched_all_real,1.75,,0,,,490,770,330,440,0.8093624511799329,0.868788682581786,,completed,0.1817968999966979,11,1,,,
Binary Matched-Size Augmentation Experiment,binary_matched_size_experiment,journal-matched-size-v1,ha_binary_hausa_movie_review,ha,1018,matched_all_real,2.0,,0,,,560,840,360,480,0.8090262853364192,0.8726348364279398,,completed,0.18212199996924028,11,1,,,
Binary Matched-Size Augmentation Experiment,binary_matched_size_experiment,journal-matched-size-v1,ha_binary_hausa_movie_review,ha,1018,matched_all_real,2.5,,0,,,700,980,420,560,0.7994987468671679,0.8777188328912467,,completed,0.2214366999687627,14,1,,,
Binary Matched-Size Augmentation Experiment,binary_matched_size_experiment,journal-matched-size-v1,ha_binary_hausa_movie_review,ha,1018,matched_all_real,3.0,,0,,,840,1120,480,640,0.7991543340380549,0.8794429708222812,,completed,0.35213820001808926,13,1,,,
Binary Matched-Size Augmentation Experiment,binary_matched_size_experiment,journal-matched-size-v1,ha_binary_hausa_movie_review,ha,1018,matched_all_real,3.5,,0,,,980,1260,540,720,0.8093624511799329,0.8812997347480106,,completed,0.3541966999764554,15,1,,,
Binary Matched-Size Augmentation Experiment,binary_matched_size_experiment,journal-matched-size-v1,ha_binary_hausa_movie_review,ha,1018,matched_all_real,4.0,,0,,,1120,1400,600,800,0.7991543340380549,0.8856763925729444,,completed,0.3085346999578178,9,1,,,
Binary Matched-Size Augmentation Experiment,binary_matched_size_experiment,journal-matched-size-v1,ha_binary_hausa_movie_review,ha,1019,matched_all_real,0.5,,0,,,140,420,180,240,0.77734375,0.8589301503094606,,completed,0.14502850000280887,10,1,,,
Binary Matched-Size Augmentation Experiment,binary_matched_size_experiment,journal-matched-size-v1,ha_binary_hausa_movie_review,ha,1019,matched_all_real,0.75,,0,,,210,490,210,280,0.7849690539345712,0.862820512820513,,completed,0.14273870002944022,10,1,,,
Binary Matched-Size Augmentation Experiment,binary_matched_size_experiment,journal-matched-size-v1,ha_binary_hausa_movie_review,ha,1019,matched_all_real,1.0,,0,,,280,560,240,320,0.7845404208194906,0.863969938107869,,completed,0.13282790000084788,10,1,,,
Binary Matched-Size Augmentation Experiment,binary_matched_size_experiment,journal-matched-size-v1,ha_binary_hausa_movie_review,ha,1019,matched_all_real,1.25,,0,,,350,630,270,360,0.7944283703038566,0.8694960212201592,,completed,0.17531570000573993,11,1,,,
Binary Matched-Size Augmentation Experiment,binary_matched_size_experiment,journal-matched-size-v1,ha_binary_hausa_movie_review,ha,1019,matched_all_real,1.5,,0,,,420,700,300,400,0.7944283703038566,0.8746684350132625,,completed,0.15915050002513453,11,1,,,
Binary Matched-Size Augmentation Experiment,binary_matched_size_experiment,journal-matched-size-v1,ha_binary_hausa_movie_review,ha,1019,matched_all_real,1.75,,0,,,490,770,330,440,0.7980066445182725,0.8778956675508399,,completed,0.16183950001141056,11,1,,,
Binary Matched-Size Augmentation Experiment,binary_matched_size_experiment,journal-matched-size-v1,ha_binary_hausa_movie_review,ha,1019,matched_all_real,2.0,,0,,,560,840,360,480,0.7948468320961157,0.8806366047745359,,completed,0.12301810004282743,8,1,,,
Binary Matched-Size Augmentation Experiment,binary_matched_size_experiment,journal-matched-size-v1,ha_binary_hausa_movie_review,ha,1019,matched_all_real,2.5,,0,,,700,980,420,560,0.8019587708547263,0.8839080459770116,,completed,0.21505509997950867,8,1,,,
Binary Matched-Size Augmentation Experiment,binary_matched_size_experiment,journal-matched-size-v1,ha_binary_hausa_movie_review,ha,1019,matched_all_real,3.0,,0,,,840,1120,480,640,0.8026734143792288,0.8802829354553492,,completed,0.2883830000064336,14,1,,,
Binary Matched-Size Augmentation Experiment,binary_matched_size_experiment,journal-matched-size-v1,ha_binary_hausa_movie_review,ha,1019,matched_all_real,3.5,,0,,,980,1260,540,720,0.7991543340380549,0.8821839080459771,,completed,0.3650494000175968,13,1,,,
Binary Matched-Size Augmentation Experiment,binary_matched_size_experiment,journal-matched-size-v1,ha_binary_hausa_movie_review,ha,1019,matched_all_real,4.0,,0,,,1120,1400,600,800,0.7991543340380549,0.8856763925729444,,completed,0.3260989999980666,9,1,,,
Binary Matched-Size Augmentation Experiment,binary_matched_size_experiment,journal-matched-size-v1,ha_binary_hausa_movie_review,ha,1020,matched_all_real,0.5,,0,,,140,420,180,240,0.7804621848739496,0.8494252873563218,,completed,0.10992259997874498,8,1,,,
Binary Matched-Size Augmentation Experiment,binary_matched_size_experiment,journal-matched-size-v1,ha_binary_hausa_movie_review,ha,1020,matched_all_real,0.75,,0,,,210,490,210,280,0.7801446416831033,0.8514588859416445,,completed,0.13735219999216497,8,1,,,
Binary Matched-Size Augmentation Experiment,binary_matched_size_experiment,journal-matched-size-v1,ha_binary_hausa_movie_review,ha,1020,matched_all_real,1.0,,0,,,280,560,240,320,0.7868069252684637,0.8522546419098143,,completed,0.1845886000082828,8,1,,,
Binary Matched-Size Augmentation Experiment,binary_matched_size_experiment,journal-matched-size-v1,ha_binary_hausa_movie_review,ha,1020,matched_all_real,1.25,,0,,,350,630,270,360,0.79315188762072,0.8578249336870026,,completed,0.19492450001416728,11,1,,,
Binary Matched-Size Augmentation Experiment,binary_matched_size_experiment,journal-matched-size-v1,ha_binary_hausa_movie_review,ha,1020,matched_all_real,1.5,,0,,,420,700,300,400,0.7934692088538242,0.8618037135278515,,completed,0.2031979999737814,13,1,,,
Binary Matched-Size Augmentation Experiment,binary_matched_size_experiment,journal-matched-size-v1,ha_binary_hausa_movie_review,ha,1020,matched_all_real,1.75,,0,,,490,770,330,440,0.8036068194509838,0.8651635720601237,,completed,0.22568410000531003,14,1,,,
Binary Matched-Size Augmentation Experiment,binary_matched_size_experiment,journal-matched-size-v1,ha_binary_hausa_movie_review,ha,1020,matched_all_real,2.0,,0,,,560,840,360,480,0.8096807143563215,0.8685234305923962,,completed,0.21692320000147447,13,1,,,
Binary Matched-Size Augmentation Experiment,binary_matched_size_experiment,journal-matched-size-v1,ha_binary_hausa_movie_review,ha,1020,matched_all_real,2.5,,0,,,700,980,420,560,0.7928153717627402,0.8709106984969055,,completed,0.2583623999962583,14,1,,,
Binary Matched-Size Augmentation Experiment,binary_matched_size_experiment,journal-matched-size-v1,ha_binary_hausa_movie_review,ha,1020,matched_all_real,3.0,,0,,,840,1120,480,640,0.7991543340380549,0.8763041556145005,,completed,0.32850750000216067,13,1,,,
Binary Matched-Size Augmentation Experiment,binary_matched_size_experiment,journal-matched-size-v1,ha_binary_hausa_movie_review,ha,1020,matched_all_real,3.5,,0,,,980,1260,540,720,0.7956246211495013,0.8801945181255527,,completed,0.27533380000386387,9,1,,,
Binary Matched-Size Augmentation Experiment,binary_matched_size_experiment,journal-matched-size-v1,ha_binary_hausa_movie_review,ha,1020,matched_all_real,4.0,,0,,,1120,1400,600,800,0.7991543340380549,0.8856763925729444,,completed,0.3242690999759361,9,1,,,
Binary Matched-Size Augmentation Experiment,binary_matched_size_experiment,journal-matched-size-v1,ha_binary_hausa_movie_review,ha,1021,matched_all_real,0.5,,0,,,140,420,180,240,0.7633346679122737,0.8485411140583554,,completed,0.13008929998613894,10,1,,,
Binary Matched-Size Augmentation Experiment,binary_matched_size_experiment,journal-matched-size-v1,ha_binary_hausa_movie_review,ha,1021,matched_all_real,0.75,,0,,,210,490,210,280,0.7705965909090908,0.8528293545534925,,completed,0.13867880002362654,8,1,,,
Binary Matched-Size Augmentation Experiment,binary_matched_size_experiment,journal-matched-size-v1,ha_binary_hausa_movie_review,ha,1021,matched_all_real,1.0,,0,,,280,560,240,320,0.7849690539345712,0.8623342175066312,,completed,0.13536620000377297,8,1,,,
Binary Matched-Size Augmentation Experiment,binary_matched_size_experiment,journal-matched-size-v1,ha_binary_hausa_movie_review,ha,1021,matched_all_real,1.25,,0,,,350,630,270,360,0.7746678319744222,0.8619363395225463,,completed,0.21936009998898953,11,1,,,
Binary Matched-Size Augmentation Experiment,binary_matched_size_experiment,journal-matched-size-v1,ha_binary_hausa_movie_review,ha,1021,matched_all_real,1.5,,0,,,420,700,300,400,0.7889237890560423,0.8681697612732096,,completed,0.1861854000017047,8,1,,,
Binary Matched-Size Augmentation Experiment,binary_matched_size_experiment,journal-matched-size-v1,ha_binary_hausa_movie_review,ha,1021,matched_all_real,1.75,,0,,,490,770,330,440,0.7818189848399528,0.8700707338638374,,completed,0.17510539997601882,11,1,,,
Binary Matched-Size Augmentation Experiment,binary_matched_size_experiment,journal-matched-size-v1,ha_binary_hausa_movie_review,ha,1021,matched_all_real,2.0,,0,,,560,840,360,480,0.7952455088498018,0.8751989389920424,,completed,0.2295849000220187,11,1,,,
Binary Matched-Size Augmentation Experiment,binary_matched_size_experiment,journal-matched-size-v1,ha_binary_hausa_movie_review,ha,1021,matched_all_real,2.5,,0,,,700,980,420,560,0.7987909808939682,0.8818744473916887,,completed,0.24510850000660866,12,1,,,
Binary Matched-Size Augmentation Experiment,binary_matched_size_experiment,journal-matched-size-v1,ha_binary_hausa_movie_review,ha,1021,matched_all_real,3.0,,0,,,840,1120,480,640,0.7822229569625834,0.8837754199823165,,completed,0.3343761999858543,13,1,,,
Binary Matched-Size Augmentation Experiment,binary_matched_size_experiment,journal-matched-size-v1,ha_binary_hausa_movie_review,ha,1021,matched_all_real,3.5,,0,,,980,1260,540,720,0.7991543340380549,0.8855879752431477,,completed,0.21464449999621138,9,1,,,
Binary Matched-Size Augmentation Experiment,binary_matched_size_experiment,journal-matched-size-v1,ha_binary_hausa_movie_review,ha,1021,matched_all_real,4.0,,0,,,1120,1400,600,800,0.7991543340380549,0.8856763925729444,,completed,0.2708802000270225,9,1,,,
Binary Matched-Size Augmentation Experiment,binary_matched_size_experiment,journal-matched-size-v1,ha_binary_hausa_movie_review,ha,1022,matched_all_real,0.5,,0,,,140,420,180,240,0.7956246211495013,0.8744031830238728,,completed,0.10795799997868016,10,1,,,
Binary Matched-Size Augmentation Experiment,binary_matched_size_experiment,journal-matched-size-v1,ha_binary_hausa_movie_review,ha,1022,matched_all_real,0.75,,0,,,210,490,210,280,0.7984084880636605,0.8747126436781612,,completed,0.07957489998079836,10,1,,,
Binary Matched-Size Augmentation Experiment,binary_matched_size_experiment,journal-matched-size-v1,ha_binary_hausa_movie_review,ha,1022,matched_all_real,1.0,,0,,,280,560,240,320,0.803905867698741,0.8796640141467728,,completed,0.18094600003678352,10,1,,,
Binary Matched-Size Augmentation Experiment,binary_matched_size_experiment,journal-matched-size-v1,ha_binary_hausa_movie_review,ha,1022,matched_all_real,1.25,,0,,,350,630,270,360,0.7952455088498018,0.8800618921308576,,completed,0.14090400002896786,11,1,,,
Binary Matched-Size Augmentation Experiment,binary_matched_size_experiment,journal-matched-size-v1,ha_binary_hausa_movie_review,ha,1022,matched_all_real,1.5,,0,,,420,700,300,400,0.8019587708547263,0.879973474801061,,completed,0.15202610002597794,11,1,,,
Binary Matched-Size Augmentation Experiment,binary_matched_size_experiment,journal-matched-size-v1,ha_binary_hausa_movie_review,ha,1022,matched_all_real,1.75,,0,,,490,770,330,440,0.8015731654700136,0.8796198054818745,,completed,0.16868020000401884,11,1,,,
Binary Matched-Size Augmentation Experiment,binary_matched_size_experiment,journal-matched-size-v1,ha_binary_hausa_movie_review,ha,1022,matched_all_real,2.0,,0,,,560,840,360,480,0.7916887709991158,0.8786472148541115,,completed,0.21751899999799207,8,1,,,
Binary Matched-Size Augmentation Experiment,binary_matched_size_experiment,journal-matched-size-v1,ha_binary_hausa_movie_review,ha,1022,matched_all_real,2.5,,0,,,700,980,420,560,0.7885322468448772,0.8770557029177719,,completed,0.2736267000436783,11,1,,,
Binary Matched-Size Augmentation Experiment,binary_matched_size_experiment,journal-matched-size-v1,ha_binary_hausa_movie_review,ha,1022,matched_all_real,3.0,,0,,,840,1120,480,640,0.7920840135904338,0.8785145888594165,,completed,0.3126326000201516,14,1,,,
Binary Matched-Size Augmentation Experiment,binary_matched_size_experiment,journal-matched-size-v1,ha_binary_hausa_movie_review,ha,1022,matched_all_real,3.5,,0,,,980,1260,540,720,0.7885322468448772,0.8800618921308577,,completed,0.3358198999776505,9,1,,,
Binary Matched-Size Augmentation Experiment,binary_matched_size_experiment,journal-matched-size-v1,ha_binary_hausa_movie_review,ha,1022,matched_all_real,4.0,,0,,,1120,1400,600,800,0.7991543340380549,0.8856763925729444,,completed,0.260577299981378,9,1,,,
Binary Matched-Size Augmentation Experiment,binary_matched_size_experiment,journal-matched-size-v1,ha_binary_hausa_movie_review,ha,1023,matched_all_real,0.5,,0,,,140,420,180,240,0.7746678319744222,0.8582228116710875,,completed,0.1256027999916114,8,1,,,
Binary Matched-Size Augmentation Experiment,binary_matched_size_experiment,journal-matched-size-v1,ha_binary_hausa_movie_review,ha,1023,matched_all_real,0.75,,0,,,210,490,210,280,0.7755221248691244,0.8594164456233421,,completed,0.11084119998849928,8,1,,,
Binary Matched-Size Augmentation Experiment,binary_matched_size_experiment,journal-matched-size-v1,ha_binary_hausa_movie_review,ha,1023,matched_all_real,1.0,,0,,,280,560,240,320,0.7849690539345712,0.8635720601237842,,completed,0.09821560001000762,8,1,,,
Binary Matched-Size Augmentation Experiment,binary_matched_size_experiment,journal-matched-size-v1,ha_binary_hausa_movie_review,ha,1023,matched_all_real,1.25,,0,,,350,630,270,360,0.7924594785059902,0.8622015915119363,,completed,0.12875810003606603,11,1,,,
Binary Matched-Size Augmentation Experiment,binary_matched_size_experiment,journal-matched-size-v1,ha_binary_hausa_movie_review,ha,1023,matched_all_real,1.5,,0,,,420,700,300,400,0.7956246211495013,0.8668435013262599,,completed,0.22892809996847063,14,1,,,
Binary Matched-Size Augmentation Experiment,binary_matched_size_experiment,journal-matched-size-v1,ha_binary_hausa_movie_review,ha,1023,matched_all_real,1.75,,0,,,490,770,330,440,0.7959843775785247,0.8679929266136163,,completed,0.2668071999796666,11,1,,,
Binary Matched-Size Augmentation Experiment,binary_matched_size_experiment,journal-matched-size-v1,ha_binary_hausa_movie_review,ha,1023,matched_all_real,2.0,,0,,,560,840,360,480,0.7963249750129054,0.8743589743589744,,completed,0.21786699997028336,13,1,,,
Binary Matched-Size Augmentation Experiment,binary_matched_size_experiment,journal-matched-size-v1,ha_binary_hausa_movie_review,ha,1023,matched_all_real,2.5,,0,,,700,980,420,560,0.7924594785059902,0.8762157382847039,,completed,0.31444400001782924,13,1,,,
Binary Matched-Size Augmentation Experiment,binary_matched_size_experiment,journal-matched-size-v1,ha_binary_hausa_movie_review,ha,1023,matched_all_real,3.0,,0,,,840,1120,480,640,0.7991543340380549,0.8784261715296199,,completed,0.30739020003238693,14,1,,,
Binary Matched-Size Augmentation Experiment,binary_matched_size_experiment,journal-matched-size-v1,ha_binary_hausa_movie_review,ha,1023,matched_all_real,3.5,,0,,,980,1260,540,720,0.8023254532429602,0.8826702033598585,,completed,0.2462876999634318,9,1,,,
Binary Matched-Size Augmentation Experiment,binary_matched_size_experiment,journal-matched-size-v1,ha_binary_hausa_movie_review,ha,1023,matched_all_real,4.0,,0,,,1120,1400,600,800,0.7991543340380549,0.8856763925729444,,completed,0.27893249999033287,9,1,,,
Binary Matched-Size Augmentation Experiment,binary_matched_size_experiment,journal-matched-size-v1,ha_binary_hausa_movie_review,ha,1024,matched_all_real,0.5,,0,,,140,420,180,240,0.7956246211495013,0.8515030946065428,,completed,0.032136599998921156,11,1,,,
Binary Matched-Size Augmentation Experiment,binary_matched_size_experiment,journal-matched-size-v1,ha_binary_hausa_movie_review,ha,1024,matched_all_real,0.75,,0,,,210,490,210,280,0.7984084880636605,0.857471264367816,,completed,0.05500320001738146,11,1,,,
Binary Matched-Size Augmentation Experiment,binary_matched_size_experiment,journal-matched-size-v1,ha_binary_hausa_movie_review,ha,1024,matched_all_real,1.0,,0,,,280,560,240,320,0.8125440451021846,0.8620689655172414,,completed,0.16779430001042783,11,1,,,
Binary Matched-Size Augmentation Experiment,binary_matched_size_experiment,journal-matched-size-v1,ha_binary_hausa_movie_review,ha,1024,matched_all_real,1.25,,0,,,350,630,270,360,0.8086720328596508,0.8691423519009726,,completed,0.14484730002004653,8,1,,,
Binary Matched-Size Augmentation Experiment,binary_matched_size_experiment,journal-matched-size-v1,ha_binary_hausa_movie_review,ha,1024,matched_all_real,1.5,,0,,,420,700,300,400,0.8090262853364192,0.8708222811671088,,completed,0.1111308999825269,8,1,,,
Binary Matched-Size Augmentation Experiment,binary_matched_size_experiment,journal-matched-size-v1,ha_binary_hausa_movie_review,ha,1024,matched_all_real,1.75,,0,,,490,770,330,440,0.7956246211495013,0.8679045092838195,,completed,0.20528339996235445,13,1,,,
Binary Matched-Size Augmentation Experiment,binary_matched_size_experiment,journal-matched-size-v1,ha_binary_hausa_movie_review,ha,1024,matched_all_real,2.0,,0,,,560,840,360,480,0.7994987468671679,0.8723253757736515,,completed,0.1911497000255622,13,1,,,
Binary Matched-Size Augmentation Experiment,binary_matched_size_experiment,journal-matched-size-v1,ha_binary_hausa_movie_review,ha,1024,matched_all_real,2.5,,0,,,700,980,420,560,0.8125440451021846,0.8750663129973474,,completed,0.30324699997436255,14,1,,,
Binary Matched-Size Augmentation Experiment,binary_matched_size_experiment,journal-matched-size-v1,ha_binary_hausa_movie_review,ha,1024,matched_all_real,3.0,,0,,,840,1120,480,640,0.8026734143792288,0.8778956675508399,,completed,0.30700899998191744,14,1,,,
Binary Matched-Size Augmentation Experiment,binary_matched_size_experiment,journal-matched-size-v1,ha_binary_hausa_movie_review,ha,1024,matched_all_real,3.5,,0,,,980,1260,540,720,0.7991543340380549,0.8845711759504864,,completed,0.2531952999997884,9,1,,,
Binary Matched-Size Augmentation Experiment,binary_matched_size_experiment,journal-matched-size-v1,ha_binary_hausa_movie_review,ha,1024,matched_all_real,4.0,,0,,,1120,1400,600,800,0.7991543340380549,0.8856763925729444,,completed,0.27935640001669526,9,1,,,
Binary Matched-Size Augmentation Experiment,binary_matched_size_experiment,journal-matched-size-v1,ha_binary_hausa_movie_review,ha,1025,matched_all_real,0.5,,0,,,140,420,180,240,0.7892953407778206,0.8574712643678161,,completed,0.14264259999617934,11,1,,,
Binary Matched-Size Augmentation Experiment,binary_matched_size_experiment,journal-matched-size-v1,ha_binary_hausa_movie_review,ha,1025,matched_all_real,0.75,,0,,,210,490,210,280,0.7892953407778206,0.8591511936339522,,completed,0.06746720004593953,11,1,,,
Binary Matched-Size Augmentation Experiment,binary_matched_size_experiment,journal-matched-size-v1,ha_binary_hausa_movie_review,ha,1025,matched_all_real,1.0,,0,,,280,560,240,320,0.7924594785059902,0.8633952254641911,,completed,0.14211379998596385,11,1,,,
Binary Matched-Size Augmentation Experiment,binary_matched_size_experiment,journal-matched-size-v1,ha_binary_hausa_movie_review,ha,1025,matched_all_real,1.25,,0,,,350,630,270,360,0.7959843775785247,0.8685676392572944,,completed,0.1745105999871157,11,1,,,
Binary Matched-Size Augmentation Experiment,binary_matched_size_experiment,journal-matched-size-v1,ha_binary_hausa_movie_review,ha,1025,matched_all_real,1.5,,0,,,420,700,300,400,0.7928153717627402,0.8739610963748895,,completed,0.16040629998315126,8,1,,,
Binary Matched-Size Augmentation Experiment,binary_matched_size_experiment,journal-matched-size-v1,ha_binary_hausa_movie_review,ha,1025,matched_all_real,1.75,,0,,,490,770,330,440,0.8026734143792288,0.8816091954022989,,completed,0.19876830000430346,8,1,,,
Binary Matched-Size Augmentation Experiment,binary_matched_size_experiment,journal-matched-size-v1,ha_binary_hausa_movie_review,ha,1025,matched_all_real,2.0,,0,,,560,840,360,480,0.7991543340380549,0.8816976127320956,,completed,0.1781104999827221,8,1,,,
Binary Matched-Size Augmentation Experiment,binary_matched_size_experiment,journal-matched-size-v1,ha_binary_hausa_movie_review,ha,1025,matched_all_real,2.5,,0,,,700,980,420,560,0.7916887709991158,0.8818302387267903,,completed,0.32586459995945916,13,1,,,
Binary Matched-Size Augmentation Experiment,binary_matched_size_experiment,journal-matched-size-v1,ha_binary_hausa_movie_review,ha,1025,matched_all_real,3.0,,0,,,840,1120,480,640,0.7920840135904338,0.8834217506631299,,completed,0.3247819999814965,14,1,,,
Binary Matched-Size Augmentation Experiment,binary_matched_size_experiment,journal-matched-size-v1,ha_binary_hausa_movie_review,ha,1025,matched_all_real,3.5,,0,,,980,1260,540,720,0.7920840135904338,0.8846153846153846,,completed,0.31225049996282905,15,1,,,
Binary Matched-Size Augmentation Experiment,binary_matched_size_experiment,journal-matched-size-v1,ha_binary_hausa_movie_review,ha,1025,matched_all_real,4.0,,0,,,1120,1400,600,800,0.7991543340380549,0.8856763925729444,,completed,0.31789090001257136,9,1,,,
Binary Matched-Size Augmentation Experiment,binary_matched_size_experiment,journal-matched-size-v1,ha_binary_hausa_movie_review,ha,1026,matched_all_real,0.5,,0,,,140,420,180,240,0.7751057228350282,0.8580901856763925,,completed,0.08518210001057014,9,1,,,
Binary Matched-Size Augmentation Experiment,binary_matched_size_experiment,journal-matched-size-v1,ha_binary_hausa_movie_review,ha,1026,matched_all_real,0.75,,0,,,210,490,210,280,0.7920840135904338,0.8605658709106985,,completed,0.1816736999899149,8,1,,,
Binary Matched-Size Augmentation Experiment,binary_matched_size_experiment,journal-matched-size-v1,ha_binary_hausa_movie_review,ha,1026,matched_all_real,1.0,,0,,,280,560,240,320,0.7924594785059902,0.8646772767462423,,completed,0.15509269997710362,8,1,,,
Binary Matched-Size Augmentation Experiment,binary_matched_size_experiment,journal-matched-size-v1,ha_binary_hausa_movie_review,ha,1026,matched_all_real,1.25,,0,,,350,630,270,360,0.7956246211495013,0.8650751547303273,,completed,0.15768050000770018,8,1,,,
Binary Matched-Size Augmentation Experiment,binary_matched_size_experiment,journal-matched-size-v1,ha_binary_hausa_movie_review,ha,1026,matched_all_real,1.5,,0,,,420,700,300,400,0.7920840135904338,0.8648099027409373,,completed,0.17737840005429462,8,1,,,
Binary Matched-Size Augmentation Experiment,binary_matched_size_experiment,journal-matched-size-v1,ha_binary_hausa_movie_review,ha,1026,matched_all_real,1.75,,0,,,490,770,330,440,0.7959843775785247,0.8650309460654289,,completed,0.2029393999837339,11,1,,,
Binary Matched-Size Augmentation Experiment,binary_matched_size_experiment,journal-matched-size-v1,ha_binary_hausa_movie_review,ha,1026,matched_all_real,2.0,,0,,,560,840,360,480,0.7998244073748902,0.8705570291777188,,completed,0.15590030001476407,11,1,,,
Binary Matched-Size Augmentation Experiment,binary_matched_size_experiment,journal-matched-size-v1,ha_binary_hausa_movie_review,ha,1026,matched_all_real,2.5,,0,,,700,980,420,560,0.7987909808939682,0.8737400530503979,,completed,0.25540590001037344,12,1,,,
Binary Matched-Size Augmentation Experiment,binary_matched_size_experiment,journal-matched-size-v1,ha_binary_hausa_movie_review,ha,1026,matched_all_real,3.0,,0,,,840,1120,480,640,0.7987909808939682,0.879000884173298,,completed,0.3819919000379741,14,1,,,
Binary Matched-Size Augmentation Experiment,binary_matched_size_experiment,journal-matched-size-v1,ha_binary_hausa_movie_review,ha,1026,matched_all_real,3.5,,0,,,980,1260,540,720,0.7987909808939682,0.8814765694076039,,completed,0.3057461000280455,9,1,,,
Binary Matched-Size Augmentation Experiment,binary_matched_size_experiment,journal-matched-size-v1,ha_binary_hausa_movie_review,ha,1026,matched_all_real,4.0,,0,,,1120,1400,600,800,0.7991543340380549,0.8856763925729444,,completed,0.3291417000000365,9,1,,,
Binary Matched-Size Augmentation Experiment,binary_matched_size_experiment,journal-matched-size-v1,ha_binary_hausa_movie_review,ha,1027,matched_all_real,0.5,,0,,,140,420,180,240,0.7799922062016367,0.8547303271441202,,completed,0.12443820002954453,10,1,,,
Binary Matched-Size Augmentation Experiment,binary_matched_size_experiment,journal-matched-size-v1,ha_binary_hausa_movie_review,ha,1027,matched_all_real,0.75,,0,,,210,490,210,280,0.7916887709991158,0.8564986737400531,,completed,0.1369315999909304,11,1,,,
Binary Matched-Size Augmentation Experiment,binary_matched_size_experiment,journal-matched-size-v1,ha_binary_hausa_movie_review,ha,1027,matched_all_real,1.0,,0,,,280,560,240,320,0.7916887709991158,0.8608311229000883,,completed,0.11808410001685843,11,1,,,
Binary Matched-Size Augmentation Experiment,binary_matched_size_experiment,journal-matched-size-v1,ha_binary_hausa_movie_review,ha,1027,matched_all_real,1.25,,0,,,350,630,270,360,0.7952455088498018,0.8652961980548188,,completed,0.14525249996222556,8,1,,,
Binary Matched-Size Augmentation Experiment,binary_matched_size_experiment,journal-matched-size-v1,ha_binary_hausa_movie_review,ha,1027,matched_all_real,1.5,,0,,,420,700,300,400,0.7984084880636605,0.868081343943413,,completed,0.16111919999821112,8,1,,,
Binary Matched-Size Augmentation Experiment,binary_matched_size_experiment,journal-matched-size-v1,ha_binary_hausa_movie_review,ha,1027,matched_all_real,1.75,,0,,,490,770,330,440,0.7956246211495013,0.8701149425287356,,completed,0.17480650002835318,11,1,,,
Binary Matched-Size Augmentation Experiment,binary_matched_size_experiment,journal-matched-size-v1,ha_binary_hausa_movie_review,ha,1027,matched_all_real,2.0,,0,,,560,840,360,480,0.7952455088498018,0.8718832891246684,,completed,0.23790680000092834,11,1,,,
Binary Matched-Size Augmentation Experiment,binary_matched_size_experiment,journal-matched-size-v1,ha_binary_hausa_movie_review,ha,1027,matched_all_real,2.5,,0,,,700,980,420,560,0.7916887709991158,0.8732537577365164,,completed,0.27202989999204874,11,1,,,
Binary Matched-Size Augmentation Experiment,binary_matched_size_experiment,journal-matched-size-v1,ha_binary_hausa_movie_review,ha,1027,matched_all_real,3.0,,0,,,840,1120,480,640,0.7956246211495013,0.8770999115826702,,completed,0.3064709000173025,13,1,,,
Binary Matched-Size Augmentation Experiment,binary_matched_size_experiment,journal-matched-size-v1,ha_binary_hausa_movie_review,ha,1027,matched_all_real,3.5,,0,,,980,1260,540,720,0.7885322468448772,0.8828470380194519,,completed,0.33654910000041127,14,1,,,
Binary Matched-Size Augmentation Experiment,binary_matched_size_experiment,journal-matched-size-v1,ha_binary_hausa_movie_review,ha,1027,matched_all_real,4.0,,0,,,1120,1400,600,800,0.7991543340380549,0.8856763925729444,,completed,0.2581114000058733,9,1,,,
Binary Matched-Size Augmentation Experiment,binary_matched_size_experiment,journal-matched-size-v1,ha_binary_hausa_movie_review,ha,1028,matched_all_real,0.5,,0,,,140,420,180,240,0.7790697674418605,0.8385057471264368,,completed,0.1008193000452593,13,1,,,
Binary Matched-Size Augmentation Experiment,binary_matched_size_experiment,journal-matched-size-v1,ha_binary_hausa_movie_review,ha,1028,matched_all_real,0.75,,0,,,210,490,210,280,0.7920840135904338,0.8482316534040671,,completed,0.11143309995532036,14,1,,,
Binary Matched-Size Augmentation Experiment,binary_matched_size_experiment,journal-matched-size-v1,ha_binary_hausa_movie_review,ha,1028,matched_all_real,1.0,,0,,,280,560,240,320,0.7920840135904338,0.8553934571175951,,completed,0.1686984999687411,13,1,,,
Binary Matched-Size Augmentation Experiment,binary_matched_size_experiment,journal-matched-size-v1,ha_binary_hausa_movie_review,ha,1028,matched_all_real,1.25,,0,,,350,630,270,360,0.7987909808939682,0.8595048629531389,,completed,0.20816610002657399,13,1,,,
Binary Matched-Size Augmentation Experiment,binary_matched_size_experiment,journal-matched-size-v1,ha_binary_hausa_movie_review,ha,1028,matched_all_real,1.5,,0,,,420,700,300,400,0.8086720328596508,0.8656940760389036,,completed,0.21988429996417835,15,1,,,
Binary Matched-Size Augmentation Experiment,binary_matched_size_experiment,journal-matched-size-v1,ha_binary_hausa_movie_review,ha,1028,matched_all_real,1.75,,0,,,490,770,330,440,0.7952455088498018,0.8639699381078692,,completed,0.20941100001800805,14,1,,,
Binary Matched-Size Augmentation Experiment,binary_matched_size_experiment,journal-matched-size-v1,ha_binary_hausa_movie_review,ha,1028,matched_all_real,2.0,,0,,,560,840,360,480,0.7952455088498018,0.8676834659593281,,completed,0.14721820002887398,12,1,,,
Binary Matched-Size Augmentation Experiment,binary_matched_size_experiment,journal-matched-size-v1,ha_binary_hausa_movie_review,ha,1028,matched_all_real,2.5,,0,,,700,980,420,560,0.8054979481975025,0.8754199823165341,,completed,0.30972630000906065,14,1,,,
Binary Matched-Size Augmentation Experiment,binary_matched_size_experiment,journal-matched-size-v1,ha_binary_hausa_movie_review,ha,1028,matched_all_real,3.0,,0,,,840,1120,480,640,0.8061821219715957,0.8759504862953139,,completed,0.3300032999832183,13,1,,,
Binary Matched-Size Augmentation Experiment,binary_matched_size_experiment,journal-matched-size-v1,ha_binary_hausa_movie_review,ha,1028,matched_all_real,3.5,,0,,,980,1260,540,720,0.8093624511799329,0.8792219274977896,,completed,0.3799226999981329,15,1,,,
Binary Matched-Size Augmentation Experiment,binary_matched_size_experiment,journal-matched-size-v1,ha_binary_hausa_movie_review,ha,1028,matched_all_real,4.0,,0,,,1120,1400,600,800,0.7991543340380549,0.8856763925729444,,completed,0.2521028000046499,9,1,,,
Binary Matched-Size Augmentation Experiment,binary_matched_size_experiment,journal-matched-size-v1,ha_binary_hausa_movie_review,ha,1029,matched_all_real,0.5,,0,,,140,420,180,240,0.7763509898341359,0.8576923076923079,,completed,0.12741620000451803,10,1,,,
Binary Matched-Size Augmentation Experiment,binary_matched_size_experiment,journal-matched-size-v1,ha_binary_hausa_movie_review,ha,1029,matched_all_real,0.75,,0,,,210,490,210,280,0.7695737471018369,0.866136162687887,,completed,0.13688750000437722,10,1,,,
Binary Matched-Size Augmentation Experiment,binary_matched_size_experiment,journal-matched-size-v1,ha_binary_hausa_movie_review,ha,1029,matched_all_real,1.0,,0,,,280,560,240,320,0.7695737471018369,0.8725906277630415,,completed,0.16323689999990165,10,1,,,
Binary Matched-Size Augmentation Experiment,binary_matched_size_experiment,journal-matched-size-v1,ha_binary_hausa_movie_review,ha,1029,matched_all_real,1.25,,0,,,350,630,270,360,0.7876883168711962,0.8765694076038903,,completed,0.14996020001126453,8,1,,,
Binary Matched-Size Augmentation Experiment,binary_matched_size_experiment,journal-matched-size-v1,ha_binary_hausa_movie_review,ha,1029,matched_all_real,1.5,,0,,,420,700,300,400,0.7809482634385359,0.8793103448275862,,completed,0.19367070001317188,8,1,,,
Binary Matched-Size Augmentation Experiment,binary_matched_size_experiment,journal-matched-size-v1,ha_binary_hausa_movie_review,ha,1029,matched_all_real,1.75,,0,,,490,770,330,440,0.7845404208194906,0.8787798408488064,,completed,0.181432000012137,8,1,,,
Binary Matched-Size Augmentation Experiment,binary_matched_size_experiment,journal-matched-size-v1,ha_binary_hausa_movie_review,ha,1029,matched_all_real,2.0,,0,,,560,840,360,480,0.7916887709991158,0.8773209549071619,,completed,0.14245099999243394,11,1,,,
Binary Matched-Size Augmentation Experiment,binary_matched_size_experiment,journal-matched-size-v1,ha_binary_hausa_movie_review,ha,1029,matched_all_real,2.5,,0,,,700,980,420,560,0.8058491895701199,0.8798850574712643,,completed,0.2942551999585703,14,1,,,
Binary Matched-Size Augmentation Experiment,binary_matched_size_experiment,journal-matched-size-v1,ha_binary_hausa_movie_review,ha,1029,matched_all_real,3.0,,0,,,840,1120,480,640,0.8093624511799329,0.880813439434129,,completed,0.2986464000423439,14,1,,,
Binary Matched-Size Augmentation Experiment,binary_matched_size_experiment,journal-matched-size-v1,ha_binary_hausa_movie_review,ha,1029,matched_all_real,3.5,,0,,,980,1260,540,720,0.8023254532429602,0.8855437665782494,,completed,0.22180110000772402,9,1,,,
Binary Matched-Size Augmentation Experiment,binary_matched_size_experiment,journal-matched-size-v1,ha_binary_hausa_movie_review,ha,1029,matched_all_real,4.0,,0,,,1120,1400,600,800,0.7991543340380549,0.8856763925729444,,completed,0.2916496000252664,9,1,,,
Binary Matched-Size Augmentation Experiment,binary_matched_size_experiment,journal-matched-size-v1,ha_binary_hausa_movie_review,ha,1030,matched_all_real,0.5,,0,,,140,420,180,240,0.7959843775785247,0.8568965517241378,,completed,0.06214419996831566,8,1,,,
Binary Matched-Size Augmentation Experiment,binary_matched_size_experiment,journal-matched-size-v1,ha_binary_hausa_movie_review,ha,1030,matched_all_real,0.75,,0,,,210,490,210,280,0.7956246211495013,0.8606984969053935,,completed,0.14137939998181537,11,1,,,
Binary Matched-Size Augmentation Experiment,binary_matched_size_experiment,journal-matched-size-v1,ha_binary_hausa_movie_review,ha,1030,matched_all_real,1.0,,0,,,280,560,240,320,0.7896471053411974,0.8639257294429709,,completed,0.10739589994773269,8,1,,,
Binary Matched-Size Augmentation Experiment,binary_matched_size_experiment,journal-matched-size-v1,ha_binary_hausa_movie_review,ha,1030,matched_all_real,1.25,,0,,,350,630,270,360,0.7885322468448772,0.8666666666666666,,completed,0.1418233999866061,11,1,,,
Binary Matched-Size Augmentation Experiment,binary_matched_size_experiment,journal-matched-size-v1,ha_binary_hausa_movie_review,ha,1030,matched_all_real,1.5,,0,,,420,700,300,400,0.7991543340380549,0.8702475685234305,,completed,0.18349489994579926,11,1,,,
Binary Matched-Size Augmentation Experiment,binary_matched_size_experiment,journal-matched-size-v1,ha_binary_hausa_movie_review,ha,1030,matched_all_real,1.75,,0,,,490,770,330,440,0.8061821219715957,0.871971706454465,,completed,0.23931090004043654,11,1,,,
Binary Matched-Size Augmentation Experiment,binary_matched_size_experiment,journal-matched-size-v1,ha_binary_hausa_movie_review,ha,1030,matched_all_real,2.0,,0,,,560,840,360,480,0.7994987468671679,0.8730327144120247,,completed,0.16925469995476305,13,1,,,
Binary Matched-Size Augmentation Experiment,binary_matched_size_experiment,journal-matched-size-v1,ha_binary_hausa_movie_review,ha,1030,matched_all_real,2.5,,0,,,700,980,420,560,0.7892953407778206,0.8756852343059239,,completed,0.28038710000691935,14,1,,,
Binary Matched-Size Augmentation Experiment,binary_matched_size_experiment,journal-matched-size-v1,ha_binary_hausa_movie_review,ha,1030,matched_all_real,3.0,,0,,,840,1120,480,640,0.7963249750129054,0.880946065428824,,completed,0.32215899997390807,14,1,,,
Binary Matched-Size Augmentation Experiment,binary_matched_size_experiment,journal-matched-size-v1,ha_binary_hausa_movie_review,ha,1030,matched_all_real,3.5,,0,,,980,1260,540,720,0.8093624511799329,0.8833775419982317,,completed,0.3304401999921538,15,1,,,
Binary Matched-Size Augmentation Experiment,binary_matched_size_experiment,journal-matched-size-v1,ha_binary_hausa_movie_review,ha,1030,matched_all_real,4.0,,0,,,1120,1400,600,800,0.7991543340380549,0.8856763925729444,,completed,0.32114749995525926,9,1,,,
Binary Matched-Size Augmentation Experiment,binary_matched_size_experiment,journal-matched-size-v1,ha_binary_hausa_movie_review,ha,1031,matched_all_real,0.5,,0,,,140,420,180,240,0.7885322468448772,0.8630857648099027,,completed,0.12263890000758693,11,1,,,
Binary Matched-Size Augmentation Experiment,binary_matched_size_experiment,journal-matched-size-v1,ha_binary_hausa_movie_review,ha,1031,matched_all_real,0.75,,0,,,210,490,210,280,0.7786700789833649,0.861184792219275,,completed,0.1465127000119537,11,1,,,
Binary Matched-Size Augmentation Experiment,binary_matched_size_experiment,journal-matched-size-v1,ha_binary_hausa_movie_review,ha,1031,matched_all_real,1.0,,0,,,280,560,240,320,0.7746678319744222,0.8645888594164456,,completed,0.12507070001447573,8,1,,,
Binary Matched-Size Augmentation Experiment,binary_matched_size_experiment,journal-matched-size-v1,ha_binary_hausa_movie_review,ha,1031,matched_all_real,1.25,,0,,,350,630,270,360,0.7885322468448772,0.8703801945181255,,completed,0.1673126999521628,8,1,,,
Binary Matched-Size Augmentation Experiment,binary_matched_size_experiment,journal-matched-size-v1,ha_binary_hausa_movie_review,ha,1031,matched_all_real,1.5,,0,,,420,700,300,400,0.7920840135904338,0.8744916003536692,,completed,0.16092130000470206,8,1,,,
Binary Matched-Size Augmentation Experiment,binary_matched_size_experiment,journal-matched-size-v1,ha_binary_hausa_movie_review,ha,1031,matched_all_real,1.75,,0,,,490,770,330,440,0.7920840135904338,0.8761273209549072,,completed,0.18872009997721761,8,1,,,
Binary Matched-Size Augmentation Experiment,binary_matched_size_experiment,journal-matched-size-v1,ha_binary_hausa_movie_review,ha,1031,matched_all_real,2.0,,0,,,560,840,360,480,0.7991543340380549,0.876790450928382,,completed,0.16225320001831278,11,1,,,
Binary Matched-Size Augmentation Experiment,binary_matched_size_experiment,journal-matched-size-v1,ha_binary_hausa_movie_review,ha,1031,matched_all_real,2.5,,0,,,700,980,420,560,0.7959843775785247,0.8792661361626879,,completed,0.22807200002716854,13,1,,,
Binary Matched-Size Augmentation Experiment,binary_matched_size_experiment,journal-matched-size-v1,ha_binary_hausa_movie_review,ha,1031,matched_all_real,3.0,,0,,,840,1120,480,640,0.7956246211495013,0.8798850574712643,,completed,0.2745437000412494,13,1,,,
Binary Matched-Size Augmentation Experiment,binary_matched_size_experiment,journal-matched-size-v1,ha_binary_hausa_movie_review,ha,1031,matched_all_real,3.5,,0,,,980,1260,540,720,0.7987909808939682,0.882051282051282,,completed,0.3214111000415869,14,1,,,
Binary Matched-Size Augmentation Experiment,binary_matched_size_experiment,journal-matched-size-v1,ha_binary_hausa_movie_review,ha,1031,matched_all_real,4.0,,0,,,1120,1400,600,800,0.7991543340380549,0.8856763925729444,,completed,0.2708902000449598,9,1,,,
Binary Matched-Size Augmentation Experiment,binary_matched_size_experiment,journal-matched-size-v1,ha_binary_hausa_movie_review,ha,1032,matched_all_real,0.5,,0,,,140,420,180,240,0.7885322468448772,0.8540671971706456,,completed,0.14431090001016855,10,1,,,
Binary Matched-Size Augmentation Experiment,binary_matched_size_experiment,journal-matched-size-v1,ha_binary_hausa_movie_review,ha,1032,matched_all_real,0.75,,0,,,210,490,210,280,0.7987909808939682,0.8606542882404951,,completed,0.08700650004902855,8,1,,,
Binary Matched-Size Augmentation Experiment,binary_matched_size_experiment,journal-matched-size-v1,ha_binary_hausa_movie_review,ha,1032,matched_all_real,1.0,,0,,,280,560,240,320,0.7912735326688816,0.8622015915119362,,completed,0.15242989995749667,8,1,,,
Binary Matched-Size Augmentation Experiment,binary_matched_size_experiment,journal-matched-size-v1,ha_binary_hausa_movie_review,ha,1032,matched_all_real,1.25,,0,,,350,630,270,360,0.7916887709991158,0.8649425287356322,,completed,0.09068789996672422,8,1,,,
Binary Matched-Size Augmentation Experiment,binary_matched_size_experiment,journal-matched-size-v1,ha_binary_hausa_movie_review,ha,1032,matched_all_real,1.5,,0,,,420,700,300,400,0.7956246211495013,0.8671529619805481,,completed,0.1817711999756284,11,1,,,
Binary Matched-Size Augmentation Experiment,binary_matched_size_experiment,journal-matched-size-v1,ha_binary_hausa_movie_review,ha,1032,matched_all_real,1.75,,0,,,490,770,330,440,0.8019587708547263,0.8682581786030061,,completed,0.20118579996051267,13,1,,,
Binary Matched-Size Augmentation Experiment,binary_matched_size_experiment,journal-matched-size-v1,ha_binary_hausa_movie_review,ha,1032,matched_all_real,2.0,,0,,,560,840,360,480,0.8019587708547263,0.8702475685234305,,completed,0.22063399996841326,12,1,,,
Binary Matched-Size Augmentation Experiment,binary_matched_size_experiment,journal-matched-size-v1,ha_binary_hausa_movie_review,ha,1032,matched_all_real,2.5,,0,,,700,980,420,560,0.7987909808939682,0.875685234305924,,completed,0.271409000037238,13,1,,,
Binary Matched-Size Augmentation Experiment,binary_matched_size_experiment,journal-matched-size-v1,ha_binary_hausa_movie_review,ha,1032,matched_all_real,3.0,,0,,,840,1120,480,640,0.7987909808939682,0.8799292661361626,,completed,0.26156700000865385,9,1,,,
Binary Matched-Size Augmentation Experiment,binary_matched_size_experiment,journal-matched-size-v1,ha_binary_hausa_movie_review,ha,1032,matched_all_real,3.5,,0,,,980,1260,540,720,0.7991543340380549,0.8849248452696729,,completed,0.2692015999928117,9,1,,,
Binary Matched-Size Augmentation Experiment,binary_matched_size_experiment,journal-matched-size-v1,ha_binary_hausa_movie_review,ha,1032,matched_all_real,4.0,,0,,,1120,1400,600,800,0.7991543340380549,0.8856763925729444,,completed,0.23483650002162904,9,1,,,
Binary Matched-Size Augmentation Experiment,binary_matched_size_experiment,journal-matched-size-v1,ha_binary_hausa_movie_review,ha,1033,matched_all_real,0.5,,0,,,140,420,180,240,0.7864793678665496,0.8521662245800177,,completed,0.07012699998449534,8,1,,,
Binary Matched-Size Augmentation Experiment,binary_matched_size_experiment,journal-matched-size-v1,ha_binary_hausa_movie_review,ha,1033,matched_all_real,0.75,,0,,,210,490,210,280,0.7833119496441534,0.8567197170645445,,completed,0.10665430000517517,8,1,,,
Binary Matched-Size Augmentation Experiment,binary_matched_size_experiment,journal-matched-size-v1,ha_binary_hausa_movie_review,ha,1033,matched_all_real,1.0,,0,,,280,560,240,320,0.7762913659977814,0.8569849690539346,,completed,0.09301869996124879,10,1,,,
Binary Matched-Size Augmentation Experiment,binary_matched_size_experiment,journal-matched-size-v1,ha_binary_hausa_movie_review,ha,1033,matched_all_real,1.25,,0,,,350,630,270,360,0.7625391935750041,0.8629089301503093,,completed,0.12375209998572245,11,1,,,
Binary Matched-Size Augmentation Experiment,binary_matched_size_experiment,journal-matched-size-v1,ha_binary_hausa_movie_review,ha,1033,matched_all_real,1.5,,0,,,420,700,300,400,0.7734823580977427,0.862555260831123,,completed,0.19331310002598912,11,1,,,
Binary Matched-Size Augmentation Experiment,binary_matched_size_experiment,journal-matched-size-v1,ha_binary_hausa_movie_review,ha,1033,matched_all_real,1.75,,0,,,490,770,330,440,0.7762913659977814,0.8685234305923961,,completed,0.11373020004248247,12,1,,,
Binary Matched-Size Augmentation Experiment,binary_matched_size_experiment,journal-matched-size-v1,ha_binary_hausa_movie_review,ha,1033,matched_all_real,2.0,,0,,,560,840,360,480,0.7723749119097956,0.8728558797524315,,completed,0.07797320000827312,9,1,,,
Binary Matched-Size Augmentation Experiment,binary_matched_size_experiment,journal-matched-size-v1,ha_binary_hausa_movie_review,ha,1033,matched_all_real,2.5,,0,,,700,980,420,560,0.7889237890560423,0.8785587975243149,,completed,0.24144660000456497,9,1,,,
Binary Matched-Size Augmentation Experiment,binary_matched_size_experiment,journal-matched-size-v1,ha_binary_hausa_movie_review,ha,1033,matched_all_real,3.0,,0,,,840,1120,480,640,0.7916887709991158,0.8822281167108753,,completed,0.28871860000072047,9,1,,,
Binary Matched-Size Augmentation Experiment,binary_matched_size_experiment,journal-matched-size-v1,ha_binary_hausa_movie_review,ha,1033,matched_all_real,3.5,,0,,,980,1260,540,720,0.8026734143792288,0.8843943412908929,,completed,0.27680610003881156,9,1,,,
Binary Matched-Size Augmentation Experiment,binary_matched_size_experiment,journal-matched-size-v1,ha_binary_hausa_movie_review,ha,1033,matched_all_real,4.0,,0,,,1120,1400,600,800,0.7991543340380549,0.8856763925729444,,completed,0.3326913000200875,9,1,,,
Binary Matched-Size Augmentation Experiment,binary_matched_size_experiment,journal-matched-size-v1,ha_binary_hausa_movie_review,ha,1034,matched_all_real,0.5,,0,,,140,420,180,240,0.7939898905737932,0.8522104332449161,,completed,0.11263129999861121,10,1,,,
Binary Matched-Size Augmentation Experiment,binary_matched_size_experiment,journal-matched-size-v1,ha_binary_hausa_movie_review,ha,1034,matched_all_real,0.75,,0,,,210,490,210,280,0.7867616767800478,0.8600353669319186,,completed,0.06761030002962798,10,1,,,
Binary Matched-Size Augmentation Experiment,binary_matched_size_experiment,journal-matched-size-v1,ha_binary_hausa_movie_review,ha,1034,matched_all_real,1.0,,0,,,280,560,240,320,0.7975852272727273,0.864898320070734,,completed,0.14682180003728718,10,1,,,
Binary Matched-Size Augmentation Experiment,binary_matched_size_experiment,journal-matched-size-v1,ha_binary_hausa_movie_review,ha,1034,matched_all_real,1.25,,0,,,350,630,270,360,0.8086720328596508,0.87236958443855,,completed,0.1512988000176847,11,1,,,
Binary Matched-Size Augmentation Experiment,binary_matched_size_experiment,journal-matched-size-v1,ha_binary_hausa_movie_review,ha,1034,matched_all_real,1.5,,0,,,420,700,300,400,0.8058491895701199,0.8762599469496021,,completed,0.18830360000720248,8,1,,,
Binary Matched-Size Augmentation Experiment,binary_matched_size_experiment,journal-matched-size-v1,ha_binary_hausa_movie_review,ha,1034,matched_all_real,1.75,,0,,,490,770,330,440,0.7956246211495013,0.8760831122900088,,completed,0.11145879997638986,8,1,,,
Binary Matched-Size Augmentation Experiment,binary_matched_size_experiment,journal-matched-size-v1,ha_binary_hausa_movie_review,ha,1034,matched_all_real,2.0,,0,,,560,840,360,480,0.7987909808939682,0.8756852343059238,,completed,0.21026409999467432,11,1,,,
Binary Matched-Size Augmentation Experiment,binary_matched_size_experiment,journal-matched-size-v1,ha_binary_hausa_movie_review,ha,1034,matched_all_real,2.5,,0,,,700,980,420,560,0.7920840135904338,0.8796640141467728,,completed,0.2600230000098236,13,1,,,
Binary Matched-Size Augmentation Experiment,binary_matched_size_experiment,journal-matched-size-v1,ha_binary_hausa_movie_review,ha,1034,matched_all_real,3.0,,0,,,840,1120,480,640,0.7956246211495013,0.8797524314765695,,completed,0.2896072000148706,14,1,,,
Binary Matched-Size Augmentation Experiment,binary_matched_size_experiment,journal-matched-size-v1,ha_binary_hausa_movie_review,ha,1034,matched_all_real,3.5,,0,,,980,1260,540,720,0.7956246211495013,0.8812997347480106,,completed,0.3451249999925494,14,1,,,
Binary Matched-Size Augmentation Experiment,binary_matched_size_experiment,journal-matched-size-v1,ha_binary_hausa_movie_review,ha,1034,matched_all_real,4.0,,0,,,1120,1400,600,800,0.7991543340380549,0.8856763925729444,,completed,0.29851150000467896,9,1,,,
Binary Matched-Size Augmentation Experiment,binary_matched_size_experiment,journal-matched-size-v1,ha_binary_hausa_movie_review,ha,1035,matched_all_real,0.5,,0,,,140,420,180,240,0.7920840135904338,0.852077807250221,,completed,0.10228669998468831,8,1,,,
Binary Matched-Size Augmentation Experiment,binary_matched_size_experiment,journal-matched-size-v1,ha_binary_hausa_movie_review,ha,1035,matched_all_real,0.75,,0,,,210,490,210,280,0.7853770462868994,0.8512820512820515,,completed,0.12465770001290366,12,1,,,
Binary Matched-Size Augmentation Experiment,binary_matched_size_experiment,journal-matched-size-v1,ha_binary_hausa_movie_review,ha,1035,matched_all_real,1.0,,0,,,280,560,240,320,0.7920840135904338,0.8572502210433245,,completed,0.11107420001644641,8,1,,,
Binary Matched-Size Augmentation Experiment,binary_matched_size_experiment,journal-matched-size-v1,ha_binary_hausa_movie_review,ha,1035,matched_all_real,1.25,,0,,,350,630,270,360,0.7998244073748902,0.8655614500442087,,completed,0.1334320000023581,8,1,,,
Binary Matched-Size Augmentation Experiment,binary_matched_size_experiment,journal-matched-size-v1,ha_binary_hausa_movie_review,ha,1035,matched_all_real,1.5,,0,,,420,700,300,400,0.7924594785059902,0.8674182139699381,,completed,0.12364449998131022,12,1,,,
Binary Matched-Size Augmentation Experiment,binary_matched_size_experiment,journal-matched-size-v1,ha_binary_hausa_movie_review,ha,1035,matched_all_real,1.75,,0,,,490,770,330,440,0.8058491895701199,0.8692749778956677,,completed,0.23530890000984073,14,1,,,
Binary Matched-Size Augmentation Experiment,binary_matched_size_experiment,journal-matched-size-v1,ha_binary_hausa_movie_review,ha,1035,matched_all_real,2.0,,0,,,560,840,360,480,0.8064969271290606,0.8749336870026526,,completed,0.15292500000214204,13,1,,,
Binary Matched-Size Augmentation Experiment,binary_matched_size_experiment,journal-matched-size-v1,ha_binary_hausa_movie_review,ha,1035,matched_all_real,2.5,,0,,,700,980,420,560,0.8023254532429602,0.8796640141467728,,completed,0.2552317000227049,14,1,,,
Binary Matched-Size Augmentation Experiment,binary_matched_size_experiment,journal-matched-size-v1,ha_binary_hausa_movie_review,ha,1035,matched_all_real,3.0,,0,,,840,1120,480,640,0.7987909808939682,0.8799292661361626,,completed,0.37493390002055094,14,1,,,
Binary Matched-Size Augmentation Experiment,binary_matched_size_experiment,journal-matched-size-v1,ha_binary_hausa_movie_review,ha,1035,matched_all_real,3.5,,0,,,980,1260,540,720,0.8023254532429602,0.8835543766578249,,completed,0.48145370004931465,14,1,,,
Binary Matched-Size Augmentation Experiment,binary_matched_size_experiment,journal-matched-size-v1,ha_binary_hausa_movie_review,ha,1035,matched_all_real,4.0,,0,,,1120,1400,600,800,0.7991543340380549,0.8856763925729444,,completed,0.3460233999649063,9,1,,,
Binary Matched-Size Augmentation Experiment,binary_matched_size_experiment,journal-matched-size-v1,ha_binary_hausa_movie_review,ha,1036,matched_all_real,0.5,,0,,,140,420,180,240,0.7818189848399528,0.8575596816976128,,completed,0.14602290000766516,8,1,,,
Binary Matched-Size Augmentation Experiment,binary_matched_size_experiment,journal-matched-size-v1,ha_binary_hausa_movie_review,ha,1036,matched_all_real,0.75,,0,,,210,490,210,280,0.7804810309392879,0.8583554376657827,,completed,0.08213799999793991,8,1,,,
Binary Matched-Size Augmentation Experiment,binary_matched_size_experiment,journal-matched-size-v1,ha_binary_hausa_movie_review,ha,1036,matched_all_real,1.0,,0,,,280,560,240,320,0.7813941653483201,0.8626436781609196,,completed,0.22732180001912639,11,1,,,
Binary Matched-Size Augmentation Experiment,binary_matched_size_experiment,journal-matched-size-v1,ha_binary_hausa_movie_review,ha,1036,matched_all_real,1.25,,0,,,350,630,270,360,0.8061821219715957,0.8647214854111407,,completed,0.19993320002686232,11,1,,,
Binary Matched-Size Augmentation Experiment,binary_matched_size_experiment,journal-matched-size-v1,ha_binary_hausa_movie_review,ha,1036,matched_all_real,1.5,,0,,,420,700,300,400,0.8030028446846135,0.8694518125552608,,completed,0.18604649999178946,11,1,,,
Binary Matched-Size Augmentation Experiment,binary_matched_size_experiment,journal-matched-size-v1,ha_binary_hausa_movie_review,ha,1036,matched_all_real,1.75,,0,,,490,770,330,440,0.7994987468671679,0.8715738284703803,,completed,0.22539880004478619,11,1,,,
Binary Matched-Size Augmentation Experiment,binary_matched_size_experiment,journal-matched-size-v1,ha_binary_hausa_movie_review,ha,1036,matched_all_real,2.0,,0,,,560,840,360,480,0.7959843775785247,0.8713527851458887,,completed,0.20092979999026284,13,1,,,
Binary Matched-Size Augmentation Experiment,binary_matched_size_experiment,journal-matched-size-v1,ha_binary_hausa_movie_review,ha,1036,matched_all_real,2.5,,0,,,700,980,420,560,0.8023254532429602,0.8753315649867374,,completed,0.3053297000005841,13,1,,,
Binary Matched-Size Augmentation Experiment,binary_matched_size_experiment,journal-matched-size-v1,ha_binary_hausa_movie_review,ha,1036,matched_all_real,3.0,,0,,,840,1120,480,640,0.7956246211495013,0.8807692307692309,,completed,0.26451260002795607,9,1,,,
Binary Matched-Size Augmentation Experiment,binary_matched_size_experiment,journal-matched-size-v1,ha_binary_hausa_movie_review,ha,1036,matched_all_real,3.5,,0,,,980,1260,540,720,0.8061821219715957,0.8854111405835543,,completed,0.2971551999798976,9,1,,,
Binary Matched-Size Augmentation Experiment,binary_matched_size_experiment,journal-matched-size-v1,ha_binary_hausa_movie_review,ha,1036,matched_all_real,4.0,,0,,,1120,1400,600,800,0.7991543340380549,0.8856763925729444,,completed,0.30748950003180653,9,1,,,
Binary Matched-Size Augmentation Experiment,binary_matched_size_experiment,journal-matched-size-v1,ha_binary_hausa_movie_review,ha,1037,matched_all_real,0.5,,0,,,140,420,180,240,0.7786700789833649,0.8538461538461538,,completed,0.057657099969219416,11,1,,,
Binary Matched-Size Augmentation Experiment,binary_matched_size_experiment,journal-matched-size-v1,ha_binary_hausa_movie_review,ha,1037,matched_all_real,0.75,,0,,,210,490,210,280,0.7912735326688816,0.8590627763041556,,completed,0.14348520000930876,8,1,,,
Binary Matched-Size Augmentation Experiment,binary_matched_size_experiment,journal-matched-size-v1,ha_binary_hausa_movie_review,ha,1037,matched_all_real,1.0,,0,,,280,560,240,320,0.7980066445182725,0.8629973474801061,,completed,0.1299190999707207,11,1,,,
Binary Matched-Size Augmentation Experiment,binary_matched_size_experiment,journal-matched-size-v1,ha_binary_hausa_movie_review,ha,1037,matched_all_real,1.25,,0,,,350,630,270,360,0.8047397563676634,0.8717948717948718,,completed,0.11907189997145906,8,1,,,
Binary Matched-Size Augmentation Experiment,binary_matched_size_experiment,journal-matched-size-v1,ha_binary_hausa_movie_review,ha,1037,matched_all_real,1.5,,0,,,420,700,300,400,0.7991543340380549,0.8716180371352786,,completed,0.19057979999342933,13,1,,,
Binary Matched-Size Augmentation Experiment,binary_matched_size_experiment,journal-matched-size-v1,ha_binary_hausa_movie_review,ha,1037,matched_all_real,1.75,,0,,,490,770,330,440,0.7952455088498018,0.8757294429708223,,completed,0.1936445999890566,13,1,,,
Binary Matched-Size Augmentation Experiment,binary_matched_size_experiment,journal-matched-size-v1,ha_binary_hausa_movie_review,ha,1037,matched_all_real,2.0,,0,,,560,840,360,480,0.7920840135904338,0.8790893015030945,,completed,0.19714629999361932,13,1,,,
Binary Matched-Size Augmentation Experiment,binary_matched_size_experiment,journal-matched-size-v1,ha_binary_hausa_movie_review,ha,1037,matched_all_real,2.5,,0,,,700,980,420,560,0.7849690539345712,0.8813881520778072,,completed,0.19410169997718185,9,1,,,
Binary Matched-Size Augmentation Experiment,binary_matched_size_experiment,journal-matched-size-v1,ha_binary_hausa_movie_review,ha,1037,matched_all_real,3.0,,0,,,840,1120,480,640,0.7920840135904338,0.8809018567639257,,completed,0.1861718000145629,9,1,,,
Binary Matched-Size Augmentation Experiment,binary_matched_size_experiment,journal-matched-size-v1,ha_binary_hausa_movie_review,ha,1037,matched_all_real,3.5,,0,,,980,1260,540,720,0.7885322468448772,0.8801945181255527,,completed,0.16679609997663647,9,1,,,
Binary Matched-Size Augmentation Experiment,binary_matched_size_experiment,journal-matched-size-v1,ha_binary_hausa_movie_review,ha,1037,matched_all_real,4.0,,0,,,1120,1400,600,800,0.7991543340380549,0.8856763925729444,,completed,0.3298196999821812,9,1,,,
Binary Matched-Size Augmentation Experiment,binary_matched_size_experiment,journal-matched-size-v1,ha_binary_hausa_movie_review,ha,1038,matched_all_real,0.5,,0,,,140,420,180,240,0.79315188762072,0.8645888594164456,,completed,0.12944000004790723,10,1,,,
Binary Matched-Size Augmentation Experiment,binary_matched_size_experiment,journal-matched-size-v1,ha_binary_hausa_movie_review,ha,1038,matched_all_real,0.75,,0,,,210,490,210,280,0.7956246211495013,0.8694960212201592,,completed,0.106277399987448,8,1,,,
Binary Matched-Size Augmentation Experiment,binary_matched_size_experiment,journal-matched-size-v1,ha_binary_hausa_movie_review,ha,1038,matched_all_real,1.0,,0,,,280,560,240,320,0.7892953407778206,0.8750663129973476,,completed,0.15395469998475164,8,1,,,
Binary Matched-Size Augmentation Experiment,binary_matched_size_experiment,journal-matched-size-v1,ha_binary_hausa_movie_review,ha,1038,matched_all_real,1.25,,0,,,350,630,270,360,0.7934692088538242,0.8736958443854996,,completed,0.17011089995503426,11,1,,,
Binary Matched-Size Augmentation Experiment,binary_matched_size_experiment,journal-matched-size-v1,ha_binary_hausa_movie_review,ha,1038,matched_all_real,1.5,,0,,,420,700,300,400,0.8001314924391847,0.8762599469496021,,completed,0.13568910001777112,11,1,,,
Binary Matched-Size Augmentation Experiment,binary_matched_size_experiment,journal-matched-size-v1,ha_binary_hausa_movie_review,ha,1038,matched_all_real,1.75,,0,,,490,770,330,440,0.7934692088538242,0.8784703801945181,,completed,0.1800468000001274,13,1,,,
Binary Matched-Size Augmentation Experiment,binary_matched_size_experiment,journal-matched-size-v1,ha_binary_hausa_movie_review,ha,1038,matched_all_real,2.0,,0,,,560,840,360,480,0.7928153717627402,0.8789124668435013,,completed,0.21222169999964535,14,1,,,
Binary Matched-Size Augmentation Experiment,binary_matched_size_experiment,journal-matched-size-v1,ha_binary_hausa_movie_review,ha,1038,matched_all_real,2.5,,0,,,700,980,420,560,0.7928153717627402,0.883023872679045,,completed,0.23825709999073297,13,1,,,
Binary Matched-Size Augmentation Experiment,binary_matched_size_experiment,journal-matched-size-v1,ha_binary_hausa_movie_review,ha,1038,matched_all_real,3.0,,0,,,840,1120,480,640,0.8096807143563215,0.8850574712643677,,completed,0.24228230002336204,9,1,,,
Binary Matched-Size Augmentation Experiment,binary_matched_size_experiment,journal-matched-size-v1,ha_binary_hausa_movie_review,ha,1038,matched_all_real,3.5,,0,,,980,1260,540,720,0.7987909808939682,0.8859416445623343,,completed,0.23548010003287345,9,1,,,
Binary Matched-Size Augmentation Experiment,binary_matched_size_experiment,journal-matched-size-v1,ha_binary_hausa_movie_review,ha,1038,matched_all_real,4.0,,0,,,1120,1400,600,800,0.7991543340380549,0.8856763925729444,,completed,0.2740125000127591,9,1,,,
Binary Matched-Size Augmentation Experiment,binary_matched_size_experiment,journal-matched-size-v1,ha_binary_hausa_movie_review,ha,1039,matched_all_real,0.5,,0,,,140,420,180,240,0.7845404208194906,0.8579133510167993,,completed,0.12911879998864606,10,1,,,
Binary Matched-Size Augmentation Experiment,binary_matched_size_experiment,journal-matched-size-v1,ha_binary_hausa_movie_review,ha,1039,matched_all_real,0.75,,0,,,210,490,210,280,0.8023254532429602,0.86158267020336,,completed,0.12090859998716041,10,1,,,
Binary Matched-Size Augmentation Experiment,binary_matched_size_experiment,journal-matched-size-v1,ha_binary_hausa_movie_review,ha,1039,matched_all_real,1.0,,0,,,280,560,240,320,0.8019587708547263,0.8629531388152077,,completed,0.15762859996175393,11,1,,,
Binary Matched-Size Augmentation Experiment,binary_matched_size_experiment,journal-matched-size-v1,ha_binary_hausa_movie_review,ha,1039,matched_all_real,1.25,,0,,,350,630,270,360,0.7991543340380549,0.865605658709107,,completed,0.1830443000071682,8,1,,,
Binary Matched-Size Augmentation Experiment,binary_matched_size_experiment,journal-matched-size-v1,ha_binary_hausa_movie_review,ha,1039,matched_all_real,1.5,,0,,,420,700,300,400,0.7987909808939682,0.8673297966401415,,completed,0.15249149996088818,8,1,,,
Binary Matched-Size Augmentation Experiment,binary_matched_size_experiment,journal-matched-size-v1,ha_binary_hausa_movie_review,ha,1039,matched_all_real,1.75,,0,,,490,770,330,440,0.8051282051282052,0.8723695844385501,,completed,0.17327869997825474,11,1,,,
Binary Matched-Size Augmentation Experiment,binary_matched_size_experiment,journal-matched-size-v1,ha_binary_hausa_movie_review,ha,1039,matched_all_real,2.0,,0,,,560,840,360,480,0.8090262853364192,0.8773209549071618,,completed,0.17205709998961538,11,1,,,
Binary Matched-Size Augmentation Experiment,binary_matched_size_experiment,journal-matched-size-v1,ha_binary_hausa_movie_review,ha,1039,matched_all_real,2.5,,0,,,700,980,420,560,0.8023254532429602,0.8768788682581786,,completed,0.23049899999750778,13,1,,,
Binary Matched-Size Augmentation Experiment,binary_matched_size_experiment,journal-matched-size-v1,ha_binary_hausa_movie_review,ha,1039,matched_all_real,3.0,,0,,,840,1120,480,640,0.7956246211495013,0.8800618921308576,,completed,0.30966349999653175,14,1,,,
Binary Matched-Size Augmentation Experiment,binary_matched_size_experiment,journal-matched-size-v1,ha_binary_hausa_movie_review,ha,1039,matched_all_real,3.5,,0,,,980,1260,540,720,0.7987909808939682,0.8847480106100796,,completed,0.2538309999508783,9,1,,,
Binary Matched-Size Augmentation Experiment,binary_matched_size_experiment,journal-matched-size-v1,ha_binary_hausa_movie_review,ha,1039,matched_all_real,4.0,,0,,,1120,1400,600,800,0.7991543340380549,0.8856763925729444,,completed,0.2947808000026271,9,1,,,
Binary Matched-Size Augmentation Experiment,binary_matched_size_experiment,journal-matched-size-v1,ha_binary_hausa_movie_review,ha,1040,matched_all_real,0.5,,0,,,140,420,180,240,0.7920840135904338,0.859946949602122,,completed,0.09862860001157969,8,1,,,
Binary Matched-Size Augmentation Experiment,binary_matched_size_experiment,journal-matched-size-v1,ha_binary_hausa_movie_review,ha,1040,matched_all_real,0.75,,0,,,210,490,210,280,0.7885322468448772,0.8589743589743589,,completed,0.11386590002803132,8,1,,,
Binary Matched-Size Augmentation Experiment,binary_matched_size_experiment,journal-matched-size-v1,ha_binary_hausa_movie_review,ha,1040,matched_all_real,1.0,,0,,,280,560,240,320,0.7849690539345712,0.8650751547303271,,completed,0.10881810000864789,8,1,,,
Binary Matched-Size Augmentation Experiment,binary_matched_size_experiment,journal-matched-size-v1,ha_binary_hausa_movie_review,ha,1040,matched_all_real,1.25,,0,,,350,630,270,360,0.7889237890560423,0.8661803713527851,,completed,0.1692134000477381,11,1,,,
Binary Matched-Size Augmentation Experiment,binary_matched_size_experiment,journal-matched-size-v1,ha_binary_hausa_movie_review,ha,1040,matched_all_real,1.5,,0,,,420,700,300,400,0.7924594785059902,0.8710433244916003,,completed,0.17502239998430014,8,1,,,
Binary Matched-Size Augmentation Experiment,binary_matched_size_experiment,journal-matched-size-v1,ha_binary_hausa_movie_review,ha,1040,matched_all_real,1.75,,0,,,490,770,330,440,0.7857646229739252,0.8693191865605658,,completed,0.17213389999233186,13,1,,,
Binary Matched-Size Augmentation Experiment,binary_matched_size_experiment,journal-matched-size-v1,ha_binary_hausa_movie_review,ha,1040,matched_all_real,2.0,,0,,,560,840,360,480,0.7881204987222179,0.8716622458001767,,completed,0.24346710002282634,13,1,,,
Binary Matched-Size Augmentation Experiment,binary_matched_size_experiment,journal-matched-size-v1,ha_binary_hausa_movie_review,ha,1040,matched_all_real,2.5,,0,,,700,980,420,560,0.7916887709991158,0.8753757736516357,,completed,0.23753490002127364,13,1,,,
Binary Matched-Size Augmentation Experiment,binary_matched_size_experiment,journal-matched-size-v1,ha_binary_hausa_movie_review,ha,1040,matched_all_real,3.0,,0,,,840,1120,480,640,0.8019587708547263,0.8785587975243148,,completed,0.28389929997501895,13,1,,,
Binary Matched-Size Augmentation Experiment,binary_matched_size_experiment,journal-matched-size-v1,ha_binary_hausa_movie_review,ha,1040,matched_all_real,3.5,,0,,,980,1260,540,720,0.7991543340380549,0.8817418213969938,,completed,0.26624109997646883,14,1,,,
Binary Matched-Size Augmentation Experiment,binary_matched_size_experiment,journal-matched-size-v1,ha_binary_hausa_movie_review,ha,1040,matched_all_real,4.0,,0,,,1120,1400,600,800,0.7991543340380549,0.8856763925729444,,completed,0.27261149999685585,9,1,,,
Binary Matched-Size Augmentation Experiment,binary_matched_size_experiment,journal-matched-size-v1,ha_binary_hausa_movie_review,ha,1041,matched_all_real,0.5,,0,,,140,420,180,240,0.7876883168711962,0.8622015915119363,,completed,0.057150500011630356,10,1,,,
Binary Matched-Size Augmentation Experiment,binary_matched_size_experiment,journal-matched-size-v1,ha_binary_hausa_movie_review,ha,1041,matched_all_real,0.75,,0,,,210,490,210,280,0.7908380681818181,0.8678603006189213,,completed,0.15971399995032698,10,1,,,
Binary Matched-Size Augmentation Experiment,binary_matched_size_experiment,journal-matched-size-v1,ha_binary_hausa_movie_review,ha,1041,matched_all_real,1.0,,0,,,280,560,240,320,0.7916887709991158,0.8706896551724138,,completed,0.18533909996040165,10,1,,,
Binary Matched-Size Augmentation Experiment,binary_matched_size_experiment,journal-matched-size-v1,ha_binary_hausa_movie_review,ha,1041,matched_all_real,1.25,,0,,,350,630,270,360,0.7987909808939682,0.8729000884173298,,completed,0.17388479999499395,10,1,,,
Binary Matched-Size Augmentation Experiment,binary_matched_size_experiment,journal-matched-size-v1,ha_binary_hausa_movie_review,ha,1041,matched_all_real,1.5,,0,,,420,700,300,400,0.7948468320961157,0.874447391688771,,completed,0.12293519999366254,8,1,,,
Binary Matched-Size Augmentation Experiment,binary_matched_size_experiment,journal-matched-size-v1,ha_binary_hausa_movie_review,ha,1041,matched_all_real,1.75,,0,,,490,770,330,440,0.7948468320961157,0.8771441202475686,,completed,0.15446419996442273,8,1,,,
Binary Matched-Size Augmentation Experiment,binary_matched_size_experiment,journal-matched-size-v1,ha_binary_hausa_movie_review,ha,1041,matched_all_real,2.0,,0,,,560,840,360,480,0.7980066445182725,0.8759504862953138,,completed,5.238881999976002,11,1,,,
Binary Matched-Size Augmentation Experiment,binary_matched_size_experiment,journal-matched-size-v1,ha_binary_hausa_movie_review,ha,1041,matched_all_real,2.5,,0,,,700,980,420,560,0.7984084880636605,0.8770557029177718,,completed,0.18786950001958758,11,1,,,
Binary Matched-Size Augmentation Experiment,binary_matched_size_experiment,journal-matched-size-v1,ha_binary_hausa_movie_review,ha,1041,matched_all_real,3.0,,0,,,840,1120,480,640,0.7916887709991158,0.8785145888594164,,completed,0.20660169998882338,14,1,,,
Binary Matched-Size Augmentation Experiment,binary_matched_size_experiment,journal-matched-size-v1,ha_binary_hausa_movie_review,ha,1041,matched_all_real,3.5,,0,,,980,1260,540,720,0.8023254532429602,0.882051282051282,,completed,0.3552936000050977,14,1,,,
Binary Matched-Size Augmentation Experiment,binary_matched_size_experiment,journal-matched-size-v1,ha_binary_hausa_movie_review,ha,1041,matched_all_real,4.0,,0,,,1120,1400,600,800,0.7991543340380549,0.8856763925729444,,completed,0.17045879998477176,9,1,,,
Binary Matched-Size Augmentation Experiment,binary_matched_size_experiment,journal-matched-size-v1,ha_binary_hausa_movie_review,ha,1042,matched_all_real,0.5,,0,,,140,420,180,240,0.7885322468448772,0.8575154730327145,,completed,0.11802170000737533,8,1,,,
Binary Matched-Size Augmentation Experiment,binary_matched_size_experiment,journal-matched-size-v1,ha_binary_hausa_movie_review,ha,1042,matched_all_real,0.75,,0,,,210,490,210,280,0.7818189848399528,0.8647214854111407,,completed,0.13657720002811402,8,1,,,
Binary Matched-Size Augmentation Experiment,binary_matched_size_experiment,journal-matched-size-v1,ha_binary_hausa_movie_review,ha,1042,matched_all_real,1.0,,0,,,280,560,240,320,0.7818189848399528,0.8651193633952255,,completed,0.13826800003880635,8,1,,,
Binary Matched-Size Augmentation Experiment,binary_matched_size_experiment,journal-matched-size-v1,ha_binary_hausa_movie_review,ha,1042,matched_all_real,1.25,,0,,,350,630,270,360,0.7822229569625834,0.8656498673740053,,completed,0.19494289997965097,14,1,,,
Binary Matched-Size Augmentation Experiment,binary_matched_size_experiment,journal-matched-size-v1,ha_binary_hausa_movie_review,ha,1042,matched_all_real,1.5,,0,,,420,700,300,400,0.7885322468448772,0.8724137931034482,,completed,0.22786230000201613,8,1,,,
Binary Matched-Size Augmentation Experiment,binary_matched_size_experiment,journal-matched-size-v1,ha_binary_hausa_movie_review,ha,1042,matched_all_real,1.75,,0,,,490,770,330,440,0.8023254532429602,0.8742263483642794,,completed,0.26406329998280853,14,1,,,
Binary Matched-Size Augmentation Experiment,binary_matched_size_experiment,journal-matched-size-v1,ha_binary_hausa_movie_review,ha,1042,matched_all_real,2.0,,0,,,560,840,360,480,0.8093624511799329,0.876657824933687,,completed,0.2774580000550486,14,1,,,
Binary Matched-Size Augmentation Experiment,binary_matched_size_experiment,journal-matched-size-v1,ha_binary_hausa_movie_review,ha,1042,matched_all_real,2.5,,0,,,700,980,420,560,0.7952455088498018,0.8795313881520778,,completed,0.2878904999815859,14,1,,,
Binary Matched-Size Augmentation Experiment,binary_matched_size_experiment,journal-matched-size-v1,ha_binary_hausa_movie_review,ha,1042,matched_all_real,3.0,,0,,,840,1120,480,640,0.7987909808939682,0.881476569407604,,completed,0.25927079998655245,15,1,,,
Binary Matched-Size Augmentation Experiment,binary_matched_size_experiment,journal-matched-size-v1,ha_binary_hausa_movie_review,ha,1042,matched_all_real,3.5,,0,,,980,1260,540,720,0.8023254532429602,0.883289124668435,,completed,0.33782360004261136,14,1,,,
Binary Matched-Size Augmentation Experiment,binary_matched_size_experiment,journal-matched-size-v1,ha_binary_hausa_movie_review,ha,1042,matched_all_real,4.0,,0,,,1120,1400,600,800,0.7991543340380549,0.8856763925729444,,completed,0.3649432999663986,9,1,,,
Binary Matched-Size Augmentation Experiment,binary_matched_size_experiment,journal-matched-size-v1,ha_binary_hausa_movie_review,ha,1043,matched_all_real,0.5,,0,,,140,420,180,240,0.7616487455197133,0.8639257294429707,,completed,0.13451499998336658,10,1,,,
Binary Matched-Size Augmentation Experiment,binary_matched_size_experiment,journal-matched-size-v1,ha_binary_hausa_movie_review,ha,1043,matched_all_real,0.75,,0,,,210,490,210,280,0.7908380681818181,0.8634394341290892,,completed,0.16026049997890368,11,1,,,
Binary Matched-Size Augmentation Experiment,binary_matched_size_experiment,journal-matched-size-v1,ha_binary_hausa_movie_review,ha,1043,matched_all_real,1.0,,0,,,280,560,240,320,0.7903821344365852,0.8630857648099027,,completed,0.15450339997187257,8,1,,,
Binary Matched-Size Augmentation Experiment,binary_matched_size_experiment,journal-matched-size-v1,ha_binary_hausa_movie_review,ha,1043,matched_all_real,1.25,,0,,,350,630,270,360,0.7903821344365852,0.8675508399646331,,completed,0.17419049999443814,8,1,,,
Binary Matched-Size Augmentation Experiment,binary_matched_size_experiment,journal-matched-size-v1,ha_binary_hausa_movie_review,ha,1043,matched_all_real,1.5,,0,,,420,700,300,400,0.7840909090909092,0.8698496905393457,,completed,0.13960860000224784,8,1,,,
Binary Matched-Size Augmentation Experiment,binary_matched_size_experiment,journal-matched-size-v1,ha_binary_hausa_movie_review,ha,1043,matched_all_real,1.75,,0,,,490,770,330,440,0.7876883168711962,0.8751105216622459,,completed,0.19168619997799397,8,1,,,
Binary Matched-Size Augmentation Experiment,binary_matched_size_experiment,journal-matched-size-v1,ha_binary_hausa_movie_review,ha,1043,matched_all_real,2.0,,0,,,560,840,360,480,0.7881204987222179,0.8768346595932802,,completed,0.21568670001579449,11,1,,,
Binary Matched-Size Augmentation Experiment,binary_matched_size_experiment,journal-matched-size-v1,ha_binary_hausa_movie_review,ha,1043,matched_all_real,2.5,,0,,,700,980,420,560,0.7952455088498018,0.8791335101679929,,completed,0.29381419997662306,11,1,,,
Binary Matched-Size Augmentation Experiment,binary_matched_size_experiment,journal-matched-size-v1,ha_binary_hausa_movie_review,ha,1043,matched_all_real,3.0,,0,,,840,1120,480,640,0.8023254532429602,0.8784261715296197,,completed,0.27190560003509745,13,1,,,
Binary Matched-Size Augmentation Experiment,binary_matched_size_experiment,journal-matched-size-v1,ha_binary_hausa_movie_review,ha,1043,matched_all_real,3.5,,0,,,980,1260,540,720,0.7991543340380549,0.8820954907161803,,completed,0.40745140000944957,14,1,,,
Binary Matched-Size Augmentation Experiment,binary_matched_size_experiment,journal-matched-size-v1,ha_binary_hausa_movie_review,ha,1043,matched_all_real,4.0,,0,,,1120,1400,600,800,0.7991543340380549,0.8856763925729444,,completed,0.36101170000620186,9,1,,,
Binary Matched-Size Augmentation Experiment,binary_matched_size_experiment,journal-matched-size-v1,ha_binary_hausa_movie_review,ha,1044,matched_all_real,0.5,,0,,,140,420,180,240,0.7948468320961157,0.8562776304155615,,completed,0.16427959996508434,8,1,,,
Binary Matched-Size Augmentation Experiment,binary_matched_size_experiment,journal-matched-size-v1,ha_binary_hausa_movie_review,ha,1044,matched_all_real,0.75,,0,,,210,490,210,280,0.7872354607565406,0.8611405835543766,,completed,0.11434639996150509,8,1,,,
Binary Matched-Size Augmentation Experiment,binary_matched_size_experiment,journal-matched-size-v1,ha_binary_hausa_movie_review,ha,1044,matched_all_real,1.0,,0,,,280,560,240,320,0.7876883168711962,0.8638815207780725,,completed,0.1406798000098206,8,1,,,
Binary Matched-Size Augmentation Experiment,binary_matched_size_experiment,journal-matched-size-v1,ha_binary_hausa_movie_review,ha,1044,matched_all_real,1.25,,0,,,350,630,270,360,0.7948468320961157,0.8624668435013262,,completed,0.14610249997349456,11,1,,,
Binary Matched-Size Augmentation Experiment,binary_matched_size_experiment,journal-matched-size-v1,ha_binary_hausa_movie_review,ha,1044,matched_all_real,1.5,,0,,,420,700,300,400,0.7916887709991158,0.865473032714412,,completed,0.16041120002046227,11,1,,,
Binary Matched-Size Augmentation Experiment,binary_matched_size_experiment,journal-matched-size-v1,ha_binary_hausa_movie_review,ha,1044,matched_all_real,1.75,,0,,,490,770,330,440,0.7984084880636605,0.8677276746242264,,completed,0.22775739995995536,11,1,,,
Binary Matched-Size Augmentation Experiment,binary_matched_size_experiment,journal-matched-size-v1,ha_binary_hausa_movie_review,ha,1044,matched_all_real,2.0,,0,,,560,840,360,480,0.7956246211495013,0.8734748010610079,,completed,0.2674199999892153,14,1,,,
Binary Matched-Size Augmentation Experiment,binary_matched_size_experiment,journal-matched-size-v1,ha_binary_hausa_movie_review,ha,1044,matched_all_real,2.5,,0,,,700,980,420,560,0.7920840135904338,0.8767020335985853,,completed,0.24162990000331774,12,1,,,
Binary Matched-Size Augmentation Experiment,binary_matched_size_experiment,journal-matched-size-v1,ha_binary_hausa_movie_review,ha,1044,matched_all_real,3.0,,0,,,840,1120,480,640,0.7956246211495013,0.8790450928381962,,completed,0.36161960003664717,14,1,,,
Binary Matched-Size Augmentation Experiment,binary_matched_size_experiment,journal-matched-size-v1,ha_binary_hausa_movie_review,ha,1044,matched_all_real,3.5,,0,,,980,1260,540,720,0.7952455088498018,0.8821839080459771,,completed,0.3737256999593228,15,1,,,
Binary Matched-Size Augmentation Experiment,binary_matched_size_experiment,journal-matched-size-v1,ha_binary_hausa_movie_review,ha,1044,matched_all_real,4.0,,0,,,1120,1400,600,800,0.7991543340380549,0.8856763925729444,,completed,0.31796699995175004,9,1,,,
Binary Matched-Size Augmentation Experiment,binary_matched_size_experiment,journal-matched-size-v1,ha_binary_hausa_movie_review,ha,1045,matched_all_real,0.5,,0,,,140,420,180,240,0.7782493368700265,0.8543766578249337,,completed,0.14435189997311682,10,1,,,
Binary Matched-Size Augmentation Experiment,binary_matched_size_experiment,journal-matched-size-v1,ha_binary_hausa_movie_review,ha,1045,matched_all_real,0.75,,0,,,210,490,210,280,0.7849690539345712,0.8644562334217506,,completed,0.16783869999926537,10,1,,,
Binary Matched-Size Augmentation Experiment,binary_matched_size_experiment,journal-matched-size-v1,ha_binary_hausa_movie_review,ha,1045,matched_all_real,1.0,,0,,,280,560,240,320,0.7845404208194906,0.8683465959328028,,completed,0.09920890000648797,10,1,,,
Binary Matched-Size Augmentation Experiment,binary_matched_size_experiment,journal-matched-size-v1,ha_binary_hausa_movie_review,ha,1045,matched_all_real,1.25,,0,,,350,630,270,360,0.7809482634385359,0.8683908045977012,,completed,0.14579340000636876,8,1,,,
Binary Matched-Size Augmentation Experiment,binary_matched_size_experiment,journal-matched-size-v1,ha_binary_hausa_movie_review,ha,1045,matched_all_real,1.5,,0,,,420,700,300,400,0.7700965345433516,0.8693191865605658,,completed,0.16110239998670295,8,1,,,
Binary Matched-Size Augmentation Experiment,binary_matched_size_experiment,journal-matched-size-v1,ha_binary_hausa_movie_review,ha,1045,matched_all_real,1.75,,0,,,490,770,330,440,0.7881204987222179,0.8766136162687885,,completed,0.2228383999899961,8,1,,,
Binary Matched-Size Augmentation Experiment,binary_matched_size_experiment,journal-matched-size-v1,ha_binary_hausa_movie_review,ha,1045,matched_all_real,2.0,,0,,,560,840,360,480,0.7916887709991158,0.8747568523430592,,completed,0.24630350002553314,11,1,,,
Binary Matched-Size Augmentation Experiment,binary_matched_size_experiment,journal-matched-size-v1,ha_binary_hausa_movie_review,ha,1045,matched_all_real,2.5,,0,,,700,980,420,560,0.7948468320961157,0.876657824933687,,completed,0.29104919999372214,13,1,,,
Binary Matched-Size Augmentation Experiment,binary_matched_size_experiment,journal-matched-size-v1,ha_binary_hausa_movie_review,ha,1045,matched_all_real,3.0,,0,,,840,1120,480,640,0.7809482634385359,0.8801945181255526,,completed,0.2879931000061333,9,1,,,
Binary Matched-Size Augmentation Experiment,binary_matched_size_experiment,journal-matched-size-v1,ha_binary_hausa_movie_review,ha,1045,matched_all_real,3.5,,0,,,980,1260,540,720,0.7948468320961157,0.8805481874447393,,completed,0.35552779998397455,14,1,,,
Binary Matched-Size Augmentation Experiment,binary_matched_size_experiment,journal-matched-size-v1,ha_binary_hausa_movie_review,ha,1045,matched_all_real,4.0,,0,,,1120,1400,600,800,0.7991543340380549,0.8856763925729444,,completed,0.2612160000135191,9,1,,,
Binary Matched-Size Augmentation Experiment,binary_matched_size_experiment,journal-matched-size-v1,ha_binary_hausa_movie_review,ha,1046,matched_all_real,0.5,,0,,,140,420,180,240,0.7813941653483201,0.8694076038903625,,completed,0.10509199998341501,10,1,,,
Binary Matched-Size Augmentation Experiment,binary_matched_size_experiment,journal-matched-size-v1,ha_binary_hausa_movie_review,ha,1046,matched_all_real,0.75,,0,,,210,490,210,280,0.7956246211495013,0.8668877099911583,,completed,0.15157270000781864,11,1,,,
Binary Matched-Size Augmentation Experiment,binary_matched_size_experiment,journal-matched-size-v1,ha_binary_hausa_movie_review,ha,1046,matched_all_real,1.0,,0,,,280,560,240,320,0.7991543340380549,0.8683023872679045,,completed,0.15767639997648075,11,1,,,
Binary Matched-Size Augmentation Experiment,binary_matched_size_experiment,journal-matched-size-v1,ha_binary_hausa_movie_review,ha,1046,matched_all_real,1.25,,0,,,350,630,270,360,0.7853770462868994,0.8730769230769231,,completed,0.17268789996160194,11,1,,,
Binary Matched-Size Augmentation Experiment,binary_matched_size_experiment,journal-matched-size-v1,ha_binary_hausa_movie_review,ha,1046,matched_all_real,1.5,,0,,,420,700,300,400,0.7885322468448772,0.8739610963748896,,completed,0.1528987999772653,11,1,,,
Binary Matched-Size Augmentation Experiment,binary_matched_size_experiment,journal-matched-size-v1,ha_binary_hausa_movie_review,ha,1046,matched_all_real,1.75,,0,,,490,770,330,440,0.7924594785059902,0.8778514588859416,,completed,0.181684699957259,8,1,,,
Binary Matched-Size Augmentation Experiment,binary_matched_size_experiment,journal-matched-size-v1,ha_binary_hausa_movie_review,ha,1046,matched_all_real,2.0,,0,,,560,840,360,480,0.7984084880636605,0.8814765694076039,,completed,0.17611389997182414,11,1,,,
Binary Matched-Size Augmentation Experiment,binary_matched_size_experiment,journal-matched-size-v1,ha_binary_hausa_movie_review,ha,1046,matched_all_real,2.5,,0,,,700,980,420,560,0.7857646229739252,0.881476569407604,,completed,0.24890329997288063,15,1,,,
Binary Matched-Size Augmentation Experiment,binary_matched_size_experiment,journal-matched-size-v1,ha_binary_hausa_movie_review,ha,1046,matched_all_real,3.0,,0,,,840,1120,480,640,0.7928153717627402,0.8816091954022989,,completed,0.2629393999814056,14,1,,,
Binary Matched-Size Augmentation Experiment,binary_matched_size_experiment,journal-matched-size-v1,ha_binary_hausa_movie_review,ha,1046,matched_all_real,3.5,,0,,,980,1260,540,720,0.8026734143792288,0.8827586206896552,,completed,0.24694919999456033,9,1,,,
Binary Matched-Size Augmentation Experiment,binary_matched_size_experiment,journal-matched-size-v1,ha_binary_hausa_movie_review,ha,1046,matched_all_real,4.0,,0,,,1120,1400,600,800,0.7991543340380549,0.8856763925729444,,completed,0.22791200003121048,9,1,,,
Binary Matched-Size Augmentation Experiment,binary_matched_size_experiment,journal-matched-size-v1,ha_binary_hausa_movie_review,ha,1047,matched_all_real,0.5,,0,,,140,420,180,240,0.7853770462868994,0.8594606542882405,,completed,0.11281479999888688,8,1,,,
Binary Matched-Size Augmentation Experiment,binary_matched_size_experiment,journal-matched-size-v1,ha_binary_hausa_movie_review,ha,1047,matched_all_real,0.75,,0,,,210,490,210,280,0.7956246211495013,0.8612290008841733,,completed,0.10548190004192293,8,1,,,
Binary Matched-Size Augmentation Experiment,binary_matched_size_experiment,journal-matched-size-v1,ha_binary_hausa_movie_review,ha,1047,matched_all_real,1.0,,0,,,280,560,240,320,0.7889237890560423,0.8643236074270557,,completed,0.09999660000903532,8,1,,,
Binary Matched-Size Augmentation Experiment,binary_matched_size_experiment,journal-matched-size-v1,ha_binary_hausa_movie_review,ha,1047,matched_all_real,1.25,,0,,,350,630,270,360,0.7853770462868994,0.865207780725022,,completed,0.12771989998873323,11,1,,,
Binary Matched-Size Augmentation Experiment,binary_matched_size_experiment,journal-matched-size-v1,ha_binary_hausa_movie_review,ha,1047,matched_all_real,1.5,,0,,,420,700,300,400,0.7928153717627402,0.866268788682582,,completed,0.19927260000258684,9,1,,,
Binary Matched-Size Augmentation Experiment,binary_matched_size_experiment,journal-matched-size-v1,ha_binary_hausa_movie_review,ha,1047,matched_all_real,1.75,,0,,,490,770,330,440,0.7790697674418605,0.8662245800176834,,completed,0.1866254999767989,9,1,,,
Binary Matched-Size Augmentation Experiment,binary_matched_size_experiment,journal-matched-size-v1,ha_binary_hausa_movie_review,ha,1047,matched_all_real,2.0,,0,,,560,840,360,480,0.7861319966583125,0.8688770999115826,,completed,0.18230389995733276,9,1,,,
Binary Matched-Size Augmentation Experiment,binary_matched_size_experiment,journal-matched-size-v1,ha_binary_hausa_movie_review,ha,1047,matched_all_real,2.5,,0,,,700,980,420,560,0.7920840135904338,0.8748010610079576,,completed,0.27235350001137704,14,1,,,
Binary Matched-Size Augmentation Experiment,binary_matched_size_experiment,journal-matched-size-v1,ha_binary_hausa_movie_review,ha,1047,matched_all_real,3.0,,0,,,840,1120,480,640,0.7991543340380549,0.8816091954022988,,completed,0.20233390002977103,9,1,,,
Binary Matched-Size Augmentation Experiment,binary_matched_size_experiment,journal-matched-size-v1,ha_binary_hausa_movie_review,ha,1047,matched_all_real,3.5,,0,,,980,1260,540,720,0.8061821219715957,0.8857206012378426,,completed,0.26934940001228824,9,1,,,
Binary Matched-Size Augmentation Experiment,binary_matched_size_experiment,journal-matched-size-v1,ha_binary_hausa_movie_review,ha,1047,matched_all_real,4.0,,0,,,1120,1400,600,800,0.7991543340380549,0.8856763925729444,,completed,0.33552220003912225,9,1,,,
Binary Matched-Size Augmentation Experiment,binary_matched_size_experiment,journal-matched-size-v1,ha_binary_hausa_movie_review,ha,1048,matched_all_real,0.5,,0,,,140,420,180,240,0.7782493368700265,0.8600353669319187,,completed,0.12062340002739802,10,1,,,
Binary Matched-Size Augmentation Experiment,binary_matched_size_experiment,journal-matched-size-v1,ha_binary_hausa_movie_review,ha,1048,matched_all_real,0.75,,0,,,210,490,210,280,0.7849690539345712,0.8606542882404952,,completed,0.1280387999722734,10,1,,,
Binary Matched-Size Augmentation Experiment,binary_matched_size_experiment,journal-matched-size-v1,ha_binary_hausa_movie_review,ha,1048,matched_all_real,1.0,,0,,,280,560,240,320,0.7813941653483201,0.8623784261715296,,completed,0.1851973999873735,11,1,,,
Binary Matched-Size Augmentation Experiment,binary_matched_size_experiment,journal-matched-size-v1,ha_binary_hausa_movie_review,ha,1048,matched_all_real,1.25,,0,,,350,630,270,360,0.7881204987222179,0.867683465959328,,completed,0.10475390002829954,8,1,,,
Binary Matched-Size Augmentation Experiment,binary_matched_size_experiment,journal-matched-size-v1,ha_binary_hausa_movie_review,ha,1048,matched_all_real,1.5,,0,,,420,700,300,400,0.7916887709991158,0.8726790450928381,,completed,0.16661710001062602,8,1,,,
Binary Matched-Size Augmentation Experiment,binary_matched_size_experiment,journal-matched-size-v1,ha_binary_hausa_movie_review,ha,1048,matched_all_real,1.75,,0,,,490,770,330,440,0.7881204987222179,0.8740495137046861,,completed,0.1560392000246793,8,1,,,
Binary Matched-Size Augmentation Experiment,binary_matched_size_experiment,journal-matched-size-v1,ha_binary_hausa_movie_review,ha,1048,matched_all_real,2.0,,0,,,560,840,360,480,0.7916887709991158,0.8736516357206012,,completed,0.2633337000152096,11,1,,,
Binary Matched-Size Augmentation Experiment,binary_matched_size_experiment,journal-matched-size-v1,ha_binary_hausa_movie_review,ha,1048,matched_all_real,2.5,,0,,,700,980,420,560,0.7912735326688816,0.8813881520778072,,completed,0.2695794999599457,13,1,,,
Binary Matched-Size Augmentation Experiment,binary_matched_size_experiment,journal-matched-size-v1,ha_binary_hausa_movie_review,ha,1048,matched_all_real,3.0,,0,,,840,1120,480,640,0.7916887709991158,0.8811229000884173,,completed,0.2643126000184566,9,1,,,
Binary Matched-Size Augmentation Experiment,binary_matched_size_experiment,journal-matched-size-v1,ha_binary_hausa_movie_review,ha,1048,matched_all_real,3.5,,0,,,980,1260,540,720,0.7956246211495013,0.8824049513704685,,completed,0.2729420000105165,9,1,,,
Binary Matched-Size Augmentation Experiment,binary_matched_size_experiment,journal-matched-size-v1,ha_binary_hausa_movie_review,ha,1048,matched_all_real,4.0,,0,,,1120,1400,600,800,0.7991543340380549,0.8856763925729444,,completed,0.27205640001920983,9,1,,,
Binary Matched-Size Augmentation Experiment,binary_matched_size_experiment,journal-matched-size-v1,ha_binary_hausa_movie_review,ha,1049,matched_all_real,0.5,,0,,,140,420,180,240,0.7683924608301036,0.850972590627763,,completed,0.12953519995789975,11,1,,,
Binary Matched-Size Augmentation Experiment,binary_matched_size_experiment,journal-matched-size-v1,ha_binary_hausa_movie_review,ha,1049,matched_all_real,0.75,,0,,,210,490,210,280,0.7683924608301036,0.8590627763041555,,completed,0.11732739995932207,8,1,,,
Binary Matched-Size Augmentation Experiment,binary_matched_size_experiment,journal-matched-size-v1,ha_binary_hausa_movie_review,ha,1049,matched_all_real,1.0,,0,,,280,560,240,320,0.7809482634385359,0.8645888594164456,,completed,0.13277570001082495,8,1,,,
Binary Matched-Size Augmentation Experiment,binary_matched_size_experiment,journal-matched-size-v1,ha_binary_hausa_movie_review,ha,1049,matched_all_real,1.25,,0,,,350,630,270,360,0.7809482634385359,0.8709549071618037,,completed,0.1225173999555409,8,1,,,
Binary Matched-Size Augmentation Experiment,binary_matched_size_experiment,journal-matched-size-v1,ha_binary_hausa_movie_review,ha,1049,matched_all_real,1.5,,0,,,420,700,300,400,0.7778073089700996,0.8710875331564987,,completed,0.14946939999936149,11,1,,,
Binary Matched-Size Augmentation Experiment,binary_matched_size_experiment,journal-matched-size-v1,ha_binary_hausa_movie_review,ha,1049,matched_all_real,1.75,,0,,,490,770,330,440,0.7912735326688816,0.8736958443854995,,completed,0.24998179997783154,14,1,,,
Binary Matched-Size Augmentation Experiment,binary_matched_size_experiment,journal-matched-size-v1,ha_binary_hausa_movie_review,ha,1049,matched_all_real,2.0,,0,,,560,840,360,480,0.7881204987222179,0.8738284703801945,,completed,0.2420280000078492,13,1,,,
Binary Matched-Size Augmentation Experiment,binary_matched_size_experiment,journal-matched-size-v1,ha_binary_hausa_movie_review,ha,1049,matched_all_real,2.5,,0,,,700,980,420,560,0.7924594785059902,0.8777188328912466,,completed,0.241802699980326,13,1,,,
Binary Matched-Size Augmentation Experiment,binary_matched_size_experiment,journal-matched-size-v1,ha_binary_hausa_movie_review,ha,1049,matched_all_real,3.0,,0,,,840,1120,480,640,0.7956246211495013,0.8787798408488062,,completed,0.23365170002216473,14,1,,,
Binary Matched-Size Augmentation Experiment,binary_matched_size_experiment,journal-matched-size-v1,ha_binary_hausa_movie_review,ha,1049,matched_all_real,3.5,,0,,,980,1260,540,720,0.8061821219715957,0.8833333333333334,,completed,0.21960390004096553,9,1,,,
Binary Matched-Size Augmentation Experiment,binary_matched_size_experiment,journal-matched-size-v1,ha_binary_hausa_movie_review,ha,1049,matched_all_real,4.0,,0,,,1120,1400,600,800,0.7991543340380549,0.8856763925729444,,completed,0.2806912999949418,9,1,,,
Binary Matched-Size Augmentation Experiment,binary_matched_size_experiment,journal-matched-size-v1,ko_binary_nsmc,ko,1000,matched_all_real,0.5,,0,,,140,420,210,210,0.8626011988527096,0.9359511471403351,,completed,1.732341599999927,10,1,,,
Binary Matched-Size Augmentation Experiment,binary_matched_size_experiment,journal-matched-size-v1,ko_binary_nsmc,ko,1000,matched_all_real,0.75,,0,,,210,490,245,245,0.8617303920807262,0.9361730907964981,,completed,1.7740424000076018,9,1,,,
Binary Matched-Size Augmentation Experiment,binary_matched_size_experiment,journal-matched-size-v1,ko_binary_nsmc,ko,1000,matched_all_real,1.0,,0,,,280,560,280,280,0.8624617786065967,0.93575177331205,,completed,1.7587722000316717,10,1,,,
Binary Matched-Size Augmentation Experiment,binary_matched_size_experiment,journal-matched-size-v1,ko_binary_nsmc,ko,1000,matched_all_real,1.25,,0,,,350,630,315,315,0.8607138491400546,0.9355904760714155,,completed,1.8850375000038184,8,1,,,
Binary Matched-Size Augmentation Experiment,binary_matched_size_experiment,journal-matched-size-v1,ko_binary_nsmc,ko,1000,matched_all_real,1.5,,0,,,420,700,350,350,0.8607664494642446,0.9358466322529406,,completed,1.9341666999971494,10,1,,,
Binary Matched-Size Augmentation Experiment,binary_matched_size_experiment,journal-matched-size-v1,ko_binary_nsmc,ko,1000,matched_all_real,1.75,,0,,,490,770,385,385,0.8621392072292466,0.9364193889890473,,completed,2.012054600054398,24,1,,,
Binary Matched-Size Augmentation Experiment,binary_matched_size_experiment,journal-matched-size-v1,ko_binary_nsmc,ko,1000,matched_all_real,2.0,,0,,,560,840,420,420,0.8621338102547697,0.936747918467949,,completed,1.8914624000317417,9,1,,,
Binary Matched-Size Augmentation Experiment,binary_matched_size_experiment,journal-matched-size-v1,ko_binary_nsmc,ko,1000,matched_all_real,2.5,,0,,,700,980,490,490,0.8629544782618225,0.9369078182481478,,completed,1.8977807000046596,12,1,,,
Binary Matched-Size Augmentation Experiment,binary_matched_size_experiment,journal-matched-size-v1,ko_binary_nsmc,ko,1000,matched_all_real,3.0,,0,,,840,1120,560,560,0.864335153783557,0.938084564119252,,completed,1.8797378999879584,9,1,,,
Binary Matched-Size Augmentation Experiment,binary_matched_size_experiment,journal-matched-size-v1,ko_binary_nsmc,ko,1000,matched_all_real,3.5,,0,,,980,1260,630,630,0.8651591905895277,0.9381379285873305,,completed,1.9182660999940708,14,1,,,
Binary Matched-Size Augmentation Experiment,binary_matched_size_experiment,journal-matched-size-v1,ko_binary_nsmc,ko,1000,matched_all_real,4.0,,0,,,1120,1400,700,700,0.8641951211232703,0.9387432562537091,,completed,1.9490094000357203,11,1,,,
Binary Matched-Size Augmentation Experiment,binary_matched_size_experiment,journal-matched-size-v1,ko_binary_nsmc,ko,1001,matched_all_real,0.5,,0,,,140,420,210,210,0.8626302329653794,0.9354471101002253,,completed,1.6621975000016391,9,1,,,
Binary Matched-Size Augmentation Experiment,binary_matched_size_experiment,journal-matched-size-v1,ko_binary_nsmc,ko,1001,matched_all_real,0.75,,0,,,210,490,245,245,0.8623422818807205,0.9352492684273574,,completed,1.6954707999830134,9,1,,,
Binary Matched-Size Augmentation Experiment,binary_matched_size_experiment,journal-matched-size-v1,ko_binary_nsmc,ko,1001,matched_all_real,1.0,,0,,,280,560,280,280,0.863575967496072,0.9364378001093638,,completed,1.7026926000253297,10,1,,,
Binary Matched-Size Augmentation Experiment,binary_matched_size_experiment,journal-matched-size-v1,ko_binary_nsmc,ko,1001,matched_all_real,1.25,,0,,,350,630,315,315,0.8634907189116634,0.9363701916469664,,completed,1.6684582000016235,11,1,,,
Binary Matched-Size Augmentation Experiment,binary_matched_size_experiment,journal-matched-size-v1,ko_binary_nsmc,ko,1001,matched_all_real,1.5,,0,,,420,700,350,350,0.8639024026860722,0.9365590761035486,,completed,1.6364911000127904,11,1,,,
Binary Matched-Size Augmentation Experiment,binary_matched_size_experiment,journal-matched-size-v1,ko_binary_nsmc,ko,1001,matched_all_real,1.75,,0,,,490,770,385,385,0.8637667544210975,0.9366996218985586,,completed,1.6908847999875434,11,1,,,
Binary Matched-Size Augmentation Experiment,binary_matched_size_experiment,journal-matched-size-v1,ko_binary_nsmc,ko,1001,matched_all_real,2.0,,0,,,560,840,420,420,0.8640941856647176,0.9373275530665608,,completed,1.7580692000337876,11,1,,,
Binary Matched-Size Augmentation Experiment,binary_matched_size_experiment,journal-matched-size-v1,ko_binary_nsmc,ko,1001,matched_all_real,2.5,,0,,,700,980,490,490,0.8634617545567038,0.9375586223077367,,completed,1.6733948000473902,11,1,,,
Binary Matched-Size Augmentation Experiment,binary_matched_size_experiment,journal-matched-size-v1,ko_binary_nsmc,ko,1001,matched_all_real,3.0,,0,,,840,1120,560,560,0.8631454833485925,0.9382741725613609,,completed,1.5348517999518663,12,1,,,
Binary Matched-Size Augmentation Experiment,binary_matched_size_experiment,journal-matched-size-v1,ko_binary_nsmc,ko,1001,matched_all_real,3.5,,0,,,980,1260,630,630,0.8639750690612902,0.9384392833536661,,completed,1.8430108000175096,10,1,,,
Binary Matched-Size Augmentation Experiment,binary_matched_size_experiment,journal-matched-size-v1,ko_binary_nsmc,ko,1001,matched_all_real,4.0,,0,,,1120,1400,700,700,0.8641951211232703,0.9387432562537091,,completed,1.8333430000348017,11,1,,,
Binary Matched-Size Augmentation Experiment,binary_matched_size_experiment,journal-matched-size-v1,ko_binary_nsmc,ko,1002,matched_all_real,0.5,,0,,,140,420,210,210,0.8578284057813992,0.9328440706490333,,completed,1.6590930999955162,8,1,,,
Binary Matched-Size Augmentation Experiment,binary_matched_size_experiment,journal-matched-size-v1,ko_binary_nsmc,ko,1002,matched_all_real,0.75,,0,,,210,490,245,245,0.8573041416580095,0.9322852716804096,,completed,1.6128485000226647,9,1,,,
Binary Matched-Size Augmentation Experiment,binary_matched_size_experiment,journal-matched-size-v1,ko_binary_nsmc,ko,1002,matched_all_real,1.0,,0,,,280,560,280,280,0.8579564229065989,0.9331809427983666,,completed,1.5392661000369117,10,1,,,
Binary Matched-Size Augmentation Experiment,binary_matched_size_experiment,journal-matched-size-v1,ko_binary_nsmc,ko,1002,matched_all_real,1.25,,0,,,350,630,315,315,0.8596157511486349,0.9345429700352914,,completed,1.6218988000182435,11,1,,,
Binary Matched-Size Augmentation Experiment,binary_matched_size_experiment,journal-matched-size-v1,ko_binary_nsmc,ko,1002,matched_all_real,1.5,,0,,,420,700,350,350,0.8604353089635847,0.9352278014146426,,completed,1.6670545000233687,10,1,,,
Binary Matched-Size Augmentation Experiment,binary_matched_size_experiment,journal-matched-size-v1,ko_binary_nsmc,ko,1002,matched_all_real,1.75,,0,,,490,770,385,385,0.8611660388198591,0.9355381807447548,,completed,1.7265105000115,10,1,,,
Binary Matched-Size Augmentation Experiment,binary_matched_size_experiment,journal-matched-size-v1,ko_binary_nsmc,ko,1002,matched_all_real,2.0,,0,,,560,840,420,420,0.8615744526935258,0.9361865434577995,,completed,1.6192223000107333,10,1,,,
Binary Matched-Size Augmentation Experiment,binary_matched_size_experiment,journal-matched-size-v1,ko_binary_nsmc,ko,1002,matched_all_real,2.5,,0,,,700,980,490,490,0.8626436467120957,0.937152617959025,,completed,1.6670293000061065,14,1,,,
Binary Matched-Size Augmentation Experiment,binary_matched_size_experiment,journal-matched-size-v1,ko_binary_nsmc,ko,1002,matched_all_real,3.0,,0,,,840,1120,560,560,0.8619928798441883,0.9372850820551305,,completed,1.6739058999810368,9,1,,,
Binary Matched-Size Augmentation Experiment,binary_matched_size_experiment,journal-matched-size-v1,ko_binary_nsmc,ko,1002,matched_all_real,3.5,,0,,,980,1260,630,630,0.8639658409590253,0.9382444638994509,,completed,1.799923500046134,10,1,,,
Binary Matched-Size Augmentation Experiment,binary_matched_size_experiment,journal-matched-size-v1,ko_binary_nsmc,ko,1002,matched_all_real,4.0,,0,,,1120,1400,700,700,0.8641951211232703,0.9387432562537091,,completed,1.8081882999977097,11,1,,,
Binary Matched-Size Augmentation Experiment,binary_matched_size_experiment,journal-matched-size-v1,ko_binary_nsmc,ko,1003,matched_all_real,0.5,,0,,,140,420,210,210,0.8604769227968538,0.9339697587036214,,completed,1.0454829999944195,7,1,,,
Binary Matched-Size Augmentation Experiment,binary_matched_size_experiment,journal-matched-size-v1,ko_binary_nsmc,ko,1003,matched_all_real,0.75,,0,,,210,490,245,245,0.8621325079537756,0.9355958470338124,,completed,1.051923600025475,8,1,,,
Binary Matched-Size Augmentation Experiment,binary_matched_size_experiment,journal-matched-size-v1,ko_binary_nsmc,ko,1003,matched_all_real,1.0,,0,,,280,560,280,280,0.8630701841819763,0.9370829806534652,,completed,1.24468640005216,9,1,,,
Binary Matched-Size Augmentation Experiment,binary_matched_size_experiment,journal-matched-size-v1,ko_binary_nsmc,ko,1003,matched_all_real,1.25,,0,,,350,630,315,315,0.8645429291226516,0.9369028682075689,,completed,1.1151898000389338,9,1,,,
Binary Matched-Size Augmentation Experiment,binary_matched_size_experiment,journal-matched-size-v1,ko_binary_nsmc,ko,1003,matched_all_real,1.5,,0,,,420,700,350,350,0.8644630993699738,0.9367990688872649,,completed,2.2156002999981865,8,1,,,
Binary Matched-Size Augmentation Experiment,binary_matched_size_experiment,journal-matched-size-v1,ko_binary_nsmc,ko,1003,matched_all_real,1.75,,0,,,490,770,385,385,0.8650961677742306,0.9372045344560497,,completed,1.156180599995423,8,1,,,
Binary Matched-Size Augmentation Experiment,binary_matched_size_experiment,journal-matched-size-v1,ko_binary_nsmc,ko,1003,matched_all_real,2.0,,0,,,560,840,420,420,0.8646076797345846,0.9370727438348528,,completed,1.193998400005512,8,1,,,
Binary Matched-Size Augmentation Experiment,binary_matched_size_experiment,journal-matched-size-v1,ko_binary_nsmc,ko,1003,matched_all_real,2.5,,0,,,700,980,490,490,0.8631926528979361,0.9368201318150347,,completed,1.1946311999927275,11,1,,,
Binary Matched-Size Augmentation Experiment,binary_matched_size_experiment,journal-matched-size-v1,ko_binary_nsmc,ko,1003,matched_all_real,3.0,,0,,,840,1120,560,560,0.8630983803332277,0.9373478246613126,,completed,1.2024916000082158,15,1,,,
Binary Matched-Size Augmentation Experiment,binary_matched_size_experiment,journal-matched-size-v1,ko_binary_nsmc,ko,1003,matched_all_real,3.5,,0,,,980,1260,630,630,0.8627786383783753,0.9377564808174773,,completed,2.41707550000865,12,1,,,
Binary Matched-Size Augmentation Experiment,binary_matched_size_experiment,journal-matched-size-v1,ko_binary_nsmc,ko,1003,matched_all_real,4.0,,0,,,1120,1400,700,700,0.8641951211232703,0.9387432562537091,,completed,1.1343651000061072,11,1,,,
Binary Matched-Size Augmentation Experiment,binary_matched_size_experiment,journal-matched-size-v1,ko_binary_nsmc,ko,1004,matched_all_real,0.5,,0,,,140,420,210,210,0.8595239967376209,0.9351761122153994,,completed,1.5142817000159994,14,1,,,
Binary Matched-Size Augmentation Experiment,binary_matched_size_experiment,journal-matched-size-v1,ko_binary_nsmc,ko,1004,matched_all_real,0.75,,0,,,210,490,245,245,0.8606293404534158,0.936168889996755,,completed,1.5269645999651402,16,1,,,
Binary Matched-Size Augmentation Experiment,binary_matched_size_experiment,journal-matched-size-v1,ko_binary_nsmc,ko,1004,matched_all_real,1.0,,0,,,280,560,280,280,0.862456080509054,0.9366700479316302,,completed,1.6418302999809384,12,1,,,
Binary Matched-Size Augmentation Experiment,binary_matched_size_experiment,journal-matched-size-v1,ko_binary_nsmc,ko,1004,matched_all_real,1.25,,0,,,350,630,315,315,0.8625416822573333,0.9368362699575346,,completed,1.697283299989067,9,1,,,
Binary Matched-Size Augmentation Experiment,binary_matched_size_experiment,journal-matched-size-v1,ko_binary_nsmc,ko,1004,matched_all_real,1.5,,0,,,420,700,350,350,0.8620447678258256,0.936858738764176,,completed,1.7805888000293635,16,1,,,
Binary Matched-Size Augmentation Experiment,binary_matched_size_experiment,journal-matched-size-v1,ko_binary_nsmc,ko,1004,matched_all_real,1.75,,0,,,490,770,385,385,0.8624108769746213,0.9370010103386396,,completed,1.7906418000347912,17,1,,,
Binary Matched-Size Augmentation Experiment,binary_matched_size_experiment,journal-matched-size-v1,ko_binary_nsmc,ko,1004,matched_all_real,2.0,,0,,,560,840,420,420,0.8630511790496246,0.9372596920510725,,completed,1.7249480999889784,21,1,,,
Binary Matched-Size Augmentation Experiment,binary_matched_size_experiment,journal-matched-size-v1,ko_binary_nsmc,ko,1004,matched_all_real,2.5,,0,,,700,980,490,490,0.8625450846165492,0.9371404701553594,,completed,1.7150710999849252,20,1,,,
Binary Matched-Size Augmentation Experiment,binary_matched_size_experiment,journal-matched-size-v1,ko_binary_nsmc,ko,1004,matched_all_real,3.0,,0,,,840,1120,560,560,0.8641532929771062,0.9378496476526601,,completed,1.8141321999719366,20,1,,,
Binary Matched-Size Augmentation Experiment,binary_matched_size_experiment,journal-matched-size-v1,ko_binary_nsmc,ko,1004,matched_all_real,3.5,,0,,,980,1260,630,630,0.8637304651888198,0.938306036342979,,completed,1.925443499989342,12,1,,,
Binary Matched-Size Augmentation Experiment,binary_matched_size_experiment,journal-matched-size-v1,ko_binary_nsmc,ko,1004,matched_all_real,4.0,,0,,,1120,1400,700,700,0.8641951211232703,0.9387432562537091,,completed,1.8288844000198878,11,1,,,
Binary Matched-Size Augmentation Experiment,binary_matched_size_experiment,journal-matched-size-v1,ko_binary_nsmc,ko,1005,matched_all_real,0.5,,0,,,140,420,210,210,0.8630571511407158,0.9370715147431444,,completed,1.8831448000273667,8,1,,,
Binary Matched-Size Augmentation Experiment,binary_matched_size_experiment,journal-matched-size-v1,ko_binary_nsmc,ko,1005,matched_all_real,0.75,,0,,,210,490,245,245,0.8628771478284645,0.9367711617707356,,completed,1.9470166999963112,11,1,,,
Binary Matched-Size Augmentation Experiment,binary_matched_size_experiment,journal-matched-size-v1,ko_binary_nsmc,ko,1005,matched_all_real,1.0,,0,,,280,560,280,280,0.8624185632722565,0.9368494616473086,,completed,1.854037499986589,9,1,,,
Binary Matched-Size Augmentation Experiment,binary_matched_size_experiment,journal-matched-size-v1,ko_binary_nsmc,ko,1005,matched_all_real,1.25,,0,,,350,630,315,315,0.8638770010855064,0.9373496177882571,,completed,1.7713032000465319,9,1,,,
Binary Matched-Size Augmentation Experiment,binary_matched_size_experiment,journal-matched-size-v1,ko_binary_nsmc,ko,1005,matched_all_real,1.5,,0,,,420,700,350,350,0.8644360426977821,0.9377927053491292,,completed,2.2868563000229187,19,1,,,
Binary Matched-Size Augmentation Experiment,binary_matched_size_experiment,journal-matched-size-v1,ko_binary_nsmc,ko,1005,matched_all_real,1.75,,0,,,490,770,385,385,0.8647544046383631,0.9378167147296245,,completed,1.855972700053826,10,1,,,
Binary Matched-Size Augmentation Experiment,binary_matched_size_experiment,journal-matched-size-v1,ko_binary_nsmc,ko,1005,matched_all_real,2.0,,0,,,560,840,420,420,0.8641043038273081,0.9377720717616137,,completed,2.048480900004506,13,1,,,
Binary Matched-Size Augmentation Experiment,binary_matched_size_experiment,journal-matched-size-v1,ko_binary_nsmc,ko,1005,matched_all_real,2.5,,0,,,700,980,490,490,0.8651520790912086,0.9385853179691819,,completed,1.8798234999994747,27,1,,,
Binary Matched-Size Augmentation Experiment,binary_matched_size_experiment,journal-matched-size-v1,ko_binary_nsmc,ko,1005,matched_all_real,3.0,,0,,,840,1120,560,560,0.8650614734410538,0.9386431947191485,,completed,1.891729100025259,16,1,,,
Binary Matched-Size Augmentation Experiment,binary_matched_size_experiment,journal-matched-size-v1,ko_binary_nsmc,ko,1005,matched_all_real,3.5,,0,,,980,1260,630,630,0.8649791088252696,0.938751119073268,,completed,1.9982066999655217,23,1,,,
Binary Matched-Size Augmentation Experiment,binary_matched_size_experiment,journal-matched-size-v1,ko_binary_nsmc,ko,1005,matched_all_real,4.0,,0,,,1120,1400,700,700,0.8641951211232703,0.9387432562537091,,completed,1.8637291000341065,11,1,,,
Binary Matched-Size Augmentation Experiment,binary_matched_size_experiment,journal-matched-size-v1,ko_binary_nsmc,ko,1006,matched_all_real,0.5,,0,,,140,420,210,210,0.861005431864295,0.9348772156324807,,completed,1.7005329999956302,17,1,,,
Binary Matched-Size Augmentation Experiment,binary_matched_size_experiment,journal-matched-size-v1,ko_binary_nsmc,ko,1006,matched_all_real,0.75,,0,,,210,490,245,245,0.8616409471994215,0.9357582470896098,,completed,1.6930827999603935,19,1,,,
Binary Matched-Size Augmentation Experiment,binary_matched_size_experiment,journal-matched-size-v1,ko_binary_nsmc,ko,1006,matched_all_real,1.0,,0,,,280,560,280,280,0.8626842593547057,0.9357412081744196,,completed,1.4993778999778442,15,1,,,
Binary Matched-Size Augmentation Experiment,binary_matched_size_experiment,journal-matched-size-v1,ko_binary_nsmc,ko,1006,matched_all_real,1.25,,0,,,350,630,315,315,0.8624580367263994,0.9364631396028038,,completed,1.606425500009209,9,1,,,
Binary Matched-Size Augmentation Experiment,binary_matched_size_experiment,journal-matched-size-v1,ko_binary_nsmc,ko,1006,matched_all_real,1.5,,0,,,420,700,350,350,0.8636361405363602,0.9368336265685178,,completed,1.814564700005576,24,1,,,
Binary Matched-Size Augmentation Experiment,binary_matched_size_experiment,journal-matched-size-v1,ko_binary_nsmc,ko,1006,matched_all_real,1.75,,0,,,490,770,385,385,0.863631040690302,0.9368451093157112,,completed,1.8120672999648377,23,1,,,
Binary Matched-Size Augmentation Experiment,binary_matched_size_experiment,journal-matched-size-v1,ko_binary_nsmc,ko,1006,matched_all_real,2.0,,0,,,560,840,420,420,0.8643753864239629,0.9371567598297137,,completed,1.566831500036642,11,1,,,
Binary Matched-Size Augmentation Experiment,binary_matched_size_experiment,journal-matched-size-v1,ko_binary_nsmc,ko,1006,matched_all_real,2.5,,0,,,700,980,490,490,0.8644689224782001,0.9376802855499939,,completed,1.5927783999941312,11,1,,,
Binary Matched-Size Augmentation Experiment,binary_matched_size_experiment,journal-matched-size-v1,ko_binary_nsmc,ko,1006,matched_all_real,3.0,,0,,,840,1120,560,560,0.8647498137430538,0.9385561312503259,,completed,1.718315900012385,9,1,,,
Binary Matched-Size Augmentation Experiment,binary_matched_size_experiment,journal-matched-size-v1,ko_binary_nsmc,ko,1006,matched_all_real,3.5,,0,,,980,1260,630,630,0.8647463885864124,0.9383058763926884,,completed,1.8217505000066012,14,1,,,
Binary Matched-Size Augmentation Experiment,binary_matched_size_experiment,journal-matched-size-v1,ko_binary_nsmc,ko,1006,matched_all_real,4.0,,0,,,1120,1400,700,700,0.8641951211232703,0.9387432562537091,,completed,1.8007951999898069,11,1,,,
Binary Matched-Size Augmentation Experiment,binary_matched_size_experiment,journal-matched-size-v1,ko_binary_nsmc,ko,1007,matched_all_real,0.5,,0,,,140,420,210,210,0.8590612676784686,0.9338872664457415,,completed,1.7157222999958321,10,1,,,
Binary Matched-Size Augmentation Experiment,binary_matched_size_experiment,journal-matched-size-v1,ko_binary_nsmc,ko,1007,matched_all_real,0.75,,0,,,210,490,245,245,0.8598030804817977,0.9346990646822562,,completed,1.8559898000094108,9,1,,,
Binary Matched-Size Augmentation Experiment,binary_matched_size_experiment,journal-matched-size-v1,ko_binary_nsmc,ko,1007,matched_all_real,1.0,,0,,,280,560,280,280,0.8624427116903279,0.9354390873303753,,completed,1.8923236000118777,10,1,,,
Binary Matched-Size Augmentation Experiment,binary_matched_size_experiment,journal-matched-size-v1,ko_binary_nsmc,ko,1007,matched_all_real,1.25,,0,,,350,630,315,315,0.8629231518303205,0.9352418602033616,,completed,1.9617235999903642,10,1,,,
Binary Matched-Size Augmentation Experiment,binary_matched_size_experiment,journal-matched-size-v1,ko_binary_nsmc,ko,1007,matched_all_real,1.5,,0,,,420,700,350,350,0.8617823625543283,0.9350574627733585,,completed,1.8972132000490092,8,1,,,
Binary Matched-Size Augmentation Experiment,binary_matched_size_experiment,journal-matched-size-v1,ko_binary_nsmc,ko,1007,matched_all_real,1.75,,0,,,490,770,385,385,0.860865445069666,0.935216411270249,,completed,1.8019911000155844,10,1,,,
Binary Matched-Size Augmentation Experiment,binary_matched_size_experiment,journal-matched-size-v1,ko_binary_nsmc,ko,1007,matched_all_real,2.0,,0,,,560,840,420,420,0.862324461793996,0.93625652591925,,completed,1.7820322000188753,11,1,,,
Binary Matched-Size Augmentation Experiment,binary_matched_size_experiment,journal-matched-size-v1,ko_binary_nsmc,ko,1007,matched_all_real,2.5,,0,,,700,980,490,490,0.8621029384048785,0.937322468331,,completed,1.9292987000080757,14,1,,,
Binary Matched-Size Augmentation Experiment,binary_matched_size_experiment,journal-matched-size-v1,ko_binary_nsmc,ko,1007,matched_all_real,3.0,,0,,,840,1120,560,560,0.8639438685018523,0.938562158850759,,completed,1.834217900002841,12,1,,,
Binary Matched-Size Augmentation Experiment,binary_matched_size_experiment,journal-matched-size-v1,ko_binary_nsmc,ko,1007,matched_all_real,3.5,,0,,,980,1260,630,630,0.8639537662643785,0.938744401161054,,completed,1.974638799962122,14,1,,,
Binary Matched-Size Augmentation Experiment,binary_matched_size_experiment,journal-matched-size-v1,ko_binary_nsmc,ko,1007,matched_all_real,4.0,,0,,,1120,1400,700,700,0.8641951211232703,0.9387432562537091,,completed,1.9636045999941416,11,1,,,
Binary Matched-Size Augmentation Experiment,binary_matched_size_experiment,journal-matched-size-v1,ko_binary_nsmc,ko,1008,matched_all_real,0.5,,0,,,140,420,210,210,0.856716294073571,0.9332980769218627,,completed,1.509463200054597,9,1,,,
Binary Matched-Size Augmentation Experiment,binary_matched_size_experiment,journal-matched-size-v1,ko_binary_nsmc,ko,1008,matched_all_real,0.75,,0,,,210,490,245,245,0.8564998272467701,0.9333775469610898,,completed,1.567292499996256,9,1,,,
Binary Matched-Size Augmentation Experiment,binary_matched_size_experiment,journal-matched-size-v1,ko_binary_nsmc,ko,1008,matched_all_real,1.0,,0,,,280,560,280,280,0.8590012696052975,0.9349024877784298,,completed,1.685836400021799,9,1,,,
Binary Matched-Size Augmentation Experiment,binary_matched_size_experiment,journal-matched-size-v1,ko_binary_nsmc,ko,1008,matched_all_real,1.25,,0,,,350,630,315,315,0.8612751103977392,0.9357545345591757,,completed,1.590321799973026,9,1,,,
Binary Matched-Size Augmentation Experiment,binary_matched_size_experiment,journal-matched-size-v1,ko_binary_nsmc,ko,1008,matched_all_real,1.5,,0,,,420,700,350,350,0.861692995665631,0.9360646865915059,,completed,1.7126522000180557,9,1,,,
Binary Matched-Size Augmentation Experiment,binary_matched_size_experiment,journal-matched-size-v1,ko_binary_nsmc,ko,1008,matched_all_real,1.75,,0,,,490,770,385,385,0.8611145264923572,0.9359579155631674,,completed,1.6892918999656104,9,1,,,
Binary Matched-Size Augmentation Experiment,binary_matched_size_experiment,journal-matched-size-v1,ko_binary_nsmc,ko,1008,matched_all_real,2.0,,0,,,560,840,420,420,0.8630287594315665,0.9366051417873039,,completed,1.6733199000009336,9,1,,,
Binary Matched-Size Augmentation Experiment,binary_matched_size_experiment,journal-matched-size-v1,ko_binary_nsmc,ko,1008,matched_all_real,2.5,,0,,,700,980,490,490,0.8641285988024967,0.9370779632653953,,completed,1.7618002999806777,12,1,,,
Binary Matched-Size Augmentation Experiment,binary_matched_size_experiment,journal-matched-size-v1,ko_binary_nsmc,ko,1008,matched_all_real,3.0,,0,,,840,1120,560,560,0.8649747209281202,0.9379462744651863,,completed,1.8256495000096038,10,1,,,
Binary Matched-Size Augmentation Experiment,binary_matched_size_experiment,journal-matched-size-v1,ko_binary_nsmc,ko,1008,matched_all_real,3.5,,0,,,980,1260,630,630,0.8646029399142041,0.9384263189616735,,completed,1.9170626000268385,12,1,,,
Binary Matched-Size Augmentation Experiment,binary_matched_size_experiment,journal-matched-size-v1,ko_binary_nsmc,ko,1008,matched_all_real,4.0,,0,,,1120,1400,700,700,0.8641951211232703,0.9387432562537091,,completed,1.8013343999627978,11,1,,,
Binary Matched-Size Augmentation Experiment,binary_matched_size_experiment,journal-matched-size-v1,ko_binary_nsmc,ko,1009,matched_all_real,0.5,,0,,,140,420,210,210,0.8587752093775042,0.9339743972620551,,completed,1.807964899984654,8,1,,,
Binary Matched-Size Augmentation Experiment,binary_matched_size_experiment,journal-matched-size-v1,ko_binary_nsmc,ko,1009,matched_all_real,0.75,,0,,,210,490,245,245,0.85789845365597,0.9338060790454975,,completed,1.8536350000067614,9,1,,,
Binary Matched-Size Augmentation Experiment,binary_matched_size_experiment,journal-matched-size-v1,ko_binary_nsmc,ko,1009,matched_all_real,1.0,,0,,,280,560,280,280,0.8599696091673519,0.9362303866743562,,completed,1.7980443999986164,11,1,,,
Binary Matched-Size Augmentation Experiment,binary_matched_size_experiment,journal-matched-size-v1,ko_binary_nsmc,ko,1009,matched_all_real,1.25,,0,,,350,630,315,315,0.8599326492596013,0.9362156375738554,,completed,1.790135300019756,9,1,,,
Binary Matched-Size Augmentation Experiment,binary_matched_size_experiment,journal-matched-size-v1,ko_binary_nsmc,ko,1009,matched_all_real,1.5,,0,,,420,700,350,350,0.8612900382353919,0.9364759187891966,,completed,1.701901699998416,9,1,,,
Binary Matched-Size Augmentation Experiment,binary_matched_size_experiment,journal-matched-size-v1,ko_binary_nsmc,ko,1009,matched_all_real,1.75,,0,,,490,770,385,385,0.8617495970175366,0.937120097539371,,completed,1.6450683999573812,9,1,,,
Binary Matched-Size Augmentation Experiment,binary_matched_size_experiment,journal-matched-size-v1,ko_binary_nsmc,ko,1009,matched_all_real,2.0,,0,,,560,840,420,420,0.862838870479484,0.9373043686928285,,completed,1.823027899954468,9,1,,,
Binary Matched-Size Augmentation Experiment,binary_matched_size_experiment,journal-matched-size-v1,ko_binary_nsmc,ko,1009,matched_all_real,2.5,,0,,,700,980,490,490,0.8649256352650798,0.9387218229147395,,completed,1.772565899998881,12,1,,,
Binary Matched-Size Augmentation Experiment,binary_matched_size_experiment,journal-matched-size-v1,ko_binary_nsmc,ko,1009,matched_all_real,3.0,,0,,,840,1120,560,560,0.8648344099279481,0.9389132076469202,,completed,1.7272068000165746,14,1,,,
Binary Matched-Size Augmentation Experiment,binary_matched_size_experiment,journal-matched-size-v1,ko_binary_nsmc,ko,1009,matched_all_real,3.5,,0,,,980,1260,630,630,0.8653282537733005,0.9388919595135508,,completed,1.6704227000009269,12,1,,,
Binary Matched-Size Augmentation Experiment,binary_matched_size_experiment,journal-matched-size-v1,ko_binary_nsmc,ko,1009,matched_all_real,4.0,,0,,,1120,1400,700,700,0.8641951211232703,0.9387432562537091,,completed,1.829605899984017,11,1,,,
Binary Matched-Size Augmentation Experiment,binary_matched_size_experiment,journal-matched-size-v1,ko_binary_nsmc,ko,1010,matched_all_real,0.5,,0,,,140,420,210,210,0.86287516394682,0.9350096881470227,,completed,1.7909369999542832,8,1,,,
Binary Matched-Size Augmentation Experiment,binary_matched_size_experiment,journal-matched-size-v1,ko_binary_nsmc,ko,1010,matched_all_real,0.75,,0,,,210,490,245,245,0.8628472136448813,0.9354546025085847,,completed,1.85989600000903,9,1,,,
Binary Matched-Size Augmentation Experiment,binary_matched_size_experiment,journal-matched-size-v1,ko_binary_nsmc,ko,1010,matched_all_real,1.0,,0,,,280,560,280,280,0.8624136013302627,0.9359806705966454,,completed,2.105007599981036,10,1,,,
Binary Matched-Size Augmentation Experiment,binary_matched_size_experiment,journal-matched-size-v1,ko_binary_nsmc,ko,1010,matched_all_real,1.25,,0,,,350,630,315,315,0.8643685285773175,0.9366300603589259,,completed,1.8436708999797702,19,1,,,
Binary Matched-Size Augmentation Experiment,binary_matched_size_experiment,journal-matched-size-v1,ko_binary_nsmc,ko,1010,matched_all_real,1.5,,0,,,420,700,350,350,0.864825060597789,0.9371172857816272,,completed,1.7273512000101618,10,1,,,
Binary Matched-Size Augmentation Experiment,binary_matched_size_experiment,journal-matched-size-v1,ko_binary_nsmc,ko,1010,matched_all_real,1.75,,0,,,490,770,385,385,0.8639299725460369,0.9368664163781354,,completed,1.8141339999856427,8,1,,,
Binary Matched-Size Augmentation Experiment,binary_matched_size_experiment,journal-matched-size-v1,ko_binary_nsmc,ko,1010,matched_all_real,2.0,,0,,,560,840,420,420,0.8649048899935423,0.9375115885038,,completed,1.7095116000273265,13,1,,,
Binary Matched-Size Augmentation Experiment,binary_matched_size_experiment,journal-matched-size-v1,ko_binary_nsmc,ko,1010,matched_all_real,2.5,,0,,,700,980,490,490,0.8653250491962952,0.9376731888081434,,completed,2.756279800029006,10,1,,,
Binary Matched-Size Augmentation Experiment,binary_matched_size_experiment,journal-matched-size-v1,ko_binary_nsmc,ko,1010,matched_all_real,3.0,,0,,,840,1120,560,560,0.8667738882682824,0.9384116119533545,,completed,1.7903984999866225,16,1,,,
Binary Matched-Size Augmentation Experiment,binary_matched_size_experiment,journal-matched-size-v1,ko_binary_nsmc,ko,1010,matched_all_real,3.5,,0,,,980,1260,630,630,0.8649708329674846,0.9383364858272888,,completed,1.68866549996892,10,1,,,
Binary Matched-Size Augmentation Experiment,binary_matched_size_experiment,journal-matched-size-v1,ko_binary_nsmc,ko,1010,matched_all_real,4.0,,0,,,1120,1400,700,700,0.8641951211232703,0.9387432562537091,,completed,2.1039671000326052,11,1,,,
Binary Matched-Size Augmentation Experiment,binary_matched_size_experiment,journal-matched-size-v1,ko_binary_nsmc,ko,1011,matched_all_real,0.5,,0,,,140,420,210,210,0.8565598702371955,0.9329142467345201,,completed,1.7543662000098266,10,1,,,
Binary Matched-Size Augmentation Experiment,binary_matched_size_experiment,journal-matched-size-v1,ko_binary_nsmc,ko,1011,matched_all_real,0.75,,0,,,210,490,245,245,0.8555637771677872,0.9321253129711562,,completed,1.6993771999841556,8,1,,,
Binary Matched-Size Augmentation Experiment,binary_matched_size_experiment,journal-matched-size-v1,ko_binary_nsmc,ko,1011,matched_all_real,1.0,,0,,,280,560,280,280,0.8580428758723743,0.9340660824524387,,completed,1.7488719000248238,17,1,,,
Binary Matched-Size Augmentation Experiment,binary_matched_size_experiment,journal-matched-size-v1,ko_binary_nsmc,ko,1011,matched_all_real,1.25,,0,,,350,630,315,315,0.8571735155102288,0.9338914335717392,,completed,1.7031397999962792,10,1,,,
Binary Matched-Size Augmentation Experiment,binary_matched_size_experiment,journal-matched-size-v1,ko_binary_nsmc,ko,1011,matched_all_real,1.5,,0,,,420,700,350,350,0.858124891593006,0.9350720687604412,,completed,1.5949345999979414,13,1,,,
Binary Matched-Size Augmentation Experiment,binary_matched_size_experiment,journal-matched-size-v1,ko_binary_nsmc,ko,1011,matched_all_real,1.75,,0,,,490,770,385,385,0.8605647561104867,0.9359043574710527,,completed,1.5989702000515535,9,1,,,
Binary Matched-Size Augmentation Experiment,binary_matched_size_experiment,journal-matched-size-v1,ko_binary_nsmc,ko,1011,matched_all_real,2.0,,0,,,560,840,420,420,0.8611539750433626,0.9364658587577478,,completed,1.7796362999943085,13,1,,,
Binary Matched-Size Augmentation Experiment,binary_matched_size_experiment,journal-matched-size-v1,ko_binary_nsmc,ko,1011,matched_all_real,2.5,,0,,,700,980,490,490,0.8628932856459138,0.93732383211769,,completed,1.5994865999673493,13,1,,,
Binary Matched-Size Augmentation Experiment,binary_matched_size_experiment,journal-matched-size-v1,ko_binary_nsmc,ko,1011,matched_all_real,3.0,,0,,,840,1120,560,560,0.8634073438954997,0.9377001278044917,,completed,1.7262410999974236,17,1,,,
Binary Matched-Size Augmentation Experiment,binary_matched_size_experiment,journal-matched-size-v1,ko_binary_nsmc,ko,1011,matched_all_real,3.5,,0,,,980,1260,630,630,0.863227892138098,0.938324237002387,,completed,1.888844600005541,10,1,,,
Binary Matched-Size Augmentation Experiment,binary_matched_size_experiment,journal-matched-size-v1,ko_binary_nsmc,ko,1011,matched_all_real,4.0,,0,,,1120,1400,700,700,0.8641951211232703,0.9387432562537091,,completed,1.9592317000497133,11,1,,,
Binary Matched-Size Augmentation Experiment,binary_matched_size_experiment,journal-matched-size-v1,ko_binary_nsmc,ko,1012,matched_all_real,0.5,,0,,,140,420,210,210,0.8589308337460199,0.9334288068200784,,completed,1.6281787999905646,9,1,,,
Binary Matched-Size Augmentation Experiment,binary_matched_size_experiment,journal-matched-size-v1,ko_binary_nsmc,ko,1012,matched_all_real,0.75,,0,,,210,490,245,245,0.8592971701659977,0.9342497306416055,,completed,1.7108901999890804,9,1,,,
Binary Matched-Size Augmentation Experiment,binary_matched_size_experiment,journal-matched-size-v1,ko_binary_nsmc,ko,1012,matched_all_real,1.0,,0,,,280,560,280,280,0.8583352824654414,0.9338874263960325,,completed,1.6395290999789722,9,1,,,
Binary Matched-Size Augmentation Experiment,binary_matched_size_experiment,journal-matched-size-v1,ko_binary_nsmc,ko,1012,matched_all_real,1.25,,0,,,350,630,315,315,0.8564544665471581,0.9325814659452573,,completed,1.6986268000327982,10,1,,,
Binary Matched-Size Augmentation Experiment,binary_matched_size_experiment,journal-matched-size-v1,ko_binary_nsmc,ko,1012,matched_all_real,1.5,,0,,,420,700,350,350,0.858518325051389,0.9336917398428726,,completed,1.7973191000055522,10,1,,,
Binary Matched-Size Augmentation Experiment,binary_matched_size_experiment,journal-matched-size-v1,ko_binary_nsmc,ko,1012,matched_all_real,1.75,,0,,,490,770,385,385,0.85943634263561,0.9351618429657712,,completed,1.7034124999772757,11,1,,,
Binary Matched-Size Augmentation Experiment,binary_matched_size_experiment,journal-matched-size-v1,ko_binary_nsmc,ko,1012,matched_all_real,2.0,,0,,,560,840,420,420,0.8605376452211977,0.9357668675684411,,completed,1.7169629000127316,11,1,,,
Binary Matched-Size Augmentation Experiment,binary_matched_size_experiment,journal-matched-size-v1,ko_binary_nsmc,ko,1012,matched_all_real,2.5,,0,,,700,980,490,490,0.8633789701782034,0.9363976862601142,,completed,1.693557000020519,12,1,,,
Binary Matched-Size Augmentation Experiment,binary_matched_size_experiment,journal-matched-size-v1,ko_binary_nsmc,ko,1012,matched_all_real,3.0,,0,,,840,1120,560,560,0.8643388428577095,0.9376412997712165,,completed,1.7410738000180572,12,1,,,
Binary Matched-Size Augmentation Experiment,binary_matched_size_experiment,journal-matched-size-v1,ko_binary_nsmc,ko,1012,matched_all_real,3.5,,0,,,980,1260,630,630,0.8656117705322854,0.9384133377328082,,completed,1.7098931000218727,10,1,,,
Binary Matched-Size Augmentation Experiment,binary_matched_size_experiment,journal-matched-size-v1,ko_binary_nsmc,ko,1012,matched_all_real,4.0,,0,,,1120,1400,700,700,0.8641951211232703,0.9387432562537091,,completed,1.9256821999442764,11,1,,,
Binary Matched-Size Augmentation Experiment,binary_matched_size_experiment,journal-matched-size-v1,ko_binary_nsmc,ko,1013,matched_all_real,0.5,,0,,,140,420,210,210,0.8587420849098322,0.934890971357491,,completed,1.7077984999632463,8,1,,,
Binary Matched-Size Augmentation Experiment,binary_matched_size_experiment,journal-matched-size-v1,ko_binary_nsmc,ko,1013,matched_all_real,0.75,,0,,,210,490,245,245,0.8581962303761337,0.9349267665488885,,completed,1.8329482999979518,11,1,,,
Binary Matched-Size Augmentation Experiment,binary_matched_size_experiment,journal-matched-size-v1,ko_binary_nsmc,ko,1013,matched_all_real,1.0,,0,,,280,560,280,280,0.8607182357748598,0.9360804711596789,,completed,1.8330336999497376,8,1,,,
Binary Matched-Size Augmentation Experiment,binary_matched_size_experiment,journal-matched-size-v1,ko_binary_nsmc,ko,1013,matched_all_real,1.25,,0,,,350,630,315,315,0.8633819570474666,0.9369709817761477,,completed,1.825433099991642,9,1,,,
Binary Matched-Size Augmentation Experiment,binary_matched_size_experiment,journal-matched-size-v1,ko_binary_nsmc,ko,1013,matched_all_real,1.5,,0,,,420,700,350,350,0.8634733408022773,0.9370534992893367,,completed,1.685946999990847,9,1,,,
Binary Matched-Size Augmentation Experiment,binary_matched_size_experiment,journal-matched-size-v1,ko_binary_nsmc,ko,1013,matched_all_real,1.75,,0,,,490,770,385,385,0.8636970607684821,0.9373719098077352,,completed,1.808739300002344,10,1,,,
Binary Matched-Size Augmentation Experiment,binary_matched_size_experiment,journal-matched-size-v1,ko_binary_nsmc,ko,1013,matched_all_real,2.0,,0,,,560,840,420,420,0.8639762783102733,0.9375300922269167,,completed,1.8099600999848917,16,1,,,
Binary Matched-Size Augmentation Experiment,binary_matched_size_experiment,journal-matched-size-v1,ko_binary_nsmc,ko,1013,matched_all_real,2.5,,0,,,700,980,490,490,0.8635654084424177,0.9380867360758326,,completed,1.7137830999563448,10,1,,,
Binary Matched-Size Augmentation Experiment,binary_matched_size_experiment,journal-matched-size-v1,ko_binary_nsmc,ko,1013,matched_all_real,3.0,,0,,,840,1120,560,560,0.864198049200934,0.9382394717666901,,completed,1.9095692000119016,14,1,,,
Binary Matched-Size Augmentation Experiment,binary_matched_size_experiment,journal-matched-size-v1,ko_binary_nsmc,ko,1013,matched_all_real,3.5,,0,,,980,1260,630,630,0.8652107787559176,0.9386333788223542,,completed,2.028280000027735,23,1,,,
Binary Matched-Size Augmentation Experiment,binary_matched_size_experiment,journal-matched-size-v1,ko_binary_nsmc,ko,1013,matched_all_real,4.0,,0,,,1120,1400,700,700,0.8641951211232703,0.9387432562537091,,completed,1.8438388000358827,11,1,,,
Binary Matched-Size Augmentation Experiment,binary_matched_size_experiment,journal-matched-size-v1,ko_binary_nsmc,ko,1014,matched_all_real,0.5,,0,,,140,420,210,210,0.8609474412180969,0.9347048649849073,,completed,1.6955684999702498,11,1,,,
Binary Matched-Size Augmentation Experiment,binary_matched_size_experiment,journal-matched-size-v1,ko_binary_nsmc,ko,1014,matched_all_real,0.75,,0,,,210,490,245,245,0.8617269127925524,0.9359091223060318,,completed,1.5121545000001788,9,1,,,
Binary Matched-Size Augmentation Experiment,binary_matched_size_experiment,journal-matched-size-v1,ko_binary_nsmc,ko,1014,matched_all_real,1.0,,0,,,280,560,280,280,0.8609949882047675,0.9360428744229005,,completed,1.6700065999757499,11,1,,,
Binary Matched-Size Augmentation Experiment,binary_matched_size_experiment,journal-matched-size-v1,ko_binary_nsmc,ko,1014,matched_all_real,1.25,,0,,,350,630,315,315,0.8617683894472035,0.9370849758228822,,completed,1.8583832000149414,8,1,,,
Binary Matched-Size Augmentation Experiment,binary_matched_size_experiment,journal-matched-size-v1,ko_binary_nsmc,ko,1014,matched_all_real,1.5,,0,,,420,700,350,350,0.8637026557287019,0.9375827495463409,,completed,1.5700491000316106,8,1,,,
Binary Matched-Size Augmentation Experiment,binary_matched_size_experiment,journal-matched-size-v1,ko_binary_nsmc,ko,1014,matched_all_real,1.75,,0,,,490,770,385,385,0.8629231935780284,0.9372897795426188,,completed,1.7636372999986634,9,1,,,
Binary Matched-Size Augmentation Experiment,binary_matched_size_experiment,journal-matched-size-v1,ko_binary_nsmc,ko,1014,matched_all_real,2.0,,0,,,560,840,420,420,0.863471174277856,0.9369861686353391,,completed,1.7552762000123039,10,1,,,
Binary Matched-Size Augmentation Experiment,binary_matched_size_experiment,journal-matched-size-v1,ko_binary_nsmc,ko,1014,matched_all_real,2.5,,0,,,700,980,490,490,0.8630837920415141,0.9371947269776917,,completed,1.7163522999617271,13,1,,,
Binary Matched-Size Augmentation Experiment,binary_matched_size_experiment,journal-matched-size-v1,ko_binary_nsmc,ko,1014,matched_all_real,3.0,,0,,,840,1120,560,560,0.86326892030253,0.9375383422945485,,completed,1.8631303000147454,11,1,,,
Binary Matched-Size Augmentation Experiment,binary_matched_size_experiment,journal-matched-size-v1,ko_binary_nsmc,ko,1014,matched_all_real,3.5,,0,,,980,1260,630,630,0.8640074609197534,0.9382971212188751,,completed,1.796664299967233,11,1,,,
Binary Matched-Size Augmentation Experiment,binary_matched_size_experiment,journal-matched-size-v1,ko_binary_nsmc,ko,1014,matched_all_real,4.0,,0,,,1120,1400,700,700,0.8641951211232703,0.9387432562537091,,completed,1.8653967999853194,11,1,,,
Binary Matched-Size Augmentation Experiment,binary_matched_size_experiment,journal-matched-size-v1,ko_binary_nsmc,ko,1015,matched_all_real,0.5,,0,,,140,420,210,210,0.8558121293953448,0.9327947301935344,,completed,1.4252251000143588,8,1,,,
Binary Matched-Size Augmentation Experiment,binary_matched_size_experiment,journal-matched-size-v1,ko_binary_nsmc,ko,1015,matched_all_real,0.75,,0,,,210,490,245,245,0.8576474399642128,0.9336147532423713,,completed,1.4930501999915577,14,1,,,
Binary Matched-Size Augmentation Experiment,binary_matched_size_experiment,journal-matched-size-v1,ko_binary_nsmc,ko,1015,matched_all_real,1.0,,0,,,280,560,280,280,0.8607138491400546,0.9351361498980043,,completed,1.9800752000301145,9,1,,,
Binary Matched-Size Augmentation Experiment,binary_matched_size_experiment,journal-matched-size-v1,ko_binary_nsmc,ko,1015,matched_all_real,1.25,,0,,,350,630,315,315,0.8614880768138492,0.9357263327973737,,completed,2.2837660999502987,11,1,,,
Binary Matched-Size Augmentation Experiment,binary_matched_size_experiment,journal-matched-size-v1,ko_binary_nsmc,ko,1015,matched_all_real,1.5,,0,,,420,700,350,350,0.8611680024920441,0.9356857222603787,,completed,1.7893808000371791,9,1,,,
Binary Matched-Size Augmentation Experiment,binary_matched_size_experiment,journal-matched-size-v1,ko_binary_nsmc,ko,1015,matched_all_real,1.75,,0,,,490,770,385,385,0.8633167892523682,0.9366077599210115,,completed,1.9001170000410639,13,1,,,
Binary Matched-Size Augmentation Experiment,binary_matched_size_experiment,journal-matched-size-v1,ko_binary_nsmc,ko,1015,matched_all_real,2.0,,0,,,560,840,420,420,0.8624546457785136,0.9367349709128292,,completed,1.8320268000243232,24,1,,,
Binary Matched-Size Augmentation Experiment,binary_matched_size_experiment,journal-matched-size-v1,ko_binary_nsmc,ko,1015,matched_all_real,2.5,,0,,,700,980,490,490,0.8646526964208061,0.9379547770859087,,completed,1.852225599985104,14,1,,,
Binary Matched-Size Augmentation Experiment,binary_matched_size_experiment,journal-matched-size-v1,ko_binary_nsmc,ko,1015,matched_all_real,3.0,,0,,,840,1120,560,560,0.8652469386570165,0.9378350585024504,,completed,1.8605383999529295,11,1,,,
Binary Matched-Size Augmentation Experiment,binary_matched_size_experiment,journal-matched-size-v1,ko_binary_nsmc,ko,1015,matched_all_real,3.5,,0,,,980,1260,630,630,0.8657923265381899,0.9388819079005384,,completed,2.0277070999727584,27,1,,,
Binary Matched-Size Augmentation Experiment,binary_matched_size_experiment,journal-matched-size-v1,ko_binary_nsmc,ko,1015,matched_all_real,4.0,,0,,,1120,1400,700,700,0.8641951211232703,0.9387432562537091,,completed,2.120436700002756,11,1,,,
Binary Matched-Size Augmentation Experiment,binary_matched_size_experiment,journal-matched-size-v1,ko_binary_nsmc,ko,1016,matched_all_real,0.5,,0,,,140,420,210,210,0.8569967822008293,0.9324324512032705,,completed,1.7121009000111371,7,1,,,
Binary Matched-Size Augmentation Experiment,binary_matched_size_experiment,journal-matched-size-v1,ko_binary_nsmc,ko,1016,matched_all_real,0.75,,0,,,210,490,245,245,0.8600264451969148,0.9338681902689525,,completed,1.7014702999731526,8,1,,,
Binary Matched-Size Augmentation Experiment,binary_matched_size_experiment,journal-matched-size-v1,ko_binary_nsmc,ko,1016,matched_all_real,1.0,,0,,,280,560,280,280,0.8599817888758283,0.9338705053389513,,completed,1.6346149999881163,15,1,,,
Binary Matched-Size Augmentation Experiment,binary_matched_size_experiment,journal-matched-size-v1,ko_binary_nsmc,ko,1016,matched_all_real,1.25,,0,,,350,630,315,315,0.8615144173753939,0.9347270559831492,,completed,1.7638712999760173,9,1,,,
Binary Matched-Size Augmentation Experiment,binary_matched_size_experiment,journal-matched-size-v1,ko_binary_nsmc,ko,1016,matched_all_real,1.5,,0,,,420,700,350,350,0.8625802019423038,0.9358427513537793,,completed,1.7153307999833487,13,1,,,
Binary Matched-Size Augmentation Experiment,binary_matched_size_experiment,journal-matched-size-v1,ko_binary_nsmc,ko,1016,matched_all_real,1.75,,0,,,490,770,385,385,0.8630831372475586,0.9362644729231729,,completed,1.6885042000212707,19,1,,,
Binary Matched-Size Augmentation Experiment,binary_matched_size_experiment,journal-matched-size-v1,ko_binary_nsmc,ko,1016,matched_all_real,2.0,,0,,,560,840,420,420,0.86564787149512,0.9370331940208392,,completed,1.644360299978871,9,1,,,
Binary Matched-Size Augmentation Experiment,binary_matched_size_experiment,journal-matched-size-v1,ko_binary_nsmc,ko,1016,matched_all_real,2.5,,0,,,700,980,490,490,0.8652302725928072,0.9375101321143101,,completed,1.6294276000116952,9,1,,,
Binary Matched-Size Augmentation Experiment,binary_matched_size_experiment,journal-matched-size-v1,ko_binary_nsmc,ko,1016,matched_all_real,3.0,,0,,,840,1120,560,560,0.8642222935481265,0.937320708877801,,completed,1.6815095000201836,15,1,,,
Binary Matched-Size Augmentation Experiment,binary_matched_size_experiment,journal-matched-size-v1,ko_binary_nsmc,ko,1016,matched_all_real,3.5,,0,,,980,1260,630,630,0.8639998177943288,0.9381435689396908,,completed,1.77565120003419,11,1,,,
Binary Matched-Size Augmentation Experiment,binary_matched_size_experiment,journal-matched-size-v1,ko_binary_nsmc,ko,1016,matched_all_real,4.0,,0,,,1120,1400,700,700,0.8641951211232703,0.9387432562537091,,completed,2.0746828999836,11,1,,,
Binary Matched-Size Augmentation Experiment,binary_matched_size_experiment,journal-matched-size-v1,ko_binary_nsmc,ko,1017,matched_all_real,0.5,,0,,,140,420,210,210,0.8556931922449743,0.9334863468325907,,completed,1.7000580999883823,8,1,,,
Binary Matched-Size Augmentation Experiment,binary_matched_size_experiment,journal-matched-size-v1,ko_binary_nsmc,ko,1017,matched_all_real,0.75,,0,,,210,490,245,245,0.8567651965473969,0.9341234204224784,,completed,1.6266293000080623,10,1,,,
Binary Matched-Size Augmentation Experiment,binary_matched_size_experiment,journal-matched-size-v1,ko_binary_nsmc,ko,1017,matched_all_real,1.0,,0,,,280,560,280,280,0.8582877945643359,0.9348786720219707,,completed,1.6945672999718226,11,1,,,
Binary Matched-Size Augmentation Experiment,binary_matched_size_experiment,journal-matched-size-v1,ko_binary_nsmc,ko,1017,matched_all_real,1.25,,0,,,350,630,315,315,0.8567277966822879,0.9344725161414046,,completed,1.6620723999803886,11,1,,,
Binary Matched-Size Augmentation Experiment,binary_matched_size_experiment,journal-matched-size-v1,ko_binary_nsmc,ko,1017,matched_all_real,1.5,,0,,,420,700,350,350,0.8579227305543036,0.9349331477236484,,completed,1.8587686999817379,22,1,,,
Binary Matched-Size Augmentation Experiment,binary_matched_size_experiment,journal-matched-size-v1,ko_binary_nsmc,ko,1017,matched_all_real,1.75,,0,,,490,770,385,385,0.8600285738233661,0.9357157676597434,,completed,1.6130686000105925,12,1,,,
Binary Matched-Size Augmentation Experiment,binary_matched_size_experiment,journal-matched-size-v1,ko_binary_nsmc,ko,1017,matched_all_real,2.0,,0,,,560,840,420,420,0.861082765675595,0.9361773252699865,,completed,1.669807700032834,12,1,,,
Binary Matched-Size Augmentation Experiment,binary_matched_size_experiment,journal-matched-size-v1,ko_binary_nsmc,ko,1017,matched_all_real,2.5,,0,,,700,980,490,490,0.8632270561199163,0.9370978307752019,,completed,1.8894409000058658,12,1,,,
Binary Matched-Size Augmentation Experiment,binary_matched_size_experiment,journal-matched-size-v1,ko_binary_nsmc,ko,1017,matched_all_real,3.0,,0,,,840,1120,560,560,0.8624912075269284,0.9372561899815472,,completed,1.8367375999805517,12,1,,,
Binary Matched-Size Augmentation Experiment,binary_matched_size_experiment,journal-matched-size-v1,ko_binary_nsmc,ko,1017,matched_all_real,3.5,,0,,,980,1260,630,630,0.8640517842564568,0.9378973044208871,,completed,1.8746879000100307,12,1,,,
Binary Matched-Size Augmentation Experiment,binary_matched_size_experiment,journal-matched-size-v1,ko_binary_nsmc,ko,1017,matched_all_real,4.0,,0,,,1120,1400,700,700,0.8641951211232703,0.9387432562537091,,completed,1.8891551999840885,11,1,,,
Binary Matched-Size Augmentation Experiment,binary_matched_size_experiment,journal-matched-size-v1,ko_binary_nsmc,ko,1018,matched_all_real,0.5,,0,,,140,420,210,210,0.85700343414575,0.933158617105143,,completed,1.4587456000153907,8,1,,,
Binary Matched-Size Augmentation Experiment,binary_matched_size_experiment,journal-matched-size-v1,ko_binary_nsmc,ko,1018,matched_all_real,0.75,,0,,,210,490,245,245,0.8583579647848556,0.9339554389433751,,completed,1.4668961000279523,9,1,,,
Binary Matched-Size Augmentation Experiment,binary_matched_size_experiment,journal-matched-size-v1,ko_binary_nsmc,ko,1018,matched_all_real,1.0,,0,,,280,560,280,280,0.8583814358292686,0.933979953430052,,completed,1.6482478000107221,10,1,,,
Binary Matched-Size Augmentation Experiment,binary_matched_size_experiment,journal-matched-size-v1,ko_binary_nsmc,ko,1018,matched_all_real,1.25,,0,,,350,630,315,315,0.8606280592298596,0.9352736145453071,,completed,1.8676877999678254,11,1,,,
Binary Matched-Size Augmentation Experiment,binary_matched_size_experiment,journal-matched-size-v1,ko_binary_nsmc,ko,1018,matched_all_real,1.5,,0,,,420,700,350,350,0.8620862898389008,0.9358255356514256,,completed,1.6885692000505514,11,1,,,
Binary Matched-Size Augmentation Experiment,binary_matched_size_experiment,journal-matched-size-v1,ko_binary_nsmc,ko,1018,matched_all_real,1.75,,0,,,490,770,385,385,0.8636555588431462,0.9365886416520406,,completed,1.8601487000123598,10,1,,,
Binary Matched-Size Augmentation Experiment,binary_matched_size_experiment,journal-matched-size-v1,ko_binary_nsmc,ko,1018,matched_all_real,2.0,,0,,,560,840,420,420,0.864067832126901,0.9373046465012286,,completed,1.8204727999982424,11,1,,,
Binary Matched-Size Augmentation Experiment,binary_matched_size_experiment,journal-matched-size-v1,ko_binary_nsmc,ko,1018,matched_all_real,2.5,,0,,,700,980,490,490,0.863740874025082,0.9375299070213169,,completed,1.8192233999725431,10,1,,,
Binary Matched-Size Augmentation Experiment,binary_matched_size_experiment,journal-matched-size-v1,ko_binary_nsmc,ko,1018,matched_all_real,3.0,,0,,,840,1120,560,560,0.8651242189600722,0.9379127522516056,,completed,1.8941378999734297,13,1,,,
Binary Matched-Size Augmentation Experiment,binary_matched_size_experiment,journal-matched-size-v1,ko_binary_nsmc,ko,1018,matched_all_real,3.5,,0,,,980,1260,630,630,0.8643815653506625,0.9384779408134256,,completed,1.8189891999936663,12,1,,,
Binary Matched-Size Augmentation Experiment,binary_matched_size_experiment,journal-matched-size-v1,ko_binary_nsmc,ko,1018,matched_all_real,4.0,,0,,,1120,1400,700,700,0.8641951211232703,0.9387432562537091,,completed,1.9226832000422291,11,1,,,
Binary Matched-Size Augmentation Experiment,binary_matched_size_experiment,journal-matched-size-v1,ko_binary_nsmc,ko,1019,matched_all_real,0.5,,0,,,140,420,210,210,0.8541306720841735,0.9336041039203774,,completed,1.768099799985066,8,1,,,
Binary Matched-Size Augmentation Experiment,binary_matched_size_experiment,journal-matched-size-v1,ko_binary_nsmc,ko,1019,matched_all_real,0.75,,0,,,210,490,245,245,0.8543732935419959,0.9337091660061352,,completed,1.8038557000108995,8,1,,,
Binary Matched-Size Augmentation Experiment,binary_matched_size_experiment,journal-matched-size-v1,ko_binary_nsmc,ko,1019,matched_all_real,1.0,,0,,,280,560,280,280,0.8573157467208214,0.9343748117690245,,completed,1.7969098999747075,9,1,,,
Binary Matched-Size Augmentation Experiment,binary_matched_size_experiment,journal-matched-size-v1,ko_binary_nsmc,ko,1019,matched_all_real,1.25,,0,,,350,630,315,315,0.8586424891484425,0.9345735373777102,,completed,1.7391523999976926,11,1,,,
Binary Matched-Size Augmentation Experiment,binary_matched_size_experiment,journal-matched-size-v1,ko_binary_nsmc,ko,1019,matched_all_real,1.5,,0,,,420,700,350,350,0.8586536015813119,0.9347274095574761,,completed,1.5916536999866366,10,1,,,
Binary Matched-Size Augmentation Experiment,binary_matched_size_experiment,journal-matched-size-v1,ko_binary_nsmc,ko,1019,matched_all_real,1.75,,0,,,490,770,385,385,0.8620051263381044,0.9360863809020026,,completed,1.7753524000290781,11,1,,,
Binary Matched-Size Augmentation Experiment,binary_matched_size_experiment,journal-matched-size-v1,ko_binary_nsmc,ko,1019,matched_all_real,2.0,,0,,,560,840,420,420,0.8622788980529823,0.9360646950099425,,completed,1.7829638000112027,9,1,,,
Binary Matched-Size Augmentation Experiment,binary_matched_size_experiment,journal-matched-size-v1,ko_binary_nsmc,ko,1019,matched_all_real,2.5,,0,,,700,980,490,490,0.8645257124400336,0.9372358594577408,,completed,1.8577215999830514,9,1,,,
Binary Matched-Size Augmentation Experiment,binary_matched_size_experiment,journal-matched-size-v1,ko_binary_nsmc,ko,1019,matched_all_real,3.0,,0,,,840,1120,560,560,0.8653965510042032,0.9382493802662843,,completed,1.759125699987635,10,1,,,
Binary Matched-Size Augmentation Experiment,binary_matched_size_experiment,journal-matched-size-v1,ko_binary_nsmc,ko,1019,matched_all_real,3.5,,0,,,980,1260,630,630,0.8649759031875448,0.9387564058513015,,completed,1.9267483000294305,10,1,,,
Binary Matched-Size Augmentation Experiment,binary_matched_size_experiment,journal-matched-size-v1,ko_binary_nsmc,ko,1019,matched_all_real,4.0,,0,,,1120,1400,700,700,0.8641951211232703,0.9387432562537091,,completed,1.9993672000127845,11,1,,,
Binary Matched-Size Augmentation Experiment,binary_matched_size_experiment,journal-matched-size-v1,ko_binary_nsmc,ko,1020,matched_all_real,0.5,,0,,,140,420,210,210,0.8589147663507094,0.9365530232478068,,completed,1.7406641999841668,8,1,,,
Binary Matched-Size Augmentation Experiment,binary_matched_size_experiment,journal-matched-size-v1,ko_binary_nsmc,ko,1020,matched_all_real,0.75,,0,,,210,490,245,245,0.8587812779788602,0.9365091211021956,,completed,1.5865550999878906,8,1,,,
Binary Matched-Size Augmentation Experiment,binary_matched_size_experiment,journal-matched-size-v1,ko_binary_nsmc,ko,1020,matched_all_real,1.0,,0,,,280,560,280,280,0.8625095694213563,0.9370964164778937,,completed,1.854140000010375,21,1,,,
Binary Matched-Size Augmentation Experiment,binary_matched_size_experiment,journal-matched-size-v1,ko_binary_nsmc,ko,1020,matched_all_real,1.25,,0,,,350,630,315,315,0.8629635074571245,0.9371914522059481,,completed,1.871665800048504,12,1,,,
Binary Matched-Size Augmentation Experiment,binary_matched_size_experiment,journal-matched-size-v1,ko_binary_nsmc,ko,1020,matched_all_real,1.5,,0,,,420,700,350,350,0.8621361640839827,0.9373611510460685,,completed,1.7852092999964952,11,1,,,
Binary Matched-Size Augmentation Experiment,binary_matched_size_experiment,journal-matched-size-v1,ko_binary_nsmc,ko,1020,matched_all_real,1.75,,0,,,490,770,385,385,0.8631845222802861,0.9375469459365071,,completed,1.919283399998676,9,1,,,
Binary Matched-Size Augmentation Experiment,binary_matched_size_experiment,journal-matched-size-v1,ko_binary_nsmc,ko,1020,matched_all_real,2.0,,0,,,560,840,420,420,0.8636051375241738,0.938256106596935,,completed,1.920865699998103,21,1,,,
Binary Matched-Size Augmentation Experiment,binary_matched_size_experiment,journal-matched-size-v1,ko_binary_nsmc,ko,1020,matched_all_real,2.5,,0,,,700,980,490,490,0.8633810599652991,0.9381491587814331,,completed,1.857375699968543,9,1,,,
Binary Matched-Size Augmentation Experiment,binary_matched_size_experiment,journal-matched-size-v1,ko_binary_nsmc,ko,1020,matched_all_real,3.0,,0,,,840,1120,560,560,0.8642500811702041,0.9382584890144247,,completed,1.520798499986995,9,1,,,
Binary Matched-Size Augmentation Experiment,binary_matched_size_experiment,journal-matched-size-v1,ko_binary_nsmc,ko,1020,matched_all_real,3.5,,0,,,980,1260,630,630,0.864471341494216,0.9385737762929338,,completed,1.6647338999900967,16,1,,,
Binary Matched-Size Augmentation Experiment,binary_matched_size_experiment,journal-matched-size-v1,ko_binary_nsmc,ko,1020,matched_all_real,4.0,,0,,,1120,1400,700,700,0.8641951211232703,0.9387432562537091,,completed,1.9166648000245914,11,1,,,
Binary Matched-Size Augmentation Experiment,binary_matched_size_experiment,journal-matched-size-v1,ko_binary_nsmc,ko,1021,matched_all_real,0.5,,0,,,140,420,210,210,0.8593575518524281,0.9338411586698044,,completed,1.6626414000056684,7,1,,,
Binary Matched-Size Augmentation Experiment,binary_matched_size_experiment,journal-matched-size-v1,ko_binary_nsmc,ko,1021,matched_all_real,0.75,,0,,,210,490,245,245,0.8605490113673797,0.9349725123320621,,completed,1.7336333999992348,9,1,,,
Binary Matched-Size Augmentation Experiment,binary_matched_size_experiment,journal-matched-size-v1,ko_binary_nsmc,ko,1021,matched_all_real,1.0,,0,,,280,560,280,280,0.8616625405195479,0.935895770665967,,completed,1.759778700012248,18,1,,,
Binary Matched-Size Augmentation Experiment,binary_matched_size_experiment,journal-matched-size-v1,ko_binary_nsmc,ko,1021,matched_all_real,1.25,,0,,,350,630,315,315,0.8615263105037385,0.9357376471758397,,completed,1.7138375000213273,9,1,,,
Binary Matched-Size Augmentation Experiment,binary_matched_size_experiment,journal-matched-size-v1,ko_binary_nsmc,ko,1021,matched_all_real,1.5,,0,,,420,700,350,350,0.8629323144235111,0.9363661423790778,,completed,1.759749200020451,10,1,,,
Binary Matched-Size Augmentation Experiment,binary_matched_size_experiment,journal-matched-size-v1,ko_binary_nsmc,ko,1021,matched_all_real,1.75,,0,,,490,770,385,385,0.8634536844025194,0.9367209878900372,,completed,1.7172669999999925,11,1,,,
Binary Matched-Size Augmentation Experiment,binary_matched_size_experiment,journal-matched-size-v1,ko_binary_nsmc,ko,1021,matched_all_real,2.0,,0,,,560,840,420,420,0.8639926719832147,0.9374307378410104,,completed,1.7457053000107408,9,1,,,
Binary Matched-Size Augmentation Experiment,binary_matched_size_experiment,journal-matched-size-v1,ko_binary_nsmc,ko,1021,matched_all_real,2.5,,0,,,700,980,490,490,0.8652411069111405,0.9376878116320987,,completed,1.8241020999848843,9,1,,,
Binary Matched-Size Augmentation Experiment,binary_matched_size_experiment,journal-matched-size-v1,ko_binary_nsmc,ko,1021,matched_all_real,3.0,,0,,,840,1120,560,560,0.8646061819051349,0.9375270868451366,,completed,1.8979729999555275,24,1,,,
Binary Matched-Size Augmentation Experiment,binary_matched_size_experiment,journal-matched-size-v1,ko_binary_nsmc,ko,1021,matched_all_real,3.5,,0,,,980,1260,630,630,0.8646574582918982,0.9378879852118379,,completed,1.878924900025595,10,1,,,
Binary Matched-Size Augmentation Experiment,binary_matched_size_experiment,journal-matched-size-v1,ko_binary_nsmc,ko,1021,matched_all_real,4.0,,0,,,1120,1400,700,700,0.8641951211232703,0.9387432562537091,,completed,2.5679772999719717,11,1,,,
Binary Matched-Size Augmentation Experiment,binary_matched_size_experiment,journal-matched-size-v1,ko_binary_nsmc,ko,1022,matched_all_real,0.5,,0,,,140,420,210,210,0.860134962971002,0.9343758977473149,,completed,1.6821077999775298,7,1,,,
Binary Matched-Size Augmentation Experiment,binary_matched_size_experiment,journal-matched-size-v1,ko_binary_nsmc,ko,1022,matched_all_real,0.75,,0,,,210,490,245,245,0.858961351819204,0.9340091148935987,,completed,1.7021883000270464,17,1,,,
Binary Matched-Size Augmentation Experiment,binary_matched_size_experiment,journal-matched-size-v1,ko_binary_nsmc,ko,1022,matched_all_real,1.0,,0,,,280,560,280,280,0.8596894065184797,0.9349522070635647,,completed,1.8456051999819465,9,1,,,
Binary Matched-Size Augmentation Experiment,binary_matched_size_experiment,journal-matched-size-v1,ko_binary_nsmc,ko,1022,matched_all_real,1.25,,0,,,350,630,315,315,0.8607008970526826,0.9352759632890513,,completed,1.8457067999988794,9,1,,,
Binary Matched-Size Augmentation Experiment,binary_matched_size_experiment,journal-matched-size-v1,ko_binary_nsmc,ko,1022,matched_all_real,1.5,,0,,,420,700,350,350,0.8623343067682067,0.9358993737567285,,completed,1.9142834999947809,12,1,,,
Binary Matched-Size Augmentation Experiment,binary_matched_size_experiment,journal-matched-size-v1,ko_binary_nsmc,ko,1022,matched_all_real,1.75,,0,,,490,770,385,385,0.861803421262197,0.935850159577775,,completed,1.8859451999887824,9,1,,,
Binary Matched-Size Augmentation Experiment,binary_matched_size_experiment,journal-matched-size-v1,ko_binary_nsmc,ko,1022,matched_all_real,2.0,,0,,,560,840,420,420,0.86149086152491,0.9357093359743652,,completed,1.7995342999929562,11,1,,,
Binary Matched-Size Augmentation Experiment,binary_matched_size_experiment,journal-matched-size-v1,ko_binary_nsmc,ko,1022,matched_all_real,2.5,,0,,,700,980,490,490,0.8610472681703518,0.9364793282559218,,completed,1.8036842999863438,12,1,,,
Binary Matched-Size Augmentation Experiment,binary_matched_size_experiment,journal-matched-size-v1,ko_binary_nsmc,ko,1022,matched_all_real,3.0,,0,,,840,1120,560,560,0.8637169713733996,0.9374482229333276,,completed,1.6983164999983273,14,1,,,
Binary Matched-Size Augmentation Experiment,binary_matched_size_experiment,journal-matched-size-v1,ko_binary_nsmc,ko,1022,matched_all_real,3.5,,0,,,980,1260,630,630,0.8647392860715142,0.9381243075573018,,completed,1.8423150000162423,11,1,,,
Binary Matched-Size Augmentation Experiment,binary_matched_size_experiment,journal-matched-size-v1,ko_binary_nsmc,ko,1022,matched_all_real,4.0,,0,,,1120,1400,700,700,0.8641951211232703,0.9387432562537091,,completed,1.8785879000206478,11,1,,,
Binary Matched-Size Augmentation Experiment,binary_matched_size_experiment,journal-matched-size-v1,ko_binary_nsmc,ko,1023,matched_all_real,0.5,,0,,,140,420,210,210,0.8586936512076474,0.9329849531814977,,completed,1.6978095000376925,8,1,,,
Binary Matched-Size Augmentation Experiment,binary_matched_size_experiment,journal-matched-size-v1,ko_binary_nsmc,ko,1023,matched_all_real,0.75,,0,,,210,490,245,245,0.8587270737246226,0.9333927843308991,,completed,1.7149722999893129,9,1,,,
Binary Matched-Size Augmentation Experiment,binary_matched_size_experiment,journal-matched-size-v1,ko_binary_nsmc,ko,1023,matched_all_real,1.0,,0,,,280,560,280,280,0.8592264246739154,0.9336483175481338,,completed,1.6684414999908768,9,1,,,
Binary Matched-Size Augmentation Experiment,binary_matched_size_experiment,journal-matched-size-v1,ko_binary_nsmc,ko,1023,matched_all_real,1.25,,0,,,350,630,315,315,0.8594497203473087,0.9340208165201376,,completed,1.5210697999573313,7,1,,,
Binary Matched-Size Augmentation Experiment,binary_matched_size_experiment,journal-matched-size-v1,ko_binary_nsmc,ko,1023,matched_all_real,1.5,,0,,,420,700,350,350,0.8597234469906223,0.9345889346978102,,completed,1.7202321999939159,9,1,,,
Binary Matched-Size Augmentation Experiment,binary_matched_size_experiment,journal-matched-size-v1,ko_binary_nsmc,ko,1023,matched_all_real,1.75,,0,,,490,770,385,385,0.8601087986983078,0.935202874424584,,completed,1.8868341999477707,17,1,,,
Binary Matched-Size Augmentation Experiment,binary_matched_size_experiment,journal-matched-size-v1,ko_binary_nsmc,ko,1023,matched_all_real,2.0,,0,,,560,840,420,420,0.8620765916581211,0.9359490846234272,,completed,1.6866800999850966,11,1,,,
Binary Matched-Size Augmentation Experiment,binary_matched_size_experiment,journal-matched-size-v1,ko_binary_nsmc,ko,1023,matched_all_real,2.5,,0,,,700,980,490,490,0.8602064643740231,0.9362837090502527,,completed,1.717296599992551,12,1,,,
Binary Matched-Size Augmentation Experiment,binary_matched_size_experiment,journal-matched-size-v1,ko_binary_nsmc,ko,1023,matched_all_real,3.0,,0,,,840,1120,560,560,0.8636443185764175,0.9380442903197115,,completed,1.6044315000181086,20,1,,,
Binary Matched-Size Augmentation Experiment,binary_matched_size_experiment,journal-matched-size-v1,ko_binary_nsmc,ko,1023,matched_all_real,3.5,,0,,,980,1260,630,630,0.8656718136810863,0.9386344563822082,,completed,1.80407270003343,12,1,,,
Binary Matched-Size Augmentation Experiment,binary_matched_size_experiment,journal-matched-size-v1,ko_binary_nsmc,ko,1023,matched_all_real,4.0,,0,,,1120,1400,700,700,0.8641951211232703,0.9387432562537091,,completed,1.9541094999876805,11,1,,,
Binary Matched-Size Augmentation Experiment,binary_matched_size_experiment,journal-matched-size-v1,ko_binary_nsmc,ko,1024,matched_all_real,0.5,,0,,,140,420,210,210,0.8589319453109818,0.9339438635933818,,completed,1.9568691000458784,7,1,,,
Binary Matched-Size Augmentation Experiment,binary_matched_size_experiment,journal-matched-size-v1,ko_binary_nsmc,ko,1024,matched_all_real,0.75,,0,,,210,490,245,245,0.8604917808972764,0.9347004621426916,,completed,1.633778200019151,9,1,,,
Binary Matched-Size Augmentation Experiment,binary_matched_size_experiment,journal-matched-size-v1,ko_binary_nsmc,ko,1024,matched_all_real,1.0,,0,,,280,560,280,280,0.8628306718234933,0.9361944483695404,,completed,1.754636700032279,11,1,,,
Binary Matched-Size Augmentation Experiment,binary_matched_size_experiment,journal-matched-size-v1,ko_binary_nsmc,ko,1024,matched_all_real,1.25,,0,,,350,630,315,315,0.8623185430679023,0.9365900475309126,,completed,1.6405772999860346,9,1,,,
Binary Matched-Size Augmentation Experiment,binary_matched_size_experiment,journal-matched-size-v1,ko_binary_nsmc,ko,1024,matched_all_real,1.5,,0,,,420,700,350,350,0.863656555133584,0.9371764842261021,,completed,1.8048119999584742,11,1,,,
Binary Matched-Size Augmentation Experiment,binary_matched_size_experiment,journal-matched-size-v1,ko_binary_nsmc,ko,1024,matched_all_real,1.75,,0,,,490,770,385,385,0.8636980177733233,0.9377203573070618,,completed,1.8519222000031732,18,1,,,
Binary Matched-Size Augmentation Experiment,binary_matched_size_experiment,journal-matched-size-v1,ko_binary_nsmc,ko,1024,matched_all_real,2.0,,0,,,560,840,420,420,0.8647867492638975,0.9378985166757228,,completed,1.7207281999872066,9,1,,,
Binary Matched-Size Augmentation Experiment,binary_matched_size_experiment,journal-matched-size-v1,ko_binary_nsmc,ko,1024,matched_all_real,2.5,,0,,,700,980,490,490,0.8639499356345235,0.9380029221234446,,completed,1.8117863000370562,10,1,,,
Binary Matched-Size Augmentation Experiment,binary_matched_size_experiment,journal-matched-size-v1,ko_binary_nsmc,ko,1024,matched_all_real,3.0,,0,,,840,1120,560,560,0.8638824174791393,0.9381656841720054,,completed,1.7729238000465557,11,1,,,
Binary Matched-Size Augmentation Experiment,binary_matched_size_experiment,journal-matched-size-v1,ko_binary_nsmc,ko,1024,matched_all_real,3.5,,0,,,980,1260,630,630,0.8655154548288466,0.9387262510122641,,completed,1.8790703000267968,10,1,,,
Binary Matched-Size Augmentation Experiment,binary_matched_size_experiment,journal-matched-size-v1,ko_binary_nsmc,ko,1024,matched_all_real,4.0,,0,,,1120,1400,700,700,0.8641951211232703,0.9387432562537091,,completed,1.7356950999819674,11,1,,,
Binary Matched-Size Augmentation Experiment,binary_matched_size_experiment,journal-matched-size-v1,ko_binary_nsmc,ko,1025,matched_all_real,0.5,,0,,,140,420,210,210,0.8601675960722512,0.9357039060829138,,completed,1.7755652000196278,11,1,,,
Binary Matched-Size Augmentation Experiment,binary_matched_size_experiment,journal-matched-size-v1,ko_binary_nsmc,ko,1025,matched_all_real,0.75,,0,,,210,490,245,245,0.8598036469902813,0.9356490431331637,,completed,1.82739930000389,10,1,,,
Binary Matched-Size Augmentation Experiment,binary_matched_size_experiment,journal-matched-size-v1,ko_binary_nsmc,ko,1025,matched_all_real,1.0,,0,,,280,560,280,280,0.8603075792824277,0.935790304495264,,completed,1.7517041999963112,11,1,,,
Binary Matched-Size Augmentation Experiment,binary_matched_size_experiment,journal-matched-size-v1,ko_binary_nsmc,ko,1025,matched_all_real,1.25,,0,,,350,630,315,315,0.8603076357296786,0.9365586720186034,,completed,1.6537823000107892,9,1,,,
Binary Matched-Size Augmentation Experiment,binary_matched_size_experiment,journal-matched-size-v1,ko_binary_nsmc,ko,1025,matched_all_real,1.5,,0,,,420,700,350,350,0.8624176946107767,0.9365190464386625,,completed,1.8925576999899931,8,1,,,
Binary Matched-Size Augmentation Experiment,binary_matched_size_experiment,journal-matched-size-v1,ko_binary_nsmc,ko,1025,matched_all_real,1.75,,0,,,490,770,385,385,0.8637404839948677,0.9368151312638375,,completed,2.210859699989669,14,1,,,
Binary Matched-Size Augmentation Experiment,binary_matched_size_experiment,journal-matched-size-v1,ko_binary_nsmc,ko,1025,matched_all_real,2.0,,0,,,560,840,420,420,0.8618990920613954,0.936409480489453,,completed,1.7386743999668397,13,1,,,
Binary Matched-Size Augmentation Experiment,binary_matched_size_experiment,journal-matched-size-v1,ko_binary_nsmc,ko,1025,matched_all_real,2.5,,0,,,700,980,490,490,0.8626877492023113,0.9371689160518156,,completed,2.161722099990584,12,1,,,
Binary Matched-Size Augmentation Experiment,binary_matched_size_experiment,journal-matched-size-v1,ko_binary_nsmc,ko,1025,matched_all_real,3.0,,0,,,840,1120,560,560,0.8646635198205843,0.9382604841838416,,completed,1.9240407000179403,12,1,,,
Binary Matched-Size Augmentation Experiment,binary_matched_size_experiment,journal-matched-size-v1,ko_binary_nsmc,ko,1025,matched_all_real,3.5,,0,,,980,1260,630,630,0.8642930508595806,0.938497118011451,,completed,2.241967699956149,18,1,,,
Binary Matched-Size Augmentation Experiment,binary_matched_size_experiment,journal-matched-size-v1,ko_binary_nsmc,ko,1025,matched_all_real,4.0,,0,,,1120,1400,700,700,0.8641951211232703,0.9387432562537091,,completed,2.226016599975992,11,1,,,
Binary Matched-Size Augmentation Experiment,binary_matched_size_experiment,journal-matched-size-v1,ko_binary_nsmc,ko,1026,matched_all_real,0.5,,0,,,140,420,210,210,0.8598918353246368,0.9345539476763032,,completed,1.6488024999853224,10,1,,,
Binary Matched-Size Augmentation Experiment,binary_matched_size_experiment,journal-matched-size-v1,ko_binary_nsmc,ko,1026,matched_all_real,0.75,,0,,,210,490,245,245,0.8600308008981716,0.9353222983627697,,completed,1.5892021000036038,8,1,,,
Binary Matched-Size Augmentation Experiment,binary_matched_size_experiment,journal-matched-size-v1,ko_binary_nsmc,ko,1026,matched_all_real,1.0,,0,,,280,560,280,280,0.8623864548878808,0.9360080978623022,,completed,1.5164678000146523,9,1,,,
Binary Matched-Size Augmentation Experiment,binary_matched_size_experiment,journal-matched-size-v1,ko_binary_nsmc,ko,1026,matched_all_real,1.25,,0,,,350,630,315,315,0.8630228448725434,0.9364455955814321,,completed,1.7824861999833956,11,1,,,
Binary Matched-Size Augmentation Experiment,binary_matched_size_experiment,journal-matched-size-v1,ko_binary_nsmc,ko,1026,matched_all_real,1.5,,0,,,420,700,350,350,0.8621418370964375,0.9369878607410471,,completed,1.8239544000243768,12,1,,,
Binary Matched-Size Augmentation Experiment,binary_matched_size_experiment,journal-matched-size-v1,ko_binary_nsmc,ko,1026,matched_all_real,1.75,,0,,,490,770,385,385,0.8627964828452501,0.9373013885663576,,completed,1.7123111999826506,11,1,,,
Binary Matched-Size Augmentation Experiment,binary_matched_size_experiment,journal-matched-size-v1,ko_binary_nsmc,ko,1026,matched_all_real,2.0,,0,,,560,840,420,420,0.8622508847085119,0.9368217397363792,,completed,1.6927959999884479,12,1,,,
Binary Matched-Size Augmentation Experiment,binary_matched_size_experiment,journal-matched-size-v1,ko_binary_nsmc,ko,1026,matched_all_real,2.5,,0,,,700,980,490,490,0.8628464629863379,0.9372329130050151,,completed,1.679571799992118,12,1,,,
Binary Matched-Size Augmentation Experiment,binary_matched_size_experiment,journal-matched-size-v1,ko_binary_nsmc,ko,1026,matched_all_real,3.0,,0,,,840,1120,560,560,0.8637781922911403,0.9378881956727468,,completed,1.6657141000032425,14,1,,,
Binary Matched-Size Augmentation Experiment,binary_matched_size_experiment,journal-matched-size-v1,ko_binary_nsmc,ko,1026,matched_all_real,3.5,,0,,,980,1260,630,630,0.8640134511554891,0.9383524640194978,,completed,1.6555459999945015,12,1,,,
Binary Matched-Size Augmentation Experiment,binary_matched_size_experiment,journal-matched-size-v1,ko_binary_nsmc,ko,1026,matched_all_real,4.0,,0,,,1120,1400,700,700,0.8641951211232703,0.9387432562537091,,completed,1.9107502999831922,11,1,,,
Binary Matched-Size Augmentation Experiment,binary_matched_size_experiment,journal-matched-size-v1,ko_binary_nsmc,ko,1027,matched_all_real,0.5,,0,,,140,420,210,210,0.8621490438121857,0.9355073945229906,,completed,1.5938905000220984,9,1,,,
Binary Matched-Size Augmentation Experiment,binary_matched_size_experiment,journal-matched-size-v1,ko_binary_nsmc,ko,1027,matched_all_real,0.75,,0,,,210,490,245,245,0.8615124408193471,0.9358313275356404,,completed,1.5827248000423424,10,1,,,
Binary Matched-Size Augmentation Experiment,binary_matched_size_experiment,journal-matched-size-v1,ko_binary_nsmc,ko,1027,matched_all_real,1.0,,0,,,280,560,280,280,0.8616861586798827,0.935560430672051,,completed,1.5265281000174582,10,1,,,
Binary Matched-Size Augmentation Experiment,binary_matched_size_experiment,journal-matched-size-v1,ko_binary_nsmc,ko,1027,matched_all_real,1.25,,0,,,350,630,315,315,0.8618969670895785,0.9357414354722012,,completed,1.6976025000330992,11,1,,,
Binary Matched-Size Augmentation Experiment,binary_matched_size_experiment,journal-matched-size-v1,ko_binary_nsmc,ko,1027,matched_all_real,1.5,,0,,,420,700,350,350,0.8622031278006811,0.9355126476272786,,completed,1.5451382999890484,10,1,,,
Binary Matched-Size Augmentation Experiment,binary_matched_size_experiment,journal-matched-size-v1,ko_binary_nsmc,ko,1027,matched_all_real,1.75,,0,,,490,770,385,385,0.8609822584742217,0.9360017082691059,,completed,1.5890571000054479,10,1,,,
Binary Matched-Size Augmentation Experiment,binary_matched_size_experiment,journal-matched-size-v1,ko_binary_nsmc,ko,1027,matched_all_real,2.0,,0,,,560,840,420,420,0.8620375935751341,0.9368294510240839,,completed,1.696316100016702,13,1,,,
Binary Matched-Size Augmentation Experiment,binary_matched_size_experiment,journal-matched-size-v1,ko_binary_nsmc,ko,1027,matched_all_real,2.5,,0,,,700,980,490,490,0.8645563411573725,0.9378183647431508,,completed,1.7795326000195928,11,1,,,
Binary Matched-Size Augmentation Experiment,binary_matched_size_experiment,journal-matched-size-v1,ko_binary_nsmc,ko,1027,matched_all_real,3.0,,0,,,840,1120,560,560,0.8641816556000317,0.9380965267173178,,completed,1.7483338000020012,11,1,,,
Binary Matched-Size Augmentation Experiment,binary_matched_size_experiment,journal-matched-size-v1,ko_binary_nsmc,ko,1027,matched_all_real,3.5,,0,,,980,1260,630,630,0.8637866559042326,0.9378238030530386,,completed,1.7487042999709956,10,1,,,
Binary Matched-Size Augmentation Experiment,binary_matched_size_experiment,journal-matched-size-v1,ko_binary_nsmc,ko,1027,matched_all_real,4.0,,0,,,1120,1400,700,700,0.8641951211232703,0.9387432562537091,,completed,1.8413757999660447,11,1,,,
Binary Matched-Size Augmentation Experiment,binary_matched_size_experiment,journal-matched-size-v1,ko_binary_nsmc,ko,1028,matched_all_real,0.5,,0,,,140,420,210,210,0.857794540622857,0.9330756702517,,completed,1.6464589000097476,9,1,,,
Binary Matched-Size Augmentation Experiment,binary_matched_size_experiment,journal-matched-size-v1,ko_binary_nsmc,ko,1028,matched_all_real,0.75,,0,,,210,490,245,245,0.856757902955594,0.9327556686488295,,completed,1.6611082999734208,9,1,,,
Binary Matched-Size Augmentation Experiment,binary_matched_size_experiment,journal-matched-size-v1,ko_binary_nsmc,ko,1028,matched_all_real,1.0,,0,,,280,560,280,280,0.8594638875042325,0.9345965954748969,,completed,1.5686711000162177,9,1,,,
Binary Matched-Size Augmentation Experiment,binary_matched_size_experiment,journal-matched-size-v1,ko_binary_nsmc,ko,1028,matched_all_real,1.25,,0,,,350,630,315,315,0.861289678508966,0.9353241925109508,,completed,1.6140366999898106,11,1,,,
Binary Matched-Size Augmentation Experiment,binary_matched_size_experiment,journal-matched-size-v1,ko_binary_nsmc,ko,1028,matched_all_real,1.5,,0,,,420,700,350,350,0.8600995053423575,0.9353055372559795,,completed,1.62639940000372,11,1,,,
Binary Matched-Size Augmentation Experiment,binary_matched_size_experiment,journal-matched-size-v1,ko_binary_nsmc,ko,1028,matched_all_real,1.75,,0,,,490,770,385,385,0.861243249367137,0.9361285404312876,,completed,1.8842755999648944,9,1,,,
Binary Matched-Size Augmentation Experiment,binary_matched_size_experiment,journal-matched-size-v1,ko_binary_nsmc,ko,1028,matched_all_real,2.0,,0,,,560,840,420,420,0.8609057921889389,0.9363205986383768,,completed,1.800861299969256,10,1,,,
Binary Matched-Size Augmentation Experiment,binary_matched_size_experiment,journal-matched-size-v1,ko_binary_nsmc,ko,1028,matched_all_real,2.5,,0,,,700,980,490,490,0.8634322099278058,0.9377260060778586,,completed,1.8499525000224821,8,1,,,
Binary Matched-Size Augmentation Experiment,binary_matched_size_experiment,journal-matched-size-v1,ko_binary_nsmc,ko,1028,matched_all_real,3.0,,0,,,840,1120,560,560,0.8648604216008694,0.9388176836495571,,completed,1.8530450999969617,11,1,,,
Binary Matched-Size Augmentation Experiment,binary_matched_size_experiment,journal-matched-size-v1,ko_binary_nsmc,ko,1028,matched_all_real,3.5,,0,,,980,1260,630,630,0.8650054774380611,0.9388206385207191,,completed,1.7068839999847114,9,1,,,
Binary Matched-Size Augmentation Experiment,binary_matched_size_experiment,journal-matched-size-v1,ko_binary_nsmc,ko,1028,matched_all_real,4.0,,0,,,1120,1400,700,700,0.8641951211232703,0.9387432562537091,,completed,1.8406202999758534,11,1,,,
Binary Matched-Size Augmentation Experiment,binary_matched_size_experiment,journal-matched-size-v1,ko_binary_nsmc,ko,1029,matched_all_real,0.5,,0,,,140,420,210,210,0.8620089498094232,0.9356425946109128,,completed,1.871236399980262,9,1,,,
Binary Matched-Size Augmentation Experiment,binary_matched_size_experiment,journal-matched-size-v1,ko_binary_nsmc,ko,1029,matched_all_real,0.75,,0,,,210,490,245,245,0.8623183768347549,0.9362330132265,,completed,1.8107451000250876,8,1,,,
Binary Matched-Size Augmentation Experiment,binary_matched_size_experiment,journal-matched-size-v1,ko_binary_nsmc,ko,1029,matched_all_real,1.0,,0,,,280,560,280,280,0.8615433430066389,0.9360059006504128,,completed,1.6967188999988139,9,1,,,
Binary Matched-Size Augmentation Experiment,binary_matched_size_experiment,journal-matched-size-v1,ko_binary_nsmc,ko,1029,matched_all_real,1.25,,0,,,350,630,315,315,0.8622880786931837,0.9363185361214691,,completed,1.5507460999651812,9,1,,,
Binary Matched-Size Augmentation Experiment,binary_matched_size_experiment,journal-matched-size-v1,ko_binary_nsmc,ko,1029,matched_all_real,1.5,,0,,,420,700,350,350,0.8631667644811951,0.936659836368327,,completed,1.6713994000456296,11,1,,,
Binary Matched-Size Augmentation Experiment,binary_matched_size_experiment,journal-matched-size-v1,ko_binary_nsmc,ko,1029,matched_all_real,1.75,,0,,,490,770,385,385,0.8644802073492286,0.9374026623557538,,completed,1.6497045999858528,11,1,,,
Binary Matched-Size Augmentation Experiment,binary_matched_size_experiment,journal-matched-size-v1,ko_binary_nsmc,ko,1029,matched_all_real,2.0,,0,,,560,840,420,420,0.8653994464334515,0.9381140370649442,,completed,1.8359544000122696,9,1,,,
Binary Matched-Size Augmentation Experiment,binary_matched_size_experiment,journal-matched-size-v1,ko_binary_nsmc,ko,1029,matched_all_real,2.5,,0,,,700,980,490,490,0.8653985192167035,0.9386742419124399,,completed,1.7572690999950282,12,1,,,
Binary Matched-Size Augmentation Experiment,binary_matched_size_experiment,journal-matched-size-v1,ko_binary_nsmc,ko,1029,matched_all_real,3.0,,0,,,840,1120,560,560,0.8648219362789015,0.9388529400610278,,completed,1.7202537000412121,9,1,,,
Binary Matched-Size Augmentation Experiment,binary_matched_size_experiment,journal-matched-size-v1,ko_binary_nsmc,ko,1029,matched_all_real,3.5,,0,,,980,1260,630,630,0.8657099791471097,0.9391267833773428,,completed,1.972890599980019,19,1,,,
Binary Matched-Size Augmentation Experiment,binary_matched_size_experiment,journal-matched-size-v1,ko_binary_nsmc,ko,1029,matched_all_real,4.0,,0,,,1120,1400,700,700,0.8641951211232703,0.9387432562537091,,completed,2.0349971000105143,11,1,,,
Binary Matched-Size Augmentation Experiment,binary_matched_size_experiment,journal-matched-size-v1,ko_binary_nsmc,ko,1030,matched_all_real,0.5,,0,,,140,420,210,210,0.8585592546000383,0.9340783144404678,,completed,1.43590799998492,10,1,,,
Binary Matched-Size Augmentation Experiment,binary_matched_size_experiment,journal-matched-size-v1,ko_binary_nsmc,ko,1030,matched_all_real,0.75,,0,,,210,490,245,245,0.8596609558083605,0.9349390827212815,,completed,1.566311799979303,9,1,,,
Binary Matched-Size Augmentation Experiment,binary_matched_size_experiment,journal-matched-size-v1,ko_binary_nsmc,ko,1030,matched_all_real,1.0,,0,,,280,560,280,280,0.8601238256447489,0.9355884388098166,,completed,1.4652490999433212,8,1,,,
Binary Matched-Size Augmentation Experiment,binary_matched_size_experiment,journal-matched-size-v1,ko_binary_nsmc,ko,1030,matched_all_real,1.25,,0,,,350,630,315,315,0.8613173696505346,0.9361082014890446,,completed,2.2079879000084475,8,1,,,
Binary Matched-Size Augmentation Experiment,binary_matched_size_experiment,journal-matched-size-v1,ko_binary_nsmc,ko,1030,matched_all_real,1.5,,0,,,420,700,350,350,0.8618673051477156,0.9366057479147218,,completed,1.9651931999833323,11,1,,,
Binary Matched-Size Augmentation Experiment,binary_matched_size_experiment,journal-matched-size-v1,ko_binary_nsmc,ko,1030,matched_all_real,1.75,,0,,,490,770,385,385,0.8625100069353637,0.9366999923097584,,completed,2.0540596999926493,11,1,,,
Binary Matched-Size Augmentation Experiment,binary_matched_size_experiment,journal-matched-size-v1,ko_binary_nsmc,ko,1030,matched_all_real,2.0,,0,,,560,840,420,420,0.8622806464073438,0.93703199018444,,completed,2.155815999954939,11,1,,,
Binary Matched-Size Augmentation Experiment,binary_matched_size_experiment,journal-matched-size-v1,ko_binary_nsmc,ko,1030,matched_all_real,2.5,,0,,,700,980,490,490,0.8646180359650673,0.9380489036228361,,completed,1.8081337999901734,17,1,,,
Binary Matched-Size Augmentation Experiment,binary_matched_size_experiment,journal-matched-size-v1,ko_binary_nsmc,ko,1030,matched_all_real,3.0,,0,,,840,1120,560,560,0.8650139882584172,0.9387370013554944,,completed,1.9000325999804772,10,1,,,
Binary Matched-Size Augmentation Experiment,binary_matched_size_experiment,journal-matched-size-v1,ko_binary_nsmc,ko,1030,matched_all_real,3.5,,0,,,980,1260,630,630,0.8646444674732977,0.9388335608205298,,completed,1.9792198999784887,12,1,,,
Binary Matched-Size Augmentation Experiment,binary_matched_size_experiment,journal-matched-size-v1,ko_binary_nsmc,ko,1030,matched_all_real,4.0,,0,,,1120,1400,700,700,0.8641951211232703,0.9387432562537091,,completed,1.9420474999933504,11,1,,,
Binary Matched-Size Augmentation Experiment,binary_matched_size_experiment,journal-matched-size-v1,ko_binary_nsmc,ko,1031,matched_all_real,0.5,,0,,,140,420,210,210,0.8595217450074495,0.9339924716449176,,completed,1.728560900024604,9,1,,,
Binary Matched-Size Augmentation Experiment,binary_matched_size_experiment,journal-matched-size-v1,ko_binary_nsmc,ko,1031,matched_all_real,0.75,,0,,,210,490,245,245,0.857876724667997,0.9339517011576317,,completed,1.7136978000053205,12,1,,,
Binary Matched-Size Augmentation Experiment,binary_matched_size_experiment,journal-matched-size-v1,ko_binary_nsmc,ko,1031,matched_all_real,1.0,,0,,,280,560,280,280,0.861223589877735,0.9351241115340112,,completed,1.6294521000236273,12,1,,,
Binary Matched-Size Augmentation Experiment,binary_matched_size_experiment,journal-matched-size-v1,ko_binary_nsmc,ko,1031,matched_all_real,1.25,,0,,,350,630,315,315,0.8633802123268366,0.936167551465374,,completed,1.621663499972783,10,1,,,
Binary Matched-Size Augmentation Experiment,binary_matched_size_experiment,journal-matched-size-v1,ko_binary_nsmc,ko,1031,matched_all_real,1.5,,0,,,420,700,350,350,0.8631967069035014,0.9366622019489439,,completed,1.5149431999889202,9,1,,,
Binary Matched-Size Augmentation Experiment,binary_matched_size_experiment,journal-matched-size-v1,ko_binary_nsmc,ko,1031,matched_all_real,1.75,,0,,,490,770,385,385,0.8631523060303061,0.9368212177933252,,completed,1.6748015999910422,10,1,,,
Binary Matched-Size Augmentation Experiment,binary_matched_size_experiment,journal-matched-size-v1,ko_binary_nsmc,ko,1031,matched_all_real,2.0,,0,,,560,840,420,420,0.8645697653582438,0.9374714325623688,,completed,1.909028500027489,16,1,,,
Binary Matched-Size Augmentation Experiment,binary_matched_size_experiment,journal-matched-size-v1,ko_binary_nsmc,ko,1031,matched_all_real,2.5,,0,,,700,980,490,490,0.8654410560169616,0.9376058581541459,,completed,1.724292400002014,9,1,,,
Binary Matched-Size Augmentation Experiment,binary_matched_size_experiment,journal-matched-size-v1,ko_binary_nsmc,ko,1031,matched_all_real,3.0,,0,,,840,1120,560,560,0.8638646115782614,0.9377224198239696,,completed,1.8620021999813616,12,1,,,
Binary Matched-Size Augmentation Experiment,binary_matched_size_experiment,journal-matched-size-v1,ko_binary_nsmc,ko,1031,matched_all_real,3.5,,0,,,980,1260,630,630,0.8646051377365387,0.9380241197461959,,completed,1.8481073000002652,14,1,,,
Binary Matched-Size Augmentation Experiment,binary_matched_size_experiment,journal-matched-size-v1,ko_binary_nsmc,ko,1031,matched_all_real,4.0,,0,,,1120,1400,700,700,0.8641951211232703,0.9387432562537091,,completed,2.07352760003414,11,1,,,
Binary Matched-Size Augmentation Experiment,binary_matched_size_experiment,journal-matched-size-v1,ko_binary_nsmc,ko,1032,matched_all_real,0.5,,0,,,140,420,210,210,0.8607122918827372,0.9357880651911926,,completed,1.7029760999721475,9,1,,,
Binary Matched-Size Augmentation Experiment,binary_matched_size_experiment,journal-matched-size-v1,ko_binary_nsmc,ko,1032,matched_all_real,0.75,,0,,,210,490,245,245,0.8621232448892919,0.9366040726458864,,completed,1.7561036000261083,9,1,,,
Binary Matched-Size Augmentation Experiment,binary_matched_size_experiment,journal-matched-size-v1,ko_binary_nsmc,ko,1032,matched_all_real,1.0,,0,,,280,560,280,280,0.8630902801024303,0.9369615868011714,,completed,1.5552755999960937,9,1,,,
Binary Matched-Size Augmentation Experiment,binary_matched_size_experiment,journal-matched-size-v1,ko_binary_nsmc,ko,1032,matched_all_real,1.25,,0,,,350,630,315,315,0.863494247555956,0.937352033879492,,completed,1.6080745000508614,15,1,,,
Binary Matched-Size Augmentation Experiment,binary_matched_size_experiment,journal-matched-size-v1,ko_binary_nsmc,ko,1032,matched_all_real,1.5,,0,,,420,700,350,350,0.8635747474995308,0.9376109513081429,,completed,1.7491221000091173,11,1,,,
Binary Matched-Size Augmentation Experiment,binary_matched_size_experiment,journal-matched-size-v1,ko_binary_nsmc,ko,1032,matched_all_real,1.75,,0,,,490,770,385,385,0.8628138210269025,0.9378412376347375,,completed,1.7535129999741912,10,1,,,
Binary Matched-Size Augmentation Experiment,binary_matched_size_experiment,journal-matched-size-v1,ko_binary_nsmc,ko,1032,matched_all_real,2.0,,0,,,560,840,420,420,0.8639692997083381,0.9382318783370944,,completed,1.673321499954909,11,1,,,
Binary Matched-Size Augmentation Experiment,binary_matched_size_experiment,journal-matched-size-v1,ko_binary_nsmc,ko,1032,matched_all_real,2.5,,0,,,700,980,490,490,0.8645373719300775,0.9384449994719536,,completed,1.7740821999614127,18,1,,,
Binary Matched-Size Augmentation Experiment,binary_matched_size_experiment,journal-matched-size-v1,ko_binary_nsmc,ko,1032,matched_all_real,3.0,,0,,,840,1120,560,560,0.8666888728405704,0.9392759075590025,,completed,1.7308183000423014,17,1,,,
Binary Matched-Size Augmentation Experiment,binary_matched_size_experiment,journal-matched-size-v1,ko_binary_nsmc,ko,1032,matched_all_real,3.5,,0,,,980,1260,630,630,0.866563420078296,0.9390327999538333,,completed,1.8754266999894753,10,1,,,
Binary Matched-Size Augmentation Experiment,binary_matched_size_experiment,journal-matched-size-v1,ko_binary_nsmc,ko,1032,matched_all_real,4.0,,0,,,1120,1400,700,700,0.8641951211232703,0.9387432562537091,,completed,1.9214128000312485,11,1,,,
Binary Matched-Size Augmentation Experiment,binary_matched_size_experiment,journal-matched-size-v1,ko_binary_nsmc,ko,1033,matched_all_real,0.5,,0,,,140,420,210,210,0.8578686266742028,0.9337159260105313,,completed,1.726074600010179,13,1,,,
Binary Matched-Size Augmentation Experiment,binary_matched_size_experiment,journal-matched-size-v1,ko_binary_nsmc,ko,1033,matched_all_real,0.75,,0,,,210,490,245,245,0.8606514703755831,0.9352707101847632,,completed,1.796248900005594,8,1,,,
Binary Matched-Size Augmentation Experiment,binary_matched_size_experiment,journal-matched-size-v1,ko_binary_nsmc,ko,1033,matched_all_real,1.0,,0,,,280,560,280,280,0.857576753027439,0.9331325283708671,,completed,1.7801356999552809,10,1,,,
Binary Matched-Size Augmentation Experiment,binary_matched_size_experiment,journal-matched-size-v1,ko_binary_nsmc,ko,1033,matched_all_real,1.25,,0,,,350,630,315,315,0.8601672252585832,0.9347315177544191,,completed,1.7324574000085704,10,1,,,
Binary Matched-Size Augmentation Experiment,binary_matched_size_experiment,journal-matched-size-v1,ko_binary_nsmc,ko,1033,matched_all_real,1.5,,0,,,420,700,350,350,0.8598872775542334,0.935325817269168,,completed,1.5244624000042677,10,1,,,
Binary Matched-Size Augmentation Experiment,binary_matched_size_experiment,journal-matched-size-v1,ko_binary_nsmc,ko,1033,matched_all_real,1.75,,0,,,490,770,385,385,0.8608023429965536,0.9360234109980389,,completed,1.6298790000146255,11,1,,,
Binary Matched-Size Augmentation Experiment,binary_matched_size_experiment,journal-matched-size-v1,ko_binary_nsmc,ko,1033,matched_all_real,2.0,,0,,,560,840,420,420,0.8620393624030998,0.9364947592497674,,completed,1.660474799980875,8,1,,,
Binary Matched-Size Augmentation Experiment,binary_matched_size_experiment,journal-matched-size-v1,ko_binary_nsmc,ko,1033,matched_all_real,2.5,,0,,,700,980,490,490,0.862986161281542,0.9372486638994426,,completed,1.9071580999880098,11,1,,,
Binary Matched-Size Augmentation Experiment,binary_matched_size_experiment,journal-matched-size-v1,ko_binary_nsmc,ko,1033,matched_all_real,3.0,,0,,,840,1120,560,560,0.8639073760125737,0.9384871253274929,,completed,1.7612566000316292,9,1,,,
Binary Matched-Size Augmentation Experiment,binary_matched_size_experiment,journal-matched-size-v1,ko_binary_nsmc,ko,1033,matched_all_real,3.5,,0,,,980,1260,630,630,0.8647036386823778,0.9388768147465412,,completed,1.8351982000167482,18,1,,,
Binary Matched-Size Augmentation Experiment,binary_matched_size_experiment,journal-matched-size-v1,ko_binary_nsmc,ko,1033,matched_all_real,4.0,,0,,,1120,1400,700,700,0.8641951211232703,0.9387432562537091,,completed,1.914963000046555,11,1,,,
Binary Matched-Size Augmentation Experiment,binary_matched_size_experiment,journal-matched-size-v1,ko_binary_nsmc,ko,1034,matched_all_real,0.5,,0,,,140,420,210,210,0.861818917935633,0.9355436358915152,,completed,1.6254982000100426,13,1,,,
Binary Matched-Size Augmentation Experiment,binary_matched_size_experiment,journal-matched-size-v1,ko_binary_nsmc,ko,1034,matched_all_real,0.75,,0,,,210,490,245,245,0.8624180837724759,0.9357677683411314,,completed,1.640691299980972,8,1,,,
Binary Matched-Size Augmentation Experiment,binary_matched_size_experiment,journal-matched-size-v1,ko_binary_nsmc,ko,1034,matched_all_real,1.0,,0,,,280,560,280,280,0.8624176297502794,0.9362425008042764,,completed,1.530244700028561,11,1,,,
Binary Matched-Size Augmentation Experiment,binary_matched_size_experiment,journal-matched-size-v1,ko_binary_nsmc,ko,1034,matched_all_real,1.25,,0,,,350,630,315,315,0.8602162509132896,0.9357268210666824,,completed,1.7919846000149846,16,1,,,
Binary Matched-Size Augmentation Experiment,binary_matched_size_experiment,journal-matched-size-v1,ko_binary_nsmc,ko,1034,matched_all_real,1.5,,0,,,420,700,350,350,0.8604889105354246,0.9354955076908521,,completed,1.7570270000142045,11,1,,,
Binary Matched-Size Augmentation Experiment,binary_matched_size_experiment,journal-matched-size-v1,ko_binary_nsmc,ko,1034,matched_all_real,1.75,,0,,,490,770,385,385,0.8618679330865497,0.9355771749419685,,completed,1.764091799966991,18,1,,,
Binary Matched-Size Augmentation Experiment,binary_matched_size_experiment,journal-matched-size-v1,ko_binary_nsmc,ko,1034,matched_all_real,2.0,,0,,,560,840,420,420,0.8627754775823139,0.9360825420950231,,completed,1.5697579000261612,9,1,,,
Binary Matched-Size Augmentation Experiment,binary_matched_size_experiment,journal-matched-size-v1,ko_binary_nsmc,ko,1034,matched_all_real,2.5,,0,,,700,980,490,490,0.8628227117026958,0.9364019712442209,,completed,1.5822268999763764,9,1,,,
Binary Matched-Size Augmentation Experiment,binary_matched_size_experiment,journal-matched-size-v1,ko_binary_nsmc,ko,1034,matched_all_real,3.0,,0,,,840,1120,560,560,0.8640004819501704,0.9372340494939235,,completed,1.5833208999829367,15,1,,,
Binary Matched-Size Augmentation Experiment,binary_matched_size_experiment,journal-matched-size-v1,ko_binary_nsmc,ko,1034,matched_all_real,3.5,,0,,,980,1260,630,630,0.8645908756995799,0.9378041460041407,,completed,1.8625885000219569,11,1,,,
Binary Matched-Size Augmentation Experiment,binary_matched_size_experiment,journal-matched-size-v1,ko_binary_nsmc,ko,1034,matched_all_real,4.0,,0,,,1120,1400,700,700,0.8641951211232703,0.9387432562537091,,completed,1.8607767000212334,11,1,,,
Binary Matched-Size Augmentation Experiment,binary_matched_size_experiment,journal-matched-size-v1,ko_binary_nsmc,ko,1035,matched_all_real,0.5,,0,,,140,420,210,210,0.8615366313837425,0.9347434466787397,,completed,1.9687669000122696,9,1,,,
Binary Matched-Size Augmentation Experiment,binary_matched_size_experiment,journal-matched-size-v1,ko_binary_nsmc,ko,1035,matched_all_real,0.75,,0,,,210,490,245,245,0.8606277213208203,0.9354482886813154,,completed,1.582225899968762,8,1,,,
Binary Matched-Size Augmentation Experiment,binary_matched_size_experiment,journal-matched-size-v1,ko_binary_nsmc,ko,1035,matched_all_real,1.0,,0,,,280,560,280,280,0.8617255159062869,0.9356471658218555,,completed,1.6685217000194825,8,1,,,
Binary Matched-Size Augmentation Experiment,binary_matched_size_experiment,journal-matched-size-v1,ko_binary_nsmc,ko,1035,matched_all_real,1.25,,0,,,350,630,315,315,0.8618203243310245,0.9362427870311125,,completed,1.7494662000099197,9,1,,,
Binary Matched-Size Augmentation Experiment,binary_matched_size_experiment,journal-matched-size-v1,ko_binary_nsmc,ko,1035,matched_all_real,1.5,,0,,,420,700,350,350,0.8621417697736897,0.936269944906806,,completed,1.7615426999982446,13,1,,,
Binary Matched-Size Augmentation Experiment,binary_matched_size_experiment,journal-matched-size-v1,ko_binary_nsmc,ko,1035,matched_all_real,1.75,,0,,,490,770,385,385,0.8622764864568826,0.9358755411633968,,completed,1.742456499952823,9,1,,,
Binary Matched-Size Augmentation Experiment,binary_matched_size_experiment,journal-matched-size-v1,ko_binary_nsmc,ko,1035,matched_all_real,2.0,,0,,,560,840,420,420,0.8625068840892074,0.9367052033218645,,completed,1.9655469999997877,14,1,,,
Binary Matched-Size Augmentation Experiment,binary_matched_size_experiment,journal-matched-size-v1,ko_binary_nsmc,ko,1035,matched_all_real,2.5,,0,,,700,980,490,490,0.8627173717559684,0.9372188710531688,,completed,1.8982183000189252,11,1,,,
Binary Matched-Size Augmentation Experiment,binary_matched_size_experiment,journal-matched-size-v1,ko_binary_nsmc,ko,1035,matched_all_real,3.0,,0,,,840,1120,560,560,0.8634536844025194,0.938232055124258,,completed,2.112012900004629,26,1,,,
Binary Matched-Size Augmentation Experiment,binary_matched_size_experiment,journal-matched-size-v1,ko_binary_nsmc,ko,1035,matched_all_real,3.5,,0,,,980,1260,630,630,0.8640042743847672,0.9385066308445362,,completed,1.8052857000147924,19,1,,,
Binary Matched-Size Augmentation Experiment,binary_matched_size_experiment,journal-matched-size-v1,ko_binary_nsmc,ko,1035,matched_all_real,4.0,,0,,,1120,1400,700,700,0.8641951211232703,0.9387432562537091,,completed,1.9724733000039123,11,1,,,
Binary Matched-Size Augmentation Experiment,binary_matched_size_experiment,journal-matched-size-v1,ko_binary_nsmc,ko,1036,matched_all_real,0.5,,0,,,140,420,210,210,0.8551667020073188,0.9320801480600913,,completed,1.0932237000088207,10,1,,,
Binary Matched-Size Augmentation Experiment,binary_matched_size_experiment,journal-matched-size-v1,ko_binary_nsmc,ko,1036,matched_all_real,0.75,,0,,,210,490,245,245,0.8584665860580307,0.9342892383634374,,completed,1.1209378999774344,8,1,,,
Binary Matched-Size Augmentation Experiment,binary_matched_size_experiment,journal-matched-size-v1,ko_binary_nsmc,ko,1036,matched_all_real,1.0,,0,,,280,560,280,280,0.8595151968670078,0.9350834252310893,,completed,0.98534789995756,9,1,,,
Binary Matched-Size Augmentation Experiment,binary_matched_size_experiment,journal-matched-size-v1,ko_binary_nsmc,ko,1036,matched_all_real,1.25,,0,,,350,630,315,315,0.8598885170263312,0.9355445029904601,,completed,1.0300383000285365,9,1,,,
Binary Matched-Size Augmentation Experiment,binary_matched_size_experiment,journal-matched-size-v1,ko_binary_nsmc,ko,1036,matched_all_real,1.5,,0,,,420,700,350,350,0.8597327731203417,0.9356770007603111,,completed,1.070141699980013,8,1,,,
Binary Matched-Size Augmentation Experiment,binary_matched_size_experiment,journal-matched-size-v1,ko_binary_nsmc,ko,1036,matched_all_real,1.75,,0,,,490,770,385,385,0.860485869525426,0.9356904029109945,,completed,2.398456900031306,9,1,,,
Binary Matched-Size Augmentation Experiment,binary_matched_size_experiment,journal-matched-size-v1,ko_binary_nsmc,ko,1036,matched_all_real,2.0,,0,,,560,840,420,420,0.8598688606233209,0.9356968177594998,,completed,2.375074500043411,10,1,,,
Binary Matched-Size Augmentation Experiment,binary_matched_size_experiment,journal-matched-size-v1,ko_binary_nsmc,ko,1036,matched_all_real,2.5,,0,,,700,980,490,490,0.862881093427531,0.9376382522972544,,completed,2.2290813999716192,11,1,,,
Binary Matched-Size Augmentation Experiment,binary_matched_size_experiment,journal-matched-size-v1,ko_binary_nsmc,ko,1036,matched_all_real,3.0,,0,,,840,1120,560,560,0.8632441597999452,0.9380279585531756,,completed,1.1768364000017755,9,1,,,
Binary Matched-Size Augmentation Experiment,binary_matched_size_experiment,journal-matched-size-v1,ko_binary_nsmc,ko,1036,matched_all_real,3.5,,0,,,980,1260,630,630,0.86584352771939,0.9386835527030526,,completed,1.208738999965135,10,1,,,
Binary Matched-Size Augmentation Experiment,binary_matched_size_experiment,journal-matched-size-v1,ko_binary_nsmc,ko,1036,matched_all_real,4.0,,0,,,1120,1400,700,700,0.8641951211232703,0.9387432562537091,,completed,1.191013900039252,11,1,,,
Binary Matched-Size Augmentation Experiment,binary_matched_size_experiment,journal-matched-size-v1,ko_binary_nsmc,ko,1037,matched_all_real,0.5,,0,,,140,420,210,210,0.857823582695096,0.9339229774527755,,completed,1.5898485000361688,9,1,,,
Binary Matched-Size Augmentation Experiment,binary_matched_size_experiment,journal-matched-size-v1,ko_binary_nsmc,ko,1037,matched_all_real,0.75,,0,,,210,490,245,245,0.8588604613661054,0.935095219460428,,completed,1.7239147999789566,22,1,,,
Binary Matched-Size Augmentation Experiment,binary_matched_size_experiment,journal-matched-size-v1,ko_binary_nsmc,ko,1037,matched_all_real,1.0,,0,,,280,560,280,280,0.8594942134258605,0.935657150087377,,completed,1.6577042000135407,13,1,,,
Binary Matched-Size Augmentation Experiment,binary_matched_size_experiment,journal-matched-size-v1,ko_binary_nsmc,ko,1037,matched_all_real,1.25,,0,,,350,630,315,315,0.8596426997981449,0.9357839654126858,,completed,1.729136100038886,10,1,,,
Binary Matched-Size Augmentation Experiment,binary_matched_size_experiment,journal-matched-size-v1,ko_binary_nsmc,ko,1037,matched_all_real,1.5,,0,,,420,700,350,350,0.861279504953453,0.9363508965908321,,completed,1.6383535000495613,17,1,,,
Binary Matched-Size Augmentation Experiment,binary_matched_size_experiment,journal-matched-size-v1,ko_binary_nsmc,ko,1037,matched_all_real,1.75,,0,,,490,770,385,385,0.8611873051053412,0.9368782274443468,,completed,1.570619700010866,9,1,,,
Binary Matched-Size Augmentation Experiment,binary_matched_size_experiment,journal-matched-size-v1,ko_binary_nsmc,ko,1037,matched_all_real,2.0,,0,,,560,840,420,420,0.862851523420759,0.9372866394658571,,completed,1.8333514999831095,12,1,,,
Binary Matched-Size Augmentation Experiment,binary_matched_size_experiment,journal-matched-size-v1,ko_binary_nsmc,ko,1037,matched_all_real,2.5,,0,,,700,980,490,490,0.864123333485924,0.9376062538206548,,completed,1.6801740000373684,9,1,,,
Binary Matched-Size Augmentation Experiment,binary_matched_size_experiment,journal-matched-size-v1,ko_binary_nsmc,ko,1037,matched_all_real,3.0,,0,,,840,1120,560,560,0.8632951943658951,0.9378255288324922,,completed,1.7206162000074983,12,1,,,
Binary Matched-Size Augmentation Experiment,binary_matched_size_experiment,journal-matched-size-v1,ko_binary_nsmc,ko,1037,matched_all_real,3.5,,0,,,980,1260,630,630,0.8646932566314984,0.9385445474818962,,completed,1.7234392000245862,11,1,,,
Binary Matched-Size Augmentation Experiment,binary_matched_size_experiment,journal-matched-size-v1,ko_binary_nsmc,ko,1037,matched_all_real,4.0,,0,,,1120,1400,700,700,0.8641951211232703,0.9387432562537091,,completed,1.749640800000634,11,1,,,
Binary Matched-Size Augmentation Experiment,binary_matched_size_experiment,journal-matched-size-v1,ko_binary_nsmc,ko,1038,matched_all_real,0.5,,0,,,140,420,210,210,0.8590670186093996,0.9346023705222388,,completed,1.810955599998124,9,1,,,
Binary Matched-Size Augmentation Experiment,binary_matched_size_experiment,journal-matched-size-v1,ko_binary_nsmc,ko,1038,matched_all_real,0.75,,0,,,210,490,245,245,0.8581978920815525,0.9340446659503419,,completed,1.8236850000103004,11,1,,,
Binary Matched-Size Augmentation Experiment,binary_matched_size_experiment,journal-matched-size-v1,ko_binary_nsmc,ko,1038,matched_all_real,1.0,,0,,,280,560,280,280,0.8597571239493029,0.9350550298452511,,completed,1.8635287000215612,7,1,,,
Binary Matched-Size Augmentation Experiment,binary_matched_size_experiment,journal-matched-size-v1,ko_binary_nsmc,ko,1038,matched_all_real,1.25,,0,,,350,630,315,315,0.859665740578849,0.9355597571971422,,completed,1.7851832999731414,9,1,,,
Binary Matched-Size Augmentation Experiment,binary_matched_size_experiment,journal-matched-size-v1,ko_binary_nsmc,ko,1038,matched_all_real,1.5,,0,,,420,700,350,350,0.8599397930870611,0.9355966383668302,,completed,1.8130492999916896,9,1,,,
Binary Matched-Size Augmentation Experiment,binary_matched_size_experiment,journal-matched-size-v1,ko_binary_nsmc,ko,1038,matched_all_real,1.75,,0,,,490,770,385,385,0.8610395457564973,0.9359710146501418,,completed,1.8829163000336848,13,1,,,
Binary Matched-Size Augmentation Experiment,binary_matched_size_experiment,journal-matched-size-v1,ko_binary_nsmc,ko,1038,matched_all_real,2.0,,0,,,560,840,420,420,0.8609501874348187,0.9361020055198845,,completed,1.9060448000091128,9,1,,,
Binary Matched-Size Augmentation Experiment,binary_matched_size_experiment,journal-matched-size-v1,ko_binary_nsmc,ko,1038,matched_all_real,2.5,,0,,,700,980,490,490,0.862316468212531,0.936639303802048,,completed,1.8907541000517085,8,1,,,
Binary Matched-Size Augmentation Experiment,binary_matched_size_experiment,journal-matched-size-v1,ko_binary_nsmc,ko,1038,matched_all_real,3.0,,0,,,840,1120,560,560,0.8643319076892182,0.9383291196954748,,completed,1.9155096999602392,10,1,,,
Binary Matched-Size Augmentation Experiment,binary_matched_size_experiment,journal-matched-size-v1,ko_binary_nsmc,ko,1038,matched_all_real,3.5,,0,,,980,1260,630,630,0.8642813382663006,0.9383125522127207,,completed,1.8484491999843158,11,1,,,
Binary Matched-Size Augmentation Experiment,binary_matched_size_experiment,journal-matched-size-v1,ko_binary_nsmc,ko,1038,matched_all_real,4.0,,0,,,1120,1400,700,700,0.8641951211232703,0.9387432562537091,,completed,1.9116373999859206,11,1,,,
Binary Matched-Size Augmentation Experiment,binary_matched_size_experiment,journal-matched-size-v1,ko_binary_nsmc,ko,1039,matched_all_real,0.5,,0,,,140,420,210,210,0.8601850940321242,0.9351677106159134,,completed,1.6341032999916933,10,1,,,
Binary Matched-Size Augmentation Experiment,binary_matched_size_experiment,journal-matched-size-v1,ko_binary_nsmc,ko,1039,matched_all_real,0.75,,0,,,210,490,245,245,0.8611483182475586,0.9361217130794004,,completed,1.9756663999869488,10,1,,,
Binary Matched-Size Augmentation Experiment,binary_matched_size_experiment,journal-matched-size-v1,ko_binary_nsmc,ko,1039,matched_all_real,1.0,,0,,,280,560,280,280,0.861935734314045,0.9362934996917378,,completed,1.6508086000103503,9,1,,,
Binary Matched-Size Augmentation Experiment,binary_matched_size_experiment,journal-matched-size-v1,ko_binary_nsmc,ko,1039,matched_all_real,1.25,,0,,,350,630,315,315,0.8612698937374506,0.9362850896738156,,completed,1.5448279999545775,10,1,,,
Binary Matched-Size Augmentation Experiment,binary_matched_size_experiment,journal-matched-size-v1,ko_binary_nsmc,ko,1039,matched_all_real,1.5,,0,,,420,700,350,350,0.8625552818159554,0.9362294353910475,,completed,1.908239100011997,10,1,,,
Binary Matched-Size Augmentation Experiment,binary_matched_size_experiment,journal-matched-size-v1,ko_binary_nsmc,ko,1039,matched_all_real,1.75,,0,,,490,770,385,385,0.8628937327588447,0.9364825777723563,,completed,1.7387853999971412,11,1,,,
Binary Matched-Size Augmentation Experiment,binary_matched_size_experiment,journal-matched-size-v1,ko_binary_nsmc,ko,1039,matched_all_real,2.0,,0,,,560,840,420,420,0.862432335843724,0.9365118907677576,,completed,1.7835573999909684,10,1,,,
Binary Matched-Size Augmentation Experiment,binary_matched_size_experiment,journal-matched-size-v1,ko_binary_nsmc,ko,1039,matched_all_real,2.5,,0,,,700,980,490,490,0.8634590471984731,0.9378083636407565,,completed,1.7425068999873474,12,1,,,
Binary Matched-Size Augmentation Experiment,binary_matched_size_experiment,journal-matched-size-v1,ko_binary_nsmc,ko,1039,matched_all_real,3.0,,0,,,840,1120,560,560,0.8632088661640736,0.9373216517426731,,completed,1.813956399972085,14,1,,,
Binary Matched-Size Augmentation Experiment,binary_matched_size_experiment,journal-matched-size-v1,ko_binary_nsmc,ko,1039,matched_all_real,3.5,,0,,,980,1260,630,630,0.8639005175398999,0.9379315927121765,,completed,1.7530416999943554,12,1,,,
Binary Matched-Size Augmentation Experiment,binary_matched_size_experiment,journal-matched-size-v1,ko_binary_nsmc,ko,1039,matched_all_real,4.0,,0,,,1120,1400,700,700,0.8641951211232703,0.9387432562537091,,completed,1.6021653999923728,11,1,,,
Binary Matched-Size Augmentation Experiment,binary_matched_size_experiment,journal-matched-size-v1,ko_binary_nsmc,ko,1040,matched_all_real,0.5,,0,,,140,420,210,210,0.8594896315076324,0.9343532268982007,,completed,1.7423462999868207,9,1,,,
Binary Matched-Size Augmentation Experiment,binary_matched_size_experiment,journal-matched-size-v1,ko_binary_nsmc,ko,1040,matched_all_real,0.75,,0,,,210,490,245,245,0.8599045389295261,0.9342929677307444,,completed,1.7811821000068448,7,1,,,
Binary Matched-Size Augmentation Experiment,binary_matched_size_experiment,journal-matched-size-v1,ko_binary_nsmc,ko,1040,matched_all_real,1.0,,0,,,280,560,280,280,0.8613239035590656,0.9347060183106883,,completed,1.5685796000179835,9,1,,,
Binary Matched-Size Augmentation Experiment,binary_matched_size_experiment,journal-matched-size-v1,ko_binary_nsmc,ko,1040,matched_all_real,1.25,,0,,,350,630,315,315,0.8623613384251683,0.9356794000146734,,completed,1.8361628000275232,9,1,,,
Binary Matched-Size Augmentation Experiment,binary_matched_size_experiment,journal-matched-size-v1,ko_binary_nsmc,ko,1040,matched_all_real,1.5,,0,,,420,700,350,350,0.86245568216879,0.9359334431686724,,completed,1.5917000999907032,8,1,,,
Binary Matched-Size Augmentation Experiment,binary_matched_size_experiment,journal-matched-size-v1,ko_binary_nsmc,ko,1040,matched_all_real,1.75,,0,,,490,770,385,385,0.8615136337563839,0.9355579303964525,,completed,1.8049420999595895,11,1,,,
Binary Matched-Size Augmentation Experiment,binary_matched_size_experiment,journal-matched-size-v1,ko_binary_nsmc,ko,1040,matched_all_real,2.0,,0,,,560,840,420,420,0.8616042152124422,0.9358053398226007,,completed,1.662569199979771,14,1,,,
Binary Matched-Size Augmentation Experiment,binary_matched_size_experiment,journal-matched-size-v1,ko_binary_nsmc,ko,1040,matched_all_real,2.5,,0,,,700,980,490,490,0.8643623615855858,0.9375798030936154,,completed,1.8377071000286378,10,1,,,
Binary Matched-Size Augmentation Experiment,binary_matched_size_experiment,journal-matched-size-v1,ko_binary_nsmc,ko,1040,matched_all_real,3.0,,0,,,840,1120,560,560,0.8660584896142925,0.9388958572495851,,completed,1.8869132999680005,14,1,,,
Binary Matched-Size Augmentation Experiment,binary_matched_size_experiment,journal-matched-size-v1,ko_binary_nsmc,ko,1040,matched_all_real,3.5,,0,,,980,1260,630,630,0.8666176022440195,0.9389155479722282,,completed,1.8021408999920823,15,1,,,
Binary Matched-Size Augmentation Experiment,binary_matched_size_experiment,journal-matched-size-v1,ko_binary_nsmc,ko,1040,matched_all_real,4.0,,0,,,1120,1400,700,700,0.8641951211232703,0.9387432562537091,,completed,1.7824622999760322,11,1,,,
Binary Matched-Size Augmentation Experiment,binary_matched_size_experiment,journal-matched-size-v1,ko_binary_nsmc,ko,1041,matched_all_real,0.5,,0,,,140,420,210,210,0.8626222740514962,0.9356662672539536,,completed,1.8021744000143372,12,1,,,
Binary Matched-Size Augmentation Experiment,binary_matched_size_experiment,journal-matched-size-v1,ko_binary_nsmc,ko,1041,matched_all_real,0.75,,0,,,210,490,245,245,0.8622610444431572,0.9356737680807493,,completed,1.8424391000298783,18,1,,,
Binary Matched-Size Augmentation Experiment,binary_matched_size_experiment,journal-matched-size-v1,ko_binary_nsmc,ko,1041,matched_all_real,1.0,,0,,,280,560,280,280,0.8613152401348706,0.9364339865576934,,completed,1.6873909999849275,11,1,,,
Binary Matched-Size Augmentation Experiment,binary_matched_size_experiment,journal-matched-size-v1,ko_binary_nsmc,ko,1041,matched_all_real,1.25,,0,,,350,630,315,315,0.8624981606658096,0.9365317414406917,,completed,1.8912678000051528,9,1,,,
Binary Matched-Size Augmentation Experiment,binary_matched_size_experiment,journal-matched-size-v1,ko_binary_nsmc,ko,1041,matched_all_real,1.5,,0,,,420,700,350,350,0.8621819508618985,0.9369079866168749,,completed,2.687183499976527,22,1,,,
Binary Matched-Size Augmentation Experiment,binary_matched_size_experiment,journal-matched-size-v1,ko_binary_nsmc,ko,1041,matched_all_real,1.75,,0,,,490,770,385,385,0.8626821493439312,0.9367343900407205,,completed,1.6212030000169761,10,1,,,
Binary Matched-Size Augmentation Experiment,binary_matched_size_experiment,journal-matched-size-v1,ko_binary_nsmc,ko,1041,matched_all_real,2.0,,0,,,560,840,420,420,0.8625008417083344,0.9372203106057861,,completed,2.979875900025945,11,1,,,
Binary Matched-Size Augmentation Experiment,binary_matched_size_experiment,journal-matched-size-v1,ko_binary_nsmc,ko,1041,matched_all_real,2.5,,0,,,700,980,490,490,0.8631832264062087,0.937595798122697,,completed,1.5986804999993183,10,1,,,
Binary Matched-Size Augmentation Experiment,binary_matched_size_experiment,journal-matched-size-v1,ko_binary_nsmc,ko,1041,matched_all_real,3.0,,0,,,840,1120,560,560,0.8652960024698392,0.9383052365915249,,completed,2.656264299992472,8,1,,,
Binary Matched-Size Augmentation Experiment,binary_matched_size_experiment,journal-matched-size-v1,ko_binary_nsmc,ko,1041,matched_all_real,3.5,,0,,,980,1260,630,630,0.8657062819907994,0.9382570999724253,,completed,1.662160900013987,8,1,,,
Binary Matched-Size Augmentation Experiment,binary_matched_size_experiment,journal-matched-size-v1,ko_binary_nsmc,ko,1041,matched_all_real,4.0,,0,,,1120,1400,700,700,0.8641951211232703,0.9387432562537091,,completed,2.0114462999626994,11,1,,,
Binary Matched-Size Augmentation Experiment,binary_matched_size_experiment,journal-matched-size-v1,ko_binary_nsmc,ko,1042,matched_all_real,0.5,,0,,,140,420,210,210,0.860090542974945,0.9339783623455802,,completed,1.8431282000383362,8,1,,,
Binary Matched-Size Augmentation Experiment,binary_matched_size_experiment,journal-matched-size-v1,ko_binary_nsmc,ko,1042,matched_all_real,0.75,,0,,,210,490,245,245,0.861019529248482,0.9344545006875968,,completed,1.710433300002478,9,1,,,
Binary Matched-Size Augmentation Experiment,binary_matched_size_experiment,journal-matched-size-v1,ko_binary_nsmc,ko,1042,matched_all_real,1.0,,0,,,280,560,280,280,0.8622124946626581,0.9353912958671664,,completed,1.4815004999982193,8,1,,,
Binary Matched-Size Augmentation Experiment,binary_matched_size_experiment,journal-matched-size-v1,ko_binary_nsmc,ko,1042,matched_all_real,1.25,,0,,,350,630,315,315,0.8619370582213878,0.9358881183073167,,completed,1.688295800006017,18,1,,,
Binary Matched-Size Augmentation Experiment,binary_matched_size_experiment,journal-matched-size-v1,ko_binary_nsmc,ko,1042,matched_all_real,1.5,,0,,,420,700,350,350,0.861677364020311,0.9359841558292978,,completed,1.4389800999779254,10,1,,,
Binary Matched-Size Augmentation Experiment,binary_matched_size_experiment,journal-matched-size-v1,ko_binary_nsmc,ko,1042,matched_all_real,1.75,,0,,,490,770,385,385,0.8632159202268697,0.9372853177713487,,completed,1.8114436999894679,10,1,,,
Binary Matched-Size Augmentation Experiment,binary_matched_size_experiment,journal-matched-size-v1,ko_binary_nsmc,ko,1042,matched_all_real,2.0,,0,,,560,840,420,420,0.8642701772170707,0.9377805996376453,,completed,1.7804321000003256,10,1,,,
Binary Matched-Size Augmentation Experiment,binary_matched_size_experiment,journal-matched-size-v1,ko_binary_nsmc,ko,1042,matched_all_real,2.5,,0,,,700,980,490,490,0.865447390537657,0.9383607561793111,,completed,1.7259754000115208,9,1,,,
Binary Matched-Size Augmentation Experiment,binary_matched_size_experiment,journal-matched-size-v1,ko_binary_nsmc,ko,1042,matched_all_real,3.0,,0,,,840,1120,560,560,0.8654168208833846,0.9387561701350835,,completed,1.913070999959018,11,1,,,
Binary Matched-Size Augmentation Experiment,binary_matched_size_experiment,journal-matched-size-v1,ko_binary_nsmc,ko,1042,matched_all_real,3.5,,0,,,980,1260,630,630,0.865473401208168,0.9389478410941003,,completed,1.7930966999847442,22,1,,,
Binary Matched-Size Augmentation Experiment,binary_matched_size_experiment,journal-matched-size-v1,ko_binary_nsmc,ko,1042,matched_all_real,4.0,,0,,,1120,1400,700,700,0.8641951211232703,0.9387432562537091,,completed,1.5107647000113502,11,1,,,
Binary Matched-Size Augmentation Experiment,binary_matched_size_experiment,journal-matched-size-v1,ko_binary_nsmc,ko,1043,matched_all_real,0.5,,0,,,140,420,210,210,0.8553739797601991,0.9332560857613049,,completed,1.4909152999753132,10,1,,,
Binary Matched-Size Augmentation Experiment,binary_matched_size_experiment,journal-matched-size-v1,ko_binary_nsmc,ko,1043,matched_all_real,0.75,,0,,,210,490,245,245,0.8599412787216579,0.935160496015954,,completed,1.7928825999842957,15,1,,,
Binary Matched-Size Augmentation Experiment,binary_matched_size_experiment,journal-matched-size-v1,ko_binary_nsmc,ko,1043,matched_all_real,1.0,,0,,,280,560,280,280,0.8613173392960559,0.9354157682616615,,completed,1.6464884000015445,11,1,,,
Binary Matched-Size Augmentation Experiment,binary_matched_size_experiment,journal-matched-size-v1,ko_binary_nsmc,ko,1043,matched_all_real,1.25,,0,,,350,630,315,315,0.8606261197504824,0.9353499276708993,,completed,1.6969105000025593,10,1,,,
Binary Matched-Size Augmentation Experiment,binary_matched_size_experiment,journal-matched-size-v1,ko_binary_nsmc,ko,1043,matched_all_real,1.5,,0,,,420,700,350,350,0.8595130271507425,0.935254908779718,,completed,1.8995933000114746,11,1,,,
Binary Matched-Size Augmentation Experiment,binary_matched_size_experiment,journal-matched-size-v1,ko_binary_nsmc,ko,1043,matched_all_real,1.75,,0,,,490,770,385,385,0.860491787943846,0.9355014679437941,,completed,1.6557180000236258,15,1,,,
Binary Matched-Size Augmentation Experiment,binary_matched_size_experiment,journal-matched-size-v1,ko_binary_nsmc,ko,1043,matched_all_real,2.0,,0,,,560,840,420,420,0.8611795028851439,0.9364787558022494,,completed,1.7757721000234596,11,1,,,
Binary Matched-Size Augmentation Experiment,binary_matched_size_experiment,journal-matched-size-v1,ko_binary_nsmc,ko,1043,matched_all_real,2.5,,0,,,700,980,490,490,0.8617705260555055,0.937163199933528,,completed,1.842075799999293,13,1,,,
Binary Matched-Size Augmentation Experiment,binary_matched_size_experiment,journal-matched-size-v1,ko_binary_nsmc,ko,1043,matched_all_real,3.0,,0,,,840,1120,560,560,0.862089248255689,0.9373288410873235,,completed,1.7072318000136875,22,1,,,
Binary Matched-Size Augmentation Experiment,binary_matched_size_experiment,journal-matched-size-v1,ko_binary_nsmc,ko,1043,matched_all_real,3.5,,0,,,980,1260,630,630,0.863605633575512,0.9380748997543121,,completed,2.1293440999579616,20,1,,,
Binary Matched-Size Augmentation Experiment,binary_matched_size_experiment,journal-matched-size-v1,ko_binary_nsmc,ko,1043,matched_all_real,4.0,,0,,,1120,1400,700,700,0.8641951211232703,0.9387432562537091,,completed,2.069199299963657,11,1,,,
Binary Matched-Size Augmentation Experiment,binary_matched_size_experiment,journal-matched-size-v1,ko_binary_nsmc,ko,1044,matched_all_real,0.5,,0,,,140,420,210,210,0.8578613187828217,0.9333081032795661,,completed,1.6700770999887027,9,1,,,
Binary Matched-Size Augmentation Experiment,binary_matched_size_experiment,journal-matched-size-v1,ko_binary_nsmc,ko,1044,matched_all_real,0.75,,0,,,210,490,245,245,0.8605473815070848,0.9350737692845857,,completed,1.749779200006742,8,1,,,
Binary Matched-Size Augmentation Experiment,binary_matched_size_experiment,journal-matched-size-v1,ko_binary_nsmc,ko,1044,matched_all_real,1.0,,0,,,280,560,280,280,0.8623947162698096,0.9360078116354662,,completed,1.7634742999798618,11,1,,,
Binary Matched-Size Augmentation Experiment,binary_matched_size_experiment,journal-matched-size-v1,ko_binary_nsmc,ko,1044,matched_all_real,1.25,,0,,,350,630,315,315,0.8628148222687594,0.9366633047641068,,completed,1.7703926999820396,12,1,,,
Binary Matched-Size Augmentation Experiment,binary_matched_size_experiment,journal-matched-size-v1,ko_binary_nsmc,ko,1044,matched_all_real,1.5,,0,,,420,700,350,350,0.8622588606905748,0.9367946913003584,,completed,1.5949124000035226,11,1,,,
Binary Matched-Size Augmentation Experiment,binary_matched_size_experiment,journal-matched-size-v1,ko_binary_nsmc,ko,1044,matched_all_real,1.75,,0,,,490,770,385,385,0.8623012561060248,0.9365264799179673,,completed,1.749134200043045,11,1,,,
Binary Matched-Size Augmentation Experiment,binary_matched_size_experiment,journal-matched-size-v1,ko_binary_nsmc,ko,1044,matched_all_real,2.0,,0,,,560,840,420,420,0.8638664753059699,0.9375721759902744,,completed,1.6723432000144385,22,1,,,
Binary Matched-Size Augmentation Experiment,binary_matched_size_experiment,journal-matched-size-v1,ko_binary_nsmc,ko,1044,matched_all_real,2.5,,0,,,700,980,490,490,0.8661180063980569,0.9386404166351502,,completed,1.5237291000084952,9,1,,,
Binary Matched-Size Augmentation Experiment,binary_matched_size_experiment,journal-matched-size-v1,ko_binary_nsmc,ko,1044,matched_all_real,3.0,,0,,,840,1120,560,560,0.8658351778780761,0.9387006505472973,,completed,1.707814400026109,14,1,,,
Binary Matched-Size Augmentation Experiment,binary_matched_size_experiment,journal-matched-size-v1,ko_binary_nsmc,ko,1044,matched_all_real,3.5,,0,,,980,1260,630,630,0.8644161480868198,0.9384927572614169,,completed,1.6362134999944828,11,1,,,
Binary Matched-Size Augmentation Experiment,binary_matched_size_experiment,journal-matched-size-v1,ko_binary_nsmc,ko,1044,matched_all_real,4.0,,0,,,1120,1400,700,700,0.8641951211232703,0.9387432562537091,,completed,1.9988022999605164,11,1,,,
Binary Matched-Size Augmentation Experiment,binary_matched_size_experiment,journal-matched-size-v1,ko_binary_nsmc,ko,1045,matched_all_real,0.5,,0,,,140,420,210,210,0.858137143371053,0.9331084263875717,,completed,1.6814559999620542,7,1,,,
Binary Matched-Size Augmentation Experiment,binary_matched_size_experiment,journal-matched-size-v1,ko_binary_nsmc,ko,1045,matched_all_real,0.75,,0,,,210,490,245,245,0.8579159270647028,0.9333452875129628,,completed,1.5796927000046708,16,1,,,
Binary Matched-Size Augmentation Experiment,binary_matched_size_experiment,journal-matched-size-v1,ko_binary_nsmc,ko,1045,matched_all_real,1.0,,0,,,280,560,280,280,0.860963386680346,0.9353583461072581,,completed,1.4877395000075921,8,1,,,
Binary Matched-Size Augmentation Experiment,binary_matched_size_experiment,journal-matched-size-v1,ko_binary_nsmc,ko,1045,matched_all_real,1.25,,0,,,350,630,315,315,0.8611652638553706,0.935515829796222,,completed,1.5597829000325873,14,1,,,
Binary Matched-Size Augmentation Experiment,binary_matched_size_experiment,journal-matched-size-v1,ko_binary_nsmc,ko,1045,matched_all_real,1.5,,0,,,420,700,350,350,0.8625165863920211,0.9359857974243877,,completed,1.765260500018485,10,1,,,
Binary Matched-Size Augmentation Experiment,binary_matched_size_experiment,journal-matched-size-v1,ko_binary_nsmc,ko,1045,matched_all_real,1.75,,0,,,490,770,385,385,0.8623642612724257,0.9360902954749094,,completed,1.6370663000270724,11,1,,,
Binary Matched-Size Augmentation Experiment,binary_matched_size_experiment,journal-matched-size-v1,ko_binary_nsmc,ko,1045,matched_all_real,2.0,,0,,,560,840,420,420,0.8613525549272246,0.9362510370987442,,completed,1.8222905000438914,11,1,,,
Binary Matched-Size Augmentation Experiment,binary_matched_size_experiment,journal-matched-size-v1,ko_binary_nsmc,ko,1045,matched_all_real,2.5,,0,,,700,980,490,490,0.8612715355994285,0.9360582212323826,,completed,1.791444699978456,11,1,,,
Binary Matched-Size Augmentation Experiment,binary_matched_size_experiment,journal-matched-size-v1,ko_binary_nsmc,ko,1045,matched_all_real,3.0,,0,,,840,1120,560,560,0.863551565815416,0.937483479344798,,completed,1.6375970000517555,8,1,,,
Binary Matched-Size Augmentation Experiment,binary_matched_size_experiment,journal-matched-size-v1,ko_binary_nsmc,ko,1045,matched_all_real,3.5,,0,,,980,1260,630,630,0.8637815916247289,0.9376428487635062,,completed,1.8334456000011414,11,1,,,
Binary Matched-Size Augmentation Experiment,binary_matched_size_experiment,journal-matched-size-v1,ko_binary_nsmc,ko,1045,matched_all_real,4.0,,0,,,1120,1400,700,700,0.8641951211232703,0.9387432562537091,,completed,1.8461345999967307,11,1,,,
Binary Matched-Size Augmentation Experiment,binary_matched_size_experiment,journal-matched-size-v1,ko_binary_nsmc,ko,1046,matched_all_real,0.5,,0,,,140,420,210,210,0.8602658467629423,0.9344455350528748,,completed,1.6935210999799892,8,1,,,
Binary Matched-Size Augmentation Experiment,binary_matched_size_experiment,journal-matched-size-v1,ko_binary_nsmc,ko,1046,matched_all_real,0.75,,0,,,210,490,245,245,0.8589695277189819,0.9348826034317503,,completed,1.6214386000065133,10,1,,,
Binary Matched-Size Augmentation Experiment,binary_matched_size_experiment,journal-matched-size-v1,ko_binary_nsmc,ko,1046,matched_all_real,1.0,,0,,,280,560,280,280,0.8607299838194297,0.9352153673841405,,completed,1.4603863000520505,10,1,,,
Binary Matched-Size Augmentation Experiment,binary_matched_size_experiment,journal-matched-size-v1,ko_binary_nsmc,ko,1046,matched_all_real,1.25,,0,,,350,630,315,315,0.8609849442955312,0.935854175171918,,completed,2.6346103999530897,11,1,,,
Binary Matched-Size Augmentation Experiment,binary_matched_size_experiment,journal-matched-size-v1,ko_binary_nsmc,ko,1046,matched_all_real,1.5,,0,,,420,700,350,350,0.8608397733948598,0.9359669738006897,,completed,1.700946600001771,10,1,,,
Binary Matched-Size Augmentation Experiment,binary_matched_size_experiment,journal-matched-size-v1,ko_binary_nsmc,ko,1046,matched_all_real,1.75,,0,,,490,770,385,385,0.8621154788038752,0.9361054739156642,,completed,1.8065894999890588,11,1,,,
Binary Matched-Size Augmentation Experiment,binary_matched_size_experiment,journal-matched-size-v1,ko_binary_nsmc,ko,1046,matched_all_real,2.0,,0,,,560,840,420,420,0.8617996450285114,0.9360432195787911,,completed,1.6384974000393413,12,1,,,
Binary Matched-Size Augmentation Experiment,binary_matched_size_experiment,journal-matched-size-v1,ko_binary_nsmc,ko,1046,matched_all_real,2.5,,0,,,700,980,490,490,0.8632780765901124,0.9377865935643327,,completed,2.2547401000047103,9,1,,,
Binary Matched-Size Augmentation Experiment,binary_matched_size_experiment,journal-matched-size-v1,ko_binary_nsmc,ko,1046,matched_all_real,3.0,,0,,,840,1120,560,560,0.8637231552230724,0.9379915235606145,,completed,1.5868945000111125,12,1,,,
Binary Matched-Size Augmentation Experiment,binary_matched_size_experiment,journal-matched-size-v1,ko_binary_nsmc,ko,1046,matched_all_real,3.5,,0,,,980,1260,630,630,0.8629619707550271,0.9383448116608476,,completed,1.9946431000134908,19,1,,,
Binary Matched-Size Augmentation Experiment,binary_matched_size_experiment,journal-matched-size-v1,ko_binary_nsmc,ko,1046,matched_all_real,4.0,,0,,,1120,1400,700,700,0.8641951211232703,0.9387432562537091,,completed,1.8809453999856487,11,1,,,
Binary Matched-Size Augmentation Experiment,binary_matched_size_experiment,journal-matched-size-v1,ko_binary_nsmc,ko,1047,matched_all_real,0.5,,0,,,140,420,210,210,0.8548261306831879,0.9317522247086074,,completed,1.6945034000091255,8,1,,,
Binary Matched-Size Augmentation Experiment,binary_matched_size_experiment,journal-matched-size-v1,ko_binary_nsmc,ko,1047,matched_all_real,0.75,,0,,,210,490,245,245,0.8584932088526271,0.9337781382552228,,completed,1.5785338000277989,10,1,,,
Binary Matched-Size Augmentation Experiment,binary_matched_size_experiment,journal-matched-size-v1,ko_binary_nsmc,ko,1047,matched_all_real,1.0,,0,,,280,560,280,280,0.8578644915868399,0.9336071177205939,,completed,1.632041400007438,10,1,,,
Binary Matched-Size Augmentation Experiment,binary_matched_size_experiment,journal-matched-size-v1,ko_binary_nsmc,ko,1047,matched_all_real,1.25,,0,,,350,630,315,315,0.8593471006812285,0.9352298723499867,,completed,1.633293999999296,9,1,,,
Binary Matched-Size Augmentation Experiment,binary_matched_size_experiment,journal-matched-size-v1,ko_binary_nsmc,ko,1047,matched_all_real,1.5,,0,,,420,700,350,350,0.8613294757915051,0.9360507288240232,,completed,1.6935208999784663,11,1,,,
Binary Matched-Size Augmentation Experiment,binary_matched_size_experiment,journal-matched-size-v1,ko_binary_nsmc,ko,1047,matched_all_real,1.75,,0,,,490,770,385,385,0.861258310056443,0.9357518069857953,,completed,1.7904204999795184,11,1,,,
Binary Matched-Size Augmentation Experiment,binary_matched_size_experiment,journal-matched-size-v1,ko_binary_nsmc,ko,1047,matched_all_real,2.0,,0,,,560,840,420,420,0.8621088992706747,0.9360281505777088,,completed,1.638520199980121,13,1,,,
Binary Matched-Size Augmentation Experiment,binary_matched_size_experiment,journal-matched-size-v1,ko_binary_nsmc,ko,1047,matched_all_real,2.5,,0,,,700,980,490,490,0.8626177343289456,0.9371417750129949,,completed,1.7829945999546908,14,1,,,
Binary Matched-Size Augmentation Experiment,binary_matched_size_experiment,journal-matched-size-v1,ko_binary_nsmc,ko,1047,matched_all_real,3.0,,0,,,840,1120,560,560,0.8625750640975968,0.9375573174501012,,completed,1.6921595999738201,14,1,,,
Binary Matched-Size Augmentation Experiment,binary_matched_size_experiment,journal-matched-size-v1,ko_binary_nsmc,ko,1047,matched_all_real,3.5,,0,,,980,1260,630,630,0.8644391398266531,0.9384939105871981,,completed,1.7053977000177838,12,1,,,
Binary Matched-Size Augmentation Experiment,binary_matched_size_experiment,journal-matched-size-v1,ko_binary_nsmc,ko,1047,matched_all_real,4.0,,0,,,1120,1400,700,700,0.8641951211232703,0.9387432562537091,,completed,1.9850819999701343,11,1,,,
Binary Matched-Size Augmentation Experiment,binary_matched_size_experiment,journal-matched-size-v1,ko_binary_nsmc,ko,1048,matched_all_real,0.5,,0,,,140,420,210,210,0.8574948147834703,0.9341366542044343,,completed,1.55565590003971,12,1,,,
Binary Matched-Size Augmentation Experiment,binary_matched_size_experiment,journal-matched-size-v1,ko_binary_nsmc,ko,1048,matched_all_real,0.75,,0,,,210,490,245,245,0.8585120681981904,0.9348332377209423,,completed,1.5887580999988131,8,1,,,
Binary Matched-Size Augmentation Experiment,binary_matched_size_experiment,journal-matched-size-v1,ko_binary_nsmc,ko,1048,matched_all_real,1.0,,0,,,280,560,280,280,0.861910671642183,0.9358950045882584,,completed,1.7703168999869376,9,1,,,
Binary Matched-Size Augmentation Experiment,binary_matched_size_experiment,journal-matched-size-v1,ko_binary_nsmc,ko,1048,matched_all_real,1.25,,0,,,350,630,315,315,0.8621727609837975,0.9359940559104557,,completed,1.6759198000072502,11,1,,,
Binary Matched-Size Augmentation Experiment,binary_matched_size_experiment,journal-matched-size-v1,ko_binary_nsmc,ko,1048,matched_all_real,1.5,,0,,,420,700,350,350,0.8630019970623092,0.9366355912716136,,completed,1.8118027000455186,9,1,,,
Binary Matched-Size Augmentation Experiment,binary_matched_size_experiment,journal-matched-size-v1,ko_binary_nsmc,ko,1048,matched_all_real,1.75,,0,,,490,770,385,385,0.8632340525629973,0.9374114259480032,,completed,1.6757718999870121,11,1,,,
Binary Matched-Size Augmentation Experiment,binary_matched_size_experiment,journal-matched-size-v1,ko_binary_nsmc,ko,1048,matched_all_real,2.0,,0,,,560,840,420,420,0.8642488469142265,0.9376950178136216,,completed,1.734504799998831,17,1,,,
Binary Matched-Size Augmentation Experiment,binary_matched_size_experiment,journal-matched-size-v1,ko_binary_nsmc,ko,1048,matched_all_real,2.5,,0,,,700,980,490,490,0.8637891443275127,0.9380314269489555,,completed,1.6359220999875106,11,1,,,
Binary Matched-Size Augmentation Experiment,binary_matched_size_experiment,journal-matched-size-v1,ko_binary_nsmc,ko,1048,matched_all_real,3.0,,0,,,840,1120,560,560,0.8635599962419004,0.9377528524714067,,completed,1.6630959000322036,14,1,,,
Binary Matched-Size Augmentation Experiment,binary_matched_size_experiment,journal-matched-size-v1,ko_binary_nsmc,ko,1048,matched_all_real,3.5,,0,,,980,1260,630,630,0.8645212803287952,0.9384257886001828,,completed,2.0708415000117384,15,1,,,
Binary Matched-Size Augmentation Experiment,binary_matched_size_experiment,journal-matched-size-v1,ko_binary_nsmc,ko,1048,matched_all_real,4.0,,0,,,1120,1400,700,700,0.8641951211232703,0.9387432562537091,,completed,1.8895935000036843,11,1,,,
Binary Matched-Size Augmentation Experiment,binary_matched_size_experiment,journal-matched-size-v1,ko_binary_nsmc,ko,1049,matched_all_real,0.5,,0,,,140,420,210,210,0.8529309865001273,0.9299342465400542,,completed,1.8487384999752976,9,1,,,
Binary Matched-Size Augmentation Experiment,binary_matched_size_experiment,journal-matched-size-v1,ko_binary_nsmc,ko,1049,matched_all_real,0.75,,0,,,210,490,245,245,0.8568835916506168,0.9329429872762489,,completed,1.7960063999635167,8,1,,,
Binary Matched-Size Augmentation Experiment,binary_matched_size_experiment,journal-matched-size-v1,ko_binary_nsmc,ko,1049,matched_all_real,1.0,,0,,,280,560,280,280,0.858355207463945,0.9342211500501675,,completed,1.7353416999685578,19,1,,,
Binary Matched-Size Augmentation Experiment,binary_matched_size_experiment,journal-matched-size-v1,ko_binary_nsmc,ko,1049,matched_all_real,1.25,,0,,,350,630,315,315,0.8601902281241395,0.9354157009141707,,completed,1.7794381999992765,21,1,,,
Binary Matched-Size Augmentation Experiment,binary_matched_size_experiment,journal-matched-size-v1,ko_binary_nsmc,ko,1049,matched_all_real,1.5,,0,,,420,700,350,350,0.8587053429790813,0.9347028445601812,,completed,1.5076309000141919,9,1,,,
Binary Matched-Size Augmentation Experiment,binary_matched_size_experiment,journal-matched-size-v1,ko_binary_nsmc,ko,1049,matched_all_real,1.75,,0,,,490,770,385,385,0.860106527888312,0.9361144227135137,,completed,1.4566316000418738,12,1,,,
Binary Matched-Size Augmentation Experiment,binary_matched_size_experiment,journal-matched-size-v1,ko_binary_nsmc,ko,1049,matched_all_real,2.0,,0,,,560,840,420,420,0.8606461903952943,0.9355488721589303,,completed,1.5145286000333726,15,1,,,
Binary Matched-Size Augmentation Experiment,binary_matched_size_experiment,journal-matched-size-v1,ko_binary_nsmc,ko,1049,matched_all_real,2.5,,0,,,700,980,490,490,0.86231602541407,0.9369637166655702,,completed,1.8288876000442542,8,1,,,
Binary Matched-Size Augmentation Experiment,binary_matched_size_experiment,journal-matched-size-v1,ko_binary_nsmc,ko,1049,matched_all_real,3.0,,0,,,840,1120,560,560,0.8628100911760285,0.9376734329427978,,completed,1.8131886000046507,9,1,,,
Binary Matched-Size Augmentation Experiment,binary_matched_size_experiment,journal-matched-size-v1,ko_binary_nsmc,ko,1049,matched_all_real,3.5,,0,,,980,1260,630,630,0.8636858717652705,0.9382228706101905,,completed,2.0108814999694005,11,1,,,
Binary Matched-Size Augmentation Experiment,binary_matched_size_experiment,journal-matched-size-v1,ko_binary_nsmc,ko,1049,matched_all_real,4.0,,0,,,1120,1400,700,700,0.8641951211232703,0.9387432562537091,,completed,1.8319863000069745,11,1,,,
Binary Matched-Size Augmentation Experiment,binary_matched_size_experiment,journal-matched-size-v1,ml_binary_dravidian_codemix,ml,1000,matched_all_real,0.5,,0,,,140,420,101,319,0.5792327565489065,0.854502203525641,,completed,0.19205160002456978,17,1,,,
Binary Matched-Size Augmentation Experiment,binary_matched_size_experiment,journal-matched-size-v1,ml_binary_dravidian_codemix,ml,1000,matched_all_real,0.75,,0,,,210,490,117,373,0.5845443557323589,0.858438501602564,,completed,0.31150529999285936,30,1,,,
Binary Matched-Size Augmentation Experiment,binary_matched_size_experiment,journal-matched-size-v1,ml_binary_dravidian_codemix,ml,1000,matched_all_real,1.0,,0,,,280,560,134,426,0.5965247514718212,0.8618589743589744,,completed,0.29370310000376776,24,1,,,
Binary Matched-Size Augmentation Experiment,binary_matched_size_experiment,journal-matched-size-v1,ml_binary_dravidian_codemix,ml,1000,matched_all_real,1.25,,0,,,350,630,151,479,0.6036374217954315,0.8653996394230768,,completed,0.3583492000470869,30,1,,,
Binary Matched-Size Augmentation Experiment,binary_matched_size_experiment,journal-matched-size-v1,ml_binary_dravidian_codemix,ml,1000,matched_all_real,1.5,,0,,,420,700,168,532,0.620723992921977,0.8681089743589743,,completed,0.37996989995008335,28,1,,,
Binary Matched-Size Augmentation Experiment,binary_matched_size_experiment,journal-matched-size-v1,ml_binary_dravidian_codemix,ml,1000,matched_all_real,1.75,,0,,,490,770,184,586,0.6336240966576332,0.8702924679487178,,completed,0.35807700001168996,25,1,,,
Binary Matched-Size Augmentation Experiment,binary_matched_size_experiment,journal-matched-size-v1,ml_binary_dravidian_codemix,ml,1000,matched_all_real,2.0,,0,,,560,840,201,639,0.6417146109724594,0.8721203926282052,,completed,0.3542180999647826,28,1,,,
Binary Matched-Size Augmentation Experiment,binary_matched_size_experiment,journal-matched-size-v1,ml_binary_dravidian_codemix,ml,1000,matched_all_real,2.5,,0,,,700,980,235,745,0.6581790758261347,0.8776091746794872,,completed,0.5505456999526359,28,1,,,
Binary Matched-Size Augmentation Experiment,binary_matched_size_experiment,journal-matched-size-v1,ml_binary_dravidian_codemix,ml,1000,matched_all_real,3.0,,0,,,840,1120,268,852,0.6748499286656438,0.8821314102564103,,completed,0.5388758000335656,27,1,,,
Binary Matched-Size Augmentation Experiment,binary_matched_size_experiment,journal-matched-size-v1,ml_binary_dravidian_codemix,ml,1000,matched_all_real,3.5,,0,,,980,1260,302,958,0.6928837459419626,0.8873447516025641,,completed,0.4931402000365779,26,1,,,
Binary Matched-Size Augmentation Experiment,binary_matched_size_experiment,journal-matched-size-v1,ml_binary_dravidian_codemix,ml,1000,matched_all_real,4.0,,0,,,1120,1400,335,1065,0.6959151488408959,0.8881610576923077,,completed,0.6342531999689527,29,1,,,
Binary Matched-Size Augmentation Experiment,binary_matched_size_experiment,journal-matched-size-v1,ml_binary_dravidian_codemix,ml,1001,matched_all_real,0.5,,0,,,140,420,101,319,0.5667881548974942,0.8604467147435898,,completed,0.2275190000073053,20,1,,,
Binary Matched-Size Augmentation Experiment,binary_matched_size_experiment,journal-matched-size-v1,ml_binary_dravidian_codemix,ml,1001,matched_all_real,0.75,,0,,,210,490,117,373,0.5853445378151261,0.8663361378205128,,completed,0.2318305000080727,19,1,,,
Binary Matched-Size Augmentation Experiment,binary_matched_size_experiment,journal-matched-size-v1,ml_binary_dravidian_codemix,ml,1001,matched_all_real,1.0,,0,,,280,560,134,426,0.6024114715365341,0.8646033653846155,,completed,0.29780409997329116,20,1,,,
Binary Matched-Size Augmentation Experiment,binary_matched_size_experiment,journal-matched-size-v1,ml_binary_dravidian_codemix,ml,1001,matched_all_real,1.25,,0,,,350,630,151,479,0.6290556814646936,0.8670472756410257,,completed,0.23938559996895492,19,1,,,
Binary Matched-Size Augmentation Experiment,binary_matched_size_experiment,journal-matched-size-v1,ml_binary_dravidian_codemix,ml,1001,matched_all_real,1.5,,0,,,420,700,168,532,0.6345344660168417,0.8682592147435899,,completed,0.25537159998202696,19,1,,,
Binary Matched-Size Augmentation Experiment,binary_matched_size_experiment,journal-matched-size-v1,ml_binary_dravidian_codemix,ml,1001,matched_all_real,1.75,,0,,,490,770,184,586,0.6539634698939933,0.871023637820513,,completed,0.29210979997878894,19,1,,,
Binary Matched-Size Augmentation Experiment,binary_matched_size_experiment,journal-matched-size-v1,ml_binary_dravidian_codemix,ml,1001,matched_all_real,2.0,,0,,,560,840,201,639,0.6581790758261347,0.8710987580128206,,completed,0.3579953999724239,20,1,,,
Binary Matched-Size Augmentation Experiment,binary_matched_size_experiment,journal-matched-size-v1,ml_binary_dravidian_codemix,ml,1001,matched_all_real,2.5,,0,,,700,980,235,745,0.6689032297229618,0.8741135817307693,,completed,0.45437959994887933,25,1,,,
Binary Matched-Size Augmentation Experiment,binary_matched_size_experiment,journal-matched-size-v1,ml_binary_dravidian_codemix,ml,1001,matched_all_real,3.0,,0,,,840,1120,268,852,0.6728856138000335,0.8807942708333334,,completed,0.45346809999318793,22,1,,,
Binary Matched-Size Augmentation Experiment,binary_matched_size_experiment,journal-matched-size-v1,ml_binary_dravidian_codemix,ml,1001,matched_all_real,3.5,,0,,,980,1260,302,958,0.6826465374733613,0.8835536858974359,,completed,0.468383300001733,27,1,,,
Binary Matched-Size Augmentation Experiment,binary_matched_size_experiment,journal-matched-size-v1,ml_binary_dravidian_codemix,ml,1001,matched_all_real,4.0,,0,,,1120,1400,335,1065,0.6959151488408959,0.8881610576923077,,completed,0.6351785999722779,29,1,,,
Binary Matched-Size Augmentation Experiment,binary_matched_size_experiment,journal-matched-size-v1,ml_binary_dravidian_codemix,ml,1002,matched_all_real,0.5,,0,,,140,420,101,319,0.5461455773955773,0.8431039663461539,,completed,0.18302609998499975,20,1,,,
Binary Matched-Size Augmentation Experiment,binary_matched_size_experiment,journal-matched-size-v1,ml_binary_dravidian_codemix,ml,1002,matched_all_real,0.75,,0,,,210,490,117,373,0.5948742482481272,0.8500150240384615,,completed,0.13279730000067502,13,1,,,
Binary Matched-Size Augmentation Experiment,binary_matched_size_experiment,journal-matched-size-v1,ml_binary_dravidian_codemix,ml,1002,matched_all_real,1.0,,0,,,280,560,134,426,0.5978120178139191,0.8515124198717949,,completed,0.29597540001850575,24,1,,,
Binary Matched-Size Augmentation Experiment,binary_matched_size_experiment,journal-matched-size-v1,ml_binary_dravidian_codemix,ml,1002,matched_all_real,1.25,,0,,,350,630,151,479,0.6065253789933298,0.8553836137820512,,completed,0.33247980003943667,28,1,,,
Binary Matched-Size Augmentation Experiment,binary_matched_size_experiment,journal-matched-size-v1,ml_binary_dravidian_codemix,ml,1002,matched_all_real,1.5,,0,,,420,700,168,532,0.6170417015911224,0.8628155048076922,,completed,0.3887447000015527,30,1,,,
Binary Matched-Size Augmentation Experiment,binary_matched_size_experiment,journal-matched-size-v1,ml_binary_dravidian_codemix,ml,1002,matched_all_real,1.75,,0,,,490,770,184,586,0.6381137527912781,0.8660556891025643,,completed,0.3808689000434242,28,1,,,
Binary Matched-Size Augmentation Experiment,binary_matched_size_experiment,journal-matched-size-v1,ml_binary_dravidian_codemix,ml,1002,matched_all_real,2.0,,0,,,560,840,201,639,0.6504143772775215,0.8710086137820512,,completed,0.43593440001131967,26,1,,,
Binary Matched-Size Augmentation Experiment,binary_matched_size_experiment,journal-matched-size-v1,ml_binary_dravidian_codemix,ml,1002,matched_all_real,2.5,,0,,,700,980,235,745,0.6673730931144597,0.8728465544871795,,completed,0.3928262999979779,27,1,,,
Binary Matched-Size Augmentation Experiment,binary_matched_size_experiment,journal-matched-size-v1,ml_binary_dravidian_codemix,ml,1002,matched_all_real,3.0,,0,,,840,1120,268,852,0.661061655126937,0.8802584134615384,,completed,0.4468883999506943,26,1,,,
Binary Matched-Size Augmentation Experiment,binary_matched_size_experiment,journal-matched-size-v1,ml_binary_dravidian_codemix,ml,1002,matched_all_real,3.5,,0,,,980,1260,302,958,0.6860589402962285,0.8853916266025641,,completed,0.6141773000126705,26,1,,,
Binary Matched-Size Augmentation Experiment,binary_matched_size_experiment,journal-matched-size-v1,ml_binary_dravidian_codemix,ml,1002,matched_all_real,4.0,,0,,,1120,1400,335,1065,0.6959151488408959,0.8881610576923077,,completed,0.6530285999760963,29,1,,,
Binary Matched-Size Augmentation Experiment,binary_matched_size_experiment,journal-matched-size-v1,ml_binary_dravidian_codemix,ml,1003,matched_all_real,0.5,,0,,,140,420,101,319,0.5768861871744301,0.8496143830128204,,completed,0.22168320004129782,18,1,,,
Binary Matched-Size Augmentation Experiment,binary_matched_size_experiment,journal-matched-size-v1,ml_binary_dravidian_codemix,ml,1003,matched_all_real,0.75,,0,,,210,490,117,373,0.599898152189728,0.85234375,,completed,0.24298490001820028,24,1,,,
Binary Matched-Size Augmentation Experiment,binary_matched_size_experiment,journal-matched-size-v1,ml_binary_dravidian_codemix,ml,1003,matched_all_real,1.0,,0,,,280,560,134,426,0.6027957617326032,0.8596404246794873,,completed,0.23409149999497458,18,1,,,
Binary Matched-Size Augmentation Experiment,binary_matched_size_experiment,journal-matched-size-v1,ml_binary_dravidian_codemix,ml,1003,matched_all_real,1.25,,0,,,350,630,151,479,0.6198435398090965,0.8636217948717949,,completed,0.23586950002936646,18,1,,,
Binary Matched-Size Augmentation Experiment,binary_matched_size_experiment,journal-matched-size-v1,ml_binary_dravidian_codemix,ml,1003,matched_all_real,1.5,,0,,,420,700,168,532,0.6381137527912781,0.8647135416666667,,completed,0.3714236000087112,23,1,,,
Binary Matched-Size Augmentation Experiment,binary_matched_size_experiment,journal-matched-size-v1,ml_binary_dravidian_codemix,ml,1003,matched_all_real,1.75,,0,,,490,770,184,586,0.6425267931036881,0.8676682692307691,,completed,0.4235616999794729,31,1,,,
Binary Matched-Size Augmentation Experiment,binary_matched_size_experiment,journal-matched-size-v1,ml_binary_dravidian_codemix,ml,1003,matched_all_real,2.0,,0,,,560,840,201,639,0.639869701390305,0.8706730769230769,,completed,0.388772499980405,27,1,,,
Binary Matched-Size Augmentation Experiment,binary_matched_size_experiment,journal-matched-size-v1,ml_binary_dravidian_codemix,ml,1003,matched_all_real,2.5,,0,,,700,980,235,745,0.666403001723963,0.8765274439102564,,completed,0.5676422999822535,29,1,,,
Binary Matched-Size Augmentation Experiment,binary_matched_size_experiment,journal-matched-size-v1,ml_binary_dravidian_codemix,ml,1003,matched_all_real,3.0,,0,,,840,1120,268,852,0.6719084977149493,0.8809094551282051,,completed,0.5284974999958649,27,1,,,
Binary Matched-Size Augmentation Experiment,binary_matched_size_experiment,journal-matched-size-v1,ml_binary_dravidian_codemix,ml,1003,matched_all_real,3.5,,0,,,980,1260,302,958,0.6834643605870021,0.8813752003205129,,completed,0.5039026999729685,20,1,,,
Binary Matched-Size Augmentation Experiment,binary_matched_size_experiment,journal-matched-size-v1,ml_binary_dravidian_codemix,ml,1003,matched_all_real,4.0,,0,,,1120,1400,335,1065,0.6959151488408959,0.8881610576923077,,completed,0.7219185000285506,29,1,,,
Binary Matched-Size Augmentation Experiment,binary_matched_size_experiment,journal-matched-size-v1,ml_binary_dravidian_codemix,ml,1004,matched_all_real,0.5,,0,,,140,420,101,319,0.5572553275793753,0.8669871794871794,,completed,0.2211502999998629,24,1,,,
Binary Matched-Size Augmentation Experiment,binary_matched_size_experiment,journal-matched-size-v1,ml_binary_dravidian_codemix,ml,1004,matched_all_real,0.75,,0,,,210,490,117,373,0.5807152714533945,0.868689903846154,,completed,0.1972228999948129,18,1,,,
Binary Matched-Size Augmentation Experiment,binary_matched_size_experiment,journal-matched-size-v1,ml_binary_dravidian_codemix,ml,1004,matched_all_real,1.0,,0,,,280,560,134,426,0.6159630971137136,0.8689603365384616,,completed,0.17085790005512536,18,1,,,
Binary Matched-Size Augmentation Experiment,binary_matched_size_experiment,journal-matched-size-v1,ml_binary_dravidian_codemix,ml,1004,matched_all_real,1.25,,0,,,350,630,151,479,0.6252991821307693,0.8689553285256411,,completed,0.2070967000327073,22,1,,,
Binary Matched-Size Augmentation Experiment,binary_matched_size_experiment,journal-matched-size-v1,ml_binary_dravidian_codemix,ml,1004,matched_all_real,1.5,,0,,,420,700,168,532,0.6308979930418849,0.871464342948718,,completed,0.2901970000239089,18,1,,,
Binary Matched-Size Augmentation Experiment,binary_matched_size_experiment,journal-matched-size-v1,ml_binary_dravidian_codemix,ml,1004,matched_all_real,1.75,,0,,,490,770,184,586,0.6506198595577586,0.8755859375,,completed,0.35754089994588867,22,1,,,
Binary Matched-Size Augmentation Experiment,binary_matched_size_experiment,journal-matched-size-v1,ml_binary_dravidian_codemix,ml,1004,matched_all_real,2.0,,0,,,560,840,201,639,0.6626688176365788,0.8782451923076923,,completed,0.29111539997393265,20,1,,,
Binary Matched-Size Augmentation Experiment,binary_matched_size_experiment,journal-matched-size-v1,ml_binary_dravidian_codemix,ml,1004,matched_all_real,2.5,,0,,,700,980,235,745,0.6698779704560052,0.8807341746794872,,completed,0.40647870005341247,21,1,,,
Binary Matched-Size Augmentation Experiment,binary_matched_size_experiment,journal-matched-size-v1,ml_binary_dravidian_codemix,ml,1004,matched_all_real,3.0,,0,,,840,1120,268,852,0.6777902262057192,0.8827323717948719,,completed,0.5505625000223517,28,1,,,
Binary Matched-Size Augmentation Experiment,binary_matched_size_experiment,journal-matched-size-v1,ml_binary_dravidian_codemix,ml,1004,matched_all_real,3.5,,0,,,980,1260,302,958,0.6860589402962285,0.8850610977564103,,completed,0.5650388000067323,24,1,,,
Binary Matched-Size Augmentation Experiment,binary_matched_size_experiment,journal-matched-size-v1,ml_binary_dravidian_codemix,ml,1004,matched_all_real,4.0,,0,,,1120,1400,335,1065,0.6959151488408959,0.8881610576923077,,completed,0.7001010000240058,29,1,,,
Binary Matched-Size Augmentation Experiment,binary_matched_size_experiment,journal-matched-size-v1,ml_binary_dravidian_codemix,ml,1005,matched_all_real,0.5,,0,,,140,420,101,319,0.5369800888391887,0.8566155849358975,,completed,0.2640053000068292,23,1,,,
Binary Matched-Size Augmentation Experiment,binary_matched_size_experiment,journal-matched-size-v1,ml_binary_dravidian_codemix,ml,1005,matched_all_real,0.75,,0,,,210,490,117,373,0.5565277809591437,0.862069310897436,,completed,0.2149698999710381,22,1,,,
Binary Matched-Size Augmentation Experiment,binary_matched_size_experiment,journal-matched-size-v1,ml_binary_dravidian_codemix,ml,1005,matched_all_real,1.0,,0,,,280,560,134,426,0.5807152714533945,0.8646935096153845,,completed,0.2710452000028454,25,1,,,
Binary Matched-Size Augmentation Experiment,binary_matched_size_experiment,journal-matched-size-v1,ml_binary_dravidian_codemix,ml,1005,matched_all_real,1.25,,0,,,350,630,151,479,0.6007330215256694,0.866551482371795,,completed,0.37595259997760877,31,1,,,
Binary Matched-Size Augmentation Experiment,binary_matched_size_experiment,journal-matched-size-v1,ml_binary_dravidian_codemix,ml,1005,matched_all_real,1.5,,0,,,420,700,168,532,0.618793202764977,0.8695913461538461,,completed,0.3025262000155635,30,1,,,
Binary Matched-Size Augmentation Experiment,binary_matched_size_experiment,journal-matched-size-v1,ml_binary_dravidian_codemix,ml,1005,matched_all_real,1.75,,0,,,490,770,184,586,0.6290556814646936,0.872110376602564,,completed,0.3902255999855697,29,1,,,
Binary Matched-Size Augmentation Experiment,binary_matched_size_experiment,journal-matched-size-v1,ml_binary_dravidian_codemix,ml,1005,matched_all_real,2.0,,0,,,560,840,201,639,0.636335476422209,0.8715394631410256,,completed,0.37891060003312305,30,1,,,
Binary Matched-Size Augmentation Experiment,binary_matched_size_experiment,journal-matched-size-v1,ml_binary_dravidian_codemix,ml,1005,matched_all_real,2.5,,0,,,700,980,235,745,0.6617030028794735,0.8756310096153846,,completed,0.4743374999961816,26,1,,,
Binary Matched-Size Augmentation Experiment,binary_matched_size_experiment,journal-matched-size-v1,ml_binary_dravidian_codemix,ml,1005,matched_all_real,3.0,,0,,,840,1120,268,852,0.6677718594769286,0.8813601762820513,,completed,0.4810458999709226,24,1,,,
Binary Matched-Size Augmentation Experiment,binary_matched_size_experiment,journal-matched-size-v1,ml_binary_dravidian_codemix,ml,1005,matched_all_real,3.5,,0,,,980,1260,302,958,0.6832155417852956,0.8848858173076923,,completed,0.6607678000000305,29,1,,,
Binary Matched-Size Augmentation Experiment,binary_matched_size_experiment,journal-matched-size-v1,ml_binary_dravidian_codemix,ml,1005,matched_all_real,4.0,,0,,,1120,1400,335,1065,0.6959151488408959,0.8881610576923077,,completed,0.6772058999631554,29,1,,,
Binary Matched-Size Augmentation Experiment,binary_matched_size_experiment,journal-matched-size-v1,ml_binary_dravidian_codemix,ml,1006,matched_all_real,0.5,,0,,,140,420,101,319,0.5508022213880788,0.8660957532051281,,completed,0.2067972999648191,15,1,,,
Binary Matched-Size Augmentation Experiment,binary_matched_size_experiment,journal-matched-size-v1,ml_binary_dravidian_codemix,ml,1006,matched_all_real,0.75,,0,,,210,490,117,373,0.5761495145521398,0.8667518028846155,,completed,0.18682470003841445,19,1,,,
Binary Matched-Size Augmentation Experiment,binary_matched_size_experiment,journal-matched-size-v1,ml_binary_dravidian_codemix,ml,1006,matched_all_real,1.0,,0,,,280,560,134,426,0.5935557772604663,0.8710236378205127,,completed,0.27881970000453293,24,1,,,
Binary Matched-Size Augmentation Experiment,binary_matched_size_experiment,journal-matched-size-v1,ml_binary_dravidian_codemix,ml,1006,matched_all_real,1.25,,0,,,350,630,151,479,0.6111159610068383,0.869941907051282,,completed,0.317558899987489,27,1,,,
Binary Matched-Size Augmentation Experiment,binary_matched_size_experiment,journal-matched-size-v1,ml_binary_dravidian_codemix,ml,1006,matched_all_real,1.5,,0,,,420,700,168,532,0.6224942396313364,0.871309094551282,,completed,0.2925927999895066,26,1,,,
Binary Matched-Size Augmentation Experiment,binary_matched_size_experiment,journal-matched-size-v1,ml_binary_dravidian_codemix,ml,1006,matched_all_real,1.75,,0,,,490,770,184,586,0.6327103052926276,0.8744190705128204,,completed,0.33232510002562776,27,1,,,
Binary Matched-Size Augmentation Experiment,binary_matched_size_experiment,journal-matched-size-v1,ml_binary_dravidian_codemix,ml,1006,matched_all_real,2.0,,0,,,560,840,201,639,0.6372515808491419,0.8762720352564102,,completed,0.35117559996433556,22,1,,,
Binary Matched-Size Augmentation Experiment,binary_matched_size_experiment,journal-matched-size-v1,ml_binary_dravidian_codemix,ml,1006,matched_all_real,2.5,,0,,,700,980,235,745,0.6523021152228399,0.8824769631410256,,completed,0.3936256999731995,20,1,,,
Binary Matched-Size Augmentation Experiment,binary_matched_size_experiment,journal-matched-size-v1,ml_binary_dravidian_codemix,ml,1006,matched_all_real,3.0,,0,,,840,1120,268,852,0.6778221058962044,0.8838191105769231,,completed,0.3987180000403896,25,1,,,
Binary Matched-Size Augmentation Experiment,binary_matched_size_experiment,journal-matched-size-v1,ml_binary_dravidian_codemix,ml,1006,matched_all_real,3.5,,0,,,980,1260,302,958,0.6894713431190955,0.8864332932692309,,completed,0.44912160001695156,19,1,,,
Binary Matched-Size Augmentation Experiment,binary_matched_size_experiment,journal-matched-size-v1,ml_binary_dravidian_codemix,ml,1006,matched_all_real,4.0,,0,,,1120,1400,335,1065,0.6959151488408959,0.8881610576923077,,completed,0.6453882000059821,29,1,,,
Binary Matched-Size Augmentation Experiment,binary_matched_size_experiment,journal-matched-size-v1,ml_binary_dravidian_codemix,ml,1007,matched_all_real,0.5,,0,,,140,420,101,319,0.563629857064813,0.8685496794871795,,completed,0.23022869997657835,21,1,,,
Binary Matched-Size Augmentation Experiment,binary_matched_size_experiment,journal-matched-size-v1,ml_binary_dravidian_codemix,ml,1007,matched_all_real,0.75,,0,,,210,490,117,373,0.5853445378151261,0.8729917868589743,,completed,0.2533418000093661,20,1,,,
Binary Matched-Size Augmentation Experiment,binary_matched_size_experiment,journal-matched-size-v1,ml_binary_dravidian_codemix,ml,1007,matched_all_real,1.0,,0,,,280,560,134,426,0.6082309929524174,0.8714042467948719,,completed,0.19184909999603406,21,1,,,
Binary Matched-Size Augmentation Experiment,binary_matched_size_experiment,journal-matched-size-v1,ml_binary_dravidian_codemix,ml,1007,matched_all_real,1.25,,0,,,350,630,151,479,0.6102549962540567,0.8744290865384614,,completed,0.2791579000186175,24,1,,,
Binary Matched-Size Augmentation Experiment,binary_matched_size_experiment,journal-matched-size-v1,ml_binary_dravidian_codemix,ml,1007,matched_all_real,1.5,,0,,,420,700,168,532,0.627261520066928,0.8749949919871796,,completed,0.34014329995261505,21,1,,,
Binary Matched-Size Augmentation Experiment,binary_matched_size_experiment,journal-matched-size-v1,ml_binary_dravidian_codemix,ml,1007,matched_all_real,1.75,,0,,,490,770,184,586,0.6354225920853963,0.8794521233974358,,completed,0.3344685000483878,23,1,,,
Binary Matched-Size Augmentation Experiment,binary_matched_size_experiment,journal-matched-size-v1,ml_binary_dravidian_codemix,ml,1007,matched_all_real,2.0,,0,,,560,840,201,639,0.639869701390305,0.8807642227564103,,completed,0.3464398999931291,22,1,,,
Binary Matched-Size Augmentation Experiment,binary_matched_size_experiment,journal-matched-size-v1,ml_binary_dravidian_codemix,ml,1007,matched_all_real,2.5,,0,,,700,980,235,745,0.6470364735019407,0.8818058894230768,,completed,0.4558116999687627,22,1,,,
Binary Matched-Size Augmentation Experiment,binary_matched_size_experiment,journal-matched-size-v1,ml_binary_dravidian_codemix,ml,1007,matched_all_real,3.0,,0,,,840,1120,268,852,0.6588257519670365,0.883799078525641,,completed,0.35538179997820407,22,1,,,
Binary Matched-Size Augmentation Experiment,binary_matched_size_experiment,journal-matched-size-v1,ml_binary_dravidian_codemix,ml,1007,matched_all_real,3.5,,0,,,980,1260,302,958,0.6753440108278819,0.8863131009615385,,completed,0.5086735000368208,20,1,,,
Binary Matched-Size Augmentation Experiment,binary_matched_size_experiment,journal-matched-size-v1,ml_binary_dravidian_codemix,ml,1007,matched_all_real,4.0,,0,,,1120,1400,335,1065,0.6959151488408959,0.8881610576923077,,completed,0.6189986999961548,29,1,,,
Binary Matched-Size Augmentation Experiment,binary_matched_size_experiment,journal-matched-size-v1,ml_binary_dravidian_codemix,ml,1008,matched_all_real,0.5,,0,,,140,420,101,319,0.5883734400113234,0.8621844951923077,,completed,0.13344110001344234,24,1,,,
Binary Matched-Size Augmentation Experiment,binary_matched_size_experiment,journal-matched-size-v1,ml_binary_dravidian_codemix,ml,1008,matched_all_real,0.75,,0,,,210,490,117,373,0.5965247514718212,0.8683443509615384,,completed,0.22433940001064911,26,1,,,
Binary Matched-Size Augmentation Experiment,binary_matched_size_experiment,journal-matched-size-v1,ml_binary_dravidian_codemix,ml,1008,matched_all_real,1.0,,0,,,280,560,134,426,0.6139846135147833,0.872521033653846,,completed,0.278387299971655,28,1,,,
Binary Matched-Size Augmentation Experiment,binary_matched_size_experiment,journal-matched-size-v1,ml_binary_dravidian_codemix,ml,1008,matched_all_real,1.25,,0,,,350,630,151,479,0.605329550191229,0.8773287259615384,,completed,0.37416809995193034,29,1,,,
Binary Matched-Size Augmentation Experiment,binary_matched_size_experiment,journal-matched-size-v1,ml_binary_dravidian_codemix,ml,1008,matched_all_real,1.5,,0,,,420,700,168,532,0.6216075484571808,0.8789763621794872,,completed,0.24162690003868192,24,1,,,
Binary Matched-Size Augmentation Experiment,binary_matched_size_experiment,journal-matched-size-v1,ml_binary_dravidian_codemix,ml,1008,matched_all_real,1.75,,0,,,490,770,184,586,0.6308625676407168,0.8783353365384616,,completed,0.323940499976743,24,1,,,
Binary Matched-Size Augmentation Experiment,binary_matched_size_experiment,journal-matched-size-v1,ml_binary_dravidian_codemix,ml,1008,matched_all_real,2.0,,0,,,560,840,201,639,0.6299966124661247,0.8809695512820513,,completed,0.4043723000213504,30,1,,,
Binary Matched-Size Augmentation Experiment,binary_matched_size_experiment,journal-matched-size-v1,ml_binary_dravidian_codemix,ml,1008,matched_all_real,2.5,,0,,,700,980,235,745,0.6718376439904369,0.8814703525641026,,completed,0.4489148000138812,25,1,,,
Binary Matched-Size Augmentation Experiment,binary_matched_size_experiment,journal-matched-size-v1,ml_binary_dravidian_codemix,ml,1008,matched_all_real,3.0,,0,,,840,1120,268,852,0.6807683850250863,0.8812950721153846,,completed,0.4810319999814965,23,1,,,
Binary Matched-Size Augmentation Experiment,binary_matched_size_experiment,journal-matched-size-v1,ml_binary_dravidian_codemix,ml,1008,matched_all_real,3.5,,0,,,980,1260,302,958,0.6884616340015401,0.8848507612179486,,completed,0.46510819997638464,23,1,,,
Binary Matched-Size Augmentation Experiment,binary_matched_size_experiment,journal-matched-size-v1,ml_binary_dravidian_codemix,ml,1008,matched_all_real,4.0,,0,,,1120,1400,335,1065,0.6959151488408959,0.8881610576923077,,completed,0.5702298000105657,29,1,,,
Binary Matched-Size Augmentation Experiment,binary_matched_size_experiment,journal-matched-size-v1,ml_binary_dravidian_codemix,ml,1009,matched_all_real,0.5,,0,,,140,420,101,319,0.5172991767957443,0.847060296474359,,completed,0.15367150004021823,20,1,,,
Binary Matched-Size Augmentation Experiment,binary_matched_size_experiment,journal-matched-size-v1,ml_binary_dravidian_codemix,ml,1009,matched_all_real,0.75,,0,,,210,490,117,373,0.5540386977886977,0.8589543269230768,,completed,0.26338070002384484,25,1,,,
Binary Matched-Size Augmentation Experiment,binary_matched_size_experiment,journal-matched-size-v1,ml_binary_dravidian_codemix,ml,1009,matched_all_real,1.0,,0,,,280,560,134,426,0.5761495145521398,0.8652794471153846,,completed,0.19062279997160658,20,1,,,
Binary Matched-Size Augmentation Experiment,binary_matched_size_experiment,journal-matched-size-v1,ml_binary_dravidian_codemix,ml,1009,matched_all_real,1.25,,0,,,350,630,151,479,0.597354321398219,0.8667167467948718,,completed,0.31694249995052814,30,1,,,
Binary Matched-Size Augmentation Experiment,binary_matched_size_experiment,journal-matched-size-v1,ml_binary_dravidian_codemix,ml,1009,matched_all_real,1.5,,0,,,420,700,168,532,0.6032551164431899,0.8770883413461539,,completed,0.31580410001333803,22,1,,,
Binary Matched-Size Augmentation Experiment,binary_matched_size_experiment,journal-matched-size-v1,ml_binary_dravidian_codemix,ml,1009,matched_all_real,1.75,,0,,,490,770,184,586,0.6168371076419799,0.8773237179487181,,completed,0.2557563000009395,26,1,,,
Binary Matched-Size Augmentation Experiment,binary_matched_size_experiment,journal-matched-size-v1,ml_binary_dravidian_codemix,ml,1009,matched_all_real,2.0,,0,,,560,840,201,639,0.609088316379884,0.8798978365384615,,completed,0.2785769000183791,20,1,,,
Binary Matched-Size Augmentation Experiment,binary_matched_size_experiment,journal-matched-size-v1,ml_binary_dravidian_codemix,ml,1009,matched_all_real,2.5,,0,,,700,980,235,745,0.6381709389917984,0.8827473958333334,,completed,0.4935125000192784,27,1,,,
Binary Matched-Size Augmentation Experiment,binary_matched_size_experiment,journal-matched-size-v1,ml_binary_dravidian_codemix,ml,1009,matched_all_real,3.0,,0,,,840,1120,268,852,0.6607405760796149,0.8846254006410255,,completed,0.5669663000153378,31,1,,,
Binary Matched-Size Augmentation Experiment,binary_matched_size_experiment,journal-matched-size-v1,ml_binary_dravidian_codemix,ml,1009,matched_all_real,3.5,,0,,,980,1260,302,958,0.6860589402962285,0.8854216746794871,,completed,0.6261722999624908,29,1,,,
Binary Matched-Size Augmentation Experiment,binary_matched_size_experiment,journal-matched-size-v1,ml_binary_dravidian_codemix,ml,1009,matched_all_real,4.0,,0,,,1120,1400,335,1065,0.6959151488408959,0.8881610576923077,,completed,0.6859493000083603,29,1,,,
Binary Matched-Size Augmentation Experiment,binary_matched_size_experiment,journal-matched-size-v1,ml_binary_dravidian_codemix,ml,1010,matched_all_real,0.5,,0,,,140,420,101,319,0.5927362514856411,0.8539663461538461,,completed,0.20782609999878332,20,1,,,
Binary Matched-Size Augmentation Experiment,binary_matched_size_experiment,journal-matched-size-v1,ml_binary_dravidian_codemix,ml,1010,matched_all_real,0.75,,0,,,210,490,117,373,0.5990661444718763,0.8575170272435897,,completed,0.22279379999963567,14,1,,,
Binary Matched-Size Augmentation Experiment,binary_matched_size_experiment,journal-matched-size-v1,ml_binary_dravidian_codemix,ml,1010,matched_all_real,1.0,,0,,,280,560,134,426,0.6290983714753873,0.8638621794871796,,completed,0.22317920002387837,18,1,,,
Binary Matched-Size Augmentation Experiment,binary_matched_size_experiment,journal-matched-size-v1,ml_binary_dravidian_codemix,ml,1010,matched_all_real,1.25,,0,,,350,630,151,479,0.6381137527912781,0.8664312900641026,,completed,0.3417269999627024,25,1,,,
Binary Matched-Size Augmentation Experiment,binary_matched_size_experiment,journal-matched-size-v1,ml_binary_dravidian_codemix,ml,1010,matched_all_real,1.5,,0,,,420,700,168,532,0.6494754461979321,0.8719851762820512,,completed,0.2572099000099115,21,1,,,
Binary Matched-Size Augmentation Experiment,binary_matched_size_experiment,journal-matched-size-v1,ml_binary_dravidian_codemix,ml,1010,matched_all_real,1.75,,0,,,490,770,184,586,0.659453064259879,0.8707582131410256,,completed,0.3251569999847561,25,1,,,
Binary Matched-Size Augmentation Experiment,binary_matched_size_experiment,journal-matched-size-v1,ml_binary_dravidian_codemix,ml,1010,matched_all_real,2.0,,0,,,560,840,201,639,0.6607405760796149,0.876933092948718,,completed,0.3046458999742754,19,1,,,
Binary Matched-Size Augmentation Experiment,binary_matched_size_experiment,journal-matched-size-v1,ml_binary_dravidian_codemix,ml,1010,matched_all_real,2.5,,0,,,700,980,235,745,0.6773172324307629,0.8819411057692307,,completed,0.37547220004489645,20,1,,,
Binary Matched-Size Augmentation Experiment,binary_matched_size_experiment,journal-matched-size-v1,ml_binary_dravidian_codemix,ml,1010,matched_all_real,3.0,,0,,,840,1120,268,852,0.6704149272421162,0.884334935897436,,completed,0.3994871000177227,21,1,,,
Binary Matched-Size Augmentation Experiment,binary_matched_size_experiment,journal-matched-size-v1,ml_binary_dravidian_codemix,ml,1010,matched_all_real,3.5,,0,,,980,1260,302,958,0.6812179897567222,0.8860226362179486,,completed,0.41049520001979545,22,1,,,
Binary Matched-Size Augmentation Experiment,binary_matched_size_experiment,journal-matched-size-v1,ml_binary_dravidian_codemix,ml,1010,matched_all_real,4.0,,0,,,1120,1400,335,1065,0.6959151488408959,0.8881610576923077,,completed,0.6705657999846153,29,1,,,
Binary Matched-Size Augmentation Experiment,binary_matched_size_experiment,journal-matched-size-v1,ml_binary_dravidian_codemix,ml,1011,matched_all_real,0.5,,0,,,140,420,101,319,0.5730477923686257,0.8554086538461538,,completed,0.24441369995474815,25,1,,,
Binary Matched-Size Augmentation Experiment,binary_matched_size_experiment,journal-matched-size-v1,ml_binary_dravidian_codemix,ml,1011,matched_all_real,0.75,,0,,,210,490,117,373,0.5965247514718212,0.8561648637820513,,completed,0.19186459999764338,19,1,,,
Binary Matched-Size Augmentation Experiment,binary_matched_size_experiment,journal-matched-size-v1,ml_binary_dravidian_codemix,ml,1011,matched_all_real,1.0,,0,,,280,560,134,426,0.5965247514718212,0.8637419871794871,,completed,0.23216140002477914,24,1,,,
Binary Matched-Size Augmentation Experiment,binary_matched_size_experiment,journal-matched-size-v1,ml_binary_dravidian_codemix,ml,1011,matched_all_real,1.25,,0,,,350,630,151,479,0.6196735985908757,0.8630809294871795,,completed,0.28848430002108216,30,1,,,
Binary Matched-Size Augmentation Experiment,binary_matched_size_experiment,journal-matched-size-v1,ml_binary_dravidian_codemix,ml,1011,matched_all_real,1.5,,0,,,420,700,168,532,0.6254010576367596,0.8649639423076922,,completed,0.3050470000016503,24,1,,,
Binary Matched-Size Augmentation Experiment,binary_matched_size_experiment,journal-matched-size-v1,ml_binary_dravidian_codemix,ml,1011,matched_all_real,1.75,,0,,,490,770,184,586,0.6354480655342387,0.8705979567307693,,completed,0.3347739999881014,24,1,,,
Binary Matched-Size Augmentation Experiment,binary_matched_size_experiment,journal-matched-size-v1,ml_binary_dravidian_codemix,ml,1011,matched_all_real,2.0,,0,,,560,840,201,639,0.6336213041370855,0.8777694310897435,,completed,0.33313390001421794,25,1,,,
Binary Matched-Size Augmentation Experiment,binary_matched_size_experiment,journal-matched-size-v1,ml_binary_dravidian_codemix,ml,1011,matched_all_real,2.5,,0,,,700,980,235,745,0.6591365539469095,0.8772135416666669,,completed,0.4367205999442376,24,1,,,
Binary Matched-Size Augmentation Experiment,binary_matched_size_experiment,journal-matched-size-v1,ml_binary_dravidian_codemix,ml,1011,matched_all_real,3.0,,0,,,840,1120,268,852,0.6793041753861149,0.8808042868589743,,completed,0.4733261000365019,29,1,,,
Binary Matched-Size Augmentation Experiment,binary_matched_size_experiment,journal-matched-size-v1,ml_binary_dravidian_codemix,ml,1011,matched_all_real,3.5,,0,,,980,1260,302,958,0.6952712157719982,0.8860677083333334,,completed,0.6030809000367299,24,1,,,
Binary Matched-Size Augmentation Experiment,binary_matched_size_experiment,journal-matched-size-v1,ml_binary_dravidian_codemix,ml,1011,matched_all_real,4.0,,0,,,1120,1400,335,1065,0.6959151488408959,0.8881610576923077,,completed,0.6138653999660164,29,1,,,
Binary Matched-Size Augmentation Experiment,binary_matched_size_experiment,journal-matched-size-v1,ml_binary_dravidian_codemix,ml,1012,matched_all_real,0.5,,0,,,140,420,101,319,0.5853445378151261,0.855078125,,completed,0.1903483000351116,20,1,,,
Binary Matched-Size Augmentation Experiment,binary_matched_size_experiment,journal-matched-size-v1,ml_binary_dravidian_codemix,ml,1012,matched_all_real,0.75,,0,,,210,490,117,373,0.6073766914011349,0.8561398237179487,,completed,0.24370599997928366,20,1,,,
Binary Matched-Size Augmentation Experiment,binary_matched_size_experiment,journal-matched-size-v1,ml_binary_dravidian_codemix,ml,1012,matched_all_real,1.0,,0,,,280,560,134,426,0.5956980710421078,0.855984575320513,,completed,0.27904180000768974,22,1,,,
Binary Matched-Size Augmentation Experiment,binary_matched_size_experiment,journal-matched-size-v1,ml_binary_dravidian_codemix,ml,1012,matched_all_real,1.25,,0,,,350,630,151,479,0.62718955836351,0.8594701522435897,,completed,0.34268689999589697,30,1,,,
Binary Matched-Size Augmentation Experiment,binary_matched_size_experiment,journal-matched-size-v1,ml_binary_dravidian_codemix,ml,1012,matched_all_real,1.5,,0,,,420,700,168,532,0.6390322693914814,0.8638221153846153,,completed,0.31847479997668415,23,1,,,
Binary Matched-Size Augmentation Experiment,binary_matched_size_experiment,journal-matched-size-v1,ml_binary_dravidian_codemix,ml,1012,matched_all_real,1.75,,0,,,490,770,184,586,0.6407905403516618,0.8707231570512819,,completed,0.42524880002019927,29,1,,,
Binary Matched-Size Augmentation Experiment,binary_matched_size_experiment,journal-matched-size-v1,ml_binary_dravidian_codemix,ml,1012,matched_all_real,2.0,,0,,,560,840,201,639,0.6381137527912781,0.8725711137820513,,completed,0.3694377000210807,23,1,,,
Binary Matched-Size Augmentation Experiment,binary_matched_size_experiment,journal-matched-size-v1,ml_binary_dravidian_codemix,ml,1012,matched_all_real,2.5,,0,,,700,980,235,745,0.666796317904836,0.8796073717948718,,completed,0.4424462000024505,24,1,,,
Binary Matched-Size Augmentation Experiment,binary_matched_size_experiment,journal-matched-size-v1,ml_binary_dravidian_codemix,ml,1012,matched_all_real,3.0,,0,,,840,1120,268,852,0.6802243665985206,0.8806840945512822,,completed,0.5626381000038236,27,1,,,
Binary Matched-Size Augmentation Experiment,binary_matched_size_experiment,journal-matched-size-v1,ml_binary_dravidian_codemix,ml,1012,matched_all_real,3.5,,0,,,980,1260,302,958,0.6898422700451575,0.8847255608974358,,completed,0.5822085999534465,26,1,,,
Binary Matched-Size Augmentation Experiment,binary_matched_size_experiment,journal-matched-size-v1,ml_binary_dravidian_codemix,ml,1012,matched_all_real,4.0,,0,,,1120,1400,335,1065,0.6959151488408959,0.8881610576923077,,completed,0.6589586999616586,29,1,,,
Binary Matched-Size Augmentation Experiment,binary_matched_size_experiment,journal-matched-size-v1,ml_binary_dravidian_codemix,ml,1013,matched_all_real,0.5,,0,,,140,420,101,319,0.6082309929524174,0.8592447916666667,,completed,0.24301009997725487,24,1,,,
Binary Matched-Size Augmentation Experiment,binary_matched_size_experiment,journal-matched-size-v1,ml_binary_dravidian_codemix,ml,1013,matched_all_real,0.75,,0,,,210,490,117,373,0.605329550191229,0.8683543669871795,,completed,0.2657185000134632,25,1,,,
Binary Matched-Size Augmentation Experiment,binary_matched_size_experiment,journal-matched-size-v1,ml_binary_dravidian_codemix,ml,1013,matched_all_real,1.0,,0,,,280,560,134,426,0.6196735985908757,0.8682091346153846,,completed,0.2930982999969274,21,1,,,
Binary Matched-Size Augmentation Experiment,binary_matched_size_experiment,journal-matched-size-v1,ml_binary_dravidian_codemix,ml,1013,matched_all_real,1.25,,0,,,350,630,151,479,0.627261520066928,0.8722005208333332,,completed,0.20304829999804497,22,1,,,
Binary Matched-Size Augmentation Experiment,binary_matched_size_experiment,journal-matched-size-v1,ml_binary_dravidian_codemix,ml,1013,matched_all_real,1.5,,0,,,420,700,168,532,0.6354225920853963,0.8756209935897437,,completed,0.2486858000047505,17,1,,,
Binary Matched-Size Augmentation Experiment,binary_matched_size_experiment,journal-matched-size-v1,ml_binary_dravidian_codemix,ml,1013,matched_all_real,1.75,,0,,,490,770,184,586,0.6390322693914814,0.8774088541666667,,completed,0.2802328999969177,22,1,,,
Binary Matched-Size Augmentation Experiment,binary_matched_size_experiment,journal-matched-size-v1,ml_binary_dravidian_codemix,ml,1013,matched_all_real,2.0,,0,,,560,840,201,639,0.6407905403516618,0.8769981971153846,,completed,0.352029700006824,23,1,,,
Binary Matched-Size Augmentation Experiment,binary_matched_size_experiment,journal-matched-size-v1,ml_binary_dravidian_codemix,ml,1013,matched_all_real,2.5,,0,,,700,980,235,745,0.6698779704560052,0.8816957131410257,,completed,0.38572059996658936,20,1,,,
Binary Matched-Size Augmentation Experiment,binary_matched_size_experiment,journal-matched-size-v1,ml_binary_dravidian_codemix,ml,1013,matched_all_real,3.0,,0,,,840,1120,268,852,0.6797722324568749,0.8857071314102564,,completed,0.5145412000128999,28,1,,,
Binary Matched-Size Augmentation Experiment,binary_matched_size_experiment,journal-matched-size-v1,ml_binary_dravidian_codemix,ml,1013,matched_all_real,3.5,,0,,,980,1260,302,958,0.6894713431190955,0.8893629807692309,,completed,0.3844645000062883,20,1,,,
Binary Matched-Size Augmentation Experiment,binary_matched_size_experiment,journal-matched-size-v1,ml_binary_dravidian_codemix,ml,1013,matched_all_real,4.0,,0,,,1120,1400,335,1065,0.6959151488408959,0.8881610576923077,,completed,0.5764468999695964,29,1,,,
Binary Matched-Size Augmentation Experiment,binary_matched_size_experiment,journal-matched-size-v1,ml_binary_dravidian_codemix,ml,1014,matched_all_real,0.5,,0,,,140,420,101,319,0.5667881548974942,0.8676632612179487,,completed,0.2061354999896139,18,1,,,
Binary Matched-Size Augmentation Experiment,binary_matched_size_experiment,journal-matched-size-v1,ml_binary_dravidian_codemix,ml,1014,matched_all_real,0.75,,0,,,210,490,117,373,0.5853445378151261,0.870517828525641,,completed,0.2723852999624796,24,1,,,
Binary Matched-Size Augmentation Experiment,binary_matched_size_experiment,journal-matched-size-v1,ml_binary_dravidian_codemix,ml,1014,matched_all_real,1.0,,0,,,280,560,134,426,0.6024114715365341,0.8734274839743591,,completed,0.343868600029964,26,1,,,
Binary Matched-Size Augmentation Experiment,binary_matched_size_experiment,journal-matched-size-v1,ml_binary_dravidian_codemix,ml,1014,matched_all_real,1.25,,0,,,350,630,151,479,0.618793202764977,0.8679937900641027,,completed,0.26788719999603927,19,1,,,
Binary Matched-Size Augmentation Experiment,binary_matched_size_experiment,journal-matched-size-v1,ml_binary_dravidian_codemix,ml,1014,matched_all_real,1.5,,0,,,420,700,168,532,0.6299575171784564,0.8726512419871795,,completed,0.2727180999936536,22,1,,,
Binary Matched-Size Augmentation Experiment,binary_matched_size_experiment,journal-matched-size-v1,ml_binary_dravidian_codemix,ml,1014,matched_all_real,1.75,,0,,,490,770,184,586,0.6327103052926276,0.8760066105769231,,completed,0.3398809999926016,21,1,,,
Binary Matched-Size Augmentation Experiment,binary_matched_size_experiment,journal-matched-size-v1,ml_binary_dravidian_codemix,ml,1014,matched_all_real,2.0,,0,,,560,840,201,639,0.6435725813690307,0.8803485576923078,,completed,0.31198640004731715,20,1,,,
Binary Matched-Size Augmentation Experiment,binary_matched_size_experiment,journal-matched-size-v1,ml_binary_dravidian_codemix,ml,1014,matched_all_real,2.5,,0,,,700,980,235,745,0.6543821995218431,0.8812449919871794,,completed,0.39696040004491806,26,1,,,
Binary Matched-Size Augmentation Experiment,binary_matched_size_experiment,journal-matched-size-v1,ml_binary_dravidian_codemix,ml,1014,matched_all_real,3.0,,0,,,840,1120,268,852,0.6669637746477928,0.8836838942307692,,completed,0.546612499980256,28,1,,,
Binary Matched-Size Augmentation Experiment,binary_matched_size_experiment,journal-matched-size-v1,ml_binary_dravidian_codemix,ml,1014,matched_all_real,3.5,,0,,,980,1260,302,958,0.6898422700451575,0.8869040464743589,,completed,0.5023911000462249,25,1,,,
Binary Matched-Size Augmentation Experiment,binary_matched_size_experiment,journal-matched-size-v1,ml_binary_dravidian_codemix,ml,1014,matched_all_real,4.0,,0,,,1120,1400,335,1065,0.6959151488408959,0.8881610576923077,,completed,0.5451729000196792,29,1,,,
Binary Matched-Size Augmentation Experiment,binary_matched_size_experiment,journal-matched-size-v1,ml_binary_dravidian_codemix,ml,1015,matched_all_real,0.5,,0,,,140,420,101,319,0.5565277809591437,0.8633814102564102,,completed,0.15864799998234957,21,1,,,
Binary Matched-Size Augmentation Experiment,binary_matched_size_experiment,journal-matched-size-v1,ml_binary_dravidian_codemix,ml,1015,matched_all_real,0.75,,0,,,210,490,117,373,0.569166408662886,0.8632862580128204,,completed,0.29055969999171793,22,1,,,
Binary Matched-Size Augmentation Experiment,binary_matched_size_experiment,journal-matched-size-v1,ml_binary_dravidian_codemix,ml,1015,matched_all_real,1.0,,0,,,280,560,134,426,0.5761495145521398,0.8660907451923077,,completed,0.30725930002518,22,1,,,
Binary Matched-Size Augmentation Experiment,binary_matched_size_experiment,journal-matched-size-v1,ml_binary_dravidian_codemix,ml,1015,matched_all_real,1.25,,0,,,350,630,151,479,0.5897572331227137,0.8694010416666667,,completed,0.2518980000168085,25,1,,,
Binary Matched-Size Augmentation Experiment,binary_matched_size_experiment,journal-matched-size-v1,ml_binary_dravidian_codemix,ml,1015,matched_all_real,1.5,,0,,,420,700,168,532,0.6102549962540567,0.8750150240384615,,completed,0.38009109999984503,27,1,,,
Binary Matched-Size Augmentation Experiment,binary_matched_size_experiment,journal-matched-size-v1,ml_binary_dravidian_codemix,ml,1015,matched_all_real,1.75,,0,,,490,770,184,586,0.6262937302198273,0.8764222756410257,,completed,0.3168372999643907,31,1,,,
Binary Matched-Size Augmentation Experiment,binary_matched_size_experiment,journal-matched-size-v1,ml_binary_dravidian_codemix,ml,1015,matched_all_real,2.0,,0,,,560,840,201,639,0.6327103052926276,0.8822415865384615,,completed,0.38070819998392835,25,1,,,
Binary Matched-Size Augmentation Experiment,binary_matched_size_experiment,journal-matched-size-v1,ml_binary_dravidian_codemix,ml,1015,matched_all_real,2.5,,0,,,700,980,235,745,0.6584717607973422,0.8834735576923077,,completed,0.45706769998651,27,1,,,
Binary Matched-Size Augmentation Experiment,binary_matched_size_experiment,journal-matched-size-v1,ml_binary_dravidian_codemix,ml,1015,matched_all_real,3.0,,0,,,840,1120,268,852,0.6778221058962044,0.8834234775641026,,completed,0.4508676999830641,22,1,,,
Binary Matched-Size Augmentation Experiment,binary_matched_size_experiment,journal-matched-size-v1,ml_binary_dravidian_codemix,ml,1015,matched_all_real,3.5,,0,,,980,1260,302,958,0.6836444268488038,0.8862129407051282,,completed,0.5105704999878071,25,1,,,
Binary Matched-Size Augmentation Experiment,binary_matched_size_experiment,journal-matched-size-v1,ml_binary_dravidian_codemix,ml,1015,matched_all_real,4.0,,0,,,1120,1400,335,1065,0.6959151488408959,0.8881610576923077,,completed,0.6555420000222512,29,1,,,
Binary Matched-Size Augmentation Experiment,binary_matched_size_experiment,journal-matched-size-v1,ml_binary_dravidian_codemix,ml,1016,matched_all_real,0.5,,0,,,140,420,101,319,0.5172991767957443,0.8611979166666668,,completed,0.2517991000204347,23,1,,,
Binary Matched-Size Augmentation Experiment,binary_matched_size_experiment,journal-matched-size-v1,ml_binary_dravidian_codemix,ml,1016,matched_all_real,0.75,,0,,,210,490,117,373,0.5442689024874215,0.8654997996794871,,completed,0.2551587999914773,23,1,,,
Binary Matched-Size Augmentation Experiment,binary_matched_size_experiment,journal-matched-size-v1,ml_binary_dravidian_codemix,ml,1016,matched_all_real,1.0,,0,,,280,560,134,426,0.5853445378151261,0.8660606971153846,,completed,0.29338489996735007,28,1,,,
Binary Matched-Size Augmentation Experiment,binary_matched_size_experiment,journal-matched-size-v1,ml_binary_dravidian_codemix,ml,1016,matched_all_real,1.25,,0,,,350,630,151,479,0.5943781572848879,0.8689202724358975,,completed,0.2459868000005372,27,1,,,
Binary Matched-Size Augmentation Experiment,binary_matched_size_experiment,journal-matched-size-v1,ml_binary_dravidian_codemix,ml,1016,matched_all_real,1.5,,0,,,420,700,168,532,0.6003132514580013,0.8745142227564102,,completed,0.3410326999728568,24,1,,,
Binary Matched-Size Augmentation Experiment,binary_matched_size_experiment,journal-matched-size-v1,ml_binary_dravidian_codemix,ml,1016,matched_all_real,1.75,,0,,,490,770,184,586,0.6224942396313364,0.8733173076923075,,completed,0.3049887000233866,23,1,,,
Binary Matched-Size Augmentation Experiment,binary_matched_size_experiment,journal-matched-size-v1,ml_binary_dravidian_codemix,ml,1016,matched_all_real,2.0,,0,,,560,840,201,639,0.6280885755836861,0.8768479567307692,,completed,0.4861252999980934,28,1,,,
Binary Matched-Size Augmentation Experiment,binary_matched_size_experiment,journal-matched-size-v1,ml_binary_dravidian_codemix,ml,1016,matched_all_real,2.5,,0,,,700,980,235,745,0.6426419466975666,0.8806590544871795,,completed,0.37505059997783974,20,1,,,
Binary Matched-Size Augmentation Experiment,binary_matched_size_experiment,journal-matched-size-v1,ml_binary_dravidian_codemix,ml,1016,matched_all_real,3.0,,0,,,840,1120,268,852,0.6600974023737523,0.8834585336538461,,completed,0.6376882999902591,29,1,,,
Binary Matched-Size Augmentation Experiment,binary_matched_size_experiment,journal-matched-size-v1,ml_binary_dravidian_codemix,ml,1016,matched_all_real,3.5,,0,,,980,1260,302,958,0.6880735168587281,0.8851061698717948,,completed,0.5427014000015333,25,1,,,
Binary Matched-Size Augmentation Experiment,binary_matched_size_experiment,journal-matched-size-v1,ml_binary_dravidian_codemix,ml,1016,matched_all_real,4.0,,0,,,1120,1400,335,1065,0.6959151488408959,0.8881610576923077,,completed,0.6289545000181533,29,1,,,
Binary Matched-Size Augmentation Experiment,binary_matched_size_experiment,journal-matched-size-v1,ml_binary_dravidian_codemix,ml,1017,matched_all_real,0.5,,0,,,140,420,101,319,0.5604523138710096,0.8667317708333333,,completed,0.14249689999269322,21,1,,,
Binary Matched-Size Augmentation Experiment,binary_matched_size_experiment,journal-matched-size-v1,ml_binary_dravidian_codemix,ml,1017,matched_all_real,0.75,,0,,,210,490,117,373,0.5913845879520937,0.8676632612179487,,completed,0.22649870003806427,20,1,,,
Binary Matched-Size Augmentation Experiment,binary_matched_size_experiment,journal-matched-size-v1,ml_binary_dravidian_codemix,ml,1017,matched_all_real,1.0,,0,,,280,560,134,426,0.5965247514718212,0.8706530448717948,,completed,0.30721790000097826,23,1,,,
Binary Matched-Size Augmentation Experiment,binary_matched_size_experiment,journal-matched-size-v1,ml_binary_dravidian_codemix,ml,1017,matched_all_real,1.25,,0,,,350,630,151,479,0.6177142307755101,0.8728114983974359,,completed,0.272744599962607,22,1,,,
Binary Matched-Size Augmentation Experiment,binary_matched_size_experiment,journal-matched-size-v1,ml_binary_dravidian_codemix,ml,1017,matched_all_real,1.5,,0,,,420,700,168,532,0.6252991821307693,0.8751201923076922,,completed,0.33426609996240586,22,1,,,
Binary Matched-Size Augmentation Experiment,binary_matched_size_experiment,journal-matched-size-v1,ml_binary_dravidian_codemix,ml,1017,matched_all_real,1.75,,0,,,490,770,184,586,0.627261520066928,0.8763371394230769,,completed,0.3751689000055194,22,1,,,
Binary Matched-Size Augmentation Experiment,binary_matched_size_experiment,journal-matched-size-v1,ml_binary_dravidian_codemix,ml,1017,matched_all_real,2.0,,0,,,560,840,201,639,0.6345128946100967,0.8789112580128207,,completed,0.4008056999882683,27,1,,,
Binary Matched-Size Augmentation Experiment,binary_matched_size_experiment,journal-matched-size-v1,ml_binary_dravidian_codemix,ml,1017,matched_all_real,2.5,,0,,,700,980,235,745,0.6487359830712792,0.8797375801282051,,completed,0.4306899000075646,25,1,,,
Binary Matched-Size Augmentation Experiment,binary_matched_size_experiment,journal-matched-size-v1,ml_binary_dravidian_codemix,ml,1017,matched_all_real,3.0,,0,,,840,1120,268,852,0.6793041753861149,0.8836087740384616,,completed,0.5134209000389092,26,1,,,
Binary Matched-Size Augmentation Experiment,binary_matched_size_experiment,journal-matched-size-v1,ml_binary_dravidian_codemix,ml,1017,matched_all_real,3.5,,0,,,980,1260,302,958,0.690102160442137,0.8857772435897436,,completed,0.601269900042098,26,1,,,
Binary Matched-Size Augmentation Experiment,binary_matched_size_experiment,journal-matched-size-v1,ml_binary_dravidian_codemix,ml,1017,matched_all_real,4.0,,0,,,1120,1400,335,1065,0.6959151488408959,0.8881610576923077,,completed,0.5340197999612428,29,1,,,
Binary Matched-Size Augmentation Experiment,binary_matched_size_experiment,journal-matched-size-v1,ml_binary_dravidian_codemix,ml,1018,matched_all_real,0.5,,0,,,140,420,101,319,0.5761495145521398,0.8608523637820512,,completed,0.2556618999806233,29,1,,,
Binary Matched-Size Augmentation Experiment,binary_matched_size_experiment,journal-matched-size-v1,ml_binary_dravidian_codemix,ml,1018,matched_all_real,0.75,,0,,,210,490,117,373,0.5965247514718212,0.8611478365384615,,completed,0.2619252000004053,28,1,,,
Binary Matched-Size Augmentation Experiment,binary_matched_size_experiment,journal-matched-size-v1,ml_binary_dravidian_codemix,ml,1018,matched_all_real,1.0,,0,,,280,560,134,426,0.5965247514718212,0.8628255208333333,,completed,0.30855570000130683,29,1,,,
Binary Matched-Size Augmentation Experiment,binary_matched_size_experiment,journal-matched-size-v1,ml_binary_dravidian_codemix,ml,1018,matched_all_real,1.25,,0,,,350,630,151,479,0.6061800831807376,0.8720052083333334,,completed,0.2743715000106022,23,1,,,
Binary Matched-Size Augmentation Experiment,binary_matched_size_experiment,journal-matched-size-v1,ml_binary_dravidian_codemix,ml,1018,matched_all_real,1.5,,0,,,420,700,168,532,0.6205571357231257,0.8760466746794873,,completed,0.42839489999460056,26,1,,,
Binary Matched-Size Augmentation Experiment,binary_matched_size_experiment,journal-matched-size-v1,ml_binary_dravidian_codemix,ml,1018,matched_all_real,1.75,,0,,,490,770,184,586,0.6372515808491419,0.8764473157051282,,completed,0.28907299996353686,22,1,,,
Binary Matched-Size Augmentation Experiment,binary_matched_size_experiment,journal-matched-size-v1,ml_binary_dravidian_codemix,ml,1018,matched_all_real,2.0,,0,,,560,840,201,639,0.6568257213795405,0.8775090144230769,,completed,0.28842110000550747,23,1,,,
Binary Matched-Size Augmentation Experiment,binary_matched_size_experiment,journal-matched-size-v1,ml_binary_dravidian_codemix,ml,1018,matched_all_real,2.5,,0,,,700,980,235,745,0.6620293466223699,0.882977764423077,,completed,0.40731720003532246,27,1,,,
Binary Matched-Size Augmentation Experiment,binary_matched_size_experiment,journal-matched-size-v1,ml_binary_dravidian_codemix,ml,1018,matched_all_real,3.0,,0,,,840,1120,268,852,0.6788198217778744,0.8842798477564102,,completed,0.46000589994946495,26,1,,,
Binary Matched-Size Augmentation Experiment,binary_matched_size_experiment,journal-matched-size-v1,ml_binary_dravidian_codemix,ml,1018,matched_all_real,3.5,,0,,,980,1260,302,958,0.6832155417852956,0.8871394230769232,,completed,0.5244849000009708,25,1,,,
Binary Matched-Size Augmentation Experiment,binary_matched_size_experiment,journal-matched-size-v1,ml_binary_dravidian_codemix,ml,1018,matched_all_real,4.0,,0,,,1120,1400,335,1065,0.6959151488408959,0.8881610576923077,,completed,0.7064617999712937,29,1,,,
Binary Matched-Size Augmentation Experiment,binary_matched_size_experiment,journal-matched-size-v1,ml_binary_dravidian_codemix,ml,1019,matched_all_real,0.5,,0,,,140,420,101,319,0.5508022213880788,0.8574118589743591,,completed,0.15378250001231208,18,1,,,
Binary Matched-Size Augmentation Experiment,binary_matched_size_experiment,journal-matched-size-v1,ml_binary_dravidian_codemix,ml,1019,matched_all_real,0.75,,0,,,210,490,117,373,0.563629857064813,0.8646434294871794,,completed,0.20517430000472814,25,1,,,
Binary Matched-Size Augmentation Experiment,binary_matched_size_experiment,journal-matched-size-v1,ml_binary_dravidian_codemix,ml,1019,matched_all_real,1.0,,0,,,280,560,134,426,0.5822977034200597,0.8686949118589743,,completed,0.2826172999921255,31,1,,,
Binary Matched-Size Augmentation Experiment,binary_matched_size_experiment,journal-matched-size-v1,ml_binary_dravidian_codemix,ml,1019,matched_all_real,1.25,,0,,,350,630,151,479,0.5883734400113234,0.8721854967948718,,completed,0.2506171999848448,25,1,,,
Binary Matched-Size Augmentation Experiment,binary_matched_size_experiment,journal-matched-size-v1,ml_binary_dravidian_codemix,ml,1019,matched_all_real,1.5,,0,,,420,700,168,532,0.6061800831807376,0.873417467948718,,completed,0.30004870000993833,22,1,,,
Binary Matched-Size Augmentation Experiment,binary_matched_size_experiment,journal-matched-size-v1,ml_binary_dravidian_codemix,ml,1019,matched_all_real,1.75,,0,,,490,770,184,586,0.6139846135147833,0.8767978766025641,,completed,0.36603470001136884,26,1,,,
Binary Matched-Size Augmentation Experiment,binary_matched_size_experiment,journal-matched-size-v1,ml_binary_dravidian_codemix,ml,1019,matched_all_real,2.0,,0,,,560,840,201,639,0.6196735985908757,0.8770582932692308,,completed,0.29230899998219684,26,1,,,
Binary Matched-Size Augmentation Experiment,binary_matched_size_experiment,journal-matched-size-v1,ml_binary_dravidian_codemix,ml,1019,matched_all_real,2.5,,0,,,700,980,235,745,0.6443826349481452,0.8802233573717949,,completed,0.41063900000881404,25,1,,,
Binary Matched-Size Augmentation Experiment,binary_matched_size_experiment,journal-matched-size-v1,ml_binary_dravidian_codemix,ml,1019,matched_all_real,3.0,,0,,,840,1120,268,852,0.6703037250847851,0.88359375,,completed,0.541905999998562,26,1,,,
Binary Matched-Size Augmentation Experiment,binary_matched_size_experiment,journal-matched-size-v1,ml_binary_dravidian_codemix,ml,1019,matched_all_real,3.5,,0,,,980,1260,302,958,0.6836444268488038,0.8870492788461539,,completed,0.501749099988956,23,1,,,
Binary Matched-Size Augmentation Experiment,binary_matched_size_experiment,journal-matched-size-v1,ml_binary_dravidian_codemix,ml,1019,matched_all_real,4.0,,0,,,1120,1400,335,1065,0.6959151488408959,0.8881610576923077,,completed,0.6298690999974497,29,1,,,
Binary Matched-Size Augmentation Experiment,binary_matched_size_experiment,journal-matched-size-v1,ml_binary_dravidian_codemix,ml,1020,matched_all_real,0.5,,0,,,140,420,101,319,0.5172991767957443,0.8582882612179488,,completed,0.1686735000112094,23,1,,,
Binary Matched-Size Augmentation Experiment,binary_matched_size_experiment,journal-matched-size-v1,ml_binary_dravidian_codemix,ml,1020,matched_all_real,0.75,,0,,,210,490,117,373,0.5275735294117647,0.8622796474358975,,completed,0.3539411000092514,29,1,,,
Binary Matched-Size Augmentation Experiment,binary_matched_size_experiment,journal-matched-size-v1,ml_binary_dravidian_codemix,ml,1020,matched_all_real,1.0,,0,,,280,560,134,426,0.5883734400113234,0.8616135817307693,,completed,0.250976899988018,25,1,,,
Binary Matched-Size Augmentation Experiment,binary_matched_size_experiment,journal-matched-size-v1,ml_binary_dravidian_codemix,ml,1020,matched_all_real,1.25,,0,,,350,630,151,479,0.6119799786657913,0.8609374999999999,,completed,0.3249608000041917,20,1,,,
Binary Matched-Size Augmentation Experiment,binary_matched_size_experiment,journal-matched-size-v1,ml_binary_dravidian_codemix,ml,1020,matched_all_real,1.5,,0,,,420,700,168,532,0.6426419466975666,0.8619190705128205,,completed,0.25138070003595203,20,1,,,
Binary Matched-Size Augmentation Experiment,binary_matched_size_experiment,journal-matched-size-v1,ml_binary_dravidian_codemix,ml,1020,matched_all_real,1.75,,0,,,490,770,184,586,0.6299575171784564,0.8667317708333334,,completed,0.34887850005179644,18,1,,,
Binary Matched-Size Augmentation Experiment,binary_matched_size_experiment,journal-matched-size-v1,ml_binary_dravidian_codemix,ml,1020,matched_all_real,2.0,,0,,,560,840,201,639,0.648916327334822,0.8702524038461539,,completed,0.2924406999954954,19,1,,,
Binary Matched-Size Augmentation Experiment,binary_matched_size_experiment,journal-matched-size-v1,ml_binary_dravidian_codemix,ml,1020,matched_all_real,2.5,,0,,,700,980,235,745,0.6470364735019407,0.8767628205128205,,completed,0.4000190999940969,25,1,,,
Binary Matched-Size Augmentation Experiment,binary_matched_size_experiment,journal-matched-size-v1,ml_binary_dravidian_codemix,ml,1020,matched_all_real,3.0,,0,,,840,1120,268,852,0.6778221058962044,0.880859375,,completed,0.4999517000396736,25,1,,,
Binary Matched-Size Augmentation Experiment,binary_matched_size_experiment,journal-matched-size-v1,ml_binary_dravidian_codemix,ml,1020,matched_all_real,3.5,,0,,,980,1260,302,958,0.6966216739785968,0.8838792067307693,,completed,0.3553385999985039,20,1,,,
Binary Matched-Size Augmentation Experiment,binary_matched_size_experiment,journal-matched-size-v1,ml_binary_dravidian_codemix,ml,1020,matched_all_real,4.0,,0,,,1120,1400,335,1065,0.6959151488408959,0.8881610576923077,,completed,0.6408020000089891,29,1,,,
Binary Matched-Size Augmentation Experiment,binary_matched_size_experiment,journal-matched-size-v1,ml_binary_dravidian_codemix,ml,1021,matched_all_real,0.5,,0,,,140,420,101,319,0.5875657523254777,0.8616185897435897,,completed,0.21751300001051277,19,1,,,
Binary Matched-Size Augmentation Experiment,binary_matched_size_experiment,journal-matched-size-v1,ml_binary_dravidian_codemix,ml,1021,matched_all_real,0.75,,0,,,210,490,117,373,0.5935557772604663,0.8631410256410257,,completed,0.19739919999847189,19,1,,,
Binary Matched-Size Augmentation Experiment,binary_matched_size_experiment,journal-matched-size-v1,ml_binary_dravidian_codemix,ml,1021,matched_all_real,1.0,,0,,,280,560,134,426,0.5965247514718212,0.8696163862179487,,completed,0.1720255000400357,20,1,,,
Binary Matched-Size Augmentation Experiment,binary_matched_size_experiment,journal-matched-size-v1,ml_binary_dravidian_codemix,ml,1021,matched_all_real,1.25,,0,,,350,630,151,479,0.6015707840025741,0.8722856570512819,,completed,0.2306108000339009,23,1,,,
Binary Matched-Size Augmentation Experiment,binary_matched_size_experiment,journal-matched-size-v1,ml_binary_dravidian_codemix,ml,1021,matched_all_real,1.5,,0,,,420,700,168,532,0.618793202764977,0.876427283653846,,completed,0.3233806000207551,23,1,,,
Binary Matched-Size Augmentation Experiment,binary_matched_size_experiment,journal-matched-size-v1,ml_binary_dravidian_codemix,ml,1021,matched_all_real,1.75,,0,,,490,770,184,586,0.6345128946100967,0.8775090144230769,,completed,0.39052379998611286,27,1,,,
Binary Matched-Size Augmentation Experiment,binary_matched_size_experiment,journal-matched-size-v1,ml_binary_dravidian_codemix,ml,1021,matched_all_real,2.0,,0,,,560,840,201,639,0.6417146109724594,0.8806139823717949,,completed,0.32463709998410195,24,1,,,
Binary Matched-Size Augmentation Experiment,binary_matched_size_experiment,journal-matched-size-v1,ml_binary_dravidian_codemix,ml,1021,matched_all_real,2.5,,0,,,700,980,235,745,0.6642562177782717,0.8836438301282051,,completed,0.4372912999824621,28,1,,,
Binary Matched-Size Augmentation Experiment,binary_matched_size_experiment,journal-matched-size-v1,ml_binary_dravidian_codemix,ml,1021,matched_all_real,3.0,,0,,,840,1120,268,852,0.6866588511137163,0.8850610977564104,,completed,0.4799226999748498,29,1,,,
Binary Matched-Size Augmentation Experiment,binary_matched_size_experiment,journal-matched-size-v1,ml_binary_dravidian_codemix,ml,1021,matched_all_real,3.5,,0,,,980,1260,302,958,0.6846457533077251,0.8888221153846154,,completed,0.4347725000116043,22,1,,,
Binary Matched-Size Augmentation Experiment,binary_matched_size_experiment,journal-matched-size-v1,ml_binary_dravidian_codemix,ml,1021,matched_all_real,4.0,,0,,,1120,1400,335,1065,0.6959151488408959,0.8881610576923077,,completed,0.629079400037881,29,1,,,
Binary Matched-Size Augmentation Experiment,binary_matched_size_experiment,journal-matched-size-v1,ml_binary_dravidian_codemix,ml,1022,matched_all_real,0.5,,0,,,140,420,101,319,0.5722787338631182,0.8566055689102564,,completed,0.1676597999758087,24,1,,,
Binary Matched-Size Augmentation Experiment,binary_matched_size_experiment,journal-matched-size-v1,ml_binary_dravidian_codemix,ml,1022,matched_all_real,0.75,,0,,,210,490,117,373,0.590569501484746,0.8633062900641025,,completed,0.21340759994927794,26,1,,,
Binary Matched-Size Augmentation Experiment,binary_matched_size_experiment,journal-matched-size-v1,ml_binary_dravidian_codemix,ml,1022,matched_all_real,1.0,,0,,,280,560,134,426,0.6111159610068383,0.8631059695512819,,completed,0.26374500000383705,18,1,,,
Binary Matched-Size Augmentation Experiment,binary_matched_size_experiment,journal-matched-size-v1,ml_binary_dravidian_codemix,ml,1022,matched_all_real,1.25,,0,,,350,630,151,479,0.6318025461895812,0.866426282051282,,completed,0.2720753999892622,18,1,,,
Binary Matched-Size Augmentation Experiment,binary_matched_size_experiment,journal-matched-size-v1,ml_binary_dravidian_codemix,ml,1022,matched_all_real,1.5,,0,,,420,700,168,532,0.6290556814646936,0.8722255608974359,,completed,0.3254547000396997,20,1,,,
Binary Matched-Size Augmentation Experiment,binary_matched_size_experiment,journal-matched-size-v1,ml_binary_dravidian_codemix,ml,1022,matched_all_real,1.75,,0,,,490,770,184,586,0.6179159147835923,0.8770833333333334,,completed,0.2828233999898657,21,1,,,
Binary Matched-Size Augmentation Experiment,binary_matched_size_experiment,journal-matched-size-v1,ml_binary_dravidian_codemix,ml,1022,matched_all_real,2.0,,0,,,560,840,201,639,0.636335476422209,0.8754056490384616,,completed,0.4457119000144303,27,1,,,
Binary Matched-Size Augmentation Experiment,binary_matched_size_experiment,journal-matched-size-v1,ml_binary_dravidian_codemix,ml,1022,matched_all_real,2.5,,0,,,700,980,235,745,0.6600974023737523,0.8772335737179487,,completed,0.44100549997529015,27,1,,,
Binary Matched-Size Augmentation Experiment,binary_matched_size_experiment,journal-matched-size-v1,ml_binary_dravidian_codemix,ml,1022,matched_all_real,3.0,,0,,,840,1120,268,852,0.6827711572738325,0.8803735977564103,,completed,0.5307852000114508,25,1,,,
Binary Matched-Size Augmentation Experiment,binary_matched_size_experiment,journal-matched-size-v1,ml_binary_dravidian_codemix,ml,1022,matched_all_real,3.5,,0,,,980,1260,302,958,0.6952712157719982,0.8836338141025641,,completed,0.4315354999853298,20,1,,,
Binary Matched-Size Augmentation Experiment,binary_matched_size_experiment,journal-matched-size-v1,ml_binary_dravidian_codemix,ml,1022,matched_all_real,4.0,,0,,,1120,1400,335,1065,0.6959151488408959,0.8881610576923077,,completed,0.6283524999744259,29,1,,,
Binary Matched-Size Augmentation Experiment,binary_matched_size_experiment,journal-matched-size-v1,ml_binary_dravidian_codemix,ml,1023,matched_all_real,0.5,,0,,,140,420,101,319,0.5109341393013345,0.8458433493589743,,completed,0.19188060000305995,14,1,,,
Binary Matched-Size Augmentation Experiment,binary_matched_size_experiment,journal-matched-size-v1,ml_binary_dravidian_codemix,ml,1023,matched_all_real,0.75,,0,,,210,490,117,373,0.5565277809591437,0.8543920272435899,,completed,0.12253480002982542,14,1,,,
Binary Matched-Size Augmentation Experiment,binary_matched_size_experiment,journal-matched-size-v1,ml_binary_dravidian_codemix,ml,1023,matched_all_real,1.0,,0,,,280,560,134,426,0.5815051353874883,0.8635016025641027,,completed,0.258633200020995,21,1,,,
Binary Matched-Size Augmentation Experiment,binary_matched_size_experiment,journal-matched-size-v1,ml_binary_dravidian_codemix,ml,1023,matched_all_real,1.25,,0,,,350,630,151,479,0.6179159147835923,0.8664863782051282,,completed,0.2883764000143856,21,1,,,
Binary Matched-Size Augmentation Experiment,binary_matched_size_experiment,journal-matched-size-v1,ml_binary_dravidian_codemix,ml,1023,matched_all_real,1.5,,0,,,420,700,168,532,0.6354225920853963,0.8685697115384614,,completed,0.2674560999730602,20,1,,,
Binary Matched-Size Augmentation Experiment,binary_matched_size_experiment,journal-matched-size-v1,ml_binary_dravidian_codemix,ml,1023,matched_all_real,1.75,,0,,,490,770,184,586,0.6485397628779015,0.871083733974359,,completed,0.39192099997308105,23,1,,,
Binary Matched-Size Augmentation Experiment,binary_matched_size_experiment,journal-matched-size-v1,ml_binary_dravidian_codemix,ml,1023,matched_all_real,2.0,,0,,,560,840,201,639,0.6623249750237848,0.8737580128205127,,completed,0.2941267000278458,24,1,,,
Binary Matched-Size Augmentation Experiment,binary_matched_size_experiment,journal-matched-size-v1,ml_binary_dravidian_codemix,ml,1023,matched_all_real,2.5,,0,,,700,980,235,745,0.6787795239408143,0.8781300080128206,,completed,0.4140534999896772,24,1,,,
Binary Matched-Size Augmentation Experiment,binary_matched_size_experiment,journal-matched-size-v1,ml_binary_dravidian_codemix,ml,1023,matched_all_real,3.0,,0,,,840,1120,268,852,0.6836444268488038,0.8784955929487179,,completed,0.39730060001602396,24,1,,,
Binary Matched-Size Augmentation Experiment,binary_matched_size_experiment,journal-matched-size-v1,ml_binary_dravidian_codemix,ml,1023,matched_all_real,3.5,,0,,,980,1260,302,958,0.691206668165844,0.8855969551282051,,completed,0.49601740000071004,23,1,,,
Binary Matched-Size Augmentation Experiment,binary_matched_size_experiment,journal-matched-size-v1,ml_binary_dravidian_codemix,ml,1023,matched_all_real,4.0,,0,,,1120,1400,335,1065,0.6959151488408959,0.8881610576923077,,completed,0.7217176999547519,29,1,,,
Binary Matched-Size Augmentation Experiment,binary_matched_size_experiment,journal-matched-size-v1,ml_binary_dravidian_codemix,ml,1024,matched_all_real,0.5,,0,,,140,420,101,319,0.5597162234958875,0.8574419070512821,,completed,0.17644429998472333,23,1,,,
Binary Matched-Size Augmentation Experiment,binary_matched_size_experiment,journal-matched-size-v1,ml_binary_dravidian_codemix,ml,1024,matched_all_real,0.75,,0,,,210,490,117,373,0.5753725066089882,0.8592297676282051,,completed,0.24122130003524944,20,1,,,
Binary Matched-Size Augmentation Experiment,binary_matched_size_experiment,journal-matched-size-v1,ml_binary_dravidian_codemix,ml,1024,matched_all_real,1.0,,0,,,280,560,134,426,0.5845443557323589,0.8667718349358975,,completed,0.28947399999015033,25,1,,,
Binary Matched-Size Augmentation Experiment,binary_matched_size_experiment,journal-matched-size-v1,ml_binary_dravidian_codemix,ml,1024,matched_all_real,1.25,,0,,,350,630,151,479,0.6024114715365341,0.8692257612179487,,completed,0.3781843999749981,25,1,,,
Binary Matched-Size Augmentation Experiment,binary_matched_size_experiment,journal-matched-size-v1,ml_binary_dravidian_codemix,ml,1024,matched_all_real,1.5,,0,,,420,700,168,532,0.6122525956365513,0.8688401442307693,,completed,0.32656900002621114,32,1,,,
Binary Matched-Size Augmentation Experiment,binary_matched_size_experiment,journal-matched-size-v1,ml_binary_dravidian_codemix,ml,1024,matched_all_real,1.75,,0,,,490,770,184,586,0.6056770233985423,0.868689903846154,,completed,0.3890784000395797,26,1,,,
Binary Matched-Size Augmentation Experiment,binary_matched_size_experiment,journal-matched-size-v1,ml_binary_dravidian_codemix,ml,1024,matched_all_real,2.0,,0,,,560,840,201,639,0.6198435398090965,0.8742137419871795,,completed,0.340108499978669,26,1,,,
Binary Matched-Size Augmentation Experiment,binary_matched_size_experiment,journal-matched-size-v1,ml_binary_dravidian_codemix,ml,1024,matched_all_real,2.5,,0,,,700,980,235,745,0.6520720265675708,0.8795973557692307,,completed,0.37875399994663894,28,1,,,
Binary Matched-Size Augmentation Experiment,binary_matched_size_experiment,journal-matched-size-v1,ml_binary_dravidian_codemix,ml,1024,matched_all_real,3.0,,0,,,840,1120,268,852,0.6539634698939933,0.8858223157051281,,completed,0.5278001000406221,25,1,,,
Binary Matched-Size Augmentation Experiment,binary_matched_size_experiment,journal-matched-size-v1,ml_binary_dravidian_codemix,ml,1024,matched_all_real,3.5,,0,,,980,1260,302,958,0.686452568078438,0.8859825721153848,,completed,0.5589123999816366,23,1,,,
Binary Matched-Size Augmentation Experiment,binary_matched_size_experiment,journal-matched-size-v1,ml_binary_dravidian_codemix,ml,1024,matched_all_real,4.0,,0,,,1120,1400,335,1065,0.6959151488408959,0.8881610576923077,,completed,0.6023577000014484,29,1,,,
Binary Matched-Size Augmentation Experiment,binary_matched_size_experiment,journal-matched-size-v1,ml_binary_dravidian_codemix,ml,1025,matched_all_real,0.5,,0,,,140,420,101,319,0.5275735294117647,0.8722255608974359,,completed,0.1485930000199005,22,1,,,
Binary Matched-Size Augmentation Experiment,binary_matched_size_experiment,journal-matched-size-v1,ml_binary_dravidian_codemix,ml,1025,matched_all_real,0.75,,0,,,210,490,117,373,0.5376536900207354,0.8665414663461538,,completed,0.21483439998701215,29,1,,,
Binary Matched-Size Augmentation Experiment,binary_matched_size_experiment,journal-matched-size-v1,ml_binary_dravidian_codemix,ml,1025,matched_all_real,1.0,,0,,,280,560,134,426,0.5792327565489065,0.8708934294871795,,completed,0.317621499998495,28,1,,,
Binary Matched-Size Augmentation Experiment,binary_matched_size_experiment,journal-matched-size-v1,ml_binary_dravidian_codemix,ml,1025,matched_all_real,1.25,,0,,,350,630,151,479,0.5943781572848879,0.8757712339743591,,completed,0.40562879998469725,23,1,,,
Binary Matched-Size Augmentation Experiment,binary_matched_size_experiment,journal-matched-size-v1,ml_binary_dravidian_codemix,ml,1025,matched_all_real,1.5,,0,,,420,700,168,532,0.6102549962540567,0.8755809294871795,,completed,0.33982249995460734,22,1,,,
Binary Matched-Size Augmentation Experiment,binary_matched_size_experiment,journal-matched-size-v1,ml_binary_dravidian_codemix,ml,1025,matched_all_real,1.75,,0,,,490,770,184,586,0.6327169239487982,0.8786408253205129,,completed,0.4065396999940276,23,1,,,
Binary Matched-Size Augmentation Experiment,binary_matched_size_experiment,journal-matched-size-v1,ml_binary_dravidian_codemix,ml,1025,matched_all_real,2.0,,0,,,560,840,201,639,0.6572249343809581,0.8802483974358974,,completed,0.308164999994915,21,1,,,
Binary Matched-Size Augmentation Experiment,binary_matched_size_experiment,journal-matched-size-v1,ml_binary_dravidian_codemix,ml,1025,matched_all_real,2.5,,0,,,700,980,235,745,0.6546551487727958,0.8839242788461539,,completed,0.31230130000039935,21,1,,,
Binary Matched-Size Augmentation Experiment,binary_matched_size_experiment,journal-matched-size-v1,ml_binary_dravidian_codemix,ml,1025,matched_all_real,3.0,,0,,,840,1120,268,852,0.6724093290047601,0.8845402644230769,,completed,0.4315504999831319,21,1,,,
Binary Matched-Size Augmentation Experiment,binary_matched_size_experiment,journal-matched-size-v1,ml_binary_dravidian_codemix,ml,1025,matched_all_real,3.5,,0,,,980,1260,302,958,0.6844570871421467,0.8872896634615384,,completed,0.48981140000978485,26,1,,,
Binary Matched-Size Augmentation Experiment,binary_matched_size_experiment,journal-matched-size-v1,ml_binary_dravidian_codemix,ml,1025,matched_all_real,4.0,,0,,,1120,1400,335,1065,0.6959151488408959,0.8881610576923077,,completed,0.6271247999975458,29,1,,,
Binary Matched-Size Augmentation Experiment,binary_matched_size_experiment,journal-matched-size-v1,ml_binary_dravidian_codemix,ml,1026,matched_all_real,0.5,,0,,,140,420,101,319,0.5103386287042185,0.8613581730769231,,completed,0.2098452000063844,20,1,,,
Binary Matched-Size Augmentation Experiment,binary_matched_size_experiment,journal-matched-size-v1,ml_binary_dravidian_codemix,ml,1026,matched_all_real,0.75,,0,,,210,490,117,373,0.5309548567254726,0.8663010817307693,,completed,0.18073080002795905,18,1,,,
Binary Matched-Size Augmentation Experiment,binary_matched_size_experiment,journal-matched-size-v1,ml_binary_dravidian_codemix,ml,1026,matched_all_real,1.0,,0,,,280,560,134,426,0.563629857064813,0.875595953525641,,completed,0.31312209996394813,23,1,,,
Binary Matched-Size Augmentation Experiment,binary_matched_size_experiment,journal-matched-size-v1,ml_binary_dravidian_codemix,ml,1026,matched_all_real,1.25,,0,,,350,630,151,479,0.5994765937426488,0.8780899439102564,,completed,0.33636329998262227,22,1,,,
Binary Matched-Size Augmentation Experiment,binary_matched_size_experiment,journal-matched-size-v1,ml_binary_dravidian_codemix,ml,1026,matched_all_real,1.5,,0,,,420,700,168,532,0.6082309929524174,0.8754657451923077,,completed,0.3392177999485284,21,1,,,
Binary Matched-Size Augmentation Experiment,binary_matched_size_experiment,journal-matched-size-v1,ml_binary_dravidian_codemix,ml,1026,matched_all_real,1.75,,0,,,490,770,184,586,0.6224942396313364,0.8780098157051281,,completed,0.3662032999563962,28,1,,,
Binary Matched-Size Augmentation Experiment,binary_matched_size_experiment,journal-matched-size-v1,ml_binary_dravidian_codemix,ml,1026,matched_all_real,2.0,,0,,,560,840,201,639,0.6280885755836861,0.878926282051282,,completed,0.36469039996154606,20,1,,,
Binary Matched-Size Augmentation Experiment,binary_matched_size_experiment,journal-matched-size-v1,ml_binary_dravidian_codemix,ml,1026,matched_all_real,2.5,,0,,,700,980,235,745,0.6523021152228399,0.8786157852564103,,completed,0.38573989999713376,25,1,,,
Binary Matched-Size Augmentation Experiment,binary_matched_size_experiment,journal-matched-size-v1,ml_binary_dravidian_codemix,ml,1026,matched_all_real,3.0,,0,,,840,1120,268,852,0.6532509893105775,0.8818910256410255,,completed,0.40197540004737675,19,1,,,
Binary Matched-Size Augmentation Experiment,binary_matched_size_experiment,journal-matched-size-v1,ml_binary_dravidian_codemix,ml,1026,matched_all_real,3.5,,0,,,980,1260,302,958,0.6852270586018466,0.8861628605769231,,completed,0.4488204999943264,19,1,,,
Binary Matched-Size Augmentation Experiment,binary_matched_size_experiment,journal-matched-size-v1,ml_binary_dravidian_codemix,ml,1026,matched_all_real,4.0,,0,,,1120,1400,335,1065,0.6959151488408959,0.8881610576923077,,completed,0.607192000024952,29,1,,,
Binary Matched-Size Augmentation Experiment,binary_matched_size_experiment,journal-matched-size-v1,ml_binary_dravidian_codemix,ml,1027,matched_all_real,0.5,,0,,,140,420,101,319,0.5565277809591437,0.8668018830128206,,completed,0.23929040000075474,18,1,,,
Binary Matched-Size Augmentation Experiment,binary_matched_size_experiment,journal-matched-size-v1,ml_binary_dravidian_codemix,ml,1027,matched_all_real,0.75,,0,,,210,490,117,373,0.5867608456846041,0.8660907451923076,,completed,0.3236567000276409,24,1,,,
Binary Matched-Size Augmentation Experiment,binary_matched_size_experiment,journal-matched-size-v1,ml_binary_dravidian_codemix,ml,1027,matched_all_real,1.0,,0,,,280,560,134,426,0.5986428598923306,0.8676532451923076,,completed,0.34582599997520447,26,1,,,
Binary Matched-Size Augmentation Experiment,binary_matched_size_experiment,journal-matched-size-v1,ml_binary_dravidian_codemix,ml,1027,matched_all_real,1.25,,0,,,350,630,151,479,0.6159630971137136,0.8740184294871796,,completed,0.3465704999980517,22,1,,,
Binary Matched-Size Augmentation Experiment,binary_matched_size_experiment,journal-matched-size-v1,ml_binary_dravidian_codemix,ml,1027,matched_all_real,1.5,,0,,,420,700,168,532,0.6435725813690307,0.8760216346153845,,completed,0.3378391999867745,18,1,,,
Binary Matched-Size Augmentation Experiment,binary_matched_size_experiment,journal-matched-size-v1,ml_binary_dravidian_codemix,ml,1027,matched_all_real,1.75,,0,,,490,770,184,586,0.6506198595577586,0.8777193509615383,,completed,0.3705668000038713,21,1,,,
Binary Matched-Size Augmentation Experiment,binary_matched_size_experiment,journal-matched-size-v1,ml_binary_dravidian_codemix,ml,1027,matched_all_real,2.0,,0,,,560,840,201,639,0.6646107477434089,0.8804937900641026,,completed,0.3603059999877587,18,1,,,
Binary Matched-Size Augmentation Experiment,binary_matched_size_experiment,journal-matched-size-v1,ml_binary_dravidian_codemix,ml,1027,matched_all_real,2.5,,0,,,700,980,235,745,0.6698779704560052,0.8826372195512822,,completed,0.5188274999964051,28,1,,,
Binary Matched-Size Augmentation Experiment,binary_matched_size_experiment,journal-matched-size-v1,ml_binary_dravidian_codemix,ml,1027,matched_all_real,3.0,,0,,,840,1120,268,852,0.6777902262057192,0.8833383413461539,,completed,0.5575437999796122,24,1,,,
Binary Matched-Size Augmentation Experiment,binary_matched_size_experiment,journal-matched-size-v1,ml_binary_dravidian_codemix,ml,1027,matched_all_real,3.5,,0,,,980,1260,302,958,0.6908526107072042,0.8878355368589743,,completed,0.5267503000213765,22,1,,,
Binary Matched-Size Augmentation Experiment,binary_matched_size_experiment,journal-matched-size-v1,ml_binary_dravidian_codemix,ml,1027,matched_all_real,4.0,,0,,,1120,1400,335,1065,0.6959151488408959,0.8881610576923077,,completed,0.7377276999759488,29,1,,,
Binary Matched-Size Augmentation Experiment,binary_matched_size_experiment,journal-matched-size-v1,ml_binary_dravidian_codemix,ml,1028,matched_all_real,0.5,,0,,,140,420,101,319,0.5500921375921376,0.8552333733974359,,completed,0.24876879999646917,18,1,,,
Binary Matched-Size Augmentation Experiment,binary_matched_size_experiment,journal-matched-size-v1,ml_binary_dravidian_codemix,ml,1028,matched_all_real,0.75,,0,,,210,490,117,373,0.5597162234958875,0.8664413060897436,,completed,0.2093239999958314,18,1,,,
Binary Matched-Size Augmentation Experiment,binary_matched_size_experiment,journal-matched-size-v1,ml_binary_dravidian_codemix,ml,1028,matched_all_real,1.0,,0,,,280,560,134,426,0.5845443557323589,0.8684294871794871,,completed,0.3543513999902643,22,1,,,
Binary Matched-Size Augmentation Experiment,binary_matched_size_experiment,journal-matched-size-v1,ml_binary_dravidian_codemix,ml,1028,matched_all_real,1.25,,0,,,350,630,151,479,0.590569501484746,0.8708133012820514,,completed,0.2605866000521928,22,1,,,
Binary Matched-Size Augmentation Experiment,binary_matched_size_experiment,journal-matched-size-v1,ml_binary_dravidian_codemix,ml,1028,matched_all_real,1.5,,0,,,420,700,168,532,0.6280885755836861,0.8743840144230769,,completed,0.30977859999984503,20,1,,,
Binary Matched-Size Augmentation Experiment,binary_matched_size_experiment,journal-matched-size-v1,ml_binary_dravidian_codemix,ml,1028,matched_all_real,1.75,,0,,,490,770,184,586,0.6363649291205618,0.8762119391025641,,completed,0.35862620000261813,24,1,,,
Binary Matched-Size Augmentation Experiment,binary_matched_size_experiment,journal-matched-size-v1,ml_binary_dravidian_codemix,ml,1028,matched_all_real,2.0,,0,,,560,840,201,639,0.649861301309737,0.880283453525641,,completed,0.30528259999118745,23,1,,,
Binary Matched-Size Augmentation Experiment,binary_matched_size_experiment,journal-matched-size-v1,ml_binary_dravidian_codemix,ml,1028,matched_all_real,2.5,,0,,,700,980,235,745,0.6584717607973422,0.880859375,,completed,0.39949739997973666,23,1,,,
Binary Matched-Size Augmentation Experiment,binary_matched_size_experiment,journal-matched-size-v1,ml_binary_dravidian_codemix,ml,1028,matched_all_real,3.0,,0,,,840,1120,268,852,0.6703037250847851,0.8856520432692307,,completed,0.5348882999969646,24,1,,,
Binary Matched-Size Augmentation Experiment,binary_matched_size_experiment,journal-matched-size-v1,ml_binary_dravidian_codemix,ml,1028,matched_all_real,3.5,,0,,,980,1260,302,958,0.6880735168587281,0.8878305288461539,,completed,0.5009887999622151,21,1,,,
Binary Matched-Size Augmentation Experiment,binary_matched_size_experiment,journal-matched-size-v1,ml_binary_dravidian_codemix,ml,1028,matched_all_real,4.0,,0,,,1120,1400,335,1065,0.6959151488408959,0.8881610576923077,,completed,0.6123412000015378,29,1,,,
Binary Matched-Size Augmentation Experiment,binary_matched_size_experiment,journal-matched-size-v1,ml_binary_dravidian_codemix,ml,1029,matched_all_real,0.5,,0,,,140,420,101,319,0.5621432830735156,0.8660707131410257,,completed,0.12451409996720031,19,1,,,
Binary Matched-Size Augmentation Experiment,binary_matched_size_experiment,journal-matched-size-v1,ml_binary_dravidian_codemix,ml,1029,matched_all_real,0.75,,0,,,210,490,117,373,0.5881410256410257,0.8673878205128205,,completed,0.25604290002956986,21,1,,,
Binary Matched-Size Augmentation Experiment,binary_matched_size_experiment,journal-matched-size-v1,ml_binary_dravidian_codemix,ml,1029,matched_all_real,1.0,,0,,,280,560,134,426,0.6076900921658986,0.8690054086538461,,completed,0.3242869999958202,26,1,,,
Binary Matched-Size Augmentation Experiment,binary_matched_size_experiment,journal-matched-size-v1,ml_binary_dravidian_codemix,ml,1029,matched_all_real,1.25,,0,,,350,630,151,479,0.6345128946100967,0.8730468749999999,,completed,0.2224749000160955,20,1,,,
Binary Matched-Size Augmentation Experiment,binary_matched_size_experiment,journal-matched-size-v1,ml_binary_dravidian_codemix,ml,1029,matched_all_real,1.5,,0,,,420,700,168,532,0.6494754461979321,0.8742888621794872,,completed,0.3408358999877237,22,1,,,
Binary Matched-Size Augmentation Experiment,binary_matched_size_experiment,journal-matched-size-v1,ml_binary_dravidian_codemix,ml,1029,matched_all_real,1.75,,0,,,490,770,184,586,0.6461015251726512,0.8770633012820513,,completed,0.3949754000059329,30,1,,,
Binary Matched-Size Augmentation Experiment,binary_matched_size_experiment,journal-matched-size-v1,ml_binary_dravidian_codemix,ml,1029,matched_all_real,2.0,,0,,,560,840,201,639,0.6504143772775215,0.8789913862179487,,completed,0.43020120001165196,24,1,,,
Binary Matched-Size Augmentation Experiment,binary_matched_size_experiment,journal-matched-size-v1,ml_binary_dravidian_codemix,ml,1029,matched_all_real,2.5,,0,,,700,980,235,745,0.6704149272421162,0.8805538862179487,,completed,0.3763732999796048,22,1,,,
Binary Matched-Size Augmentation Experiment,binary_matched_size_experiment,journal-matched-size-v1,ml_binary_dravidian_codemix,ml,1029,matched_all_real,3.0,,0,,,840,1120,268,852,0.6704149272421162,0.8833433493589744,,completed,0.5428805000265129,22,1,,,
Binary Matched-Size Augmentation Experiment,binary_matched_size_experiment,journal-matched-size-v1,ml_binary_dravidian_codemix,ml,1029,matched_all_real,3.5,,0,,,980,1260,302,958,0.6806609385327165,0.8875450721153846,,completed,0.4018575999652967,22,1,,,
Binary Matched-Size Augmentation Experiment,binary_matched_size_experiment,journal-matched-size-v1,ml_binary_dravidian_codemix,ml,1029,matched_all_real,4.0,,0,,,1120,1400,335,1065,0.6959151488408959,0.8881610576923077,,completed,0.5638089000131004,29,1,,,
Binary Matched-Size Augmentation Experiment,binary_matched_size_experiment,journal-matched-size-v1,ml_binary_dravidian_codemix,ml,1030,matched_all_real,0.5,,0,,,140,420,101,319,0.5572553275793753,0.8603866185897435,,completed,0.2948982000234537,21,1,,,
Binary Matched-Size Augmentation Experiment,binary_matched_size_experiment,journal-matched-size-v1,ml_binary_dravidian_codemix,ml,1030,matched_all_real,0.75,,0,,,210,490,117,373,0.5875657523254777,0.8663461538461539,,completed,0.29574470000807196,24,1,,,
Binary Matched-Size Augmentation Experiment,binary_matched_size_experiment,journal-matched-size-v1,ml_binary_dravidian_codemix,ml,1030,matched_all_real,1.0,,0,,,280,560,134,426,0.6065253789933298,0.8699118589743589,,completed,0.3120310000376776,18,1,,,
Binary Matched-Size Augmentation Experiment,binary_matched_size_experiment,journal-matched-size-v1,ml_binary_dravidian_codemix,ml,1030,matched_all_real,1.25,,0,,,350,630,151,479,0.6142242811100038,0.8719551282051281,,completed,0.45395650004502386,29,1,,,
Binary Matched-Size Augmentation Experiment,binary_matched_size_experiment,journal-matched-size-v1,ml_binary_dravidian_codemix,ml,1030,matched_all_real,1.5,,0,,,420,700,168,532,0.627261520066928,0.8734375000000001,,completed,0.46527819999028,28,1,,,
Binary Matched-Size Augmentation Experiment,binary_matched_size_experiment,journal-matched-size-v1,ml_binary_dravidian_codemix,ml,1030,matched_all_real,1.75,,0,,,490,770,184,586,0.6327169239487982,0.8751051682692308,,completed,0.42222760000731796,23,1,,,
Binary Matched-Size Augmentation Experiment,binary_matched_size_experiment,journal-matched-size-v1,ml_binary_dravidian_codemix,ml,1030,matched_all_real,2.0,,0,,,560,840,201,639,0.6345128946100967,0.8768078926282051,,completed,0.41567509999731556,21,1,,,
Binary Matched-Size Augmentation Experiment,binary_matched_size_experiment,journal-matched-size-v1,ml_binary_dravidian_codemix,ml,1030,matched_all_real,2.5,,0,,,700,980,235,745,0.6487359830712792,0.8821113782051281,,completed,0.46117470000172034,22,1,,,
Binary Matched-Size Augmentation Experiment,binary_matched_size_experiment,journal-matched-size-v1,ml_binary_dravidian_codemix,ml,1030,matched_all_real,3.0,,0,,,840,1120,268,852,0.6623249750237848,0.8870392628205128,,completed,0.5683421000139788,22,1,,,
Binary Matched-Size Augmentation Experiment,binary_matched_size_experiment,journal-matched-size-v1,ml_binary_dravidian_codemix,ml,1030,matched_all_real,3.5,,0,,,980,1260,302,958,0.6826465374733613,0.8862379807692307,,completed,0.5835585999884643,25,1,,,
Binary Matched-Size Augmentation Experiment,binary_matched_size_experiment,journal-matched-size-v1,ml_binary_dravidian_codemix,ml,1030,matched_all_real,4.0,,0,,,1120,1400,335,1065,0.6959151488408959,0.8881610576923077,,completed,0.710187999997288,29,1,,,
Binary Matched-Size Augmentation Experiment,binary_matched_size_experiment,journal-matched-size-v1,ml_binary_dravidian_codemix,ml,1031,matched_all_real,0.5,,0,,,140,420,101,319,0.5343148357870895,0.8578826121794871,,completed,0.19226660003187135,28,1,,,
Binary Matched-Size Augmentation Experiment,binary_matched_size_experiment,journal-matched-size-v1,ml_binary_dravidian_codemix,ml,1031,matched_all_real,0.75,,0,,,210,490,117,373,0.5540386977886977,0.8592447916666667,,completed,0.24060060002375394,24,1,,,
Binary Matched-Size Augmentation Experiment,binary_matched_size_experiment,journal-matched-size-v1,ml_binary_dravidian_codemix,ml,1031,matched_all_real,1.0,,0,,,280,560,134,426,0.5753725066089882,0.8646784855769231,,completed,0.34718409995548427,27,1,,,
Binary Matched-Size Augmentation Experiment,binary_matched_size_experiment,journal-matched-size-v1,ml_binary_dravidian_codemix,ml,1031,matched_all_real,1.25,,0,,,350,630,151,479,0.5965247514718212,0.8650991586538461,,completed,0.360256300016772,20,1,,,
Binary Matched-Size Augmentation Experiment,binary_matched_size_experiment,journal-matched-size-v1,ml_binary_dravidian_codemix,ml,1031,matched_all_real,1.5,,0,,,420,700,168,532,0.6119799786657913,0.8710136217948716,,completed,0.47240339999552816,23,1,,,
Binary Matched-Size Augmentation Experiment,binary_matched_size_experiment,journal-matched-size-v1,ml_binary_dravidian_codemix,ml,1031,matched_all_real,1.75,,0,,,490,770,184,586,0.6308625676407168,0.8743189102564102,,completed,0.4025944000459276,23,1,,,
Binary Matched-Size Augmentation Experiment,binary_matched_size_experiment,journal-matched-size-v1,ml_binary_dravidian_codemix,ml,1031,matched_all_real,2.0,,0,,,560,840,201,639,0.6363649291205618,0.8790114182692308,,completed,0.46068399999057874,22,1,,,
Binary Matched-Size Augmentation Experiment,binary_matched_size_experiment,journal-matched-size-v1,ml_binary_dravidian_codemix,ml,1031,matched_all_real,2.5,,0,,,700,980,235,745,0.6697333450159175,0.8810997596153847,,completed,0.4226169000030495,19,1,,,
Binary Matched-Size Augmentation Experiment,binary_matched_size_experiment,journal-matched-size-v1,ml_binary_dravidian_codemix,ml,1031,matched_all_real,3.0,,0,,,840,1120,268,852,0.6703037250847851,0.8827123397435899,,completed,0.5788703000289388,23,1,,,
Binary Matched-Size Augmentation Experiment,binary_matched_size_experiment,journal-matched-size-v1,ml_binary_dravidian_codemix,ml,1031,matched_all_real,3.5,,0,,,980,1260,302,958,0.6894713431190955,0.8873046874999999,,completed,0.6780068000080064,26,1,,,
Binary Matched-Size Augmentation Experiment,binary_matched_size_experiment,journal-matched-size-v1,ml_binary_dravidian_codemix,ml,1031,matched_all_real,4.0,,0,,,1120,1400,335,1065,0.6959151488408959,0.8881610576923077,,completed,0.7878491000155918,29,1,,,
Binary Matched-Size Augmentation Experiment,binary_matched_size_experiment,journal-matched-size-v1,ml_binary_dravidian_codemix,ml,1032,matched_all_real,0.5,,0,,,140,420,101,319,0.554759911067479,0.8572766426282051,,completed,0.15572150005027652,14,1,,,
Binary Matched-Size Augmentation Experiment,binary_matched_size_experiment,journal-matched-size-v1,ml_binary_dravidian_codemix,ml,1032,matched_all_real,0.75,,0,,,210,490,117,373,0.5883734400113234,0.8610677083333333,,completed,0.18187730002682656,14,1,,,
Binary Matched-Size Augmentation Experiment,binary_matched_size_experiment,journal-matched-size-v1,ml_binary_dravidian_codemix,ml,1032,matched_all_real,1.0,,0,,,280,560,134,426,0.62718955836351,0.8634565304487178,,completed,0.3443208999815397,27,1,,,
Binary Matched-Size Augmentation Experiment,binary_matched_size_experiment,journal-matched-size-v1,ml_binary_dravidian_codemix,ml,1032,matched_all_real,1.25,,0,,,350,630,151,479,0.6290556814646936,0.8669070512820511,,completed,0.37239449995104223,23,1,,,
Binary Matched-Size Augmentation Experiment,binary_matched_size_experiment,journal-matched-size-v1,ml_binary_dravidian_codemix,ml,1032,matched_all_real,1.5,,0,,,420,700,168,532,0.6308625676407168,0.8718850160256411,,completed,0.34465970000019297,24,1,,,
Binary Matched-Size Augmentation Experiment,binary_matched_size_experiment,journal-matched-size-v1,ml_binary_dravidian_codemix,ml,1032,matched_all_real,1.75,,0,,,490,770,184,586,0.6299575171784564,0.877168469551282,,completed,0.32952549995388836,21,1,,,
Binary Matched-Size Augmentation Experiment,binary_matched_size_experiment,journal-matched-size-v1,ml_binary_dravidian_codemix,ml,1032,matched_all_real,2.0,,0,,,560,840,201,639,0.6558682473744005,0.8800631009615385,,completed,0.30995359999360517,19,1,,,
Binary Matched-Size Augmentation Experiment,binary_matched_size_experiment,journal-matched-size-v1,ml_binary_dravidian_codemix,ml,1032,matched_all_real,2.5,,0,,,700,980,235,745,0.6677718594769286,0.8798377403846154,,completed,0.43721319996984676,24,1,,,
Binary Matched-Size Augmentation Experiment,binary_matched_size_experiment,journal-matched-size-v1,ml_binary_dravidian_codemix,ml,1032,matched_all_real,3.0,,0,,,840,1120,268,852,0.6708560973750413,0.8828175080128204,,completed,0.4829627000144683,23,1,,,
Binary Matched-Size Augmentation Experiment,binary_matched_size_experiment,journal-matched-size-v1,ml_binary_dravidian_codemix,ml,1032,matched_all_real,3.5,,0,,,980,1260,302,958,0.6908526107072042,0.8850060096153847,,completed,0.5710941000143066,29,1,,,
Binary Matched-Size Augmentation Experiment,binary_matched_size_experiment,journal-matched-size-v1,ml_binary_dravidian_codemix,ml,1032,matched_all_real,4.0,,0,,,1120,1400,335,1065,0.6959151488408959,0.8881610576923077,,completed,0.6273454999900423,29,1,,,
Binary Matched-Size Augmentation Experiment,binary_matched_size_experiment,journal-matched-size-v1,ml_binary_dravidian_codemix,ml,1033,matched_all_real,0.5,,0,,,140,420,101,319,0.5784479126681709,0.8548227163461538,,completed,0.273594000027515,21,1,,,
Binary Matched-Size Augmentation Experiment,binary_matched_size_experiment,journal-matched-size-v1,ml_binary_dravidian_codemix,ml,1033,matched_all_real,0.75,,0,,,210,490,117,373,0.613117079560834,0.8641626602564103,,completed,0.28030320000834763,18,1,,,
Binary Matched-Size Augmentation Experiment,binary_matched_size_experiment,journal-matched-size-v1,ml_binary_dravidian_codemix,ml,1033,matched_all_real,1.0,,0,,,280,560,134,426,0.6443826349481452,0.8635266426282051,,completed,0.3647789999959059,25,1,,,
Binary Matched-Size Augmentation Experiment,binary_matched_size_experiment,journal-matched-size-v1,ml_binary_dravidian_codemix,ml,1033,matched_all_real,1.25,,0,,,350,630,151,479,0.6451698509197186,0.8697766426282051,,completed,0.3041986000025645,18,1,,,
Binary Matched-Size Augmentation Experiment,binary_matched_size_experiment,journal-matched-size-v1,ml_binary_dravidian_codemix,ml,1033,matched_all_real,1.5,,0,,,420,700,168,532,0.6556042902572402,0.8718800080128205,,completed,0.3380407000076957,20,1,,,
Binary Matched-Size Augmentation Experiment,binary_matched_size_experiment,journal-matched-size-v1,ml_binary_dravidian_codemix,ml,1033,matched_all_real,1.75,,0,,,490,770,184,586,0.6658241980805332,0.8744591346153846,,completed,0.3542256000218913,23,1,,,
Binary Matched-Size Augmentation Experiment,binary_matched_size_experiment,journal-matched-size-v1,ml_binary_dravidian_codemix,ml,1033,matched_all_real,2.0,,0,,,560,840,201,639,0.6704149272421162,0.8742237580128205,,completed,0.4183740000007674,23,1,,,
Binary Matched-Size Augmentation Experiment,binary_matched_size_experiment,journal-matched-size-v1,ml_binary_dravidian_codemix,ml,1033,matched_all_real,2.5,,0,,,700,980,235,745,0.6654362478352442,0.8774689503205126,,completed,0.43963580002309754,23,1,,,
Binary Matched-Size Augmentation Experiment,binary_matched_size_experiment,journal-matched-size-v1,ml_binary_dravidian_codemix,ml,1033,matched_all_real,3.0,,0,,,840,1120,268,852,0.6658241980805332,0.8828725961538462,,completed,0.5354550000047311,30,1,,,
Binary Matched-Size Augmentation Experiment,binary_matched_size_experiment,journal-matched-size-v1,ml_binary_dravidian_codemix,ml,1033,matched_all_real,3.5,,0,,,980,1260,302,958,0.691206668165844,0.886298076923077,,completed,0.45401139999739826,18,1,,,
Binary Matched-Size Augmentation Experiment,binary_matched_size_experiment,journal-matched-size-v1,ml_binary_dravidian_codemix,ml,1033,matched_all_real,4.0,,0,,,1120,1400,335,1065,0.6959151488408959,0.8881610576923077,,completed,0.6027793000102974,29,1,,,
Binary Matched-Size Augmentation Experiment,binary_matched_size_experiment,journal-matched-size-v1,ml_binary_dravidian_codemix,ml,1034,matched_all_real,0.5,,0,,,140,420,101,319,0.5442689024874215,0.8580228365384615,,completed,0.21261599997524172,19,1,,,
Binary Matched-Size Augmentation Experiment,binary_matched_size_experiment,journal-matched-size-v1,ml_binary_dravidian_codemix,ml,1034,matched_all_real,0.75,,0,,,210,490,117,373,0.5667881548974942,0.8614082532051281,,completed,0.23892580001847818,25,1,,,
Binary Matched-Size Augmentation Experiment,binary_matched_size_experiment,journal-matched-size-v1,ml_binary_dravidian_codemix,ml,1034,matched_all_real,1.0,,0,,,280,560,134,426,0.5883734400113234,0.8682441907051281,,completed,0.23149330000160262,27,1,,,
Binary Matched-Size Augmentation Experiment,binary_matched_size_experiment,journal-matched-size-v1,ml_binary_dravidian_codemix,ml,1034,matched_all_real,1.25,,0,,,350,630,151,479,0.5943781572848879,0.8690254407051281,,completed,0.4015590999624692,24,1,,,
Binary Matched-Size Augmentation Experiment,binary_matched_size_experiment,journal-matched-size-v1,ml_binary_dravidian_codemix,ml,1034,matched_all_real,1.5,,0,,,420,700,168,532,0.6205571357231257,0.8731870993589744,,completed,0.3160337000153959,21,1,,,
Binary Matched-Size Augmentation Experiment,binary_matched_size_experiment,journal-matched-size-v1,ml_binary_dravidian_codemix,ml,1034,matched_all_real,1.75,,0,,,490,770,184,586,0.6252991821307693,0.8747445913461538,,completed,0.32297419995302334,19,1,,,
Binary Matched-Size Augmentation Experiment,binary_matched_size_experiment,journal-matched-size-v1,ml_binary_dravidian_codemix,ml,1034,matched_all_real,2.0,,0,,,560,840,201,639,0.6308979930418849,0.8764673477564102,,completed,0.35221719997934997,22,1,,,
Binary Matched-Size Augmentation Experiment,binary_matched_size_experiment,journal-matched-size-v1,ml_binary_dravidian_codemix,ml,1034,matched_all_real,2.5,,0,,,700,980,235,745,0.6581790758261347,0.881435296474359,,completed,0.4348749999771826,25,1,,,
Binary Matched-Size Augmentation Experiment,binary_matched_size_experiment,journal-matched-size-v1,ml_binary_dravidian_codemix,ml,1034,matched_all_real,3.0,,0,,,840,1120,268,852,0.6698779704560052,0.8834034455128206,,completed,0.44395769998664036,26,1,,,
Binary Matched-Size Augmentation Experiment,binary_matched_size_experiment,journal-matched-size-v1,ml_binary_dravidian_codemix,ml,1034,matched_all_real,3.5,,0,,,980,1260,302,958,0.686452568078438,0.8851111778846152,,completed,0.5643569999956526,27,1,,,
Binary Matched-Size Augmentation Experiment,binary_matched_size_experiment,journal-matched-size-v1,ml_binary_dravidian_codemix,ml,1034,matched_all_real,4.0,,0,,,1120,1400,335,1065,0.6959151488408959,0.8881610576923077,,completed,0.6804281999939121,29,1,,,
Binary Matched-Size Augmentation Experiment,binary_matched_size_experiment,journal-matched-size-v1,ml_binary_dravidian_codemix,ml,1035,matched_all_real,0.5,,0,,,140,420,101,319,0.5853445378151261,0.8562249599358975,,completed,0.2882095000240952,23,1,,,
Binary Matched-Size Augmentation Experiment,binary_matched_size_experiment,journal-matched-size-v1,ml_binary_dravidian_codemix,ml,1035,matched_all_real,0.75,,0,,,210,490,117,373,0.6032551164431899,0.8597005208333334,,completed,0.27654639998218045,19,1,,,
Binary Matched-Size Augmentation Experiment,binary_matched_size_experiment,journal-matched-size-v1,ml_binary_dravidian_codemix,ml,1035,matched_all_real,1.0,,0,,,280,560,134,426,0.6102549962540567,0.8589943910256409,,completed,0.34413330000825226,22,1,,,
Binary Matched-Size Augmentation Experiment,binary_matched_size_experiment,journal-matched-size-v1,ml_binary_dravidian_codemix,ml,1035,matched_all_real,1.25,,0,,,350,630,151,479,0.6159630971137136,0.8649689503205128,,completed,0.37949069996830076,26,1,,,
Binary Matched-Size Augmentation Experiment,binary_matched_size_experiment,journal-matched-size-v1,ml_binary_dravidian_codemix,ml,1035,matched_all_real,1.5,,0,,,420,700,168,532,0.6263691282746161,0.8669671474358973,,completed,0.38101860001916066,23,1,,,
Binary Matched-Size Augmentation Experiment,binary_matched_size_experiment,journal-matched-size-v1,ml_binary_dravidian_codemix,ml,1035,matched_all_real,1.75,,0,,,490,770,184,586,0.624511507500266,0.8694861778846155,,completed,0.3893833999754861,24,1,,,
Binary Matched-Size Augmentation Experiment,binary_matched_size_experiment,journal-matched-size-v1,ml_binary_dravidian_codemix,ml,1035,matched_all_real,2.0,,0,,,560,840,201,639,0.6327169239487982,0.8746544471153846,,completed,0.4016334999469109,24,1,,,
Binary Matched-Size Augmentation Experiment,binary_matched_size_experiment,journal-matched-size-v1,ml_binary_dravidian_codemix,ml,1035,matched_all_real,2.5,,0,,,700,980,235,745,0.6487359830712792,0.8813752003205129,,completed,0.4354878999874927,24,1,,,
Binary Matched-Size Augmentation Experiment,binary_matched_size_experiment,journal-matched-size-v1,ml_binary_dravidian_codemix,ml,1035,matched_all_real,3.0,,0,,,840,1120,268,852,0.6713908853535762,0.8824669471153846,,completed,0.4485059999860823,19,1,,,
Binary Matched-Size Augmentation Experiment,binary_matched_size_experiment,journal-matched-size-v1,ml_binary_dravidian_codemix,ml,1035,matched_all_real,3.5,,0,,,980,1260,302,958,0.684058162590879,0.885576923076923,,completed,0.5564582000370137,25,1,,,
Binary Matched-Size Augmentation Experiment,binary_matched_size_experiment,journal-matched-size-v1,ml_binary_dravidian_codemix,ml,1035,matched_all_real,4.0,,0,,,1120,1400,335,1065,0.6959151488408959,0.8881610576923077,,completed,0.6403287000139244,29,1,,,
Binary Matched-Size Augmentation Experiment,binary_matched_size_experiment,journal-matched-size-v1,ml_binary_dravidian_codemix,ml,1036,matched_all_real,0.5,,0,,,140,420,101,319,0.5667881548974942,0.863887219551282,,completed,0.19571619998896495,18,1,,,
Binary Matched-Size Augmentation Experiment,binary_matched_size_experiment,journal-matched-size-v1,ml_binary_dravidian_codemix,ml,1036,matched_all_real,0.75,,0,,,210,490,117,373,0.6119799786657913,0.8639973958333333,,completed,0.3051545000053011,22,1,,,
Binary Matched-Size Augmentation Experiment,binary_matched_size_experiment,journal-matched-size-v1,ml_binary_dravidian_codemix,ml,1036,matched_all_real,1.0,,0,,,280,560,134,426,0.6407905403516618,0.8640875400641025,,completed,0.26974080002401024,14,1,,,
Binary Matched-Size Augmentation Experiment,binary_matched_size_experiment,journal-matched-size-v1,ml_binary_dravidian_codemix,ml,1036,matched_all_real,1.25,,0,,,350,630,151,479,0.6530160982565388,0.8669871794871794,,completed,0.2656534999841824,18,1,,,
Binary Matched-Size Augmentation Experiment,binary_matched_size_experiment,journal-matched-size-v1,ml_binary_dravidian_codemix,ml,1036,matched_all_real,1.5,,0,,,420,700,168,532,0.666403001723963,0.870332532051282,,completed,0.2680326999980025,18,1,,,
Binary Matched-Size Augmentation Experiment,binary_matched_size_experiment,journal-matched-size-v1,ml_binary_dravidian_codemix,ml,1036,matched_all_real,1.75,,0,,,490,770,184,586,0.6689032297229618,0.8731069711538462,,completed,0.2907793000340462,23,1,,,
Binary Matched-Size Augmentation Experiment,binary_matched_size_experiment,journal-matched-size-v1,ml_binary_dravidian_codemix,ml,1036,matched_all_real,2.0,,0,,,560,840,201,639,0.6777902262057192,0.8781951121794872,,completed,0.3260732000344433,20,1,,,
Binary Matched-Size Augmentation Experiment,binary_matched_size_experiment,journal-matched-size-v1,ml_binary_dravidian_codemix,ml,1036,matched_all_real,2.5,,0,,,700,980,235,745,0.6832155417852956,0.8825620993589742,,completed,0.42328340001404285,26,1,,,
Binary Matched-Size Augmentation Experiment,binary_matched_size_experiment,journal-matched-size-v1,ml_binary_dravidian_codemix,ml,1036,matched_all_real,3.0,,0,,,840,1120,268,852,0.6908526107072042,0.8831881009615385,,completed,0.4890871000243351,28,1,,,
Binary Matched-Size Augmentation Experiment,binary_matched_size_experiment,journal-matched-size-v1,ml_binary_dravidian_codemix,ml,1036,matched_all_real,3.5,,0,,,980,1260,302,958,0.6955998183864027,0.8872245592948718,,completed,0.5905439000343904,22,1,,,
Binary Matched-Size Augmentation Experiment,binary_matched_size_experiment,journal-matched-size-v1,ml_binary_dravidian_codemix,ml,1036,matched_all_real,4.0,,0,,,1120,1400,335,1065,0.6959151488408959,0.8881610576923077,,completed,0.6785746000241488,29,1,,,
Binary Matched-Size Augmentation Experiment,binary_matched_size_experiment,journal-matched-size-v1,ml_binary_dravidian_codemix,ml,1037,matched_all_real,0.5,,0,,,140,420,101,319,0.590569501484746,0.8521284054487179,,completed,0.20494510000571609,19,1,,,
Binary Matched-Size Augmentation Experiment,binary_matched_size_experiment,journal-matched-size-v1,ml_binary_dravidian_codemix,ml,1037,matched_all_real,0.75,,0,,,210,490,117,373,0.6148552306125419,0.8581480368589743,,completed,0.2730273000197485,29,1,,,
Binary Matched-Size Augmentation Experiment,binary_matched_size_experiment,journal-matched-size-v1,ml_binary_dravidian_codemix,ml,1037,matched_all_real,1.0,,0,,,280,560,134,426,0.620723992921977,0.8642828525641026,,completed,0.25161770003614947,13,1,,,
Binary Matched-Size Augmentation Experiment,binary_matched_size_experiment,journal-matched-size-v1,ml_binary_dravidian_codemix,ml,1037,matched_all_real,1.25,,0,,,350,630,151,479,0.6290556814646936,0.8683844150641025,,completed,0.4108074000105262,31,1,,,
Binary Matched-Size Augmentation Experiment,binary_matched_size_experiment,journal-matched-size-v1,ml_binary_dravidian_codemix,ml,1037,matched_all_real,1.5,,0,,,420,700,168,532,0.6417146109724594,0.8711237980769231,,completed,0.4561362999957055,30,1,,,
Binary Matched-Size Augmentation Experiment,binary_matched_size_experiment,journal-matched-size-v1,ml_binary_dravidian_codemix,ml,1037,matched_all_real,1.75,,0,,,490,770,184,586,0.6470364735019407,0.8720853365384613,,completed,0.39838859997689724,24,1,,,
Binary Matched-Size Augmentation Experiment,binary_matched_size_experiment,journal-matched-size-v1,ml_binary_dravidian_codemix,ml,1037,matched_all_real,2.0,,0,,,560,840,201,639,0.6399540288956199,0.8755759214743589,,completed,0.39639519999036565,22,1,,,
Binary Matched-Size Augmentation Experiment,binary_matched_size_experiment,journal-matched-size-v1,ml_binary_dravidian_codemix,ml,1037,matched_all_real,2.5,,0,,,700,980,235,745,0.6600974023737523,0.8819611378205128,,completed,0.5559350000112318,29,1,,,
Binary Matched-Size Augmentation Experiment,binary_matched_size_experiment,journal-matched-size-v1,ml_binary_dravidian_codemix,ml,1037,matched_all_real,3.0,,0,,,840,1120,268,852,0.6773172324307629,0.8837890625000001,,completed,0.603377100022044,26,1,,,
Binary Matched-Size Augmentation Experiment,binary_matched_size_experiment,journal-matched-size-v1,ml_binary_dravidian_codemix,ml,1037,matched_all_real,3.5,,0,,,980,1260,302,958,0.6935665618448638,0.8843950320512821,,completed,0.6646823000046425,27,1,,,
Binary Matched-Size Augmentation Experiment,binary_matched_size_experiment,journal-matched-size-v1,ml_binary_dravidian_codemix,ml,1037,matched_all_real,4.0,,0,,,1120,1400,335,1065,0.6959151488408959,0.8881610576923077,,completed,0.7032730999635532,29,1,,,
Binary Matched-Size Augmentation Experiment,binary_matched_size_experiment,journal-matched-size-v1,ml_binary_dravidian_codemix,ml,1038,matched_all_real,0.5,,0,,,140,420,101,319,0.5207459207459207,0.8708133012820514,,completed,0.20826039998792112,14,1,,,
Binary Matched-Size Augmentation Experiment,binary_matched_size_experiment,journal-matched-size-v1,ml_binary_dravidian_codemix,ml,1038,matched_all_real,0.75,,0,,,210,490,117,373,0.5343148357870895,0.8737079326923076,,completed,0.28234819998033345,15,1,,,
Binary Matched-Size Augmentation Experiment,binary_matched_size_experiment,journal-matched-size-v1,ml_binary_dravidian_codemix,ml,1038,matched_all_real,1.0,,0,,,280,560,134,426,0.563629857064813,0.8746043669871795,,completed,0.3738702000118792,22,1,,,
Binary Matched-Size Augmentation Experiment,binary_matched_size_experiment,journal-matched-size-v1,ml_binary_dravidian_codemix,ml,1038,matched_all_real,1.25,,0,,,350,630,151,479,0.5699274024855421,0.8738631810897436,,completed,0.31767660001059994,19,1,,,
Binary Matched-Size Augmentation Experiment,binary_matched_size_experiment,journal-matched-size-v1,ml_binary_dravidian_codemix,ml,1038,matched_all_real,1.5,,0,,,420,700,168,532,0.5913845879520937,0.8771133814102565,,completed,0.42868660000385717,23,1,,,
Binary Matched-Size Augmentation Experiment,binary_matched_size_experiment,journal-matched-size-v1,ml_binary_dravidian_codemix,ml,1038,matched_all_real,1.75,,0,,,490,770,184,586,0.6003132514580013,0.8778195112179487,,completed,0.37439819995779544,22,1,,,
Binary Matched-Size Augmentation Experiment,binary_matched_size_experiment,journal-matched-size-v1,ml_binary_dravidian_codemix,ml,1038,matched_all_real,2.0,,0,,,560,840,201,639,0.6177142307755101,0.8770733173076923,,completed,0.46572370000649244,19,1,,,
Binary Matched-Size Augmentation Experiment,binary_matched_size_experiment,journal-matched-size-v1,ml_binary_dravidian_codemix,ml,1038,matched_all_real,2.5,,0,,,700,980,235,745,0.6399540288956199,0.881435296474359,,completed,0.47180180001305416,23,1,,,
Binary Matched-Size Augmentation Experiment,binary_matched_size_experiment,journal-matched-size-v1,ml_binary_dravidian_codemix,ml,1038,matched_all_real,3.0,,0,,,840,1120,268,852,0.6687508569861511,0.8842998798076924,,completed,0.6261417000205256,27,1,,,
Binary Matched-Size Augmentation Experiment,binary_matched_size_experiment,journal-matched-size-v1,ml_binary_dravidian_codemix,ml,1038,matched_all_real,3.5,,0,,,980,1260,302,958,0.6860589402962285,0.886863982371795,,completed,0.5893787000095472,24,1,,,
Binary Matched-Size Augmentation Experiment,binary_matched_size_experiment,journal-matched-size-v1,ml_binary_dravidian_codemix,ml,1038,matched_all_real,4.0,,0,,,1120,1400,335,1065,0.6959151488408959,0.8881610576923077,,completed,0.711811899964232,29,1,,,
Binary Matched-Size Augmentation Experiment,binary_matched_size_experiment,journal-matched-size-v1,ml_binary_dravidian_codemix,ml,1039,matched_all_real,0.5,,0,,,140,420,101,319,0.5572553275793753,0.8653245192307693,,completed,0.21655419998569414,21,1,,,
Binary Matched-Size Augmentation Experiment,binary_matched_size_experiment,journal-matched-size-v1,ml_binary_dravidian_codemix,ml,1039,matched_all_real,0.75,,0,,,210,490,117,373,0.563629857064813,0.8727664262820514,,completed,0.2563013000180945,22,1,,,
Binary Matched-Size Augmentation Experiment,binary_matched_size_experiment,journal-matched-size-v1,ml_binary_dravidian_codemix,ml,1039,matched_all_real,1.0,,0,,,280,560,134,426,0.5699274024855421,0.8748447516025641,,completed,0.27414009999483824,23,1,,,
Binary Matched-Size Augmentation Experiment,binary_matched_size_experiment,journal-matched-size-v1,ml_binary_dravidian_codemix,ml,1039,matched_all_real,1.25,,0,,,350,630,151,479,0.5667881548974942,0.8713040865384614,,completed,0.2587829999974929,17,1,,,
Binary Matched-Size Augmentation Experiment,binary_matched_size_experiment,journal-matched-size-v1,ml_binary_dravidian_codemix,ml,1039,matched_all_real,1.5,,0,,,420,700,168,532,0.597354321398219,0.8710036057692307,,completed,0.3203432000009343,18,1,,,
Binary Matched-Size Augmentation Experiment,binary_matched_size_experiment,journal-matched-size-v1,ml_binary_dravidian_codemix,ml,1039,matched_all_real,1.75,,0,,,490,770,184,586,0.6196735985908757,0.8741035657051283,,completed,0.31564260000595823,20,1,,,
Binary Matched-Size Augmentation Experiment,binary_matched_size_experiment,journal-matched-size-v1,ml_binary_dravidian_codemix,ml,1039,matched_all_real,2.0,,0,,,560,840,201,639,0.6381709389917984,0.878310296474359,,completed,0.3426311999792233,25,1,,,
Binary Matched-Size Augmentation Experiment,binary_matched_size_experiment,journal-matched-size-v1,ml_binary_dravidian_codemix,ml,1039,matched_all_real,2.5,,0,,,700,980,235,745,0.6494754461979321,0.8821314102564103,,completed,0.39721809996990487,23,1,,,
Binary Matched-Size Augmentation Experiment,binary_matched_size_experiment,journal-matched-size-v1,ml_binary_dravidian_codemix,ml,1039,matched_all_real,3.0,,0,,,840,1120,268,852,0.6638900888538781,0.883183092948718,,completed,0.47048479999648407,26,1,,,
Binary Matched-Size Augmentation Experiment,binary_matched_size_experiment,journal-matched-size-v1,ml_binary_dravidian_codemix,ml,1039,matched_all_real,3.5,,0,,,980,1260,302,958,0.6812179897567222,0.8847756410256411,,completed,0.620582600007765,26,1,,,
Binary Matched-Size Augmentation Experiment,binary_matched_size_experiment,journal-matched-size-v1,ml_binary_dravidian_codemix,ml,1039,matched_all_real,4.0,,0,,,1120,1400,335,1065,0.6959151488408959,0.8881610576923077,,completed,0.7044444000348449,29,1,,,
Binary Matched-Size Augmentation Experiment,binary_matched_size_experiment,journal-matched-size-v1,ml_binary_dravidian_codemix,ml,1040,matched_all_real,0.5,,0,,,140,420,101,319,0.5349809952943526,0.8627153445512821,,completed,0.22926160000497475,19,1,,,
Binary Matched-Size Augmentation Experiment,binary_matched_size_experiment,journal-matched-size-v1,ml_binary_dravidian_codemix,ml,1040,matched_all_real,0.75,,0,,,210,490,117,373,0.5722787338631182,0.8649489182692308,,completed,0.11120330000994727,19,1,,,
Binary Matched-Size Augmentation Experiment,binary_matched_size_experiment,journal-matched-size-v1,ml_binary_dravidian_codemix,ml,1040,matched_all_real,1.0,,0,,,280,560,134,426,0.5956980710421078,0.8664863782051283,,completed,0.31254330003866926,23,1,,,
Binary Matched-Size Augmentation Experiment,binary_matched_size_experiment,journal-matched-size-v1,ml_binary_dravidian_codemix,ml,1040,matched_all_real,1.25,,0,,,350,630,151,479,0.5994765937426488,0.8751201923076923,,completed,0.3331647999584675,25,1,,,
Binary Matched-Size Augmentation Experiment,binary_matched_size_experiment,journal-matched-size-v1,ml_binary_dravidian_codemix,ml,1040,matched_all_real,1.5,,0,,,420,700,168,532,0.605329550191229,0.8766225961538462,,completed,0.2998535000369884,19,1,,,
Binary Matched-Size Augmentation Experiment,binary_matched_size_experiment,journal-matched-size-v1,ml_binary_dravidian_codemix,ml,1040,matched_all_real,1.75,,0,,,490,770,184,586,0.6196735985908757,0.877498998397436,,completed,0.30930319998878986,21,1,,,
Binary Matched-Size Augmentation Experiment,binary_matched_size_experiment,journal-matched-size-v1,ml_binary_dravidian_codemix,ml,1040,matched_all_real,2.0,,0,,,560,840,201,639,0.6299575171784564,0.8785006009615386,,completed,0.34030969999730587,20,1,,,
Binary Matched-Size Augmentation Experiment,binary_matched_size_experiment,journal-matched-size-v1,ml_binary_dravidian_codemix,ml,1040,matched_all_real,2.5,,0,,,700,980,235,745,0.6496762572416144,0.8821364182692308,,completed,0.3769478999893181,21,1,,,
Binary Matched-Size Augmentation Experiment,binary_matched_size_experiment,journal-matched-size-v1,ml_binary_dravidian_codemix,ml,1040,matched_all_real,3.0,,0,,,840,1120,268,852,0.6743391016356228,0.8852413862179487,,completed,0.3635477999923751,20,1,,,
Binary Matched-Size Augmentation Experiment,binary_matched_size_experiment,journal-matched-size-v1,ml_binary_dravidian_codemix,ml,1040,matched_all_real,3.5,,0,,,980,1260,302,958,0.6860589402962285,0.8866436298076923,,completed,0.5329025000100955,19,1,,,
Binary Matched-Size Augmentation Experiment,binary_matched_size_experiment,journal-matched-size-v1,ml_binary_dravidian_codemix,ml,1040,matched_all_real,4.0,,0,,,1120,1400,335,1065,0.6959151488408959,0.8881610576923077,,completed,0.5820328000118025,29,1,,,
Binary Matched-Size Augmentation Experiment,binary_matched_size_experiment,journal-matched-size-v1,ml_binary_dravidian_codemix,ml,1041,matched_all_real,0.5,,0,,,140,420,101,319,0.5875657523254777,0.8559344951923077,,completed,0.19708539999555796,24,1,,,
Binary Matched-Size Augmentation Experiment,binary_matched_size_experiment,journal-matched-size-v1,ml_binary_dravidian_codemix,ml,1041,matched_all_real,0.75,,0,,,210,490,117,373,0.6024114715365341,0.8555488782051284,,completed,0.3120691000367515,17,1,,,
Binary Matched-Size Augmentation Experiment,binary_matched_size_experiment,journal-matched-size-v1,ml_binary_dravidian_codemix,ml,1041,matched_all_real,1.0,,0,,,280,560,134,426,0.6142242811100038,0.8586237980769231,,completed,0.3639213999849744,27,1,,,
Binary Matched-Size Augmentation Experiment,binary_matched_size_experiment,journal-matched-size-v1,ml_binary_dravidian_codemix,ml,1041,matched_all_real,1.25,,0,,,350,630,151,479,0.6179159147835923,0.8710486778846153,,completed,0.36087139998562634,24,1,,,
Binary Matched-Size Augmentation Experiment,binary_matched_size_experiment,journal-matched-size-v1,ml_binary_dravidian_codemix,ml,1041,matched_all_real,1.5,,0,,,420,700,168,532,0.6217464338088254,0.873252203525641,,completed,0.34657850000075996,22,1,,,
Binary Matched-Size Augmentation Experiment,binary_matched_size_experiment,journal-matched-size-v1,ml_binary_dravidian_codemix,ml,1041,matched_all_real,1.75,,0,,,490,770,184,586,0.6327169239487982,0.8767778445512819,,completed,0.4187606000341475,25,1,,,
Binary Matched-Size Augmentation Experiment,binary_matched_size_experiment,journal-matched-size-v1,ml_binary_dravidian_codemix,ml,1041,matched_all_real,2.0,,0,,,560,840,201,639,0.6371984457551785,0.8797626201923077,,completed,0.36967109999386594,21,1,,,
Binary Matched-Size Augmentation Experiment,binary_matched_size_experiment,journal-matched-size-v1,ml_binary_dravidian_codemix,ml,1041,matched_all_real,2.5,,0,,,700,980,235,745,0.6477990033222591,0.8831229967948718,,completed,0.4467424000031315,24,1,,,
Binary Matched-Size Augmentation Experiment,binary_matched_size_experiment,journal-matched-size-v1,ml_binary_dravidian_codemix,ml,1041,matched_all_real,3.0,,0,,,840,1120,268,852,0.6591365539469095,0.8861828926282052,,completed,0.43076449999352917,23,1,,,
Binary Matched-Size Augmentation Experiment,binary_matched_size_experiment,journal-matched-size-v1,ml_binary_dravidian_codemix,ml,1041,matched_all_real,3.5,,0,,,980,1260,302,958,0.6846457533077251,0.8860977564102563,,completed,0.5253423999529332,25,1,,,
Binary Matched-Size Augmentation Experiment,binary_matched_size_experiment,journal-matched-size-v1,ml_binary_dravidian_codemix,ml,1041,matched_all_real,4.0,,0,,,1120,1400,335,1065,0.6959151488408959,0.8881610576923077,,completed,0.6766514999908395,29,1,,,
Binary Matched-Size Augmentation Experiment,binary_matched_size_experiment,journal-matched-size-v1,ml_binary_dravidian_codemix,ml,1042,matched_all_real,0.5,,0,,,140,420,101,319,0.5475456925108295,0.8554637419871794,,completed,0.24856069998349994,28,1,,,
Binary Matched-Size Augmentation Experiment,binary_matched_size_experiment,journal-matched-size-v1,ml_binary_dravidian_codemix,ml,1042,matched_all_real,0.75,,0,,,210,490,117,373,0.5660353427795288,0.855809294871795,,completed,0.21767330000875518,20,1,,,
Binary Matched-Size Augmentation Experiment,binary_matched_size_experiment,journal-matched-size-v1,ml_binary_dravidian_codemix,ml,1042,matched_all_real,1.0,,0,,,280,560,134,426,0.6024114715365341,0.864403044871795,,completed,0.2949281999608502,24,1,,,
Binary Matched-Size Augmentation Experiment,binary_matched_size_experiment,journal-matched-size-v1,ml_binary_dravidian_codemix,ml,1042,matched_all_real,1.25,,0,,,350,630,151,479,0.6044820072390434,0.8662159455128204,,completed,0.2628534000250511,22,1,,,
Binary Matched-Size Augmentation Experiment,binary_matched_size_experiment,journal-matched-size-v1,ml_binary_dravidian_codemix,ml,1042,matched_all_real,1.5,,0,,,420,700,168,532,0.618793202764977,0.8729467147435896,,completed,0.39140219998080283,25,1,,,
Binary Matched-Size Augmentation Experiment,binary_matched_size_experiment,journal-matched-size-v1,ml_binary_dravidian_codemix,ml,1042,matched_all_real,1.75,,0,,,490,770,184,586,0.6262937302198273,0.8761268028846154,,completed,0.3457170000183396,25,1,,,
Binary Matched-Size Augmentation Experiment,binary_matched_size_experiment,journal-matched-size-v1,ml_binary_dravidian_codemix,ml,1042,matched_all_real,2.0,,0,,,560,840,201,639,0.6345344660168417,0.8771985176282051,,completed,0.3303578000050038,18,1,,,
Binary Matched-Size Augmentation Experiment,binary_matched_size_experiment,journal-matched-size-v1,ml_binary_dravidian_codemix,ml,1042,matched_all_real,2.5,,0,,,700,980,235,745,0.6549141749723145,0.8799228766025642,,completed,0.44102460000431165,23,1,,,
Binary Matched-Size Augmentation Experiment,binary_matched_size_experiment,journal-matched-size-v1,ml_binary_dravidian_codemix,ml,1042,matched_all_real,3.0,,0,,,840,1120,268,852,0.6708560973750413,0.8838892227564104,,completed,0.4824540999834426,26,1,,,
Binary Matched-Size Augmentation Experiment,binary_matched_size_experiment,journal-matched-size-v1,ml_binary_dravidian_codemix,ml,1042,matched_all_real,3.5,,0,,,980,1260,302,958,0.6748499286656438,0.8833533653846154,,completed,0.5487450999789871,23,1,,,
Binary Matched-Size Augmentation Experiment,binary_matched_size_experiment,journal-matched-size-v1,ml_binary_dravidian_codemix,ml,1042,matched_all_real,4.0,,0,,,1120,1400,335,1065,0.6959151488408959,0.8881610576923077,,completed,0.659401600016281,29,1,,,
Binary Matched-Size Augmentation Experiment,binary_matched_size_experiment,journal-matched-size-v1,ml_binary_dravidian_codemix,ml,1043,matched_all_real,0.5,,0,,,140,420,101,319,0.5508022213880788,0.8590144230769232,,completed,0.2853476000018418,23,1,,,
Binary Matched-Size Augmentation Experiment,binary_matched_size_experiment,journal-matched-size-v1,ml_binary_dravidian_codemix,ml,1043,matched_all_real,0.75,,0,,,210,490,117,373,0.5761495145521398,0.8655148237179487,,completed,0.24380669998936355,18,1,,,
Binary Matched-Size Augmentation Experiment,binary_matched_size_experiment,journal-matched-size-v1,ml_binary_dravidian_codemix,ml,1043,matched_all_real,1.0,,0,,,280,560,134,426,0.5822977034200597,0.8663261217948718,,completed,0.308559300028719,25,1,,,
Binary Matched-Size Augmentation Experiment,binary_matched_size_experiment,journal-matched-size-v1,ml_binary_dravidian_codemix,ml,1043,matched_all_real,1.25,,0,,,350,630,151,479,0.605329550191229,0.8717447916666666,,completed,0.26287069998215884,23,1,,,
Binary Matched-Size Augmentation Experiment,binary_matched_size_experiment,journal-matched-size-v1,ml_binary_dravidian_codemix,ml,1043,matched_all_real,1.5,,0,,,420,700,168,532,0.6168371076419799,0.874454126602564,,completed,0.2064863999839872,17,1,,,
Binary Matched-Size Augmentation Experiment,binary_matched_size_experiment,journal-matched-size-v1,ml_binary_dravidian_codemix,ml,1043,matched_all_real,1.75,,0,,,490,770,184,586,0.6318025461895812,0.8773287259615383,,completed,0.37744960002601147,21,1,,,
Binary Matched-Size Augmentation Experiment,binary_matched_size_experiment,journal-matched-size-v1,ml_binary_dravidian_codemix,ml,1043,matched_all_real,2.0,,0,,,560,840,201,639,0.6345344660168417,0.8785857371794872,,completed,0.4605919999885373,28,1,,,
Binary Matched-Size Augmentation Experiment,binary_matched_size_experiment,journal-matched-size-v1,ml_binary_dravidian_codemix,ml,1043,matched_all_real,2.5,,0,,,700,980,235,745,0.6572249343809581,0.8811748798076923,,completed,0.43694899999536574,28,1,,,
Binary Matched-Size Augmentation Experiment,binary_matched_size_experiment,journal-matched-size-v1,ml_binary_dravidian_codemix,ml,1043,matched_all_real,3.0,,0,,,840,1120,268,852,0.6816520522310819,0.8827223557692307,,completed,0.5466634999611415,28,1,,,
Binary Matched-Size Augmentation Experiment,binary_matched_size_experiment,journal-matched-size-v1,ml_binary_dravidian_codemix,ml,1043,matched_all_real,3.5,,0,,,980,1260,302,958,0.6874553866490416,0.8856470352564102,,completed,0.5421134999487549,24,1,,,
Binary Matched-Size Augmentation Experiment,binary_matched_size_experiment,journal-matched-size-v1,ml_binary_dravidian_codemix,ml,1043,matched_all_real,4.0,,0,,,1120,1400,335,1065,0.6959151488408959,0.8881610576923077,,completed,0.6252286999952048,29,1,,,
Binary Matched-Size Augmentation Experiment,binary_matched_size_experiment,journal-matched-size-v1,ml_binary_dravidian_codemix,ml,1044,matched_all_real,0.5,,0,,,140,420,101,319,0.5207459207459207,0.865780248397436,,completed,0.20400919998064637,18,1,,,
Binary Matched-Size Augmentation Experiment,binary_matched_size_experiment,journal-matched-size-v1,ml_binary_dravidian_codemix,ml,1044,matched_all_real,0.75,,0,,,210,490,117,373,0.5376536900207354,0.8647936698717948,,completed,0.23461879999376833,24,1,,,
Binary Matched-Size Augmentation Experiment,binary_matched_size_experiment,journal-matched-size-v1,ml_binary_dravidian_codemix,ml,1044,matched_all_real,1.0,,0,,,280,560,134,426,0.5667881548974942,0.8681540464743589,,completed,0.3459842000156641,28,1,,,
Binary Matched-Size Augmentation Experiment,binary_matched_size_experiment,journal-matched-size-v1,ml_binary_dravidian_codemix,ml,1044,matched_all_real,1.25,,0,,,350,630,151,479,0.5822977034200597,0.8690254407051281,,completed,0.34827599994605407,21,1,,,
Binary Matched-Size Augmentation Experiment,binary_matched_size_experiment,journal-matched-size-v1,ml_binary_dravidian_codemix,ml,1044,matched_all_real,1.5,,0,,,420,700,168,532,0.6024114715365341,0.872450921474359,,completed,0.33642569999210536,17,1,,,
Binary Matched-Size Augmentation Experiment,binary_matched_size_experiment,journal-matched-size-v1,ml_binary_dravidian_codemix,ml,1044,matched_all_real,1.75,,0,,,490,770,184,586,0.6073766914011349,0.8773788060897436,,completed,0.3101652999757789,21,1,,,
Binary Matched-Size Augmentation Experiment,binary_matched_size_experiment,journal-matched-size-v1,ml_binary_dravidian_codemix,ml,1044,matched_all_real,2.0,,0,,,560,840,201,639,0.6244062842528315,0.8809995993589743,,completed,0.3847014000057243,20,1,,,
Binary Matched-Size Augmentation Experiment,binary_matched_size_experiment,journal-matched-size-v1,ml_binary_dravidian_codemix,ml,1044,matched_all_real,2.5,,0,,,700,980,235,745,0.6646107477434089,0.8819461137820513,,completed,0.41830099996877834,23,1,,,
Binary Matched-Size Augmentation Experiment,binary_matched_size_experiment,journal-matched-size-v1,ml_binary_dravidian_codemix,ml,1044,matched_all_real,3.0,,0,,,840,1120,268,852,0.6693234211372815,0.8848207131410257,,completed,0.4628046000143513,20,1,,,
Binary Matched-Size Augmentation Experiment,binary_matched_size_experiment,journal-matched-size-v1,ml_binary_dravidian_codemix,ml,1044,matched_all_real,3.5,,0,,,980,1260,302,958,0.6846457533077251,0.8879156650641026,,completed,0.6165680999984033,30,1,,,
Binary Matched-Size Augmentation Experiment,binary_matched_size_experiment,journal-matched-size-v1,ml_binary_dravidian_codemix,ml,1044,matched_all_real,4.0,,0,,,1120,1400,335,1065,0.6959151488408959,0.8881610576923077,,completed,0.588063900009729,29,1,,,
Binary Matched-Size Augmentation Experiment,binary_matched_size_experiment,journal-matched-size-v1,ml_binary_dravidian_codemix,ml,1045,matched_all_real,0.5,,0,,,140,420,101,319,0.5935557772604663,0.8620592948717947,,completed,0.17836219997843727,20,1,,,
Binary Matched-Size Augmentation Experiment,binary_matched_size_experiment,journal-matched-size-v1,ml_binary_dravidian_codemix,ml,1045,matched_all_real,0.75,,0,,,210,490,117,373,0.6024114715365341,0.8727413862179488,,completed,0.2709669999894686,28,1,,,
Binary Matched-Size Augmentation Experiment,binary_matched_size_experiment,journal-matched-size-v1,ml_binary_dravidian_codemix,ml,1045,matched_all_real,1.0,,0,,,280,560,134,426,0.6122525956365513,0.872450921474359,,completed,0.2597047999734059,19,1,,,
Binary Matched-Size Augmentation Experiment,binary_matched_size_experiment,journal-matched-size-v1,ml_binary_dravidian_codemix,ml,1045,matched_all_real,1.25,,0,,,350,630,151,479,0.6453154691536407,0.8668770032051283,,completed,0.30967760004568845,23,1,,,
Binary Matched-Size Augmentation Experiment,binary_matched_size_experiment,journal-matched-size-v1,ml_binary_dravidian_codemix,ml,1045,matched_all_real,1.5,,0,,,420,700,168,532,0.6434530874461228,0.873642828525641,,completed,0.30637549998937175,23,1,,,
Binary Matched-Size Augmentation Experiment,binary_matched_size_experiment,journal-matched-size-v1,ml_binary_dravidian_codemix,ml,1045,matched_all_real,1.75,,0,,,490,770,184,586,0.6539634698939933,0.8737830528846153,,completed,0.3889962999965064,24,1,,,
Binary Matched-Size Augmentation Experiment,binary_matched_size_experiment,journal-matched-size-v1,ml_binary_dravidian_codemix,ml,1045,matched_all_real,2.0,,0,,,560,840,201,639,0.6581790758261347,0.8759515224358976,,completed,0.39209880004636943,31,1,,,
Binary Matched-Size Augmentation Experiment,binary_matched_size_experiment,journal-matched-size-v1,ml_binary_dravidian_codemix,ml,1045,matched_all_real,2.5,,0,,,700,980,235,745,0.6693234211372815,0.8839192708333332,,completed,0.46055850002449006,24,1,,,
Binary Matched-Size Augmentation Experiment,binary_matched_size_experiment,journal-matched-size-v1,ml_binary_dravidian_codemix,ml,1045,matched_all_real,3.0,,0,,,840,1120,268,852,0.6842195376194097,0.8867638221153846,,completed,0.5168166999937966,22,1,,,
Binary Matched-Size Augmentation Experiment,binary_matched_size_experiment,journal-matched-size-v1,ml_binary_dravidian_codemix,ml,1045,matched_all_real,3.5,,0,,,980,1260,302,958,0.6894713431190955,0.8871243990384616,,completed,0.6449153000139631,25,1,,,
Binary Matched-Size Augmentation Experiment,binary_matched_size_experiment,journal-matched-size-v1,ml_binary_dravidian_codemix,ml,1045,matched_all_real,4.0,,0,,,1120,1400,335,1065,0.6959151488408959,0.8881610576923077,,completed,0.7215716999489814,29,1,,,
Binary Matched-Size Augmentation Experiment,binary_matched_size_experiment,journal-matched-size-v1,ml_binary_dravidian_codemix,ml,1046,matched_all_real,0.5,,0,,,140,420,101,319,0.543576795076714,0.8551231971153846,,completed,0.3429630000027828,28,1,,,
Binary Matched-Size Augmentation Experiment,binary_matched_size_experiment,journal-matched-size-v1,ml_binary_dravidian_codemix,ml,1046,matched_all_real,0.75,,0,,,210,490,117,373,0.5784479126681709,0.8626201923076922,,completed,0.350672599975951,29,1,,,
Binary Matched-Size Augmentation Experiment,binary_matched_size_experiment,journal-matched-size-v1,ml_binary_dravidian_codemix,ml,1046,matched_all_real,1.0,,0,,,280,560,134,426,0.6102549962540567,0.8596254006410255,,completed,0.3531249000225216,26,1,,,
Binary Matched-Size Augmentation Experiment,binary_matched_size_experiment,journal-matched-size-v1,ml_binary_dravidian_codemix,ml,1046,matched_all_real,1.25,,0,,,350,630,151,479,0.6150921658986175,0.8645683092948717,,completed,0.3097834000363946,18,1,,,
Binary Matched-Size Augmentation Experiment,binary_matched_size_experiment,journal-matched-size-v1,ml_binary_dravidian_codemix,ml,1046,matched_all_real,1.5,,0,,,420,700,168,532,0.6372515808491419,0.8669270833333333,,completed,0.3656339000444859,22,1,,,
Binary Matched-Size Augmentation Experiment,binary_matched_size_experiment,journal-matched-size-v1,ml_binary_dravidian_codemix,ml,1046,matched_all_real,1.75,,0,,,490,770,184,586,0.6513565891472868,0.8646534455128205,,completed,0.44711870001628995,24,1,,,
Binary Matched-Size Augmentation Experiment,binary_matched_size_experiment,journal-matched-size-v1,ml_binary_dravidian_codemix,ml,1046,matched_all_real,2.0,,0,,,560,840,201,639,0.6607405760796149,0.8683343349358974,,completed,0.4635106999776326,25,1,,,
Binary Matched-Size Augmentation Experiment,binary_matched_size_experiment,journal-matched-size-v1,ml_binary_dravidian_codemix,ml,1046,matched_all_real,2.5,,0,,,700,980,235,745,0.6658241980805332,0.8781400240384616,,completed,0.47787949995836243,23,1,,,
Binary Matched-Size Augmentation Experiment,binary_matched_size_experiment,journal-matched-size-v1,ml_binary_dravidian_codemix,ml,1046,matched_all_real,3.0,,0,,,840,1120,268,852,0.6748499286656438,0.8813351362179487,,completed,0.510573600011412,24,1,,,
Binary Matched-Size Augmentation Experiment,binary_matched_size_experiment,journal-matched-size-v1,ml_binary_dravidian_codemix,ml,1046,matched_all_real,3.5,,0,,,980,1260,302,958,0.6822150370537468,0.8844651442307694,,completed,0.6629511999781244,24,1,,,
Binary Matched-Size Augmentation Experiment,binary_matched_size_experiment,journal-matched-size-v1,ml_binary_dravidian_codemix,ml,1046,matched_all_real,4.0,,0,,,1120,1400,335,1065,0.6959151488408959,0.8881610576923077,,completed,0.6589045000146143,29,1,,,
Binary Matched-Size Augmentation Experiment,binary_matched_size_experiment,journal-matched-size-v1,ml_binary_dravidian_codemix,ml,1047,matched_all_real,0.5,,0,,,140,420,101,319,0.5604523138710096,0.8598207131410256,,completed,0.27438890002667904,19,1,,,
Binary Matched-Size Augmentation Experiment,binary_matched_size_experiment,journal-matched-size-v1,ml_binary_dravidian_codemix,ml,1047,matched_all_real,0.75,,0,,,210,490,117,373,0.5792327565489065,0.8667417868589744,,completed,0.210944099992048,18,1,,,
Binary Matched-Size Augmentation Experiment,binary_matched_size_experiment,journal-matched-size-v1,ml_binary_dravidian_codemix,ml,1047,matched_all_real,1.0,,0,,,280,560,134,426,0.605329550191229,0.8696314102564103,,completed,0.3260313000064343,18,1,,,
Binary Matched-Size Augmentation Experiment,binary_matched_size_experiment,journal-matched-size-v1,ml_binary_dravidian_codemix,ml,1047,matched_all_real,1.25,,0,,,350,630,151,479,0.613117079560834,0.8739633413461538,,completed,0.34599190001608804,21,1,,,
Binary Matched-Size Augmentation Experiment,binary_matched_size_experiment,journal-matched-size-v1,ml_binary_dravidian_codemix,ml,1047,matched_all_real,1.5,,0,,,420,700,168,532,0.6254010576367596,0.870567908653846,,completed,0.34208919998491183,22,1,,,
Binary Matched-Size Augmentation Experiment,binary_matched_size_experiment,journal-matched-size-v1,ml_binary_dravidian_codemix,ml,1047,matched_all_real,1.75,,0,,,490,770,184,586,0.6354225920853963,0.8718800080128206,,completed,0.39061770000262186,22,1,,,
Binary Matched-Size Augmentation Experiment,binary_matched_size_experiment,journal-matched-size-v1,ml_binary_dravidian_codemix,ml,1047,matched_all_real,2.0,,0,,,560,840,201,639,0.6520720265675708,0.8754256810897436,,completed,0.47171190002700314,24,1,,,
Binary Matched-Size Augmentation Experiment,binary_matched_size_experiment,journal-matched-size-v1,ml_binary_dravidian_codemix,ml,1047,matched_all_real,2.5,,0,,,700,980,235,745,0.6613643773092805,0.8761217948717949,,completed,0.5502741999807768,27,1,,,
Binary Matched-Size Augmentation Experiment,binary_matched_size_experiment,journal-matched-size-v1,ml_binary_dravidian_codemix,ml,1047,matched_all_real,3.0,,0,,,840,1120,268,852,0.6773172324307629,0.8829977964743589,,completed,0.5652176000294276,25,1,,,
Binary Matched-Size Augmentation Experiment,binary_matched_size_experiment,journal-matched-size-v1,ml_binary_dravidian_codemix,ml,1047,matched_all_real,3.5,,0,,,980,1260,302,958,0.6880735168587281,0.8868289262820512,,completed,0.4441145000164397,18,1,,,
Binary Matched-Size Augmentation Experiment,binary_matched_size_experiment,journal-matched-size-v1,ml_binary_dravidian_codemix,ml,1047,matched_all_real,4.0,,0,,,1120,1400,335,1065,0.6959151488408959,0.8881610576923077,,completed,0.5289247999899089,29,1,,,
Binary Matched-Size Augmentation Experiment,binary_matched_size_experiment,journal-matched-size-v1,ml_binary_dravidian_codemix,ml,1048,matched_all_real,0.5,,0,,,140,420,101,319,0.5667881548974942,0.8593048878205128,,completed,0.10836160002509132,19,1,,,
Binary Matched-Size Augmentation Experiment,binary_matched_size_experiment,journal-matched-size-v1,ml_binary_dravidian_codemix,ml,1048,matched_all_real,0.75,,0,,,210,490,117,373,0.5965247514718212,0.8626051682692308,,completed,0.26287749997572973,23,1,,,
Binary Matched-Size Augmentation Experiment,binary_matched_size_experiment,journal-matched-size-v1,ml_binary_dravidian_codemix,ml,1048,matched_all_real,1.0,,0,,,280,560,134,426,0.620723992921977,0.865069110576923,,completed,0.36122349998913705,26,1,,,
Binary Matched-Size Augmentation Experiment,binary_matched_size_experiment,journal-matched-size-v1,ml_binary_dravidian_codemix,ml,1048,matched_all_real,1.25,,0,,,350,630,151,479,0.6308979930418849,0.8673778044871795,,completed,0.27371059998404235,18,1,,,
Binary Matched-Size Augmentation Experiment,binary_matched_size_experiment,journal-matched-size-v1,ml_binary_dravidian_codemix,ml,1048,matched_all_real,1.5,,0,,,420,700,168,532,0.6562740963649887,0.8690354567307693,,completed,0.2885524000157602,23,1,,,
Binary Matched-Size Augmentation Experiment,binary_matched_size_experiment,journal-matched-size-v1,ml_binary_dravidian_codemix,ml,1048,matched_all_real,1.75,,0,,,490,770,184,586,0.6565567503151456,0.868564703525641,,completed,0.3409182000323199,22,1,,,
Binary Matched-Size Augmentation Experiment,binary_matched_size_experiment,journal-matched-size-v1,ml_binary_dravidian_codemix,ml,1048,matched_all_real,2.0,,0,,,560,840,201,639,0.6658241980805332,0.8704226762820514,,completed,0.37340630003018305,27,1,,,
Binary Matched-Size Augmentation Experiment,binary_matched_size_experiment,journal-matched-size-v1,ml_binary_dravidian_codemix,ml,1048,matched_all_real,2.5,,0,,,700,980,235,745,0.6693234211372815,0.8772986778846154,,completed,0.39408019999973476,23,1,,,
Binary Matched-Size Augmentation Experiment,binary_matched_size_experiment,journal-matched-size-v1,ml_binary_dravidian_codemix,ml,1048,matched_all_real,3.0,,0,,,840,1120,268,852,0.6728226441940298,0.8808343349358974,,completed,0.5266644000075758,22,1,,,
Binary Matched-Size Augmentation Experiment,binary_matched_size_experiment,journal-matched-size-v1,ml_binary_dravidian_codemix,ml,1048,matched_all_real,3.5,,0,,,980,1260,302,958,0.6852270586018466,0.8847606169871794,,completed,0.502639900019858,23,1,,,
Binary Matched-Size Augmentation Experiment,binary_matched_size_experiment,journal-matched-size-v1,ml_binary_dravidian_codemix,ml,1048,matched_all_real,4.0,,0,,,1120,1400,335,1065,0.6959151488408959,0.8881610576923077,,completed,0.68955150002148,29,1,,,
Binary Matched-Size Augmentation Experiment,binary_matched_size_experiment,journal-matched-size-v1,ml_binary_dravidian_codemix,ml,1049,matched_all_real,0.5,,0,,,140,420,101,319,0.5309548567254726,0.834520232371795,,completed,0.2770617000060156,19,1,,,
Binary Matched-Size Augmentation Experiment,binary_matched_size_experiment,journal-matched-size-v1,ml_binary_dravidian_codemix,ml,1049,matched_all_real,0.75,,0,,,210,490,117,373,0.5540386977886977,0.8540564903846153,,completed,0.3263202999951318,23,1,,,
Binary Matched-Size Augmentation Experiment,binary_matched_size_experiment,journal-matched-size-v1,ml_binary_dravidian_codemix,ml,1049,matched_all_real,1.0,,0,,,280,560,134,426,0.5822977034200597,0.8636067708333333,,completed,0.3753814999945462,25,1,,,
Binary Matched-Size Augmentation Experiment,binary_matched_size_experiment,journal-matched-size-v1,ml_binary_dravidian_codemix,ml,1049,matched_all_real,1.25,,0,,,350,630,151,479,0.6032551164431899,0.8697015224358975,,completed,0.34208250005031005,18,1,,,
Binary Matched-Size Augmentation Experiment,binary_matched_size_experiment,journal-matched-size-v1,ml_binary_dravidian_codemix,ml,1049,matched_all_real,1.5,,0,,,420,700,168,532,0.6148552306125419,0.8721905048076923,,completed,0.40695380000397563,23,1,,,
Binary Matched-Size Augmentation Experiment,binary_matched_size_experiment,journal-matched-size-v1,ml_binary_dravidian_codemix,ml,1049,matched_all_real,1.75,,0,,,490,770,184,586,0.6148552306125419,0.8758663862179485,,completed,0.5287340999930166,32,1,,,
Binary Matched-Size Augmentation Experiment,binary_matched_size_experiment,journal-matched-size-v1,ml_binary_dravidian_codemix,ml,1049,matched_all_real,2.0,,0,,,560,840,201,639,0.6196735985908757,0.8797576121794872,,completed,0.43931919999886304,22,1,,,
Binary Matched-Size Augmentation Experiment,binary_matched_size_experiment,journal-matched-size-v1,ml_binary_dravidian_codemix,ml,1049,matched_all_real,2.5,,0,,,700,980,235,745,0.6435725813690307,0.880694110576923,,completed,0.48634470003889874,22,1,,,
Binary Matched-Size Augmentation Experiment,binary_matched_size_experiment,journal-matched-size-v1,ml_binary_dravidian_codemix,ml,1049,matched_all_real,3.0,,0,,,840,1120,268,852,0.6565567503151456,0.8831480368589744,,completed,0.5495545000303537,27,1,,,
Binary Matched-Size Augmentation Experiment,binary_matched_size_experiment,journal-matched-size-v1,ml_binary_dravidian_codemix,ml,1049,matched_all_real,3.5,,0,,,980,1260,302,958,0.6880735168587281,0.8858223157051281,,completed,0.6878413999802433,28,1,,,
Binary Matched-Size Augmentation Experiment,binary_matched_size_experiment,journal-matched-size-v1,ml_binary_dravidian_codemix,ml,1049,matched_all_real,4.0,,0,,,1120,1400,335,1065,0.6959151488408959,0.8881610576923077,,completed,0.691491000005044,29,1,,,
