row_id,_source_row,_text_hash,label,bank_class_position
6c3efe6b447aa4dba3f09c8e,21269,43e6816fc35103735ba67ea8d257045702a456ae06edee1e54b2dd18a85b78c6,0,0
5fb4cb446da4466f565a7944,35261,5c2a237756ce5b148c1ba5e3bff2e5197a060cd6190ce2f12947e74cdc81d4b3,0,1
6b9cfc4c456844ba7f82c8cb,45971,ed36d844b829f5c6973df912d1951b01983163df156a4e76c6c401dd5d695723,0,2
6693c5d485bb307ef94f3a39,41277,fbec04e53ed3f5fd099b1a7a3120d920eb63f839996a4de2f57476e778084e34,0,3
49fd5da1065f513778af7332,26177,89d50c38105e7999b7d4404bb9b31846dbccf4fb4be24ca06d29718d993c6700,0,4
8f29a1940b71faa357a10190,41630,d7ae2af4e7df137597b5d1fda82956572f78188517a609db0f1bf47b713c61b1,0,5
b3388929cdb819e7c4a491e4,47356,fa225eb8726a4a189989a93f25fc7fa3886791ee81d0dd5ab57e6ea1961e481c,0,6
2e542624e1b1d59989f44935,852,325793ccfbded63e761dc961848e1875e02c38d5ef4a5e62b11f4d7bf2abff07,0,7
4abcd878b094afd8cf56bbd1,2918,e752244a896e47d5f315f23e30b52ec04f0755e7acb6d8781971bbf9aefc2350,0,8
686ed1ebbe115ea68b65f183,35093,df4aafe95eac1430730cc0608954fed1368ae4a6f51466d78a3f229060fc1fca,0,9
146fc36e72f9c7942720fe16,46475,76c3f88f91359b3e30519c5c447efc3eec75dacb22c0c6459294adeb0e9d2e5b,0,10
1b92ec51ea5a4145b7b48133,8786,e22b815782f3cb4fdeb2ae50e1a97e639195d4276e34b2c61399faa48d9e9abe,0,11
779fff9f5d99bdc611d81338,38746,612faab82a7587bf9a7af66dac51f234d65f1e892cd9322f8ea902dabb502c51,0,12
d51a8d3635354c20cb7eb848,33120,ba48e770ee68ba08c6792b93fb9526932cb73702141a6659c9e17d1834375a84,0,13
9a0885bc6ab8f69a18d201be,43439,bc8b147f3f598db18bc7e2c5cae59eb00758dc972e29e5d107b565bafdac4315,0,14
865c53c072ddf0ba0c0ae9e0,52534,8809c84a18b45a542d769aebd5491377bc110dff2c4f72574a0c8622083a66b2,0,15
80ea873fd758e95f26b5db38,4440,7b0b18f95a767b08f2131fb53424f5707fd2bb8b207aa45ab01abfe5c32fac67,0,16
ba44d9c1b4bc0c70217071d7,50585,3bce623b37395739ec045b2ba99d10493240d73ec2a0bd968da01ca6c87067c6,0,17
deab57d437d2d9555efa29b6,43967,9cdda1c62b7807b6f3c2b6c350cd73a565a73d7345e15334bd40917f9f5c7f27,0,18
9410b7ae876b6f567bc8d9d3,13634,3e6a78026f1cb830e619e1f226c8b3d36759ac9dc747a6d00fd75d4cb272444f,0,19
385be31674f55b00d72a407a,39315,03a3c3eb1ce07b41c5cdd65b75d43906301f483d32bc8f36a16c91b4b1b9f863,0,20
f1d01b71992ba26971837ad9,15621,07faaabf2f1ebe4e9867bd05645f7ce7ab67e43468d2ca0def857be2bdcdc003,0,21
a1a3fbaf502349819d58eea0,4114,05fcd5ddfb8e8177335a18edabf6a00aad4e11f5ce8c591cba6b7d21e4269782,0,22
70cc9b76cf54bdd1bdf2bcdc,1619,e8ef056b6c61ffd67b86346b7c190f0fcd4f6ebdb16c2d989a8d41249850970c,0,23
041d0a85bf08ae32e403ff67,1385,ad3eef331d61dbfe60a153cc4c626cf7e24266ade618207e6ec2193cb039a002,0,24
7da97c783839a1a4e17abee9,17087,5a651e1b691370d127b75e57f511f87f098ac67d0e4864e42dbe0d114492c8af,0,25
d822e0c2fa36b03419db0143,43272,db55b261e806aae87fc8065e3f8ed2f8ffa256071906c00c95f186ebc6c5bc62,0,26
f7b887ae2cd4eb81386442aa,8918,54e1dda8418d3cab756735343cec3c67a9d7a77897bc0e5f44bdf7114b79d817,0,27
7c05761d69333634e9c5c029,5692,a33bf121927aca4b867d1db2c1b3244c6646a334555a3bf71aca0a5ee15eb875,0,28
c03f19278eefbae618801996,2746,4249cc2a2e1c0d411d4990fe2dfd4e71ae4847ac5340f633c79f0369b12206d4,0,29
d8b10b5bbdada8b4726dcbc1,30344,c111fea903ec68138b5297aad4977fc81be459201e14a58eb81ec7a66b6fe277,0,30
f15c92c8cbe038fc2d701d8e,17016,7c28e313a394641f30d39dfcb3822726ed5675bba52d9367fac7842afefdedaf,0,31
bd3694330d37bb60f3b87ba2,2662,0054e318e684e1b41c4d888980098357665b681a770cc6f8fad96c805900ae5d,0,32
fd839d4f8c7d3186b2b561aa,19225,52a283325cfe9f03a25aafbfc3b722960d095de67bd549a58c9d80ed0552dffe,0,33
0e7bbdfe6048006211cad2af,9386,12b1611a20ccb8744c43b4ca9317474a9054302a19e3eda9060e005005da4cf0,0,34
00bfb66d61f8eef30e92d297,4410,a343b99e0cd1f237a1a6f89873618f13a176fd5821ac4b53d001cfe5c81c6f94,0,35
b2c034f0ddedb142541c2df1,2537,abb1f907f909a02d4a3c72301173ebc726d3a4b9bf16134b1bff76c1fade2f1e,0,36
e8ffcaa00e2b2ab8e254693d,39310,0013b7b5492f4faa509a111eca41a0f8fe6493427671fe53e28833afe06e4ab9,0,37
e66a2468f9742fdc782360f9,27164,ec11501a5b94b687e3134d0781fcfc187aad18de5c17841046d991a7ad9843c8,0,38
a1053de80680b2d521242729,17831,c6a2a4c4b5074bd8ed2c1a7ea058748bfb8262b22573917a3028906dde7f6409,0,39
3ea4abc26afa8ae338738531,41,fae013b19d7acfe2d5d7aad9d7fd1174c2c4f508fcd9c347b03e42b4075b41e0,0,40
c74d859d349223f8589d8cbf,33577,181ee80aae7451f6b95f80adeeecb6091eab8888b552560d6ac9e2231b4119d1,0,41
ab268844571c129414756931,18846,e497e67263e3da603539781c1419524aef6a05d291032b33a316ff5fe94adcad,0,42
9d1b2dbaaf8293f663eb1671,15814,9e8b44d471e42a5f0bd3d1b6b8beac2ee781cf5df27aff4bf730433290c7b01f,0,43
87c105b63dd832cda842afa3,11640,31ea8b1142bd83b1ddf0aa099f344527f8f4a0ed6e2eb052ef3818953f536f61,0,44
a3a62024e7c4364aeb85dea2,54937,82612995cf0576849cecb6dc5ea5515f21b0478d15accab13aaacbf60cde041e,0,45
cef2eeae13704a28aab171b1,10326,8505e21407e54fd4ba6b75ba87add9b32835813d4359c7203ce38e99a2d55285,0,46
b97a549a25073dae188469d7,47152,fedf77832a0a013a26486b94ac0af66c8a861b54de64155ab7938839de4e31de,0,47
e6126701acf8db73c6c1ca88,35264,f069fefe631c8f33b0b90980b83faf4814059afff8212ca19e5b176c77b37ea6,0,48
fdeb72bda4e43c04dbfd9004,11245,413110d9623b0ff53bc86719216f794d8ba8b14e6bcc818504d347aaf930a5b6,0,49
61248b40f96f0c2af49b9a92,1425,2fac91ff5361f783438dcee0f26cb1feb3815278435c8a70e32470b5a001df16,0,50
30ac6da3a7e667e6a67915ed,21548,7870f68833e6978ef4b9c76b164e88202dc9f04d010be374401f73f639e27bcb,0,51
88b0c75e53b75ea376ed5eba,2681,011080211dd4488c3f6020232fa9345e56185decb74dd8a407d09abe5d70355b,0,52
108de779f562f427286ea67f,22453,534004d0a9478f39e31a6416b2f6c17faa3e8272b4e0c879f3694986992c19e0,0,53
89e7fa63c65e1bb9cb3ee43e,312,74acfff0e9fc43ea690ad62bc5d3369c3e14bf0a641f8d0f75498fde96865e50,0,54
f508065860948fb8daa7bea6,4596,f326be931b6efa7b4e85f8302734ce9c4cb6afac6a2a07ed9178f6302138603f,0,55
d549eb89eeacc00062c570ff,33622,0183c9931647007e91897cbdcec120da3872eeccf93920b07bda57cdda0361d4,0,56
0e3f718bc3ae12be90d788e3,5829,a473a15b194bf68b4019d1ec7a84f7144622681ff1fd16fa6c97d0ce6c7892ef,0,57
135661396c5d3c85090913e5,20368,578dcf7ee9f113336395faf482cc05985092ac1433aa65a0fd66d8091f98d570,0,58
1f9733146ef32dd3df25b198,11297,e4099314e4070da5eeb34a1b81fd71c7637f94add33ca62d1112191c1890690b,0,59
3ba076fa61b638e6c5332037,12381,5052c2f2da71fe6948346daaedb7dca0c8550f10f66c582ccd8c959078cc565c,0,60
41268af3e6aef9242f438a1b,8281,a73a8d0bb1b57ac305f0621f135f30b027e2cb17b94f6eb2d9cc2ff3b5057eee,0,61
cb9cb5ce53c2c7a54524d0ad,8351,c7e86c7b27afa931a950c6bc664a2858839d043d4683b51ade941a7f7f4d7c80,0,62
c4164711d84c190154f4a477,44641,7621187efacdeec95e8d7e9910f86444a6481eb0ab0c3e0eedb68adb2041fc63,0,63
a4d2f10b9392e8438aedf7c6,1085,0ac9fdb2de182b1cf3382731939149022d89dffd7fc9b628922432d5646a14f8,0,64
08cb250a16792774e7334fd8,41434,3cdd182adc1567a292a5f963800e7a5ead35e1cfef270c87be1db84649a325c6,0,65
39cf8e98385462b632c3026e,53237,40349e62fa9369d6f302ae81199021d23a53dc7a5d36133d4a91df44b6ef9373,0,66
3d6a8bc159060fe62cff48d6,22435,18ebc1e15c11b1241148dd73ea16267664e4da6668673c4f177cdeaba4f3f5c9,0,67
8a58ea12024e2398b3123d9e,38010,579daa0abffa3a96830a27179cee8cdc359fcf9b6f349d6ef3ab5166519bbdbe,0,68
6a8cb9edb6f51896bdf058b7,17349,23a3bc7e998d7976b1f4ca7a98935d1c4f226e3ee1166a9cef08f155d4fbde52,0,69
40f505cc39743e3a9217b291,38839,e7fe3d7d7d21d1647584cb5bb5a8c389ec8a3421a55620be924ee53fa4558dbe,0,70
532e77e6114c177b52a715f4,13166,a0590a7e7f22b2e004649960e21872f61f395b95153fea1ca8b1164e2182996c,0,71
4760c5e965c486ea036bcc4b,29110,990c95db6f08a57d6db766975c0924708a259347ddd976e8d19ee79a8ba8828b,0,72
b488ca3989405cee6bd73b31,30099,8b038385dde096f743dcece5f3131276ede60f1f926bf24dcce451818f5e2dbe,0,73
7fe00d55780efc21e4afadc7,50436,6c2eaa110a9bad033fdb2a6f2493d465d50aea2ae0a58f15c0be35796fc400d8,0,74
e950d96769f03012cb469049,11759,55b45999708ec058c4a9309a2d29331d06bce4ab933309b04fa8ad1c2260389e,0,75
e0b9ba87d8b926a5d18d052a,22159,41b589ea15f2d94a20fbdde82b0ed6988fb46742a7cdb44e396b0dd4747ffbc2,0,76
2d8548a134bfb758ba3b61a2,17740,8654e13f716dba58435dd1402b9315bb2493d18e4496b4b35947a62fdf098f78,0,77
c0fdeb737919facb13409c6c,7370,7137017f36660c9c7ee53a50e7c8872cc9134b0c26b3911c2808f99d5681faeb,0,78
6022a261306f7fefc6de90c7,45393,7764449fb15d48cf26263eae293f3299f8cccdd14b4dcf77ef63305fc5efac3a,0,79
67f2d7dfb51355361d9f5d34,12700,673fd4fd0ed465d61a18e2ab7fdd61e104e85f6f41cc1cb2c78159ff5b655231,0,80
500f8b36a5b93a0edd2e378c,13592,92cdc73b98b4f378028d4a3c9b20a7bccf0cafec7ef95c2490202414b8799d6e,0,81
d64a18da24b0d9f1559fcb0d,31825,0eb864096fa874937749f7e5dd72ddaa676ff6e3b78dae447c7af47e60a20a7a,0,82
f376d484f67121b86eea637e,3134,4f07e6ecacc48562b0366711e32274a9d9434b968b15d644198e2b15d54f3f4a,0,83
fa972bc1c00860e10a54a2e5,235,db4b0e4d11e8f640e30196d471601ccc7ff6ee08212e73ec662445681c0cf4e3,0,84
32fbea2129e418bfaa871bde,5649,12ae64778bb11461a96df8f357077f6978d599118a0476c82e235d483e2d3c3c,0,85
c8e475bd4a568d73c8af0699,7447,f9d8509212172a9e6f9232f432832f4c0e9feb8efb3572437a83e9d8ffd8bb10,0,86
b6c9b2b65437a7ec3249e766,23272,e14059f2e9d99a7fcd63717863a000717339bdaa56170eeaad5c132761125a73,0,87
250dbddca60e2e0ee2c52770,43883,05ca028d1e5bc74fc26bf1573dc75e1d2a09ac47bb8fd6ce674222925bff0765,0,88
97ac009f7fd81f0340989a09,55161,45fc73b1040a7ddee1aa907bed7aa8efa759f31e83315ecfb55a9e63a292ebab,0,89
c1bc3c6965c6389cff65052d,7946,960f4abf180764b7aad65b3894ef634449cded40d95d1e232275f87202e35e0a,0,90
495d89c7541ff61944677bd1,28571,d28eb5f7b4ab81491e6617a7fe0d9bac14ab6d12ed69f479ac6a93c29bd3df0d,0,91
3ef6cdfa9a1042b0ef626d4a,37014,960c54397cec77b7df4f8d9a87a551ebd78de4a80f0073ae8150d40e7f48430c,0,92
8e3cf7a2b32591ef0d180820,23125,e994b99a346c064972030029375546cd4c7d451a619e6a311610a8594e8c94d0,0,93
eb5b090cfc9efa18c9416b53,26454,e76dc8f08c9bb9358273e6040845e4105d0956527b6c67f6480d234bc9aa6aed,0,94
c70e162cb8a31a0d58c6e60b,8787,1e8c7911c54a944bfd3eca860a1565bb663db91a2d0314f7d5977ac190e1797b,0,95
0dc67051348aeeb38b850c33,22750,b61138e0aab67eb8a82c61a9bffad96d8f814d74972fbee5db34e5d70b62fa5a,0,96
8821eeef6506688faf0e37fa,6314,f4104e796684bbfdebc8338dcb777f637d9675738adaf1e57a50dbc8cbf06338,0,97
d721e7b59b0c56c06b3fdb0d,30584,9188201cd110d1952fa2e29f239e259cb0b7772c96c02d7b8d0e089af3350326,0,98
fc11b345e7b918ac9dec8ba2,41632,43a4c58e46f019d922fab9d2dd97fc3597a4026e6447fb17381b875b57266025,0,99
f6889bbe79187be774820db9,55532,2053dbbf6ec7135c4e994d3464c478db6f48d3ca21052c8f44915edc96e02c39,0,100
73d23e8e8ae4c2c21774703d,27844,b8214f5cb15eacdde388d168759c927bd4b89ed92d6f0b6697c812d79f17139e,0,101
ebaeed6a9f3c7394298156d4,28028,b592a5b62871fe0369b2e2fbf1a90ca6e6139133ea4cfb37d5193c0159afe49b,0,102
4ce3e26667a6e243006d5eba,23986,6ff2e422988923f958ed6fc4e302db5b4d3d02b276d73eb6a8122cb460d3ea39,0,103
890f9cabf11c4a283de2082f,23681,47aef1ef8d9d63fbc4f1eaa635895339d48579caed74a0e8f061ae09bb11e48b,0,104
c8a2707687c04a8f16b990c8,56711,68b063d0beca3cc6573ae4fbc689d0fb0e1fb841806223baaa3e96531cee6137,0,105
48dc5e9f8d93c062ec87e268,22190,f736c9fd982da64d48133bd26c774cb06ba21bacf595ca98c3007c273b3038ec,0,106
1b3824ddfd9f023cba617fc2,51751,0cff98f63f3e5fd38cd6e718546c31b7d44a0cabaefff7a92e6443c8ad9a70f0,0,107
85e039032a8417b115b17ec6,10748,4d916d2326433c87a6c4a9d397bb66c289d992b492b1f4510e190804d9793255,0,108
14f79cfd588332495d6e911b,25205,545107965117f5aaa9e4760d9d4e2d7da6ec47389a62719ee6ae8f1b5152513b,0,109
9c9aa5e6f3d48db013e8a20c,5563,d79012b4727632be0567aeb2ffda14d0fae8832583cae2732334cf9197de098d,0,110
3aa1874a6f4d54d4e9b2c4b8,35388,b681247792db8edc7e0b6d18707f0d466fd56e0b3595fc08dbd988d0d85b51a8,0,111
1a9b95a29b8956f5086e5772,45432,815eff70d592da55deeae35b55fe791cce1f1192e60712ee4c5b6a18af92ad0d,0,112
b422656cd76c64400fc0222f,4642,88d738d643cefad95d31d1bd606d2792644a08395f5138ded1afe83af2b11ef1,0,113
751be3cf61bf16a54c2e3211,10146,06fe97d4db9a988c52e3ddf9fecb18f3d948e343e5e8bc70bfff7b2cb1569b98,0,114
bac2b81ec84a8e6d0148d8b3,39957,237702c3195beda7c39baee24f3f69689c2e899e2a6ec382884745a436a097c1,0,115
319bf2d0773870d6acf42b24,29379,abbb5d97abceb42daeddf0981bf970161de8a046c6e431f473e003f9efdf4819,0,116
a34ad9429e5b8e8b4f1b7fb6,27876,7f81805f3a0166ff3bc46699d403f21d9a59675cdfe5825fcee22fc90805ff85,0,117
41395b361c25c5fe253c3a42,48103,36c0abee9d50b125835592f315ce0d90697e2cbe12b8ede5799c0b39d9f53048,0,118
6513a7fe71e048e47cd748ca,48148,8b2b8eda2bbbb8d08a1949dcff5f7db252c86a23d4ea75d8a744864ea00167fd,0,119
54d034eb2845df78aafd0470,34875,866da3efddf4391f17197e3fff6fe332e9c372ece2542c3cb73699c6340bc14a,0,120
d894fd1179c54f70dc16c879,48080,2b5eca776911670fe416692184dfb9e7a0b17caff2be6d0640926b1f34a34a04,0,121
25003758652d36ef50713fb8,8258,4a202105a67b2c6d46e2561ce6397e4bbf37231114abdc6aee0b78ee304b9061,0,122
bb12483b6ea57949fca4d954,41592,2938ff8adec4c1a7dbd46af7b08c2d0bbe32dbcff722f19fb9f741b4f06afd41,0,123
5b45b6d4740b053826588c88,20608,1d2cfa4971719cb8d7ca4e7a2db0b8494de583e986c1f512692604866e38b106,0,124
e39f4b61d2e8b4155e52ad06,1608,0853f2dd822b914765c7dbfbaf63735b2d806a7d2fb60a5cebbe4dc631960acd,0,125
2dc25d3e346f9e69f22a0858,27554,d53df3e56f344b8c609fcf484464ec5705b8fa50ee8d025171800bc71343bd2f,0,126
1a11cf746b862b03b8a9b285,17003,6386fe568c89475dfac5206cadef9a03043a068c7b6b2f25f209c26cb07c408d,0,127
8da3893a39af07a20afd7c8a,26192,5d66dce72b5f654a9943c3833cd75051c34092321a868c01bd75fa00edefd7f4,0,128
b13f349f8d44569d38cca72a,13883,55d81e180b49d46b9b5090f1eb67df76986762cf84c00152cc21d51def3a6476,0,129
22852821c021149ca4954fa2,34194,cbe56baf5f950d65e8a98e200be04e8d038d4c79d5a9d8f05bc1b23e62b5d5fb,0,130
3914017a0a0ac8413a40d45c,56634,23e3f32330c97d16fc165c1d03e8c69ccb2c33d8c5695953ddadd748f6a5edfa,0,131
e480fda57a1f34ce5ec3cfca,32986,ce70e2859dae037dc75cedd40a8448997fd4fa9669594f76033ed041b8cbca84,0,132
8b7b707564f70b9b64c9970e,5482,3c9e13beebcafd6caf3bc7f347fb7610944bccf74255095f66b464341befa0b7,0,133
378da1ec0f8a62a44c6a6795,54777,9a458b12063bc9217fbafdf853b80879eca964e645d5f39ad41d5e6d6a42e01f,0,134
dda4b14fd3b54c99a1e932d6,50783,3be680a284083a1ee7f4a01d1f9a7dcf61618444189093c7e6b5ee7bdb8a56f6,0,135
a15772762ffc6f6276dcf201,4099,40f773d4c540f88a6277fc5c8f1fcdcd0c99594911aff6454de726de8c71afa0,0,136
e04b43e68522aff877cfab09,11727,33aadb4c33d5b336133d14243ba780f5b3664b37d0a9b3100b337fad219397e7,0,137
54adfc3e40282ba6bd0316c9,44966,ce861720d7b0238938bc051f25adb7b914fa18a503d028281d84081987656c5c,0,138
608f7c71f0372adf2a431c09,44134,36bad40821fd8632f7fcfe2e1328c974aebd63b5de69713eb2690533331573ef,0,139
8bd61cdf33af9d5f8d9ac7bf,20956,c2c76dad1da0fdb435d13be4bc3fb460d507199bac73e6ba8f5f50e0fa808ca5,0,140
5d6d3bf455346fba8703220c,49248,21df197f846aed25338d23f506b4e644d0353e68946c5bec8748b72b625f15d4,0,141
df0f1abbeb69141be53c9643,34324,c617fe3451ad976e004ba032403fe86263250959e10e63b8b6efe9fa70fd82f1,0,142
31f47e88a6339fe7514c0853,37254,fa4971760d7cc24c3859ce346bf26e4098877540b19a4a588f410fe6a1fa3071,0,143
9e065cd0c885ce391b8982b5,23961,40675dcae4b6ef46ca84564cf8cc0d76a854fc311d9baf035de7e40f659dd2f3,0,144
16f7cacd9b50cfd3d75bed99,28848,2eaca555fb324299de6a05104159c29ea1da49c006c511c04b7c1fb445ae842a,0,145
5372601ef87ef0d4410882b1,22559,9a1730ea71659e34f4f2b04f4c2751bc031af73b115ef011456103655e54d22c,0,146
15ca7595f3fb758ba96ec0f4,4954,0d571cdd9b42d36539a5895553b754e236973f65e99f733d8040f0c8c7c5984d,0,147
499584346250cc9a788f4fa8,12861,b7f7169db7e3fc1a4b50bc8dbfc956444c731e3606f534cfb1d2370edd14e4e0,0,148
b08d524b958b6257bfb7a8ec,15040,59b2c9da94ef249801a08b09a22824d6f9437a535aaab2223c604069cad29b34,0,149
4e208597bb99d7e66c8fbd1f,23199,9453abceaf9ff792a1bf3ef0512b5672b61ddc15085eaa16c409ec7f095b0e15,0,150
640df1f55e4d706507c17f12,26374,9370f82caa959e05e4e53c6b1821a1cc6657dbe4ea2f318182729aafe9811101,0,151
a6585aab3842074063f54573,26455,bf415cda03e39d31b1c0120bfec6143db8501c4fd22d68a19bc51a0762543f07,0,152
37993631f3b0c77da3ed6a76,9314,12ff65ddccee224b71c2c9d01ba7721c808d4d059cc05edf9f1e6967859ec8c7,0,153
0f2e9f26458396ee29bad8e7,44012,6fd750491e80dc6a6fc2631100486664808a095f09c104877605bd451e9a61a3,0,154
0f334e0fda57157f15a798be,50204,290b72cdfc20bb9780a6abf3162e042e3a486c3e3be0394ee6553a46c0f83f5c,0,155
81fd114e081b94a0e2e5725f,53564,fb098a16ad83395cb69d298f9dc3fc0021af047a2159f9b6b8ee25bb7e9e0bd2,0,156
6b1adf20ee94bbedd789d9bb,17062,32657fba605a1f8f5743f7d8d1be796d3a737665871abc23fd8266b855153cd8,0,157
1d74d219c60bbc192747b661,54935,155679fbfe8d49486199849a45ab7d2f40104a53bb9fdf4ff1afab5718bd007a,0,158
d1c86363391f6614c5165b76,37848,7df7d439521308457eb1d1452b4083f0bc6b91fc27c346908e92129b8a1e1f71,0,159
3a07f3d15e6e4b1a6b1fac2a,27786,defac47111335ea1dc36c7edb598993ad8706a2ec864ae02a2a941d98d461d00,0,160
ab703f74d2ca1eade39a85a1,6676,89cd3f7e317b5a29d0415e1f96a9d64b331918259d3397ee9c587f0e98ea6ce5,0,161
b10da29775333d7024edc76a,13070,098b1b626edc8a82a22109edfcdc1e81fa0b8480931d701a14b11a40239ab7e0,0,162
c8566d7aae51e942edb90abc,53257,24901c39ce23c9a5ccd1457bdaacc6c0381f33416f1d0ebe6a3586a8208f3151,0,163
8257e00da8877535d57797da,36015,9e2eb120af998b014d86dbfdf140e13c7d5472246b0ed9f3978b19d00523b446,0,164
fbd96cc04d5c58beeae5e940,12759,2b1cdca8cdbde09d427280670cd755dbf45f9ba4bb6cc64480a752a2081da0d7,0,165
6270913e1efe77d20a90dd42,56127,4b4f20737c93211da630d0a9677c18722b284ae04b7f9de97a8fc8a2da8e9bd8,0,166
97e90668599cbc0d2f43aca6,56517,08f211c47c968cb31f4da5af10204536036eebc7dd9ed7975c283437fe00debf,0,167
492ddc1b8a6e51e7d10fc3bb,49513,91b19df754826e2826a6e05bb2ce7585849b871d3e7e81cea12914a403c8af89,0,168
0e094b39dacb0f83e069a188,46829,9f652ace4d5214c346732fe8e9848cf2a30376bb2054edd17b3f96d00fecd1d1,0,169
b130fc1340f619aefcafe0e4,18614,b5be1258e31883a11d6b6367731dc1da84f726d99771637f45a5e2dbfb7405aa,0,170
2c161da3657d72af1b02f10a,9924,810f37baacf107a853b0afb6c307d0ca97d39f25a5190f5f6523f834c8ce7c09,0,171
07dd6b4f2108b24aa21ca8ea,7413,8cc59ac2f842f106d55f8c571c2087c5aa051632df758437c1ba4e66edc0b5d8,0,172
5cc7c3350601175149a97eed,46478,719bae9a3baef24988f5bc5b22cef856d4e657de577a4e2aaffadeadb9bf8ab8,0,173
09ed278bf62ba4eeb52e3740,24959,11f1fb6944f2e92a9d46d464709df5591dc6aca218ebd32444a276ca218ff9eb,0,174
75d87602722c7770828d870b,8155,3a9091f88d6000836f65e5a240828f30cf371530743baa17c5b25bb14ced6be1,0,175
073135e1052826fb68a2ffc7,39021,05046ad3012c3daca2d214edae8ff74679677d96f86fb76e3578ee251f76a94e,0,176
77847ca63a09d6bc1bcfa28e,26412,1c7e185c885d8d68d881a0fdb25c146cc5e1602d44147624b5db50e991d6e211,0,177
830eaad3d9b5517c1fe283b7,3327,ffd7779673c065f8f3fffcbb61d35592a4a7793ce37690741b8575c075cb5419,0,178
1a26371b934b0ac7d6f95990,14504,c8344baf36603c39e9b8255e5d5a816a2451fe50045c9788fad792e42468a840,0,179
4f9f0f2f5447be340a7dbad1,34889,a2f30ed82bc5654f861c7da80b84df155e770d847156a2c87e9b310fe2c46347,0,180
28039ea5ac91bdc741ebd1c5,6909,a75b5a594dfb4fcde2bd0c9ea6a3a719493cadeded8d29133eeda8d9d8fd793f,0,181
95979e5e7079d7ed1b3ad668,2543,46027178782605b0867cdc5c6c6192b235133df1fa933cc23568515250dee66c,0,182
5e2f7c06ff94d0787cfbfbcb,4595,a926410af5d82cd44a57718089a90f3f0a4016553a992f7dbe528ca2abd310af,0,183
ed3ce898b5febdb692ea74a5,17059,238de3d8839381f62c6e25914dd806d0b75f1c9eb9596d9d2fbec7ac052b4a77,0,184
912a3aab8c12f7cf1b84e4e6,5161,6d997a0a1311f97504a32f4e670fbac74ce88653ee6a1892bd52b984e0b1bc8e,0,185
677fc0e8782e896d87defafe,19172,8e0a90881f7aaa0a93fa12d96e58c3e56c239d0a6ed89d0c3a751a1037d68bb9,0,186
47adfba1b23190f247797b42,34559,9e58b9c258fa8b4addfc92f0242a373153c024bbd42778a1814e959ef0bf3a76,0,187
91f8220d7a4b807b1631ea16,1292,221f1612d4611997d8a053587bd446a852797a89da17b1a75f89da3da3d06b9a,0,188
4bc672c080af40297cb09191,46869,201b48e094804d66603ad8655385e833bef4c4c9a23bc3a324813b65b9d256fc,0,189
b03a8d84ed52589a4cef4ca4,6513,0409cf528281ccdfd4b0ae23a33dc8ab974d61664862938c96aca4e00891f54b,0,190
9f82b2fbb338cd5aab61de6e,23726,dd6ae3b64fc7a2abbfa08d448f3b6e28a09c329ff9fdc2cf70a1ff632a138772,0,191
23fa9680a94aaee54f820081,46185,6e82a005e5636c26c9c925ca5397b7dae9bacc4a2f740a1bbcc9e0ddca0dea2c,0,192
090ae292a0483e901d1ead9e,43308,448963193672f4d7e47065ead8fc2b6bd1e039fa28dbf732b44682ae8a0d270c,0,193
da180fa10ce9ecfd8021e01d,38363,c91c2d0f20d048e618a906ec165958232b021c54f3a0ae13544312b65f9ef3c3,0,194
e9f15dd098fbf7d1f94b15f4,53172,d222c85b3df67c19c5b7bfda18b4877018d5cc9caeb57a00b88389d4eeca7ad6,0,195
b3db8b06d8e871c18cc7cda0,8627,ee9720ca17095c9abc8e2fce6149b0db4345c7280c98f43b51dca740ec3b0cff,0,196
9508396199f7075b7cd0211a,7419,6d13c3587006f36b9fe60c8949c39a480815716f6cf2d4ee7807603c4fdf1ab0,0,197
d85c4245f7a4142f733f58e7,40511,33ed09e846c2cebd25701d4649a11b4a46a235e7b9137ec4d0d0be0fb77ae71d,0,198
692ccc5c2660a35634812422,5287,fcba6e78164703fc37944128a72a3b7d3e53e76333094b8656e2b1453092aebb,0,199
3350f7a80a1c7b1941791033,30274,f63f5845206ab9dd113d721927f81456c7917594ee5ba10d03c50c13326955be,0,200
7c4afa9fb6e4bfca51dfccaf,13475,78f225a4a34e2578c18f081f1ff3ab86f0e01870b09de819cba85445af9c7f75,0,201
9dd05a72db2afdf5f59f6f2f,50071,ce51bd7f64d9afd2b773811f209cafcc6a98f223e31f44e5d108eee8b258d907,0,202
3052a5022806e37c829b698e,35567,07009818eeed3e2af4aa74d4f3913fc6c7a4363f03cef8efe721efcd17ce7001,0,203
98600f91dc494e2b990d1583,17856,3d9badd25ca124c69620e5838b514aa52155ddb31247cc9f2279d2f35b1d4fe6,0,204
a1a2d99b5b507505d806b471,27425,953bfc52de7fb0f270096eb6c5c40f90239f3c6a9f83ca54d1c31ceae8d30e46,0,205
7d1707c728ed6bfd2c5dfd96,36496,422b718bc07c9d5da8e73ff7f1ca83aae8715e98a7861c01d47ac8e27d0ea5d7,0,206
b22e9083ad463c4d15c63f69,20143,b94484e4843a061b12dac7db20934853b66dff25f2f3397516776ea272e9ac11,0,207
77d9b3fad03156378fad0de5,38810,efbb32b309d9955444f5c6f770ba2272033ab0f51f3caaad0d0adb3fb1a50375,0,208
e5199853acf42b33efadb469,12631,4d3dedda81eacf4f96f9297712b8c88ca831c441003dbea1ba9dd3d001a2eed3,0,209
5d562c2580633f549f137fdb,38277,0073dd2e3e21de5f37a1083921c58a2f7530f887e31738744751012ed536dd6d,0,210
0568d1b0fc802bc3f645d798,3451,c1668e127a027eb195f5045df31719e3da4ff626da4880bb2b2dc7f02f8c877c,0,211
9f69dd9bb0e50e5e23b2b66c,24471,0d341b664c6af6395060e12c572e83d2ab2c6d9f521b366e3633b41cd635f1dd,0,212
e4412c8da2d142b1c56eae93,25273,033da229927f8b6a2fc93423e411c7e3104afe85503bc3d5019da01f2163234a,0,213
d39a2c24bd5db6da560fb9e3,3867,a13513d48850711dade026264f84ffeb350be33837fe57729d56d0bdbbf24302,0,214
9cd316f189e880c95ccf5e38,50030,a97b751dd16e37e56eab78db9fa0f5dd85d0b6b41c241d3ad5a62a545b36eb90,0,215
8ee8813fae1c1c8dc20bbdf1,4698,370261016857fd89165239ef0cfb4ed442e4264c097ad3a1bc9ca6f6b1f54b09,0,216
fa91d587a45fefc6890f01d2,17969,10be463f380765669c6711dca2ea7bff060f13c415a6ae5565a1c728f2e0a98c,0,217
c51e89af3f142650b439e4af,47904,ce60612eab4e21a56627303eba92f1203a06b129effd2abfde418541e21da584,0,218
b08a05f1b0f336d8a1b68861,7215,9b7457e51119e4da7eb657c289c8735d6338f0eb172e25aee29b38fe23237dbc,0,219
7ee2c5d01333e5855ce31c40,15093,93c987a1a5f84f034ba6872c4e94b8d489482c9aa741fd9bcf17a2b272581618,0,220
c42d8a077ea9260f0e72ab8e,99,60b5ed60c9296193769d997a012f2e1a512f1e97e28636fad7c5df46d2d9a0a7,0,221
b292f60bf3b64d5099003dc5,9519,6ac02b5002f24fd979918aa8ee3e062ab68bd91848af8a56f7989edf101e9701,0,222
d0072c97b8945f2e4d604d6f,19647,e5d0b0555ec8e85898965df049853664a25fa93b8947ee95cf3fc49dea5725e5,0,223
62feb817a6118fb7bac9c8d3,22139,a020f810150f72c0abfb44f03491cebaab844eb2c382326268bb3f845464082b,0,224
986890863165afa77ac340c8,20430,810ff8ead02a0751e1e461cbea240b3720561a201dd3b27ad662b2933f287ebe,0,225
96177bb58614b1650f450894,56319,f8f14adcf6abff633e431fb76199106649f18d3a635b7acee21f333ff21cfe36,0,226
38897b2fb633d7778076978e,23173,29a95641633532146de2f20d395df8fd4cdbd01a31e090369ae8981314426536,0,227
309fa74f12390c1a4e597bc2,42630,0e0b6e8273f8ffc0d457e77f52208b9bf2959f108c41bbc89684190f9b955b81,0,228
cd9d6c687a71a0917752675c,16316,6c4704d059b89d72540f13282e7c3b2eac41d979ffe3d2684cd686f934e5fe4d,0,229
cee4295c4600e2186fe6e771,3785,0de2482177c8285e4ad71f1b40f6fdfe33075d168cbeaf353d201505a064af1a,0,230
06b41842d71d3a8e585dfb0d,55518,17daa1782b24b5e765fd92b6c61585333c7f9039910b30e643e8dd1c605959dd,0,231
573850b1de9736419117c413,30595,edcceef61b1e0a32d8ea675e708038b7f522b3404c207843070783f3d542f191,0,232
92996c413f71affe23db3666,5006,9737d70f620f1632e1525b54bfec32ccef54856ae639d819d610998d8673e21e,0,233
e5bd7dc221d4f29cca9cf78e,37608,077a0bea5b18a2c681d1269aeff194482cd5c9f2b2c026fb48330a150bf3e9f6,0,234
9652a02ad392c4ac612b8e1e,36669,120a013551d5bc9ec82a8a4d04832c054794620d7e9388a749e0b7f922c2ec14,0,235
10a72e57f377e459d67fa0f6,20447,1beff2935ba497f3665ad90d2e5d4d4fc0f7a48b17b33fa5ae10ee10f3ca9ecc,0,236
f7dafe7b4d888d202d3d9bf4,49404,227307541082ad5c5ba9cf2c67810a5bc9dcfc1282043a1bcb2086062953dda3,0,237
198c451d2ed5686af6f1b422,3102,7d64084076881eb259d7f09a68437e81b421a6a95057f65053815173926d1487,0,238
ed7db535c8d9cc17ff944c29,55972,44d7c69ab9b58f8c7a1fcdaae1ecb01f846ecbcd18efc29c51ce0e16ada8ea9d,0,239
6e9a2474400bb01f48a24916,19465,4693f05f518043f5089a33030ca9564c3626aa6cf501644510543b34bad4fa79,0,240
662c476f5c02d656605087a7,22839,ab6172765079b864c88f27ee9db5f17adf793f2301b40c93dd9eb7ae474c694c,0,241
692f4242863c0e0149bb0394,33780,507d74c256b4ba3439cacfa3820bf680393c202eb6ad19109d366ac89cd76981,0,242
8bbd89ad03d2012c40665b27,8804,03323464792db0da03f99bc81630681d2744ec8ab48ad1f5d28a95099015c3b2,0,243
e55e55f89030d7a8e309b64e,36469,7c878980419a86ffcc24d1408b2fb0547017ccda47c5b9bf925bed93d288c5dd,0,244
a025be37001b40402e2822c1,38550,b7e855f3c7c77591c437669bdab7a7fee9ddcc842625bde400ecceec8066116e,0,245
74edc4313c324e6b576e4eed,380,994779f8d751ea737699e822f88acde92f5358d0117814146fd92ded3b03e1cc,0,246
88b1ca59f1dcdf8fbb2fc096,15934,cec9eb99cae3df99c3149d9f63dced48b7c8071ad74402fd8f306851171b8ce6,0,247
2101e14efeab797a9f5661ea,8501,375e59dfb5e08ca668f6e669e635fc7353b35f684ee6313e8ce18f70c675aa07,0,248
e9ec8e6e0ebac02d86e015ea,11683,81433053fbac9468303b8342cdf7d91e5c1b3bf484e309afcf9e64c5be17f720,0,249
4136aa842295ac9e00d11393,19779,8d03390fb02d4060effb6ee33a0f02d1f252a95f21ac8a1e59dbffda1a339bbc,0,250
f71aab9ce2c61984f478ff32,35944,504c96ecea002a37c11d02ec7d5350bc544acac35991c47d33aae3898615efd2,0,251
7d31e13dc78323b8d2bf9fa7,33315,f6cf40d7befcfe900a37be96f7b04d958847ceb80179ea5437d38ad86557edc3,0,252
8df906f6e0219382ddcfd9de,1760,d089a898963c934d1448ac15fc42dd14b62e70ab7b26565e509d256d09de14d3,0,253
3d7304c1189f7b404caaa59e,21495,e01214cb5bd813701f70ec13e6a7716c88273ec832a8d9f8ccce31b832d2b700,0,254
489d26bd12f9332feef00a39,37367,0c6797477b913cd34ff4d80572ff47a6b3220dc45e461f3d1cadccab469464ef,0,255
49c63746b23c79736a2cc23f,30169,ca769b22234486f4debc988bffc9fb042ccc55317732490318c0a94dc4242d06,0,256
357a4320ba3446d01dc45397,33954,b66efd28c157c8fff943d8fbcebb34352dc0b5535dde8e626ee6fec33da16996,0,257
657ac7d4e9ad0698386e10fc,19167,3ec7bcd9ff9b00414b21430dbb1033aaa71372a7835b301b5e7fc3c51879546f,0,258
22120ee26b0b36ea3b8148a2,47028,1bc10b7d3f1c30974db91b8f29249939ada744184ddfb839a772bb0a336ae163,0,259
19849fd4e27c813bbbf2ddb5,20524,f4fe9e09e8da195a52d5c366be2956f4ce4038466a4a990767b69038ad374b39,0,260
4c7515edd49ff4510ec3be81,37969,cfecc3c72d6211a87955b421cf68b3c606faa6282b6f6ba3dfbd7a9c3ceb1c4c,0,261
9c491cd982dabaf4b68a2a01,12174,fc9847985926e99c63a221d8dfaf1834421825fdd38489c2a22602ffc2529907,0,262
244bf2590cb44340dc7f16f1,16567,3a2d5cf4091683b31638d5e9645b3729c560c14844154fd7071295b04abd006d,0,263
7987314d8a2185144ba6eb2e,54522,4cb71ce5ef6a6830463266bded8d26aae829e3ac56bdff5facfaff4db66ca887,0,264
9b4b40bec0601b95baec645d,27200,9d1d122d38f466bbb8aba537f9e6cad3b0e3a87b97cf9eff47bc8ee0063be7f3,0,265
9fed5bb66c83eb57a6f7ef14,15687,e05bbc4d625191867bceab5c4f8b116a1b122cc9ecc2911c863e5699e83b2088,0,266
31256a9a8047dff5b486d0cb,34088,5d225dabc2b802c511a95877e50db008a6b1728de6e2eab435a8d3b1f13aec87,0,267
daa02f902d0509c6f520efd5,46791,70fe0292167fdf7096e734be9ef502c1d8037f2ff4d30033c81d529ccd595348,0,268
c51e4d6cad960096b261954b,643,3d04a137c7b8cb77d1dc58d403a526b09dbd20a9581e4a8b167b9f477b17ea69,0,269
9668cbca24d580a311c933a4,36055,d485fcbd249ed0dc9ccface4058c669faf78fa52c029ef2f873252aef86a9f16,0,270
abf79e8115fff79dfffb8750,55293,4c2c42e292ef65debc6c7684376a0ded22f3b4d69bf98cbcc7df9650fd0a2eb1,0,271
6715eb45d98e9000c03378c7,24065,73903196712a25aa92a1a1ba08e8ea9962ed8806d55323d8fa7f66780ab52308,0,272
5aea28041a29054a39cf6c96,56768,88d7cac176c8bd176c25c642c890605a22afac30a8fd31ca046d04b82f4c263f,0,273
aa7c0c1c428f2a51c52402cd,56287,cb67cf41a1b50851836ef4c81e04b930e359d60d911039399cd1a8d8e2b64864,0,274
031f5064f34e84ef645140d4,10340,962f9bb12634d584cfed2313ce7f28b2a03de6d0c7a1baaa993c372aeecb28e1,0,275
d453ec1abfca8202bdc3e47f,14211,664dc62328d7c50779e7d0d5cb5be0b27e777d892cb7a76b5c816ced37f183c9,0,276
fba7635b786d1624614e6506,46375,1f837904c96829f17a1180299651a7677bfe2c2b1c288fda0ac560b304edfed4,0,277
33588af402f06a3d4a53f497,30150,c0f80ee04456a3dfc5ebf5ebc5db2d0a3e313da2b5003854c3ed7bfa3c4a4755,0,278
28680971a454ee6ea446124a,12112,a1f4db7367156a3761c96f34799fe090bce930ef020cf35cc04ede5bf8a0b0aa,0,279
141f7ab0bef99017cd73f3c6,1555,130526eafe56d91e87b66f48d35ff1a78db6656ca5c6d4f3826657b99eca2c11,0,280
8d79187256f93505aeb2c8c6,36018,172fd1b619f2a021b2a7a02cd1e69ae897a6160845d62564e02a68d18424f472,0,281
a42ef5b9aef105f936aaa569,22651,ec56c4a29f1074497e5d722505501a24cce78ea51a88151d2bd70ce30ed2c610,0,282
c6dce435acb2dbc508a5f647,45054,9192acfc8930ffef7d99aa2e8f352c47f2d01027ca18261e3fe9b04db888deca,0,283
ba376bf3214b3db59a963238,38856,be2ff8afffc976075947dce8e8f877cc5555f934b56cf5471add400b68a3553d,0,284
88fde40a535650ac34e85807,16471,e135662bb66e9e88b5bd7b35dc360e3ebffb24a001df1a42699762b64197ec0f,0,285
c708c304021476c8746be866,19901,d0d257ab341e0baea1f7f476a4861c25886c6321e5865d1102747e42cf511bd6,0,286
6b2a633c407628f5d27363e1,11693,f462cbb0472ed59cf8bc18fa201014d80fb0bf3fefd326a5450ae137df790ab6,0,287
43b2af2e6b891ce200bbb5a4,20655,a608b6c05ccccab6bb8a5c7f86b766dca9dc15bc515b0d14093b55483234ab46,0,288
ae6fab16773b87e63ef7452d,38937,021089593c0ce453fd16913f69b6c831308caf73ae80c612ef89bcce0f1b649c,0,289
b0dc2336d846a30ffb890537,40266,7a7cd1c3f8b7b3aba6a030fdd8b1529205e85444629f67998f59a5cc85fe1f28,0,290
b26a360513cbfbbc10e75b85,2697,4c52b43ea1f5d1e06ccb235a2f74557dfa864e5d3038e7f6363b9d29cad5cda8,0,291
1accc3d61d2974e84ece101f,44071,a271ca20e3e5165c668d94a61a6e796cd9390926ace5d0c7385dcc683451fc87,0,292
2f1155950c178e53d23bacfc,28656,ed6e55a93eea50508bd3fd95f92ead34df5855bf9ff41a6fa0dc211c0e1115be,0,293
ac2218e40d1bf1bae551e3b2,8110,cfc712f5007eefbbd790f301a3eb8a7925fab6f8af55e023a194f8f44f0d7585,0,294
ec321aed57da205afb772a13,30542,75be9087d1ab5e13e5ef3b8003322000b4b4f42fcb77feadb8f4a7fdebb79525,0,295
23150cf250f3080845bdee72,17840,483ae7f654189bc8ba962ae57948d01eea3ee77854012b87af379374725ae301,0,296
6e9b330d74899acaaf748dbb,14498,e31caef86d26310fb0ce53497a086bdcaaf700e1cf16fee13ce9a4cd0d0e09d2,0,297
8efefd30d07290be8e76f8f1,7730,02ef68501051c4154e218d511faba3d6adeb6ca70da406414b595b3b09c24774,0,298
a0c58f79678bcb0d668c746c,49600,e1ba1414932f254521ba07f9c7393377cf7b334cb7c9d35b4df3deaaf4810dd3,0,299
6f5852337a168623b4123e23,28105,361e5b5603d63bbc6237a6f6f74258047e707ae044eedc90c131699d24a7fab5,0,300
dedd8c1643b6f4f57903fb2c,37450,576b1315967a553a6254d82e437fc0fcbd0c313523f6c26e95d53aef0b65234c,0,301
421cc34b1da58e8044beacbf,15149,e840d305168caa4f4322fb914ed12a2177583d9516d1f3aef18b4c88c17be2d5,0,302
c0611678ce89e4c0f5b81487,48988,f07d2b82eefec5ff9953244d3b9d8902627093b0660aa85e1908c095f4f122a5,0,303
06e03d6421ffcba0dab7c8ba,26372,fe36361bfbf128fdc5f9f138e332779a22d7922f8ac6b7c555e86cc4cce3fd3d,0,304
029d09bb60400759bad6c3ab,24806,5b8b890301af4bedc183f88c2ee224419ee4fe7997f324120424304e86865d3b,0,305
e40e7b3c7c65e6969a0fc637,40655,c4cd68bbcf19178b8715526a24f4ed346ed0ab76eea2bc33ba378ea9652ad48e,0,306
040b132b23354cc24d961625,55277,11b0f4ce3e25a45ca7419bcc20c861cabee00c56056c5e7a4972b315f9e59cb9,0,307
bcbcc133d632b71cbe2a851f,28513,6db9efa75c0af68709374e0693adcd043757857173f2cc2d8872ff1514dbf674,0,308
dc313733444e1f41476ae1f3,43428,54b39d8bfd3984b432f02191f9830e05c5e3825284df3f9fac250e0e400bc84c,0,309
89abe08c5dd77910a17d1aab,1896,ba1c1435ed85c6f2197f5e74156a0e2826372fd397d3082e2e9447ca09b20c42,0,310
527adb9d41bec3cc993d4c0f,14615,486973c364a76425e2366028910546b1dbef3b657bdc2505ecbe92349cb2f85f,0,311
6f8821043d1a15f176d8e681,48311,fa0ff5b188d55e6b8b58038d3f2e130f2303e20a3578f377f044a124effc0253,0,312
b0704305e6113512fc1edcae,27066,8aa2245fa4580b608e07793673ff70211830688d5ce9cd2b53bebc5e5a320fd9,0,313
30f1fc86e1b3771f37398a77,45132,d1936549e5cf9d324eead8034b2a4f87c1d43077c3ecf86723eb3397b5440625,0,314
9513513edab395501e15b97d,49207,81a64105ad6b9b4fa094be40607665ccfb9e06acf547f5f5ed7cf1a1e96455d6,0,315
aea312858b283e2154e82f10,42183,0722c52d47c3809e8e5b8c8a1cdc400a3b2f241156b7efd8ee6a69ca313513f4,0,316
2ec39053a9bf4062f1ee8bb9,11400,49b8407492d8efb8d456f4fc5acaa349e879d787dc2f8b41f6927ef77978d396,0,317
10cf116765219f68a1e8b562,26256,4176e809f8c9daf588ae3240abb740221118b4e8759a595aadf7de6a123b26ff,0,318
35d9794676f363675c59e5cb,25934,55f9dea8a6f809d52db50b2cb2f6021cc82c738060e079fa584030f9d6c327b7,0,319
113a44b04f80e02d2baaf1a4,38645,f90ac93849dfefccd5fd038fb05a4f5993e3212bd32c6e8e34b7756029e09873,0,320
501fb429f99d2da5d1452d94,48368,a3ddfbb011354a1e22fc621ce6b8c800ee25b5a37ff35be4af14b97f49e31268,0,321
6fe8a91343ebd073eb631f3a,39630,309f492e0b2c8c7bcafad45a1266699824f57a2a34e876acecb18d723be49fd3,0,322
51ff10048c12df667929d009,28408,3e449fb26ba4ade3de412f024808a33bd616b66e30d06ef0f89754c489ae310a,0,323
83f6b9199d683d7757814d1c,20048,fdb948fc564b4d508ef7223cb433117cef398f6fa127cab509cdf9318d55523f,0,324
9046b6caf37c3696fcbabcbd,37977,f873568da52136310d00c483c974023dc88e402d80019fdeb4d3872349eacee9,0,325
ce44155a7e01ee288967a716,1161,53774a602191430f2be0f9deceba031c95e17ce0591b7ced0d45a1947318d6b9,0,326
2517a751d006f99fb050a669,35809,efd632ff687284a221b136cf6e0a82f0a23a67de209f9b44268a9e9f6b0bc3f4,0,327
d3f2b00c98776127279647bb,6142,0c649a33f2b8a1fea56d011ecdfe097237ec2d0d95c53b5328a5ef949f02cf0b,0,328
a04bedb46d0b8435bccac92f,49707,475b89f00dfe5c4518e6105a78afd39ccdc071577a9d6dc4c6f3b9bc5c134157,0,329
16d2dc22d47fbce89b668eab,7446,e7d2f9be67c5f2f351d05bab802f450bdafcf2305877a81c64f4a67be7b34d51,0,330
22291fc6d5843e918fdd7f85,54790,effd91365144748db457ffda83809474c92ee8d6d1ec3cda5325a45c8190896c,0,331
402aae97792cf83121fb7838,21227,db980c6c131f295527a6aeefd121dd2ba703239aedbc82b5384cb05a5365d442,0,332
960e20513100b670f6479569,29177,ac05aa2e84f5b29238ce4f7d49b56167bbba0763d2a11f252dc23ca6ef88715c,0,333
4e50df2a6a0bb2bc0bafa734,25440,97741b26ba4398a81365d3887c731f06c1a9bc5fd9a9e96ed62255938f02bd0e,0,334
7e579b440a1b5fd755648cb9,17522,bad25aa49b00e6f74aae0ad2609310e0835dee4cb1c8136c8662916d92cb0cb2,0,335
52bb95ba826b6258f60b1178,14110,dd0df621d22bfcc78e97469adfbd11530f3076a0abe592597620b59bc075537b,0,336
99ca64d10a530e7c1bb0b837,32266,c04711282c93bf559f99a3e85947c6b87a87f46fb386939191e413014c42bad2,0,337
b0b2de1aae21694d163d7508,21470,fe51a040677ccfce2413ae046d226b37d49433e00a94e1467d9a842e52d150cb,0,338
c8288c7d500e9a94a609df06,53389,b99ebc3f1f1a380664b1aaa8421aaedf6b7806fe659bfd575ae86e829316ccf5,0,339
6ff88129565b3a5e28f0c0a1,52658,b1700a871783f692d044937edd1d8dfab88d95acd215d5618e317474b5cc6128,0,340
0a1c679bca28d61a66f3e407,3750,dba62130ed01c7c326d52c808788eaaaef2bfefd7f69bb1268af30b7e23f20e0,0,341
53318efabe5780969bf69bc6,45816,b229ba9a0bf7403c1997770a11f5ecd13e1da09f654168c56dd08c8263a28290,0,342
7670815a242a7fc7e9d4bdb4,12310,268a02afdb79cdcb23aa174431a8c91c17ce3cb9c8a2505279b4e4a6e720ad10,0,343
67057e054817a1822ef09814,16138,089d50136139d38aac81e20ead685203bc658ae75963a49c669f3f9ac606f359,0,344
78333ab15a6f393352261490,47636,d3d02e587f41c59e03d965e60cefe2512405ed40f64390557c63e7138751f4b0,0,345
68d2e4ab5ac3cdf3178aca2b,24832,fa1531c65ba0542e492cb523471f5c277b21a88e121b08bc152dbb9f5e62d21e,0,346
c0fe23d82ce2dd3da4499ae7,31020,846f180aa78fe97bc85d8f98238b127fc3a3b7c09995a7e1ab3f18c9e5cd3bd3,0,347
5fba23588d2b6d15530cb494,12204,aab99dc42833230d87beb55d8502323eeb2b589287ad3732e13552948f473b3e,0,348
d0616e014de4d8cc6719450e,51473,b757c8c7a36f176c6c48a3a2356259c827bb3be7c4c9b6c1ea2d75f0da1f10ce,0,349
a0b567214f4540f27c821e3a,48112,d388caf4c13b5de0c37d97c2c9ee47240d5bf0f52bdf09e47ce571637ab8d3b9,0,350
43644eed63f1ba6733714e79,32076,fabdeb64a0b11044dbd1b8a12a2b505e36aa55701082169bddf7bb76549f84bb,0,351
9e3f03a5f6fbf988cfd63f8e,5800,c1a1a60aad057b6b2e6242fa0156cbda2a6243b5c8060350509d30abc323b200,0,352
72c880bc561e3fab5262422f,339,03bab9e2d158d3c52ef944a9b711f4e82f4240b8ef0de2e9f0de40468997fa36,0,353
c982a698baebdcfbc20baf77,4244,c6502ea146c6341090075d487e4a5ad1df5c22aafdd6b91f078fd61a030b506c,0,354
53fa2ef5d0145d1fbe42ee30,55409,48cc5c49f5f74866facabaa893fa9c62df4b2936aa20aa48316f47e5ddb368ff,0,355
67aa14bd3bafac33f111cc28,44649,e5f87529e3de3800b687f82ad622b6b8cab3f49ad7bd4dec45c078fd50b5ea29,0,356
7ae0d6cded093f7f0e883b6a,1200,525b1b86013ad45c828e541cec3d4136c2d1433ed02a56e66dc8d5c08bd44a2a,0,357
fe4fc80ebad08a917590084a,41788,206a39fdf7c072b4a362575a2d473c245726196c8aea82968fce3b202c0b8059,0,358
41a62a74bbfcdbf53e4cc6b6,15361,0d18ca4a16469dfc754db2bf66d9fddcb66408ee2301c6d95d576e43bdf9e10b,0,359
ea6a68ed4251505e607c0b7c,17774,7a8935d7939f55d83f4af8063862c2f6f4b893c4f8e87377d1490c9b4c499028,0,360
ef3ef8c17bf4c737c9bb0bfa,51630,0afa5bb5d5f1787945e555e91474675beb6f34dd9a490423c4d0460e4d454885,0,361
e61de5beb4b52427eeae8d9b,37329,e30a849effbc374c661117d7377455613f0fd635e9671a8f05e4fce62b7532c1,0,362
441376e73a58038ae0888443,23035,ca8017b3f91f9306b2f88188b005fb5f570735677d5477a6da990620c0c5aae9,0,363
b3d9dcec68f3bca05546a4bd,51028,00fcb1f7ca45c45082db7a70020c687257f8dc379a23959f41b6d198dccc4c14,0,364
0b2e67dc77d32eb7e6f8ee21,4096,6a2a704660d6eba504b5d618b36f4c98523340414682efd4c4ef3393e4ac6d7a,0,365
355fb71c0f6239ed85393eff,49482,3e2aab9b0b050ec683900f5cf5905c3fd10b808d11b2292a860c44ff5753233c,0,366
1bb4e17225c82c630617b263,11290,27f1c8674fb9a50cf9ef3e68cc1445c745c072486990c21c41453f00e05d4e95,0,367
d41a2d56cc8a83df156fac94,41516,b1514dac3cdf6189e5566ad9bdaf74a89a8536d0785edfdb8dd2cbb226efee59,0,368
3b21077494c09ec6a1675dbc,44695,5df4f138c2345d8c2b0ea4129c1da899a6dca1b4e17907624c66fb5a97aafdd9,0,369
c90267c6a8ea83d05a1422fe,39742,acf42d993f973a3f0c152d0e0e53acae63b6e5e6a95ea766b51944fd12540243,0,370
b6e1ead7cb5f7f8e071df2be,54647,c2f9ac4ad178cfb9e966b03ffbfea69989fde24cd59a62a2b6827e0e38899a11,0,371
a1b02c11701a875d9b915ec9,35780,45469d441ee2adfd488f7b02608941fc75a7718e90d166c51ae5b94aadd84021,0,372
2416edba3f0446439344be93,51190,0bd624f1e570ec851daf5e5f8b59640890ea56d32e96bf1b808d6a29a3c0b2b1,0,373
819d99bd3239643726d5dcc8,548,dfa2cbfb36b8ef2bbf77fb07aabb99d4475736bb92e75f245122fe2eabe40411,0,374
ff0b8efd81862368d3f79103,52207,c9c0e8516f2031c336dae257b037acb0d5a4baa9923974ae601f52cd1cf1d0c1,0,375
1e1caab410ebf183e7e7ccd1,22452,27f1b8970a49a405db013fb054451a40ff9d0ad4981025f1fd0f7f1a91b538c6,0,376
82690947a4d844d50ec7aeac,39809,e4e5736e4704c4082f2022c86140e6bcbc773013d237a92d6a06f7a074d0f74b,0,377
cdbff056f0b36e0b3ca71d7e,32915,601af32616466b63216755dd3ca3b26244ace25958b67e0e1f8648be17c9c45f,0,378
cd01b72dcc8a7bdaecac3e18,6442,46ff1ec2d6e14ed684c6996d2c9348738b6a4922938374daf6d894b86166b0ad,0,379
a933963002d135a952a44fb2,2440,2a9a82cd5252d696be4accdc4e44858807e08c9346f746414d034278f4f4c59f,0,380
0c6bf9e87f8d46ed8de75dc8,31708,1a2abed88c13e788dc6030d84ee458f73d20481da6f7307d6d6f98e7e694ab31,0,381
b830766a4950de8a1bccf802,28037,dd75dd5482dc3707908a1be45050a18c0ff7bab1e37410477dce13023f1863a0,0,382
1100529399849fc9a8877f7d,48042,d3faf74e224a8afa2d1a3dbb623fbb822b4bfdfb0eb78675b4498a8fc953d1ad,0,383
944fbfdec5c600fd802f6909,22945,9ab78fe6ab0149d42fac1f31bef42f70aa40bf4dd8971abaad25f4b7545be353,0,384
e9bbe3bfd319e2d94afdfb87,21980,125fc22cade8cfe2602843684e251163ea66b5eada84069b8825b21e5c373e2f,0,385
7e3a3e1dd0bbe966c8b2cccd,49640,a0227bf878246b8a72c1e9c740edff614668115292109f6f135563af8cba6874,0,386
f436bc9a99102f69b0302a1a,51063,e7db46eff610f062f3fb1297636a88da434a1a655ed16b807502db26b391706a,0,387
5dc610e0b0ccee1a5d082751,40379,091ddeabc52a94f6b27f183d413787ea40314f9281671edddc7a809c5c9ff881,0,388
01bb7fbaf34a77b65d733c3d,22714,f784302f196ff6d9c2f0a976cc79c19d64e3609e8328803d09e6de8be596280a,0,389
f10bd0b2c4d494f3cb51b8d1,43331,8c7d1a898cd16827b02b60c7c1f5e44e8ee1e0995b19c3a3c24a7d208c2dfa18,0,390
1b867c877d2868ca096ee214,34090,f80415bd5778cad79afc46c6415b9015d28cd067ccb204fd8e90d4f984c9760e,0,391
6f2ec3e060142d95e830fe6f,2909,161871e2fba5e825f6dc0d27c075a669a31197e5b932d1ffce2cb7f8d686787e,0,392
e0a7c71f5a17800b15239298,31692,04a57c90e4963165e29fa433af94620a17d9e96f57a992e1f89f78fb288f7fa0,0,393
d3e3a2b68cdab8605997ab0b,10668,d490525ed98b50f605a7d71a1b66d17bed2fe1533a641d75dd711d59535bb7a1,0,394
dfbfd6dd7ecf188ff78a97d7,52555,735621824f4b2ec75e8385ef59edb9b477f148e07764d97496175f459ed2e16d,0,395
ebefd5fe7f531af7d9702623,50381,dd970286ced258c0c023c9c4f330acfae7e456007bb946b0a1a1ffa8debda9cc,0,396
cbee54eb10b9b8f47c0fdfc5,50408,55700d22d3cc270d4a7b7dd02b4055e298aa522d55bfbaf86b729062363cdae2,0,397
611891398ac8bbb15eaae63b,50912,1965e1404b672198be18a2d43dbeeb78b5efefbda9ebb6ea04f1fb43a50bd14a,0,398
168208da544087fe8f5f84a4,13139,d2e270dc6283cf3fa3dc250a6992301ccd9e3465759d6a2a3b2a465a661f4a96,0,399
f12e62377459b80da5e6875e,18049,1ab76051f0023b751a1c4c6facf260a1d409dedcd92b15870e6a3230f710d18b,0,400
b91dfe2f9c0ac2503da68df1,27704,61ccc638e2ea54c82d7acc08e181bbf716a2a8354c399b14b94cc49144cb6b6c,0,401
2a55e2f6aebf3d89d9c8553d,7695,57ef3ccf2b112d0a47f5cab522af7911a39c058c272eb97d56f22fe9ef1e76c6,0,402
f1261bf1a099826ef5e1a3c8,54711,326a62052577f6debca0b4b3424ae769939c7c79a0b434771fc21c2923c8a50e,0,403
92a2e6e749df5a5b97ad922e,21604,bfc5d84e0b95fef8b0f0dffc92517d67119ab08b0871d1691e467dc44d3463d8,0,404
55d73525a6c0ea161116dd96,32554,551742c617fb763691ae3ba01b1f51b338f0623eddf8d6fa7f2647e851926433,0,405
6b3a58eb72b262b437d6fa99,49892,c31e35435b8d3958441d13d871aaba95fcd5a702f718885c79947eb440dc56a7,0,406
6b4486ce9e18046af445a3d5,23765,da8268556cf36dc029947491a97297cd9ffc41ff405ae862d91d5571438920ce,0,407
7a6d0589b8de41ced015c4c8,37765,57f8927997eed49ac1a7b6f91f3b4f601481aa934d4446062a41fedf90b17525,0,408
046284caddd10e9faf059e71,9412,5455de419bde424cf23d0872ed61d3735b56b695c58dba3cbc925c5f82086c11,0,409
eda4ab6fba662e1ed5ee01d5,41534,3467aaac22d27ba70637162aa0b862c04daa156dc16199d9c6d7ee6b73c027a8,0,410
0d8d0c0f083ffb7b706d2963,15995,c68129276aea457ec46f358a5849b5112452ec43ed78676439c423e2305832be,0,411
d1aa98161666855906bf3b59,13791,95f1b374460b7f9d8972f7acea2376657489afcac87d1e3318a637fbd37286c1,0,412
296cb13ef11fe0467b59f468,53355,bcd915229350a95c4d44989ee4875ae8969c1dba2b8d7b66d4f1f2f1b0f7e1d7,0,413
0efb3cf8547dde564e9511d0,25525,3a8ce3f4a4428500dabfc3f09d1330ee1f34675c7c8f5c5eb4f2de05143c2c2b,0,414
f95a031cdf6c6f4da0ded2f7,47199,0ccd4bfdbfd6409b25a368b57b275f7770dee5ddf0ff0e2647af427207b8b57e,0,415
6acf8309f0e581848f19e46b,51816,1ff0ac01c10b5517c5662b3997363bf59af0dced7cec4c638c29240dc10de0b1,0,416
493fa4bff5815da1db3c986b,38356,29a7155c9b59f0c31866eba0c92dca02b6a9b753927a086a38ac920d4eed9dce,0,417
f603c11b8db957092daa5dff,55888,c9de193a55f2f550f830e7b43e2a74ad99002ebd32328cb1e98b4afa6714d5ec,0,418
270cf7dd055c6e67d8a91c79,14005,31bf711d041411004fa71119d53a19ecd8268d1736beeb77f5d89396edda24b9,0,419
9c4e6a6830ae7c670c24d9c6,5320,56f7c763fb619f2bfe203f237e6b772fdfd8af624586e64df7c0af71b6ef8201,0,420
9e1d591dea1399ad9e1022eb,49946,3881d2c926f3ae782e5c6c778c3e6fadcc2faf813eae2161bc83cda7cccb5418,0,421
10d2e58970d62881c509244a,35353,cacab20c2461ebb78254b939954a3aeae936c03e9648e24e6c6ceaf081a7dbd9,0,422
5d518381eb6b08e23408b130,36349,bc16c0ff92a28eeddfab72ae17221b4b5dff70e9aa4d0076a9d8df9ebd310dd6,0,423
defadf5a079ae1e104a12179,11618,36d704523e419b60869093b23884636a49d08ebb11bb88ea9c66c20d0a640648,0,424
69112853d6daa21414f052cc,32563,73542c83c679b4510a39717527830887f92de41108a9dd6838007c1831830fb1,0,425
5e21850acd07fe1aa099bbbb,30918,334020e99e0145b06c3d90ccdb437822dd1cab1ff6a167573683894924e2a4ae,0,426
56356663fee3dc773c080f32,6477,e8818bb907bae5e12bce360eff6056b40e5d41ee1cfe756580f402b7adbb5e7d,0,427
f69f7c85a732ed3e9e860dac,30668,b4a3f27d5cba8060200ca7c7408e00001e9a034eb785a1a0fb50bfeccc2645dc,0,428
97c034193835f27518739be5,33549,6da851ff93bd71d6e1b214e2816da5c585d268034f136fbd2e80573f4f320b07,0,429
69bfd00e63f0356b048cfea3,52977,c54371376b57a762c57573056ee785b82f172216a58db4f6eff4f46648a7c624,0,430
f37f174875d8e3958efaab7e,25376,1d6269c07893a87ae5509cec71ada0ccf7b2ed9eb37a0706f2949d3060684102,0,431
5dd4db3b4402132e543ef8b1,53228,7db2d9032290c25a2c614091c95ead81b5960f20648eeb9ff1048a7b10a47cc1,0,432
fa9d13e30b344351b0880193,25287,e09dab0e3840a85a6001a3a1e91d3469b406a39db33809a0674a6842b509d202,0,433
06e6d7f932b55ffbb4aea599,52502,8dfe2ee4558bdb533bae9a0823d78d109f142f2216078a89b063c9ec171caa4e,0,434
8a469324164ca2bf432314ff,3170,56f94344d8034f3f210868c479d5f2cb9fa633ab95532c58dfaf0bb043df4b10,0,435
debd51df438ea50413119342,22902,fb878a27bd7de5effbf7630da7c8ddfa55f42fd5f51667d235f0867371beff79,0,436
c34968cce2499c10883cc9c1,25512,56333e416e374bac81444131032acc8708e4cdfd20d5183e8cd11c19095c47e4,0,437
292b1ce251b3165647950831,26193,6d05a6c92ad2c0e322a5ec3991bd529a89a6f5f4a863fc2ff5c6a1a5a63db5cc,0,438
f86fe69e7cd436b68db6e0ce,9212,60fcb160c15bd8de1083a6480f24ca8ee981a6bc4c5dcfee75cf7ebd2d1caf8d,0,439
f6043e7271be47d6287cfe9c,53304,147a0ce402ad9cc43da4c7e4e6e3e4936ec70a79a7dd37a9a0972d100410a2ce,0,440
74633fd9e1a2cfbf4194bbd2,16413,43657bb958466f640a46fd4649e21a1d90922852b56b64b7ab920671a91f9708,0,441
a7d2b23fbefe04f5823e25c0,24939,cb21134dc4c8512953b5b8ed5dce7a721a3574405935cc2c1725f616fe1016ca,0,442
0613b22d2dc0be2db58387f5,22138,8b349a8f0102b55483af16dddd43485ea94165608f7dbb812c17e0e681f5573d,0,443
80596ff4013fcaa33541479b,29272,9053401965c1cf298f6dc21a3661862c43f972cd28997506f7baca06bd1911e3,0,444
731ae121f2cbfd83700466ff,55085,bae48b1c8d4f5cd0e34313c35013147c36214ac43ba546149456b0bff48978bd,0,445
d025b6c8cdd6baa5e4ff3e21,49996,13cb52bf5f05095f58693892369cab2a22be9e2bea755814536382dad6c58ec4,0,446
4f7973356be48a9ea09efb4f,5652,678bf265bfd08153fadde63d9361c0572198671e82f02f336976409c83142f19,0,447
ec39702d384ca5fe083c12b3,20318,bf57e16a8250ce2d80eaf754bd1fbb9eb06e7da98e417f39da3afa2873e0268d,0,448
71c458e3a18156bf4b5ae48c,18219,45902162c91c9cf7b36145270d17f784dacb8ee121b9f8f54c4e2e8e38173866,0,449
5e397549712c75fb81b918d4,19651,dd4d93f2b07e09ddcc9d6e2833f4008aaa03179d020b9a947060617e96d04014,0,450
407acc6cbeb0f17ed07a9762,30320,1d2665e5d6a09a4de85c1362475706c65441362efe2472459c76a8da5cdeed83,0,451
5a4f177930a45be4613b3755,32559,e33bca27646e3ef42920c2484b161f594dd3ce21b91205dda390c5fb77b01064,0,452
03ba9caca814306d40697ad3,3440,729ee40b6fc84886f0953c029b36319640f3b713e70f6f92c95aff92d0a2c3dc,0,453
8131f48a58684759bb2bca07,16219,e89e3487fcd62e7723555ef42090ced67cc56d11e07af0ae70a4afb2140e3639,0,454
ce71b5e9ecd2d94bd8c30a78,19087,24f66fabe36feb2e90726a0728f340a7ce861710a43ae9eedf6dffb1772f23b5,0,455
a5c83c29c8aa82cab7aa61d1,25204,90aff1f9125f55e2c7a0478aae3352b4de43a01fc9879f66af55c890313289ee,0,456
6360040e363adf0fefc5f1b3,45624,b0dbbc8f04f44c40ab74f098b04756dda1e572f9d2768fd9af66208fa461efea,0,457
86b3440fb86885935f66967f,33762,a76515abc3c7526b9cd93b43d17b15bf03254b113677cd07ade3378fd4f57222,0,458
32e703f3382c8085ac755214,14381,21ae20e49ab52a9b76aeb7963f6548afc692606b578ffc25c104a4455d2d191d,0,459
de153dd691b3b15588fe221b,50353,50a5a91be3b8bcf6a0dba60fdb81e2e4a4bae4d6527928ef63b4862514105941,0,460
167a3ff43e83a7bcf4feb522,41766,bd200945e77d50813097d1b7033d52072106848697115dd2f389e18d36ea8ddc,0,461
3e689daee34295b02daffe41,36551,d125a09f2d6e663f44942e3de9781827df3041240a5aeaf6b7fac4c715e3649c,0,462
1fa6d0580657d45250ac96ac,38320,f49c52c7e5e1b01f2b662cbf9151ecf11effedce5ff37a92614957738f9a14fa,0,463
a2502669c8eb96b8b27d0242,5046,e1c1d4dad9c9974876b68924821b2abf9b6bbfb6907798bf76d887b43d33d28d,0,464
2008b602c0f2c58196538cdf,30817,79b81409adea1e34567c4ca0878ecce7b5fa03b546ebe649d219b8ceefb6cbce,0,465
851f3f6eaf6a0119ac2e3952,38835,53d34e0be47570dcce574b73d2e2d720179c587be10a49c111c63e05f8cdb54e,0,466
477bdba95abdb9500e4ec4de,55510,c64ae92bd0ad3240d0fed63f15fa131c645de9d9bdc6e9201ca6ffbdbdb55265,0,467
0ff1e88279d0af85ece9747f,28619,954b83a72d9515c2d438a56ffc4a6034bdadc85d71a26077ce0abb651cc3d4d2,0,468
d583947d423e8c950c48d65b,56773,84550526b1e2f8cb88affb3f039a5499cb756443fab283bfee10da12c4ff9ac0,0,469
f628ded7d0094f581c3867a2,20409,eac39eda1ad745145ae3eb6baddfffd0beaf5a041c4257f0ea6931b69cd7925c,0,470
8b971f514234131e6bfdaca9,24118,a7ebb2bd02696ac53ef6d609a5a1c8e160ed0e488d4ed934a36ec14e7aedda0b,0,471
34306681f58a9cd5782be825,28816,3ad13df04a139be82e13eff9078d1ce383d367841bd1cf33cf5c882c944d372c,0,472
68c50740445df439f2d549a4,28851,c2d214a484e9d44d34c0c26cca27b34d0eca755d7d7341549885efc7ef592425,0,473
7aa01c19fb0078b89bd2f130,23226,70b304a013df68ee26359366b86745eee81b3e1a0501096ec24ce547156e2ef5,0,474
063a174c19174f7204df8a5b,24109,1e3aa5b5893d537c3274e13f8c807faa1906eb8ba12eccc4b6fdff738d553de1,0,475
33f4a21cf417f3efea3f2ae8,30606,26638a160ae1d3477ad768dcd254db9a2521dd6d0ea1cec313729a3b872d17b7,0,476
dd3c5f06ffe04a069464b64a,18756,277ad7549911892282b449f7af79526f536d61d14cdb57a09de8ae65281894f3,0,477
8daaf78fe50048459d7d686d,26881,a44f3f1039ce4f4a62068ba596a19842025fbb753a66e1db066c39bf7ed519de,0,478
6f9c57f53165180026e57893,7189,39d7c8a620eaea1508f5e976c4acb2d2c62240f4bd8566147b82523317fcd869,0,479
8641282c1789f7d4b60f2eba,38048,f8c07cbb7c353a8ba3af54d06cf2593adcc030b3ee6a1a7b0d9fd001a72f0ce0,0,480
cdb10d8adcf45632d27be506,15799,591a72726f7847137e913612febbdc269b1b375d97474700459fbe1606461782,0,481
2a4f2aa22afacddafe2f1935,22660,7c80607419f29dd6ba905235eeade039655171668ec4e3d26384beb34d1b7edd,0,482
c4a170c0d1f57d8d82920331,22681,d479020ce883cfb44478edd0339cd79c49c87787f5fddf1c41a3697241ee4dac,0,483
f7777cf6b979dddb8c2c1e75,55610,94fcef46649ff439d24fa4d6b426503028c7abac4c48d15ff7e294d0f7769e1e,0,484
4d6d81bb554b4b6b99ef606d,36032,3c1344abf060adc9812565a0684bf50df8260f4471e776a3ea8a8be8e4501ea0,0,485
c9d5219528f8b111a6a7c553,40140,60576ea9d7fb4565d1dae33d7669f7bc670414438ad6fb4c2897607ce8f63c27,0,486
9d15dab5dff0878dd47eebaa,3948,a6deea1534ee7f0680377844f99414f3eebe379083c4fdba1c6a0c4ee2a0e97c,0,487
57940f9cf49a2b6932e6f25c,3046,96a9ab28c50b31de2629c36543480592311f1f4afad8d942fc57808ddfc668ed,0,488
ea45e106c6f60372b9384c6c,4551,ada11b142cb6ea019b5d188c8ddead55f7bab27e7836722a773c82c7fdf59d82,0,489
e7fb6e93cbe448fd4012ad69,25393,f52318186adc9cb23833e4db93b2e1e070ab3b68dce41b2ede59a77473f130a4,0,490
70cccebc547f3572d0d39033,20754,9efda201f1a2c304a9a4f5a5bd8dbac5782808af96aaba2b51047c698e70ea4a,0,491
e0df7e9dcf54a2546653df2f,50910,67019ab150e69b797eeb2ed9d8fe9d78dece6f3fe053366be7718ebea7245809,0,492
6e2c67fd4598f396db6eab4a,6564,6125b726978d0adadc1633441f203b3199801dd13b1f1f8f102f618358b69c3b,0,493
0b1cfb5915dad567fbe6bcc1,29283,c9f2163018df9e45da30a90fd98f16f5ea95cd35704d1f89a906edb937e86ffc,0,494
d6ff23f2488a1821d5b12449,5620,290cc457bdb7657764950088b7c3621fc349d0031e0f71d37970c256ade7dd73,0,495
3645ab88a1c496835f445e37,1075,07c9bf71544ef283d3c61daca3795caf7f6cb5e882404f5af3cfc822ba3ff843,0,496
3a9af9264becbe316e4f3b95,27617,54e47fef9c9e03d55028c5d583a89b5deceec798400eab951612cc5b5f21e16b,0,497
4d936cc09947e9e21d6b3cde,43604,5dd8a892107dbfd5451a04171340fce048a075c5ae47a7b54a237243205b9142,0,498
725e9ed81ae3c751d95b2d26,43103,51ca03814e1842e95fa7880740cd8a2ba82707eb4a26888aca5c04924b6e928c,0,499
ad25b07720824fbb41fac33c,16083,3cada20c562071513b0c7bf3d300b06c0aad744c197dc1257877f835613f4289,0,500
d2ad6243cf528f45b0441bba,38240,186d5457f1adbc424a27d7aa498973d312e7e5d2e11eb0360618f8a62e03150e,0,501
2fd6b4a158d0a6541d8074dd,4185,5a0b9b045ff3ba5bfc63380f2d06e46142c2b75a208ddc0e6298f3216d12eb0c,0,502
2b95bc6a90b302eae3878651,23725,0ad3d0e7328b8f744039c0e86f92d80ed0f264699e1522de432734b7800f83bf,0,503
e8dcc955ac2a4740b7b6dfac,40123,32c43ad6043aa339bdb1ed89cf1e062cafb7784b1c2167ff5fe25355a16ae4f6,0,504
709acc7f6627a04167a8c2d6,31485,372d0ab3aec3a7426e2389de82f95890c7d020cffcd451cee370e1fcb7374bea,0,505
c6eea4fcaadc75cd4846f602,13117,228aae00d4b0e9b16b7fc14a449bb3bcaa87a72dfcdda7d872b7da435e6c8020,0,506
6d6ab25597bffc0b7bc0b1c3,16349,d19087738e948c86a4882b90ee664d69817896adeb8ec00e6d2b7b8b97d34159,0,507
0693e19aae6b5d8d3f63a90f,21472,cb5066737fef1f38f5edb6247c12260020c83a48a63f1b486f5df009ab7e8101,0,508
68a0258ed332c20a335c3a9a,14418,6edc55422474d676fe7273e00cd6eb07e61b972e3118f898d659e5114a9a812e,0,509
328bec2b7685f4e2c72832d9,19716,78aa854e6b37afd1589cb126255b04986199d6071869bcce3d729de4b551b68c,0,510
215f7e86bc3f23b47abd89fd,46833,1614c5bd779feaa048e4902ed4193f8d544cf0f284dbdc9f41d0e81cafa3e28c,0,511
aaaaa4d3dae1986ca1abe9ce,31304,b761d9432be5d73704ca988e61df78bf432c377a1db10ce2cd221339b9adf07d,0,512
531a022f5b502560da1dfaa0,25591,74fecf673ef2b55db1d1f4be6a08f8d1c1c6c9e952ff91a31dd17fb9c74a9334,0,513
0bad37b2ea3ea79f5d45af89,14725,f6864078483e80d7420fb5acafb9cc75a7d37c10c278eb982f419777f43f7fbc,0,514
95602f785e2461c5965cf36c,49221,d9b70a0e694b4a6a3da0ca381a0459a5d1b0f529568dabb5156280c488bba1da,0,515
39e451c9aad4ff641d75cb6d,21171,8740b2f7213591f7fa04c97a36938f7ee69217c2c1a3ce493b094f7a34ecb1ae,0,516
423bbae2a666cef3d5ddc416,46764,eea6bcfcae31e7c54dc8ac056cebf4d6d4bed96da9bfba8e354c64326652b9cd,0,517
237493d3244dbe50d01f3f76,36189,ff77a5578dba9653ab67547f2d7d209a417916318c9c6ebf88c2c43fb02c9a19,0,518
df7ea1410c6eb6db6a001e20,52839,e3f39dfce572ec74c46f6b2b96047989a7a66d089419366341354bedfa9e37ca,0,519
64e27edcff3dc61c477c105d,31496,0b00342d3f8e504ff0deebbb35433feefe46f36da603c61fd0cbaed9401d7ddb,0,520
af6825b7c124c4e6b6cf263e,27769,b5d965ef4ac0e48a7de4b20df3bf09c708bc1e7cfc5a4b70944ec201ac511f9c,0,521
5d5b56b4caa14df3c1dac836,48575,dc4636b165e25415ab3d343ac3eaac97e4db1ed84b30e44fe0460da297d5b154,0,522
a51e14d386229f93ad9ad95a,25353,cebe1655d0ffe7f4934187c38401f89affe0601a6334c2e7a446f4b8d3e1149e,0,523
3f53302848c8bd5f65190856,54676,3c804eb6912bdbd13d25a7c42663d7da3f546ebdc0698747bf418786e6e31ae7,0,524
5617b45918500b5c0b4bff57,14167,9cd6cf27834053abfc6dada32e3c1651d3d810991aa19e413e74f3ce2d12c936,0,525
abebfda559be8f415cbe854e,8607,3b4dd60e1766b1ed3be2823ed809b7f9e46d077e204227ff4dbb489174c3d9e0,0,526
1db0ecae003a1568a5446a6c,43175,334992fc86f4318924c3902654fa6dbbd46a087631c5b8056011b8851d3d5901,0,527
8d9fcaa95a8e494b7b5df7dc,38577,4f49b0af04c55e809ffeea0764469aa6c02225c5f31b160c67a355ce7f8512ed,0,528
61b2ea12dfe77d1573919ce5,39680,44b245bd8be0746f456afbc8d1ca2ee64cfec85719b10e7ccf6a639e787515f3,0,529
5096907087dfea6f631a128a,18696,5da0a55f690ade2da33ad00d1784a28bb2bff0a0b93a14d624edac770b916330,0,530
3fc06e02c1a96ddaf5c037d6,25383,90635d4d1d1f37c20216551c1f0772c594021108f87edba727b0dbf43b727aeb,0,531
76495dca2c44ee59b04e7e43,12169,8720b4c281c845b77b6036bbcf94499443f9b00693e17bcd1521d967b71a3a40,0,532
c76e462e43b197079f8931da,37894,c46e023c3a19dc9c970062c529401543a78a3d10032f80ad2190f175b51a2960,0,533
6fb54beb995ddff4bdf32395,52705,a3bc295ffe4df9fdc5e2e15343f8a825e047b9b6314d8e354c85a836c0da1b44,0,534
bf00fdc06b0c4db8ec4683b4,28655,5d23b77c2799e9a6fd69c41b9dc94fb9defa186c4d9b45301956b6e988262b78,0,535
6ea2f075f8c25ffe07575ba6,50170,cb22a511680c23b656ed331e4528293a58782c111b7cc889042620fc63a96138,0,536
32d479ae619ed0f57ceb66d4,22642,b537fa9fdbe3395719eb6bdee08ef5b93215ba42209b8b4b51ff7d9920977177,0,537
0c7bc5565bdb961a9d63f1b5,47162,4f047b9a9a383f2a0e5a2e54f88cd6507959e776186997cf8c1fce0cf57560f6,0,538
e4e6d4ddf520be389cd4b59a,10046,451ae27f2e0e1aab0a526b146dafe8ab14978669b79f03231306338e0598c040,0,539
ba5c85f81b51d8fb887533d3,11955,fafafdf8ce7c3297e303a94e9a019b414d70b58259a2433e202d6a8b8922c923,0,540
03c89ce2a1a828d5a44d5bb1,29423,c8664d0af08ae079565e02e974f3b14274f837b64b4fa39da0cea0472b5dcdfe,0,541
c0c76bb652d33ab2f4502435,56672,a2bd8cf88f68ffb5de589800bf8ea5524840aa1a722288820e110e629d9d6365,0,542
28b5cf626da907abcd583ee2,10704,a03af82e05fcf55bbcc5771c5019a3ec5bdaacf5b4ec2316aa71eed4e151278e,0,543
1ecb42a3b8b18645d932c862,11273,6aa7cbba8b46f166a5059cb8e38cffe293ff884fe1436b2a33ac78cd60534951,0,544
3f6b0f0b89fc02ada2afd870,10677,5ed6be2a1346d10fced0f746592d312f2687e73989e99f6fee43fe936c62ea6f,0,545
6d3ac686038751c81afe82b5,32477,d1fffd0aa3e2e15b04cf0d9fc50508a69909737be583dae5c8103acd61d5da4e,0,546
f4d35fc03f46989570d82f43,41522,fb87d24f2a76fb4b8a6235530aa25bf20625e656afa36fac4f446295f5c9c688,0,547
e7a324a2e578c02616f1d9fb,24300,c2a29712de9483a97706dd32cd85c24f667a5b1bc53adc0cce7f936d07ea8362,0,548
7113bc275da8f1338150c5a3,21592,9de6264ffd880d98ab85b00ba2274e3c7bf9e59b104e405f40a6269ea4ee6101,0,549
3aa6437f7504cc43c26d3110,182,3f74470cbc065f17728a9d4181df98e5474ef38331d221efdcdaa1fc61143c5e,0,550
75fc89016f925589de4e59bf,34830,0b8880e8e2f97c33a7aa303d635a3cadce1449a0c17bd3356b9f2284b82cc2a9,0,551
83514e9a7e722c2796066dfe,11786,e8c0e467cfe556b4221fd02bd14e749fcebad1429c6ea9cfe19a8f014400c168,0,552
b2b3cab42e3d673f4f991d95,55768,5a32671fecbf4983946411563f365b7001e24adbe98e2660718bafab20f08b86,0,553
e3b1679569c3eea47e795042,30045,5ae4db15cc42f2d245141bc2c0439385f66336fc8b612abca08e252c9c7049c7,0,554
c0ff7901214e6c179042529f,36281,14c928c963b1262d839d12428bbea2df318db748f4794a3d5c96c6eec868c31c,0,555
db90e608e5c3bcdac780adfc,49304,1ae8ef8c69005965c8771ecc866ffb142e6d02d804c8af750aecd7cf3eb49523,0,556
d63ba2345c0ce8147963f28e,38144,74a3e2b9bfc9d38fe795487b14422836e3c57ba56c178755f121370316b1af48,0,557
06e1af160e1aacc25c6b20d2,2369,3a2a960adc078c50172342963c5b5fdc9d125402aef9373408cb587dbfcb66d9,0,558
d510c82ae6174561f87eabb1,33754,58553a6912402ad66f8da914a530d1a314082d9f8d04973574a31ced930ed7e4,0,559
16ca49af3912eded30d377a0,47265,188df271c605a9c530e9d75c9cb7e7ca902852126099ea1d5fd56e1684be0cdd,0,560
ef1b13320531bd12015d5841,24131,bbce9787a92f59b7a51ce47907575e075fafe4965c402de8f1e4187b66b52949,0,561
5fd27cabe8da16c259fba93d,33558,46bbe31041a7ca0f6a3288952d23da5fb892b07903011ca32db6a135639e0949,0,562
22f40a4d3000c28d26458aba,16003,4ce7d1599633f077367d92e4aa30d4bb97092d4ad6d06c112c11b05dbebfb060,0,563
66c44c17fad5f61768123b9d,12033,2ff67bbff5bd06292b7ad62408b4beb75be6c71e57595e6403337cb951d6b999,0,564
1ee590e31b283a7905941bb4,10318,88c372b8d925f57953e0943df82831fd26c54b2df74cca5517162f333d73711a,0,565
2af96e16b94e08e9b12352e8,50325,2a8727892a99d72d3394e906e4f79ced623a8cf87857d99f046cb07c515836e0,0,566
e1cf3dc336090ca6d8b46636,16857,92ad88780927d41a3a3948146bdc03db917d0a7a935bfb3d5120d9a251714f78,0,567
e8d04d49f1091012fdfe9578,27359,70399008ef0f0c16971fed1b13e1a34fc3d3e84ff167a2e570740e9487cd83ef,0,568
ebeb1cd31ef1fe11d9dec314,53351,e292aee2f7851431ffd71281417fb93b92c383bb1c9cd1a8866d2f05a7e4bbb5,0,569
9793972bb25ff8f8bda1f546,32017,11c5151f9b5c1a0166ecaed8abb3b88c807272a5f555287749de841195456d1a,0,570
9e9fd727a5b2950b1acc4b86,32344,d3745224ef685e6800e8b4dbdb2921223ea838c4f53a41a5b64c273c852c3092,0,571
544c84e32635c85bb2d82b51,1591,d533768d97a8b2b8ef82b644616dae0089b233043aec0831cbe0d899d56846ac,0,572
e5a37d08302069519c227fac,13841,933d5a806e168afdf2dc9b19b071190054dbe521453104c68cfa95944540ca02,0,573
f1e1d3eee1d8a9ec21c35281,28068,24a8aa273ba7cf026a614ed9d1e57443b13cffe1cc2ac1fb7eb1035c0d3c1030,0,574
e3646e6647252522f0c4dec6,6671,5c03cf4514128ceece2cda46a142adf82b43851d45ff716e454a80f60e92fc1f,0,575
e86d35ec5d442b31a768bfbc,44636,d063115b36dc1ba92893cfb5ca744e2a17137b70dd68742cc8d7ba751b1e3de7,0,576
ca69c4603300c3f80347e47a,16137,ddf8b427538287abc65f02ea19879ccb3c3cbd9f3bf34c9ba701285ac9588bba,0,577
7bd84ce12b36017efa0a2a68,1016,cb827cf485e00992b5c6721648a06667ca12f5258836aaa9065436adb4fa5738,0,578
14ada9bccdd11c73bed038d5,24396,30e3b0b0d96565f99cf505732839ad2c77c7a815eafb66ea282239499f02c262,0,579
cbc0b2028891e95419320656,32654,4280084b50f9ffe730922d99519e1b2e7c3eab1209766993d9cfdd3759cdee01,0,580
2be95144284d4e037f7380bb,26231,53b9e95c2b0e3e4ecb960bc84c7e89b1f3380d79ae1583c9bd281a193cd8dc99,0,581
2aa479a5856701933d8efb28,52099,2ab0b3376511012ad4d5b38d0580244c2443939665ad7041493e5be233bac8d9,0,582
ddcf56c7afc012262e441980,8476,4b74868f4a95089a806dd5272c7ce79a55f9d0096e8cf1f0b8bb9addde5f62ad,0,583
1c6e104d0f1398f3dd104ac2,53601,b0da93e272b4f166b18b103234a57aaa54c8cbf6c58c2eb28cc0d6ba6eb6df98,0,584
c93db5e8bb9095acdaa3c618,869,533260f087b9abaab68f97dfd3364cc4218b61c6a723442514d8706a4f2c1afb,0,585
d89f962e224311ca33d580cb,54419,ab1fcaceeb8a14149f9e9958b09af5897dffbe3b08ce1696b0f5cb612047f186,0,586
a47bf762668d1248874ceeff,35646,a50049991f5c202b380b7ed0a1c78e5481ad495b26251040d3fd4b9de1703d5c,0,587
93fa714f64644cf19d309d9f,48807,fb9d3c8a980ddd651840c2f6f3ce2e61773e541903345b55cb3b2bcb8cf8115f,0,588
b7d05299f04a1f8fe957b5ed,20730,604a35f2e24d5c55505eafd627459570ecf1f9df4de7bbbf7a9ca1afc57f7d7a,0,589
8fa3f1bd84ca0d0add58c5d4,49880,be101e89dc6c6c3613cc4180010064fbee629cb2c046950d390648cf6d175a8e,0,590
f410a1d77fe9b59114da440f,8943,34763a1b65f8b17be1ce24ceb17a72a3c656d45837aee2fe3dd23044417c38b6,0,591
9dab7bffa7a5c19d493c5c2a,33233,4773c61fce9e33fd5c82a26e9fcd68ba0c373fa32c56c7ea9de415e6229ecfd1,0,592
98c1592bdaf59b5364c23bf3,37478,402e26cd493dfd1434feee3a7f9aa86f9adb7ebfc8de932763904b36cb8602fb,0,593
94172e529073f75317a54e5b,16653,063c8a79ac32c0208d8153425bee626e1d19333f87c7fe510fd630f8223c2daf,0,594
3dbba50c71bd1c366984daf4,31445,a1a6c2f1fee712442da0af7f6d239b4a1ef9c3af62f1890811c437bcceaa09b5,0,595
30bc236c15b95b2f42a39c4f,12603,b040d2e9171d297d2ff96712c633006c823763cd47124ce967a82252c24eb21e,0,596
d5bd8897dc124cb28bd8b766,51026,28ea070118182b43934a6e08e75b0259f1a2b8c5f8b3c94dd14c47112b332741,0,597
f153b8a198f28594e1b1cb0c,38368,324afc63d114a3a33ad7aa0ad069485deb58b938e1b549f3da651ff6faa573c2,0,598
a8ae7dd56ba1621ce806614d,8251,2cd8e666a7ad4fc0d7693a6bd3ef316433d179233001e5be3ab1e21759e342ed,0,599
99d12fa69ed9491f600c655e,23290,1fa6d6a5c917fe330c64f8bf13be3725a5acae058a2df207bc1922deceb51d2a,0,600
4a10965fab821dc901314301,23883,2bfabd3317657d2d22d325632788b147795aa96eeb9f745e3171710be507a08b,0,601
86df902415b426ad54d42a96,24679,8d68d9ca0a31123864ce7b6078852caf7a3dc5c82ed4695a1f2481cc7700f4fd,0,602
071fe2d7a8fcaba53174a201,23621,a2eb757b47ce76659f71c2dca0efe0218389c57eaeb415ffe031de4bf77f5ba3,0,603
f2daf6468766e1923d53e3c2,54140,2ae61faee23f6fcdbf5b6d3feb13f179547ac2946319a11b295cfb01e2389f17,0,604
4da9e07900063839666a0fa9,32396,5154c563986bab95fd681c927f98f55de8f99d13c4b441e0a23cc40db50d00fc,0,605
2ae5767eb0f93dea6e8a5f8e,42016,841dc82ad94b5c675e84a25e241d7e88be79b70fbdc51aa5f68484044d5a8dfd,0,606
717fc11086c57f8328cd514d,46529,ac7a5d908a7b38bb2f924a140c00aebbe5fcaf8a9e4d309b0fd38747e59f9524,0,607
842c4d80f74a2919d28b2f39,33004,89ff3e9f04ab42eb9b3ae5fe66ace376a69bb02cb03b3fb11443b83365cc23a1,0,608
21ee172577f3edbb31737278,46146,dee76a157a29e36dea37728a2d5032e63390bda30b4e25d081d3b52062daa48b,0,609
b607740b427071b7daf648b3,27059,ee862514ccf1a38173134ee54305968252773d6b29a87e38e6c3d2f678781aa4,0,610
8716336f285f67250d026a45,10976,a068f351be6ed1ac52b40ea17d7735c146e6deb6714ae1cf21574e2a627c6e09,0,611
b1e378f8c363ab71ea3273d1,1720,e138cc33a4c6674a37221004ade38142387192cdebe4b67c000bb647fc6f3aa3,0,612
2e40d36b0ab82301dc4dff50,19169,895c75e1250cdd58bbe51c8028229b5cf8889b3b60b5e7eca6c935f7967fa0a8,0,613
54a32378eb53458696cd2a70,13921,c615437de6e5fb11e25a5e42e7055fa0a981cab8ccf585d59a6630f03d4baf7f,0,614
aaaf1843999b5d336f276c76,21636,60e0f35d4e81abf791cc2e2788f03ca8d973366102bcff3531f3f9163943c74f,0,615
b8a33fd0a08b46b73d6167e3,12008,a8ced1ed8e88063a0f898b844c5cf150448a5c52d35c559a0b086093a453875c,0,616
d6e0495a4650ce2642c67709,3425,300fc89027c8938c729e50c8ed4336c349d213bf2a216cdb064b77427f497a09,0,617
cb54d741e9fbb3e741b65d5c,46910,a61f95e3b3a9351ca309297b6e0b6960be6767179fc788e55e8306ae397725c2,0,618
c4e0f8361e3abcdd5995e386,38217,036a7fc484419f4484b0e3d3a25bbd64e130b6661bcf8a171356db4d92d02095,0,619
6a8ec8adf3404dcf06a3b148,50755,c2a63e46bb1a13de52dda890ba01a595d8a944d4acee783867540e73a92975f7,1,0
fdc55eff54498e38039ff22c,37340,14ecf731d5c35e836e1d153e88e669b1998ff244ba870a0f1a028588db77f562,1,1
2bbec2d3e14a9762af5ff506,8931,df3ada1d65291d473b07e9f23857fee705346b1ed0372525b1e22fe8f307b115,1,2
abf53b31839963ffcba30045,21850,768d92ec6a0237d02527a4d67f6e848a647f9326a66d668c8bfdd8ef89527a80,1,3
2e1347fa1a2de6016fa20fff,21757,1cda78098ef2212ec3a05e5ff17a82572ec3a0fd1432bddb54f4c73d04504266,1,4
76b026e8ce9f8627d05190ce,27082,b67e016e04725592526918bd53867fd0609dbfb773ca7a3799293a521f368d98,1,5
9767ca8e6cafd279d85ee2aa,39938,0144b3d8c6dbce8d52e4d026b430c0f424b0c406e05d7e2c52d0a5c10fdaec91,1,6
9e58c96d69a82f3a45573f40,4536,e14fb70bbd051f782ff8674221b36df6346795a30bace0c6c49a72b156752eba,1,7
bdfa6ed3b8e296868899ea67,18863,2f4e5f9fd71fea47b5dc91159577607c029b9362d9cb7496974c1b33de14a02f,1,8
d47bb3b4805c21a0a36c1b8f,44169,4415d9e4c248f476d3609a2159aba98cba91f1e5147fd8141b4dc325648df18f,1,9
a54761b44beb17f76abbfa4e,4179,1c89cd3ad49c2695cb12587e27e2f728537482d04085309d83b24b2834e449d8,1,10
69394176ea1cbcd0b0cf98f4,54579,2eef43263df58d89f0d6f61a8c2e0c1330c6a7aecf73178ec17358ec188beeed,1,11
1d5fab232ee19f63b3f196b1,22874,3609021f986cb412ccadf3b9faff65fb0ed491cb96aa0e1d652f97cd05a3330a,1,12
dfa5a549788b0d6a123376e5,21174,76d81909f941334c44312a0b1d70300936ba05df735544b63ecfe9fcdb62ef17,1,13
03c299e0d77f5a844243df6e,43908,0eeccb4ace6a0235562ab8ecc4a2a7d84fc9f1b2953da4d08352cb921dc21865,1,14
b4ffec700f11b9b40832dc57,44644,f0f7f5ec1dcdda39b9cb81ea79f95415fa754251784c233c4f4a123fcd7b8fd1,1,15
31b8603d3249229bb892f9b2,24743,20ffb084e81505646563ab5e63130de2883b45c662588dbb79823fc83d208a3a,1,16
26e3fa79fa836048c4ea2afc,18104,edc2a93ff305fda90c27f060bea2d80fc7c11a7fe5590d769bf91bcaa5cd9b23,1,17
113613ff762815c008af052a,40781,0a8858e2d3e804da530f8970eca366eeeb9c411e90bd96e873cd648cc14634d8,1,18
edbffe26bfb94a22682205aa,1205,000fb7826f07918177f71339356c1bc6c0a530914cddbcb107afc9d671bf7f41,1,19
04ab169e6c37db86cb7355bc,39014,1ea406cc70bb3fbd4165ba6b6df300dff08e2aeae2f9175133c916488e7e52ca,1,20
71153b52b5cc8f735f5e014a,41811,ca440bf762285ef24073806a755f0680a06720fd295159dfa057d9be8f7cc39f,1,21
562e0fd1d73f6a8697f84729,49753,6c96dbe85e3a2f75b343d268960aa3c2b553349646c64a460d0c4b65ff018e61,1,22
bbe56734866e385610c29feb,12506,737b9a32d43beb57a4911f7a9a988838cd2397b3cb84f3e23a7dfc4b9143966f,1,23
97873904a0bdd18e77dd169e,44651,2cbbaeb8f76dcd21c782be34a16249acfac27c00c30277411c73780eba4ea64e,1,24
186f4bb8746dc829b774b141,51403,bc5ba1ccdb1492bdafafb973e3ad69dbc1a53dc3c49d15876a9d713881c9bf6c,1,25
fa3e18a4f359a7895311fe23,45232,5f2c8bfb2533e01890edc763041fcd9d0f96eaefa9bac10d14fc5cbca965af3a,1,26
11114a5271e87dc0d51d2798,50158,536c1ae1ad154db0bc1c271a4376fccc5d18e66e0294c36b11a95cdd8ddd54a6,1,27
f57e7b571c333533d7ce04a4,11648,4e3ad3f80d60594cae20138da9f9ba66b2876b96a9970ecafa6384ff1c89d79e,1,28
cc99c5dc190a6520cb989cc5,10645,aa8877ab70c6dd762b3efd076e1acf00e2e0ef7630c141e9eb71383f2882a733,1,29
b0a4702bc3c1388f132150f3,32034,669cc311cee883faffbb1face83721e33b43b78d7d1e7d70e35e0695efc4f9fb,1,30
655d51ef8700f87db17be928,42407,3c44f1bd6c71a53f72ece35fed4bf1f80adee9ff3eabea04cdbd183fb9dc5de8,1,31
437ee1c51d791f8a5e31c9ec,29552,68f0d71b809068c1cd8c7d5c2a4a2bae1aaa8694b9b466599bb6e2e2b59f73e4,1,32
4f2b766cbaf46a3b1932d198,13897,6d670db1d3ab9bb21e3feb42b26ea965b81b0bd9c7e7e45eb03249a892ca93c3,1,33
22db17c1cae218309c6f02c1,37762,be55e093b276cda51d7576e1a4bd57afca504c0026fb22aa0f634b3e93636e2a,1,34
b4a0e6f94747f3c71ed31cf8,3409,88976999017ecd57c5d8cdc77ab67787ca8ac39d2275cdd721ba5d223e726647,1,35
801786ad261b9e38e284e3c4,37937,5c7cf652145166183e25a776fdd97555a396ac5b8c5c249a438a4b4538bc8da6,1,36
8ca8721f0910cd02d4045389,39972,d7393b1fa6ee97b728d036e1bb1149bbf4aaaecfd6d4ad755be655d477ac9925,1,37
103e6b44bd4c03aa2e12238e,10955,cf5c9f98280a943e0a12f6c9bb7f5c7516686d22d38c977e02acaf84b3f0a739,1,38
a518da2ed70bcc4faf3e00ef,49634,81f180b018732346f330615d827f2925a1ea08d35ba25df5f30aab650670be98,1,39
b0af553fc2272202b40f9673,56217,edaf965fb2d1f598fb618e9c92071f7d2ad4de45f8faac377e27886cb9bafb6b,1,40
b48d7a5113520686d463b3ca,25758,2db9a5d0b82814e8ce466b9b124756974b0f819b68d6eca3c6419585e352287d,1,41
c9f0a83a84fa9d1717babf22,23860,c4492acc2519fab4ff25c12e1bc8b3387acfcb30a0167eb5dcdedf8f06171bf6,1,42
2943c5cc4c26795be82ce102,41071,c6c504a2a342eea357b7bfa2f748b80df93bd9cfbf0c650658a60de3351b0f88,1,43
4b2793e1ab92a9fcb05ce2df,13254,493f6d3129caf2c090d031ef8250be76db880eed3db4fc9d34fcdfa1857d6272,1,44
8be546e81063f791ccbb7ca1,22705,3513d9452af7c1768eeba7e47bdd0920aeb18360dc15a1a7759fc0f0e4f3ca02,1,45
ccb6743b036f3a1ab9d63979,25893,14dce1af4589e8a13d85ce427a405ad211ac4324d1037e7c757c79ef53f5b1d0,1,46
93025665b103c2ad181881c0,2201,5db0f7c633f061992327eebf6716c98ffc1f7900d25fac70e13b608b1983655d,1,47
0deb2ae9b3e2dd0032912642,37561,54a72e8293e3314e4d43f282cfcfe11e1d8facef272341ecd058d29fce7420fb,1,48
872f5f3e93abb6fc4b9c4364,452,b54ee4646ec19e5d08312ea1306da32753216ece1407959c45f9e3360052cf39,1,49
9e84c98f324ec777ec161dcf,18659,1317c7324375138a231153b14229226297ce12e4de339e98f3ac264e55457899,1,50
478b52db4822b098dedb55ea,55725,ab4ea97cd02c0f1d53a1f65414a274a5cfa4fcc5478fa3f9e5ea51d7fa91f1a4,1,51
40f47c0a9ae139c861c28729,45939,98631dc17b33c48ed0ed3bf5ae0d16f9bc26d613d6a81347d171faed5a5b838b,1,52
1f785463d62e612eaea2812f,14810,db84b4358efcb60c36579727ed6671d5336e3f454bb523938a5c4b6b36603478,1,53
2c6f7fc8bbc337432deaaf03,42561,442f6160e55e39f8a0bd2045e144faa05c366785b4230b8561f3fabb29f46c24,1,54
dfa7ed67cc7bb0f634f29248,14108,90e7fbc2ca45a8b63334cd5f0523a5c085b85e09594c6ffa38aa991c459c5280,1,55
dd4efc8d1b2a8dcecb4d3bba,53219,2f2a96a091446023b3e9a8db4f6262186697eeb682e797aa2134ed895b51213d,1,56
e13e1c60c14fc4e6426faa47,50988,91b5e15220da1327a2640df3ba800b998c9d8c92038f7c87f50affa9bce56daa,1,57
45f2e55e31a6bcdd88d7a004,2167,bd966db475c146fc0888f16a086924e535a695e8571cadb861ba763f2b2fa041,1,58
a20e1b505d4c988e708452c3,9526,6b8e2d4d1c50938d998ca7980e0d428897041fa705539439395f90cca4052148,1,59
dd52a4f37502d89f0931f45c,27538,f074c43fd1f131401452a5c8e0c15c767d9f0f8e5228766778d0826d964b4066,1,60
10fb5939fd4f4b443eb69eac,46753,58e1b987bcf8789f5cfddfe994fb0fec590ce35fe745b5acbe111979ae604efc,1,61
d3bc859fa5e0c0b929094d83,49543,ff8210c9ed45f94c4f20aa2a3edcc13a6eaba3a4f928a8ef5b76ce04eeb02f55,1,62
6f009f581d99eba5603d5d31,6042,69153a13d87f534e4ef8191b1fb738602de891eb1fa3b68c58b3534c4de5885c,1,63
85c49bafe7d189384f3c5baa,6783,7601e64c0f4bce1584503419768ca7770f141e27660dc4a64e7e61cd66a9342d,1,64
cbd96a9afb7526fa43426134,507,b040dc34c400534158d2c9b33238d21e24895f5567e6c471d94749f329d74f7e,1,65
ea2d19f6af5f68927b4eb0e1,31484,a3bd307674e2ac5bebf1295d3492b0600765254b315911dbd3690b5fb82f89a0,1,66
48a2dffc301bbb7a3e730e4f,52009,1a65fd61b70834767598fafa3288080d40a34dec345d7671a24e3bfa03691cdc,1,67
018d6eacef87a8aa319cd9dc,27303,af37dd8fc30c2e82e116ab8a4b2cc7a752d78ff2e30c87ec7508723728bb0571,1,68
632468481ce28d698cd1e3c4,4394,76db10a6abb6acfe91f19f0e8cf56e1074d43cc45b0b9eec649b1d4bd79e1dec,1,69
4510dc53e8e80ec907c482fd,43628,1236e6503059d8042e86643201823c30c82805d8cbd12bd5c7cccb7af7c23344,1,70
753d35d5e5dbccadf2505a32,14004,4fde10de482f41c358ab5519ba3d11f7edb8045bc1ec20ddf3e247c213a47ddc,1,71
8cc1c056effdb1bf43bcf4c6,15076,0c44f9184165f92821a170f1f1e8b765dd537c36c1681873349845d89d73b51a,1,72
81bb59ef821b9d333aff12d2,50223,cd0a466f6ab9805a45b4041c1a1019fa87eb4f930a7e27b898516f63112e4466,1,73
c3877c827aeac8169d4b217c,13209,50445708002304fc47f8670d973273e81d490b0f5ee6e79457548605a45657ef,1,74
5f04894090b204e9fb0c7e9b,21434,d74b4610a46b6bae2cfa59650bc957e8fc79af79135326dbfbffbf09f816b5f1,1,75
23de8785427d7954bb305c04,49117,8f0efb63b4a5b85f4c18dd93aba6bd0392d2bbd99f42528f8bfad278e30dc72e,1,76
1160b868968024bc2cf8f2b3,50449,f122fa387e448597c8cd9aebea169ad82193cc4027a5938b4eb17951e9b9eabd,1,77
9e3b02632c7b543753a13a31,18052,c8e8f81d5e67b75406e487247719c39316e9c0a3848a01d8ff871847bb29045c,1,78
dd7eea8b37117eeb2be65ac5,55889,4e21abf86062dd60fa3da271a863967a6327189d97b2a584f755d9ac9a02db7f,1,79
9e196568fd39cf527dda317d,23066,45b7d9deba83261542a7ff1f05f720ef10d06c19a53ff6fc6743fb1ea98c0b8d,1,80
8bad18d10452508a2c5f2f92,10519,cffa1f4b726b8e450ec0d71da3d95df8365e758ba0bdc02425eae252418dde21,1,81
22f3fcf362dcb72c1286fbc7,8131,13b1f7ec5beaefc781e43a3b344371cd49923a8a05edd71844b92f56f6a08d38,1,82
23db444d4d24d13622f92a23,39053,e14d01d44965489e50969b29494c0511908e8e33ea5272815151ef4fc652250c,1,83
e7a7a249494f8988e514dc50,54980,3c2cda690e872532884de62296b3d32c66b6d7c31ee26e2f23219079adb70c2c,1,84
c21902acf7a8272efe6da197,1380,2d6471a1d1fb2e5ff734c02b09b1636a0f2b838444dbe8a20a2597c35da1415d,1,85
53601339811ecd0f5d95df5a,15525,ec13dac5036a6facff88986042dcbe4c9d77e7134ac0a4e87ed90d996e48288f,1,86
0d8e30ae7319feb44a1275f9,53685,d844e2638e5390d6864a1b348ea91d0c64bb2c6ab2e5ab894df0d4a38a88dbdb,1,87
32b93ce8a3b2eb64b60d8890,32390,0fa6fcb16033f4dc6de08e444b125ee05f05132547b4e5a32b06238e09266903,1,88
305e71673e2dc7d29910ebf2,29682,c2f5335be8168ac8a2ad6a8f5f38efcd9d2aaa66ed7f5095d5a72d6dd04682c5,1,89
5e1f715679a24e21517ddb9a,5024,f0ece6130bc30e904001f3e16f48c6821ebdc024eb7f8619e0204bcf154160d0,1,90
426c0c917ea327b52e9e3323,46335,f9dad5a46c607db7a0312310de83d19eea2f8dc5c8638c6a59fb1b67c8de68a4,1,91
0d55c30854390b169b00e56e,34755,b7b643cfc69cc8f208e082e66fc12a26c3749b351f7d7fd896e66b56cc1cb92c,1,92
b897d13edade20f147908356,18964,dcfa08fcfbede7dc7b3957356f379991c8ce9304efd1855137da58c80d7427c0,1,93
6f7565b5df0a6d56bc209d19,20920,f0730ac2716108e3a50030dde0f934d28822e7544d5da9cefeea38487c830a12,1,94
6c0bce92a580f2bf7ef3e741,37866,830c86b16b538b9bd4ef85ca559705b8717e93aeaed0d676e09a66d16b25b68c,1,95
5911160e2f4e6b9744a7d50d,29853,ace1a10780a211e5965468114795708f32924c00272dffcbe6978df28af3fa28,1,96
e6dad9ad1137c64e9d83cef8,41635,81d8af34eed5650cd8a546d9abe94a92b66c68fdd7d55ee331b74caec44703bb,1,97
5847d6be7445c757b001db6b,1681,4f61a6902ef654fba95df0d356ae2db4a46bd635025bed8eba3fc60e9a94abf7,1,98
9ddcfcf3b51f7f50406c42cc,21972,9eb5a28f0edea30378ed20b7fe88c09efc9e2731e60099618df3dd9e11327da3,1,99
30fa9d414face8e96c352d4b,15453,37c841e67e5a519ac8371ef16f15951915c3d30123660461b5a8513bd9c2ec1a,1,100
ac5c91b718c8f774bb8a9e48,53889,8718413a86980ad70eb97dbb6f2b3821a81f40d903702ee9710fe0de23012e85,1,101
561eaf9dd08f31a0d4caa2ed,9288,5c4543d31697f60850a580644a88b96d7faeb4441f9b4dd6ab37dff7b0a6da07,1,102
af51412a9d8ce36e3f7fda81,19001,ce668f20741929f6737ad7179f6810c803ec568176d3c78d40aee61911f02079,1,103
d5376d0a88721571a40f4545,3601,bb084e76c643338df365dabe75595ba3215f701752ea8f1dba3dd0a8e17967a8,1,104
6ca90b507afad29c40a0c704,6017,6014e64e9c365ec43f77bba579a05e706b4c7fb075a521d10047bbd6f3baf9d6,1,105
c42dc5d46d212dd1e5b614a9,43025,bb25db3eed046f4785bdcee5a6afd682c4de3b175d8effc89dd56bc24c906689,1,106
9fe9b84cb05422f6bfff7835,41711,22932dfe4a92acb5278704db2e3f9318493eaccb450f3162ef7a98d0c527bd70,1,107
dafae977d67bebef50b8652a,47465,8a08ec0ee3aa93550b7eed70ec9c05643b7b909572d2f087b360435429a524ac,1,108
ca9eaa73fcf787cd53c2c54a,16979,8d7f77204a084bff9def5ffd8cb8ba175e9bf46e563ea8a15619dd7f274e3cc6,1,109
f933be70dcb44d614335711b,7571,d7a1936db6bf21fcfec42f6b9abc9f17dee5fd3adbae13935af96600885c00a6,1,110
a8aa73a91fd4c75688cb3547,22232,4025e3230c5af0888f9dc0946e144feb76ecd850296e55e1d02cc9fc9dfbf63e,1,111
8e3ac15b1a4ae913f27203f1,44760,bde582d22f86f62379adcc2a062d1615e69799eb27b748ef08a0f4e29d567249,1,112
53b281cefadabd7209da764c,41118,0f8a9d7941446511973c36b8e61c72f2c6069045bea4b29b1ff3d5b6c939f1cb,1,113
f922662325882926b95ffd14,26037,dc7596beca2bbaa239038e370bedf65c618ae0a5f1e7be49d7d6625b072b266e,1,114
10350deaed18e06fa738023b,47182,597e92db67a82e4bb1e8e8e7a8a1cc9f9c1495d860a3ad0354dc7c5c635b29f0,1,115
cbb6ad023ff13654967086f2,22312,7ee5f0a9cefeb4e202d70da7905c3d4a06c7843d63ce8325974965298f42cafd,1,116
2f2f3ecbb81156fbb9a814d9,31586,7ea362b6bd692fff3ed88dd19b32be975d757992c98c6cacdfa441059e9756aa,1,117
4e9d97f14d0b677de8118d9f,38488,2047e58e82a1cea891d5377090e0e7e54199af19a2f39023f8483cfadc6d374b,1,118
e639069e27122253c6ecfdea,12742,c664459c05b9b70c8abbdbd095939f6246131deeda9237cf2500ce98415a11d8,1,119
56423ce4a9fc8fcfe5ef47fb,50968,9b252fd2162d074f411aeb60025e8c5676f6668235265c3f3248888383a774dc,1,120
9bb7877e7ae180efd4bf1679,48731,48c96a64a7bee86afc56ae7f75837612f28ae463a1743479ae27147ace571325,1,121
d2c3c788fe78011cdd555b2a,32979,f2047cda90b0243ac2194637c8c37705e21cf39661c7ab3685a5324fef4640b8,1,122
8b540c71605ac0416d6f9d05,4459,49e4e0f35c6eff9e3b8d501f075bcf15a33add916fb821d7791e6dec550f9df4,1,123
8c1df90d7cd5e466b192f22b,36312,150a87512a22319a27657d835ace715a61aea1bfe0cb31880298b4383e5fc7b2,1,124
2ef6f411c09513d331735f04,7012,427d64b585f6f9b34386277f12f09af8f48ce06c1fc263a1d3fc481f1d81d288,1,125
30b0ef18d86a51510174c4c5,53454,5dad6067b1d090cc91cfad9383a70cb0233fd2253ce3494c3040f4bed8011680,1,126
099e2880bc299bb3ab67749a,52421,44333b0ea41b010c2729a945b38e8318160f43c0d541dd642b1b6378fb38c478,1,127
1ecee029c76d9e990b48264d,3161,46ef77c6198b69c28007fec988521f39d7b23126e6b86b9cf1e19f8cb5f96d02,1,128
3bada5e301eb135f9ac45615,44089,a29578f62bfbc079046e04c2e10c9213400f39cd813418f99b65a5fe3b36ef18,1,129
44d4d3aac544a062986c7c83,3503,c71dfb24a718cc62358f6f0f65b0a1f741113006c3a082f1e48a2e86a1f9ddba,1,130
9e32b0d0a0a99bde3e49ec5d,2131,ef8a5038ca15e63feb6e788c74bdd08bb4e5be6575f78238c19b45db60b2b11d,1,131
55a0c9ba33bb7fa264727817,11459,af9d27aa73ee9ce0c370ed1de0bf656af2b4fdbb8c98524db32690185ae566f0,1,132
54a9f9c35621be793e0d364a,44435,af69906caee6b8e37e88413c32c9ea4771ef805b26ada02f39b919d8ef416952,1,133
25d102aeb7bb93715c4aa5d8,20334,808abd5f1f791db4482cea538e6e10d16b46e6143841cd8ece6c6bfd2e66da65,1,134
354abde72b53447df24b750b,14756,30260f04892bcf1e71fca89e272ad0f8ef451bffff465eef51c79f46cc78bde0,1,135
23443e0c85eac5342a07a191,1776,4091ac029e4dbbe14a4d663a6958a8791e6833e2d7dc6debfdd15d1739155090,1,136
4948ded3711cce8166855d12,10684,b7d8fc81951626d238e687d4b0c37cf851bb752e1039f666ac8c5ab6a30fb0a7,1,137
5ca8209ef24aab61ab0b0b4c,6611,913700b79160e98076fb39a578ea05a5e28bc525ac5b0130d5e3f23ff7d6f1f8,1,138
6b24c50b132ea77c3a69ac6c,52008,118c46050e13d7d045c23075cff585ac3a7171066a82359692428765fa249b48,1,139
dc6ceaec4953155bf7be1db3,32280,23b427df4f74b9791b3289cc21aca976dd9182bc8dd0d2c3199673bfa0c4e39b,1,140
32e1e6adcd5b98297c8a227d,28729,02aabda9a2433f8aef0af968469904d7d9baa0cf86c919a40232113a2664dbc4,1,141
2c186d6824e3d2a5cc25cfec,1063,1d95fc8d032441c9a6f9bd2d4fe0f194160e1b0dfc32662f0c170537c14ae908,1,142
eb7e02cbe1a111dfb617e949,362,aa0bc770edba8c221b377d9c22afa25a7ca5ab05c864a4f141497d0311668e7f,1,143
e1c84f1b2314cb7801c81a93,25810,05d4b91fb077697229c4bc87b3e34d531b74901023a90f50e70db081363562e9,1,144
d9226dce6caa740e0ac9272d,40208,8da4c3718d514837d3d1c967da46dca50b2fc5d6f6a58a288e2dd7984717706c,1,145
21f9d4d3f99536de041512a9,36034,d4b1d64586fb190400ef0b1befca2c09de2124e7a77397c5060d48e08fccba05,1,146
a51f4832ab843511e289940c,12304,3a69d70ce8aecdb1970680107365b5a74a7d57faea146d9a10ed8d278a07cab7,1,147
f95dc3312331079240819efb,22481,b2d64746ac0e18eff065316bedcc6afcecf7c32aae13494bc7ce6beed768abdd,1,148
7ac697dcf8cb6504ed518143,5635,fa871be313ca8c6856a823e67301dc8fec5ff69f7ceab4a77e27cdd1e53ad628,1,149
e09beaa68153ff6fb61786c6,5227,f0492bf5eb69cb5ea369b08f0ec63f84a3cb6ac461d5e0896599d2bac14ddf2d,1,150
88f1d0d71cecdfc27cc552d0,5216,8d5064870841aa11ae3f8e36724ae05811f59a474101957332c219003378fc6a,1,151
e2bc1c088b817af794dc153a,23018,8a41db3aa3b10faf213869b78e9e6c173af79ef2695976be5e4b3f6c4644a603,1,152
a8191a9abdbb38c94694c5a0,14355,0b7ddc224a026f78637d9e2a831501be6a1b5c603134b94898fb87feb2c2f3d5,1,153
4de9f9f71c908c995b00192c,42592,0e0d023d3df86edeb894c5f3e1fdacf546ca2c991eaa9fc9d22e7aaa8927c990,1,154
a55ce343a76719b649cf5ffb,29265,f046cfb2d0788f93898ec2a8d208570ceb29acfa467e33194373af154b46f671,1,155
783d1715376c5680181b873c,16774,7ce3fc404ef783eff4c94fcaed152fb3875869f4f08ca97bb77a9aee1fc012be,1,156
a167e2b9410602a8d0affc39,50801,4e647ac4c92367016428e34c08f71024ab8a2cee8d7328eb9ebd77354935577d,1,157
d4735fd2a8ce79431a592fb1,26731,05a1ba74cfdc41dedd59379830fd338b182b8c527f6cc8b8b010e2e599f7c424,1,158
af334377d51a30765803d21b,56016,ee499a0853a00d0565f1ccd0cce485be35a72edb242c65bea23a49c1a1a047fd,1,159
62aa8aefdcc35215ba2f8c3e,24733,b77185739fbaa77979bb0cd8d0fdfad9bb1ced33bd01661ab9d93650fff79d35,1,160
1124dbfe047e2fa05cc1f0e3,30934,6d340f2def096d0090c2181c162160e025122ac42d81636779e7ee7e167cf5ad,1,161
038d60426ff0d6deda9d403c,42558,e7f6da08bd2052ee2cbbac2bb0fcf894fe50313f4cdda40d342c391726d2c68c,1,162
52e694250ece932c20e6a8b3,43612,89b94893d51cf966c05ade0aef6aae48c653ae7c2392a49225981921ccc5e51a,1,163
7f438e82ee30537a9194e4b0,32503,1cb676921916ebf3689fd5086314e9e9a68189941e55c97390b335bf8c9e9699,1,164
5e6724edb3510d6b3c17210a,36316,a114126462d76ff11e358a0259bb27234b4f94e0df593c19148e0f86f9ea8236,1,165
b89860c7e70fadfe89743f6a,6855,8e6383e38039c8f26409ed4a58e40b6edb1f73ce0c63b8177f6b34ce0ee7e582,1,166
a20b537b9c29870ccdb63dfd,27765,9433f04aa0a04a1d8c41fa8db67ad7e058f6bc2cc63d8109aa9ece900d235883,1,167
c1426d0b053fc5d5e0c04e6f,15046,9359bba1538105d98652e7562482d5748cec2026737baab3ac67efbe06c94e38,1,168
b3ac8f4257742abdda2cc197,46779,965363cb867bd620e97b3c43d4166b3f9d7bc4fc20a408ab24b81c4d1306ffa9,1,169
c89dce2a4ca67ebf0279c32d,28602,da5534ab210c54e61f1ec965c6b93eb1e725aa9b45071c3860c121793b218bca,1,170
27fff63153141ed58f06a2da,11023,368da0dbc2abbd0173abc36fa4ca77f03324cee62ec748af38d8d3ccedbc78b7,1,171
ac4d0c089ef0f5bb8bfa559f,42990,442ae251a834f408aaaefb3b9f9492160e39555437b952599e7c1e2c4840068f,1,172
74c92d92770221986110e634,48246,6f589e17f3aded9a44dabe4f646434743fbedf58cd5a1466841e889465a71d3f,1,173
bf07aa028fe043d67d706bfe,27455,9af2446bdb2d6f53463bc59878c4d852803a02f9d8858a5f2a3fe69265d4ebe9,1,174
cae6c70f5b384a5040a1e888,48274,157f6e0d5df06ef698293b9d6aeddb9fe15582d4146054faf40245f67fe2c9ab,1,175
c55c1fb820fa647313e1dce0,22166,8fc5ed54d5ecfaa7d38def02e16808b3fa1932332086ac374bb0fafa54102fbd,1,176
e928cf66f90a2cbdc82a474e,22436,9337ef44ef756e34d1dd62c5b58ec5b9a8fbd33a4c237f2fe4242d76963537e3,1,177
342c19917cd77961aa72c107,30505,9cecb36105fd49090471e343097f38b8099515dd3e119581ba11bbd68accfff7,1,178
c46efd4c86255e35c3948b38,28859,d82d5d668e7400687f98363f6d6294135cf2812c8db73b0d9de4999044f3e518,1,179
d5fb399dfcb3f6af0110f218,3544,8cb2c724fb27ebe52ee9f8fa6351a3dd2b5d7901abba69c4bc49ebf107b41e4a,1,180
1de22c96505ff89635cdd553,23170,5da4ed9cafc608e5688806cb416c45dd6da50da40b99f2e1524815c60a44032b,1,181
fabe436eb76e5ae5e1f1c8df,48608,132b1b621f2402a3341578b71de0af728b33be4eb480c528609a1b0941a1dcc1,1,182
107f87a39b9f083c20361725,45033,ba3201804df5f81b5e42d3df83027e494ee74a3e2988b9997aeda492be7970b4,1,183
dc61a2177f2cd9d6497ed165,18983,35ef0271d06dc82a73d91e0e223f8855820bf71c93ded36947595631f1784635,1,184
9fa53986aeaf15fa5ffae081,20626,e97a0705796511d9d1e1f041cc1900625480b7c0c10dbfdeaef8a666776026a0,1,185
173c9f42358a60dc35f249ad,37012,bfccfd9d9e112b54dbdecce09aa80fde83fd225889bf18dd2e25ace9a1c2177f,1,186
370e7ed812317a6b7cd7be55,30949,b740691ae7d5c072c26e91d3b836bb390d60609a16ba802ee4990a897a0bd29c,1,187
e52df8277cbb0593dff5a2b8,22512,854b78263794d97df4a196d1abeefe498e5c2ed5d39883fe43e88ebb67fc61a7,1,188
6671fde256ccbebe25d97da6,26378,f449931c78b5772b7171f383a9ced3721fd72a101262bd58647388725014ce8c,1,189
c4cb6b4852eb9339780648f9,55015,ab71297576df5671cc054e23e7e964a8365fd1b74fdbf8c5b052b76b8733b5e0,1,190
534c9caefc2958f61f0c685f,31937,0d125ce00f29f0459288ca3dc24e1a04166e231fe2dcbb31434dee69a4899c84,1,191
287ea70c453805a630a93836,4128,a834d910cbfe18d0327964b3a5fba877f42b1cd1b292cdc58f4d23442527bdc7,1,192
a73dbe1ba4e066e0a7ec3618,23594,30eca8c804e1b4948e43efa65466c998c5741ffd4946f19f5efa57b1029bbf7e,1,193
5318aa8eae5145771868169d,35268,4b50977732f712eb9ee29f6911e04c34383795d1ab598dfe3027ff82ffb89219,1,194
55205264e7e076b6814121bf,38596,f57520b0b477fa2e2e688fe0cccbbbe51dc70b1b10047d298bb1eacd657d1e90,1,195
0dcd40fbce076b3be8355bfd,14261,10a0cb2dd9d85e0f1467f82ebf4e4e4079ba825fd8897bc27967b6ff2f7c3448,1,196
6a9a1fd884071aa0897a0a8c,11796,d6ac4fd20516fe1bf5bf6c84e40d04495ff33937f5e8e2505ad51badbab53a74,1,197
da5ccf64339e916ffd76c3a3,25105,595feb90ebea4af30ccc6a949fc95a028aa6a6156d1c4d8409c3234c33e4701f,1,198
fbf31ee1580fb3f23e5f65ae,15094,f8e2c38ea98e926ecec4dfad665e2ad95796a314f734d76cda428602300c602b,1,199
4b72e2834420401127c2197e,10841,5302a7062f8ba4e6f58da0af7849a66f28f5ce2d055e54005f5a859a87f3f401,1,200
d8fc89e02f1724f680a56581,39709,e7a00dfc3ced8fb57361451a484b458fb5d23e5fd39da385dd71c1e0d601a409,1,201
de5b1f98e9cd92dc0f122153,16359,c24e4411187f7dff0e89a023cc1842a5c431d54a88240f4662d37f0e316d15e5,1,202
f25cd4699a5bf64f1fcc6b00,42868,757f50cdc5c0978315d1011bf05fef4770f8e1dd318018e63e0c40c4bf4169d7,1,203
d90537175870a96e01b5547c,22328,2fd8a6fb56809e7aa0cbc2489055a86323f15dd547b40c2c99c80a3683f11985,1,204
c1bfc31d7af8a8c03afb6bbc,54699,b079ca5b41fe5b68dea257e6d3f28f43fc1dd1996a7549fd2fcaa7182a2d6295,1,205
4e51c0ff09a27b00c4eb7960,46818,a371c36b16dbc0bedf12df7c1fc791c9a2192a6a5d23c609c75ca72dff9f0bc3,1,206
65989873f6d3cece73f3ce0f,11704,23a8284b0b790fdee7d1408eb2d3f2f230cae0e1d63606a8ffe901499e8d2e18,1,207
f92fe65bc798db36e7c23a6f,2944,9fbe851a876457d3bfad2e98094b5b6c1bb737dd54870b9f90f04cb51fde1f58,1,208
c4b965f2e5fb372f3c658a59,23549,629b3028924c8f3841a83964c38bbbdcc08730736dc9a5a78303b6d09815caec,1,209
c64ea6916252a2c1c098cdac,46084,57748b2086b30c0600b4c3106023b5103e95070080569a5dd17ff31f40b0cc68,1,210
6d48c7bca5c5aabeef80ab52,15165,a218812551eeb8fdd0089939ff24744aaf86debbc895cd8b76d0b1f8585ea989,1,211
97a6a2e8b9a87e6779ed2598,35720,a921857de53ef7e45b50a68d68198e566c0c41e784ed619c25c71670c3c6d472,1,212
fe4e2d634bf64f3bdd02e1f5,34003,b6bd0eab0974ec4a5933cbe8238cdad8e70ade99ff5e3b87914b808b437956e0,1,213
748549164a583a3aa1e6cc69,5664,21c4719445e366bbfd0a1444d5bb3b5fdee8f9163b6dce4704dd58e7c85cff62,1,214
afb44b8f2d43c42932bdb3ab,25210,e187aa6e8408d4b0c92623b2ab18e1e0900953b2cd1207e7bedf54f5352b0dda,1,215
5aed0ab29ea623be1966f05c,31588,2ec195b3a6221119bef7d1846c5810ac37cd43fe3e9b88417a405913123813b5,1,216
eb6f8bf2f5d35fae504f4040,41998,cdb1cbc2d69ef27340e46f271472764f40e0045c8a0ba316038f980e177cc05c,1,217
ea743aba3c70c36143730afc,13599,2c7ca391a85b3ec6a56aff1e321490857093a43568fb613ccb5c406ef147eb5a,1,218
3341ba8c1d43ad54eb1e4f93,20040,009b3312a6eb727b0e5206ee57000634407d0cb95c0851192a304d0a9e302127,1,219
61cc0c9c2d4a03d3ca409cf4,15249,a77571bbf329ce84286c7c9f0f1ee350224f28bb549571fc5752e942187f6562,1,220
34af5898196992f3e1cbe2ca,17145,3ad7a80eeada3b4f13977344399a4119b1ca7ce05846885ca06482399b31e101,1,221
8e72156ef7d7c5a985b2b592,4568,d0d99df2c7964ba887ea1b2eef71bdec9891deedcecfe175d4e3b5027eb7c3b8,1,222
602ce537c5614c10dc4a5090,18606,78c5f2b573772451ccc7ef02713c38185df2e19bbaceb5fcfc9c0cddb0cafe31,1,223
c2aaaeef4f0c4578d5c6767d,25280,11ad43e61335f574086b823dcddabb53230c4ec894433ad2b00c11098a0e50db,1,224
1c79babde939ba1d338e979c,23162,1fab89140feafcbb631c57fc8ec6f213965ea550d8769d85fb802efe37e5eeaf,1,225
06cdd1523b652a58817a7717,56524,02dbca25596f1a797ef901d428632cb651df32152556dd3a4cc8cf19c73fee8b,1,226
12b9476f332272a8a1f62dd6,32525,e7b427dcb55e17fbac9056e5b39fc073f1f99b2660613dc74dbf71362be5dd84,1,227
45954b51f59703eab988b8bc,1372,3e009d7abb48a9276a744454714110820e6c5661f333e691de0afe16826e8e58,1,228
5bfa7d87ed20c63e647d2049,16746,fe8dee224e52c4593521e6e28dc9296fd7911294b7a849d8c65f83cc76d6f80a,1,229
cb0fc659eb40184b1f0088f4,51273,d002f9de5d22d8db85f19a6e47229d4757fea1720582a61eeb081f8f28ee3fcf,1,230
5f146d1236f7182924665798,39915,8e448d8f7ac804abf3a7cd1a94501de1d74226231308dca095bcaac4bbb3042a,1,231
88b9f02a08b288a403aaa0b6,39960,6513a9b7b1042ee9a31d3eae6db46b678def9dd1a27a590c1db6fb3bf9ced41c,1,232
1f722c002e345bf2ab663da6,32662,6e7d533f301a2928dc5e7fdde29f51867964c81aaa8551b444ffeb3b08e72393,1,233
1d94aea031574c5737a4ff15,22375,3f775bad8ae40bda3c0614c7265cc3af60dfbb92eb4c0d239fd69bf57029d121,1,234
ccb2405126ba7594d9957759,17112,40167554acb52d561e3ffabb9702bd63cf8b6429e335770aa0d9b0b60352ebdf,1,235
458dd6bcc03ba73bc1513e97,8763,c7f0ce34908686e3e389e10deccb38828e1119b75b9258e6d5ecb161729f4749,1,236
82b422dc1a37313670ae3549,42064,dd089927c581ae341038b264f3efcb2cc6b9e0d292b34c4e98a9bc23b1a42289,1,237
6259c1fe5a53bf270a0ae936,44566,c1d5dab28f4cda6fd59ac1fba9dcbb54a6c84bfaee58aeae52a5e04f230d5bb3,1,238
c93f9609f490a85adbf1bf8f,4832,de7890196985bb85bcb80d505198962ea47b98927f691d60836a423d646f14ee,1,239
bbaa21eb2a2b5ea48e9dcc19,1639,8f127cee25824fe6cae9470dd7fc5d16a9897ac91df30a208b9f45c76e439915,1,240
6cf9cdab56bd4a6a84f85a97,21655,1eb87516c068f21af70845da400359ae99d43181f5362c076b641a83ef11176a,1,241
a0c3b872604f295217f9982a,14902,b78ee20ee2707f785471cef139da120c90fee0a8caee7852ec8a50a7fb5cd32d,1,242
7c1e73bd6351b9bf1d38c1eb,3881,9cf3e63f9e28fb3acf0179050cda57ccfbf2d263bde4be7ad75fb1eabc3926e3,1,243
2dee9e6511a4222de3862de6,41150,70de5d3bed3a0d27199b8fc9838a6a8602b6a8834e8f4e66669d15162669f8c0,1,244
3ee208da8527c60cd2273c52,12753,94ba865cb0ce870e3e5969f00892fef92ca6bcb07680e463280b0aa1777e2532,1,245
16f711c8a597941bad782f14,25320,8b091f3c0e0434fd475d8a4f67d247b93c27c22bf63dcdfba3b6b7d3ddb1d2f5,1,246
fe18d539d4aebbfdf075e9c0,51694,d509ad9ba9cbc560229f175366c4573a821b7eb287296a980286058c6a2bccad,1,247
744e36e86e246758920c8637,48412,b2f7bd517e8d171cc3e6506a53fd1b7f6336dfb042b112b6dd9bc7eb9a45b228,1,248
850e326510e404cdd9f4c9e8,8613,1ef371e2fbb9dc10564fbe70dd3a718f2e320be8355c2ecb6f8441bec4960862,1,249
d6984fdb84b929f891445a8c,39811,3e29be3a62ca7b236097b3e910ce215767da932146cf10ccefa18b0e449003f9,1,250
378f98b0fcbe6b9d004e784d,18612,1e626a00f9c4a636d88892d65be9ecc9a2031bcd35762cac79da146fdf5fff43,1,251
041dcb50c241ccdb119e3396,35304,7a2af526c26f142281b533acb1d740d5ca7a1990df15f26ce7381695690b8e67,1,252
5a864654f238d4b69a524203,44559,a0102b468af13bb0ff1bc3157680f00ed60c3518098b136d765d34c45096ee28,1,253
3af63957f291ad53e3539c25,49441,fce3eaa9920b82b5f5fde9c205ba3fc8ba6e9cb86f400bcb69586b263c15b836,1,254
df4f6b28776cc7cd1e619135,2161,b74f8590854e60beb2c163c8ee09fa8977c6f7da8f7226c48e0db68def29e1f5,1,255
261c03bc62b76f1ee99a94db,27903,9c661e37b93f197bbecbc4fe955668e34ef90831798e6d20baa43c3bf7c6b7a7,1,256
a85d9d824209c83ae3e9df63,21148,168d0c973d35fe668acb78404d734da0787ab74d082331f55936c3cabc969b7e,1,257
76b1e94285e7bab0f8409546,52438,dbbfe5b7301e5bbc24fef1ab55a9feb70604de1ecc6e5295d48cde200e8009dc,1,258
400fac41b53feec040118007,33611,f64d53119e79d6043ad9e6093bfd461ca0e5ddb6ccc8e5214c4d301670b52d68,1,259
77ae2c8a98976bbd0a7a468b,6845,e17510c2ff0d3b5eeb9eeb91f5c58c807441082ffb1e2dade8015e970188143e,1,260
80eedbc9f0ca4ccd5d971fcb,17895,aa0c70ab4c0c0379b9076c51e4547242dc397509f214d65c4230e398af178bc4,1,261
0ddabe4b0ebefe1b34bbf236,6709,358b451e6dd7984c2641cec645014b734027919dba1131abc263b5aaf1770de6,1,262
8eee8f52aea78521970e3e8c,45692,389c1a9afbb112cf119a867517af05af9a05c76101ccdd122526198f93f3e315,1,263
53361787685d910b38c4b558,6696,c91089b63ab04e1cdca5fe84fa07104c8ee1dfa5a2bed4153b2ae3f29a8e09db,1,264
043cc6ca8169ae7fafaffac8,5346,90856d7a6e842e2b6a60d2ff021a44df844619368a16f834b83b13072dd3264d,1,265
3abba4b032b923c915486662,18798,8233b0ea52eab8c1cd507f33f628d3352f4c284f168b2ac09c0283a60cfc314a,1,266
9b5f3188d2f3f9577dbef131,23738,90a254b155d06cb75e37fca1b90a9bdd07268d413f4fc07654f5b64d68f740ff,1,267
c70e5aa8a24a8cdc11b3a7b8,47643,804b9fa2ce85003f0516c796dd8e9f3ad521707778069aad2f9371299e21550b,1,268
de8aaa4fd12f062425508eae,31524,b8839d07b5fb5b29a981836bf7d3f9d9c52ce76b9d99d8a789bbf74cd19dcc8c,1,269
8e6697722955a66cb7cc991e,2075,acc2ed33d055aee51981c984abaf00bb0c25a1b11ac1e63699f61e1c043dc2a5,1,270
4fd6dad1e737aad627a638d4,25249,a87ee955ff96ad7a9f18366549d64b55189fa56ba6c436e82938523e6ad7983a,1,271
8f4af14747bbebf6bfb391a0,11046,c70b98556f7ba38bad1e2d5ac3c56a92cc33f2bbc9b78004cf26e99a634ba93c,1,272
20255ae41a572400f37b4e3a,23417,b6b10862b213be4aa6eaebf5f11c74e7e86a961d79ec0ea76a0fb5088c083966,1,273
a49e270cc814ed2a2d58161a,45594,28d0c71241ae17d75fe0afc0b5367cc8edfb124b952d8d90ed5d0206c5d9507f,1,274
e5174c8e1fd290edbb506ab7,21976,78900d5e24b086ead8509fc034e6d7d9dca24e96bd21ee01b9227aacf924c337,1,275
138c3f746178e6d93fa6c4fc,6962,fdf2c44e45070ee2dc0c09cb671fa203879142846eddb679a2ef0f029082646b,1,276
81ec957538633474f93ba6c4,6931,43029ec94ab2076cbe4a711a483bb64cd8e72ec32dec0df5df0645a1d3110530,1,277
b201e663d7316269030fcfd1,32097,98139270015ec074ba1ce871d007db6ec5f22029e3a29da45d2ef7bee52ed56b,1,278
3e32585253b6e49ee567d02d,25968,066d54e1bef50fbfc76793ac0e763e3676a565dc4dc915bf496e163c90553413,1,279
b6314857400ddaa4db1f357c,18032,5a911571ef5614f82482ba0e7989d793ded244a20d031d10cddd97ffaa310c4d,1,280
6d051af54a60627a20a87e2e,26621,1971c47e95ea90a9fada78eff6a496e7b4750cbc728185d4cbfb7c7ad6b9bc47,1,281
aed17737c2e7d25dc19c09c1,4883,57b9df002da139cd972168d0218682d5ef2651a492bcd132ac16fd7153b7f6ee,1,282
cf375d33bab68b02cb3fbdfe,38093,41c8321a7b66b16c045ef54786ae17a890cb4fc4363df648b7b9989a659dbf9e,1,283
3f3d7ef90018db7c6faa77a6,24167,67dfeb3c5a531827753c5ca6371135add5178939d9c2ecf0897f0127f2ee207d,1,284
cb192586446fbf6602e1489d,15227,eb55d7b212e57da98abf05886e9ce1f651c754d078c6663f75541b5a6d65fb28,1,285
55aae994d86d466a7ef0346a,38283,805c45b7a937a391f21d91e23239e0e6acd3389610002f465d85987251e9c092,1,286
31a5febd4dd83c70fa477c64,51825,d506cad2bf5e2f9fdf8a5965276079ed90a68e451de873e92edff82f8f79c35a,1,287
4f5cd9342e736bf2e7ae76d4,50685,028b4792d5c1bb6a2c65563bd73b79a198c0caa2b8ac2742c07ffd055b19e6fe,1,288
a544e0d524a9a9a472034571,26980,cd3689d0abb2af580b7d24e92ba561ad931ef374510addceec291469773a2fee,1,289
1368e0ff5504ad2066ab6a25,18472,857547f71516689f4be91290bc72c68182adf955dbe8d41730bea0eb32e65214,1,290
59fe102eeb46447a0de06d86,55020,c9e9e3fc477f91c54f22c37071950a68d02f3854e4c45cb23c9c1f35801dc78f,1,291
23c387df5248569e702f7ea4,13059,d16a9fe129bd453ab407e226b73c613fb5303e7ab5bcfad573168cf6a0da892e,1,292
d6bb0c222f6264ddbc8246f4,12520,9c5102685991b66bdb2471c5352d19593f5645ba61c582f8450f75222aa15d0d,1,293
02afa70d3bfc82e651ce8770,12130,0dcef53619d291cc8b4be1a46a93a6ccffd3e8f967b323e70793f5c3103b343b,1,294
49d0f4526bf4774051b5bfcb,45272,dfb4a088a1f5082aa013426973f1da98ad7a7acc1b4c7393878956f9c5850de0,1,295
5a6f1344882ac6870811c115,47180,1f08183e56e9ce0e08b3a4ad6631c182eba1a6fad42dcec92696e42ed38f1507,1,296
137e96389eb955fa8b2dd852,184,0f9f3649178338572e04d54b597652995013aa847974ec9bccc75bbc29b13c7b,1,297
04709a3aa48dd687a0a02389,27805,8a6607fc8cb3e26ee940fe3313454176631f0590101eadd572573183d500cad3,1,298
bbf83c7917859a3cda321ba1,51504,d9728805f3d3b53731468e479e079ee26e8c9a46d9a7f20a1b69146d351c07de,1,299
d96ff3f10c0a86158c6bebb6,18609,507d32cf8234b25b8df9f1c8927d420a7b3da4597fd9199c5d79c38e3233905c,1,300
a4cfacd8b0e462101c1fa2c9,14024,ce4fec1b7e88a5258cede1e59b4fa7e4930558c26377eaef93385de0876ae7ab,1,301
c72a57214e7b53ac3d0617a1,29914,1fe624b66739edb8e3ba597a3ba46a68c7c7d367109f25d2d4188e12031c4eaf,1,302
e9b746aec2476df7087fac89,28797,1f797ed6909e9a3f2402d73731160a94126a8daa20b903437459316fee48a039,1,303
268282c206bb666a11e885a5,17026,aaa937ec9468e6729f4b978066827da2d97de1387ce99df76afeccf88cfd22d4,1,304
905204339ed319cf193b8e74,40019,1c7160c5cbca62ec1dfaaff5c41da3c6af47ce3c9ce8d8c4fdb8aaf0750638c1,1,305
a3938892d20a3516ebfe4106,30506,7dfaac2aa9877c0f38b077a53e7fe492da26c1dad070d08341ffa42f49c57b12,1,306
a751b79815ca9510ed74b9cd,26712,c846a0b88dca2b76d6a856fdc61dadb4cfefba8e2db6a0d8077343ca1122e1ed,1,307
77481c3c4217579e773af585,52612,0f837de348c8bd467c271f62f4b1628f76c90986f47e8897c3cdd305af2f7f8b,1,308
30286b1b7d25f3ca1cc6e94f,25354,a480d5a5dc8a4bebfb2f228e4010ce845c76a4173717c4efdf9f0b7edfd00325,1,309
b8ccd6566602509431905819,4303,324184c9bafd3da68a5bba53891188f94341bed589e38115a417e6b5599e8156,1,310
364c19aa74e9526cd68b0708,1410,3fadc5bf60552042d01961288b9a55adda818152c2f203d4c554948a1195478c,1,311
f596681f2bf5f39f088203e9,26847,1cc088f60785a84742411df90b00b1cabaa1f5aafd3295d9c7a667e3166e0593,1,312
6fcc13e5f757b8eefa84ce46,7581,c042964ca51501204fa3fda47b4b2c1955c6358909e0f5e4e158ef43777d922e,1,313
78213fc55b8579962f809fdc,17884,68ca471f043cc95fd0942afd294906a180be67907890ea01bee6ba9bfc899355,1,314
0d92e7fe634495d03df4d696,40316,b7fcc69de9ce1c8d5bdc1512f31b825eabb3fa8047c8f1584412a814f3af7d2d,1,315
f3c4ed8824aaf93f79d486de,31949,ff0302ad837f65d1e07589617252d5b72d9135af5356b2dbe6afeef34b547843,1,316
6bd58d55833ff3833e47ac3c,15975,8578f66cb236a0016ac20b03e3f637b9b77090babf5211583ea81110add89aa0,1,317
1a1962c112c8fee443b37f0d,19600,89b931fa44de7fd33ef2964d51c0845c484ef09b4a0aed8f63110bea04bf367c,1,318
8eae0887a7da680e105241e5,38471,a9c3ef78c77e6a1ac7135146205bcd42f2e5187b3ce698ccefe25d75746bdce5,1,319
12116dca66f31f8bf5a863b3,19609,4b76e0260bcfc0693edf2b95cdb4cbdb9d06d8b42bd8ee91ddf994f25d639a58,1,320
bae1007bde9cc6c3e48dc9bb,46911,f4a9ea95bacd265efa01e7c3759569b9b8aebb5a807fe7c91322f0d6d57622c4,1,321
ec4869c5882e74c8362f186b,21145,ee8cbb3d5168569f84bcf054d22927c6df320cb593a1387f0ffc36023d7da448,1,322
8d72d5e77d9afc036f8881f1,35496,522397ac6f44d888dcba27ea5ff3c4f06360203ff2fcced69ffbc8c7640064eb,1,323
43049aa5c9f3b8fdbe0996a0,2393,5e078398820d778d5b2697df7ed01eb8075656a3e41480e3b2dab16b67297a48,1,324
e1717c04b80fd13afe27772b,10444,50f5f1b46dea63cc05061aefce2b6bfd5d6558b3db54f5a2d5700dfefb273d55,1,325
1224eb71e06dca1435bddecd,33226,435d5ad7dfa1b93d5892f0b515905e98668f13483a6afce8992d0acec077d60f,1,326
afc4020ea474e839cfd4e704,4543,28dcf51e5554e9f97c1d72ea454c7bb82c56528a19e482923cffa1c80b8202dd,1,327
7d1ad47e3e283e5cddad7ac1,11724,33c4c8bdc153a0a8f3e51225f0fef6a2882edb981caf64963085a12fca17890f,1,328
81582ba2279413044a237dc7,10033,5ca75063a572a51d66118088201f9b040c7d4c1d5196fd0f88d43f11d5b18b3b,1,329
21495a73d0d22b82ad3ed625,31612,00fb2333e9a70fe5ab3f1f52edc12468ccdd949ed50d2ff009f1069d42d460e8,1,330
d743a7f9928d21c8805505a9,41562,69466fa7ea1580bd9151b85f31b56945f8fcb7f6a6b3d0566ab0a2fd3a4e9715,1,331
fead06f532e152640c9c40e8,26798,1eb64a67f2d5023d4a2e41b4b5f4d2cd734e20968a1877640f0a046d7e084c6e,1,332
c31a9a22a6bb506f3a99a559,16640,51d8fed02bf04dcd9be669d86bd44c1f1e88c1ffad722b1b3118ac815e0a915e,1,333
0ea6247fd270e7eee39f0635,29148,334e2ff2ec28d2af1b8fee4f3d9e27d8c98a3339909873085ffbbd8c586ed050,1,334
36f7130d76871f26f874cc58,185,1a59b81dfb9b7afbd912ef7f206a724a279a2448a0a3ee911e4c692c66911a64,1,335
e66392480861ea87ec6973d5,29859,a1cb36ee0cb57de1f8e4d862475898b1b1a94026b669d0c053bdf6e945c3acd5,1,336
1dfcc82efd33b98dd1a16aca,15652,9ad1df77813932944fbd1b79ff989b70f4417ef9c6539d62ee6fe1a2c6190f97,1,337
2bd1c7caa250bbfb1f98872e,38324,8fbf1be6bc90a11f5c263795e38cccd10889fd62331bd8394902d825df362aab,1,338
6bd715e74a5aa7c4e9435244,54184,60e7ec278927bd416e1031c7c42209b7f55c8297bc598f410b12dbd5e308af56,1,339
839754f555335cc31cb0f3e5,44473,082ec47fa1643f0d65c838d2e09c0f4c108497409db703e7537bd2538180f267,1,340
d30352b831355fc9db5d4101,15939,cf6cc2a7938b083e444a7f748b745589f44c6cef33105ae121fdd348faa84784,1,341
01e096695526b970ac3ebf7e,797,4d0f7c140dfa2b82969d0dd169980948d014254849cd7f71d9a59ce049e49dae,1,342
343118ac255500d86d03b345,37820,cae5e6a683d4789e00dccd4b27eca39fa52f2e41c4d21196dfec74bb7bd0fb7d,1,343
44d9a2bc2b7df5a01dc5110b,38800,54c13e24d53e67659a6914eb5bb3822664cd8998e1b8b287805bd750a78cba61,1,344
06f16148d51c9bf5cda401fe,19547,50184d5badd05768640e97e20c11b8db4492f611e485c57d1fd3c2097600dd7e,1,345
d46e068765db031407f47d47,7292,10bce2ea914eb61996f0e5841e5520e445ad23fbfe805a81788ae33cd23e3992,1,346
6694a2126d848dbb70d588de,51701,99029929a6956022ed750b4cc4661001a7b55c119aa889b1453abe2c429319d8,1,347
1a8c604341eed660d0bf1557,29862,e547109858141aef75abb26671c6eec89f72d4acabd054cf191f710cedecd438,1,348
6a3ab61ed71351cdcd51b249,17361,6cbcad8af54c04dbed7665b9678457436ea81a2a6e96424380c5536123fd49e6,1,349
904b03bc8cc436479165f25e,11730,e3e7d18e7e9bbb4d258dd894dfbf9e9b1d02eb3140a413490362bb7be5e26313,1,350
de768a5d308ca5325cb09ec5,56619,120136c5fb02d26e48d482b929a5bf747a31121efff295412fb9ab58b4b653e6,1,351
2b388376ff2b782f2ff87dc1,42314,1dd29ce3e3e953d8fb4a9282640412ae8dd8eb657c380014d293d4c37619ab3a,1,352
1352855d4ccb5788a8934518,8385,055a137fa652afb02549f25fe656d8564bc146750ac40369c4253802e728adc1,1,353
88d8a7b1373eb25a629b007f,48031,d9bbe25c9093e4714a25fe0192edb14f453f24f7944f4d986c31389ae78c7be0,1,354
3ea96199dc81e07545926896,12567,7e9b47f077d1aafc487d290ab18e8d0347adb6541ecbe73612046d8d686f3004,1,355
93840b84f706c576fe7f6c29,33496,9b4e248a1bbece24a0caf20310b3e3e05d2132f096c3898486fc7ff105abce16,1,356
c247b6219f5742841c3dd40b,39977,24c925e53461eb7416b75465217cb8e882a935fc443db435db5402aa922d2406,1,357
7dabfa8288559a4ac093e4f6,6268,f9debb895f776a6aac7286df80da3d396a6cac4b57ca619fe4e204adef1b46c1,1,358
44691605e0d2f2d8bd07475c,45218,51f75f0ff91ba95c2096e0ddb0fcae38f8dc74e09a22410175ceefe367cab330,1,359
3c5f2b47930d3ad8d04c6c5e,8296,093e58cada2f189f9ecd168a1ae92ba6477684e0d49ac7c56eec039a6a9ba6f4,1,360
f1c60dcbfc3ed64bcd13408c,38742,fc2e128e64a822c010a0cee83e721e8fb4ab81e3e49a23c13e4491b7387ee2ca,1,361
b5fb6f117c9c246fba160ca3,32084,70648af432ab671012b58be3bf83ed7009aed3dd9a1f5437c27ed61eb82cfc03,1,362
905f86de10cb27d66136eccc,27372,e4ebe0a9417c3218ab42737fb50538953288e9b09b3aa55cedae7f76e8804f68,1,363
276fb71d388e33943460a203,55115,445f9c4111a0720e14033be3afff4fc6bb7e4990fcbb71ae7db8d02c22f69f44,1,364
357b8fefec86abaaa753cd02,33432,b4ea8281be2e8a7e2b9590eace899fab8daa99950109f49bbca73f148fb81037,1,365
39a53e516735ba8f0151736d,39365,e522f656eeab79e27cce8a32faff9b47f66748f58c50146f9c847c3482a2df05,1,366
7c44295a1df117fd7eeebc5f,13810,3324a042f1387ed131a01610f779eb76903855fb9d7eda6069de0f10290659a6,1,367
f56e10071c7f8affe11c0334,45174,e47a2b53ab831c1cb24d56c6b083d6455125d9f1694a04924872649dc1d80ed6,1,368
fb2aaf0ca05918ee291ceea7,14758,5217d71cc26ca18fd3d42c6421ca268942d6e7dc3bfcfd8685b261b9021bf84a,1,369
fbdf942ee8fb31e02ce17421,41907,d62255437b6595d14dd4499232b3ece5e6f8e95afefea8f31358d27b53207320,1,370
d55c6561fc26ef707b695b4e,51759,b94790bde0a5f0fa3021b0c711a0fb9bf99b69b41d2bb8ca6f8a360e776e05d7,1,371
475f457d9aa24257de4f3635,2282,78374f2ad3c70df20382265c37181a6dfac6711ffe588e124375dbd1ff3c9e02,1,372
83202d8aaf82416f82c84640,41640,2df3cf058cff9deeafbd97b2cede4b55fbc22a7e00c768cab12759ca67495f24,1,373
567db8a414a47ace8a336166,19845,98ab30fa3537dcf2c763b3629e9a68fb2021f9aa93a12ecc4118af674f4e1725,1,374
86463d70705f34e873582668,18690,f3e17083ca56eb4d87f7b5afa3de3c4feffe17a0b3539060c4b0ae427ccc5ccf,1,375
8aa53d8ab7322dc876dff2a7,26718,bf2c8c600dca8a275367c08a1ef876c009c82635e66f24332d4d92577d57915d,1,376
9325f67f6dc0cc519864133b,6176,87ebbb10303bcbc6e71660ce00c60876fb2cd938d31fc63ce8c12c3db414c015,1,377
4e811268eba146fa588bc9a5,23884,cb84d25ca1d2d83f6b119bc5d1ce4955c21e2f736ca630c1f33fb97e4ceceb06,1,378
c297e60f9392e39e12a24b95,43534,2d372f95d99bf87182d835d6dfb63b73a5f606c5ac22db5a195c86b4202e54da,1,379
6f3515f7f47373f05d478f81,47562,b06b6239e3fb658df38ab814293cc80dcaece08f35edbd622d5e585606439c65,1,380
3baf54f7c4187f6a63a78c70,30707,0688b37a87062274fb21034f52acd94c16b2137cd5ed3830d2d89ab83c8d8537,1,381
ce5c40b4a6d5e97dacbfb5d3,7381,1a24c2905c138ee5f05177896be5f868a433070c8d54124234676941c188f114,1,382
1a96843bed68f872e97628e2,37656,e6d6f35e197f538ac3e7544316d2f98fd1e142225b3a9b3ddc6cb47f74777c75,1,383
37a7893cd496e37358ee32fc,56169,ce3d6845828a4ca6f683c56e9c53558a8a0e20a3347e47fa66f09410d914d1ae,1,384
beea6169528eea1339efc1d2,39870,3f4e3c7b16357772688162a48a736054535508e1c08ccc78e563e0deb7ed0f25,1,385
71387d29f60a69cd3d115a9d,29065,b7b5800a9c5bda67d96d83340c2d732299d292a68fd428e48194bee0f1f32a11,1,386
89ab45dee38a1f1c4a14d75b,55043,224f3d11217431a106936f3846619b44db651d18ed621da61e2e84cd8a213866,1,387
1364895270f6675bc19a046c,55845,adcfb90d9ae85b009a2756000bcabaf8c2bf5b0261ec18c3554f95257c07b290,1,388
7d5bb9313d26b0adbc212f20,18138,10166e8aaab203f28ced2ee2beb2594f0cfae9025201b378869ad2ad943e7484,1,389
70388e1170ca7d7606c6160b,47078,79b3db7377380c2140e2f984494e67f111d7a0cffda8f245f7a5bf76085ae48e,1,390
0b2605085b25eaa7556bb9dd,2961,7b780c1480ee31e3f3ad7ac416e1a6b8d56ffbd948508229aecb920ef182e90c,1,391
6ed765ca021b9c263bcc7e89,54209,2aa6d609702a3e730ddb075978bcae5ad86b9a404bc1e8de47cc00dc5c524263,1,392
895bf39e4693952f228c689f,37057,8dcd344ea4ee343190b828b54abb1f6c186a5545b2537c381ff33308dbb668b6,1,393
0260b347a9ce6590cb173f0c,40794,29349682aa46fac9dd6cf8315b37636404d5d3b6696c1a182b47028d8ce658a3,1,394
ed03e2b6e48334c426f6deb9,49570,26cae5d211db44438c7f16903ddd808f2cd719a4ab9f499eadc94ce304128df4,1,395
5ac1e048649f78dd895c5017,36308,679cd37f3c55863a4b35be86175a8392d5134a67f8ecf73a4b18ae46a54c18a2,1,396
83d916ad646161b02f67b531,26605,817215dd1f0323cb4a470271185147c4ae4948d879f7e9406ad0657ad05798fa,1,397
c5845f372e89771297bc2ba7,55639,67cec66421ff786eced78404781daa83518af4c824a9074f4503e30e3b8ef61c,1,398
1cb8d29c5c07aae08f7541f1,6983,f30b8722addb1cb39458986dd2a0f5da336978251572d9d2a59625cc41adb950,1,399
7871d3246a6015f63e243dec,53558,a2c4d009c5efbb442a4d1eef4f3398cb8bbc59860a2fef49536b952893830b44,1,400
0cdced2f5abb6f915792aae6,21365,1d74e2abc02e1112d8a95e6d06e3bf51c3b79a113f14de9b68dba2afa012a30c,1,401
beef6889e81fd96491b6907c,18939,f906b591d5be5d8d228954fa49c9046e75270da5ec91e525326fba5073b9cbb2,1,402
7197e7d869df7e3fd6256f4b,36852,734805c4f93936959b87cd8afc27a93635bfef13935be3b7903c43befe078f91,1,403
03f5cf8bdda7faa300667547,44888,1d69ee0b0c8df1129f03a91d0a9ffcfad7f8ce306be7ccd11aedd78b4d83c563,1,404
dbfbe8d2486131626eaa4e62,26760,74f20bdf6c6c703e20c2b3ace2f03e0a39449d6cc9d501a2c103b647bbeb1747,1,405
ce372b9e6c605a6fdac0de39,14353,8d159f3f91a79407c8def1dfe9ec6d202615d8ad580958c3b7b8a5ee36b8e78b,1,406
39da0c88ae0d74931994bdb4,25457,786c183274aaafd55d68388c8abb189ec62855adb19c329dac5ab6a4930200a5,1,407
c0dad9d48964350837fa843d,51875,65194c67a4d77bc3039420bb511c7df6f47ae97b1f8a77c81cd3d0265cbaf1b7,1,408
d34d4a476e1c6827abe14222,32511,643db32efe021eb4caa9b1031a2430337319d52ee47bfb52d1284269baf929bd,1,409
f2982a57b5b5f99c1e2c4ebf,49812,98ac16c923f587bae714a2a4f9757cefa4f56a1aa5b35f7b846afe096fa88f0d,1,410
eea7898124abe6352e80bacd,3340,9e5920911c2f30a29c408ff1877a21490f1cb0fff703b3e761b7c990e5cf13db,1,411
1e8ac119a4c53941baf699a6,15552,cb89061e5615106bb122d4857eacd64f5f794ede348ddc5c8fc7ca7ffbb8c58e,1,412
84ec3722835efc614e33eef0,37313,ae5384eed131b09339946d50281706d23c2e64d0dacbdcfd53552a532c87f156,1,413
ac8d30b935fe14a80e342a1b,54844,19d80d5f57a10cba75b420714a2ce25b8b90caadfc6afb7fe297c7cdb6a03a77,1,414
acc21a461b941174b7dedaea,17913,3b395acbce5ac3179d7181aa2eeb4767ea899ad58b48419127df32772049a181,1,415
124161a9c9176b9beffc3f91,45181,41b6a2accf7323f10929b12f97716b14639ac505678e2cb20f234a9ad8975e2b,1,416
9bbc155c77280b18abf9d5ac,27042,0202e56457e2f07907af8433e5709046f8db5fdb964983365c0f3be0657363cf,1,417
620b237ce1bfcf33dff98a22,44105,10b3cba1aade722ffcb582b62fbd0320448b513742f9598c3d3f80dbe27a4034,1,418
deb08c59b6526fe1a9b8b05d,13138,43ffaa0b16b113f356cda3bf435379ae4fc1ac8d9c906bf190b5960ad3e31426,1,419
22a38786c9c46fa293b22ce8,30851,ac93f7c88cf8d7363f8bc6da4c4ffe135e1756561017af18cd8e2ab6a40e57b8,1,420
572f22a624c93e729605ed3a,23866,70a0d7d1f59c95ee0e04ca91a3cf7730de4801204c041419773e7822cddb51ba,1,421
374aed99ace40e3d0c15141a,39442,06bfc1b3dd4dc05bd55ba8a8c0a2c9a30d57693c31849edc99884766d5f76412,1,422
8b0dbc1c9ae076ab7d87ccfc,49230,e83316d9286c0627465d02833ba3024e68b97ce82ca774d44f5b528524d249cc,1,423
ae0ace8fd568b4956cd950f8,51967,69de08332610ca4c83c3ac6a9e9e67536bf43e97a99e13a9e6104a654dbf653b,1,424
bfa025ea647d2737e7a77b56,21653,674045a903a385aca40d1ed5ad8aa82045ce10836f0d085ef0bd9e2ca04be404,1,425
51db385c92c5f8826710018f,50998,108c8eaf2fc1818554023ae80e979e65a76b9831bcff589979fd0f143fad2a87,1,426
0e768ed9da9ad5dcc8695c2e,16610,5ed5d30e466f7cdd00543e1d1408a206ec3f729bbc7d42401257e58e2d261d33,1,427
978ef499dafdc547acd7dd7f,28398,ae6c79d10f1fd410650790e63186ec108fa106325b52fbd88de21a43540e6f2c,1,428
8dbd7f971f3a1ae348cbe383,19601,691a6a9b90de0999fdf67dc8ba1a42de9661fa92250aee74a990bfc759e7ccea,1,429
1705ef911db6648f36452d89,41683,a86d7512dcc1af6d49b210f127ef0a189e8b2bc99f2e5369a767a9ec1f778083,1,430
e5101aa541e63780997d68fa,1125,7a4f566b2f8be5026276a6406640aac2e27779321c71cb0ddd198641a2cabec5,1,431
c31d14e2e21647dcfdc25cef,36791,c1ad4626ab7fcf94ad18e24764612ff109da333044aab191e3e7335c07b53c4f,1,432
c1cf8043fa10f2264a3e9b8e,27966,5671c6cae83ccddbe7961f6ae2c66ad6a817f22707aa79a2b43248f9bf95097c,1,433
b6355cef7ed2a07a4e291af4,6113,70d0007d1f4213f8700bf18a8589c859f77484a1a886c173e61a77994ec34493,1,434
0cb1f240288fcd83b31fdc75,38345,9593d5fe5f1e70c888fe940c751daa20c81b6a0315c628eee6e35bfecfce4ce3,1,435
66009c02b1a3b3bae11a87ec,50157,06cea877b9502e361d0532f3045d69eb581d0e5e36880787341730fdcc95729c,1,436
2a4054668c92577bdfcbd8d3,36705,8e0d6f09d29950a0a382cbebcb0bc295470db538475c1077bc02231863f32560,1,437
f4d8cdb47731078c753d63cf,10314,ec8fe1625c3ff97348848f2c2cbbcb2b875a85638d8efaeec29725d8c608062d,1,438
444f464ae7e31626cf711790,225,55b89d0303138c87bd214a04e31540ff9e1aa5e3211eab593b87fd7645772b4e,1,439
9ea2f4a0c7a55d3e6d326b3b,54566,88149d8cac5ac854ef3a08f28128456be6e30c3c33bdbd36f5c7c988e87e8cff,1,440
9050a785263b9beab8a292a5,39973,996e437ea2e97b5ed2235c15d7c8407e9b274a6368341fd79baaca344d4617bf,1,441
b49e4f3417df803ef7847b4e,41864,b1e6a0e2c8b75fb591105df1ad0ebd50d7829d021bc4a7f939b89a9a368b8ec3,1,442
bf3f42faa01bc2b1091246fb,26995,ef526a285111caf35ba5ad1a445b21f8abd4fabb61cad86fca7514a4ad04881b,1,443
32279f8cbb21a17e0d68289e,29747,9f6922f2646fd96a98c565690a88779b6d02e0b2e48a762ae1212218b1cc897b,1,444
0a3160f8bffe4382c6352bc7,2115,128e043d8df18e9cad5e081361466b3401ea145ba50f6de1f82ac98e02ab6a81,1,445
e6aad30568bc34c57b7a4586,35477,6533e0c8087a0c385017506d50294733bc5c294e24e36cc35f2e5b5683deb94d,1,446
4ee7d25799979f839fc5a2cd,26233,6531ae0e103e372c5d87d1b356138760d627019e58304209475ef3adef71a128,1,447
3b94e6d9ea2927a0e453a0d9,8761,c7722d785755e9c7d6771c995157e942a2f99ed7131a06f3d346f0274169fb00,1,448
92bb1ea0f6de9a8383857379,29533,1adc35777668a6e103694cd3fa381b534967b2463126db8ef38eae55bed156fd,1,449
a6ff3056ff2de3785188c166,22629,7287ea5fad8992442d94e793b24655993bd25eaafbf38e27a5a3b7d3418e4190,1,450
7bf991bdd53f98736ab4c766,55519,4c0b7408f5157e32b087f3e8ca0f1535c376fd2fab8eddcc42bf1feeaf326f1c,1,451
626a2de89f2ec8db901fddd2,37976,6c01a5425547dd6290e0d6b0b46ad165a5b0ef602a8ed606f729b68aefb2d286,1,452
bbbf2c8855391f53927981c5,46202,d1a8d217d4124c0c3430abdbf26c63bbcdcec0e9af50f39ffd7f685374e49980,1,453
1fd0f4ed3e3cbfe3c163c209,51764,2657be1cbc4c0860542f344315f339be6e03e487e45dcfaef35564ac67c529c2,1,454
b78efb543ad5da3c808576b9,47799,a34aefd9adf0b4cb4cd0a8941976ee7b2a2f866bb45d7b4d053050b7ee928fd9,1,455
3c6fae43cf95b1fd90d2dd91,20924,a2a8549398069442f635c61f4ca223c0600b426e6ffc49eb20154701a6c9100f,1,456
97e12b7201f6fb883963ec5a,36968,d1d39b9295219586273bf47b8f8a19fcbfe3b5762dccdf8c51bf462435664cdd,1,457
1347665431a7608fe05637d9,16051,454009d0bb8f39d082f98563495894f568e7381755d5cbafadcd8bec9a30df33,1,458
1498fb6136553643d536dd1e,33294,1ac9a555eaf62cc74493d3042b34114a3a98d53457a12646f52bdeb785ff7830,1,459
de683f0405c69e789cd630ed,41547,9cb6b79211ffcc1c4fd6b059c3d6c015f4c16baf1ab18e27a8452509e057bf8e,1,460
90415ffd116e0044db212f35,22205,8172f9d467171ec8fe95401df3ed1800bc1aa0e89428b5b3a390477893d08a96,1,461
7d685cfcd56ec2bb1ec88b15,39248,55b9de775e14b40adda98f8b9ae985783492bf1967bb0c7d67ec76eec7930600,1,462
4bdd84d96ead4b7422d70dda,25472,6b1dc35ad2d7655b09273bc81e3ee9ff9cf2a47ad2e61b4c5257a093a1df2b78,1,463
3d3a25fc2c15fcab9f9979c4,9158,5f16475555c95781f61228b7ea42305b6b42492091f7789af04aed4031d55b09,1,464
77fd88c607c781f3e32e19cb,54536,b784ad8abda2ba270c74aeefb503ae9668dcba6036c2fcc6711c1f3eab772b15,1,465
db9ad447629414073bddcff2,42679,49981556ea0899d21a8ce43a5e20670c9805b0b6e571f4e0791d2ac07a9d4aae,1,466
1c360d843cabe2a16ec80d55,21192,ff777bbce48e5aac121ed36248b3a8d86380030e44be5f3abdaee76faba0b6a3,1,467
007929741c7a56e3451f8922,21676,aa1c2209902068c8a78cdbb7a70021820f5b6ce3ca69e108efeab8b36a63cfea,1,468
d568c2e2999cf5c1ba315e96,23120,701a8ee281a4409b00fd48aa7a0a826719dc217a378d85bf2434d71f2dc96245,1,469
1a8a2a6afe02de2318a597dc,14420,1cd44274a09948c687c5049c45174a1dae9aa8bf2e44851313fbebb762b1acfe,1,470
307a0281b5f5d0baa857d3ba,28128,e5b84cff5a41b190979268253a9f27260db37ee0fd5d96af5006f257c52649eb,1,471
5621240ed4ff9b70274636f8,8227,c9ad4d3dbb0adff8a952038385d114debad1a8cf0b38517600b2dce78b049609,1,472
a1fb0eb8cc9af6ad527f005a,52516,c07651c77fafb56aafd620ce493c7c4524b2a81cb155f57f4c8e58131806997b,1,473
2a460b81e73857369138af70,52272,cb20231c645217b65b5598bf23b43a24f6116d66c4ba19ae086fd9d390d539ef,1,474
a50ef9d61f349e2b6e5cbd82,39432,71455bfcefeebe9582dbb6a8b85505b29a6b79d209d3fb433b2ad0cac20c6173,1,475
239ba8b55be231718466ac61,19327,f86743cccd5d6ad40681a8d56ed47ea504dd9cb1f206624aa100bb2944d1c83f,1,476
eb5b351ea02c668e472fc9eb,8261,94dc5a3d01a4db942ab6dbc004b291f22f6ec96629406ea03289d2d53e336b6e,1,477
e2597d9da30862633602ef78,17441,383cf9502429a6bd8b9a6ee0eaecebe26cd3a9d3ca73d6df7d341334c9280e78,1,478
32944a8a4d7cff13017126d3,1944,e2c7cc3947b5246c2cec7253d84d20a34e021109a1cd25cf20560c4f1b0ff51c,1,479
d2eab56dcd0c2574cf981ac8,27403,228ab4693dfcb5f7846f3292736a967ea4aa16bee4d3500b9f300506f728118d,1,480
cd32f627ef4941fa837c9f95,37011,4970461085a192cefcd8627c123e965a39e9ab2888073a97b3ec1baf6b4cb865,1,481
38b151ca1509f96616f39091,3663,ce2ddf495bc201dd23e71e4656e6b08755d69393e66bb2ad43891097e37e508a,1,482
0db24485c7c0fbce2566a1a6,31540,23dc0a34913affaa25e76cac667a5bf228acb0fb088a80914997eb50fde2b85a,1,483
4f028ff530ab22172eeb8454,56870,38afe01039b1028e87563307e4c04de464a109ccde0ae4abf4e721d8dd84d1ce,1,484
777c885b17e854566c2c962a,30925,4383c21a8fe182eff949b1aadc0b23648078590f9ad9f763b47c21f9041c01d8,1,485
a75b8a3ff750e0aa61e3d570,46863,d7c2a182c0861823f3f3d0a9dadc2a19deb69fc3074b644eb5bf7bde3c1be7d0,1,486
838b7c8b4965c772802abc46,54051,1706915de9f50a1307f9f55d364e12b6eec223404ca2a21017af088e89c6e81a,1,487
a5445e75b03fabb074f89281,1884,9b1a9a961489b2fbb0a21a8ebf8d12611b851794d85798eabc6c00304a64ae53,1,488
6ad5b72082c493e36387d943,11990,ed3f7ea8171b4614d5292a363db94c29443fa81a03901c83999378354b3bb27c,1,489
6be236dc5cd48cbb43e29ebc,19369,d0271e028a0ae14833cd8fab2f6cfaf16871a27519d4feb7113fbc029b0f10d3,1,490
4e45ee08b3ce7fbdd38682f3,26022,9edaa42368ce527e803b45e6f143f4453ea254d694aa5a0dea5625ce317522bf,1,491
193321ea5ae8806b1f8ff63f,54862,05da381a177dd8c8b2f232623bd928450d330fad6a814b5138a7231a53c475a4,1,492
68da07763324eb8ae8445b91,26460,e97129af02b39eb1a219c1b6dea304e4d58f21765bb0639d360a5717e208d168,1,493
4ed8713bf72daa5c9a646861,30445,dfb701601dd1c599a062a164ee36512d5f8f1f61a2d92631834929031c63e3c6,1,494
a2def1fa01f27ef1a7dc6653,38662,042bcfaa3d4a2a65d1cdb299c939e20be16e8d343fddf1ac599f83ecb2edf109,1,495
599313f036c08496fe6d4b27,12699,db7998436d130ceac7e63f3b00a16c43dfee857fda643c040095f22c80ce47d0,1,496
ec49b8cd1b6a69ccbf76957c,24181,4bf1359f4a72eda9bc564f795aae43f9abd1c358ad4ec3b853e075628c8fa91d,1,497
8227159de8bfbe23f188b486,14576,51f0572675b65befbe1c5f08aa2f028f3f30990a7886127dbd6579d5dfb2aaf1,1,498
a2003eba353731ce54710e44,43977,fd971015e9f82ed8c28cbfd26a3c039739d44a61eccf7ad5a4f307d9b1ef3459,1,499
f477dbfa3b46a58e9bea38bf,48861,5e5a0e77bbe35c40ac9a26aacc10271e59d3a8906126ad94796b2523aa3f425c,1,500
35a0a560d636db4c6d241be6,48445,77e4b2ed6dba8c2b42462eb06b5faac6f58c9dd0aefdbdcf491a4bc7a738b747,1,501
3630d7d8e2038556046b5d51,35782,e9899e09c6d507c375c472dbf09df01599d3cc106ab7a4dc90abd3c21668b3cf,1,502
88e058ab7b4a2fe4edf36008,44050,61a3e7cede4ddf15215873e022f93566185b5300e90861133f35eccde042ccb0,1,503
0faa7517880b316da43b9f14,23172,00890a16665e2b1e050f56923f5c69d97fbefd3229dd144d1e2f0ff7722bae0c,1,504
ab7f0f1cec59c0351160c441,47088,f96bfbd004bac8018b2ea339bdad28028ed393f80960a4edc5b8878e7afc6aaf,1,505
e1fdce6cd098dacd668788bb,24859,013f4bc5bb259c8768ddd1f1ec953d0b1b7335d95f2dc33ead7f0622fe9a0aff,1,506
0873099e4e58da5d99b6c6c3,31618,27d6b01dc459e4ef72a9914c76632958b43c3b93b8084e2824f4a533ed4e1383,1,507
cd5c21e6b6df1d9612b9e26b,19404,2b3c5e564ab9d13351dd3644b8d00f30c1f29789a15696d48bd5a3b6e358eaf4,1,508
1abd6ddd0b4cc14343071245,17472,4c0f4551d40b371b578c254b52ca278aa4cf64f605ddad3f26c4a59e6c79b653,1,509
f8faa37a9cfae9aa0dadbf1e,43703,8af93909cd6c482704e88a6e0665af0eef13f914a7df6ee9767ebc28a36c02c2,1,510
c1657e6248d9d301a6fcdd7e,50460,e66c5f935f5e2eecbe58abd78b3ce3e4cdb919896038744ad981194384463809,1,511
b047478491480866ad9fd925,20953,a395c4a1e1401bd41a8e04da0108ea485c90743652faacaaae107d3c05330a9f,1,512
3ef99b4202e774ddf0b4fdb9,10916,0bd408cebeefe3d2651f135be1f9301f069b9066d81fdc7d722fac315e48c1aa,1,513
153acd7d8a2a7b4437a15374,27229,70aad9af5eceba73f7542b9d280f230ae4d2db484bc8031e0a1e4f5b3ae99b4f,1,514
b89dc18d7dbb3feb919c60d8,32589,afa0415e4336bf347e5f6e9506937556c9f17b53508e624b02aecae229975169,1,515
6cdd58eb0c5a363856046971,38948,01a9bbd14b840c4ecbb3d26782eac92a4c612c22abbebcf0f4adcd8cb9db8d6f,1,516
6dafc084dd5d59de57d63688,47767,b33516c765c92298e0bfbafed504fad61e8e6b689685da6c75a7cfedec9760a5,1,517
7112dd2bd9b3777a9b77ad6c,38464,4c3ce8c13652a4b9d1eb18d40b548ae11a1c5ce06f85779273f24576fc6c03a4,1,518
5973384d532e1625e4859a5d,20129,4224bf88e430f46945399bfb28cd89dd10dfa6a8a90f266694b3c98fbfb1199f,1,519
d283b9b8b478a6cd076a0e96,16910,87fbc6bd340b5d8e6385e50dba322a86b2fcc27b78dfac91839c7b1956f35da1,1,520
b392a0f0c9389d91c4afc9ef,4379,ae4fa87d3878a3f4bdccd8068dbde65101c54584fe8a425a7cce4926551bbae1,1,521
aebfaa2fbda92103620d01fb,53403,8e54b0b63bdd9660fb38f5946c5bcd46ac0ddee69d15b522f825a4b42c1b3c91,1,522
0902a07cabd65b838e80078f,16646,81810bc1d263b304446c516489c9fd20370d592e31b6ac35d9336e3040bc3cb6,1,523
1f819ae676caa7d3aa1c410d,16918,c66dde9ac98b3402663dd3103107090100576a28785ed28a63c071ff7fcd3051,1,524
ed3404c122b17a19215d3ad6,23244,79e283680f482769c438ea44018c6b63cefcae54e3f3d7568224b09d07b6abfc,1,525
462326bbfb7c5a787f7ff4b4,21250,80f08037ecc107d9a6003e4b06e4103fea9f2910035519b80fe9759eb428f3ee,1,526
0943409e65175c6edbd6101e,4833,39a82f28299b21771d393e3ff92c3d7d2902ed737d5886077e49ba4f07d672a0,1,527
0d6c4123071d85359138a408,1660,f4969263f76ab37dfa5e105fe92964d30b78e021a969022dbf10f40dfa769d02,1,528
05480acbd6b742266a26f1d8,24353,2f06bfadfe0f152a7c4ba1bbae509ca2ab1cc24c58aa4a79583cf83f533b546b,1,529
ffc99a2d4499850be137dcdf,25083,a6ee38b9346c37fabfaac986ce0b5966bfe53f21cee40023d149154f63ebbd3d,1,530
5774f363a931568ca4162d14,47898,6d74eba7acd9ace713431120fcf94a874f0427eeb34cf2f7c76844bf28fc7d08,1,531
9b582286999049ff6c1362b0,25621,3a7b025f678b63b17b13b62580339f05baa27d70a667ba92e95875535c88d169,1,532
481224700a5c2e5ea5efc1cc,44964,46a7180f8d055d5279e541e695dc6152e2f39e519e0ae37975b76f81dbd3a0ba,1,533
23d5f610aa3d3bbbfb0aadbc,21062,26a0683bf5191aa7856eb7fd993ed23b10495a64a0520d2e18e2411e246e6acd,1,534
653a83139d391b63c21554e7,2633,988d20f8017cee9e71b8cdbfb23ea7d1481d96c0ff5cb778da5445177a891fc5,1,535
714550efe8e1e0ae172e1d2e,16441,726c51bd54f9722a401dad4fe578ee6054a4144aab4f2c236cae949ba097cbe1,1,536
a7111f687a96a13c4e6e1e13,39196,816df7b4edb5746b56c44d92980abda88ce828f0158d1d75fdc1b26f59ff0299,1,537
3df3df0880725ab3ea24bd4d,28990,7a652810f0e7800a605f09d0d09358b180fb7b3266acdd2e41da023e49705d55,1,538
5c9d02e658b16d65aed6f631,44206,f2dff8ad2edb0b1f3f9d508693eff5263f5e506d1a9ea6a68fdef03a97bea4b1,1,539
207f2afcb2a2bd7076198fb0,47551,bd7a620f4efd05689de843d08723f27fa410635e397d800f2dd6bf1495a75e53,1,540
8996196680c5b6eee620c005,37374,b035a41f844dd871ce56b5e548c5575f56c583d0cafa3fd3d820596830106bc5,1,541
947d29832eefd6179f34ffd4,12610,cf3ff7d69bdd5e4f1ce28dc02cb2744abbfa5b920b24ebe2cb3982ffb8d2a819,1,542
41b10ed096df4c58c6d624f8,25060,048fec8af055444bd4a7e4e568d8bbd125767bc6e05ec2c9ba12b78bc56b7397,1,543
1db4eb8d537ab371557a3ed2,38612,b63ad00a9313a40daff6ffc45db6a443627c7b614fa3bc874872633988caaeda,1,544
c1221c8cb05b1aa5dcacfbc3,7732,982a5c89d578d4f0c350a25c553d4ed76fccbd12670e93a21a9aef0b1e8abb8f,1,545
3666f8dc0997b3206f563049,23611,7cfa5c38118944e77799147fcbdbf9e868898d19ff3949780ab6bd7ec171f9e3,1,546
1815490ef4cfd42f33cb4e8e,7223,59ca992b5b2f7913904ff87fd0a7d74f7490db7308fa591ccb8e297a27805df5,1,547
b6531558866c8461aa502d4d,3971,11d062f6542b328f631b53255d2b5d148a8ba2ca67f88ca79fca5554e7408240,1,548
5bfcd96ba8297fc8da940d3a,56107,fa6a3a7dc156dc250d94156a1a97b125859910f9fa3bb148102704035bb3bb3b,1,549
3adf9f36a537ee255428f492,5257,b27741bd702415761841bdd24aa060738f609a0cd1a6f587f510aa76f5dfe869,1,550
ec56dd6da66533b116c53c55,11292,db8318d3be24ee200a899fbfa80666e3a7b57649591673d6401589c6346f4467,1,551
8c7a532672ab1712c8c9559f,4932,6cd9237cf262485d3e489b41eabfa4814954da4433a9bb07e91ce8b834a192d8,1,552
09cf48e6092036a415353ed7,41065,d53f4310e15298dbb96564e3b8d2d4c6701765c5ca4d0ba86cc09099a6195f95,1,553
8c7790f4f28b43cb346e5f79,10698,6ef2bf1837633a16fc8c04a47191076c84cb9bdfd9e63135af80100d2bdd89ac,1,554
d5f5073a900dfbdd773d1c7b,12628,31a5bbc65933b2b17c65f3e521da40abe3c851ebdc9245d61a66609ddbc48769,1,555
26d630bcc041a19ee6adc4bf,31252,f13e66b0103a6693b8f8b13e5b28d5d8c1259a8b24e44cc604b573baa6f42c0c,1,556
e8608d299e736ba04aa10819,52923,cb53fe84c8f96ed9bcd50cb811fd9b80852876bd7a09511312d66e9af5b24319,1,557
06cd369ef3719c5b9714c460,43472,925a033813c89ab096ad4eb0e80c1b688014db7870d642d08109ca96db9ebace,1,558
92cc31c2f5957b45ecd1dfce,22541,3e1f25f7e25719cae311ae2cfbca4b3c433618990444b6ee99705e37a362a490,1,559
9905a50cdb8c51dfd6ab0345,12694,7cfa7789231cac36b6841d41212a2d7b683ad10a15c6dac23742a18efa3699cf,1,560
ff59e3645d3d388ef0c035fd,28898,183eac47e5ede5ce09ff013b43737c537752a8793d64ad117ccf9325595eb020,1,561
87286627d18eef27d212c816,31065,183c03a5cd5a3d248a0cf5a7354447eaa6911fd7affde6209e77e75e26890bee,1,562
452e9b665ae07cebd1911208,47925,97fa833869637d6792937656c4757e764b7c67926b7c14fd5c01a39cce247fb2,1,563
2423d898afa0a55acc1f4c39,32079,46b64edb03d37ed0322cfc9295af464d2054fc602a6a9c5bd9d956d2200bd3d6,1,564
341d15ffd47f4dfef260e580,24222,cf0824ca89d4bd97a2f770eb20456492845a2f439ddf1b4d0825e0b45f19aedd,1,565
90cd804fae61a94e3babe1e3,44179,b5886f76947d3cc33f671d0ca82d8707006c87e63507c16e3af1d22b66d39a15,1,566
0733c21c9a50db4665d6b452,31753,24aa1db2c073201fcb4aa7802a069d96aa5bf990355436c3b37263d6de9b9a8a,1,567
11522201eadef8b6fcffcd03,33680,06c698d4f5c7995b558d28aeb1d57fb064ce0b56fb29750d7578736c44fc97ae,1,568
c30c3e6f0c679553dfc7f8c7,6927,bf0848279c188057dad8b9c9bbc9370a5f41d0efd3feb5bb64d8e03f99f57dc7,1,569
82fa43895530eb8256c6d9fb,45984,8a21c58993af5034bc27e9225030b2dfbb0410d054e3f33e4cf814c1b512c56d,1,570
c5049127d977689824884024,505,9bd4eb40637253859d2be3949a3d30efba2b2a1de7179d13d48c5ba9783a12d5,1,571
23e3705c5fb080837fe58a16,14269,7c41f1aa2dbea49a6b61a33ba62fe7c616c964adb58e75d8ea397f7fe163482f,1,572
63c833dec6b30e04bbf30ab3,37428,a0ce5db1217befcda219fde3ec1eff27e537a581b8b277bbe39d5d921fd5ebc4,1,573
286aad1eb27846a821ef27d2,53296,39f41da9abfc24f903f967d42f3d7809bf39bbe40f7d3af090e4285f64590e71,1,574
6873d4e0540b73ddc01231fb,50255,e1e9ce8d7c5b45e98ad1f054e328407cf019858884b488672b76c69adcc90a30,1,575
ca7cc5a432f173848464e062,44727,f5f505b2857f97af67cd855d7762e7b7e3bd970c9ac79f593f2e4b20d91819c7,1,576
69c9bd2b33e90ce6061d80e1,15452,849b3e9ba0cda42c5cf49fa761ce10548ff8f173b1ec40d8252e5436a280f3c2,1,577
5f01edb07340c18f8a03e235,34048,bb45b9b092164dd259f835e000a8e55f4fdcc25687088c33c24a6b6e7fc26049,1,578
de4b10dc9f50ea3302639724,23626,6d1c5ac33b62669c047e9ac47f84af33c937f8cc195507d1f7d3018cb80acbe2,1,579
5f1b092ed9bceef2c64a0e29,26425,2ef78968b98cb9574495c9fd309467b3b964ee4cc1738c6953f32b81b59ff679,1,580
d1bf6f0d256edcfe3a8cd673,19836,611fbb39d9d194a74d585544e410b81ab2390d03f23c8e8de6c56194333c2244,1,581
9d85e1fad6ea0fc35bd23b55,37692,e3e92ebd4630df6e1d6bccfec0894f7b56efa54a9a362ca87933b90352778be1,1,582
3ae41900fd98a0658620418b,3288,19ef2680644c942c5d84eb527c37ebab01e63b4cb40bf852e7fac35aebe8b538,1,583
2a1a8953bd215d02b766510b,37280,71a229c9ac2ed8d3dab5016301c3362c2f3ff911c14f2fcb9530f50195fc0a76,1,584
4e2e73fe3b191f1479009fed,47201,cbbf241eebedba6fd5e657b3c560fc9dd63c0d3e0de6f816be60e86157ec872c,1,585
97f4eb8eda788913c90b91ce,53664,ec654fac9599f62e79e2706abef23dfb7c07c08185aa86db4d8695f0b718d1b3,1,586
59e708792db0fdb537b626d5,36454,4c46738a464c80ce09d5ce8f9701676bb355514a75876c723965d41b079daf61,1,587
ad4c89b36de932659378c988,56576,8b1d02c7ed1a52deb89c1053a7e652803f1cd1f32f528c0592d5b799b2ae8942,1,588
58895fb3d379f848ae7c6e2e,49730,0f28807d27056054ef93e1d450a2d3cebf2091fcf00247a51b9d821fe9edd6f6,1,589
216c0098ef449d1634cc559d,31563,a7d483aa76e4b81c7b0b90ad315a1cc6ebc23e3c76ec6d7535f54d0340ee34eb,1,590
5d37e363d8eec4dfd66812de,21125,c90a04b4500c28e0759e5617a9257e4f4ae2e473bbd90aeba4eaf584c7715111,1,591
148f31e5a3ca23eadd5c862f,1343,41a611e7a08de815f6387e37bd6f93dffb7655053ae335330128407deb4960e3,1,592
933619d544bebd0c859dca32,4093,87222d51fd8c4d7c371e41b3205070153d8fa3e69de3226ba0491487278940f1,1,593
436d050a8fbc16381af3c676,7035,a0cd42063bab9a0f659cb58259bd128eb8d0452e0898b35c4f32815d1852af30,1,594
f7b1dc5595b78eff15cca1c9,36672,0c5b9b128f6913808e286a7bc3bfae9252ddfc65be5390b2976e913706e2ff61,1,595
075c22d66ad095fcf586a37c,1866,0242d149e19af1147d2b91273933f9d58394fcc3cb9fa78a97880e42935ea832,1,596
2bbe3dec2e082da3b746ad40,30276,d403fdc66a9c717240c2839240e9c9de85fd8b1b7f45b0f910561baf52f4898f,1,597
6ca3d6d6012ebcba16ff1132,41040,0339fd199a983c425fb316bc79fa7c6d52ecc2fb5850b2663582b0aa68813a55,1,598
e75a9c8e24360b1e351d02a5,44431,45016c050c997bc781694e160aebe6135b47f1ef7a824eb46d74ec73a7444a51,1,599
b9f376d3234fe9ed3b9127a8,41970,80d0b9fa478b8e347a2cb8f130f5b82442e4d64ba06de782346bdaaada520e07,1,600
e590794e19bfa7a8d5df94fa,39109,9bf6fec6e6ea47b09a75943f561bea0a67e2e8a4ac3d42f861050d4d375b50bf,1,601
14a14cd8a1a8105d7cfa3605,55865,ff1b5323652dbafb3177ada15073cc778734fd2402f3c81148ef429f291dea86,1,602
decff11acf4567108e5ac237,50081,c0bfa276dfcbf7704864f5b6eb26bffc43e637511cd58123bcc4819bfce5f46d,1,603
0f092b9d307c4d9c57f45fb8,21106,50efa1227b7cc5e3666c3a7e96e1b8e71bc984a5efb82e27ccd5ed4163292f18,1,604
ce6ae643dbbf0b2ad68153d2,33125,2aec83697d585028d140b85f41d7f33f2017bbdb42e147cd5a1a5dbbbf1b261a,1,605
4292e4864c15fa24796d73fd,49649,2b8681aad65e69828ca201487194e963b1689687c7f9b8064de2d1e84359f898,1,606
f98e29e5c755fc1c24792811,40206,598d1eab7a2d548f3a992b221512fbc215a47e85ca5d9e85480c999bd7603fe3,1,607
dafc9806daf9273666df7ae1,37120,4ff739df5a0877ccad134eb77ee19d7bb1b5a0a2181f9a0c92e17d8063ae76ab,1,608
fed98be34d79c8bc1870a8bf,47194,4c69e1522d95a3576d0490c4a9edf04519d10e7e8434cd6aa79e6ace2fd2b966,1,609
132205a9abd30ad15cb42560,6340,8a8bf5ad68a7daf7b5f0e8869b39812b31074d0baa32b67802df9dfd2fd1cf70,1,610
aaa01558f04c5c80cdc7ed28,4941,fa7b9c41592587661bafff2822c34ebffa6681b4a254a5468bc44c91c77283a8,1,611
109d8a92bbeb27b36cf016c2,22934,ffba30b6703898e40032fa9b766f4ad5a0e58275c1c97fba676893b799aec8c8,1,612
fcf29317135f5164194dd0ee,51153,6115eb388dbd7bb9ab51b399563c5c726afa2c1fcaade746b8d15f5b9da8c7c9,1,613
55497882730b4a999394adba,18009,86a14b2e9763fe15f7eb4ec675f1dc2a8f9198d9b8e167b48285d461ad1ba4ff,1,614
430c75ca94b9357b979106e2,19045,c98b75f360274182e8cd60ed4a192926293b3bff1a781d732a5cc90cac82df0c,1,615
fef2e094ac3a50f267da52fd,6952,ef4250d14aae11e2ba2aae2380a33ad343e5b0a990f517e87ae19aa3e4c52569,1,616
f025b89c1ec24598f9ae27f9,26055,6bb98fc82267c9c6d688805231b9d07fa165eee6d47c99e4ad6cb3906f1a0c98,1,617
a507e9ab140aa62ebd0259a0,25814,a25ffad345a592ad6ac26b5b9eb3395acbad0f61143581988814db4e97dc2ffe,1,618
4f8b05b4d699c245d582ab32,49613,05f1ce279a9dbe786f250c237bdb9eb75eb4e5cfebd5b9b41d0e0c29b71307fc,1,619
cbb5ca108d8e0b6989063735,38775,b2be620610c06f952390aab4cf91dc3362c7aeea02aa72bc0c0c937a447ef51d,1,620
57da523e1807ac6dbe1900b5,48937,4bd89ba53dd5c4c5a0b8d8c6cc7a4521fcfea6ee4da320e0e46678e918732b29,1,621
501891ecb7de1a5e9305927b,55297,939155af2dd68be75496248e9d700d4506a2175c9f48b03cf3a91b03bf33ac32,1,622
ed7f66e78c4b04cc5d3f9443,54642,e57f871773ee7aee6f99ec8718882dcfe93aa277d920aaa7127ada4b83de74c6,1,623
1289672d5f4b356354514b21,29320,f364b22e97bc14017b3d619a8a98a2d20317acdabe56ee380f1c13ea6c64cdad,1,624
559c37c70a8e03efa8ee0b9d,18452,f387731552b77a1a4852883f212c4cc1886b05d337c98c3710cc45467aa92c89,1,625
780101a3a4f1d5d871890b35,12266,067b3d47a03eaf96b9ac8a02cafbb028c413446127b8387fae5b0a866e146904,1,626
71151d327de2a0e950b1508d,20813,8081d713b7c9c08b050e9ec7a3b37f2153d1fc6007195fbe1b708dbe2ad2bf68,1,627
7b94dcc1650e7930fe706494,3169,383cdcdd1b4c198e3ddd37daaf717be05294b9d2aad2046e1f6c32f1c5c641a1,1,628
8bd3cd6bea2e2c2a96a5f160,49187,a8e87a5ef5587fc66b4026a26205cb284412c31f9754e1c27663c4b2a74aab07,1,629
32b9c6b97da7771c22341650,18643,79d601bf540e0bbead557e398dc6e4b92777b8eb119b865a645941a19d07c2d3,1,630
c8a17f299f02eb0c390043ba,39122,5a56ac1c4549d10c695812fec01c224b6d3e484900e7f3c94bb2bbe88f0f16a2,1,631
dee4cf3a2d84ba2139fc42fd,35087,74a56abb2a7756e75cc3d73c410eb02491ca934bccc9c733267ba0c5654bca2c,1,632
0d3196c126c697d1019d3b2a,42568,dd57e51dea8c6a08ea36618c5c409b6620ac6126fcee4cfa265f512472ef7a30,1,633
ec26787d665b49cabb65aef8,24318,d9a5619f0838b21e281549fafcc2c386704990813a3c01056a9b5d467a5d981d,1,634
dc4390d7634f14f03cf33dc6,34295,38687a0964ff77cbe1fe7ca3b2ec8f89f4b4732ee39369db2cd394fcef52db26,1,635
ad7adb5558fed97e8b923721,42295,64400993a85774d4ed4a7e851a5c617da85f39ccdce4446a8658d984dfd2e3e1,1,636
3d0bed3cbe0d48d19ba9a153,53146,8116231cd7eb61e61754fac126517018983f532a64e83410c4d31a2de1a2f94b,1,637
addd45980ba6e719f1c4554d,23820,32aff3a5fe26724bf54c95210579dd1d5718c02f4a141aaf2ae34d76ff4a494d,1,638
92ad471652021065fed08eda,16438,c09846c1a6efa8fc9bc0be6008ca6ce7c2e1d55cdeb7c2bb11aa3e98fb15abcc,1,639
26b2dd3c47d40eee9072eda0,49988,9effc3d6ef3061a7147007f0e73c16017408d05631967ce36af097ae22b02ba4,1,640
2a848862a7fe98cc9020a64f,25251,5df8591dd226598c3eeac594498a9c7f96c6673574749fff17621cda43bf5104,1,641
20959259f90cbf969229a62b,42779,02d55575f82ee5a10b3889fc336bcb1eddcb8c44b1125d0c0b9e104ed8e36415,1,642
242d83d9f3cceae43787a6b6,43381,9b09b14adc2cb45b58cb429b8e0922df9db6b8e7410c33c40cb825d5860908c0,1,643
6870fa991feb2685fb8eb562,52358,0a1c58f4e118007a74db4da3411c7c2adf86a4e52d8b85788fef020b612f0844,1,644
249934ee23f96ad759ac1081,52002,1a57fd0476fe309456cd7eebdfd1981357c1c2d7c27f682515c7c55665ff5c48,1,645
2e2577d017700f18617aa97b,30495,266b4608525cfac263f7e7e1ea420fe64f20c72dfd6c40b817515e87ad140b35,1,646
bea86672f7c0c49e50900216,56864,a58588449e0a431fab53a5d01ec1b5211e092e629c635003efb810db42030c58,1,647
6a047a8dc49413a21d57c797,40592,8aed48fccce4d2e6bd6b6edf9f8124b2e01e1683fc5cfbb55110b03d6ee0e7ac,1,648
ad0c96f3f2c253bbc676d8e2,45507,fb8e5de6a6a5b527edf4205404c487635a64b1b1f59dadb3fc9edc648400d7d6,1,649
231e2236ec2e30c8e9e65607,5458,42d42d37c0d29857ba648b8287c2c1f8d5cf8447cd5e9c9cfece73c574b49d9b,1,650
6541edaf18d67e0f4a85730d,32488,91e55d21a79f5f818560755eaab5706e6829bf57f0d169a4fe2090fd215e08ef,1,651
1f628e35c65b1e76c5342256,11457,6cf7c843724cd04a7545c76e2bb57ed22e064d95193438a0070adde39b0fc0d4,1,652
cfa6289f8c44c9371311006a,52487,17b9f27b75ac905f05a5e1bb2159d85c680e0c5e333abbef56518f8f34de8405,1,653
fe44594a65c6bf1cdc1f063e,38104,7f678ecef7c294b4e3f026b07fe8ff2bd651c79609b2618d6af7b983744fe4e4,1,654
ac477a44b48fcf50cfc61b53,48637,4d8aaa64f68587b18e27604cd3d3b67aaa66342ef33df2ae755b5524e84cb3d5,1,655
035e41fbe06a09aad947d89a,49937,26cbaff5d89a5175056542ad9b01622b32026e1825c78337c925fb59ee78a6b2,1,656
d24d3452432400467b5f238a,20369,b5655f18561e33fe08fc3bfd046051552fd6452d02726ad2042520f176de2595,1,657
dbe3cd2182d41325b8b1debc,51673,8a0c1345e2ea8fc62a6b288765cd9b2ed975223d5759dc8cbd55c7a142adec8b,1,658
4973e3f3a221bc9360dde825,44663,f1febf6527a09a8152ac85cebd6f861342af35da46c0230d25fdf019241f18c6,1,659
dcdbdaf34eb7b47f2fb0271c,53717,5312c1e8f1ff25da6e08c94dd004e11e423fd2a2aad49497018e0039af137f45,1,660
a455394a4205b1dc1c97fd57,34492,f30bf5833acf434e0de4fc0ac7403f48a2377b70f9beda7a123a8a08fe342cc0,1,661
702395a038ff2e9655123748,50661,8ed6e73e137fb5943cabfe5d00547e9574c708a5c668af318699cffa28d232c9,1,662
df20c09f1ed9b6c87a5842bb,26535,6cbcd364765def455541854223ba36205aa8def2cde3219addd36afdc527235e,1,663
01a78b0eeb5b07f58f5c9280,31174,24527e2e2ac291a08fd847ad9608b5a7600676592dfa49a7b3ffac115041b531,1,664
9544b84a0abd4db7915203a4,17,d05d11252fc3af06d4330f14bc52afcf71b84ef8329d810d344ed7aa8aeb855d,1,665
d876ec293f0ee9ce962bd199,53179,4733b39ab209891c61020d3b33773727b50f1b7182da31eab34325f8443b9574,1,666
f2d9ac7f3f78a5c1ab86807f,13273,e2b0cc7365245805c8b357023daad922708b9daf7456c3244117addc71a86cb6,1,667
ec25c4fe89cac5394c310cc6,25912,5e25949546ec6528833aa1442590bf75ad60c947c7c07b08cfd8087346b37f04,1,668
e39cea899d17cfdde3888499,27095,6e8fbc1f20cf4d5b501ece0eaa8023ed1c7dfaea8b913953258c060888c5e705,1,669
39afd5debc0aec305a5160df,21420,b4d80ac9cf7b43ccd54e7ab9b7585c8e5aa3803d783fb36eb7b72b25b33d0944,1,670
768c3c8dd9945c7659f0b17c,49581,5732573060a40e3544b18731eb5e44ebd11c9f8d72e0492dee469e4d35aabe59,1,671
aea14e6b9d8a82bf1843331c,55895,c9044734b2ad491f994e08c285a33d9862136a0ad4c2a9f0d48d497086edc56d,1,672
54f4ed56b5dfeb01f1b9053d,10224,63dbedfd982cb12b173967e7f6e35f3988748d340bf8ad8eb48d8d79ee33859c,1,673
8101da1503330bfc2f56feb8,3049,1d4b79e125962360cb92f9e74eb6369668264881630da6b646412b256b0fe167,1,674
26bb15c013811004a1da06a6,40202,3cae09e6c0221aab6829d95e2e091da6a05f04c575dd5f1d74212e9b312bd50b,1,675
0d097c82e80349e9a524f275,44259,eeb8b66aa5b3d9edbd739f99b654f3d2388e0d259b89351aeb4b810eaaf70d11,1,676
f26f001259c1aa661021dab6,45716,466b920f86719daf2ca50dcbd1ccd9127d21f94afba7bda0c360767ff5e35383,1,677
6634e29d8f771dbb5413106d,4358,3c8a1502eba13681d50d78ccccfca979f514a56d2b29bf117829396c8a186a89,1,678
ee20b4a4a7a03712dfa756f4,28906,82d40a90a8a1d626e26e618954290549c66688edcce99a936ed8c76d9deb0353,1,679
0bfa4c2b7f84e8b871acccf6,39825,9fc588816c94030a7323cb88db92ea01fa3267bd67c74be5ff75daac455b0c90,1,680
007c8f86ebef1f3db04866f6,6087,f5c3af6a9d1e15bafa8b739d9dbefb74cdf0911dd9b9e6169cade3c579279f9b,1,681
4747c2f89a460fbd280cedb4,10537,f5f03a0ef89b8bd6b33c31a43dd6f52238ede8dc031235082dbb3b5bd10b85df,1,682
69df530c5acd12b788b4bdfa,29846,2598fc34fac7380b8ce30ac3719cbeb02a16d9438d7df1bd87587ea35d360843,1,683
cc048bdfe1005876ebc0d93c,3767,c1a25158e77435d8740bf1ac311a99f8391fdc262f0806f2e59685acfe970051,1,684
c896c5289e46ece643802856,26584,c93280c8c228b045d3d4c34d371e848cfa6fcc7216ca97c0f9315fea98da3320,1,685
997545866861d01fd2293ddd,56750,4b4b16f61c2121d3bb89d9bdb4da72f126ee02fec8ce953e8a9c0ec8d8a3e694,1,686
9e252e3357af5e093b324124,16109,527231d8528b59975cbeb42422681334c05c32ccd83dde725f327d15babc1322,1,687
3e311efcc895238479bb147e,38807,881e45a38eb1736c6f0d690c254199fbc182c95b14d5329e1546b7476d4e8de6,1,688
a2e81ca70cde9658041be56e,43339,f0f4af820a451ef740a1394715334acff7244907394b04be4f0444db6896bd8a,1,689
9097f2c2784e0f282d2c2b9c,5642,b61a0fb1b8f1933f3be941428ee05a67f7d8517e4ed6487cada3f863c33f23f3,1,690
894d8d085a4cc01f56dca4d0,15350,d636b1135adee6af982203d78de31dd1f88d28e6a9133619262d97e29d3d51e2,1,691
61ee3078df44c8b596a145be,17494,5929fd57c9739763af00447f27d47b61a35d632ba15701b5b5247512ff3cdc0d,1,692
b9ddc14657eb51d0a3de05df,47129,ef0febe991e577c1a1ac15653770c90e8c69c175be414f60c9c364206bb617e7,1,693
72dc1fea5138853ede3ab90a,7686,2d8de9951806344dd5b5fb5cfd4a5c861b20f928d09bd26a88fe5fe0eac7e423,1,694
97f6139e6c85f2c117f6f390,52916,cda0b42927dd7b3e8654937ae4ba374a04d69b7b11a4f6b8951efec419c74df0,1,695
25b6b95f098574ea0821ef77,3471,2d5e7c25a4668795f8dcacb8aa372ec74c6f4e248d4086cae12f27b168ab48fb,1,696
f614d1cd23d7686a95da364e,47731,885e6c1c332db4f6cf0aa287f3815154b7be341f1d4a9c8033468f3bdf2239de,1,697
27fb15b88f277301a567ce66,42040,746f1c4572d3a494503ae1d68d94c93956875172e38d3fde778b5010c8aab039,1,698
b789f4361c88799d26df335d,30411,a8c7b6ac5c6c1769be4d7a6452883351c83ac15fd3dbc37c5f89ab714fb4a449,1,699
6739e1262377785949ca5d7e,22209,5cc22a729ae1786e2432311daccebeca4f546b3ccdce543becdb408fbeddf753,1,700
e703cf6d4489af7820e40b19,50286,00568a63ae1577e7a57e31413a1fe7cbf7a7f73acb1a707b799e08374113bb51,1,701
9f00cb0fd02969e536fd4789,30467,6b979268d7f8ef27122a8999679a17216d0f4303c5464c341a245189f76d889a,1,702
1f152ce247a11de7298dd5a2,20521,2cd6f936b05db9d3e8746ce66556214d6d3adcc11bdbed78c81c3e89681ae770,1,703
3cbb8d49be172ce591ad2ad2,55636,f740863da82e1b42f53af1e2fd21acb7ef6dd872faa4c7b8788ff0768aa7b9cd,1,704
df403015966e1424d531ae2b,10957,d1c917ad0e22470639dd2a1c395d29293eeee5379ce932ecbca326114f389b7b,1,705
9e6098e04991e8974aa703fb,9394,08f7b1816c0db433f408e5c557cb4f717fd48a425f006fa4dc669d3c2df13752,1,706
12ba135590c1df940e293003,48589,4b22a4cdab083a2e511268312779dc0c646221bf259170f4e74487d00e4aeb7f,1,707
66dd7aecf846c226dde3212a,20663,2ad155609b9c040aa7a484c23bd7982afad1379c91852ad96ed3ae90cd5ece94,1,708
d9e29b0f1e62c2cda0c3b926,4798,9b6c8241fe293e52ce7e9bfffab7b819d40a4e7d7535966b08bc6a1f2d74c38f,1,709
c657747ea7107c67a14c8891,25859,87977c493bd4e535f8e4997713ed0abf27501e0ed0b7983df01394916c77808e,1,710
31c13ca08afdb8871ece0ad4,34379,cbb260c896cd12c0628802be5c38666a1aa85016beef827a767cbe60e914930c,1,711
7c0970450f1ad380ba92d078,4844,fd4ff092174730a55aeb1669b49de1e90f54b8d90f4af965ccb6c0dab5b67aa4,1,712
6e6884b1d374892d0111a164,14791,6b8f84769af52b8a9c8b3e3bc69626a230855a04787b4ce832bec7761eadfd29,1,713
b56538c4588049733a58a541,45879,cbf0636657f4c086d9ba71c55516151db9539c3a2c00c7aa9cfd300e5bdd7dfe,1,714
f3cddcb983bec958eb88f3b7,18552,aab8c78c2a0828bb68ad9dcc9feb798660d580ce5d9cf20078f6d0f3b362be2f,1,715
29e4ad031640ad47699c6141,55008,208ae2bdba840dd5cc84fd56e03dbf856394c00e1ef5e5b17d7b3e8e05784ac9,1,716
f7135baaf467091bcf1fc190,8277,28dc0a88ae0ad6d860f73ea30daedccb4e018b24f3b47e5534392921dffbb7ce,1,717
6f8306f9c57545739b42ecd4,23508,ab060c06447be0fdc660b079ccfd3bafb582669ddce0541ff466b8a40dc67022,1,718
748385e092045f30ba457035,42159,3c6812682ddeeab8018b09cf84aa3720b7c72679ffaccbe0f66c4c07c1f525f9,1,719
a7f61a3b23fc052a3c34af2b,32590,adffe7baffd476da0e2c823dc92b3f5170e84134d2e7983cf1927b19f161c070,1,720
a072f95f35487fd59680808a,18570,adb583e5983bac9c0390e58974fb875fc308435136eea76db4f64f2754d0c7ee,1,721
0d262c9f04e4e81d6b2271bc,49344,9ee7231faf7f020ec68d158e5493b9bf5728435f11fc2870dc62a172aeb1093f,1,722
29fe8dbc2c5b90a18f10fc28,35926,6f141bdc0a1aa635835d7c44827b50277f87b44f45f8f63e24d046d50840e63a,1,723
6df1db27cb234eddc52937fe,13514,68ae84e4f567062986fd588108e7fa0e2e47d3c23d2611730ec4c30d328d6002,1,724
27af6ce8138fabb3afbc2beb,33802,60ab974780a5a8c41cda57462afbbd8778cb92eeeee9520e18d55557077bd09a,1,725
0c01e58cdb81cc9815ded795,42671,01602aa6592533a741e1e944aebccac7770893de2bdb288ebca0474f5fcfdfc7,1,726
e4a1c5df9ce125f6104f2122,20623,8c27663863e43ebc4631ef6a0e1417ce935c78758a0e732c8767abebb192b54c,1,727
90a1c8f0273f889dbbc779e7,25836,5569af202a1e644d019b7cc98bf8333ecf82726e3d4ddff4c9d67de4c29404c7,1,728
23dcc7c98ff6547ed5c52937,8679,56275e400d45a35554b9a85627e932c708d7ab264014eda561a5046571e99244,1,729
6e8d46cb388af068fc6af055,52817,ac76093f2063ad33d51590a5ba8a2d9836bd8e194b9eea3fa616c2bce2e04c14,1,730
98654b1eb09a219577e37e5a,17539,8fbb26987ddd19235bf882b020e8da7183bbd19b593919b08bec57c5c73071cb,1,731
1c29057e049725417e25839e,7436,cca7e9c623023d88902b02148d20950ece8e6f2f00fb7956078ea6413ad37594,1,732
258980230a2fb9536b53dc1f,31771,a436a528a8626ccefd381f8733dfcc0a60d5149af195533752d25029c7d9ce03,1,733
98ea90c702fe8e0ad025ffe2,20232,d5d23747f50ae476808624bd4b4dece81ffa5844f2d95405bec6bda0d42204c8,1,734
3ac9eec52fca74ce1307cc03,10367,9e53cc08de65f824d3926bedf67d5ab2f944554e8ff9e1041b427741d36c6267,1,735
b809ed8b937292dfd9f91c07,53552,58a0db91a68e2d934bd7334f0e46d89f0af484fd1887a72664071f5c103bf4b6,1,736
df6dd82819b799400111fcfd,36775,a4a8cdd91038def56503d47b6bdcf1788c57db11281f00e6a3ccfe41b76a00b1,1,737
fdc7baac81c4194784f4de6f,3603,b9c2ecae507ccd02e6c134fd78a5481457b5e3dc46c5e5f932b949b342b26fbb,1,738
d13e60952c79d21a94e5478d,3112,9535bf345d1ee187602b2a0ae488690bfefef2b98ff58935e7a26f3ac1d1f2b3,1,739
0fcad503e7726a86044d80bf,32990,9f0a7df0358b33f52ca2a25d0a4227ad43a515d13189e9451cd4e03f16577484,1,740
a5439144b22fdeeac95023c6,33625,1f9c9fd12efeb8d2eee8d60119169765f0b77bf483b417d23e00712693fd6f33,1,741
b06c404b517d75f4b2cabcf6,49364,ea8070e6e5cbb122bde9eff5bdafab14910964b5abc95386f870f4fc50200dee,1,742
042d69669a5f71b8d2c0d2ee,16949,ee6153d63d3c7c946fd7e78d13a8a001921c6f99cb8d843822322281789d8d97,1,743
79404f58aed131ccd345cbe2,21156,e8115be8ca055e70bad1d7a1fcddcd746cf55f9469db6b16639a1189fc77203a,1,744
edf4b89d7deae5711f6c5f47,33818,fd1bd2aa882c5d3f76addb60a53fd0e507c2b0a644f9c5257fd7e1b93f5baf76,1,745
0a9c512d5205067d1e3ce96e,3513,d5f54c76929a2fe064cd8fde08266451f921641073688dff15bc4f769768171a,1,746
187d0137ad81f38d65d65a10,54022,4b2669e943c2ec86512d12a28253ce98760cfe2e0098c69275a2f6d8c287806d,1,747
760c2a46ce34f648e5c1942d,15675,aeed3fcaa7add9fd7a9476eebcbec2068384f684a6549f0a1fee5824c9cb0fb8,1,748
14385f356aac1e5b4ac2285e,22949,5741c02349e0338c30108f90a4ef87f9cc1f5cac5586d9be61de1b497b0c4b58,1,749
a0249f4c8cc46d31abfdc128,31388,d7dc6a0183a1fd010c2740f0d96767eed52236865fb02870fc74aa2edfc3c89a,1,750
7e8dfa8f5d0031ba4347cf42,47555,941a8bf07a8b376679181958b036b0004036b1355f1cddaf99397a367ac369b2,1,751
8ccdc4482621387af427f144,12999,73c17cf8246a8098d8d8b8dfa412d8e6e5f00c53eebba2b26115afc5ead14977,1,752
d534c1c528efb8634d8e0272,31723,e6fd6889c603a5fd221e9bac40e801d5694ffdeabc201dc4831411c377e537b7,1,753
0e31bd7de9fa61da836f5a8d,32650,26c1af78a339fb254c5789af56615261817305113a4ed458ea45a7815ba923c8,1,754
f84fb59880da2005198b8da5,3562,30ec046c2109f9860afa07971969c34a86cfd0362caeb6869b9e9f64df407be2,1,755
67b0934673d418752b04244a,21808,586d23b4141145dc883f29fb8e709b123f7eabfdad9cd74bfca8220634da3203,1,756
9826cef671c5ea0d197aa430,13130,98c6c296948b1aae2f8cd428d1b758c907ede2395de62c0c74c624a6d2fa13da,1,757
7823260db0fe41acdf335f1d,40332,4c117df69f4b0e18e392eb51e908eb7c0143685c57f42c11ea979580a9fd3521,1,758
936252b34fdc378f877bec37,36764,c316e3baf1d448ea393ecd4fe0a8da977472da72671917d8157dd4f62788232c,1,759
640cffb884301ad91b39af55,11678,de51ea5b9991ddccf830a84c7b5094df7de54a02a61d747841e1975d41dfa664,1,760
9efc07933e752995a87709b8,2521,b2dff37d40d5620bbb1543c7bfca160619f27a4ec10ceee604ca8c347284fd18,1,761
ee354cf9a10ce880d930202d,4944,f4a408e6e959e42e56c471fa3d7c44037c70d09fd30f74d538cb648a8f5b0749,1,762
5e4a1b34742ec138fba69cce,48494,85e18b59dc2551327c899632c5e23e1184ee5412d115a6626071460f4d27bbd2,1,763
bee48883a918ef03e9908db1,2498,e3bb2abe838a6d8c03385fac2882aad90dbcf1620aae7f7f58f0706ada500897,1,764
dd42be047981e34f65b31a7a,42992,7ae575213d08611e67b09c2caafd0f67ba7364f9e057e5df48a9368a0864eb27,1,765
875e7dde1183541893e864eb,30269,23f7f22cd55e1e0c28626c093c5cf63e9f462b35e69c9c48a0700d8f2b2d8ed1,1,766
bfb7229a42ec2d505c98fa7e,47313,fcf217d4eeb21c76295ebbd984d0ff7c6947bd3b4514ea4e4eabc483e80bfcba,1,767
bca584bbf96847a5aedab5a6,1600,35dfb8990251e511ecbda44c2aba42ab058c15613f96bed1731d219c19ae0a6d,1,768
61cfa78bbcdea35536137e32,38685,d507542ef60733178fe9d0c1e748e229cc05e5383872ccc532dd2daf3bb82b24,1,769
941e61da398eae422fc6ba4e,2450,9c74c924080bc0f072d41ca437ced37d921860b50718fccc0d7189fba276f71e,1,770
c0ec1851c67e96ba17064057,16237,c977eb69809c3fa39c829bf7e389368f66864ebe7073eab6f374dfb6091a3f0b,1,771
2733d9c1df11f8346728b2c3,4530,d8d02d7bde304e7cba750e59a2abdf985cee747a81cbfe367904e3695007b4ab,1,772
db25a98a35759b78e7f0a539,31513,18aedd44fbe90d8cd867e802e30e4bdf49d19e60da3dde4316b2cd6520d1e6c1,1,773
6ed0df4c400b3c463a581b94,23845,8a74df05bd8ddc9cc43fa6dd690bc72a02b046be708b6d4a55886d35fff4d179,1,774
66c83266d61f012bc3344513,33169,182a9c00bb14fe2baf5f3cc4b4d9de9bf615cdbe25dcda6c8b871bf12228c077,1,775
50d326d901ad3c023a7a205f,26484,0073b90f0934819263f23bde92034d8b65828468e8987ecc352c24f32fcb7e4b,1,776
cd98f97a5476155fa60f885e,36248,f6526b9197ded5caebae21735ed19ba1d4a0e6e9cdee396245efd775d8345fab,1,777
9f16370ac510ef968475bfca,5702,33d518303bf16968207508720abf2d0f21ce359eddcb7b4f665d83f58353f36c,1,778
9ab4c255c32097e2bbde00fd,46352,f78293a512fa49cbf89b41217e0dde67ccf498d5b6e58feb9d0e8a7875f6630c,1,779
