row_id,_source_row,_text_hash,label,bank_class_position
152d94827ab9746b192cd554,33,4b24d349bd7242afef20c542bef3f045b079241bbefda48cfbe5bf58a3d84961,0,0
682d1609c3a9b0543576bcfc,321,efddd7cd2ec3d720a6699015024238ebf6aadcf4d530e3f72eb1025afceb9e24,0,1
d43d62958d57f265b7ec4d6f,503,4e8c8229e0c089a394a00a0f4fbe2f59b82cc2016fb252c515321ea6a32be2a1,0,2
d7df94d8930466cc73c43065,634,0cf50a3a7d7695ea1b1ab3e522f04116a6feae04f9f804b871244fea72c589aa,0,3
2095fd012ba1704dd566a1c8,717,fba29c8ebc9711ecb73f19febda4b9c5906c746a2460330cf0bc07e7ba5a7a17,0,4
36ad09633e870652eb3dbc49,179,7a2041e9a2fa0e1690f074cbd6a82ebbebd2365b708cac5e232c05e1383c1a4e,0,5
4536e0265e761fdd25f50344,494,595f273e8c3eb3039c25742a6ed95e938b1c0d9922db917ba420f13d299a248c,0,6
1839193ba365b09e355e5b4d,749,fb378e7ab48dd0fc60dcb3617fce0e7f6ef30c55e075a1a4e05a2630e47c4006,0,7
dec8c2372e7f53da0a2a9722,442,0a918b44b2397c8d2c0e442605c9ef0298e516c2210ae3d0ffaf01f60e1e4d14,0,8
4e4c78aba9212ccbd90360b5,114,c4fa02a3f10fed08b60758560fbd1c236c252a3980ff92c5df0428d9d3c5509b,0,9
ff448975d7fc8ed959af1054,197,57f40ec7bb630e7b18ff642038421f662a686fe64f7a89ee67454ec77a35137b,0,10
57781c6903d47daa396961c8,1416,294aef742a3be16b6e815f4235c8c327bb7867875bccdce71645f308e44474da,0,11
9ffa06d4c6959783594c8bb9,910,1ad2cae98b69001c4fdf378f41118ed9a008f7c0ceb7cb16ec60e88a316df02a,0,12
da4758d439926031fbffc1fb,106,d53c748c430ec7499460e8d1b9e685cb676cf65b7d57c2db3fa19a000e3c90cb,0,13
6cd8eceda9bd9b86cbc94f50,916,3a63ebc138ebc19b2bd8661c972f857b35e958bd3b44cc17580d2945f397713b,0,14
4d7b8286f3562809c3cba62d,1304,c62788f3fbc350fd501d61e69b1b3510bd8d19307b9a87e5a76570b6d746b6b3,0,15
ed10f4fcb1221355c5b0345d,605,b8dcee3b5b83cd0ed6b79219b869741e3792d7416e62b28d8185e46f138a9a3d,0,16
7d655752b338798ccabe2e61,553,a1bc6980ff90a9b836268254732d7adaa53296dfb3eb98919dd76c6a91c7ae77,0,17
ddd89f8a58066ed2bc8d5f3f,949,e761e48e81a6afae418177dfd3c7c151e4232a3b3179b65cd9733676ebb4283c,0,18
a11d39ec1c0000eb011b1e89,633,32f3ab10b0ea5535bf3633d44a1df87a38aab2a1b725cf1de72c980285c2f98f,0,19
b969823a4e331fc4315387e3,267,e5bdd3c2d8ac50b4f24a07afd456e09d516e9ece9012bbe3a6382e6d8415f59d,0,20
c072686d42924dbc8aa08392,1213,a6a1225d7b7774a7a00f03f1e3aa024454c54f1ae06a42a3d27897278a8774ce,0,21
0fd787db18a93a51fba673b5,376,a34706a3e94ac73e4e423f6ed98608f28f707e1b2f0776aac8f515e609379400,0,22
f6a8885cc7707edff92e28a3,628,c8291437e0cc2d9884f8daa60c208b0151400df482e296afbfef01749e9029a2,0,23
449619d65b93e411d158a1e8,564,9286444e4f06d95c8ea0e08b4f9cda3e6be421ba1d2bfcb25cd19557665aab99,0,24
8028eb1e4879cc82bb4479d6,1197,99d3d745e06ab123d14d2b8d357dcfefd904875b0885f4a4728fbf1c7f2a83b6,0,25
0e879aeb424a45b2da892dfc,1005,d691837b0a54b239c491b0f3d96a4403dc77130659e49f93cf3b4c1d6170ccf0,0,26
ade73caeff093a44601b346a,1264,9e200edc399a1b0d7cde6dbbaf8fd56344abd80a24331430b723890c0beac74f,0,27
184033d18a81268bf5c9bec0,166,46b388cab7fa89153722ffb7f8aec2bbaca77b1fba287c65eba17c89aa0da2d2,0,28
0ab805d2b24ee224e6e18357,615,e4903d7cd4b6b8323547e8c5f8bd00e7b40bec2ad60fa17e327f5c8280390411,0,29
19c0c9184083234be1d66aa9,691,8a39733718b006fd61b5d76aac34bdaa31024fc51d7687316de60e5f8e98f1ab,0,30
32b3c96c85cd611a8f80d8f8,393,8bdc7f7a11230853d889cd66c7ca71c02ff13a0261dc0206b3e4dbcd98f7ba7d,0,31
b49bc360230bf33ec5efb756,420,799802c408e9a1e9ed2a1f8112974c0f1018d222e1c36b185df9ad39069b16db,0,32
24f86e17f625d38878e79d9d,876,be3166651aae7b742f54b4647bea599d8062d31cc03a75d078ef193918bb163e,0,33
521994ec99442b5eb1143136,459,ec998869a1418ba92fc96c979649b3e68ce851cfdad1a7d7d9f6f2aedbcc55f0,0,34
223e4e3fdcd5756a85db5013,997,dac568b6d5006e0e4889aec38254b1076287dbda46aed6765e18b30f60344d8a,0,35
ddcb674f754abb550dd51b4f,1235,b29500a4057bb3a8b4368546e1738986db66d052fd3596c37296b527f3e01c62,0,36
4c30a751ee3649a5386cb528,1146,b3455bbe67d366082ba6c65f1f082f18610b3b9eef2933dc901e59c42bb7390d,0,37
6306b9957270742b94e137fe,622,56c1566c90e864e4696a994ed88765cf0c1f415bd93f1b9a271877817fd69b79,0,38
db77e29ae8654447046b1c20,1087,65a5d207fdf215bf77982f1495371f0b5cf109d563603393e1c17fdc335f0a3b,0,39
d1f931d5193ce7774588442f,19,6b1193ddff9e628b0828a8d38f7b0684d545cfa8982d3f9c0415d091e5df0cc1,0,40
0b03a9529c51cdbaf1c479d4,309,d85606107af0b31ecfd2be198d2e70e4609eb98b856a4a7fd30b151fe0b11bb3,0,41
fca9f5596ff8781e78b63b0a,546,3179ddaf1782760ef08e8b289a326e82d1d34f912b1f621b3133b7694ca80e02,0,42
ce54293fbafb9d6ee244846f,318,c3526127ae0bcbb80c42c7018404dec91cefc6c8eda84165b8b9a1246e490652,0,43
224c1b61ee0ec8ff8c287f85,953,1128def85b5b0bc3a1078666d39048e839afce33319cfbfc894fb33c01f51ac0,0,44
46bea6e160084f3ec062b6a8,1250,bae45a913b04220acb83df532c1d90abf7c8f83849a7c2aff399b4c5e2269934,0,45
f6bfcb7b51dec3b780ae9818,63,29f80875a127886e90140f7ee5119e1933d3547a22dad7a66471d367d4f17d01,0,46
cccd36aa9ffb35a8f8f1b6df,643,ec88a1b30c49311182b01c32d0b9a5d8dd5c46ac6dd3a3d4e88f4ec0ea1c555b,0,47
cdc6399de38eae65f63fa4f5,852,dc7bf68cea65e10f81b38959cd644e556e30f7df737293656021f71b6c9f7c6d,0,48
a48c5e1f683da8882f61ae48,1099,27858f36d9227a1e2ddfd4c81fa0f5c2c3c6c24252543a1221ec4915620239a2,0,49
08a37c1f48744958b0df8817,70,37ea7a9e4631021f6306b32876b651faf4d82062f36995e31ef4718afa2f4fe0,0,50
8771dc08b5c44bef6a69adf8,159,a85dbecc86ec38c396804e641f0931f42f010ec8293371c2e5aa1c8879c32892,0,51
6771c50ef4fc2eb51f79c368,481,a0648cc706ee7b99b5f8c5b2c89bf89667f70c23c3ea927c22c4ee756236e801,0,52
787d2c70462a676c10f62bec,1261,f0f929f9f7f555472c088b1cb200ea8374f4652024bcecca10978d4a013ea858,0,53
587e833f43701d9d7c8acc02,24,a5fe1662e67bb296d22c4694c05845f0b0c0b178978adc912215de1d328f9e6d,0,54
7d03fd10c05c32f66c123776,218,5710e9c60bdbacfab4183c20957a64042f3b5b4f210226de3076e0f241588e9b,0,55
e5f3047602f62d9c0549a167,571,413805b2be90a4fa45cd42bb96e344847461dba897ddaad14361073422793f1a,0,56
d0ab93b0cb0739a2eb68ed9f,281,4337f2689f59d3d5ef4415aecc2c309b387dfb051701104673ee00e3605148a6,0,57
859f83c9007d6fa8dddea9ce,1090,8d5c79549a208714981e08f469a81210b046fbd1166473bb01e40a77ef2983df,0,58
9366c06cb819beffeb5484d4,1334,dd49c53f6ad0f4ac6ee9e96dc34ff1aa6c68ce7d61f8471a4383b96b33f5eb4c,0,59
7f012618d95960abc555844f,939,f856aefc4c39958defbfaa25b7938186043b943080533934121628097d46d787,0,60
712fc7803c20cc9a4f65ccf0,414,76dac6c2dbb39726496651792bf25ce2136ddf1ac90c519312e5656974aea732,0,61
ddc4aa56b87da63aa547f5c5,79,b0cf349f2474a56a5eb423d3cdfeac341a7ab004dbd164389bdb8632d34854a8,0,62
832729eafdf48d450f625159,596,5e36d09ce29d5ee68ad77c1290d6bea485c342dbe8d7e964978ddd0d042a5978,0,63
03b4fb76055f88d1ffceee39,680,1589c01344dffc5e72fda8b5aadb9843ee141f20be0ecbb2f97a789a2cdae523,0,64
56293e8913d86f1f00024306,417,79c864619cb9f2adf88b3745bb98199c88e68799f978f845aa68ae192cf522f7,0,65
328aef0a17ed089d530dcf54,801,5b62bff397e53f717b1f27dd92c1d18121e169df988822b04d2143c3a64dd1e0,0,66
8a395c42d05b069129de38bb,36,6385c0f641a0875f16ab73b43647ac355de79def1f8b2ab3de34ec4eccea0795,0,67
c4b99b754e8930e528d94732,437,54a76e1e6295f679f377f23b72db52ea85aa4bdacea93f2b1df211c5d627c450,0,68
1082b27de659c3e39caf4eaa,809,a40923946b49163864415a651c8bb271af695bd0cfaed897896360f28a5a22d8,0,69
a4d9f02082a2ebf2ac6a2fd1,11,1f13084ab92cae365aab02b1f256d3e6bc1635399d39d22cbe3a47d77358ef5c,0,70
9294eb5f86da98469398c99a,162,008749372bbe52787d82914e8a8b3500297c113a59eac4494abebe352b395636,0,71
65ee845cea078dbe5fa93ad7,265,af6cb39a48505e3fdeaed554e87985c0fb0ab05ff4d6f30139e85fc8b6518be6,0,72
747da19631a141b285e1b76e,1121,4d11048e3fe8883dc887c66cba51cd0c8fb041c9c15d6c8229dc586c3631dcf1,0,73
eb1e02cd924fecd50a4facb7,466,732551264cc68463d216941e8c22a6ed2308931b2038c0e7e3572402a5f3649a,0,74
b1a77d3409cb02179c0c5893,1363,0dc141adf30990dfe452fa1317597363aded79732ac4f8d54d8d7026e4fd255b,0,75
ba91ffeccbd4eccf3a6b478b,663,6fb384595c49391d434e59da1031628a9aef92d8265379f361cd67be6acedfee,0,76
ae6a97d56c7ec9b5f7b84ff8,15,b85c369afd34acd537579e510e04c972a45a42ca05232b488c53d275b3ec3ac3,0,77
ee40fad3fbf57cdfb2a16d05,1040,5738e9e085eba700e65cac40f56d6c0b59265f41959c2fe79a19cdff434a501a,0,78
2940f9d94121e8fb6e867506,879,4ead4af252eba48b4a7bf430ae4ffb6d407f8a4213bce5aa790599c1f068d2fc,0,79
991d5dbbb981759f562895a6,1357,800752c95c5ef5e8eb56b36ee8f8d104a1cf8f10c46d73c9442cdbd3b730b94f,0,80
0bac58f3c512079a497743d1,107,9cffa0c6431a4cf5312ca6ff0c364ae3c6485945d09fc2595b3d3af1a0e4eae3,0,81
cb295aec4d0d457714f2f10f,182,cce5dbef51d2a64ced4fca91a6a189f75355a404e3171814c00e246a037ed142,0,82
c247ff5356ffe669f6cbbc6b,1362,c3c4b3475729150a9dc35710e15adf05adb69edbff67caa8e3c936b9b3af5346,0,83
e71102d378f5f6faa48260df,1356,492cf61a8a266db66ac443ab6ecb0f16f80dc0577426e2b8e62b8310494a3ce5,0,84
81dbe6fabd8207d9625e44bf,905,5a21c01c5fc3125040365fea9e76c49350f451db0a0192d9e3bfdb8a156ece84,0,85
3c5a7bd89817832f16254b5b,136,5582ef90850dfd1153b160e50b4408baba81c7b05f131b4b64fb3688cd14f6de,0,86
357c5a24e517d6f1eba9070f,55,fc5e41324ba736e67f461a6f3dd6b0a8d14c8b35759406e73b8f38a565722ea2,0,87
e400b10494c8d1727c9a9d13,603,335d09786074e07142be7bb28e549440af7513570ba34741290bc6cd25b6c5e6,0,88
411f7594d958ccecdbc069f9,27,a0fb538de78402344550903824bf3d4e2d183e2f322b2fa55f7bc75dcd0891e0,0,89
cade340cbffd1d7e722b1ce7,228,48d14f0fafcfa8d26f2d137c0406fc55436d7cb916791ff09f32937cde39776f,0,90
fb55e17f4f3acd3fd9a7826c,210,f419cca8d699342d98641212e5786a719ee9a9e927da7fe90130c2195e9b21cc,0,91
c6eb0e36531dc558c440c746,826,29109c5b6dad26cbf2f3b69dbeba5836c6769076e2309d1b58abd6d6215a88dc,0,92
68b9afc1c83fa82569a8b8b6,286,2a79d47a2e9aafa66f5b11701e3d42b3cb8763fb7172d17a38eaa18b9e0f14ac,0,93
933610e3498fe9e0ed89dfd5,20,e876588351902f2a88c2fc1591bda0ec90b7387621a2c8ff85476da2dc641198,0,94
435f1e2357154701773d44ae,1118,519c45f63e2f9e1c6b46d5ff502f80b74e9deb16c624d571cb822d942e0d7d64,0,95
90d326659bd64efcfc99e706,1079,f2182c7dbd61f3c772271039f0f335f0c0551fbbcdb4ef2fa64f59219802d395,0,96
c8a8191b125d96cdf1f2ce55,563,2ce6b40da945d45369caca5e393acf2c7a840a0c57fff1ec7857fc243f2811f3,0,97
803f0560c1dfbf61151b4d08,525,db613ca46c02f5e5ee2976683a6429d24d42ad8d618c855066d7fcc1551754e7,0,98
bc5e0d17bcfe7f264f7e7592,1227,994a9057498bb28b298aa0ca80832b4f76d395c3b15918cde5471704298468b5,0,99
98554b32b54b7e132364d6c5,616,d87963e5fbae2f8e32e98a502dc1b62aa7d199488ff83f156f978e2159e90fd6,0,100
3be53db0d35bf1934caf26c7,921,84173a21a3beac90603071f454f098c3ec0f7b4aeb32cead3d36aabf3e551027,0,101
c08c61639e65659916692b5e,5,d46cb63be8f4602777d98ec07c5c3d1dd34208a8b6a1d842498f6ea1d5b7c955,0,102
cfec66b445c6fbf2a8ba51dc,1309,5e0710022561be45752dc1d7559c4b5b93f737c7e4554c6a152d577a155916e5,0,103
13914657e3fb86d8cc8fff24,1359,9c2f84f28455afc7cca8f56532ee046d3e1c256227b0302c06f7b9babd7180ea,0,104
f2aee0f4c99eec6177b11cdc,808,451c0bb444447dfe4ab52bdcddc69355e5122107a3af20957e39adc81fb8e44d,0,105
bd91ee9eef497b2e34c97f48,404,0293d6e1c8c2a48b3706beff71bf9133a68e3f8714096ac2c00a20c82b459070,0,106
c9704056aeaf86fd20b28c3e,39,d6a8d65a64fe029be9edede4ef9b4e798e6ee7c44aae68809d94946e41047c1b,0,107
1d1fe66e6b225790c01b4ba7,1024,9225f30d320067afdbffa91606d8db267bf826a576b484a00648f0ae2f8d473b,0,108
59f9cb608abe03a683d11179,714,3105f718cb9f8716346157bd1efc633552ad531caaf41270aa05b5b000d530be,0,109
7261c64642860f95c84bdd79,360,e92530af0ec91062cfb15da7602846c28e855a4e1a2c12746a76a2837e833cab,0,110
5b18db8ed81994ad039c4226,889,ea10306899ed19bf9b05c94dab480d2821538df83906eae6fbbed5dbf71467bf,0,111
d94a1435115827b988046dab,988,e99034694d8e77efbdcb36719883c4f3ddff0b434f852ed932245237f1f08149,0,112
3c32e1fff7341e4484b74e56,25,4da140ee68d87f12341ac319306b3e0845581e11c173ccac9dda16d1218ce59c,0,113
cf6e331eff2c577ed8b76065,473,71a0049dc381fc85a29a29433b8119ce5d3ced72a28b1af04a7ea2b25fb97a4b,0,114
ac03f693bba08114a58143ad,69,d6c7f72804e5fc1a4f8f02a3e96b2fb8d55ee3aacadfb9d75112e32200d23584,0,115
f103b4b77752f11364d2e8c5,716,fbe5f5931e26240741445134cd2ab50380f14088c425cf192fa442732323cc3c,0,116
5cf65052a75a8af580ffd60e,1260,df3a94325800f701252045b68d98078f9c86b1d7c2e34391478c58e98f177a91,0,117
8c92e96cc7f8eb9645da400c,1195,7f52f726ff27f663e454128f44717d91adb1911dd62fa95eb3f1bf08827c222e,0,118
e4d1e1cb5d44c9ef32f74bc1,610,c0abe4e51c0c87b72e34291a8538ef4ae86e6ec975238b7620308c830bb8c571,0,119
765d1b0f61d6e1a59f9f4e09,288,71b78626a122d3dc66464f56e48e4a44ec9e53ac649deebe9d8d4402697e6228,0,120
e1b2ffadc6746bec53f947c6,1425,9d7561d66e93941b3a633b128c7f21f9adbaa25228744a2519d13e22602b0242,0,121
12b25032fc16218c26e8d534,673,e4bd7525c8056e1993951c327045e5d6f4f54b4cc1b0adc5557b808e56d4464e,0,122
d9f90c286620624068c97ce9,1411,20e09a9eeeb24df283b023b4f775b87a3df2c5a7b425122eeaf07c186e28f684,0,123
969e2915fbdb87820f1d327d,127,67934e5d2dee3276e90cbb489adb2c78de541ade6aa750342f2055b617753806,0,124
21eddc14b3b6eadc107763c7,824,cbedbd98cc83b07e61843424c622e4d73a7b0072f87c07d332ae0697281fd02d,0,125
c1ed8b0c095660a36fe6bc27,814,fc9db3476982bd92cfda9c88e459ccce738d5e927e0d7e5774dafc22b2624b63,0,126
f67f3aeeca9a94dc25291636,1336,3f7446c82ff575e293b51fc35cbc325a433c3f34782b089fc0c1fd53825539b2,0,127
d09aee0c654ae0f6f6a46f85,1396,9ccc413f63ae594ad2b23eeabbd57dc9abbe9afc723f7a6c861e0b4439540196,0,128
a77194369d2c4db11a0fb38c,996,1f4b1cf4070bd26ccaf7949ee39abbd41aace0e00a3bc4ffe9eb891c0574f393,0,129
f421ad584fd04d673f0a6097,754,f72e66c5c9bcb25c1554a70d6155c8d5fae9c8e8976610c7725e8e4a0d3bbcd6,0,130
3a0b8cc0339ae979685bbe26,1052,d3a3ceebc76fca632d275e6710e02df6ea07e43677990f511f639e3ee17ba678,0,131
12191f53f94def8a01fcebd5,1456,25d701f48d12f06fb633075f835748cc1704259687a5bc3fd94484f0b585d3aa,0,132
90f12947cb565553a6ac3fe6,1482,03536dd8ffe8da5740cccfdfb53bd946ee23609728e0d4dc07d60ee88fdc0113,0,133
fb58861e8fe973251b9a76cf,540,d5d420354f196873ea9a76110c5387af277c1ae64be087ebfdcce9befbaf2a43,0,134
fbedeab6ad0921f71c2b577a,736,ee647fdc3c10f8fb8d5fda36eb638913a362fb74f3513c63873ed6a52e0942aa,0,135
e8e7084db6c1bb6fbde740a7,464,ab9af7d70c33faf65a8a96b3955fa3d84b3e27e0a1e38bcc2a456f00ce61c18c,0,136
3e1a0b4843027a9a63e38f06,1370,eb1e6d623cc633e9b2dca92e20c7afb4c63a6b5750cc66042226e859b1479a96,0,137
f9ca9087feebf8f6474e5b66,747,eba542b5e85a6ee13719c42414a4d8e669ef8be5f9e3761a2089cc2547169e61,0,138
804d29d4c166fd6b44a09c10,1081,a0c58864990856452cfe5e70bd4f4bdcc7485b8a7ad5cf88a9f2a28318628d6e,0,139
e36bcd326dba33c703099922,305,7b1f15bd5bd36c99fedd8ec509ac978ab006a72cec3f5b0307a69d90de3b6f2e,0,140
e95cc41522f94e525a4ec630,211,4996eaed22549b15534457e4aff198867d6fddc8d466eac26cf2f6a9e8c2c483,0,141
bafd8921d81702de804946ec,1238,32a0e66c031480437ede73490a4e16659c02c1bf7005028e05093157ab1b455d,0,142
60dfa5ef3241df34c63f0891,297,0593857890ef65f25a535ee2d27e00ed80b7549bcd0c0227f2cf7d0ce6616971,0,143
68d658d9752022852f446578,765,288912eab18177b0efbd6d5234abce9814b8a1f2f66c28d053d9fe86473adc60,0,144
acd23b1b0eec3da4ba93e4e2,1252,b8068d7c55c080882fda201941ecc6698d656f74e0b355072a7b2caecd55d73b,0,145
45c272c61fb724fc8c6e37fe,1343,204e1b886e17784c814761893de8b94711f45e335df6f89be39c05039edb79d1,0,146
317e2be3d1ddac1ca1fca799,123,ba94fd35a5a1a33d38bdab27e5026dc7a6c1d679a7232c3ff9c3196662da56b5,0,147
baf5ea268007989ba1e473c0,110,b5933ccbd7c0cbfeae0c61999cccd7ce59ae6707b086cb8687c613d78686f65c,0,148
053f3ba4a802cb044386e412,878,43126edc0288d2183b13d533973ccfdcfe2cba457a362cb4ebb9c360e14e5b19,0,149
547b0f819513c3d9a526ebbb,227,b57c194e3f2f708badcd43acc995b0cee5d8c482ab53ea8a7701f2460ea22620,0,150
1b1905d10066f2fea38bc4ca,141,e41e374c6feb9ecba410c24bcfb534af1f893a9b3d7ef8168c550c8b7f405e7c,0,151
0cdbbae1fb719a44df39d6f8,173,82100202d2bdb4be144a8ab3c68ecec3dc2c4a09120c2f97b581ce571d392e86,0,152
e5a9e3a2c97c4636ec413f11,990,029fd72dd8690a371ee3f5dd2d795b01aecc4a6598f86c13ed78db22cb61454a,0,153
6c031103e7f223794ed67dd6,68,f6adea8f654960c9cd73d39b2b4db07fcbcb7d5657589aad516dbcfa4fb9ab13,0,154
4f0d25f9888c6944af9f77f6,45,3073dcdf39e30c55a8c0506c0ff4ad15e4ed75f90adce422afe307c2e944a17b,0,155
5010385a9c12f8a4a69f9aa9,112,9bf5cf09f648581018f214a194f82e4b3f3cc519185e205b052665abdcad1c93,0,156
5cf91b0b0d599c986e73aa23,447,1a52e7948018083d552e69b5af087e6f216370ff0583134b8f7f8c28c571089a,0,157
615b65f44b7cf0a6a9a0d768,1210,632cd47c89be49401a4ead675717197fc6fb6dec4af7f57b3a154b631a3cfa88,0,158
e6bba5a3161e0f6cc0fe64f5,550,a1e4cec1b0a5637e476caff98b9287d5359e473fcafd22e19caf30f9a0b69838,0,159
9ad5851adf1d58a9d6ec4774,927,a55bd137daa70154af54c3e8659f8d01ba1abd505c6425a7e02fa3c7c8329de4,0,160
be50056965da5794d872cd48,1477,e4cb885bc4a2499969985db5e6d5b7bd99694717ad5462b734853da2fd1faac3,0,161
f65d6945f6e8e6262db1a96d,1457,8eaba7dfe8e212519df5228781768b164dbd2f283e6fca915bcce76c03dd1996,0,162
9510361e5ca7d097662639e2,1193,f2cf7e91f2a215deef5c01de3fa5dcd0b8bc7040e0d6fff82ce528b078d11c13,0,163
89907346e50f2c2d41bafc52,897,5aeba50a23803a07efaa67786a5210735e5eed4a1d6e5d86a3d144e9a5202697,0,164
11528dcaa23ed4cd4519a0b8,646,f9c6c3c69fcdde4fc2356d7f5f6d557d8c64915d56a2d3258a44d62a30a4400e,0,165
26d1c8087db6142b3b8531a5,560,06fedd5ecbc0c1a4874356fade9cdf36205d500602d87b63e451531ed605c76b,0,166
c51fcf4595041acfe0651fa5,230,ecb3ae3b9689086cda3e28b4fd5c39946bee0bf46dd15805f20ef3a4669d5fbb,0,167
ca9b5efa8d56969d5edad901,1174,b526aa5a5f8d18fcffc2ef42b822a35306a5b5ef072c6dbe9efc7685e680c2ea,0,168
49257ca6cbfdc9882fcdb1bf,800,3e207d7529dcbac4b0df326703e9047b639b3cb493ce31361896eb5ac72bd6a0,0,169
7939e49d10e43ff935eeaf60,1068,53c816d184c6e8f8a8460bd27c3bbd1100bb325f6d5440822c4b1662a3831144,0,170
bad7f5a9114587edbdb132ed,1289,fecb430df8344a27b360484b56130101ea90c92097efd9c708edae70558c0081,0,171
ab1201f6be044fceefb042c5,695,515704fd44575b74e5d4f5951e08a646b19db1a8e29d7905fbb8764c4839eb64,0,172
82845a153dfe620c9c899bca,962,6e0d560eafe27b93f156d5338c7be7adf5376b705c87d640ce0b671e27d7d81f,0,173
a64032906fb90095db2c1531,312,ffaffd1269594fda28aa3917c027ec7fded6a57b3744ee86234c772aac7e5903,0,174
9aa38b70e7a57526700dd27c,1129,1ee16172dbba7cb3d86258ecdfeaea268329047fe3055f2db5e8a21706c5498e,0,175
609df01e31d23f9ac2aac699,1111,b6b78ea23bc639a9ff8f0cad36ded91e54f2e571ab364c56b670e5beeb83991d,0,176
7e196131b9e2e65525812efc,815,b6b26858653ab9f81e11bd91ad32b578792b55bae962fbae04cccedf13a1ab5f,0,177
30c1e0d0986a7096ed7c40bc,1300,4248657993e3b371606360b547321f874c7a1d5a8ca241bdc7c3e1eb57b61f5b,0,178
674d16d38bcaf5435cb0402d,244,535ef1293cd928478a69dd1685542c120208478b1a4f860dd87b9737294d5217,0,179
033f03e049a63cdfc11020be,50,386ea8bf059dad7e0a5efb11f163a78152279944cc4c0c47e3b73c0098cc4b55,0,180
8a0f20dcdf23eb7980996f96,247,c38e9014d92adc584c00826533c8fe693f94448b836558ba97eb400a85719f55,0,181
e2ad5f16f73a2575de83dc6c,1481,d5466ae15eda71d4bd18ae95a4c66f65cf972fa64455531609dcd58324e12369,0,182
9c839ff3f44bf58a4eb1c9d6,1450,216703d3a5f38026d2e4fcdc9a65f9fb346f585bea70d58b06a859e0642d7d01,0,183
943df5a1dcd641711e609e86,698,cbb57d6b2988a8c437629341ed75e63bf3344b2f1af852efe7fb4c2e90b588f6,0,184
595ef555b7750f299e160110,1435,a7e7bacb19cc939c87a3a89bf6a669d1ec9e2a93b23b22d078c44a35ceeefb82,0,185
c66bc83a6ec0ac65720c3a46,232,2f8c3e94825f50e6373ff9eacd07269cf5ffc7f01a6e0abc2617f2a61882333d,0,186
6cd9efdcaf95102b1af4fd9c,1373,ab217586b7ce84b60233fecdaae617bb7b940ce916abfb5cf534aa678f4d33de,0,187
5a0e9a90f06b0497ecae2921,604,c9ae68b5831bd8857376a0a78575aab86f18343fb1e00b03554530efe35500d1,0,188
b6d793d78d0620943438d90c,1433,a158b4aa31b7f06df39ed7f8218ce6f294c32de46ecbec0da70be8c4adfeb7cb,0,189
433e45230ba6cf35e1ac0d78,644,a1f9509de8998b9e8c3dba154bd56bade5a0f7eeb4c16bdf4d21680f608d4175,0,190
c1ebcbd8978054eb9c0a0a38,1472,26d9ae52865eecb289162b581cb8d2611888e6c59cd502cb970bb15e7445f9db,0,191
7f5dab31dadd7c9a3bdd6aa5,788,967ddfd3fc1a22f6db54dd3abcb37495927d93d61f7d62441a076cb69e81d5b8,0,192
65c56b097f56d2697912cc99,791,a9a01609c13feeea51be7e47b2416cd8e0cba565939306b6a474de8ad97a8d01,0,193
2f54f02e69f3445a71ffd57d,1341,fc4e4a34bf29be2ae79b19e02b7d1916ce05964e3ea55c03d97050a38b8c7021,0,194
108714cdda5107e692f3fc7b,881,17f98e82b891b5c518baeb9d1b92797996c7ad3ed533d43bb017160de70a6765,0,195
947d1d123bca77784b9226d7,1178,535d7f841f2223e45c6be6371bc80ac1d3a2eb7f54f649b935bd507dad181462,0,196
d0f98bba997dd3e7919116ae,1165,7d6888b50985b519acd26f5170489431b517b4b6c8c0501095dd6fb4e7234418,0,197
bb7cbc5dd547c64d7dc0a7c1,370,b32cfd88a4123b3db12feb79d07f69523b3a6ee0b30c8a210cea98ba6b1525a5,0,198
6ca3d3f3235b9eccd9c00d94,1056,802faacc81147dba9d47806d653ee9eac544267d1f0209be4d2a586e3c9a3e40,0,199
f9a37894a0465b461b0ca1af,588,55e11d66ebeaf5fd99bc848f4f41e4cd54f2e085abfc9c04b9fab8c0c8fff803,0,200
547fc2ef53dba02776e40163,102,16d1fcb63cb68f2c0520add521a036cbf3e9c0d22c627d4b5201de3f7041d5c5,0,201
2a1ffda0a5db3720e71ebcd6,1074,6c15f6f49b048cc5b2255a12fc24f2c22834d8eac31cec854fd85593218e9241,0,202
912c19688229277c7d693950,151,b48ac44a39ac518344dfece49aec44905b800060a38d6efc77108af5de3db06b,0,203
616eb796b0b86b324fb710b4,1241,d3380cf3e88d04233a95ce774102b68ad6bc5ffeec2d5858719c8e09f06d17a1,0,204
8d04e6f303f0fbd0885736e0,49,4ebd25ebfeb8e97cd98ad3daaac0a8fa4261452cfeb8cc207b75662fa7425057,0,205
f2395e05551028fce0220202,1163,5a2371374a85d1e703df4a98d853cb88e14b9fcd41d67426c3a96a09b71de17e,0,206
a6553871283b8589d6fa30da,823,307a6ebab7962d2b8f2cf97f0d1e0c55923285f09af1c1296df2b7fa544b14c1,0,207
72640640f3a340afab82b7e4,75,17480ea792357a4357d0e6792f869883964faefef0ce93b869e4b2c33ab80bd5,0,208
9b53a13977eb72ac055598fc,1196,83ef25fcf72b89c3abb325144ba199e76ffd325211ad4e52c1f88380eea9ca6f,0,209
da329b412aa16c7a71ad353e,93,d874ddb4591dd0d39fd57b882e408e854cca2a6ff2086b6589ca96263fdea384,0,210
5519641e9a6358e5513b739f,752,c2c2de31915280cf8c43fab5b31905259ba43e3bfe3840e511ce1210d8cad22a,0,211
1dcde2776df7c7d814e77626,1282,3d85229664e0355f932e7e323950000685d12f831879ab3e1f306c00732a84ec,0,212
aefabf509e9f7e2d4adaccc5,23,502dbdb2b7252e223d5ee005b2b5acec636f4abe05d848d86df50d291b923a80,0,213
78c7f0bd0cfe27e7bfc62b00,556,a5d669e9d19493a78fba6ea91c260b791763c2233b2b176063730457577a4b25,0,214
ba4b791ae162f683a720fa9e,592,1554532f58af406940d537b1980251d0e76cd11c6c49418a6930178fc4d84700,0,215
ba30a271157eddefffc22375,1268,06897664edb53dee2bda21d0c05e12158021250055599d13425cd19bd9e29172,0,216
c35a8f53e61b8806ca2cace5,171,9f7c44c7ee296928715f4a88bf76ffea72d02fe971264d74a19efbf609e49120,0,217
7ad92d2b78fe4404f44063a9,934,42f4387faa6dd261ba90997218e1a43ffe7671a1492dc953aa14ed7024075052,0,218
fcbfa3b74a68398a77e07297,320,ae3502a6f00f0e453732141db3db548de3be2f80f2c2bb6db8249d97b2f8da42,0,219
55ff9537aa276b5804fff880,1333,43a3e4917e15416cad5145e49c774fcf563ee61f02dcabaea5faa51d09867850,0,220
6b5aecfebc49914640eea0ea,405,eda166ee7d9a6edcbf6c71889cbb40f4c39fa91d29c6c75700da092908321d11,0,221
b1b9b67d2b86d83dc9373e0e,972,0333540e571faa73f7f2a448d015abb8aaf6f39a6f44507364507b8320ecc156,0,222
e78db26ec3537b4fc1a19287,623,3c83206e4c2ea7d270e8dbdfe4e1447a0e90b582365cbb0e2ccc5345291d6087,0,223
afa14d2e0614475858796f9f,913,59658c059054491a99d380a5d3ba90859135a1b70de14031481202352d6c1d57,0,224
24d741de4f13da7706f22150,193,fda66fe0008f540b331bde9eb4ead82d5c8ce8ead68f9f3a3e3e7a4687e184dc,0,225
efef523d428e0d7b608c3f79,886,fcc9da45e479ee825ac12528542197cc75362702a99637cbae4fddc66f7b1d5b,0,226
f88ba6f1a8f6f71000ae48a0,731,0c2fdc74f7e27311a5e180587e6f708057b6ce34999001fb91a78b1c890dff55,0,227
03885059a1fb96b63c2cab0a,690,74107f6a194ab27078b9648fa528f9552eb2e3a619f79897ed26b1c80e399aa6,0,228
85532625640975fc694e7084,1171,f9b08af844c28deab0b70f0ee9bd00790e1809f8249a88b915f47a37a27e5e60,0,229
ee07f117483e582d1af50d6e,686,a46d262d1a9a2669d8131f19a8dd100d7feed38488ee712cacdb8c9aa8a64174,0,230
be57dd77cef20c8feec1ac2a,951,c0958505e3fc63bab18385053008e17ac2c26a036735d5a035bcd456416fb6f6,0,231
151b60568d2eec030f3471e7,59,7a252c0c37cef4b3813d0e31ff974fc67166b63ff8324cac596ecb8476327895,0,232
80ea413a46360966f0c8cfec,1292,85b718e3b897f5b7f4433a7b0c0e6ca2368d9b5a1276b609cbb793b571315068,0,233
3107769d120b2dfd29f7b1e7,806,bb671b70265f1205d4c3ba19ba5a44995fc788e90834d1bdc6a063eb1570a61f,0,234
1ba34620c794f2e8773af97c,483,75d6b86170715d53812ba6e99a191d2ba38d4dbef26aa897de1aaa44205bffbc,0,235
b05c81292344105a48194ec7,1157,b5f2f12c510e85ccd7cac2a3e747daaa5d49a19b4a86b03ce5b9b1ad331bfedb,0,236
f1d7274446519066466c2299,787,155afe6c2608622a7e7f67e5040beb90c0860d10333b430bade9dfee1f4ae486,0,237
3de2d126e2208db3ebd47e5b,455,62c1df98024208672409e560cb3a2b7f4518ba711ae862caa6015ff9223f44b7,0,238
30685a785a3fc461997fa5e5,1115,e570f27ab173707ed501b3b4dcc32c5ee92c9ea35beb73dc81d7c4f86e3d3528,0,239
52499a68072d8461e60b64da,518,a64415378b96c5fd95980b48f08c8bacc59391ebb322d596b274f614a1f2bc78,0,240
752081f0f8de12cc773baa6f,1170,353fe262256d82c8ab788603350d19808bf3366fb912050206e5fb5376b74252,0,241
943b33dd0a3c4bb05f41702e,1067,2f7c9aea4772783ae94d9b5368dc650814c8fdb1a4c1045b9cbb4259e0480828,0,242
c5df73ab3ee1c05eca1cedca,1028,e668221863f1c2ac9048285a999a741672050b14f842b99dd82c9ef51c0481f0,0,243
33bb0253195f4e47c617a705,818,9b459524f31dd5233f141ff271cb98eab147a43aac938bfde01a7dd578cd0f00,0,244
752c07d4df41fead7456ab56,902,7918932139a6e55186864db0434d55125c1625599cf75dfc5688395cea42796e,0,245
3fc22d077635ff1b4fac0c98,1338,d91fa45c17f776e12ea0205fed25eefdb3573880af7fd19871120fa1bd9bbd91,0,246
a6fb949df9ca727081a68641,533,fa68349a78a586dad3ab7445820d99119fff426d1ff7f21853f80fabdc3c01f7,0,247
51cba900619d9e9eb97d0119,931,06b6e0aaa0dbd3b5c9df95e7623116bbc930e816c86747eb3ab9de432a7acb5e,0,248
83844a7ceeb2fa3824f34310,923,5416f1d4641dbcd655918cb209e4bad77c84ad12078956984bd67d3e6c334bd9,0,249
15eb1caf76febb894236dd18,80,085377dbec11b621800ce8b2076aac03c5309d03580de9c8b5173853e0c92cf0,0,250
5664a757efa243821c1b7ad7,1189,ce7134be9909d676ec921e00c4b38185098158eb75fc08215776b148e44ac8be,0,251
52ffd0fd32e6ddea79609a0a,395,e339a5a0b46fe3a78927904c4e404e2fa53cac1d51cb929271b069acfbd670c2,0,252
6804c3cf58ea5ded77e793ad,143,efdba7035ec77fdf04fd9b6be4f29ec4df6de2e1b218d222fe64b461cef6264e,0,253
3d56a4cd6db2d5bee3e2f860,850,b534c55b9a9015c7b7d9919502569cd1f2413ab6c4d4d9a9d55b9d4d7bb8b514,0,254
bef9fc9d8e592969870b197e,391,653dd3efe4304b1d7b5f69693c286f473d95bb298826b08e445c962cf1048b7d,0,255
1786657c1d614682024bbe25,270,d4635d7203657f289fb2fbff8f9816e7c95769f81578f3a4327693c1478d26d0,0,256
865e5c6e1c49ddedd3f50ad6,235,7abc0dfbb237e6a5f0b59b9c2eff7f29cfad57534e186bf14f8700805f3f02b1,0,257
f652594927d8040006fdd1f1,1102,d1aecc55c3ced104ce4feb11952ec29bd8c84d65868be8f76b70c9fe2def58bc,0,258
2758c0fe036f1e825f79aff1,1424,d3fc39c6deb2f6d520135bd8aaa27673cf511c62aa52e2126b2bfc4a9810747c,0,259
9e3bbdcdfacd8bac351aadd9,713,aab39c121997ced7c91f4d17faf3fc2c31bed928bf1f6012c1c4879070d58685,0,260
9e4c8da8d60d755a03add63f,18,481ab028012f0ed961a6cdb15a59f933fbbf5a1a2fb5d77f5b7ff43150027ab2,0,261
c904381674f47accf34331d3,1322,ec8d1a13b93e7b5660bc7f5317729d63712f95fb34637a0b3ba5a4ec346a1399,0,262
0a6b0621f1f038bc6134bf2c,1277,db7a79c6eb243b81160ef30fe6130b7b976902170d9e7181f7b6240c1711a259,0,263
345dacabab9edb4935a48a60,1434,fad08f52924faa4b919e9f941ad5436b498b8644fd5695e3d4994db61e4b50ed,0,264
1ed52d0b19ee1772c3202984,1383,8fa2ac15f12df19ffc134421caa125c35e7af4f2b02762ec07c8c677a4aba393,0,265
0d908f196b0221e86215fab5,175,5edb7acef9b79cff544e762c607d06200dcf6afd72e720bf1aefae2d731d954d,0,266
cb5a24d9264be4437099dafa,470,9f7276675f582955b7dbcf3ccf9b7b71654e891f152da461230a0ab92c65c834,0,267
fce5ae761a8c77235024a8cd,645,ae000e22577316d1511d2c7b99b5686e0a25485c5639c9a8fc178fd806ee4b6e,0,268
7993717eb8ace7c302b0b819,1025,3534e0bf59d415317bdf4091c011b6e0b3989ac5b785ed53dad11d3ed4937712,0,269
912e4524b52ffe802dbce900,1147,3678f1e915644943d0b43598ba4283b84fe65ac3eab1fbb7fe25905bac9eefc6,0,270
79f43db9e248391e91ed36aa,626,af25a69785e01760329402dbb8ea73ebf851ba48fb1aaa68230834fa03de677b,0,271
5e4c4233aacbd3e552b8e92d,660,19df1cc4c20ef7381b717e35295728b87ff6554af6719b0ec924c43c2d29b838,0,272
1d80f53525122c2a1f4c01dd,727,abc06257fbc4118c2669a4bd95b7d141592f5fddda04cc2596c744357d526a66,0,273
de24065c262bdc126339d7a6,1080,dc80131a0a0ab51354770c9629795f29b3c64d0c53808922557ed7dbc4691e4e,0,274
be0beae014c82406481bff92,607,551be060cf1b9b9da57db8f0ca0f860a769a784a04c18aa5ec8223f78f9ef613,0,275
d686e4f031260d04228c24ff,742,bf36f38cc4bb30f5f74e210dbedd29661f4a1b523d55ae5971a2e62c8ef3b433,0,276
66612f052d2ffcf659b9c265,527,8f4e2b79e7c5b46f8ecd66e2ef277b42bffda0999b2d366e45b8bfc2dd8e4a2e,0,277
c8276dd2d4525e32cbb9bc16,1302,9bd8eb987b19b17511622022d97d58ddfb8e2109d59ee936730aac2112c6e911,0,278
6751585a34316febca9c65d5,331,8822a0aa9697111f8af4b1da7f6df045afc697827d556b6a7084927b17dc85de,0,279
b2b7f227b0631ab60339a87a,834,9f559393d5f86d19526d51bb4f68fd31fb75429a5ab8938278309fd03b20831a,0,280
7ad320aedb1d68a8c644e084,606,e30f35f760a16c38f19e8e9e9bf69c88b232efcc684be4d34139b2faa5b988d5,0,281
44910554276dc8abe0623a49,421,4705325f3158ebdabf2e803af08e0d4663ff173c07fce7f14d37a0e3c72c1414,0,282
459bcced518e5ff8fe45da47,1354,1d6357f0814427681a2bca0523e63f757b01797e73e8c481293489741e41cb95,0,283
2f2bc4405016badcc35d807b,1042,e63cb85f95f790e9a0fc7b6e6c18ec000f772d422c5494a1cf10faaf3925ab75,0,284
49e885d979d6707545a85a51,260,3ce80850b7da01f547ae065ddcce643ea7af1eadbf41698a5bda2849b1db0ce4,0,285
54f1fdb09297decfed37edff,338,2b18ad43a07183b7a9d12f7b131bace6b10cce1b2d51ed4c298d1b566f6a52e1,0,286
210bbf64a4422207418dfca3,285,0257eaae9582e24b456fa031864e982495e8c299c7b0ab89db3b8ade99bbb069,0,287
af68e23ee5abcdb8f5eb0e5a,906,ec69a7340348a68f836778801843827ddfb1f0baf1579dad2c5d226a57c7db7d,0,288
67c5eaca37b6d3d4d2149e23,631,b0ba5af67aa4928fd34938842a9e9d6484e4b61592b20d1e3e30daa99140e148,0,289
c4aad53498bba266623aa534,1366,aa4cacd91b687945f4d2db488bcacaa4a4e8043b5caa465f76d54496de0e7859,0,290
e70cf54099cea97235449d80,3,8a6c51be55ff9105582dcab10361638e92aeb02aa71100de8b521f17e80043de,0,291
65b8fbad6fca7beb4e508639,863,4e12ec17f01c2b0bf7b608e548393e5e991135c68be1992b0fc424546ce2b607,0,292
1a39f4e46c2bf704ac586c95,21,4f5ab96d838f4f2a8bdfc0432dbadc9b2dc871fd0cd40d60db8245c1ccea2655,0,293
3dbc5b1d2033ac45b3582373,820,39e67bda16368eff0a33292909ba64a35a91bd1ccb07aa3c7ddd5297e9ed0fb9,0,294
45e8d48ebeff4b076e2f9d0f,35,3be60e8114c93d1cbcfd69f596d7eaa0a84f5700b58e9a8af20ee2010319d5ca,0,295
b5c343aeb9c13b8ad128c28e,1021,7d151699243dfe5b719783ec1bcd41591980b35fb9790b6ffbe0512f9c2a8fcf,0,296
6b5157ef38686aca81a40d62,1243,52add7222993d7376d9074f53182becd70542fd05fa6b4e27e473025bbaaeeac,0,297
7dedef612dd32bd3902338f1,750,8e022b9b688111d5f80c6e620c3508ffec57f9d8d45eb7afe3c186a3f71d4528,0,298
680f019a271e42152652802c,678,51780988ea90afbb4b7b22746e80e1bb59c5a56b9956d9d8f82c5604ddf949bc,0,299
d3c728bc18df14c9d1139bbd,842,ee6d011380a0cd2d804b5e85803e862364f81c9cf13a8034c6a4f4eb5d61acbd,0,300
831596885c9f682294ac4ff2,702,d88e36b06a032fb92f6da9571c5b82e9349b45c77d83775ffcad3964e05a1d56,0,301
6711d832d0531c9d8f826a05,602,f1561008e0c5632e5e7c2fd175a87e228d2e019285fd03b4f4286b617c2a8fa2,0,302
87de46f162510686d79a73a9,515,62a1abb2dd576f9ccc103a93c8b103c73c61e0dad405ec2d6aecd60ed3041096,0,303
35bb56394b6bfb25a5c97870,961,88ce4c0804e617cfda12cb94fa7f5db219b03d3ca4745dfd8b0405d54eb22110,0,304
aa329df7ddc5e8d6250cc664,911,04cbcc55dcfbe909a6c4bf0c9b925daa45e33fa835668afc7935ab96bf5aebc0,0,305
cda37aaf4e80c6fe8d10f21c,1022,4d348d16b6715ef8c2b511781952767bcab5aec6fe6a63dfccaa949edc8a78ab,0,306
5babe3e125b46611fa9c2766,451,773441d41e1eb97be7f0fa0758c40cfde6e59f92a346beffafc3d65610738381,0,307
e9525fc09c73747e865e273c,1093,33f8301fb681ba0051033539d8c232667113f3da27f3c6955761357ec526f535,0,308
4e753ef27c598882c9a5b5c1,1032,233e0d13b5206e72c160e8a6d8d2fe268c86349233ecbfdd76f2e2c8ccd5c304,0,309
c63cffc8ff5cea223f1bcce9,295,b53bacd0a9db38b13d7500acd9fc85650a777b7949a4998c2d8cf8ec40b68972,0,310
23c0bc9fadc7117db931c05f,810,c4360b9cbf70900b924d8be67299f624bb451c8e496661489a2be7f9a08ac3f2,0,311
52a4508d435e4d92697c01eb,190,3bc6430d6b684ed70e25ce0dbcdfc285730093ce29dc0cbfeb223b3cc20362a8,0,312
920da94e4c67cf61c971fc0e,352,fb190b8e55461fc5f5d1aced819ae4c1a6166b45b48f313447c79a614c5a2f7e,0,313
9cf15d89a37f0096eafee519,1048,33573659a65478b59f90812968eda6eae9c5ea9dbada6cd2116c4a2cc53cf823,0,314
964b0142f3e494f3acb2fcbe,831,8bfff4cb7a5b0b261cc1c63d6aead2b5dbc17db77ed609ca9676ee450847f2ce,0,315
bd4aac37c6e763a2c57d713f,304,9d63b160e25fab12eae71da7c86a58d1e45506571860e39bce19c6769c932c83,0,316
91067a0996bad7ab4f7ec61c,7,e7fb94c769e668131877aee427c392c74cbf45c14f638da63092d91e48eb1ade,0,317
f2db261792d19586e620569f,566,103e176f14f80253cb51a11f4d856b8d423abc0976d8bc2c5d9e9ac157531a31,0,318
2ddfc6f4431faa5416801ffc,434,f2a96bcc22bf4477237ebdbcc16e7d9c6743020ff43c99f3c9a961996ec7071d,0,319
7412c2a62b16f13f76dae3c6,658,d0e9d60afb9d85f6f5ac9cb72ee699c1eea7b9f51642c5ce7c4135bef5f4b755,0,320
c4c65369561fea3647bbf473,914,63c0a3a20d038a4f98d613d035f86422c5227260680634a8fea8cb52ba5774b8,0,321
6b7e7873a92d799c77e8646f,803,172cefb93fd4229033356a9c189264bb5e0ac3cfe23d842bb4fa837279f4fac1,0,322
13b246c97ab9e85b943a6e17,16,ce720904960e754961f1e9921c82dfeaf4e16317c9add5700b8fcea328c9df74,0,323
5df647eecbb69f60f2ce3f1a,359,2ab9e9457d2bcebdf9ebc11fcd9984064cb3c31094e1c405aed7eae123ca11b0,0,324
04d7059d5ada4fb1bfc6056f,478,dfc7fb493f875f46d2488101382f4df439f93fcb51edfb4f44cfe413f17ea6ef,0,325
568f0ca2cf81c60de6015f15,345,34f153439f392415e549ecd88571dfccfd6099cdbdb69836acaa6311da3336bd,0,326
4a2e800bb604c52356e628fa,469,b16da01518016bff31b52795c035d407f1702592fa5106442149c03c46193266,0,327
70676efbd3e757c4bc3107a0,559,f40b0e5d1bde6fdcc9128dc3e33136271f3c373d3b52689df00e673271f76fab,0,328
994bd733049cd72208559b73,1051,7713e0a06c3980d27c4751f38516e02bd0a346224c7b634a09f67b8ff3692b3c,0,329
1322fc99ba85c3375e1a035d,384,4fd5201f328246b670dd8ddb03d039bdfb5e751b48dda48cf1a9823b86b9a042,0,330
1286bf4533c24da3c08c7342,1266,f226f6384f9378018eb9ff832521e6529a5b71ff12c9a1d1daf220cdb9afdc59,0,331
2d9d62825095e661020069ef,1441,442c7088944adb3694fa254f7cb10f2786b561c1967febd51e37579ad6fbb83b,0,332
77d48442171e82a7251946b6,1290,86bfb892072da5cbc2135fa95d821aec77a2003a5be1929eac46c4b6c0f2ac86,0,333
7698018350aa387f1dfbebd0,912,b07efe0d86186af2ee65143c2a129aef99be94b1dfdd5957c2efe57ccb6f7590,0,334
2fd5bab9d8fa43c51b1d09ea,647,a2dbc1739d3839001f528f7b9edfd1f075285ed7cff0fe196f164172ef6b6cff,0,335
30cb0920576b1d464530f42c,928,a3d77cbfa1a20e4bbd309140f73ed933d36e5acb045f5fb740e7933d281688a1,0,336
197de7a8dc5c0b3fd2c41cb4,703,f48e0bf9d1d3af037fac9a31bfcc0bab499a97d4254f35f66f6ba7b1291fd0bf,0,337
7300b24064bf33544291ae5d,707,0bde87a043f13b10c00e2712c9d6c473fc17196d7c84fcd4007f0e2fa5497fd0,0,338
3ca4927f77aa66245d06efd5,1368,0005f4ea5def364f5aa370367103a6e44039638d1be127585a82be46cdb603f9,0,339
68b10457700641036d5f1484,697,38f2ff7be8f3b907b741abae8a5a1d7d3e4441fb8f98d0ffd530e69fe9bb2f54,0,340
e5f7f2aba5ddb471e890f0ef,1053,c3b83b6c764ffc7b130fab85bcfe08c503bb7c0b8b3d9b423c63f7419258db80,0,341
c76a1a148caa944e0c8b39ec,116,fde70a93f07fd49d79abecfff51f86dff1632a2268336e14ab68cf12d0de63a3,0,342
36cfd555ed80d0a6c1803378,177,a22727f1f0894c0b86b99e1eac90f0ec7e7896c1c510dc5232422449f4bb2857,0,343
e3a6c9516b8310f96d92bd2d,1327,14ac8429f1d8902df9a96bf35005229715f98422896bf092ac4ade43818dbffa,0,344
0d3d2ac1a311cfbd2fe7e77e,1077,dd19f325e862c1d66b6e137dae434e7eb9bbf80181be9d8ec3a3c0024aeac72b,0,345
55ef5b77f47a29a882c64ea9,1301,f711be675922b2e07051063c53cda58516204371be758cac02eac76375db4d33,0,346
2ebfb97167da186474886bba,1226,65e8e92a8e69211ccd1b964401bbd8178bf8a57a1784ee3210951680543cdec7,0,347
58ecca16a1971a23f461d9b5,1442,c5e7dd647d9637b3ee98d4d8006ee3053ef56d133f42307a8ad1d821d851d04c,0,348
658637c2d948e71e9d16ae24,548,3139157db5ac4a1c6de2a1186dca89f2dd0c6eb83473c327e81f9f37fb21f7cd,0,349
dd95e3790b4a5f7deca48344,893,8f93eb4fb966d6893881e63ce04ec911322008fa46d8416a6657b96bedf91fd2,0,350
178e0b35d46fb84f7c0dd33c,12,860687992c573a8b314856fc7fd3a6ff8fd7297aad40ff5f6f862b89e59c378a,0,351
81644a3f27cbabf1e4149aeb,1330,911b5d61f96cedb320b51becba68a27b81cebdf5320a970c83bc66125e81122c,0,352
6093de9caae626af8e301086,739,63c8ff0eb7fc64ab33608575d433e811cb2c8c98f8a51e4237b0691f023a3df0,0,353
0e034363760f748997c30a72,60,534c3aff3062a698bf07ed45c3e61888bce7cdad1cd96c0ee95485f710818e0b,0,354
f48e984c428a41757a685785,132,60a2f42ab1bef01352b5662163f8d9f2b3f4d61c575ec5626d4fa83baadf39b0,0,355
88c82ba6cfbaa20bae87da1f,322,10f29c470cc400bd831391df5b16b17d0204a50b5bcfb23f9945e5ce0ba07f6c,0,356
b7079bab596678cdd385e17e,194,facbed1e108cd321208f73e4f9a2e232ab427692635d703caa85ebc7fc524e4a,0,357
766d4a8a3bbc6cc431324209,523,efddbb1db40206f42bacca09a827a9e1bc0816d15881deb98c50c976c54e285a,0,358
4091b6561ea16a3212f9884c,1335,627facfee877b836c1ea7318d19169f9184ed73dbea35c9b95be875bbc660793,0,359
d5d1cf9ee2f14682ed68b106,699,e6bdf083e70f2ed930cb01ce9faa9143070b81f036f767dc9d3af04e6ae15501,0,360
c8d6e47504ae29663342de55,1049,b509b5ccefbde7b6288fe71704694e81555f93aead6f46b45b2ebab072ab431b,0,361
b7ed1af09701a5a1315bdf03,591,69f70da5caf9a64b5dd14a9f40090df8747f3e01ca1a152c82c6043c9e9ff1e4,0,362
175142e63d08dfeec9d86e29,840,df85fc37660b55b2fee3d7d8b7ee80bcf9a4a3c96d1f36bfa70f97913c381b93,0,363
3a361e79cc3d5135bbfe4607,355,5cdb8701ec5e6701897887164c9a3ccbe96d1d489f2898591a6300ac48733062,0,364
63af424d8cb299cb5b760dc4,608,0ecd0d0c8a8e3a83f4304e4e8134ee2a6f9e6eff8d1fcf8ee7353dac26e0f6fc,0,365
91f6a60e57b213d8a65a4f95,329,481c261fee394accb486116195351e82f6c936a156be17acb47ff2f8de9fbebf,0,366
750ab97631f33990fd4300f9,174,f1df12b74b34cbf710216dd5a23aba82c7e6529257c012bcae68e5f571e827e1,0,367
2fbb08c060580b7d98114c82,692,c424b89dba2ef2d65ab8ef27f411640d737661451017cad3b18a66c09c0657dc,0,368
e9036a56456de1db465a0231,907,e75da336c36600e1ca2b7fc88f03f21b0cfddbdff6129c6d7e69c869cc4ee60f,0,369
a06755d04a55c117352a9171,708,f0b73128f2c2240079725f2f0b5d73bfd0aa26b1d8cbeba940fa32c944cac7e4,0,370
1da320844d11a20e3f037f92,180,3e5ed1d344fd4dcbc044429c62ec5483797264d5ee62c464d13db6be1cbb3125,0,371
00c05b72d269fb5ae6468ec2,1455,2376befbfb9ee0369c6f8b66525d97ac7e3acf4a75027ed866bd91ca896ef4cc,0,372
e117425e6630bbf162085ee6,315,0bc83d365f02350880b9f874289cf18b397daf0ed2c23ab5fa1e2e658d6b74b7,0,373
ee59e1962c6c57e90b0486c7,683,fb8ac461caeb0241bef43bc22ee2ee4b1b05766ab1d8ce4a74fb756a9cfc19af,0,374
4e746b98ff67e3bb867919a6,426,d03789b80ea52f9a174ae967a900105720997bf6099ebb2066c1e33187cc7068,0,375
c86cef9baf2cd3f76bd38e70,654,c24faa07a643c70d4e572619ba1c5010c4203564da98f1d60b48f7ae8c7e4832,0,376
c075519a0862126954746af3,1245,9c64f0d81f613eb62d183fac27d35f993ac2186fd0d331bdad25c8cc8ce945dd,0,377
432be2249debebe211a300a1,415,518dc66255264f1453c3b75633165fe85f02d5dead17f0f2497e1c56a28c4bc5,0,378
0748fd94f21f8e9dcc5f4016,1415,490850147ca4b10157cf49dc7c7eff56eb867497291a13589fa0817405d5c587,0,379
75198d51575b51bd575cc58e,1382,474d9c46969c9575b2695395860bde173d1dbd7e7e611e6a0b50e2eb0081c9da,0,380
78952dcadec305a5d5b47661,696,194629d753f50a2b8854e364b540c86caa00ef4c45039bd46644c1c0fbb76728,0,381
e456b26b93b987bfe2a67e7f,1222,e828db582e9df9581fe97d81de27d31edb9b0aae066c7279050273b050ec821d,0,382
d392647f4cfd5dbc374f836d,637,186469c98e4492d22b80b06e1ee7edd44d292eeabdd195590407fac850d252b6,0,383
67d5b3284a9840a97094b973,158,c5f2c06da9268978e515d6a0109d7abc008cec627d9f68d322a13b2dbf41d7be,0,384
8ecc868c9f5a5e973a1589f0,734,1667ddd36162adfc6e9e3b0a11318d61ca131983a2c5f3f46b031f1dea450658,0,385
b97503313eded3d6abc1303b,366,8ab5c05c2b362470ebcef432a23f6d5defdabe156ab1b71e74c90b99e39c83ee,0,386
0e6ae0d245271c56fe385c3f,665,83dd352819849380a5a3fee7cad1e1442abcc5b42681c9812e0d1df1ce2648a3,0,387
b82f12b42053d4f043bf0a81,1372,f2ab3fc873652f1436b4a4e28ddf94371b9270ab7fda6eb74f7d648dd65c3254,0,388
bb2439b79df635dc668b0aeb,184,b80bdbdf7f0a1f8dc6bc32f4f0cfa0d28fdd922397cb430fed5f266ec8ea7f4b,0,389
bd2dcb4090f642bbf162cbbb,568,1ce4d538a4f3efaafcb0331b4fefe092c3e45ef60b4dd355d9784d205025ce89,0,390
fc43093704b44a07907d6005,221,47522f4cb1c6b51b55153c803beb820c4b8da678651177afa10d9a073a3c7825,0,391
cb16c0fcaa1410b0e92199f8,251,d17a3164248525d777d3dd319f138d9ed6dc82bc6bcd56a6e5ceb1ce14144429,0,392
a45fe34626c659d618062495,90,478c67914d6c0308eb2543d622f7ffef96991d4c18dd6922d35c01771573efb2,0,393
5b0bdaa36dbff4bda65423cd,1055,e7d858eee6e63451e1ed7b44a7c2c0068122c3eaceee9eb182cbbefc7b29d50a,0,394
fcb79cba01f1db611c806851,1306,c1f6c4b83dc3cdc7ce41fb0ab95c4e3d937ba037b8990c0425c6f5c9c22ef10f,0,395
af6c05729bc8868981f00a84,214,6a6ce03666374f2ad88e1f889386d42a934dc9ccbd0f9197d5554dcd6ad9f577,0,396
aa3d96335e6c29d6108cac2b,901,5c5190297b93889ca35d1902a5cd174be6eb8d4df52424b6ee7573072e26ce6c,0,397
5e8e2f155abcc4c8aec47170,679,9dfd00d0af0f03d6f62a8e69f61d49ed37f209bfad0e5a65649e7edab4b8985a,0,398
7afe40a71fa1a91d2f33cb6c,51,7577d548cbe625b692851c6bb038ac64728f22d07ab52c0bb8dde8c2d892b703,0,399
eb84b5ee1424b8e8ee311f61,773,94101f5ca5a27f29dd9217519a091bd779ebf5b531e602fc089c2be40cf9466d,0,400
b532152d93c698f49a076145,581,cfa38ff317d58b1a779decfb148795c40a2e9e8d3a32c18957a01a89e8d79633,0,401
f197480ffacab155f2171c46,579,f9bcc725bb76d158c8d5562d2d381c9034f81f21178438c73a102d3b4fccd4a4,0,402
e1f765e7bdbc059c33fb656e,1064,8ab81e66b5df692edc1b1deee5b7812647274c71111ee8b3ae1759ed25e9cdac,0,403
4b035b1e265202426acd5533,613,92c47861a4144dbec05601599199e8c712f94738275e5db8d2a95be88c932da8,0,404
73234109f8ef71a4fde5ede1,306,308b1ecc5af917b4a2b7c276f394fe8c5648c25405b2cb1a528090845042d3cb,0,405
e1de9be7f87020b2eb4fc358,1404,61fdb0da9cb8f2143ccf3b2aac89dd8d465e454da58710eafe9f61a19fe1498f,0,406
8a6e57c102d8fc16a63cf625,1018,f5d2a5b6b9754b73b300a664898556535b6fc112be49ba87f8d3129e1c30a2ca,0,407
15c8755fde65d5403b7a2fde,145,64d5075c69c705431ccf6ba8b7ed824598ff62b0ca776abc52df0d2fc5e90941,0,408
adab7c2d3fb99a34f8ab4b4e,365,4ddb7b1ffa26f6a35437ac8c09606512d8ccc6d57ce9619e256a41f43837ff7b,0,409
cd11bae1a2f562d930c1aa4a,880,cd2e474d5b4b0448a082595b7eda40d99308d1816369fe4878a87facb8267295,0,410
9df86c6494553036ea5db75e,1325,2e7e5f4eb7d4968ca75e6c63e6702adb874c78522c3fcf7cdbd9a314fba08d25,0,411
3dd14686cc41915110866e85,1132,38d422265d0a35b67cb10e5d394b52db08dd73c96e426396497791aa80e53d94,0,412
ce48412ca47e0d56990dc325,1299,b8dbdbe158068308a87417b8e7f9d854c508887302b29173106b0b9c123d8a89,0,413
21f9acebab3d792185f6f09a,719,2a913d6c21fead24c09e5a189867027032a5adb17037b38fac237fa22ce26347,0,414
c6873a6f60ac567099f783ee,1065,4f97f425edcce44f86e8417c7783115ab9374361fc9079d4491bba858bbd897f,0,415
e31e20b62114d78fe64d29c7,1014,c09e1ba72af3b246c00052e017b233d964371708f2caa1f55d45e1195c1adc8b,0,416
5d047b0a7635d3eeca5c2b19,119,3bb446faaae3ae6c72fd57c36fe36c8989c2e774b4336a85b053cf4161fd1aea,0,417
a2f872068a2f1129e7cafdd5,1017,bb58b0c9a1872316a36baad914931ea6927a8a8412b96e1364d283e4356f7106,0,418
0ba4e4dbeefe358ef602b0b1,363,205cf5af17f7d479b88dbeccf39644e4dfeabe9df3380dd3d6d2d1bd594a57d6,0,419
68705da6d4a1cd935714362b,1145,a07ce4f5f13f280192ea4b0f7b15b4306dcd398cc4d47d7b920f10bf8ebb10bd,0,420
d88e7ce1c90ecdacd7c3f7f8,334,a2b908082f084e70abf1a1208f1947a3b1348c8e9d32e97b1697acea20654663,0,421
4f68cc300d1a14ec5c973966,689,d0e20abe3fdcc849c73fa912d8b031dde997f249cf4357a59102a919177589f6,0,422
4ea1558b65a046cca670afb9,1015,6106bebf37d6aeec861099eebc3c44d449e11d333008b8ab811a5787e9f83784,0,423
42fd11ac8c11469be3b2f244,423,6a39887e0bd208b80366027cc7ab6c6dbafc1d1f233f45413c0bf18f0643ee86,0,424
dcf5a1aca760f5749be94f5d,128,e13ca14120c641d09b3bd75fa04d6f3cc91683d59c2bca8eb1c36da1d8c0630d,0,425
78acbd505800539fd78b71eb,513,c9bc671b27da45f873aa268efc90f9fc63dbf04bb1295d310d6e23071e70b1a2,0,426
a7098ad2c69dff7f4c37d488,694,3d8928764f1f8a9ea0ff37dc2f70fff5f8476b655ef3fc1d84ec1087cd343b1e,0,427
ced611f009e37d5bee28830f,562,ae47c81e3783550189be5252810777a8b878e33b675c12fc6f0b9ea055573e5c,0,428
99d34a4dae14612fad4e1de6,491,7f4a842ede6b32d03fcb76b163785e24b4ac7892eda3692c7d81c8720654dc2f,0,429
836f0f32d532e66f97b8e253,111,47c673b161742c01ccedd0ed715da3eb8a26c18f7644760bd2e8d4fa6a9036ff,0,430
3050fc8d3d3e1394b836b9f8,1198,5531829fca37098c141cf2cefbdd7ac82095d32e20e4aa5d7f8cd04a80b15ced,0,431
ddcacfeebdfb3ae37983cc8b,1114,18259ca90cd3f06947f0c268125693a88cc04b2b6b85520d498867e15adfecb7,0,432
c01e84364c5ef39ae1624850,199,3d6984714a32f254a80032fdfcff8923f65e52145c3a3f3afdb34008784214a1,0,433
2cae847f7502be1300c600a4,92,9fa921747f8443dd1ce88497954900db218de6700f5ac19bf6b1d0da2e6a7f4d,0,434
3781af69c664d64e30b40a2a,1234,51e5312785a8c4711f36845d81b394a9694a950228281507cc34f0e5daee8b57,0,435
fc63bd5941b20521f66e2420,1427,ee3abe1f10dfdeb7178e9a3908d370bfd77ed6ef93eba426b95c276d170decf8,0,436
9f4f0a1e0733fe6ed8e66f44,344,3f2ce73dcd3b94d0adfb456afa4ccbb4efe37e9bf745a468f66393276ba26259,0,437
2e797d30f256fe19f8b0fc0a,918,313b46f55a043bf756b55849be9294e0b1f6754e13f491e10ee4cbaa20e590c4,0,438
71f04f90c2872365102b2ec6,474,fbbdf3bf254536a855027a3b1818503c30b9526041363a51491d390ef0de61bb,0,439
5d8ba94a8a186bb9208a2cb9,307,90fe84854be34e8d502a6ef71899cdb5f672fae88461174930d21d8b8a51fe12,0,440
95406d4c209c5878debb0bb1,875,f41a4e348a971c1814f1059921e213e0388688c6022cce3877d17e5779620e39,0,441
d6961b73774aec7462d4d77e,509,d0e0d4343f36fd53b035df5bae862850a71872f36b1d13409b386feb6aac16f7,0,442
82c9b307c3f768ab6b7a8e01,1311,a21253d442e64a14843addea683d4eadfaf73e2744049eb0498ec168c9664e3f,0,443
634e4c08341378553f4e33d2,266,9a2f4b77dfd38c26854f61d4bbd93c5e4ea905d0bd2f4016d60f99d9b01df950,0,444
5d55e51d36f65ca6e3cf03b7,412,7725ea1d968def49aaccf515329537c1fc1b8a9cece9784bdee8d09b9f51c622,0,445
c9d652b6ae715f60faac62cc,1475,a9e1b10f2fd23ec66648a3e26a13a13283f87d4ad06d2f5db5c7568dce46d44c,0,446
8967d84a8759efa7e9d904ae,358,dd2e2c98d46cfa223ad6a22fb1c9d9fc2db8ada4ee7ada4dffb38c817ef61782,0,447
c4777cdf72c94000e4e24ec6,776,b9bc28d4ba93a296208b3614375096f5839f246cacd20f2e8ab0a3dea2bb6b1c,0,448
4e7719b79b959f221fd54d03,489,642788c00eb8cfe610ba36714b455d1193871222ad377e04d0a41a495a79283c,0,449
5d5bebf35f197e5f8965782f,821,e47d2800e36ad709218d0b468aa70f9d1a694b94643c60c7f2015a81448ecd0a,0,450
2a85bbbb8d16c8989eaa7835,1037,3bbe8584b085df9d950e063b24986c885db16f747f03ec346a49d746246ee474,0,451
4b5d1df700f41cba73976bbf,388,16591dbef12281160e60f2fde3a3826cf81548aca86f07d18f5a8405e6b69a1f,0,452
afd27b3ae7b802ee0610b99e,1316,29be86895ac82fec1b9be001b29526d7fb4f5ed7985ffc8e5f6b9647f84cb2b5,0,453
2162226a298c69805397e57d,37,dea7bea3ef97b5424a8959d37bc22a2778f1e1b24e671a49d6c2f901500d0df2,0,454
963a77695a429147f78da427,458,556822aa5704b92042f7cc6af4088e6e548728d7025f02993149487ae4edb0d8,0,455
60756276522d75a988f40c1c,1209,72ae65a5b6171f409e966eabba50b49ff376d2b4f1fbf5454e18b956dd025a26,0,456
bf0a3fc59ac77120529709fa,167,f0514638fd153dcbf411fcaea5a9a657a56004c9e69c739b4cc84b2d1592e7bd,0,457
7ac62ce9db95e38ec94f3b3c,620,ab55066e536a1d02233165278d9c471bf85eefe3bf25cd4f7e602ec556c3a5b2,0,458
e12bdb525ac17723cd1c00ec,530,927dff1f11956333f685b71049a79e5fd4825d6c4f286f7f9972c0238730fcdb,0,459
a1c0278606083b2c7e1eb2d2,745,044d1d7c01ac8090cf60323bf12e7f5bb6be74a01d694b7fcd5d155a9d1b593f,0,460
66ef7eafc847ad39a0a00c0c,956,07897d208e9d85e8e579747962c437bd8527bd2a734f2071a7a8b773f1fea7d5,0,461
152600e2ad7b8a1e14991f96,125,14acfb0453def28b50273cddc5aaef5db7fd1f0eaa7d11db1b4e94237dd1bc56,0,462
d96e5e93ddd604e7734d1d5e,825,63d04038ba50a54c45d3c1463df1a844fb915368518ddbd865566b955181ddae,0,463
6233b45723238dbb36e30188,294,d9b20eb3b4d43514df0063fbc6b171bdf4908930fe7624ba46dd4f109811a93f,0,464
e4b6ba8536beecfe4817f319,1462,557d32b13b753a3dc00dc758abc29039f8811152bf823143a95cb99bb35e2e9a,0,465
2c00f655dbecf7de705cb143,552,4c26d5ed22f9a5ec5039cfa861a72c856adf7fb8c1a9b59be66af8eef43939a4,0,466
6c505a67ec774a1f754c8051,1078,de760bf19aeb67656d72ced3fa1976fb4eb5ff258de1612ba5e8f847a84becee,0,467
02ceb1f8c61e1c8f2cf40028,289,51f01b2e54f51cbbd585a24094a7500c215434d9a87549f5090d409674989f78,0,468
d6ffc2cc580dab49d7d00f41,302,4fa7706e4aadb1125fc140abdbaf701bd922492fcbaf103b5b90cb06aabcfcd3,0,469
0859a66b58d8e39a3a651069,364,04bd46829a6c05f8aa05d3e4de73bad9793891d5eb0b05a8ddda80a96206233a,0,470
04be82e84b02b994788ea037,100,9d4247e3a9dcc790786e4e44bd897c8cb4e219806a25bb5aeaaf59885a065dea,0,471
2a244bde83906cf8296b43b8,1153,eafb2034f249f20559ecc46792d3f81e6648875d7d8821276f62954742d39304,0,472
d15fcd8ef250d16cb36f46dd,1013,098c0b5bb31e2a3fca07f33fb9c2b142acbfd081042d23abeade3568a3d1709a,0,473
263ddbc6cad4bec46722453d,1,99633c42dc32a4a16afca7db9ea5eee5fdc13f2759894da127cba960c038cf59,0,474
e8cf1e14f630f3dce07097a0,573,f1a66b3c870ad75003d0e1ce87ffc851bbc579e1240e8344682d5aa694cac219,0,475
46189cf3461c1219bdfd3924,1105,f7ab2297dcb9cf420985b4eeab421b6309911d75e61d8d3a184657e5db9b123b,0,476
8d97063100dc69e18597a2f4,408,54f200ebed2ea488380f8c454bb501128eb564885b5eef46fd937a88fbe6e784,0,477
83e22df3e73a30d3e73a7a35,1447,2624f32799ad6e37db41a4636ede43044c6ac813e69c767976df97bafd1df374,0,478
322c756da72b4e6c72b6d2f9,371,7801457ac3037444e2175eef8e4db5de419f5dd0a62da973347a584a488e00e5,0,479
7b322e00c61561c60fd73ba7,0,d6d40567b3cd4595dfe53ffa909582b5c35c22ffe1622e891035b108f3775d46,0,480
489211b916b0375b24af0952,452,26263e9b5f58ba0e5405daf716ab97fc7754a24feea951a400b10505909ab52f,0,481
d9c682837adda25141d0b53c,764,f9d7ec61cf6e7c66340aa693a1236e74496c69790fbcf9848dac19dcdea74aef,0,482
7173643bbb5a885e90fa4968,917,c30cfc05946ea7417555a72fa3e8153b28058556094f745f01e6ab5559e11001,0,483
ea72815fce5f6a8a26d21464,1271,dde67511a1f9d0572d51cdccf0c1bdcdd29243f3dec8b36e0788c6d84bd7596f,0,484
f25d3a43bb714feabdd68ea6,290,78bc31a2f6e5da940a3245a0a10174b41d74fbf7830ec72ecd6d0a4c3b78cfe3,0,485
00483a857805b94ee9b7c0c5,705,73954f07122780a6eeb2720eba72025acc8a07223f49948d02ca6bdaacefa548,0,486
c90765ce473c440ac1679a52,920,bb28d0f0c596db02e9c1027ec854aeab0cf4d4f1f8162be95645aaebae75fd73,0,487
390b998626fba7e65a483067,9,d45a66d3b8dfd0dc45415ec00f13734394429eabe2350497b2b66eb367651795,0,488
213f507e2d968dc482fb3cad,1071,676b2a6c68c3bd0bf22ac29bda083a981f9f87666cd6113db29cfa203b596b12,0,489
f4123606366532f521e68d16,308,f1d4554c9cbd5b4093d61bf1bf018b193441cf163f743b80b315e1162d1c3b3f,0,490
48391755bc4ed27e7af03d18,96,1b5618ff4ad36e77c5d26471ec02f4047f9e77a29cdb041bf3bf1ee926a91546,0,491
ca69a047c99c9a18f5b84bd0,544,01a695dfcbea200d5c89e453bcb741d50b790ee37e72ea617356ff9b0904be69,0,492
8e193a47167bc5cf8c6bac92,625,59f2827ee15b2de7d546494f831d783714c5376180e9befb3691ea120982266e,0,493
6468e650218d4959f0d03512,1072,d3cbba78514f30092de6465d99a30bcbd7f4165f76b1e699b9887b1ae6c24b5d,0,494
e19a7710fbe4cadb09c20b43,157,fb6be0af02dd734aa32817679392e39936608870ca2621aa1eacc1c4535a7550,0,495
dbf7f113d405484b806039f7,29,b48ad33a678dbc7a9e138fb70ab6876d2ae93408a1ceb0f39f98b090543178a5,0,496
9c56cb8108c7341636fecd27,427,476e65a648b65c8bbe944a2ed483802f5b02016529d2b53b05fa98103ee78085,0,497
574ae3c12d24d0242b61e8c8,1173,de322a275a1ac56e8a05f60bea8bb9ab7ddc32b454f29cc587b089c56907a3e2,0,498
ca137078400e7f9b61bd216d,430,822842e36a9b84c2ea15efaf1e95ae0fe913fff181d5f1082bb6ed631e5e6a37,0,499
30eb490f9c2c35c37f1c4b6a,648,e8f238af350ff76942211639c327c6c063ee1e62bcce35f453fe7fd416ddde55,0,500
ab646c9368582c94dccd2fe4,43,66a173a2e5943139749e9ed0e65333506c86ba9e12b058d10e9284a11f8d9afb,0,501
af52a3d7966d37301b28d83b,1458,f1721b69a813aab3f58ac72784a290d92a2d28e3c3e72c279862c7ef1fe86f66,0,502
48bd9663f4b3261af7d24501,155,e45b9124a1c42a614bd52088aab55f31fdd483afd6d475bb9f42bceae9388f41,0,503
ae63c023f9d388a07748dab6,1386,ff2f33b38fc1c3433229d71156288e07869ed7d87464dc8318cc179b1f0b5ebe,0,504
4885a637d798ee98e8628550,124,8a59f5108f6bdc6f51f8caf8345cf94a955afb45c82fddf350292168e8a9b97b,0,505
5c1c4283883b05a2245d5e78,1466,4569fd6fca89425d53fd4789b4754dcfdac4999e4b991b6b22c3010023086aed,0,506
1ec11b467709056416e6086d,1136,c26c1069fabf1e93d8154de8c27a8b7c983472d46683b211f6c2d53a6c49ec6b,0,507
5a64731bee394ae8ccfbd396,1144,dcc75d7a9027123016fc53ab600645f827a4f290073c39fd3e7de0b95c5a8992,0,508
9c1c5469c5e4268e9aec1d87,83,f28a89b479dce54d8fad3d1c0166540579199043d3bd96c35e0d061a8d6fba6e,0,509
130a89b67eca7a98ea23b89b,945,8dbac02a30700f5fcd7f080764863b83c49f742f5ace9904c1c613b39b683c2b,0,510
57cf3aa3df686fc50e369de1,771,6348bafe07e68e26e813e671557e0ef500893a59bc84334821bfa41972783669,0,511
a1e8d6034b0a18aa826e3b66,1214,375a9ece0b14bf890dd849f90059b6afe06c212ac93ea661df09fbd91b3483e6,0,512
f8a0bb480ba3acaf0f8fc607,781,1e1fb86a697e719054d43cb35e54bfd0d7c941380bc1627aef3cd4758f41d0c5,0,513
5cf51d4cf941589ee79402b7,1003,9966e413915c29d94d3fc07075db43c7f33c0843bce4a07ac4a9f632a456642b,0,514
514e7306a0f1988b5445b84a,1112,59af145ea53a45ff4c65ae536f1c178b3a7403f45dbe562402677c7304fadda5,0,515
1c6012fff618500bf14318c6,1047,11c98d4844bb2c9fec7df32939d64550b57add3bf70943a5d8ca46cdb09e5822,0,516
1d763f461c31f9f30a0f0ace,293,92da7caa9facbb3a7ddcde738cf7f34d09d69d578bb7c45a501f7275c3c7a87a,0,517
588f2d544564d0bcb27a5e69,1318,4e8716dc01c12069121d78e52bb4c506b77afec123fc9431366026206ce2e754,0,518
dcf1fffa22ae04f150bfa142,1418,bb2fb0db260eaec917312bca6acd71dd43c1c602ab060544b1820fa82d4cb8a8,0,519
4d6ad77081832eef6a65a0c1,943,9d2dfffefa04b306e345dcaed17026a02e39f5cf7ce3f8ebc5032be98e85a2e7,0,520
a98732fee57627d2be633229,1221,ba532fa2a63597f06158124c5f09a62bacb357a2e5e2eb7c1fb6aa9bee4d020b,0,521
31dee5e8929e4ec64f5a5a34,460,e23412d2aeeb4e8f7aac85dbe7ac0b4cf4bb982e30fa8f56f5c577db69e57602,0,522
bcf29a789c7373df76e1777a,587,34a3b54d69dc934be68b99d08da61c4110274e32c2636c9e2b1a54a6aaf45df9,0,523
8f1ab762ff7a9e972fae8b08,578,5f6ee96503e5f64ae8700b3a77fa2b93ad4671b7be791b0d2eb5e0b640f09b5a,0,524
81914fbfdc2dafb5eb366a49,599,51e1c94f2e7c65de28934f2a7dc3ba1060ef2f5c7e3701de286b3f680bc5b08c,0,525
90f52d955a60175e00ecfc22,1191,d69438ed048c13f643e495074ad23575a0fd0e8c4cf2b623e7ea1cb85f7d1a01,0,526
764caebb48fbff3c85025990,693,192ee307d8e4707c02d2a5d100d1cda7c418f2a4c6040b3b8b4d6bb162d3e328,0,527
1f9f8c343b980d116978e770,1205,4d3c7601a980311ecd4c0b2bc124c000e4bb187f8bf6a57a0c87a6a8d038e2f7,0,528
46a2df756a04640401b2d16c,999,dc87e981e4da4da96f9d22e210bbaaf638b5bc1601be37aa4b2463725f388452,0,529
a27f4677459c984c9e697805,117,a358e5ebfe5c3c3492ff8a3c7d0dd82869001544ca878bd1f1f977b0018af716,0,530
7f9249575b7a4e0626c97314,892,6ce277c530a95a6089e6e871604796fb72dffc535533a6efeff7125d5a445c82,0,531
b11db3ad93abd39d5437b9c9,992,5a05002102a5247ce24f45e6291033e6f7836a8c1a015f08c6b7e5ffc92822ab,0,532
ca97a69dfa5526a1b81e743f,597,d17bff023fb75a4910676e608f78951ee930dcb917703ac241f293f7a174e0d2,0,533
d5dc9de4c03defb4a83b1cb8,357,709cb536692afaee3d98d2eeb3afcde3b535698854b15ff3bb8098c88c32e7fb,0,534
9dd2740c24e7570c54dc86c4,1412,c5af1cc37dd0df2b23edd18da36a43c9cf58f4a2f43a6e786dcbb273539d0fcf,0,535
5d82e7a9a8ffe0f774946b1a,1392,0128ccb0aff017ccccd4cac29765de714b4dfea3638d4d1395904b40ebe7dfc5,0,536
d900aa1195da69e2ac8840fd,1075,dfe3dc89f3905026c22a7a02fa4299a81eb7ca00b4f0df5ed47ff329ed5572fa,0,537
bb5b797c6ac22a9ffb7998e1,1188,8f00990810615c1513c7416539430fb9bd0fc727ff3f6f7a4e89984a83d0abf6,0,538
c1040dc63b2a23ccf4eb646e,837,c7efbf77611a37b7748399e96428ee0dd356afddbe6dd266acb4c88f8d98e9a3,0,539
2ba2eb7bfb9a14dcec6c78bb,346,6df20091fe6aa7649f6078b45e2cb52289f4c22a7633397488357091436f078b,0,540
705da8edb90a500e6a7c0c36,847,3bfdbade568fa5e0e444aacf7c116f91a7f29ee292120ad5f0a08b77fc6cd681,0,541
65c812fdd89710be17e70f68,632,7b650a8c535418755ed9788a191caa05bbcbe142e707dfa07b40bbb3a0e8eef6,0,542
b0149f70da976affad05d4f5,741,cde968563e8e1a7be120b7b4917b703804daf7284426179f3b5898b16dbe8a31,0,543
a24986abb9ed53eb6aad8573,1192,5b8c70dc16594ba759557682dd0b73139066b7de868f67ba2825644cca1bb4d5,0,544
b67e4ba19eb23bdb77a601e9,510,5416b5a05d7a4d0695d92b419e8feab510335ffab909dc3e5c5484dab85a7426,0,545
0734c912c2eb9b18610c7956,659,31268b8029458ee69d094763e714f84dd04214d9a2ca9e65aed403ba5bf6301a,0,546
c1220745b4275438a22cb8e7,1167,9b9e52933b3ee0b7cd57422e18a1d495080d0f985786a8291f2b3e9f46e05e02,0,547
4c64eee5e83fdd8d46cff2f8,630,466ee6fe5f579a33a685147e624bfd30c8db23400706e6ce6515c7e6d142223a,0,548
fb45954801ba6c2132e65e58,101,9bcd7006a32c12913aebdd2617720c21ca1f0d39a9481fee8f651168083f13fc,0,549
9d38286092f5b7fd4f01b4fd,64,022fd2193cfc7c246978e387809e4023b54109100705a7b1a6b73d38852fbae2,0,550
58e02e5667c0621cedeade35,387,4679a87a674d8496db1054abba33c54a60b6337e3b6a5c86115899af4805f950,0,551
5b5601bf975aea4c247d6844,1158,62f59349a88d935f8f8fa546233676665d65af6c522dc008fd10d73e820abf40,0,552
af8f3f4f387177c4bd6deca1,989,9501c75d4a101e254d597951815494ac12c66aff3e11d1652775b6cc2d9fdf51,0,553
7e0a6e4cadd7016a952ab6b2,416,8778851081abe45e7aa2978c6ee6eb4d2cebe660099af54c2e06f2cf9f71c5e6,0,554
2d24cf9c1d92cf2733042787,326,8b7247b9c7577c403a6813710a41b14f6d8a1cbf8d0203f26de0ee6a698f7916,0,555
2956a46e6cec622a79d9b835,1057,9aef8d56ec67f04b4cd01017651228300759f3aca30697037ab91487b269254c,0,556
f62dc9a4a6a2ebee78dfb2a3,1273,e9d722c7683af56e433e4610d7d7841127047563db003ec7d88222b091d17016,0,557
7eb2ddcacb9dff22adfd4167,1211,942fdb7a501bc8d95608380c510f64b07a9f46fd1d82656ed0bbd632f5b46b99,0,558
fe5b7e1349231c35de7e4a1f,1034,88991cf35da8cfa15c0092dbd3d04b3f10dae6933c470c122a5dc450e52383e5,0,559
f7f0cc5e2914711c71b0b174,1324,2e5728856ee8fd88e2cb803f3e8dae6b680b499c1c35b39e99271fe831d62195,0,560
55522f497cbaa1842c37c723,103,07b1c5dbbbc78b8f783925eb3d139b71705d8751e3d98011223b88eb132cbd4c,0,561
1775d8c4c3b1a655f23569da,339,7c747c642e2b11c42a51843e0242360b04b4da1252f8372cdb2e40f7a5481a80,0,562
b589982c8cad52100fa10f61,1406,530ae805707dc10c43fc3f847ebb555aace312eb6cf07935d2ddbd1e6bf38f20,0,563
125cc7e6c7f816876c3e143b,1166,13a2f6797a4961ba7af01a42cdf2c6260c0121c0d912de051d1e793fd099da5c,0,564
db12b43c3bf623fcc5ad1052,1179,2d6108bd8caea11081cc94088aa70588aea0fb0e8c7c1ce0a9fcd45eb4c413e7,0,565
b4e685c8c25bf6da18b392cc,386,9e9da3da1e66b8eaffc3174313fbd462d6f35f90b67cfb4ad0f798dbfb34dc3b,0,566
759d3943daa7d8fce2b831b8,775,4992d58ec31e5b4762cb09cfa047a3c75a50950773bab392c45feb4156e716da,0,567
dc9f1eed7bd52b52b55e8fe8,661,9e9bce0481e71e1139c288a99e80a07f56c28fab46d384a2f3d4430760719ef1,0,568
0405e0da752b6addce7e3af9,1012,5e65744e4d18d3dad7569061691079a49569ecb9f71b0feae9c463402f130f64,0,569
228a96a3ccd3aa730149a62e,76,363a18ac82c723556efc78ba2ba438dc2eb72fa42e721a4e6ed7f0ceb3e26d74,0,570
c23e30eec742c4b8e5845a4c,497,47b887249703d4c903bd2fcc50201a09f6959c986002b7406f3b1ade29e412f2,0,571
166f2a67c15ae482da3b6e1b,1185,5dca263248ef149e82276aac2e9c16c239d3010b598a8ee4b8645afe3fab32cc,0,572
70f4508a8ce887d668596f3f,324,a0ee814121a35d5a7343cf404ba01a4480de8daa62ecd42b5e7227aa04f14bc2,0,573
e50d00861021382400d5639a,1127,6f32245af8035a1ffb5bc8bc07186bfa91e6ada7c1b53ee56cdc374f1e486e6a,0,574
52ff85985ade13f1f7a5e0b2,869,9b569dc5770b1cf1435158993ca692ffd84634cb54fa86396fc88330bb648382,0,575
263dd82764c8bd5a8466dc30,1284,d24597f711b30a3e21f6cf07cac16283aa31025aea1295fdcae11ee2ddcacd63,0,576
f3b8d5d0f0dbd9ee6f62b69b,936,4b30872fdb01fc56effc3b08a65f5d82fcf6b2433f5ec18678e64fd65c553a1f,0,577
45ed6258cec2a88fd1c8bf50,1483,dd150f5fedb11c30ab4909fbe6da7589251524c9953ad57b0b713d796ae0d2e7,0,578
839234588583d3ece9d42416,1203,7e49d3a44fff2db044de2be93136f74b81ea605edf4dff3809483df837cdff5f,0,579
2b60eb7bb5ac1e8f7f1fa038,1258,4f6609529419e10590c04c08e6a45a59c6635ad5c7181263034deeae717bbaaa,0,580
b96b9d70c97d668bd0701bbb,894,9d222c4b84a2595574a36398f25196c8820c821dccce70c18df6037f8f6b8568,0,581
e4d9c5e006d9802adcdffe87,148,d8de3cfae45a19ad70158e38308bd86d8ac48893eb5c39f76a8188a6b202b8aa,0,582
9e0f8c1a03479529e9535c43,1069,95a172c4e597a28f409ce124baf71fd7107ce52d6cd1578aa17a2e720b41fff5,0,583
d49aaf985d771e7a5983d9e5,287,c40237fdac0c61348013df499ac8583b9c28bd52362601114b2a8ef5e279531b,0,584
74dba6d11499c4ee6ccf78da,600,be44d26bd0715811d2cc9522e0f8a77330ed545c525245baf668c935b64299df,0,585
b5bdd366e3660c02c4293648,1169,57b68ee99e4b679a527354f953d8e3dd824d168e2e611644e323300532a4191b,0,586
2a02eac33fef6c0c263e540f,636,69de2087bf3c27c7d55d5a349654c39cc4f2d8a09c90084117b93fc0b7428206,0,587
ed6d81e43458f50f8c676940,780,8867ef3f1bcba19b9d9fe53edd3131d99e8fbab2c88f03e1ebecad2132a6101c,0,588
bc580d61d2751c7d5d095223,590,a89077e047e48fba8d815f2b4ad8347bc62a721f2bdca77198d0c59c70c62297,0,589
483e5af945b39a9fcfda450b,274,34bf6a9699169f0a2373eae2c5a037e1335a72cd9feae6e254bd3857e272fbd4,0,590
d0f5633bf796656e5eb2bbea,1224,75e0df6003fbece09eb898484c056ca05475094f2f13f23e83d57d3fe017d04f,0,591
2733b4c049596109227cb8b8,1151,b1d5ae17e229531da7a238053a15233c2cc228229bdebb99692826b37f580c4c,0,592
6b31b8a6e0ebe4e3a154ebda,8,39de8b222364e1e839bfbf0d1e816b8260b9fa419ef82d344479dfabec39f3df,0,593
344e6af928d5a050458aa9b0,1149,341d506360c8d46069c7ee37665a71a18dfa00ac914fec36be8d2ac4bfca39fa,0,594
6fb2a71bd0b3f61d50682510,1360,a87d51760dec78fa2b399b3691066a9ea9cc8a3977ecd332b71003f3fb3875cd,0,595
c64f5781fab5695d14d959a3,375,4f0420ed8b1fe528b2b313244f46e1bef19a9bc98f7a23efba95c38aa317a016,0,596
64a5644050a41c4b79ce10f2,855,83ae8c524401221ea1c2573d10e76ffd8d96a67c2272bb61a6ecbb68b879c259,0,597
f665da2c7fa7e8c343508e25,909,b37ad1bd38d53712583c2e87ba2d548060236e86565fdafe60b9032b89c8b7c7,0,598
9999f4d0a143bf3e408226fb,396,2d498684d27e3b1b9dc5b905c5d28c64efbfda96a52bff840d434c02eab75eee,0,599
61167ccf36c0a8609f80b149,256,799e5b2af43f50bbe9a3310d51bbcce91da83c31276ab5c23687778d1f8c6eee,0,600
5569232d626cf90702e15332,411,6e5809f9a01c1a2d8c0d51a1407e1cc852dad1558cdd79a3c8d8d09f45de47ad,0,601
84d4dc884fd179ca2eb9b987,1446,97b18ad0f57fb905a99f1ff8a3657a77161b9462304f174f1ea7c95fe21d260d,0,602
e5a5f76f9e6476709f611a6e,968,6d11f3825875baf1a97f32a0cefe38a3f4c6e08c6047240a2c375d5a16f3f224,0,603
8235f460bfdba7d2694c6182,284,86fafba0792f93c85c6595feaad73307e771b4402050486aa9bbdb66231ec413,0,604
3fd72d23713d2ba64b096a06,505,13266f91f4dd7281e892fe990f79484921496f361539722930cba53271e92172,0,605
cc7bbec66de3ee33948740e0,41,963c51ec4e0a443f6a2b252b85d1039bf4df2854c4e616a8a7f625046bc593a6,0,606
69b041ae4c1363fac39828eb,1378,005394c60cb3f8d6af76ed91aebf0ffbec7e0baf9ad60815af584adb4432fd9c,0,607
9bc9093d9744fc9b30248f91,900,bc539269663ce7c9dde2f526b2305c987deffba6e1613272d9c63d1cbcc53ea1,0,608
ec52ecd096aec2291a2b52d9,838,81a1baf7dd6f29cbc143afaae57297e342060674fcb7409384e90eca71c20667,0,609
24b65da54f4bcaa2408b9a0d,140,6895978652d4be6c7bd86587a13542d9fef1b2cde208e1a4b8cb4a758336ed59,0,610
f5955f54fdd604f404d15fd4,718,f47b2103bef3892f5279ff8e06fbfe1b8e474dd3368c4213790c17e6b11c701b,0,611
de87693c421c1975600afc75,774,41b256052f01cb7f28e0b96482a589426b4bd39a4c23971f48bdf4391d3f5c21,0,612
56c52151777b4fc27b381eda,126,5c64ac95e056348eab27c7f8f456fddcb687f3c9b53d5e58ff452d9987b2e6b7,0,613
a236f01fff5ab262d86236df,758,8176713986b26c22b96d05189f4aa3a470cd20a52774865646d38662d885cbdb,0,614
a9c2003444ea457f78233a3c,1082,7ab3ee4e8ba6055d434377a40bcd943d4f892fe6de8a451db85361f67697320e,0,615
76d107965c8d327f22cb67ca,272,7e9d6a12109ceb2f3edd57272d0b5559d80da70da3b7f934f6b9fccbbb9d34d8,0,616
08e9ca8b739794fbb7f2f1d7,153,84d9c966f4c15442111606f66034d6b690f4b6fd874740579f77db7405bbeaed,0,617
2ac4e7efa571f708f8196721,710,d3dc78aed13b90138487799643d9738315c9f2f072620755e664c53948edda3c,0,618
4bd48f01c3b950d9aa8ab58c,543,223069028ac4227c9dcfc59ef5ac415cdbd9e8d49b321f3eee22693402151a8a,0,619
09fd009faa238eb56e15b305,924,bbe76e57e8a2e852bb28475647557c4cef206df772f2f906ef79f6ee6ffc2055,0,620
ae5d1dea2a32dbb5b607f7a7,461,0407bd0be4fe305a2e7ccd4fc65f3fd2b305028c8630164d124605eddb951ad6,0,621
c146c81d0c89c52a172c2ebd,1419,16fa58d17823c10b564b02429a53f58bd7050a4397c3e93a120a6188a4c04e8c,0,622
079da9f66975392879873af9,687,3e6c39a12c2925c52ceb188d493fce2cef696815597dd32e081cbb06cbd63666,0,623
d8602b5e8b6a502d17f7a27b,1148,4d9d75f2fa25d4433bef307eaf7cd75349394c594170ac79500d022566bc6e93,0,624
8fe371c26a173eafc452c73d,1164,2595bc78e61f19f36da1052fa4fed1cd6171ca66268be3b8730d156a8fe5fa6c,0,625
cb400c7179f8bbc262dfe82d,614,f09ae1e2374943b9c0ecf422379febd1c6f0ca85695c285d860ff69c949b770f,0,626
ecebea8927d526a023fab0a9,1276,9af069044ef400a160b64fff87ef47e4e788503d08e26dd294de2bcb9bda78c3,0,627
9565a165608f03f357995b52,1029,692f7ca9faa49b06d2f9cef103e79945ef8bae9e1e67fff38f84b44806e7a7ad,0,628
495794e62037763930916b11,586,ec527cbbea47c90f02beffdea6c379a084004caa434cc8815b15722c43da999f,0,629
e0c15d1f3da7a9be1f5f6a7e,488,8de460ccd47f66cc76e29e38beb912f157f9e989b994881d261e5e2fe5faf7b4,0,630
26ccfdbc35fa681e40a4f82b,959,3c2f5def3e621fdcf7e59ca2917f58620cf61c1b3297fe1c982eca312ca0ad24,0,631
b4a9c30dc6ec86ba4660d49c,1063,95985ae759d7a46ce90c2e81b8a2db58d9f5511bc251c1d9de25486b27f7818a,0,632
41e7217b7531c84f2abf36b7,502,aacb34f0377fd803d72d1fd714ecebd62b8813529d6e273532eda2bd6e97f2a4,0,633
387a96b8770fcc4fab8c3fe2,584,9fb1fdc5950ede8df89d15d30326c3751cce53d3135d8e8ce780c80803607556,0,634
6e065c604348c6a9fafc001b,409,530fa2ae7f739982b9c7e7cf2e37115486eec5dfe623c91e4d43a89afca093de,0,635
de83497fd24054d1cbf11cbc,335,28ba0c772fd68cbcf07a90573a2a838e2f05b6b9107bc53eedf29800a8284c9e,0,636
7f6c57ba96398ba9f15c84f7,1230,262fde2afa520a14341f97d746a9c2772c89364ea7c77228b50c944e94be3729,0,637
54ffee46ea01054abdbc149a,1043,189edf3bffa4fd0e938818b51aeecab4a234b79a24d68bb270f998a6e52df254,0,638
607972dab5dc1d3206be23ee,1262,8a7a7772905247bda55e12307fb89a19fbd0c1c6c3358b62e1727800a6d87bee,0,639
c118a73a5d82df8c4a66fd06,196,1ba5024d0dbe2e8d1842e714bf2808b5e30c28436fc88ba1beef6002a0397d31,0,640
bfef416db2dd413f06822b2e,576,e1fa14e1e4218736073432cce90b58786fa8ea0ffb40bf98e22421ee56c24252,0,641
d28ae2e3f1531228d7afc1cc,1321,d74d53c6c041ecb6c9d3e48fda0ed2349820b781d337170a894b7de4c1051cd8,0,642
c2d39fc097ade40b6e7ca8f8,1468,1877e6938bfb00a4b611a8754c45edb8181d6f9c8107dee8a14b785fe7543467,0,643
2968f42c64671e5f710c52a9,593,b43fed7a2095724488d47b8acbd749dee16c8655e6e4f674863ad6ae69d09cb1,0,644
5ceec504206342e2f9ed9ce3,369,4af612d7d1b9ab428578918552195533967b62e4dcb3b3e2c2f91254e6653c95,0,645
8a65976c8677df7a38011c72,40,01d135d493794ed614659dd66a0b7c30affdf93d628f5981e2554c86834b55c8,0,646
1a6c83fe8b2ca32b90bfae03,785,a5c8f47b9038ad39c03bde496ce9e0d85f4bdf8f0a25208fe0a3df89d27c95e8,0,647
3b1951a585f870748ca96552,362,b97e53574d3b59cd1164aa79d5adc587a629e744d69b3a9f0f9dcafe4b27f3f3,0,648
8ee308b3d8d4ff6deebfd7d0,978,8b6c97305930a494f3045742175bb4c6365513492944f481ee8d109083191b08,0,649
c62f5fdf5e573195a169e6c1,231,d4553b728a5e7fcb7d1e0b4acce5688dc53da0f0c2c7fa9269af59e8da5d8f48,0,650
074795bcd6541b0b38bef5ec,275,ac2896ffbf11b4162e94fa07255a14d427c789778e13301d26387f138f9d414c,0,651
5dc3fabbf2fc09590796f6bf,137,234a4e8e57a482754a2f440b730a3b2a4afb8951d9d6b38858314a4ec5781205,0,652
471bc6832caaf0d3fdfb6012,624,4229bd4571e37f638f39c919ee92e1b57c472070adfe9aaf927d969a693a3fd3,0,653
55d0617ca098254876f83111,531,19c78eb8e9c8e8e37b8dcfb14793877dbcb5ff5ec0b5f7cd06b99b24c21fb335,0,654
5286ffd6717e89ee326063eb,1298,c91bb67188d961d62c0165aa90223d5c8ae2ab52c215a7243a92bd680a47c972,0,655
b099c12968d70e6f7f7d4136,413,cc052d0548998f73596603f656a07133b6ac0a8f718b550d7f5cf262f120d703,0,656
c9b2a67042450963997e17b5,1240,7497aae1361a29fcaafa53471f7cb47ced836d97998429bf5b6649ca7c351bbb,0,657
8834350ac199c12e6806f627,269,d9bdfef87c38f21fd4c8b1972ce2b01cea14f37f2d86325bebe3327714dde332,0,658
92905eadbf4526446e1d5c97,170,799b04a4ba6c3338db94595db2e9d0a730a6073fc15b95ce5f76ad1bd84bbbdb,0,659
a12a9c05845dcf65107f5362,1100,7d7c8fbb95065813a5b9d477c7c8e73f829d5afb1a45cb3850a58a43ef3fe8c0,0,660
548b3850afedd8145425241c,537,6ec4c774efd1d2102cd31a665a22c392f3c122f2ca67bcf6cba7ee69ba820493,0,661
fb5cdb971db88c9390992272,730,0fd7a11eb5c1fd34edc4b6b92693d01b92d389a2630ddd1cbc84886b7dbfa319,0,662
21329fdc11b72701224c6ad5,891,0e76098c35890861b8750248622019733d0a3f9245730d96e94221350f314145,0,663
8269aec6784f0d2aecb4e3e2,407,656e51d946981cd0778769327897cb49f961227392354cfb7df0fff08bf17bf8,0,664
6298ff89dc8af934551e3763,542,47362502bb84498781b98885d81528013a3f63c59276fb65406d71d2fc25925b,0,665
cbc58a30b0eb909d22035fdf,1011,7409f4884fe1d0616b2661649fe96fde70069dbf2a0294ce03093723dbe75d09,0,666
c89e4006622bbb1a6b706162,454,06310c2e5fd99dd3fcebd120a8bb6cd0ecb4ebb78ff22e7ae52b0eaf67622b6f,0,667
a4a1dd8ea95b9953762fcb90,952,ea195bcb2e113375aedaa9388e61fb84056a408fc30ebf5886a3f17552c5a8a5,0,668
86d2c5dcc90283374dd05e2e,314,71914ae08fce3312638dc4d15ec85b5371854d53c010b8ed6cb11e9a95c3508a,0,669
f30142276f14dfb81bfe029a,1046,3dc1aa64e8a877851327dea24adf1e86554378c055ff8f3cc7b40280e23e3045,0,670
664b7d28e6a74c2ee3d62ab0,1257,7c4142a0faf1645c5d9257f31b0e89462aab90030daec7d4609833540bfed082,0,671
b95bbc9f0466a9fde1106be3,778,741b75f05beb2e14aa557515880aff956708d1db6e0fb2527191457377709bc0,0,672
c7fcca7b70b5e7df9e237bbc,253,7fe999525f32702f52f0d44a7c44cee291b15027006ad7fc1bf520864d66adfb,0,673
72b871efbc973579c91be732,666,9255a8c654782b34cb3ebe4c1e2b75919ff4b4edd36c4c318b4219f4e6e5a958,0,674
c06ea2b7cfbbe932e7f5bebd,864,72f01b3389b43d1bf6fd79af3b50ae1aa50f52f99615f83b3a1d30ccc9864862,0,675
d30f59376b4b569324590dba,220,b2b9cd1a529e8fc0ec8eecfac55b88ee261bc6f53772b76cf1117ed8e2810424,0,676
eda4a5cc3159a0fa9f8e88d1,865,2f29f9817c4ed267a4a234ac7e34475c4d1288389d44d092ce27dd6c2f15ff33,0,677
c0bec2de12b86da6d0511482,135,e8075649c1c21d8a38b8bc6bb87dbaece9cd82bab2a4c8b1453c94e49b9f4ea6,0,678
5ffcb0742754ed219ed25094,410,a8f50187c8cfaec5a3a0786ca5516a1813708fd03d79a4e459030aa628d58b54,0,679
0077aab277657ffab2e18e34,1176,9b7949247dbc08211b99372377807acb70453f6cd9509d4e6ac9f3cab91e9ebb,0,680
3017d79142dc513870fad220,367,2c28e63bc77b9268c15b99e9d241de626f314471cee91f40534b8e00597695f3,0,681
e16d7bec03aabd24a56b649f,570,e27fdfd0387a9149eb27da8bcbb6839f5fbe66282ad503318db88073978473ef,0,682
d111c8fdcc057479b16c5a2f,419,214bf6c0e44b91fe4862233b1d25f095704fbc788aebac81c82a9aeddbacb7da,0,683
f0a6e62d8b9af24d79225e4e,629,149697d0020b5e28582b183822fb406367a613f2f3fcc6553e663fd35d3407f5,0,684
214dfd48c06f5c5a6c4ed0d4,1054,98a1dbcbba54cd4b0c389b1790afd977f8b1c0e6ba96b63636f8fcda559654db,0,685
ed062bb84174b7359bf714d9,499,8f5928c7df536897f387083f23365d84826d6af07cd20d2bc33b6787371f21ea,0,686
0fbcd3662193691bb6468ad1,425,9be872a777d23a9194618c829b0496418e374222f1cb32d5f19fa55454745df2,0,687
8b685d5ca19c89d55656c1d1,887,2e5958e4eb8778956b0470e610aee9ce494eec510ea8b11d4c1ee27c3707e6e7,0,688
5cd5c8186d4395e4ddab8e1d,333,d39244c775c4e871535552ff4bc86dfd4a8df49d405a1f36283a04889fcad708,0,689
79bbf5886ea0445eeb15f9d8,712,4a0dbf55ee9bf0d5c306971a6de680c3ccaca058f274a43d6d8e150149f93fdc,0,690
84c965192212213b15bd7a66,627,c51db37557c1133975898085a8deb6184aa623f4230daba40ad2c9a0b6cf2fc7,0,691
5e9b7d541d3f74f78b6a8133,1220,c4c21799831068c2cd05d37829aa29b716fbb6b69c835d296ced1de4bade7227,0,692
022c20214e8b5c0d1a8ee1ac,532,c014db89ca1b84f0a99eab332a6d9a2fe137638e7c10395eab3c6cbc0f207043,0,693
5ed4e877657dd079cceac4ce,1269,b86a568907d8292785c5ac9be231ee7502e750a2f7fbc85881e31be137a85f8a,0,694
84418d69ec29ba338c067077,856,1fed7e2be05a85948ab189a2f079381ce27f4be441d329e4b6bad134c5886142,0,695
f71c6a28d60553cd349ae3c8,759,ff9a82aa7b039df8e744fe4f5978234c5e856e65e2fff06af1d8ac11e6c67b36,0,696
d6b5cabe83524710a9ca61a5,169,69b583800e9e769a770d983fb9c28971566d575b6ec25089d331abfec958a5d4,0,697
43d6df9b0ae27055121c8103,382,141ee962a2d4131457925c4daefdd1662041d964f917086ba35ae311617989a7,0,698
db3c6430c3456784030b5743,641,c9bdf18b456c5c1221a168b57178ebd671d691f63ccc4c4b8297876170a70027,0,699
1073823952c51c90b760bf13,1395,be1db76f430bdaaac7874ca845079f669596e5376553eb7ffed95b5f3529f08c,0,700
ab799935694fad190801d107,234,73d5e5f34b421b5caf153ac05566592045e2361b6b3a315129e387e68a444108,0,701
c1713d6c828d3cf4c9bbc619,1421,b1d0568f6e5a462c099e7cac1796c7ee7d2863c46b9b80e28e456a47386228ff,0,702
d17d024cace37ac80e0b73b6,1027,4fb3af402759a8edc26f3efce20e1b89f5643610ea390ee11b716120a8a9454e,0,703
805057e1837cfacbf569a454,1108,8c30e66ded517a75bd69567c91ea458b0f91258b0ebf3f7ad17e83732adb7557,0,704
6ae8f42a4fe9147272aeaf9d,975,1b4b52b7f3af3c238c992524eb5af1098b68dc1ab27d3be34d526191fa28b2c3,0,705
b7a76596b1ecdd7c200c6012,496,f5e2ee73c6075a87d5eea32b6fa3c4a8f0429be80cf777cc4ed745a2872b7f13,0,706
90ac8266d3c25bd7c5736b25,178,8ea121021b642dbef8c8ce42e1e26a6bcfcbbcc4772bebc9d453c21444c53047,0,707
3f230a281431e87850fd0e2b,1073,cab3c457e773394b9e5d92abf1abf88f32296b7b0c413bfdbf860f241ae7ebb6,0,708
a65bf3875f8db4ceb996a553,268,574727d7442104d1250ecece3ab3274bd13268101d85a5e6843bd15071d60cf1,0,709
1174d46b0e10a1b0f72d1122,336,c3cd582156486ccaa73e9cea0ba0e5010668058dd332454422d3fd1fb62d01c2,0,710
67dc70bac09e1e623805d9db,378,17e728f4fe41c3da27743b01189a24077f2306ad0f839d55296dffa4aadcc8eb,0,711
8bdf355d62f969a45a433878,1119,3ead03d9ba5f55507cc52ec50bea482868a8349e4d601bd2d6f15ec30e4df31f,0,712
eeb31123bbd49b1b56329b52,1408,fb73a4cc0090f325b5e37a70c7869bd2f28d96e134f11ef1aeb5950dd8092916,0,713
ad40f07601363b08ef2cd54d,298,0db53a930210dfd739091c6df2fd50ceff7166cab51c8f9be1290af690e711e5,0,714
f4a6c9ebf0b20a406bf58e77,1448,12920a2f6e654381c5d35733e165f090ac33d643a074997bc7aa24e120c6650a,0,715
d24ddfbe6f1c75e0326eda21,594,aadd6dcf924d9d3581e940a944ef25c5fc635b50f687196510e6accb318eee58,0,716
abd376f96f8723fc456e9776,656,0778c789c9e8bb6ab79aa4908c9fc6051a2c182e8260cbdb310b698167acd005,0,717
c34a9b8c673a768e27c64ebe,732,16eee4104c97bc6ead1bc3321164b028213acf54b7cf4fd86d1f6c0f6cf06ec5,0,718
1548ee087c73f156ca769926,1345,aa48bb64355f1cc8e728952161099ebff339f320dfe62fa6b8830eb802be8973,0,719
13dcad64d5d130504fcf2e3d,328,63012bb9398057d44801137813388e86d92de27306557d2e1cef0f49b244c641,0,720
1269aba898b00236f8c276b3,535,bd37c061bf10306c5fb7af51ba5291aebb0961bb649652454b90af161cb5f8c3,0,721
84d6091e8745fd43ae51ae50,1350,a2b21e09333df6c8a5f2b457c3c729aadcf45caa782be72d91df73a8f2c50caf,0,722
a331a7f3733b5a5b9534ae12,1449,b141c27e57ef097ac6498bc630929dc1477a0e6fc984a6b6bb553adbfb80d2b6,0,723
1989bb8897c142b6767cd327,436,60e530734701394bfd153430278d1c1ce5a46c9f69871a108f97b176a87e1852,0,724
5f7d7d5be0f9d395e28b76dc,91,412b640f882b004b87abda37b725be85ae086e697d615f6d323bac7023f8572c,0,725
0cb22e3e79be2ba6c8a1e13b,53,2f1541ec2c26231c876f164bc8ec5d44bd0cbf74143b6b1785ea850b7e869cd5,0,726
ce2ffd6a2f3c52a46d40aed8,493,c5b044de2562701de85bdab140bf30acd6377a27e0a87b7949bfc90fb22cdacd,0,727
2e184547b4a8a600c953a88c,890,6040ca85f15c07763468b81f3e81ea249371c5d81094f2a5daddd975666bf38b,0,728
8a9385a85fde2f90276f21e6,817,9a7a39bb4c848420265986100f0597a54ea145b5ccb73abe8f0fc2c4d505b2da,0,729
c11984b181044a3ee36683ac,888,8a29ee8d53d25e653ea49ada181559f7e1e2e19326776dec33130fc00e25df78,0,730
b420e4ea56ab0b08b81b2968,1426,1220f0dda2bbc2dd9b560f11b7531cc3c577ac909d67838e9a4d0bfc1d2614f0,0,731
348482c2bead13a2dd194c9a,1410,164f7e9d142e9170ac27096d989abef137e9630bdd335e2478097967a035d5e9,0,732
ff21a3e5be411cdc95875d1b,1086,5204dd4a5b794fe6be8d68474e14ea7e9aa09830d17e2056a891cbe07e26972c,0,733
5b632af0dec7639f9500f637,948,3f1d75abaf3aa660161396c622f125dfba94a2e6fe756facaa321b64e26c8660,0,734
02a5bc9f5a63b5cb4a2eb662,482,48ad739c28cf5e026bf3935ee9dbff0dc74583539f3451689ad8b120465a0191,0,735
19d7b28ab02a32571fc38b43,1484,20295d46c323b90b91aea3cf2e0687ed1d00601261796f8d46b448e27074d30e,0,736
6733e3a46144e7651d8b7c3e,1317,279435d492d03d594d5fbc2409da96a1d83cb4f0df95375e551568267f78aaf4,0,737
aa2a438021a7c7999378c0c1,1479,1ef514db73f345a5e0e8502ce9c35ec540439d63c9ebe58d5f18764199ae1fa8,0,738
12c28695aa6774b073d5f0b4,87,de40d9e7531f8fef1cc2cc6c2fb877b0930fb18ff1404129d50e221ac00b0a60,0,739
b028d532d7d5515a40f47fc1,1303,df0451b414b637aff50a7aa4047a841ce9ed4aa1826e242219cae16076a29000,0,740
4eb78f876e435e491829d6f7,1342,bca61139f9b661a5c9cbb2f2f86d0c216ebbcc5fde999cf4fd1d94a4f517d700,0,741
ad14a880921dd954d7e4d68a,241,fdf2584981d5733bb303baea2c877cc0548685df280cf703ac44426bd64424ec,0,742
0b30d6345aa2d4b32576fae0,443,893ec5042a49450c3b7b8d18845b66a92ce8d416bc42eafe8a9f936392ffe14f,0,743
550c344ea8fc90a30c80b15c,1256,3d1d04c96eb5d18fbcd3533e065c3008c09c2b6d663d2a9dc8d7fa513a3e0d94,0,744
1ec28299cfe4469656968379,149,76c13491e63311d9184f8df90329cf84ce6809850073d57bb9da1223df34c5cb,0,745
308fca98c5ae428af9348bb1,762,609ca4e447f3d3da2cbd7eb376ee9728844e606b76bde9aa8d9b0415cf1f15cf,0,746
5be4c2f2d24180bf9c7b7d3d,958,89d83b4024023d7e6be5619fc0dba2a1dd5637af1b3e9824415990238d5d2b3f,0,747
60ef55cafd1c7f87d471a021,609,2159ab761246c005be60af06b703c2030e53b534489c6b43ccf0bddd9da1eb0d,0,748
13f53c1ebac8f543283e79e0,104,4de116a6d0e78f51ab634ce8630e3da2ae8375129f4f3b4d039cc35ef5dba355,0,749
42c3cb90676bd21a5f9cb42e,974,fdb8ad95516396d73b5b5ff49f54b6f455e6c99c8c4bedf9b122324ca802eaa5,0,750
c0716ea639b0be36904ae353,394,e235c300493f8f2535a074e4e58516cc7ce45fd5f9d53e62805cf203702e550a,0,751
e4435f2fb3e00467e0f7284b,44,8feb61733bbe80727df8027e25d094e03b61f3fc922061fe41ef3077525fff1d,0,752
722e60e22b75b88b3e2646b9,1377,c76220ab8ed90e5a443fdc72c1567846f9ac65f04d8d8b0a5e4e5a554a0773d7,0,753
dc574b1d0a934681baa4194f,1246,055bed01bc6c355df9c51f1eee0589ccd55749c64c947eed2ec7c243953b14e5,0,754
0ef960b599d0a39c14b2cb20,944,f45665164f942380aa44a8f4a89399b14f1361a1d9d32cbce78754f913094854,0,755
23e408d695aacac451d3ae45,1139,3d537970c80ba336f2321c62f03c56ae139cb45fb8a871cb32b6c31ec1a4b753,0,756
21e2e3e803a3d5b82c90af18,406,36fd00dc7664630bad74113bcc0446ed01fbf831819c552a6bc9ef00b8d2aaf7,0,757
b0c2915938e303d8af3c26b1,46,6cfb58c117147477c5845432d13ec8a1dfb138498f3a67abf43c5ea81a57099a,0,758
48ba2967f68a9bde558732b6,280,130d68378257bee7f6dadf46a9d3229bc8e771f76175ba4342a399d9cdf47042,0,759
9799e7a19bbafb79404b7449,725,ef35354a5bd73f892c76658e819c7594ef44b9e0431d2ef62c9ef1c652ca289d,0,760
26338d58b4d5e7708d5ed410,1337,72f5ee0eb00c2362d3324dd865a786dd53c08ebc488d57ed0eea0e9854c402db,0,761
e4ca093bb1c2a478047884a5,418,21464fddced6731f0bbdbc10b863ad7f71c37b0704e219c0888cb53490441c4a,0,762
6829d42c8952157696bc2f93,58,7d24c515e518bf2b4c17108300086eb7d22310b26d7f30ef71397af16ca2ee68,0,763
83862ea9e57641ca1d21b55b,163,9601abdc490fa56b54990df65613e347a593054941a200c7621aea725c9100dc,0,764
4052dbb173a47ca208f5e5a5,976,c4af77c941b22773d42c1cb1fb2872d9628343bf166c208353c5a5dcb4189624,0,765
ab05c6597ccc8a533eb7bcdf,203,ff499a73cfba665c71b11ce2c9306356c99b1542723b5b3edaa2071dbf909159,0,766
7c5b786bd42e8a7c3db1fd87,457,0994a9357887bb502c0c00acb6488fffaa87b2aa42f4bd4fe5abd4efb9770fcd,0,767
7814ddc613d4d216fe0e38a2,332,e116dd789c0bc24c8ebb300e70bdd5ea2e9961bb18604cfec357fa7899c87921,0,768
dc05f6d59ac8e4b4a497278c,185,1b706d3f594de8d96a404c7c06b6fffeb46918fc37d59893628dad99cf9fcb14,0,769
56bfd66898d5c635082baf9e,1364,e5c98dd269e5212a049cc1cf0edf2d8c053782d4919e95497e38ddacc0295333,0,770
2232a2946c2fab3a2e42f1f5,853,d30b4c43231ce1843b9c9af5838c3a50677085e66b58250bd1ce41f86ed052ff,0,771
ef4d3ca3b3f6f70bb8bc8cf9,868,9a069c1aa177b3e0c2bb8290fe0a0378b425866816647e0823cd8d964417e718,0,772
6ad5d1813da28157e27d5b04,432,f31a86b7e76c42b42e8bff70d1a878f84eb6a15b821bd2d33567e2116f944878,0,773
edec366e6bf04bb340b7e697,31,ca8da296e7948edcaf5a2607ee1d359f3c67c58a598cd058be789d1b2206bc0e,0,774
d6619753c66691d4ede0bd7a,299,40e8c9a6332ce529f19c0d45bdf75e23396b9df4a05b46120be7737d7a626f33,0,775
5fe5ea591b04608e17506b81,259,ba86ad9a072cf73735a53480dccbf3c320d12e4e833afaf66e86576d2f68691a,0,776
54bbeeca93d2e2d8d71f80d3,181,dbcdc9459653b0832f202575d64fd8c57c9b4eb94d8bbbb78975d7251e8f4f54,0,777
a3e1c529e4555dcc7f1b956b,827,f568d3f89dd37e9e3499c0048b8f73d9f83efe49b3813b83f47739a9a033fbce,0,778
a094373303712261893e3f85,1429,2e6395657b89cccd27f97b05068af8ed6d0981bb324a08c21585ab05e2d5b573,0,779
6d74b778ddedf3901b309dae,448,114b8646ac97535e5b376bdb4f5c234fddd9e8907a54b5df4a1541f66618911b,0,780
9d575d5df6bc89b2da03bd52,877,0439d58fe9ae3f08042621bb802ec932c82104699c08530a52736fcecfc647c6,0,781
b62a11a98b660ed971a8c161,797,9f90dadcff8cfdf27777cc046a2e2e2dcda8db13af844cb11aeb3d97418b65ac,0,782
ef121370ff1d754e0aa1fa81,874,f2e7473f6272e7fa6fd5417044f9e3fbfedc4dc0090610cfb774ae570e201765,0,783
eb6cea3f5b8e89dc07f1d472,611,14930f64e579e480bb032c23077323dd59145381b8d60825876fe703625bb60e,0,784
5390f098769e6d0b5497531b,238,b94a473a7d048e24c8f39e3a797d08d3d6fdcbd79b508db5569f1d41b6afbde2,0,785
ff0f1d25029a6160efb5cab3,213,28bea841f2bd7a159e95634b041b65a93601ef741a0273bcbb94200dff15dd01,0,786
05a4726092420abcfa20a479,858,b42ddea573750fa4dfca9027d1e40dc6d62dbe0fa6a6610a6b20e2968640974e,0,787
af70c808644a1d4b948faf8e,271,f8b74f1abfee602c3a62887c8698294f8e0514f43f590570bcdaacfa72d25272,0,788
1fe7e6bae40e783f2c96d947,472,e0abc4258d00090352329674fef11a78f03c911237a35bc5f564d85955e558be,0,789
e9605733a754bbe9ea141676,925,e8c1a7804e7a26f8c102448bd828e7221d2beaf0e2c8408c6f4bf58e485aee4c,0,790
db7ee9621a653f22c897c275,399,a0d97c86914a926b8a523ed4e16f9df4b36d17539832f57058b49e337c827a30,0,791
7cbc6b14ce06297961fb6229,1050,2e03fab5be6931fc6cebc364ad8f6a9e9c2ba941173ffc2ca73617b7ae78e2da,0,792
950d1a1750423dc3766770a5,1326,6ebf223741172bc3ff705534deaa12c062770e77d8efa117e934e6a02cd2909a,0,793
f298915e4611927c3d7bf719,479,cd9d46a918570d18ec026962f7fc9401cba1abb571c1dc21c86b4b2689ebac5d,0,794
723f382c2bfee73b46c197ba,129,908a77deb36adb114299256589803c85f8633321cf6ad840b627204441b178d5,0,795
5097dba7bd780c8158b3dca9,2,e3f4dcde358d347a71b3ea796de95ff7f2bca96dcb215ebd50958d0952170139,0,796
e66f2047858ccbcfcd38c5e4,867,1d3195c22a24b7d8d2666a8e503c108d8f799cf9cf5fd14cdd45a59e65e4e465,0,797
4c0f746a0231fda10b8296ce,229,7bb4d4da49201ff3af9f15cebcde99de9c124bcd28a77dcec67800d1aa362f6f,0,798
ff80f48a88c6890fc96856b7,638,1344deb9c40cc630465d6bba564d23ee80e4ffaa23667f9461af3a41142ca3be,0,799
f25cfab6cb67ebf258b4f6a6,982,0237c0a6425cd61b7656d28fd7a9854b37eab61d7ae0cc6044beb8a64322970b,0,800
1e26c065dffc99430fa76b03,617,ea7e03fceb8a933dfbad0abb73677ededded8d0ff436b69e827654827a57ec07,0,801
7b05df0c4b0e073319be57d4,342,550c91e9b046f911165f11aaeb4bb47c7e66afecbaf5c8c73b72cfff853320e2,0,802
1fc33685fa1e92d12ce2e021,664,94a98af064672a3be563fc7859eaf8901e1a95e29e44e3e927ad077a1ce701c8,0,803
8112da8d9dfa5a4d36b82278,940,683313b55d1b5b54ed17025890e966db36f3b674b81c5bbe15b2aff621de8670,0,804
67fdc793dfbf42ea407dadb1,52,d5bf03c219ab25d3ecb29879639cbb550e468334ad6ec4f43d8c013bc8ea29d9,0,805
6868b7beba33ad88e2c46ad0,929,4e6b840c8cceb39d912875ec255eed28ded32251bbe89904e0b4484a3bd7d6c7,0,806
b9e59f78ce613feae0e4b6cb,1286,d3dcf09271f70ef15afdf1da73a7b1e3d13943f72528d6fd9c72da3d17fda958,0,807
37a05fcec9ef43c1b93285a2,164,6738e6e071401f79fee8fc6f624245ccf57792ac7a8538d1bc81450529807cf8,0,808
776c739891d6bd03c1e59c25,122,67f2a5da95dbd227d9dd00691dfbf25dc745b7bd50c23e561a1fcf956d436c82,0,809
8d927f5f6b6140cf5581a83a,1469,3da04193b00adce4e2decc745fdad08c54ed0bb6d5f02ba70e02ae5ba5caabe2,0,810
7f85373484cbf7771f732da0,971,6f267f6fc2bb1c2e750aad8ff2e2bcbd30042510cc533bbf81dbbed1827d06c3,0,811
adcd75f34ebf91c70bb5ba58,1296,d7405f40c01b18e747f2be4873b005dccd917619c25ac154e22c942a3e09356a,0,812
dbec5145e54d88ec976f08d9,783,3effa0d03dda98b841e585911114e657cdbce3acdb20f157fdca573b42acf438,0,813
7509d2b9578a65290b1a37c4,1432,4e4ecb5ec5517c4c6053d8659d32a0959e3df97097060104829256ad2e3dbd6f,0,814
636f7f6310cbfac9c4f98965,54,684eb7a85ab02ce0e69e3abc791db3ce725ba83015c7485c00fcf9350f4fd1aa,0,815
967833bd6c2588431bb8a07a,743,9ace793ad086bb1c48ec6a281de91335dfe6f8f7f289399b0e3469eb335b8598,0,816
4b3f235366daef0eae30ab91,1465,834a635b0d7c6b0ce253b55a64d589c237cebd5cc693a405320bdc70a088f7b6,0,817
e79a865fadd80cc7e55ab43a,1033,77dbf3f9019e875a4a9cbc213ebf36aafe86f8cfdf3b8b0c935fdfe145f4c721,0,818
475f24d8a85651a8ef1c09fa,1223,04ef4f5e6f11698c0697037257c7c05864c05b4c065058c3dffa3620d716ade2,0,819
75484ba476e145fbbbadf55b,1212,088df60c38549d3c2afa12c8dd7b8f5443704ac65e7391314ac080bc89fdd273,0,820
7cbe0b680f1c426d1468bb88,1376,9c90632bd39cada3794732e60220e9edc09c181d2629fae8a262c3e26b652f15,0,821
13d67c6adfa2b41e14112f1a,1253,f298ef6f515fef32e1730ac841921523e6846b2ff36e109eba43415b9d69a2f1,0,822
67b42cb3b57a08dc60abbd65,85,64e3bb600bc28f8fa46bdca8bf4e80632cf4552e7d5b99757d05bf380a103ab3,0,823
3d205c66b570c31d167ed487,726,df128cf897030a52c49f7e41a71fb116b7c2f95775752c79fa625180ee19fcb8,0,824
049509f126930e63bbbed584,1423,b0aa24d1a7def5ec4736dacaaeae9f7cfab874d92da48db88f56176e16014700,0,825
0c22b48fd5861723d7c24ef1,1225,ac7ec3895ab067bec49eae37faccdacfac49503834b9fa64d8a06edb4b58c2a0,0,826
3246b15542e113d3778c452a,1216,cb41c686b8b6cba4f214b918ea4a972cecfe05bd633fe40cf1e35bc20a9da1ed,0,827
c4db0e43ef62e2785cead350,675,de0d0869cbd4391eae2d923fff7147b5c582328ba1d5fba18882729524c64033,0,828
9cb7779a313edcb9b9c9f5ac,799,2fa007711c5f594d88d0df58d68b567398a76bbef5fb07e0dda01fd2620d1ebb,0,829
e74ec1b386507010ccb683f9,729,539209172e1931855c5bffb5cbbc6783e498091fb074e2ef81cef6d02012ea65,0,830
bf65846828f9818ab890edd3,737,85876a755e41ada7a6aac5d0bbabc228fcd961a350899773608795a399819dbf,0,831
53a364da44db9398d79e410f,319,22f6a4a7270bf91133a4883358a5151e70c2b2431eafde77aea71ff004cf891e,0,832
afeb0631c5dde88e7f86d071,567,950a8981d82a2108a11b94d9fb394e811ee37d9a4823182c794690f4c73b81f2,0,833
3f1e377326a5ca6a2e668178,480,cc1eb6d7053ee6fb760c4da587d58b14cefd7c4bb9b13d40dd4dcc89ec2658e7,0,834
a3248edbe47f8ab61a727847,904,bcaa392ae5666bb2278be4350788cb468c12f7bc8635fb1235464303384442f7,0,835
eeae34aced5e51b04a381087,1233,d2012eade6e7ee8f9b1dcce69eca7a03c56aff83ebb262359b4c166d2013d6e6,0,836
ece572b9d210a0356f672d56,772,45c85b9ff3ef79b18fcb9166380e0dbe11e85a49679e97bd4c86c0024a6f610c,0,837
6997349cd3fc04b4cee60e2b,105,f6b9eb5144ed05c3a83b55ef9577c34c0abffd2a8409f8337728e1a06fa3507d,0,838
e855bc1030d543e2da043213,964,f2ad2dde77597d33a548796121ad522033ea618cc5f1111a9c362a5889274d8f,0,839
3e50955e39ace634031ff26b,207,2bca763451c5a33951f2d7f2dd237865f3fc7b447cad96143ebf42dfbabbf717,0,840
95dc756bfc17db7221acdeef,1451,382bc49ed31653c060aa93c6345d1ef9e48aa7c17309e3129f4835ab2d5d4c80,0,841
06da2a19b9596ab252860b4f,356,8d6d34e1189b7bb4c4cae4c559588e1c36de2fd2ab33c535ccd278992c3695d1,0,842
793a0fb4b91c5ad786af5800,1200,db5217f28e136cc615cc08a443c420ac1a5e6f4e165bc02d3f46f38be4a2102b,0,843
b903da160a20c07e53819488,740,75b2a614767ff18a88301f58639162666398a5a7671142c8d2124cb4e5b67a65,0,844
af0d7191201d14fe18a2fd82,672,01f628f1589417b42188b5a0f281b7a8c7b2f1dfc3317ea39cd9d20245f37a9e,0,845
93826d8c1676bc1d34ef179e,475,193c895d44208e54bc35eed2fd7577006f296a3ba2f5cadabb9ae52de555c5d7,0,846
5d395c2dfaf24cb1af25ea1f,377,ca30f9d29865590cd37b72e2810da55a240091a100853382b3f7a0f45ed139fa,0,847
25de854ece7ecac27de34127,1393,3eb1a600e57e716b00a7fad70ad55234ff3900a4791ce995818a294819619030,0,848
a04a1b65e8a2e9e1c6a57e9c,445,9d13957961b8d3d50fbb6e83a74a4ea2ff338fff9d9da530ee12c0434d0b9ae4,0,849
cad1e7b8e68b69b62ee7e1a5,219,cc058a6a3e83681ce57a9808a35e6e7f1de6a46e4e1ff1f8dd1ac2a66177764f,0,850
48c3001003764781a726f40f,351,f9ac3f7fe487c206832ed90d5b54c54bc8fcf75861638ca29d69b2e1879e5ab8,0,851
0c24d1ded4d49f86c376a496,670,8ebe2a2ba43571857c130da264bcbbf3b5b33bb8844d3e3fe2a99c9d8e84ae3c,0,852
4723d9ed5bf8c9e7662ce7c1,1116,c3a1edf5dfc5ebf7155e3252590f02e34da309134a66c55457dbe8e105cf0a33,0,853
b9666e92e353f3828a93436a,1293,946e0a44d5b3c7ddd04a5978d0508f28e91931fbbefab2c4720de5a240c30bd2,0,854
04be86dcdd3dd95396184d08,1019,d3dc62daa96175396defcce0ec3807cfd3f14619f1bc4e51ca358de7b690d385,0,855
cf3f351d2ff8f9c7ee7be089,485,5ba44dfb90dc0982afc153ba7bbeb65e30bbc41aaf1127d6d6f055a605691389,0,856
a712729249a04ab11f0be148,1348,fc45de3393759bd3e1a44cfda532cddd489e3df1b489db409311f524c16d83e4,0,857
56d9382c7ff3af3bf6497af5,372,56c86686c328997c4dcf21dfc1af9c908c2bc4e764b9773a67bcb7c43bf817ae,0,858
b3e7915591e9e472652e0bdb,1237,8dc5c59d7dac345a3c20b5f63f79f306efcaf706ccc82046da9547c6caa2e25f,0,859
72d5794a4ae1df63ccc2c2bd,1310,3921123976bc903498603af7c11384f2cbf5699d7ebfa3cb1fb2c752344f4591,0,860
25a5ea8ec69f4111d3a5c0d3,1281,31adbca978c62cec674d2c4b96e192fc141eb177df6a393d4fbcff8a481daf67,0,861
0a313fff503c9f2b1c31659a,955,5b89dcfaffa6b66a71e1b764454d126f577663e6d39e6ebbcf7e92edcf6f4d68,0,862
d9ef1cd8f52f17c55d1f2666,930,4c991d561d5c70cbd49527261fced8c65d3697d87acaa7647f0f8de511ee3249,0,863
719739f56a9d9b2d010f84d7,88,528792b61b3741fa51091e1fb6c99ccc522aecc6f223581d97f8ea8b438cea27,0,864
8c5eaad37184c653e39d4f6a,618,cc56156582d2b617ad6ef3650724aa30b5d1413a672bf9e49d3f4b00cd02bc1a,0,865
5db21de0922b451cac396543,42,bf344b082c71d68729dc0643e724a3f088a8db3065ff7081741b0e49d4f2ed3e,0,866
b6fd565bca62470984fe337d,233,6c6f233d7a0acee10a8f827554e4ba87b0994b5187b12d3657297944dbc55a45,0,867
ea0ec5e851ea492db33fa128,156,ae0913105607b300a0baacf9e346f4c066136f7eef79d79ea1ce35602fcb3f3b,0,868
108046ddbd923f5ea8d25f5a,933,91987a3da46d4c784579373768dd12495258ec85752acabdd0207d3a467923fa,0,869
0baa4d65daf58e4d85169293,507,bfbcab973259eed975807068c4062248e45cb1b8fc0fd86007080127a8fa22e1,0,870
7c8288127f0e7d32ac1997e8,1218,7817c51501228cb2884896379907eeb6ad531261748c09c3567df14db9df8570,0,871
5f96c917ff102fbea7cc1f32,1131,0bc5cd0e344d84d48dee3ef9750d112a3f466c77ffd460ce7502dedf163e43c9,0,872
2acb9ab3347576d0aad9ca01,653,cfdbb179546d25dfe1d009a80c152b19c4c3aad7022793ce9523d646879376aa,0,873
6e84a69f469b938ed5897b01,1313,d94397a61149e4eff61bcfe14d5fbedcd5196c8bc144c296729c01457762a463,0,874
b091ea8b41cef5c3fe9f10ef,65,c3eaee0dbec261afbd3ce55b5a3f90b69efc0c1d663cc35280d7ab941ad44e4c,0,875
e31c32b2b335e8050d828a3a,1035,74486d7170f0eab536b8e995df5912d8afc0b0ef6f368bae3f862ce83000d557,0,876
6a7f3817b957c796275e3402,746,1ced6359b2e37933ac42185a6b977a3d5b39cc011f622ab600e118d718505b34,0,877
90e5ca6a6fd447592853c39d,14,d6e7baccd1c50bb0c03f65ae996718bc850399f23f4eb88e60e3c0a010992238,0,878
38eb245272d574ec8f225f5d,282,d0f82f630b2f3e6b59dab6d9bd155513d345f97377fab0804d1e7a53471c9af8,0,879
40a702d8256847d5b8b49600,1453,07f21af55ca0df3809e5dabccc5ff14d020962fc49799f49dc42a112c0dafa0e,0,880
3f994b318a27e1f6b5ac8d85,1403,b003a3cd35a51dd5bf9305e96fc2a79e42ba9ea0625491346184618526b3c473,0,881
9a9ca53d5eefa30b9577739c,805,bafdda84cf717a504a6e557d6f2b1afc87d7470122fccbb7b661ef4e1b06180a,0,882
2562f30fce71db6e0b5df1f5,860,1866d1cad091888c867ceec657a4452aac8a237818b4c9fb0fca8c3212d2afc6,0,883
94d76aae110144c95ca0fee7,984,683fc1adeb947cefd2143bf3b3c77d75d531a2d7d6ab797ee92ebc9448994909,0,884
6734238732ddcaa62cf99ae6,383,5d286be771789373e50a11ee76e76cc5f87f452e2970b603966dfaac000addf7,0,885
67e58ea401faa992e7e093b0,674,53b495838f75beef06b622d2c1dd7caa6cff64ceaecb741a5419deb76e9c4f54,0,886
5120ac90c5a49ae21d71d365,565,6a81f8b10d316c0650aa2514632e59457e3841bdbe65391ec3494ae0add609b4,0,887
aff6eb3e8c0030634f94dd18,884,d7e2783dc88e68869b30935e5292839c1b305e4f94e05eb3f033a89b7d5e1798,0,888
ee3ab7404512ff8ab0eed33e,794,986627c56b4803fca9116425d0c561131e397fa48c185383bbc95938156b7763,0,889
81c1b269669ce4870585a0c2,833,b6807ee8aba8485423c7b43f7b63381d714208324e1768b81953964b9a737607,0,890
1d4d76d156ef09ca278772c1,139,c7f2c3d4fed148681e6faf482939cd9946200d220bb8d7b45acb0951cc9b0b49,0,891
7ff2c5fca3db2d1e20961807,1190,d2abf92dd6ee6096860604865614bb27179960b98ba32d4f0ae9dc8018b0712c,0,892
f09cea0f24ec075c404899a8,751,4de29751eec68bd05f8f17b85aca20d4b21f50b7cbb775645f16c1ec4cb3cba4,0,893
a21d6be7516b52b539112a5f,471,57369061a5bc2946e959f0f3248a141bd577ce7b024a0df1b1a72fdbc38451d1,0,894
4852679217ac7b7afb0121bf,709,3edab40e5025caf7a76ad3499633f91bc9514ca2d4bee1221256eb14324df507,0,895
320791bb66492d59c4a8340b,757,0cf35200cc1f50cce2f9fb642f65781b86b419105493f2915a6fee1dd5c83f90,0,896
0b7befac153a5dc377d8c8fb,1265,300f9512113bb0282510adfc742d71646c07902fb93012ad29fc5970fa54a44c,0,897
1da675cb991eadae2cea1642,78,e30c1d0dd21369028816e2d2f95c32f00597b46102d981bcf4813c976506a1e6,0,898
dd7602de22ca44a4927ca76c,300,10453b4e9520a63910ccb13bc7353da60945fd1150f85ade779f024ec42d3953,0,899
72d1f1632a0e2fd55c39320d,595,a3a21fa7638d53b97dbb3bcfd2064fb64ff84bf3ca4ccb791296a323be112c66,0,900
52fc423b3d0c689566046c78,1150,bfdc3689f818d624e7fae686e185fa8c123907afb362cdb9417f358345868b1f,0,901
055f1a30a0eaf32b16e379fb,1232,19c87118a976e2a387404d4d83e60b02c84e037250943208771129d4bef5a853,0,902
6e903f7d5feb41b428171a0e,1249,f0ad2f1a409efe5b2f23b58eb0cb27973ab2e7bab77abb4f693aacfe392785bf,0,903
8e470b61ee5621604ab1f53d,1430,b29638ba7684f89f127a85ca4401b90b576830348182545752309792f7e3737d,0,904
80d09811426c1bc46f7979ae,176,affe72881de946664d940ae88cd95db788e19cdfe4cb5adc53fc06825f13b031,0,905
f7ca350af9e71962ab82156b,735,3e132862969c6fe134082a7fe8a005028031f7fa1cac5290e1268c0d67339ad4,0,906
6e4f604e737b5a9d3e0e57fa,582,e82951d589fc1605d733544b5412f97a02497142c1f1eff1945b9bf3c5ec29e1,0,907
d8b5df7f6983e6bb1e68860f,1107,cb21579465406653880fb7c519a5521f77b46f124ef8bd9f1cdc4dfe660b0989,0,908
f7d736239ecf209c0cec4570,468,0542fd562dd20e44258e6355800a3f029f0cb5b9a8fa28e5c92eba4d385f3c10,0,909
be48b60c1589990798b15425,1272,af14bb8ad184309c30ed7ec18548c958867b03942b3b3fa2ea8b63f1ddc07ef0,0,910
9d75eaa38f8be48efbe53314,986,362bea239bbd7e3b1189b48104f8647cb1f2998e4c81cde8e5549439206337d2,0,911
206f08fe0c641634530c6bf0,456,bd8289cd87f8fcef45f875cf735234a6bc69b2acded934d81c046af374567f23,0,912
7da76de1db88c5eea29c17e8,1308,93cdbd6ace13698173d894acf7ab50ea1f0250719847f0cb7bbda9ee12a42ab4,0,913
93447690c806f5ee16b27356,74,3ae75ac84b570a178b374be496086caba1e6c3d8be52e2b05a3652cc394d8ee3,0,914
db4d3b2f95ed9844bf79e3c6,1207,5776cfcfc567767ff8e33c46c2a673847555db3f1b815349299d8dfb2f8cd97e,0,915
680a71f420fe15aade3b39ff,1388,5049853423ac01674b0f05b6edec27cb86244c27b03eeb9350bff6b9fd1cdb73,0,916
855a30c3256bc4a6e61d210e,1094,cdfe550529e790a40020ae9d08fbcce284939a7c6344f44852949470b150c190,0,917
398c6a25e8f6ffa56302499b,108,d1796b80276e1365aa6036ae9f45b1226f05ca604c2b209b22db10dff4cf3a2f,0,918
f3ae06b373f97e9e4c73ffcf,243,da376367dca706c87a06f43ec5f136fb2d2e59a5f60bc741f9cc09a7cd61d0b4,0,919
f4b054c98dedad1a31ee9358,830,ff1bebe49fa9eea3e3bf56b7e9ce37b6de8ce1ecbc21e98ebabb759161b1908a,0,920
b47f90405998c78892e50d7b,13,a3d9f92efb9bd7ca21c9886f248fe0b68db06293eebb51e204a89a4bee2c6a7c,0,921
e9965394867938a764e45cda,1401,4689e82efda05dc085a3d523a80e619a3a938475089404fd9bd1737f8190cc12,0,922
f594b46a0e0ae842b75043da,109,b15722dc9bc119f43b81f4e2bba238554e1b3a6c103a1cf2161d22fb1f4d25b0,0,923
a6c35bb193fe7a52afa0a7c1,721,55196b8d05927e43a12e9f2737ce3872f15b7fe5bc80ecc7c42b773985d95619,0,924
27ce35160fd4ef23742e7a9e,1104,1f64f86042666267dd1d363d22cacf2291b794183be59f93630b7cefaaba2a4c,0,925
f19d844c5f64d4d218869eca,154,ff909e73cc38e85ca65dd2c9e0ca21b76e046fae8d8219e77f25fcb7dfd9bc09,0,926
5aaea09be8355bb445b6f554,1394,18700cffd385084354a0c5b3d75a7344fdd81a132c22625037f1387e3f3a3008,0,927
9bbe4e7fbf2fe90caa2943a8,753,b40c018ebf5c7cc44f8bbfb7d00443b79d61950d4b3dfe2f2a0a5f01c6997df3,0,928
503cd426e95ef338ba555826,323,e4c6837fe5db82b4574a32826c71225e370710cca620662153feb7ef2d1ce35a,0,929
006db6c84eb9d0c3587ef840,30,0d05193ec4f0671172bcbc529f3e28389bbe5e5ea9d16e846bf70aa341445c53,1,0
e630919f745670deccaf5ecd,1133,6376c6e0fa6083a2271a9fc5e3604b3914182c5e08eb5ff9f646907a764f5c26,1,1
b191d29deb724e85f1e6129c,849,07d12cb62779352699edf9c85b259f487b40a32f3f7947840845822ac30dcfa6,1,2
70637ff1947169f5b58ef9bd,1259,97f3ab94edb3df3798ea32ea0fc5de92268913065d5088877d4f5a19ab1883b1,1,3
3ee44f4c8bc2e0f26391826e,947,e9572ed2e7787e743933c54ba779e52de1d1a571336242506e73c56c1438577e,1,4
a0ae0ca7826987d5fda9fde4,1347,de204b2b47ef60b74501dd02fba0d3f462c86f002f60f611e2404266bbb2c31e,1,5
3f8ccb1f08ccb27303964ce2,1206,5a0231bae61e89a9c85f8844ce3d76c06c9545d27a531d64370ddbca9c892484,1,6
bb4a58bfc29d60d601434fa4,1339,c7cf353bb5181a6b8ae58dd5aed449c072f442589997221404437836c0bbcdc5,1,7
39b1179f6760a7ca8e4b5e4d,848,be7da1093a6e9a3c445e5fe25a465a2eb0aa6c7998ba6520dea1bb905ede2254,1,8
0a84924217d80eab80980c5e,987,680d215d81b17fc1948fa8e8eb15ffb3f9407aaf85889774eb8e3410023ff71a,1,9
afa85ace7901ce371d6459b3,589,829d0a88cc62a78d560862471688e1e079e5a747d73d0e75a4a19739be726e5e,1,10
0ad19fbd8db824b59acf669b,1066,89a0818635b4259357f7cd73f0a90abfe8b18f20f51dc635062ff0a3a07ee339,1,11
f7707ae99fd53cbd00c42af5,558,392e9a77bc3ff142bcb50d6c3d566f72bc8195429a111b0ddb92e554ffe43f22,1,12
1ae3e9d2620aff37236578a8,619,b3257d5cd28e946a9354eafe3dc088fbce169f8eb1a60895e6649c40f9f323f6,1,13
88d5f4ca4cf66ff4893ec3a4,1443,3ddc929266610497684e7de11437002b7cc3e1d8ab64ba9e93bb94d2e453278a,1,14
b71c4a99e7cb58dacd0bb281,748,73dd173db4aa8e027469ff8010dbf4a1fa61437b26de4bd4b9f79b7382fc393a,1,15
24e87af9c2a8d9eb71d6ffd9,512,14f2d3016c81cb91e55766a5f1d044d5a2eed2aee4f9490785868fff035c378c,1,16
68092bbda86252eecf9f77bb,845,cda3584ddb33e535ccc6924e205b80557abae5c89f5623d158aad08ef6fc0098,1,17
d4c251b4d7ee7947670595fa,1142,05fb4af6c804eb64f5b3ce5334a659ab4a87f4b89c3135b2aa8b5f2fbf8bc94f,1,18
5ef8ddcf6c4cc23ce497f4a5,1375,8a467b1481028f9a8d1a42617c2ee0ce88512e61b43f686daa2c071de5d1408a,1,19
95fd5402b03b19fb2baeee50,685,464917bc081040c167a611c3473be564094668d9a88174c8f29f795d89fd9a18,1,20
127ed4a4eb084c129b0deee2,248,b39555120112cb1b7b3edb6672d034b2c10451a1762dfe56844b6880ab14f26d,1,21
0f0b6340b027722dd42d40b6,688,fc4d76e7c5225c6dd23f7193f20b3e141e383fd5727b1d75969bf7db5fed2a57,1,22
2d7ea1c3d50da42a03c7d573,453,0464c90984e731c80f120bcea0b57a9f5845fc32137bb5f78e377dca31fe3740,1,23
f35447ca546b641c9b6cb9af,1113,70e0281ce8f3362a2b26638562e150cea8316093978fef6e5e3e675fde6b2c5b,1,24
f4146d03cde18d6aab3024bb,1109,37c7405bac9921cc786c9d1cfb4567924679d099d918cf4ff7ee8b774973aed7,1,25
44bc535ff522a0c54756c2e0,677,666afe1f687dc13e39211e7541500de2e32fcbe68fd80939695da3cfa96ee9a8,1,26
e2be1b2b2340a540496b0910,1476,d501050bfa0ce7bf638d309a89829846e90a086a3f4ee143be0f843d3be26536,1,27
e01547622e6d547a1ebb2259,1058,6578162b543344e22fada4bbaaaa1a91fcbb69ffc45f6baf3fd7eb8f989cf402,1,28
10e2f5fd483eea6332c67462,1323,7ddc2a4881d47f5daad66903a956ed1080d2ddb1f188d7591b835d77ea1c6e41,1,29
4d7b813946205fb18693ab19,1291,d1afc4c04856d60e9b3d4560ca29c81e61651463cbc1e403d6bd07c2e8d43518,1,30
64b61b8717cf0e4dcd527bbf,262,ffb3df03b8c3e97ff23626622c9aed129f419e35a75b2336b572e0a774d2a53b,1,31
d962a0ae7f4b0e1bb8be6eb2,577,bbc6d8efff7ffbe0010cee68097c2e176e5dd75880fabf691ce2400eb443bbfc,1,32
a21d3298cf2576e60e2d614a,354,7f6ea3ebd6adc61d847174402cdb34fcd276c6e4b411cfa4677a4c56732a0a1a,1,33
6f02a5b40091a506d8988c31,254,7ce912fe8c81fa479d67ffc5ae86075822e76dc353cf97596ae56e97ceb31c2f,1,34
21a08ed8a8a47862fcf79800,871,103e8ae5923c7ab7ff42c9b2dbb248e7574d4db25443be6ee6e794bc59006640,1,35
fc67cc313564f65acee7e1d1,1181,acd8a422a0c355d47ae9771a251cd6a167a7a1b005d90bd3f214edc4d8215e1c,1,36
89d763eb148fba944e1d9b02,255,db52869535036e2c11ebf1722a05bca88f55395fff5e0361eb5506dad4649d1d,1,37
bc2055ebfbd8a08132da17a5,1287,16a5af49903335f493ade2ecc7990a5a8183042c64a80eb275851c2b0e76f803,1,38
953b60be04334eb7c419d1ab,720,a2abf61dd78cc6d04863974188d78f39d1e6df48deba94c45efd333123dd04d9,1,39
07caa7e0d8260aa721415cf9,655,6d154cd9204e2a26db5033053d4ae74e88191f77cab5d2629258a830b979967d,1,40
83cdf794fab8d849e92efaaf,222,791d78ff24a738923fc6813fc4c0d0c5dd0b78937b0ed949846e065ccfed26e9,1,41
558932ae030bd1e386d2a365,264,2d0624c0eb46db95e80e68edf2ce89d54f59dd7d09eed13506f33b4bf9e333c5,1,42
0a24b1cf23204eb26b4ce3aa,1288,3673f0851a6ef018f96ece1fdecd6ce41dcb5f88b635bb71d4bc85ce02a3abd2,1,43
e65b2527a9d66f1b38ce7ce4,1374,2cdc6bb736a67552b164af018882adcdd579b77302277c4f7a1e8af6fd5724c5,1,44
455fb6aa1abea1069b9d05d2,1439,7f9d8cdc7bbc8619e11f6c5339305bc3da8f45ab0ba815573f3ac4c7cd5bc20a,1,45
461d28494cfdd7c8a74c6e88,353,c63cf09f3540c4d9f3dc6ab028378186d6425ea5edc74290b532bfef02e7f019,1,46
dd6138beae1a5bcb12c81f9a,667,2b6f1c6741da04ff0db9850b825aed698b8ed72074d29984841e4792b8c3775b,1,47
78b2fa9ac141fb713ffb14f8,435,9ac40e8b39c4c5cc661c33c4492a992aae88b3a632d45c6ccf5c20fe8c459470,1,48
748603352ec2aaccdea5b17f,374,33efc4ac1e76bcda503b44b55683f1c611f33e1e439ec1152eb12daef9d7b309,1,49
3c3d68153f3e339d08c0c89a,1152,fd007547e74a5170890d982303fc1f2ae35d199d9a4a22b86af4f30454f698e7,1,50
aa46b7e6390d8eacf7dbd944,1387,67efafc1d249fb3a8e0db6d0ffffaa742a952518f97c5f7d88094f8282b976eb,1,51
978d23d0ae8ef48170891900,1180,322fb866862f5e971af9a3fdf21f725adc75ed22922c91e241404685b14e0080,1,52
a742240f1b527dfb04d15493,10,2251bbe98515b5fbe95a33c0607371c5242fb043dbfedff7357bbd22bec2a6e6,1,53
0c9fbd8066bd80c4eed8a30e,835,798458d727fb8ea569ae1dcf0ccb7076771c80ad38fc33ee3c971bfc17fbdbe3,1,54
4c752173dd224ce8e8418371,403,e9179d596221d10ba1681a43d0a194e236ce0a8683faa0867b7fffa95a52e9ff,1,55
70acb579cd79214e129a0b6c,361,7dcfce9f8d9e14b190f4a8f8c46554f2aa37652509fc83a27a22596e397f393a,1,56
7c2af72d449591a5c4de2640,706,73506092e2801f93be5439c5a09f6cef7af7234b19b71fbd81e13fdfe24fa2f7,1,57
aa0a127b25df50f67c5169af,28,29c3e3e2a9fed909d7bad573fd8c54ea37a910eab7209eda84c9fcc077ae36b2,1,58
99b8ff6218114cbc77c8dec5,209,a4f3b63766f43d0697c17a213a9a8239b1657dee86153f41f85f2fce4c04cacd,1,59
8dacc796bb6972d7d8991866,555,d54e5fba92ee7f05e67adcc25b2ad0dac9e0b88c796aaaed72cb6f43c0fb03e7,1,60
1fb0cf3b14148496a88e7e52,313,7a842d159265ecfa99ba5da64ce3db444369bd1193ee9964e4ac8c3fa5d7d0a2,1,61
f68644fe94334e9f9f6bcb0a,862,afec8d01546ae6f855a5c0c5d95e594b95976e031b97e9b256ed6dbbf4b90130,1,62
4c455330790ae89f7e0c6ac7,1062,92c7c7add905fbb9e30aa928468900c72e3c5967941415f0580ba566d93f1ec4,1,63
703a5beb1d8dcd1931c3ef64,400,76c8e104e1ea0195ae668f2f6a1bc94cd3a6698ca178050e41801f95f80d3080,1,64
5521e68f9ddc6dd75abf8560,17,13fa3533302e389eb25d6814c43536bb67db8a0eef22b02c810d1ae6958e9c9c,1,65
d1f78c4ecb27adcb8e6b630c,1344,643f3c6b910539acd96d9820364f60e4186b1d25f7a14702319b288f2f8ace70,1,66
d5b747dfc306f639ff21446f,292,f598db4e97e41a10948e28e052bbc7c084ee98b3fc63c346c2b03552089f7270,1,67
cd70911d18eac216b812a975,188,02e4d5b47ffde478d964f1e1f00be663ffb9fa2adcbf6630aff07c65ef1030ce,1,68
ffe3161a8d249228e34bb9fd,1460,19cb017207da1c618b40848e0aa5d5b6253c6b47de423571495df39ca2a87696,1,69
90254b83b5822064f3df7593,870,a76eadbbaeb07000694804280d6301fb2e5c2086bf41f19e3b1abaefcea66405,1,70
4185a7309d3f4e49f1c36655,755,fd9bfd0c1d2896c44bb8ac861c7d09d7d9a22112afba8832b8d4a602742318aa,1,71
9c425a3eb51874c0dc7dad70,514,0d1f17847b7fe19821f29e3f3ece15e7f5cd1e44e914b2d8213cc26661aadb17,1,72
633df542438210d09dfcc294,960,00254ccd106c15c744a83f72063e333f12dc53524a88fa569413079a922afd98,1,73
29ec61f478311fc944ad9e1c,768,5dcc8b457f05cdb8c6eff2e0bb28984dea8d029c114f59f2b95e815254783a17,1,74
c786aca408c603a7ac37729c,236,e70b3c0daf273c00dbe72efc7e66e144b7927d25c6d3e3dbc1f53eeb570296d6,1,75
5b9355e529a7f978494341ef,1244,44424494dcabdd3c8ccc924179573d53440c7f4475e390853a834eb9edc17ef0,1,76
8e7b2d2dc777eaba97279fdb,782,8b26b92b67d482d2521a62624906f9f6b5678a3b54539bac6abeb0726affa5b0,1,77
086f04d2a57982e422fef326,249,fa426c8b22df2c47678511c4e93709c28b0d33c0fa75db514cee4f1ca0da954b,1,78
be854bcc4798fbb58e4c8759,1202,9d122c6d88c33bf54afe2f064ae407fb969c28c692b9c89c83381f7d76ebeaef,1,79
d35b9dae5a0e6f93de0764d0,1231,0d0ce28e2844f3cbbe2b41eff655acd6cde20e7db401a44c60bc66750c8f5073,1,80
9ab48e790e59417a702737a6,57,d12ab5c6c9324001cfc81ddc449f22024fde1cdcd07e5674d2724f97d557bb33,1,81
02c3b8516ba9c470d476c36e,545,24b3d30b7a67c5296625cfdd2de5a886f61f53d4ee0aa814153c2ad5c956d092,1,82
cae691370dbf709a867b1b21,495,161e4994ad6ba1866248d1e0c44bd5164fe071a786af1a03fb866c589d668168,1,83
5281e1359f1467ab95df39c2,784,eb1ad027d5b51b853393b1ebdb1131c2e8c62d2a30831448843e9ae6fa67c43e,1,84
9814deffe9c7845098971a78,348,a4b2a32baef7458da0234caa2efdb1e9888220caad81bb72fa1b0bd10df2cc10,1,85
3b2a2f08d31edd0e184c19af,1422,ddf41bb5377decab61b341f1216ba1a5ea18379d54efd5f465e870b6f887fab0,1,86
d3a26bea8858300e97641580,349,708552d550e88a313b18b65dd72a56ca11869f6083b298cb0244c72d5e39ab14,1,87
aa82844170b683548ff2b287,851,e2c0be8f405cbbb152823f02f73b1d1acc3542eb0e60767ab6f634a36e6171f7,1,88
d5673eb095b9f0954b3015cd,172,475af3073425b518d5619a7dfd81efcf94527ca819d8bfd0129dc50dbdacf1e0,1,89
6925f393afddb5012af901ce,1228,d147d5df7840800269961d14da102cfc3e8697d9a6207afe5cf4f926712ae428,1,90
216d319407849c55c29e5805,99,f5ba2a997bbb6dcfbe886979f59197a2387b510299040ef1be8c6b751cd9e708,1,91
d43f560bacb83f5ccbd53357,498,c943a0543238156dcbc8f0b57f7ea04a762aa8df897a7498e1e4a218b0bf03ca,1,92
f6114a5ed0db54afb33c088f,1016,ebb4ba1afec321466df20a4a522497b309865feac5c67d97cc2f1ea99fa152c8,1,93
77adba7c218fc6fec2a4678b,1297,25f7b55bf02c2bbf7f6b28e839bef634e2828131acae856240121fe589cc9b12,1,94
2d1b4ab78b8fe51c9cd7a9c2,668,6a6420640f60c1166d56b6b2772484b532d15e783529f3a9452de8fd1d60d032,1,95
06ce6223d0a20b34be37394e,561,d72c6464c62fc9ca41f008960551cb78347bfcaeeca3a77cfc034837e630d09c,1,96
db2004c961e72a5633c87ceb,1095,792217a636e50dac15e5bc09af30b587e6d63773d26ae12a5b77eab3bb4b3bdd,1,97
7fb8d67395c13ef6d64c46c2,1294,dc365095506854d207b3377595d1d510175d838f27f8724907ed5ddce53c646c,1,98
f49c1fe8a6d8ac73ceb506a7,341,bcaa38ff35fb4e7651bbea3e537dac0244c18a3d78d99ebb7fd939a77cd9e3f3,1,99
76ae9e375909f60f53634420,402,a9df450ad0b24438beb2a019170622820d4437b90afa83529091db1fd9f8e735,1,100
bc58432f598e993d1190a685,516,d8c8e0e237ecd9232e05a4ca44812830847288880042148387e646baf813fd96,1,101
86e0e3867bb5bdd95c84d34e,983,c464463f0f3f991a66b11aae58fd91d1f1eabe5315db8e6336c5916cc0007c54,1,102
15d153f816f86c2efefda95c,1280,f8b55c7d47af55fa580327cbbf595d2d1174b98cc1c35d1f22261dcaba9038b8,1,103
e7748a583913f8d733b82e7e,1381,1c3d79249cae662988ffdd6967f88f4792de9042f6b0dff285d5835a8a3a2a8b,1,104
abd05838a1be43ea394c347b,1329,3783c1815cafc4160398102a7d984d05dde7c57ef91807a8907e34f49a267434,1,105
2355466319ee9064d3f64f16,152,57224e1e98def48dd44d713113a79ad99a804f2d6ee7d0a16970bbec1d331736,1,106
ef7dd73f283fc449ec740fa4,1159,ec677fc3bf3672c2dd7e3ce42029a5ee1d1f296a7fb0b99c7d579363bca2d7ec,1,107
0ff7df15ac6d0a7cb818724f,263,af300fd362e19e261373671656499cdc7f0b8bb5b146ebd2d9cfa0161fe703aa,1,108
577cb69ab50fa18279ed9522,118,8ad0bb760cd787b7ed4284f7e7c09981166f267d60f930fbf85e14ab68fa894c,1,109
5c271cd8a95e1a1e8af6f1f3,966,d6f7c487721aa41a3b3b58ef0a60654b7d264c4ae771e2bf88139a56fca8cf3f,1,110
ee69c1baa8a17e8f408b57f2,204,b04b63aabdf66e1746761a6157895cebd981c7f82ecb6844974a8140df6ee2bb,1,111
e62aae67f89d0272135c7b42,56,9e7cb5d65f229bfffc5bd2acce381a58c9f034b2a88eec13b057464fbc03ee4d,1,112
2b0a6c36e936544929e895ea,165,d068806bddf55f6cf4787f1dd436c4749e3cd3fbc36f979e65dc35881de7d4c9,1,113
c3c5c9c746f9b660ee5d9dd7,522,a97c01b76792c5795a48723ed0a03e5d118e8554cd3ea51546644ffa55354a77,1,114
27b600bc694b0bc3db278c27,963,20c5daeffab4be435972a76d379391bfc1041d8a552ed5f6f4a8552f61ad1fa2,1,115
07225b1ebb2ad398c77ed9f7,487,32e77171c408f0811eb4b7f216721014f181d949ec50a811f59432257ae08957,1,116
7133c12c3d3ba1ef10ade53f,528,f74ad9d6c0580d87db4cff24347d585291979fdea7076a40299c856d666319cb,1,117
618036207e4e03f3158613f0,1398,7c60ff81b68c40c82a586e7e7af438d8025be0c5550fdb86cb2d481b4358155f,1,118
84dedcd06143c218a8bf5b86,1201,35f2a42039f7ea0219bfa863a0bb9cd0b0ce1de7e9a6d1800e1359769f064292,1,119
f6cb0e02e2f3f8f1b49df9eb,138,9068733754a0c3cb741b198b90d2d896f2ce5369f03b729d087abd2576ddd955,1,120
54a4fe9ad2855ae2ef39a214,1251,894be8f551f750329f8f684cadbeb1eab2bdb5fdc4a090a83a35eed77b99d654,1,121
7cee094dd53884212bc37635,72,a30bd3fbd8056ea4c25a15266c300fce1a2a64ff474c3d4ecaac6c0ea1e8845d,1,122
cf62f3a3747035f86e8bd1f9,276,282c23b02544d3b9fdcbd8ccb832581c0788c4fad464349ca105ec47d873d7ca,1,123
02bb3663bd0af1df61cd3329,642,4792b3054a54d141f54749c56bb3447458a64deca6d7f6aa717e47c805790430,1,124
716ccc85b7849355d58beb33,1473,d3ca68df922fbdf7d0bc76cde132eeced5d08c0b7aeb4a59f56f09c3eadb5673,1,125
95ae7a30242fd3f61e74e471,1138,0bddcf35175176ca267db2da8dbb73b2536529e7036ac8acd2a3d13de17d8653,1,126
1f91d44afae0d77f5ade17b7,1247,f093c8a0000c03ca44558ff81dfcefe0888fbaefc257734e255d52395c221ef0,1,127
92247109e49aeabb8ce69488,937,5f0cf072c22b66518b82a1be110840933be492f5ea7cb7b472d33698b22907bc,1,128
505304235c2802375b621ce0,130,651ef3f748b10c3e2b0bc6daa2e8b2b957d838f2e63f976222f5aecfab891b21,1,129
a90107348aff3e4a4b973c07,168,345b5f2981a4ee5cd0c3d1f2e1fc1a645a9137eb989987792c97db6264fc529d,1,130
76dd4fde960c550da5b42487,811,236e4f616688e4ff2b86acbd686f4817577eb5d7381cee5ffc10fbb3275a6361,1,131
c32b002f00385fa3cde9599b,1039,2f2fe27cc6758f7e72fa0fc8e29a6ad9086848ea21271c6f7802c5328b9ff24b,1,132
7e5f53dca0ba10674cb18695,1242,698187ca774d511f19df986cc780f25633b662395c1275b62f35eaabc2d1403f,1,133
af1a4e385c10f201cbcc1052,524,9e21e18dc8714cc79fe06e741c22c241860147022dd2622c65d3ba27c241855f,1,134
75ceb8c958aac261b2f146c9,62,6152180ced137f02dc277941f5e03ec5aa64a4ad8fcb7f7f6b22e6ddb57e3644,1,135
4a0a9dc26556b5e65bf00d87,723,fd74e54b6577278ba7cd90680643bd12ca7d6216eb214eeeaf07c185374ccda2,1,136
6e8114b36787b3de1c6be720,534,a3dfdfd51b019fa991c2c1053ea9122ad3ef95fcf1b3cd2d2d44c657261d30b1,1,137
a945cb19807dcd78e2189730,1194,7f2ccbef23ac3e39f2ebbba2f99c563f3c32e5e484d2ac2a8248e511e91a3bb8,1,138
4cf7f36d13b0959f59aa72bb,48,17d5de2ce4b9cd5d1e575aad29a6713095d3de0b6b17fefc1c9d76742cbd5435,1,139
cbb9abf0ea727d89d65668b6,841,2493c6724e2c0929fc9aa24f1a2cafa622619e3c3e4e5be6d82bd7db151817a6,1,140
c223fa105791454bc763ab75,777,218eaa847c549161509843b95eb895a9377db91a1a96a9845cab2c53cd2509b0,1,141
0e5be03449e6b07ab8555fb8,1463,b697df64b0f514cb5ed94f51c59a9b54b84cfd8f8d9f142df86e851890d639d6,1,142
4b2f0725bc1ac08580c2997d,246,78f5001fdcbdd531ebb6f11281c4f083da39b338c2b67150265a5f52f84321dc,1,143
4d716950393705253f18f87c,1229,2bcfc0bc9c8054b5fd950e1a6a907201f8431c91533891315834fe569021a5d6,1,144
87edfb7719073452701cfc19,1004,044cb463b0690c470ea7a7993a13803e2ab1f92a1fab7d18890f1c97d421c8e0,1,145
99d3575ddfb236fc39656ddb,760,acd240f160b6133b4d13a149ee07e252858a97e698d9f480c143ec470d4313b3,1,146
9cbea9b6ca938ba803869911,133,74b8d073591a919619e20aa7c2e113ca692271dd7d197e8d3e5bbd7d755d30ba,1,147
7f70dd908c8f9e10036913ea,86,069edaecc666e0c4f16cab19130d18044b6996017155f6eb26092796c77cd672,1,148
3937f8bb3c447597d13eecda,500,e0683cd6ba0a8f456e4eee3bd2200d109b515b1896c10d28689b170b59885af5,1,149
3ce8ee23b0679ec38884f0bf,195,d3b390f3ff35e4e915461136d0371c4bf0ce69dbfe8b1480cdd6d036ada198fa,1,150
3ec3a4f34401d709ce707a40,240,5e224109a4652a870beb5e19776a3670a0d703e6b721e35abec8913fb1970617,1,151
b1ae348c777b900ca72f1b36,506,e7bb8dde3496048c4b0bee7fd7640b3457c8e0a236447a39fb1cd99fee2bc87d,1,152
ccffe78399e4c097c9d9e138,192,4555e99c678ce89f33097178c2837c2e0f4f91885d2c6ae7e30d573ee8fcae68,1,153
50a769ea2b6460b77f20e2dc,1010,e0e6e793737729ccf57c915025bc60933327b70c24150c9e514107cbd34d1d8e,1,154
6eebff8b032f48f3702303bf,828,c8230bb0ec6471048a07cf59bb75687112c091897529945a6d10b200183b6297,1,155
4127dc4f30545e507187cf1a,1060,cc248deb5830c8812b10d770582818aa3851125ec939d1fd03bca2bbfb20d844,1,156
d1bf500a9ff3ca849d2a0fa6,1319,77bdf3885f7d0e289ab2519f59a91dc03ec67663077eef768fedf4b28b31096d,1,157
53f12a52d776f33883ec656b,908,8c4b3fe167ee7b602acf2b84fd2cfd91f54644ed511606dfa334a5ad841b8c3f,1,158
09e3eb4a0880e18ee03e774b,450,922e45187eb392c97e99986e74e181c06db21310256b5cea277f04529e7b1fe9,1,159
0a97efe9edfa7e36dd0f92a2,258,4c305d2f164967f570a664c8210ea08342bd6049103a26b7e1e9e29341dc27f3,1,160
8007af5ff61825920c365912,885,c94f82bfb21d8320de1e1b1908e75b15b4c1985e6047328ac1ebd1032037d254,1,161
81be82611c6507a527ac3e6b,1263,5f889ba8f5fe7bc6929e1e1cc50161923d1035e3af1a67a5320b32ca5800f321,1,162
59c8f97fdba7d70d863eccb6,1154,b0678dfd8dc368d0f687846a945df13059b653afdebfe6bf1657e55f79e5dc54,1,163
7ff9a38ebdaee598ecbd2024,792,e51a6f2f90fbd85a703b987b50eb710ff83ccfc8445082bebc3859e4d76823ab,1,164
ae33507f01617b2594d97f06,1471,92cb7af5dfc861e5ef5dfaab3648a37b06b2b17d8439594d46cf7a51c700e796,1,165
be701419359525f9e59d5562,1162,937b3af582c5da1d64a43407a1afb8e3e04354205bc2855ea5d14e4ffce5953f,1,166
c5351388e0087d8cbba529fc,67,90d81fb3d7b82db9f681a179231e5bcac944f2f26d84d378bc1343e986ec9f8c,1,167
566b0ef3d235ca645b3e1a71,462,be3c1c8dce9c496519e00933f574cc2bf6d8e48c030a8f999f706e6d75d75a03,1,168
65543715ae3fc7d56d257b16,1379,2eecdc57528c97e137263595c53c1cba6a33e3db3cbd2f6e9a3d2dfdc22a3a19,1,169
8262fab7fe341731d0c96351,223,90dfee42f782b24a27da3ab01b80832ecd8cf2f11864007482cdac78e339e04b,1,170
203e942ba63c9dfe443347f6,1106,7531ad8b12ad419069513ae06e0a6499741fb051e15944987670ede1594beec5,1,171
d4870f43aaeed8ec6e243fef,1009,7b0606bedf883bbe9ec1a0fc43bb42ddebe0b784747019b44d464d56f10dc79f,1,172
ca490b6fc1e27882f5efc32c,942,2ff1ed7b3f1bb7a1ef9a5a58cc181c3cc3045fa7d442e565ff8804f888ec2701,1,173
07a7707193b6ea4503923c21,1314,21eadb8a4f88ac60fcf62332b60ec940b5b7bdc418a1d843827f651564a3898a,1,174
2af002cc2355e798dd342555,1397,a440d659cfe0271d549527268fc790b8df4595bf192ce001dad177eddfa7fb12,1,175
ea737fd15f230db50274e3b6,381,424db699ac48a8792b3bb1e8e1306fc864306a2b15e1076c9a89db65ccc7ccf7,1,176
d431ffe9b0a8cddf1d1760fe,684,b3f9df784be5fbe1b7c6be2d2c9e1f2efcc1b7444fb5d031ed7b08190613f031,1,177
7dda8ac7ed41478c4cd70c58,147,fa08aad5f247cb6f0b085cd0679228e6bf4d091270e591474bc2b66008d279d2,1,178
657a28ebfae11d2375d309d7,1365,a6e6cb1c69257a52e11cc7350bae243c8a3717f23a89b06a50e213f68b955147,1,179
fbbe895b35cab29faf2bcd73,969,5bd675744e5976f5584c74cf4b6459f1a48081aab6438796b01dd44376d9feb8,1,180
ca78ce66a6b8caef2f403a67,1332,461c85f95a71dd77e8fd734cc0723b04bae6a684657baba0c69700801c797c95,1,181
e4f5ae2840174f6c2653aceb,1160,611206a76df70c559dd69c0e6b0b50e3c0590e49f0a4ba95777721f85ac3bddb,1,182
a89528e6a8fdf8d8ea5e1d8c,187,30ea63aed5c34de81ae0025336b159dbef7717350bd9e1599cfbfdfb5810f936,1,183
7d818e04fdf00efbc0a7d759,1312,62089ebe01758aa7e7123d4ad8aa01985552b4ba4002d7876eb95fc33e3c133c,1,184
551639822f8d9b08e49c8646,1385,e09e6e85105624e777a51f0d5fb80a5f072cb59d2c23afc3a4fe34b9b73f478e,1,185
e382fe7a738712c4740adfdd,257,642a88757d38c47cf5553977b8deb710edc2d0786c7cdfe9c158eada1b84a34a,1,186
89d25320500a3236c8bf726b,521,a00b18fd88378e7e885d6fb26f52e0b2abe4233dde7e644d79791dbb2f6c4857,1,187
ecbafae18a3ea796c40a400d,1402,129769d1951c764e281ed339d994d0a8275249f780ed3e03f437672883bcb7e5,1,188
45c931ec5491cba18a1b2297,1156,38a79e70243b0f1cd52ed923da6d7ed73eefd7b71a7aa3b389184dd817b1f79d,1,189
3c006bb4657e5514f76d02ea,84,3ea8a93ecb0904b61888709827517ce90973285f2857daaced059f5554bb2f46,1,190
f6004c7c0025934a01fbc340,547,4e41d5c3c668180e190b163d6dc6757615ce936d367d5f8846f9d246d77fca95,1,191
d2b60ab001f907ab60cdbd1c,463,4e20264d0b53046a4a059421d6e874fc4152cc9b6c6308eb0918b4a076b4c788,1,192
1d50bf0b05200ce7db831ec2,1478,f529592cd4f7262b2c4326373094f75840a6027e0ebcd4a04727607c23076866,1,193
887cd10a72a68459b4304042,977,e74cd3b654ce129e4ffb71cfd2f3183ee4cb87ecf1818051eabac61d73fd518a,1,194
487344776f92e9debfd9bbb3,812,653156179f58c748ceec2c2b15e299070d55f905a5785b108f7e63b1dedd33c2,1,195
a880e3700b6f00d8e2e80c17,66,54e2e14e5445eea2fd0cf7aef2de736091715c2f4b297e422a63793d5f69c3e3,1,196
bff53e511aa770dd06240947,766,c20044eecc1a095c28ab200038f703b596f35c0361920c79a47a555e1540f132,1,197
fb92d2b3c3913767381ec407,61,93278da9aa2dbf78569f5e3507ecdca6637a086d4ab8ef536de7b08e6690eae6,1,198
dacb943f220a252a7c33e192,903,2376a931553e8e229463792cb4b0461f12c6e85cd18749e0b5461c44682e4ed0,1,199
740341a0bf56d16045aa549d,239,87c1389458da360b9080c942a041829c91c48d813cd427209c82581c822bb9e4,1,200
caf745538577105ffdc80904,1358,bf2acbe45de41ac4da2d53cffec5897e72f95b742cbd858c598f3ac723646a87,1,201
e5d8ebf208b5124219fcb663,998,4d291ce026d5e33c5558030b8852893b9fd3a0ef8c50fe6a191befb94574db79,1,202
894846cc52830657804136bc,1187,91edc48b83e48c3e76b4c1a4e538bb75390c04e8ffa4a9f9546bf56b9aaf2a7b,1,203
fad805b5b2d08a827f290620,1168,aa3a971de7e90f03307b736732b59e23834f55d4cc0a3d407850a79a477b6e7c,1,204
7a45f040f3799a89117ab711,250,3d844b220aad94bb18232df1c9f898f25cbe9ca528c27b2bf854958c0d47c3fc,1,205
bf97ea01ef9f032af5685ace,1328,e9cd3e4101996dd72ddf12d503ea5d1d131c8e76ca17283687390a8358987be3,1,206
a232c75e488d2f2d8e76e308,1452,6f1b36b2ea77856f664870898af605393462faec3bb026524a84584a2feb0797,1,207
0587e5e0fcedb00316c3c41d,1130,b7e89a03dad8153566e54aa47ba5bc32461e89d1f2a9e292d007dd28e3b32f03,1,208
5b46af98f7a23114e1669752,529,66c2c901c5c33a8cec3c8759a7b5773a19b08e758de526b7d0ea3bdc5d689479,1,209
2270e28eac4b0664ab7c3982,957,5527261299f7cc3990a7cd2dd1c5c41b801954313b0ab9a7ecda05d6d6b9be85,1,210
7e3c5b39f5b825018fe48afc,541,9dd9d45ccf5d5cfc6c700dd44f05b88c4dcc0e506647bce9aeb8702e62238994,1,211
4666c2c1827aa258f9aebf0d,1320,7e551bf0767312365c62c152be2c51276d43355fdc543c53e0845d71c2d7eb9f,1,212
45f0dd7aa1c7781025620390,511,668e7a342a611522ff8e1a6b40f216e8710360c499366ee26c52dbe6d57861d7,1,213
e3ee56ca618c28fa57a820ec,882,81934031a454393eb1f31c717f3e755b22c8c548cb346305a009a54ccd7a7a9e,1,214
a1f3d26e11b3e353fd4c452c,1199,b4da9e77508024488e68220dbd1ed1bc449a83bc62215c415c23dce4cb5ad264,1,215
0e1155b2a416f638b89075a9,671,38c11c5f3853eac2ee3cf35bc9623e3462f29c43aac50f4683571af485a636da,1,216
4a4529671c8ba12550329231,120,5f182248eea273a456b6fce8df294fc731cbd16af049ba2dd70746a8ff48b54d,1,217
a499967e88432cb16b52019a,738,63713daca9c4f88bb591e40475e2f58e79afcd202c6a89d10bab84f9e918f84c,1,218
78ed123ea77a88664f2a58ef,1384,2157f4109539768bce945effe353f643f31842058be473f60618ac83e4b554d5,1,219
70d0019a48cedba60db5e5a6,970,2cf769bd9982be92549504db84ff1de815402ba484bff9553ced1ff56b54e716,1,220
956062ad48b5c528262c7e64,1278,e9e0b3403ccc167552968e8fafb04dd8c1b7094cd5f073167886f85d3ef370f6,1,221
1d1a81ce84e407229c47fe17,340,4821098d15fad700e2b117ebe9959140bb6b81b83883455b936f9f18ae75a7a2,1,222
5f427b047445aa03c6b42a63,733,163ca771b65ee50faad9854ff6dad63d7f91bb11abc0bf11063c344eb432ae46,1,223
90f80d3f124f6bda93c171f8,1295,09eed76f461e9217fe33b9379921b22097ad9102151be12d358eea7ef7d477af,1,224
ad8f3b1947a7374f6c023cfc,1177,4d264a10ab2a1ed23dda9b004efc2671aff5927734124fc80880e91e3bd90ef2,1,225
6ee64031dcda587624c9e3a6,1470,f30942782654f0b4ec4dde20a3bf8097922bfade0bc0fcc90a410258be792d38,1,226
271c68005d966fc8abaab2db,401,9fde3d20c776733edbba0222eb7846688c65a3b761b54f6fbce720d2af9639a6,1,227
715dbe25572d18183c0533a1,1088,e358edb9d4ea6d413eaf7d7f1eea044b589f8d52d49a5d21e9741d243b71e8e7,1,228
b317bac04d2e6468b5b83fbd,651,b6d98105d157d3b21df00e563463dd70a9ddf59226eebda236f5ee0b248e88c2,1,229
78ce6b705380ead62fbb0d7c,770,64f7786241f34fc876f24b653617ba74c73f1d7590b1b35372673f081bf34cf8,1,230
c3081e706b04e70746ffaa73,1123,1e5b1bdfc19a969328fc50f158f611a5424e5e435bc9fdc6d5307ba00f04e1a2,1,231
957f9c46d5a41e34d73486d0,857,32698c0ff1607d430832dc6bdaaef983f2d4f59d226204714ec19b11ab3c97f6,1,232
52d9523785d45bc2858c487b,508,561f07bc123aaadd18dad2ac6d416de45fe74377d79f22cfa44f886da0352bbc,1,233
fec1b085669195b8ee33a60b,1351,c2224dc51ee6652b94efaeb5a9f124487bbe72dae0b97e065ff31cd8ebb2cb8d,1,234
0967bf4e9a34a557158ce41c,701,13e1c81c8ef37bf5e6f13d9778cf289e888d8641388efdb9003621f4cad5e6a9,1,235
cc3e079475ddd3b50d122e23,682,d043baeb9f358fb1a6678e367b39a11ae723d902defc55ef97a3af4347f57dfc,1,236
0abae3764557aa94262b5fcd,389,03ff9134a4cf134e144afd4ee6c39a02a4249308d382bebfb4836c3fab540547,1,237
e90e7a677178811a4d5b7d2c,1044,bbe8a718b4f3410f13e0650490a47f1a134a6053e7a394fd86ceaeaae149d32c,1,238
89d0be7baa2f7d6990827f76,200,16a5e9d0962c17ecb7def648578c3bccf8f9f7baa62cf65ba46a7c4c6ad34e54,1,239
cb164fd89c4a24369f819b6f,385,3b42c30a077a47263401d35947dc0a89f4a88ac6b913fb148b6bfda90e2ed2e0,1,240
cf24ae6a54800494cef931b9,278,dc26e77dc091f693279681aae2a01e9ec3b44f29e2dc9d31daea196d791b854e,1,241
32ef7f4de737a4e23b7e009c,1085,b9aabaecce2cfb128673871451f0746d9e9b506050b0dfeba5d24c321d79b703,1,242
66d6be8c0b1767f67932a100,1436,9c0c47dce201cc4a537140035fab3ee89b2ba37f022c14f0aa1a64690902ff2c,1,243
0eebdce5acdc9a9c9e24f64b,226,eea8b51d30c54cccee82cd540f537ac9621801d530a67f8c9083d7e6efdbc750,1,244
0cdc6bd893928454c31e5f4c,1371,91762a30e377a3772559180c4a628080948f62498c429d00d813032358a7397c,1,245
3b92fc1152c6e1a4d2c56ead,804,5679304be6a54be55d702ada9b2f13add90f38c677e38f45f7b434f4ba6da009,1,246
2a63b8c5fa9acee7c82dbd48,303,fe9b8856b649de332c8e08b980a9a3ae239d373f546600af4f00b87e1acbf903,1,247
89185d866a0f4da8dd30916b,994,544a9e041a07c9a2b0797880c3c12d3cd8d828b5ef9dca5f3003fd6a8033ab2b,1,248
2681ce7bdbe3b20549050b79,769,071014d5b333059366b3984a9b97d5bb5fef2a7bae3143c31b5498098fbf5cfb,1,249
9c74b441f6113535b1ca01fc,846,64224980ae26c24de5c65e00f7be52d6e8e7366b2223ea097171f1755d113f6d,1,250
8d31114f45eedd3db60b734c,1340,76ea5a75360051abc180d20e2885bdde607025814f57efaea47ef38ee91bc889,1,251
ba93294de7859b2b9952d303,186,34fecb0070a471ab0f207f72ab65c83d817dd9e822fe9cd7b05942157e162d14,1,252
0ea37100087fcd4308130a76,1346,eb3cb0ebc767f05de261bde6e689832037c6380129a342e261fe07a2431caea9,1,253
389b5efbd722d3883521428a,1184,925689409e98112cac12c76658aa6348be80bdc37e9a77449e7386541c362542,1,254
2ca7d19228729e4ba0857581,237,7b8ce1dc060cfdb915c691ce1c0b7889059de17c0655ffca4f921ca14739abeb,1,255
a2610917d7d054d19db83193,94,bd9e572323264b5c51afc73b1dd0809e36619087dc6b0b13ea4db45a19778d6f,1,256
fcecce4bbb80991e59a3880a,1141,0c11ebebaa61b5dae301a53981348c50aac0de7e1b944a464a5192c84a4dcbe7,1,257
40e097807065ae2317f3e4fd,98,686e8b24dc26585d8e28ee2a4c9d11bf2666a97f7df90ed312a3b4ea3b424316,1,258
1067515f4112d839013836af,1091,943023c77bd7544a6e43ffacd86431cf85953580c029a55b7cd64619f93375ac,1,259
dc36db7b1ef6c8abf1704d2a,424,030b6608b3ad837fc5544d20adfcdbeac0ef5ed73a1d788f1e352cc070156be4,1,260
90c10aac226c223a1abe6172,490,fe9db247c5a29eb8412880d58caf610574eb52b6f4c0f074cb82f932632151ee,1,261
ad525316fd0ecff8042775eb,572,aeaaa671b4511ca101496eb0d43c72cf9c57ea2995d5b7841319abf842b9bfc1,1,262
68bffe4954ed741c346b84f9,1182,a8af71a213e62d48bea4974b334f26b2eb2ceea15b7b3e2801b9765a19e6d18b,1,263
9914cea7edb2a0cc094a8a91,657,14e28db195306d3ac8cde9f77512ac8f2e9a26bea232d0900327de2bc1f70f5a,1,264
3c81d68ca7d2cbfbcd2db0a9,34,655e2f5ff84c20c30a1d88fb8b07918ceaaac25882c3c39a2d6de057946f2524,1,265
56b0b8a221e81371709f7b7e,22,c727e6549f8a62c776b714a27c99133af76d8e24498b2b627fd04208fdb90d9f,1,266
9529bfcae10e834a3cdaebe7,350,3d48bda4f854f9801bf8f46c9f2c3a15cafc6ff6d447cd80b2ef7214aa3aff46,1,267
fd39a5ff0e6b0e35a4d4c7d9,790,02b34d12af3180190a03c50e00c6bd9318535f1833ae51db77e8053561e94d11,1,268
ac730e846f84d07cd9df0938,859,78c17014d416ab05608609e3de1ae9c54ba2ecf71ddc9a9ba0995e13125afdd5,1,269
ae77a179c2b2a85c18cc1ae1,1315,81b849ed4c73d479da9aa09692944b09b7adc53103284bc3525ce3d56a98142a,1,270
e2a6efd1d7b7aa36f415554b,1254,aa78beb6c2ee131509689adede75da32d8855a7614860471a5d39ac10b73ff82,1,271
0619253ba76547c283e0d900,789,371f348b6ba592949cea9f85e6e5c976584e0e06180aeda05601449119901f08,1,272
50571c7a14895b773f55785c,763,2eb1d1416d224f68bd925363b166ecc09c49947f6fd73cfb2631dbb764f9c1e1,1,273
a07b3f7105f61df680a417c9,557,03025c0d5d470d2c7b837317a07be9fc819546958fbe4198127cb0b95913e531,1,274
ad13e5a7c5956f4a7d9b1a05,1283,18f0d71f1fd0bd6162af34308979e5dd884f18cc9f993c1913dfe73ec8905ae5,1,275
35190b8958f335a495802413,896,5721fd70626373e79f834e0cad3b0a87d715edc3252685633c063a79adf07113,1,276
15ce3a1ae809573e04be1b0a,1219,3487f8fb5017e40e7deb98109f4a99aaad05315930170f1c5589b7fe1003adc1,1,277
919b9cca200e2f8072cd29aa,1474,4a8248e2beeea27b85bd632b7dcfd7e154f82b1801a85c3e34993796c77f2c88,1,278
9a7a803558f6ebb02927b7a0,922,b11dcc0aa3fb2895cafa2460cf311fc46f2ad17aea5c514ab0b8ff9d15b7afa8,1,279
5ebdd6f5f4d6a110f7775213,991,6de5043febd55ca9e9c1ecffa2741baafb410cb2830e941f60c8bc6eb0859076,1,280
0affc96d4b282524bf13c2b9,446,e51f275ea1756b49b7c9cd3babc6b491eb0b225364f1ab98817a66a9cd3c1581,1,281
b68a1e98ae52c25b72963329,1135,ef45ace03dd8e48f64fbec21fcbaeff1e433da18051ccaa0f8485c2cc252fee6,1,282
f4ffbfb004e03d2acd2af820,1445,c565686a2134f381b9db8067fe76b1337e9bcc0d1e08acebc7ed02ebc3a4fde5,1,283
687728da014ef803418f94d6,724,4e644d8064e4eac65e1d6e8c4810ff189b7702e75051379056e3d7be3212708d,1,284
010d3b460793b5dd99bc260b,492,64b9fd4c539b8d4b895b82a95f08b76d8931d3982fc6d50c3505445de043c2e5,1,285
07d9b768b92aea25a4898e6d,150,8a8ade5c636bbb190493c5ab0d2fcf14a087d91e1813bbdb482169dbc062abfc,1,286
9c38a65599ac45e36f1d282e,390,0d7c7fbed3ed537b4cad777e8a0069707aefd9005fe6946cb7cfbbbc477244ef,1,287
d1038d3539ce857c87e48cf2,669,54fe5f825dee947deabb5a4f11219840243f0a4b70888f8a9567af6c975f7375,1,288
0372ad4563026c1a25de66e2,965,6f2ff8e16134b3f676fcbb1f0956b2162da23e0b74b9d2b19a55cd9a0eb19da4,1,289
68c37f99ce1c0b8c73a77fe9,77,e1c391268e0a0c2e1f8e096418785f4e9cd72e468a7170f65fa52ff596af1a3c,1,290
3c6cd05695beb3e6c8a15d32,440,568819f93b6e5dae26a70f84aa04c1e3b994d68a0a98cae4c8d996425ec4f97f,1,291
f18d77e858e4b88ac25c6568,1248,c4c6f8773866f8c65c2b0e3063d99c472b401643adbf3a091a94d5fea8849ec3,1,292
8a1ebe7fe9e883c8f5221f2c,700,009d42504feb95f62eb8df4f24a8913fff42200cca436b4b41cfd833c2c1a24e,1,293
6d196b881e745b7dd1452dca,428,98311cb8283faff46c9751d4430c480264dd6881fe60b324501283cd6e8bbfde,1,294
24bbb3d4e381257a5a5d3ada,317,63066e171b04c7021a50693667901447a50e391f3b5b858bb989b628115e1f46,1,295
ef8087d8f32b71da39809284,1120,84ca7755e5a3329c7c1142438cc7750506694349611d796d7675f44d37fca2c3,1,296
726caf016e935bc0d7c3b96c,81,253eb635cc9ead524ce88d3cd6d43b508820486d4dad6cc69b9b847fcd20319c,1,297
43270ec2b5e2e135c42fda2d,861,0042734b91abe3374c4a9a9491428082581a62cef9be61470049ac00930fce52,1,298
d84f28431906a38bf724b87d,1399,71a31476daf8b8d2c7b202d61378729b2d9902a707a95a241f5f768386908138,1,299
687e3ce3238355375c211f36,872,fe5da599e1669ed388af74a3eb8a38dda0fb42da50bc9a2379931fb1a38a119e,1,300
a971c795b287299d28f3a348,832,7607d19d3599c5659aecf10e91151380ee09ff38504df5a4a1935bb39a148844,1,301
39f0cf68deec5db7706cc817,146,b92e534b3f060a05edd023d5238f87c7c2e1668171ade256622d305f841798b9,1,302
3c6275b8cc121b2b9dc7cab6,1353,e246d16c7890ad1dd3a048b3f87a84b87d2ac36fe9e88f0c6febbcc27e993bfa,1,303
ff12b7ca51f529d6dcde170d,822,c0f6b3cf05935d02066b792ff04ce76efff8a55c7aeac829c53606a12975905b,1,304
8efe3b1454d1719e014b60d4,1349,781d1fef6b346bd7fade5d76dc568af37b25f5fe9b31c06fea8664a22d3e1e71,1,305
5127a8a151c16c3d0c2abaca,932,c152d8e6d8eff5f77970e28c8576ad55019599ef997beeeee4ce9b07eb43511e,1,306
c08f4ed93f469f1f275e4619,1092,cceed7b07a3125134cc14798890657cf32a9fd7709d0579245ad93fcff7bcb09,1,307
059b68743b14124b2cfdd35e,144,c288e0891f9aa7c549aa30f8217fba6bd02388eb20ed2abfe652ac2cd754f917,1,308
5868400c3945f65bbf826974,779,58aa68ea8f088d6c59732c8273e51533a9c3e1d5fbc042f958f8c94ef9b35882,1,309
9376c8e0892ff46763f936e7,1239,2dc6027d00bd3a9fb33cdb70e0b80e1e516eb0da82b5f64a90986a9d0e36b520,1,310
0259607c8264991c634a7a17,26,43da12825f8bf19c2a5db7b355cc232f889930ddbe47d9bf284cf1ee4a44db1e,1,311
d22efedab4dbaee70a322179,1172,624a31a46e0afe56c826f0bf2660dafc1888f4b6c99d4827ab8861286a3576dd,1,312
94665d8f5e00d375e2789885,1480,8358ac297e48f01c31bbe099e453a41706516928153686291744c600caa88f52,1,313
6ab64ac025a711bc5344a06b,484,b57ec7e218bd2c8573b56cbd04e59401d71d9635985ae5d6a6b587964fbc7fc3,1,314
e6837a81aed463449a60995e,866,53e6d866d8c896db1021b40e108fee8b0c165c91fd2baf347abfda948836b736,1,315
44d79cd8029b68f4dc55f11d,1083,df1901c661e71d6052c139bc68b17eca443d4a3116ef9df48c34a301cab310d1,1,316
9dcd6dc1a2844337b0d19c11,1331,11385bad4c1fcf7f178c156f63574174402dfdc372a9799589f76bba48776d7c,1,317
dc1615ed2b15bc6e7dbe7b92,756,0f4cfcda6ebc729ee549284c361540afd03a81f18b5d86bac9c31c2c304b47a2,1,318
b362288106b3a7d53987ea6e,938,7b08cbfb054ccc27916cf36607e72f692b169db4e24b9ec0b740683ae05e4dfb,1,319
97f83025951999e8b836b3c2,1084,0eb3e1ddb3f656f476ccf9a6ce48d9cda83f68d240e05879748729ee6febe1bc,1,320
5b1de62a8936bd1d795841c0,429,b31957997000ff5bbae01a59fc36995f74f1e71b94e7b0ea92757f0c2463a3b2,1,321
c65622f70ba9c70bac9ed9e2,1045,b26e8aefbd48a95f1734773a7a034356d6ce46b3b186875f06b79aef97dcfdd4,1,322
61a8bde25e0c3f3003daa9c9,635,e1f115adcefa21de41d1dd1f021add057f1d818d30104732888ede10685ff6c0,1,323
7d01d6b69ab920676e8da867,379,04b0e2b16b276e089aaf87cd3751d5dd35df3dde2536bea0e9ac7531a0d92086,1,324
884ded39b2d02ae24eeebdaa,1137,d921ed03c2842f459f0ce3a91ab353ee7188cc5d3a2420be898cd8b13b46df57,1,325
432b635e20121af628493923,1369,81d74960e67452a9732dac3e6ccc529a87a889795cf389b758183abbf2376b40,1,326
351ba974e6535282841852b4,639,213df9d626063a4f9fb519f3cabf43dca32ab43e29c64345775ed505c384b7b5,1,327
17d43eb9171a139db3459e67,1006,2e89bb04be844129b46a66fb0e5cec913d19a78b50b510d979fafd61d2c5fb9b,1,328
77aaba5c90c9d860f553778f,517,ecb8e3f072e4d6b157235a21f974ea124a43d9198957b036256aad435343cdb9,1,329
4a236c608382eb836af913cf,829,fdfbf95f12cf9641359469d66fbec49b4662f9800f269bb23e2b1fac4976cde5,1,330
7da13ed3ab4bb23a413907db,1390,1126648da766cc29fb47d5c29c22dba6d2395217f03e41b124f254988554515a,1,331
a388801870b3fb66a57f34cf,245,adb04c700c70c213e97f509d9c92446ff93dfe7635fe3a9c94e7f8f615e849a6,1,332
d7fb191af0e4e3cea19a9035,397,f35f3e3d82df819f2a7832795b0346f2a6b54c223d9940cf6f666f78c62edee3,1,333
9840b59963f778bb910c2982,1267,0eeebcc32c43d9b435d461c87aebb0e9646d6fcdbc077e3b873e2c66006f6a4b,1,334
f4d541b548296f4e031eded3,316,6a7d4491cce61cc9dfb7a91995c706058657e93e2f99167a6c58a3d25c2353c5,1,335
0f169deac3353a7a9f7925db,311,3cb49554d9ee3163886359612e64fe24628b1158fd707a897dd00c01e43dd36b,1,336
6e2f03addcd09e54111f8e01,198,7e8a58a555a3f38cea28826b63a5512f68fdc617a924dfd997352e2a38b81aa2,1,337
ee53a618fa55933f112ff2e4,1464,1731fcf37d63183e70b749316bba6eb592015f35a81d93a5a8ecc495a0759db9,1,338
4fc434f455dcae816fd6cf83,1059,6adde80ba9029334fe693658adb9a30ce43e5f20826a67fbd6d756301cd364a7,1,339
837ae65773c333c2dd6a2fce,575,f753ee296726377d28d9c6c47d33eab577570454d41f38f2aaf2655099eaa7bb,1,340
aa3b4b5f0500126edf760ef9,538,53091a5dfee8dc7c95255c60037417edb738e8bce0892f085fc59feb2591d630,1,341
a8bb5680789cc606ab5d72d0,536,d0e7b1c3cb8aa754872d0b34bcd8d5e8d200f7f127d63ca28f7bcdc095840d8d,1,342
2dc380f465071b02d905ac2a,598,ccebeaa6ac8a7face14318e3537c6db3093b840927008ca7ff36c7ebd2f8feff,1,343
055f97cf46d3da6ca2285a58,883,87936f1907d2efd4d14759402f8791a9d6e5b10bf88764e7c8e36a0fa97c9f55,1,344
baf06264018a41f434d3dd6c,640,f768b29fd8e3b8fdf3d097f876eb20be6d8912c8c1c395ad0c8b43deea30f251,1,345
cf98e0c470c004c570474695,1155,46c819664938c8c1cdfc381aa26705636e0e55177fc6f0054e488682a82b4ad0,1,346
f899230d061d70c661ba46bb,224,64137c03d636333ad054eaa7c4867bfbbf141440cf6028a783e36df51e96e6c0,1,347
f979cabc1814f0f22aca3ea3,652,e4f56d528b9a4daa4d82fb6426f8f1a343eb1117423503d4522ba497b7721846,1,348
b1f5c4d65fb902a3ec952f99,261,51534c4c6f3ac721dffbfae91d8dafe6817047c5d8fa2e4abf998399c4274890,1,349
b477533af48505b552e004d3,526,51889453e09b9fb4184a19e0aaba7c361b2823e52a4f61c11cf8be2e7dccc852,1,350
b8257c7c4ab66e4ca210b107,621,a1931ede3b29e6cb94698bf433e8e6e62d092cb5b6dccff1a7524eb90e6309fa,1,351
c1f969775e3e64b4bdfefad5,1438,1f5b124edac128d5ebf85f380dd63517554b5066f4aa53d1773a1a982adf5e3d,1,352
30cff037a3935b340b16cfdd,1307,446a6daf957cdb3c38797a3ae27ec9921af59de5116f7f21f3e751bd0ba37706,1,353
3a17761971e32da12d0aec81,82,3d5e299d375f2f97d2015325191342bc2d8bf4cffd3c079c73b20da609b2056e,1,354
4acb1d3401e37e11adf322bc,1437,925fe906e3358ff1b115d7954f36e3f8df8701f0d5878f66ee431adbcf286122,1,355
15bfe12133339440a94490b8,1038,18109d3642c5c19dc294c13a946f1824fa65c5ca4fcb37fbe69b1ee67303bbfb,1,356
05c604210390b3dbe0b87f8e,1454,ea659aad3dd6f839e5da2ef7560c5cc8ed28c5cffb86cc9ecf987f8f91a05c41,1,357
59cbe5d5153d5d795b54e58c,1444,665ffce5fbe99c88e08bf299e1753b66178d90ee20562f64379d862fffc72825,1,358
309008179e45df01fff8387e,330,37ea4717281365f6210e57fa2781d3d6e641ecd4f8a147e8f2acd9d66dce2f6a,1,359
594b4616df7d0bf294481080,1103,f9fc1aaa2d33fc27facada4c6a8bd04f317e71591abe2b07a6a4e8ee8184fd3d,1,360
f2fc4499081259039317b853,795,5f171782ca5402817a903018dd4614ac62977e87ecdf964949aa7290bebe12a5,1,361
e5ad179a06a8b8d742d2f34c,1279,3d1bfa3182216f8a42664b9a58267e9caecd508452aa72c94fac6176c50a5150,1,362
8844d347701897f7dc7a9467,1002,784d1439fade705eee478b00c72a3945a25c3af38f9fda386e2ffb8ed23a1434,1,363
25f9e4c5a3685e5c7c0aeec7,310,a544453a652038cb2c47533ea0044578431a943365b171cf94a288adb08880aa,1,364
d971663a4177282919442a2f,441,0109c5fc4446702af82d2ea92dea601731181d409ec3c3376fe0ea4ba5972643,1,365
58010f4c05d98d3f91726cf5,1467,a3e58562ea478c75a34a1e29f6fccd0ec2658e262579c51902f502e9557236d7,1,366
e544e8aa87f9101fc118b1d0,919,5371921f59462eb13dc6576c6334f2f613f34c5983aa2c233e31c0a62bdb63fa,1,367
19ae1a4ae50e23c2212b2412,1076,249df27fda9aff2112d91f7dae73ddc2f67f8b601fca1a68ef69bcd850cb31e7,1,368
c605d7df0ad9ddee0048ad2b,798,2d6c4abb1e8d6860115c9952bda2325d629721f7b36e93c749382f2bc6c87ed9,1,369
c1536d23f81eef623596053f,1361,904f9aff514614a1489417322bfc090e30f01374a688ee68e7e13235e31cf58c,1,370
82b2ead5b8512f413b3405f5,1400,949f34f34a004274ec1f5e1c6d25c683e277d2bdbc19300e6d61e26737ef2aeb,1,371
b76ad26890851c8fa003d3db,160,8bbd18c3e5e9047ccfa9b70c70d2f49276f94e9c4e0800d7c052305c92b9f219,1,372
7c02be9d8caed40409038320,1186,6e9ddfbfe323920a2ffed9c94750c086e94c033ef19e4c437d7e954eac65f53b,1,373
d51c64212b14fc9fff31debc,1128,4a3317b947ba91ec1df8581ccda8244e91d1d0f1f0af9874a1bc452fbacd6b28,1,374
ad22522bf0b27559e13f631f,216,4e68bcaaf54b447c91162815f0a1fd34d0e2212a9e9a3ab2a403e0929ac6f10c,1,375
49900a1f5e7e864bc4fbc94f,1096,19819ba2152841cd30093d8c4211b2ad4cc645237704d9c578a94e5846a292af,1,376
c1e3e4bf0c366d2f07a6419a,504,d766a721fa9ae7294ed6f7b75d1c8960838d29f13a37d05860a27f86002233c5,1,377
5b3e8b60590f86ed9382c57a,539,ba942f3988a386f4c0e2afcf6b0d27518fcdc18891dcc5c35aeee8dd5f0a5a3e,1,378
f249d1018d8f3a7467277bc2,722,5eaf8077a06699b7ac0213a5f8d794f88764935d84ccfb0e24f5972e3b16e0d3,1,379
06fef98ba573f1e6310f6ff5,898,e083dfde39484edf2da0714c558720470d945d2433f0a5b5e07afce51db7ca58,1,380
2ccab50696357f7433eb7960,1175,81791951ba930e57a533fea89d4018db6bf32e8310b7cbc444154ef871c0f956,1,381
0b80ebca06d65a9a9247d168,839,991b748a42bc97404725ad9222019c7359261e9919cd8b54d568fcaa176db3e0,1,382
546eb33a18f8b375d1a9ceb5,438,47e6aab768c5d9047724be83e39eeb074542d1ce8b617ceb587d0cf80eb5311f,1,383
ff079ffa535547c94ce702dc,941,49327d86ac725c45812fcd66c73b3bf1b528c1b6663694b13a3b0a4d993a008e,1,384
3f07480e52f861c1e531f487,217,97e94dfca7b0dd36bf68a04e70610cd388e7f4bc12686f85b45a66f66f3a7203,1,385
03a9afa75bcc1480d1919e3d,1030,f8a1f8e4f7180e8f1c7d87331fe561a203b1b282ec168b920f912b5d40582882,1,386
8aff2c35ad501afe159fdb4e,1007,ab5358ee095c94e08d27cd036bde0efe0be93e4f9576ea617e75f04f1bb8fadc,1,387
1ef82fa55e12066bcf568cd1,816,5a51b3a2c03b8ed9a943f9b73d9f48d352202730f5a6c32b1c157841334cf8a4,1,388
f95d91b56065337101094398,946,b1ce974c2152f52a5d49886c020323850e206fdfed25077b340c46aa2874678c,1,389
b54f6ede41fc41fc370f66eb,711,c6b66b1f163f510933f23e1e1c5e3726a23d737209598459906c9233a15e09ab,1,390
b9c6ce4ae97151cfe0b768b4,1008,1f7733cd7b1d2090dfb0f85b0abda5a6d1fab558f83c24430f88e04088975d3c,1,391
ea3250532c7a812127d5f113,926,4c69f2846e3566ef4251e98d956e4546f5af106a28ed9e8ebfdcc1d27089eb9d,1,392
9b11ceba4da1f6bfe948bb68,744,49ecf6759a69c44551e404934892ee664f8a682cdc0cf210ecf1f122d2d684b4,1,393
93c92981036335aac8e5cc4f,1117,166a3ead00e54732c572741a7c7e6bb6ab2f69deb9b3b31602b7beaf1bb3298d,1,394
9e3ac63d50551c6d5165e3dc,325,cd6aff288786eac0021112608afb31f3098b71584c5a035cd7f4c22d1af55bd0,1,395
2f32d1c459f097f2e57288d9,950,4d0e6c9950b17730b68a87523044544a6e8543586e9976ee7cc518f88745f655,1,396
c2833ecbbe99a7293d299050,995,95ceb4bd1a72ae1c4f6f7ffa59871cdbb0ce2d085885c22da80bf0b6bc097a45,1,397
e15602f08b8e3fe611d0907f,95,5f17771fd6decc310296f9bff74c44f370f71e8d2cecd4394c758e31b371447f,1,398
b9a2cf20b9962f1a915227ae,1070,f543b463a555560fcc3ed237de5ee2af33b9c34f9ad17869da4c2f1f04e1bc15,1,399
befefb88886085087f03167e,1255,af4b2fc6d71db0057aa87668faca3a1e557cf00707e873d92dff88cfcbf5f9e3,1,400
f3c52d82cbef4839e2936256,422,cf7e30bb7893f58c7c815bb2098ebea26f5d3913cb86ce3d3408ae8765a9a383,1,401
ee37a6e141bc4a2a72b5abd0,1098,ba2382fcf464e92f0ec0185485654a2da8ee5c0f6f7173f4e358ddab441afc07,1,402
dbcba1fdc11c78b1dd034205,662,903cf190c71f4148d5afb86a6d20c3ac1fb8a7c628b1a9327698d528a27c055c,1,403
5020d7d841771addbf67a4ee,73,5b4d608bcafdc2a7f2538ba285ef7271640ef56b57625c3f3114da0fdaa3dfff,1,404
85bec922cad1216d2a38c848,202,45d5ac11e983a0aac203eeab44d7f488fe81059a332b0209da3ebfc4d8e742a4,1,405
d9e43d9dcaf13cc7e8c7cd8a,980,0b227e10d99c25e32b8dbe87b8ac9bfdd548993088097f5d268934e6b3bfc2fd,1,406
8edeedb5e33b3ecf0f082ba2,252,c23f35403b0b80d5c6572dfc9ff409ef8125f5548c3b56045dbe278817634d88,1,407
83837b396f8e790fe1f33515,208,599a073475eaef9509fe0f5e6f4f4b1f01c780429bd3cb7ca1af873b094182c3,1,408
8747042fcea5808fa735c323,728,b1f47bd253dd5a896583556599b59967851d16718850768886c4755e83d95454,1,409
60f18ecd855e0dc31a18d355,273,49be5e2485f0c9aff4764ed7904d9b72a02d1ba8193b5bf26615fb3324486c90,1,410
070a626ee8888812dcf9b19c,4,c606a6c448e008bd42064a71a9bd7a5c246163e5e02346d1148c38e31a65e37b,1,411
feb19adfca109246e35fac4d,373,5904549e9674b00f22749415c00aeaa5b16dc8e447dc8eb38870a518df36449c,1,412
2e7b5a8a50b764ed4387feeb,115,9aa7de2007b2199bd17f6b28b63dd713717e9d2b26520d70b30b80e34f71d8b4,1,413
436a15e95132e90a8cfe4c46,650,b95381ef4cb3023e9e8096ecd2709fd56cf8b04a95ba140a9c7c2c72ffd16265,1,414
63675229eb8231432e224485,1089,125f99acdfb3e14d12adf837add9159f8075f8d159257379d448a79ac9ae90aa,1,415
0c423ee0c14b69275239423a,242,2aabbe6175f8089171e6cdecf19b2d7fc0050a5fff9509d8692771b527cdea4b,1,416
cc100bec70ad720bfecf70fa,681,daed91fb812bcf35302af083ff170318a1b60e9151c568cef0ff952dceca6a98,1,417
67b299d0e2971f0b61c427e9,1414,d943127767260160e6defe9e7729ca1f802dbaab3fe5f25c215631a9993f33a0,1,418
221296c25b975f70c7af8285,519,6e2c5b86f68c5408bbd3d7ef8973eb1322e5578af7320d8f27776f3857fbf811,1,419
4f2855eed2f07040e6c20d88,1097,bd50c1e17f8757c60c5c82e97c74e0117e4631617a7dcf147f9f358067e8beb6,1,420
4c35593aa4819a2f095b7eb3,649,eeb04c72de8fdf3b580f9ad7acd7b2d724a34f9fe647827e9fb5749d41d915d1,1,421
52a9df51b67f57808d8ea267,569,72ce4fdda7a5ea5d06ad7b49001e1da986665d9636f660dfc5a63925399a996a,1,422
273265d78aeb5eeaf011ec58,225,08d20a901819a610991a1aff0d0b4fff480f145bfe4973087004e8ae8c9b9ba4,1,423
7afc1af2410720b3a5bb9017,1417,87514d1fce2b4316d7bb8486c05dbb510a3c0c376cb977361890695204835bf1,1,424
9118f51b83dec07b328ee80d,551,fe231a5cf56ad002a22b071051a0050ff1d1bfa071d1b348e22f2bebed94cc8c,1,425
e44a5b46daa8ef34d835c150,520,c581dfe44ea820eefb0695ca3a58777bb738c87b9d46d82f9355b876bdecceb3,1,426
716ce69b733e9792a9118610,343,ee32c657152f3adcd4c724f85cd7b02e3d6bd7a5d1688f320fe6ab804d9834a2,1,427
d794cb3252ea24ebe121ec18,819,3191f99891f7b8c8c4042aea1ae6e5c6fb6779fdecf6086366e742dc558938d7,1,428
40c227179a8843c70389d855,439,9412ce392e3d9f8fd58b067b60b19c8bc6ccc663afb76177ee645c9700237f1c,1,429
77a3cf451f3fcba94fa8fe63,134,cce6f7b70425e0e4b98f7fcd63103947e52743b1fcf9662431f58871e49affb2,1,430
355ccec9787a9b268df67620,368,91651ae8108a5580b70bed501c021aa852e8701013b2a7cf3cbea6f9922e512b,1,431
59241b62e01f712e5d5fa049,444,d990fc828024c2d4553ef737b9939016cc29a3c20bc9e564b14ec22d80a3fd15,1,432
7c335eaf9b8497eff8a655fc,1409,0a653cbe47587b1a5e2b568b6f191670dbf9f997eec708034100a6bac395a9b7,1,433
17faa0679c3887a688625323,802,780525a81ba8c69dd9c4edf522cc4b3dd41c0b8b75a8f4e6e11362b6e8a8e70e,1,434
e73ce1b92c2a8f3bfeee8739,1352,b7585263d239c334382416d62b715e6180a7014ea80046ad5aba8f33c121a4c9,1,435
71bedcedec9bb8bbb8b6afb6,380,156c98d8212a6e6743e62394235ce86bbb2446d3f73e777128aff8a540acfbff,1,436
30b906bd47dc11493c1d8604,1405,22f499d4476365ceaa04e44ee40e86dc1ea610edd8d1f0260f331b0406b1c0ac,1,437
2ee809f2354ef6ae91a63b03,1413,4a7f177258c1716ac0c6806020110d9bf0239fe5d8246cb5462feece19eaeac0,1,438
a1dbad1386f94d215bb7ec76,767,a9830a9dc7f3796e1665ab60b6c1b365dc5cdc7921c1993104e045c4bb1a543e,1,439
1ddf8cbe38156f350a21f74e,854,91dd896efa40abaed592744dfbb635b82d2dc293ad9ec592290025a347d29a8b,1,440
5467ae1e51c929733bde7d4d,191,e78dfa469a896a35ed9fac2a03397a02bba3af3693a1734dcad2dbde43806ad9,1,441
41bf7ffea39d4244a38a9374,1126,7ea8e6717e08bb0cf31b12aa171003155cc4af711f9ca0b5145c31d79f9556c6,1,442
d859aad59faa0283aa1096ce,71,e498921ba76a24321a5fb003d32094c646d69e7823b497e8a56a47d41197529f,1,443
e141c3ee9a9897616f80eb19,585,34fe0b371963b6a783471374f1e6945ac6a5ef13f6930379b3a6298bdf02394b,1,444
962d1d3c64ac2ab786083d7e,1125,251a8a8e3db6f86f73e97e2da03ece22ac664c2feca0e36ea3b957bc80865fd8,1,445
2e25d4309f9b5f05b0af24d9,277,4695e18536f671b11325ec2f5f94b05689a8c898c334affbaf553d08e9c166c0,1,446
5fac52d381d04f01de5b3179,1355,4bdb1c76ee230735bfabeda26547e6d3e1eea2d5caab64710a3e8a94271d8ae0,1,447
5db76016ff90907650eb68dc,131,d2d4caa81576cffcaff7f7c4fa88ddcb0f909c5f7258d87e8b146e417f87f958,1,448
618f6171f8e915916b6bc918,793,696e65bb26fff5ca89d3aa2394374b9d642b721a8dae138e4df089128902b073,1,449
c1d59477b44c2f2b2423d163,1122,0b55e7a114c20bce842c2b97f01712f05c198492ac66a21a899fd5782a7e68c5,1,450
1036a816f8a3cdfdd9141bd7,1143,6e89f1937de80bf9985746b6ef35e48c84b0ac94831cafc83af1bade25c4d6f6,1,451
d37672e9819a11bbea5f9aa2,189,e5d09f93d8171ce8a0139a437be73e3094ed81c2d77f50fc8829e3e34da49175,1,452
b2375dc57a2198b51902fae8,1217,dea2aa6a7b7362fd3fd4a0e310fdfe84c43377753c5265be4754b003a91ab30a,1,453
be419270945edab1450f6867,476,51fcc790a7f7dabc1ea25be1813b1cc5e043ca777bdd1d5f431c4dc3261419e9,1,454
08b2f101edefddc377803f7f,1215,0632f96448bbb4ee8f1853d35280b3e912d55b00b894f1f17b2bc9a75ca255cf,1,455
662c4e429ab6b924afb862ac,201,cf36b228491e1416d07065562a78d7845fa6c980c24beb639410f50a2737c936,1,456
c19b2c55719a5ebd545e84e0,1274,e087a372bd7079f409df2b04d4952df54baab2521ff51e74a048d8e7946e215b,1,457
1527f1ed28a40a81eed29184,1183,0d75e7ff8c4b460d9b0d555c56b96671d890082f94a13e09b0ac28f551a3361b,1,458
c7520ca35b407357fe397260,32,a37bc9d44457a3c41e1b4dffa2c3b5edb23421032f6b01027621d183d32494d7,1,459
388edf81b5d735b2ec333118,1428,6e0acefc5f634e93712938fa2e4ab4830a0743cb4e5f7a85d055cd9404e22e83,1,460
a80be5b420b383dbbda6f9f3,486,b38edf1eef430cddda25db52459e96bc151d5a70b494ff129011950f9995df32,1,461
ad840d174ab6f44d00766f51,142,3d32d657dbd57fa98c8f5a096e31a330ba5b495e24ae2d9e7f2136ce1d022ae8,1,462
98e721679890331e4fbbf21e,301,14c3ac60edf4e1244e007169c41919049b11c55cfcabbd50fb60095cbf8367ec,1,463
d8360224a63638692a2ca6d1,121,844d339902e8019ee70a1a85773e558d1f963204f29d7f0052e59c2c1c85c31f,1,464
f1a4e9a18545ad4477852f3f,1041,81e393e6739d09fa0ac7676ffae72b71ab409f641297fcf0724c41bd2a6ee9fc,1,465
61ed2a820454316dd44ed7a6,1026,5355fedf5e8872191f58d11e2cb0b138f404eeb9a9401c4cf471b1faf1b22832,1,466
e3ddc22f3b6333b834ec860c,583,1953d22e18ea5235e99af836bc4ea125096051b38cc962dfa3191a44b74f5764,1,467
17aa4c612f5142fa9eff778b,1275,5eb52c4c6d7aa8f2affe0c15d53391df4bcdb88b58333f411bfc850ac8da1d01,1,468
ee70fe429425e2ca4338c70b,1031,4e72a10762d4373368d854d799ffd65ce34db21711227502a7ce6f23a61b229b,1,469
