row_id,_source_row,_text_hash,label,bank_class_position
54bde0eb3d575617d5d4e5cc,39,e20bc895021fc277a34a7ce927a5cdf77ef9d7f32886b3d6374e76528a8853e3,0,0
074c6db08c43b884e927342f,1756,0ba95db5ff57519873c7d625689e52f7f14dec7b3eadb7032f508740026f1a76,0,1
140bd06434cb629bb51c47ec,445,ec86d5fcba3b94e6e62fd70d73de6263b5d591971f432711d92e5aa7ac32d928,0,2
6ddbadbfd0f65c1717a72579,2691,d54fa80563a8d29f3e83344e4381ea3d278284a69ba85fa814ac63086264651e,0,3
872e2d435e181041459472c0,2953,ef11f41a400b685f12fa5b472f1289ee9025c516dd9a0c705741f7051b2629ad,0,4
43cece7aabf8d65482c4097d,3061,40eec4a80cc90af3dac4f99edbc3c3032c14e269e1c02bcfa080ce78f935df93,0,5
2a5be1a118927b414731bc0a,1970,4b74eac8146428c7fdf23ac0e6ce996568a30f45fbd708d523b50d42e0bf4646,0,6
47343391c0a24a587a8dadf4,1163,3c871c76a7756d65918c75bf6b62664f5918e42b5888be14602dcf6e451d9de0,0,7
21a21327cb070b7c9b767d3d,2549,d579cacb2d0a70271f33f77197d6566f784141bbc1e5e54a5346dc6b40bcb98a,0,8
dabbbe6439f5d315ff22750a,123,58e4e55d95e251e7ebfcd53cecc71a62fffe5e5a0868ff9b57e1478f2a40ba66,0,9
a1a3b01a808ac59eaa762730,457,87c5abcb80358ef6f9fd277e0345ab654b7f6905d223247bbee97eb4ee3b5d82,0,10
a4efdd33c5f7db9a0ad8f41d,3072,a176d038a11650238ed84e8c8e75fd9a5dc1deb22a60d0a015924ccc5ab9c5ef,0,11
d0794709b74c8c216d3341c7,1058,67eaabe58feadd9e08404d41c8079159f18cf2ad8c2befb1e08867651440f7ff,0,12
938fb458fa484b232e254cfe,951,af25cb00848f203bc5ec80c37b951242bf1d05740a38aae4daf7ffbe228178a3,0,13
953da42ba70b510e95e92ed8,1797,9bc83d64576b6f87c471f92a1db1de3c10fcb4662c09d931add33eb0d3c38390,0,14
0001d9d629e86cbcb16d980d,1340,21a1e6816d05b9d56965b11672446577059dfdcb1770227c22c3c04e469ce70b,0,15
45d63237cc1401f634f69666,1078,cc439f44f5fc7974ea23d9d3eb6bcf148d454c91715ac873e9e1139ceb06a1b1,0,16
7602283c4a0e82ca76f61510,3391,8a3c0924cc24d5b78d2d892ede77f4a2de289b6bafa46d4e19411c3bc73675c1,0,17
b30644cbef6cf150cd314f2e,3386,f8e157cef1975b56461e9e654d3c1b91a35014b57783c3d1cdadb8e8378caf82,0,18
733a8f26be95f0b947f676da,2680,3d3e79e4a35cd9fa20825dbe52859cb3305d49a5d825406aae3f88723b4dd60a,0,19
9897c67d184fb7f24b79112a,2678,84f7f7bf1a6b1ade22c6c6c92b312db05f7ea1f5d590eb75a5563efb712d63c8,0,20
cfb8a1e85ead3f7787276029,1765,8dadeb948479b11b63610c992e31cc8bf7468929ac6d341eb4920f5e393fc61e,0,21
dca7bf80ad51e2294199b0dd,1739,7da856ea464cacb75a50640b2d26e3caca2464a43995e769dc5a5f33ca896854,0,22
a1b50ceb4d5d81f9d1bd133a,2938,3eef9474fe697f0547792a90dd388dde5dbf54f1fd86c1cd46e582442a538332,0,23
17864fec2180b2607c8d773b,2529,2c853cc74cc30ee5527068490d25c70b137410ffd024255ad947903d241bebda,0,24
a7a06e93ba614ccc2caea650,1794,03ff951567bef4965dc7161444cbcf0460f8d93b57cabef90f36aa893c31e891,0,25
395d4926ec950e7f1fb38eb1,3226,22e9b06ca50a42d44b33931085c6a1309f7db650369182d35454bf20feba7991,0,26
fc0532968a2c23800c360c04,3144,5cc266f8f563f64bf5a18df80f8b4a5bfd44e5bb3d73a250e376661842099b66,0,27
44752c7572154b0153007488,1186,70ee38ec03ccec8d86f830a4c3fe08761c2aa074ae722cec010a3fad04a63428,0,28
4ac27b0f30185f87ba0523ea,670,8926d34e7d59e9bf1a4b71c406f49c5c1e882779ee96955dd87359e23f6a49f9,0,29
ecea95b529259ed728a81613,999,3516b8c97e52979f59da4a8765e9146f89b5e5a322b64822132fe30ce2c40a3e,0,30
df11458cfe3b3e418260d5ef,2030,22693f8a8ac3acf69087cd9c3d11edbf62118c9178218b3d2e03263af7897d51,0,31
03d7c1063634ec5f56126bef,2611,4d59323f0f040e2187e6c278f3371a18b7e5ce4911e407d77082b30fcd1c6c3b,0,32
27980cd01e23e2ed721f5a5a,3192,3f4dcddf2f73cad577e129bcfa310d57e158d5967ef40157766493c3a9fcac5d,0,33
d329a72d1d3de59fe9b6274e,2940,572d8aacf3e667d6ae31524e479697a20a4fc200f03c93c741c18191814e960b,0,34
0bc28ab7274346ab56d11d65,1612,688fbe5ea642b6255d53867607ba37ad7cd7a5574a26851f5135c365cdcc8fb0,0,35
26d1cac315e11eacda9a4f75,1737,8d4105aaacd808edc97b0425e3f9393d79745acfb8677ee5033c77de10fa0409,0,36
af336ab76b8509941a114367,467,b1ceb49fe0cdf62846f6f53cad86763ee6653bad7abcc105c8417ac81191d558,0,37
cb44e9378177fbfe7c2b3a11,3026,a565080385343b33f0234ae827d34c7bd2eefb7b4e9134c71e1c6112d71b532b,0,38
462fa8186f511638fd4ef298,2333,89eb5e237ec8c6d8ffe59ceb580c6d8045403712812a4e5a2f205b4bd9b0945e,0,39
2c7afb40ac1e6624e546675d,2507,b3d4bef7c412e18f922f846fd51b108eea4b0c1966ca5901ea2e36212ad24aed,0,40
b51b30c4af26711ecc86504c,3052,570b240f18f2ea16e488e5a155b0a7de05767901e392a5fba3ebfe508b3df88e,0,41
bbafbcfa123fa37c35389154,904,78e3de8e1694f65ee0f3fa0e7cdf7f37a7bd567ac88e43c84d424d65d9769bf8,0,42
a86710389264751095d8b551,1302,f7f7c2499de35565df36804c86a0561d32e7b67f09d3bcd1a3ab2a04bbd613a6,0,43
197eb69a83487c3fad5abd6e,1669,5ba940f6de8dee36776644f4423a0f62674d3f10c3d5631209c7599be72c2461,0,44
9e54a0f8ce2d9457ce6d4900,1535,d49e01f3f68ab026a0a2b8ce49fc6ef8e5476df6f5a421b6b52398e016a152c4,0,45
632b49ff72dba800bd5a9161,461,0a52dfb43465b7fb4f7054c59dd2bb5a2605925c8f2b5b1644b3db5dbe12d44e,0,46
109a97875fc00042d9d9b144,2220,dd725abbdc068c10245b4e226d0274bdb47c710b71742bff9bed194461ab9f4a,0,47
e96b02c76348cda8572eb72e,2081,8b853d3848d59b2f119cba3e6c3a1d9d885d01cdb59ee70174be731593609e3f,0,48
9e2c320fc7a2dfdf16345732,297,ae0e2386a25dc075b6400d0de51bd2811ccd01b8654bb1fb5c9df2fb6fe8c754,0,49
11e7da05eb7f5314d24bc16d,827,a435a16c7fc5b338975d6b3c8bffb4d10a5056206343ca4f47e6f45979b15718,0,50
e667b398a857798aa4868f7c,2850,051165cbcf89b7f9e19d8ddd03f7fec304c06a53a562cebb4131fde885ae6af8,0,51
445898218cfa17958e6b770a,29,243d3dfcc3cbdac5337de1f5ad5fbd2b44cc7567d8825f3505c0d463ab922476,0,52
27abae3a360d103038d6eedd,2912,507ff98d1289c6f914682ba8076b088e4c626e529974ac2f87fdc69c68118cdf,0,53
b9e1ee63a46f471b095d0e53,2138,799aee95088b29b94f8fe318b08cb4dfe20eb291c54c73d8d8230fa9535f2440,0,54
7025a9d7753517ab113e7703,685,226ff1f4e05748d6615bf4d9e731bdb38ca41b34891098f362c691900dc5fc57,0,55
2d9fa8faaad1fe2d99392bb3,1950,96d3da066b8af556a1afe77d95a0b5cef67a523db9ed9a641f24569bc9725c1e,0,56
550a547014555ce561a0287a,2520,0b2024c030280f52bea15c41029702e29874cc9f3ec2560186f46edc8326a026,0,57
a0dbf454af28f5da841f1bb1,2864,296a779d026974f9ccdcbda2ba2e4d1f0637ce384cf4c9cf704ab2ce020bc3cd,0,58
32f516804ba9e3d848912218,148,79d6d1f3d296aa5afb35c8e39fb2875a9a2ca06605721c3f504e4ffca1b9daa0,0,59
8b1ef261c6df5d96a69d5184,145,0e1ce157354eb6d8b52e775600a04dd7e6204eb295051dcaf024ed35855f37e0,0,60
bde3ef50523c1793ecaa7d4a,3392,07ea8f262595120b955bd912a16913cd0c439c6823660c51267e70b17fb3c88b,0,61
85d9b03ab2ca6e0608e65613,786,db0271bd69a9504f354b530b63a3a465e299a7294cd44bbf4e6247ce9a8449b9,0,62
a0e8c55894cc8376b679b435,1881,c27d3839ca11436b8add01bf57f6cd9ebe12ab4868cf654050f942c6bdc5d1bd,0,63
77dd47efd15ff22dce52cc4d,1368,0dc43fb373ae1d5c07ddef1144ba47d1cd16c92b7204328b2851d905383cb58e,0,64
287cdb6318278f065fe3fafd,806,8118a8bc4c7377e74aefa294e66c73517115be1becc17b5daae000f980ab9b38,0,65
84c26a0646ef0fb659b6106b,3220,6031e739072168c5e0e9effa990e5a356ce487c3943ce351d429c4c10ebfcfef,0,66
900c8034446e742c2929c815,2166,69338bfdccda22e7939feafe71f2e0997fe37c1f45b14c8f5eecdff9c4b551ea,0,67
82b5ffdc387a5283d95feffd,1472,60a0b5ccd4d82f839261ca6a429194a8cc3dd5a8f289201f629981f4a274fc15,0,68
5844cc2d13544919a81dfbb5,1009,d5a1c372c46c9aaf22984eb3b03ee8e2da9172aa5f20db2a1be6bfb435bc34ad,0,69
f18f58dd632a3e7f703e9daf,3244,5d307f40147adb3a8931463e1e4ad3bf2e17d80867da84423645f53e504b2431,0,70
c2d8a06ab17346c2725abce2,2178,5195b18271ef8f4ff8e548c5b7fbc78dd6f3579fb04bbdef0a35bf30ece56594,0,71
215826926f31a2c819408d7c,2514,ed38956214349cd1e7eb68be0644b1a1309b4690c2e4fefc695c5edd10753b00,0,72
e6a8f71bbc0abba360fdd924,3156,a10cf55fc3abbf7ada412b7bf6c51479f21ac941e70b16e4f9ff860c6cc68707,0,73
9961b7a4a70a7508a9720460,2504,d54b17d285ed8dd9f444332d20886e505e09c4a422c4d930e9dd4c0d3d918f1e,0,74
298faf97a08a37aa8409576e,1076,fd3b03fad8976dc74b7d5150840ac10ec887c3db570cf831cf20c7b533ddd43d,0,75
cf5bdb985b19e768b68808a9,1456,8bf965f89aae263b988ad1c8ba07a2b8849636f90a4618ad19e58347332dc17f,0,76
c1c0657082e5ad07f03aff31,2517,21c4b51c69c5c2fb29b5dc3e0e13029799918850726f0804294e40ac0216c876,0,77
416db66c94ee0c5564a9b183,1647,01a619cc971b7f0402a7dcc0a219b8c2ec678e27c22fbbe85ecba23ff3cc19ab,0,78
d310ab26250491334dc177f2,2015,d1339e745139efef472048a7e98a81e77edf701c8fe457a0dd851127888b0065,0,79
99282a0e57c5e591a74d6731,173,2dab081f4949cb01efa63201609c8713307314878113b8bb0623185ffee29a35,0,80
6bce87422793784fdad12618,129,88a5c49b2e3f92bc4c7cdaf64bbf90e739abf424c5b3d84fd01e96a415191250,0,81
a024adaad4933a794d67e9b2,3267,ff3ab128fd50be3e88a81d67d8fef51a86b52931bcd7d2bd59858b8b06e56dbc,0,82
a5fa4e4e93a9f0a0164d143a,2531,ef76e1774ef6b5f53f2401142c8e5edb2496941ab238c9063859de9adb185b4e,0,83
c316f4194f988d355f681608,1438,047229a0fadeba043aced2ad83076ca520e71cf3e92f4c8973face59914afb8e,0,84
7a61ace798e09e1acc1bc429,1994,f6ce40dd4e45ad63b4ee6023b34ed5b3dcfbf3f7c4619c4d9973ffb0e305ee30,0,85
520417f2a01695cde9b525d7,1590,2a9b707fe532b8941d4532066277052903d53c8dd122d7caaff0d65d56f526f3,0,86
daf2cbd8fdf698167ba47061,1337,dba4b8e43d6a72ad3464c7aeab49330260cb3f073785f5e1cd060ac25561735f,0,87
5d19dc2fe12c33c44cbf220c,1595,30be10a022b639cea456bdc338dcf46f015efb1f7896aa5a7af28816fa43e856,0,88
97834d2f748735a9fab9e104,1861,98934027af58404837be0622e8c1ac961452579d4cbeab52287229154f371002,0,89
fe7241e9c03a45c6aad373d3,859,0f329ac66cf680cd45372a27ff1099f6745f6a00ad119438774d04999adf32bf,0,90
4a83b1e17181dad9bd68099a,3153,b08567c6694bcb85f37832bb6b7b3a1ecd63cda56da8b60cc2c9b295ab1369e0,0,91
a1f46b36b2715eaa72f059a0,69,3e18757f6c0f60f9991abb445fd9341f13953eab32009107fa5c4a64dae2465c,0,92
d348f6dd71416e537d526ce4,1000,f034d4bd9d8468d95df3f9547a4a1945a1f28712e3aa0ba18904171bbb0838a1,0,93
60710871ea7229c514620e08,1416,361ac2a60ccdf800018aec9ba9021e1c6c13e8bd6f22dd60b5a070fc9258e18c,0,94
8c968b89949df975210cc124,2705,0dada2994548d04d82832ce3a510d29811a9a19ec089b346ef397862b7bd70f4,0,95
9a1f49df0e75590e3b83f851,2887,2db6c7bc2557e8fc7ee801b8a6af560fad3cc629b5d516cb2450a5b03448663c,0,96
1d59c208668c9541996c89b0,3237,16a63f9594833020a4a79456c4f56f0e06578a6bf729fd894a6e3ebe4cea4483,0,97
9e34da9fe56b5e5944d6d27a,2802,e1aa4fc4a900f0be03a39f094250e2fecd426c2d32e5380331b7b19d12459167,0,98
36af67b993c496b89cf2a53c,278,3f035265e63d1458f38fe1db4e1e1e8f387469f7d3b2fd599e66ca3297aebcda,0,99
12a11b9c79bef17742fc3f76,90,2ed44a68572707399919c4730acafd0dca7ff7afadb49f2b25a06b943282a9d4,0,100
de4ffd7f1ed2c71c01016af4,200,a2f739c902af16093a6445465ed0b13f36ea7e5fc7610409f0320c053ea93c3f,0,101
0d517cb79268772b827a2bdf,1707,0c84afe511508b4dc38c1f51e0034f60aae2049157bfd3e6a51724e0ab71e1a0,0,102
650bc4297f5ee2c6e9ba9452,2626,227199333465e32aafff6bd9e836936b7793ff4951039d0815ca1f3be4b3a8bb,0,103
b8042c601343ca87d9eebec5,2739,7c3c6c9175000120c7993d3fc0dae8dd38ad09589d5782fbb2c3d41f10397d6f,0,104
ecce13e2ae8b442673e34d7e,1463,3c57ee57107f576139ef9583b6d70dff5abf0a95ddf6b4697571179968e07dae,0,105
bdd570e162bf0a87b49460d8,1867,88091acb58edfc10e1b1499ddd94c3f782c18fb60bc7121bfc64af88cb6150e9,0,106
f732477c3b19d495bdeb0049,1942,c49a81a967f9f10f197aa9c787c21a97ba6710cf6596921ffe3f53317ad778a5,0,107
005144a784e4c1ccf0794596,2136,1df58f6ed408fd854f4fa045fb74a8b0be0e8b351eb83b2b353f52b36973e241,0,108
fbc1daa2af07a318ef4956fd,2759,e0961502876ff4d1885294d5c9cae29eb1cc65484140b2df67c637757d2ef48c,0,109
cda48dc75689e9d0c0e4f3f6,2741,d263fb779cfbc7b3d7cf89ea6ce37e9af4d6cb8e3cdf6a7580d3fc6ec35b8122,0,110
515fd48df5a26b6663480ef2,3075,d8221fdfe294d4b5f0eaa8cde187ef8a77e3aa0f0e6e012d1f9db1946540f2a9,0,111
5a403dd6d80ec90a1d118575,260,c2e7cabe828361cf90bf9aaf964a7649fac57fe4386bec9017ff0a072d768a50,0,112
c55984437ca0abc8f26b1614,358,8061528be31065cf46f513bfd5bb7c4cecc53a3fdc192cfafbd876e1855d6fb2,0,113
70ab3c51ba329e12f621150a,858,ea9b92e822c72795c2a2a19ad38790216235cc5865a20d4a9564eda0b1bd0436,0,114
8fa7cd5a1b31b4134c9f891c,435,320e72624c740f94dfe3b029ad826b7cedd785839cbc667501973bf7c7c9f2ac,0,115
40d036d7803b361c1813a54d,2608,d2bb9f5f76762622ef81447dd97914864607d024b7e5d15042a4ff0c7bd162f6,0,116
0f11157de247589039b8647e,2076,fc27deed0951b2ae96410af9cc2ec9d84a17766b4eb3b5e52f7ca8e41a2a1d41,0,117
fb7098cd7a5b64d3fceaba5d,1362,da76af9e1bfcbd82423f98c0b73766dd933409ae585b6f2191017ae8a9267f5d,0,118
6b04ff1c7c8df6628c19f2ff,1963,ba7029a4b3aaee974d23a22996055b3702f8523f7de00858fec49a926647f8dc,0,119
6d2594805b63940ab3975fec,117,f37e372f6a8d077995c2b31435802bf3bd9c7ff98c0ad44af347bf567a42b2f6,0,120
12e9048924b01616df470674,5,a61644bbd00a9239f8385120ad36ca947af23fed8012e129a50b09330d4ccae0,0,121
47ee8f395b39cc331cad85f9,736,f4f65ba09501bdbcba761ba3c26586d128c22abf07f2c99992fc8da1dc6952b8,0,122
87ce30cad3b34f7b823cee7e,2247,07dcfe08cdcf59c228da079b79d0bac15ed91c043e97bf75b8da6c71b4c317a4,0,123
8243932650f9648268ab8800,2364,9c61bb80518b597f8294aa1e9bfa88f96b34bfe3db5bf73b767f213ea4232d51,0,124
5e67c92d20f4cac8e3459b4c,1501,7fc6e38c57c30be0e87608fc9b1f4df4d4be2edcf99430b3cdb68d7c4e59eb8b,0,125
351e0a8c9a2386ccedacfe67,2050,06707adca0e3dea5a7349b381247efe12f645e7435d3b72ecd8523a2e9d446ed,0,126
f733e15ebc38c8aa7cc43ca6,930,febce168a33da1fcaea0ef8c914399d27d1c655c96ff7351311d5c5bd86127d6,0,127
71069c84fe85504351af6f3a,1694,c863441d28798ee035263dceb5978f8104f18057b92bd7fac6e31186e2d95fe4,0,128
dc12e7bc2eae7c2cd97621f8,2222,5b757a834406ed707ef4038baf2a14e6b65acdf9d49ebbaa7e2678ed59c5d7ac,0,129
c495733b66dd8107d8fe0c31,1066,d15a395298906e73470632c3bd01d90ee23d28e9332565d397070a58feb0bb6d,0,130
e9fc30b4fe3d3eb3c3e6d793,2124,9033ab1002c282d049dee5839a44928b2ebbffc918de15769d721026cfa1b489,0,131
2c5f4756f7b4378733dc6da6,3188,2606f047e9d71d201a3a8e7fee3170cdf2472f6862695789b1f123a48c9f12e8,0,132
56452bc0a7e927bb06cd2c4e,2571,379eb14830111171dbdc099b83c743ff97df3d4c78b984b5a9e5dce0bce83ff3,0,133
4d84bfabdaf308827609fd83,2095,8010e1abbe4e7a27ccd665b2de2167bf2bb0a36f84aaef5584d8ea8b46efe954,0,134
ad9f951478b639b04180a9a6,1424,912ef5e5effe9eda784502e8556e832d1cdf45a97ca50b662ecaf74173441570,0,135
5fc60d52e942f93925730d49,2097,2cdc6291534e7839a5a132e08f421715280368ef11c7e9d3267899e03d163013,0,136
a74ed363807f1caddab3975b,1995,84e02d26f95bec03b386934bd9e6bf391454907a01f25a15dc95c9c177ebe44e,0,137
6ae094af4438339e309eca22,1422,7c7411cf600c5f1bff81ab868e3b9eda3d3b4f4def627e1b801ab9716e921542,0,138
7879d9cf61c6a19a5e725063,3092,5ebf55015139898f1be3fd18258e47ae9035a6590300601a80e13ef42279e986,0,139
e1d4f44ff628ed3bec378306,159,143f8c6e3b559dbb8bcb57be28931f13712923e3062fa8dc37794c825195959b,0,140
65e5e9dacc8dce5f25a23780,1563,5ebc77ca17031c17e5246a3b827f9e4848e75a1d64f9cbc734488bea626b2d63,0,141
a9b7fa8e3bea1fc03e0b8fc5,1136,789649e0aba3fa3af7873a42b9ac6a2f58eded03424f3997e207b53e5febe569,0,142
92267ef048b34115bd1fd591,1570,246c00d7064183e8de156fb588f3a845b46889b8c84248018d5b8001a083b1ea,0,143
ab942f375e80e6520ab15c29,1321,778e67afd08cf216c0c00cf421002c50a6a26c2056b5760a7c5375e292e70c73,0,144
253b03b2f5df62db4a81f4e8,1579,b3d2ed67c5dd0afd9230bc4fa933140825010edb003225b383670bbd97caefe8,0,145
d326aaac00a0c6940b86c990,354,187fc7f70fa2e2edf146372bf0faebd6052a5d1bf266a9c2ddb0ef50cd1c4566,0,146
d43f25c91c4edc84f53247ef,694,a4a0dcfd5a5b91d248c030caef43873645d7cb0b217c6642f7ca3da2a82d85b8,0,147
26088f4fc6fcd626eca9d5d0,332,e765547ee9ec200fd67741c7cf9bc37d35bc0913e27a9bd5442d7a5e2cf64821,0,148
044cceee2bcd5920cea16cb3,3310,f7d956753b48a288e935b8ce910a6d08bad3a76e95b0280660e0c36707095fd8,0,149
06e3aafeeaa4f9191e91a6fd,1477,848ae895a1fb3fe16a04e2e126d63b53a76d382b0d8f242913862214f9b94f2d,0,150
9a81218886d026b663bae106,643,c65881ce7d58ccfbd1701f3f3c12564d5f40a8078eb1850b673861a37a22de16,0,151
75328693ef8f6d98bed48a40,2219,451c4584d9d14d3b6d7e99c848000127edee5ab1104dec3de075189c3b6a3779,0,152
8a15915f3ab59dc17eaec8dc,164,03c7c6e769a84b9076656b25a34be7f7a957ec0beeeb9f660336ed0746eca563,0,153
389b0669a6966640fbd376d9,3030,765df8aeb7caf3e144f509916771a7d53355e59065432e91152b19f8dfbd0d78,0,154
8354778b2e098ba9ef2a43e1,1789,b7e09389b20eea78c14d5b6c2dbd5bbe5c6c686668a07193824d868c4ac26fec,0,155
c1bedf089853827f47fcddfc,1738,b7e4aff586431a4096ca68b3498bfef574688f1f8c4f34877390e5af2a88a513,0,156
11c3fca33bb70d847b34adcd,647,54609107d36e0bbe82c80cc343419801a88a99564c783b23dcf0db1fb2d52dc5,0,157
073fbae2d8f76dfbf8227b82,1222,6805cd060d2597a8e3a1daff6c55cbaeac87dc78472e8e55d56e72cb5adca974,0,158
da4eccafe80ce407efca8b76,652,3640441cb37f980df22e4b5044bb5f589cb06cd1f695f245c11af289b0a2447f,0,159
2ce3610a0c94c8c97710136a,2616,b6cffbe8d85359b907e1362d3350f9f12246adf3fe25b0e9ae978dffac0ad9ee,0,160
3eef700c67f04991c9f783a1,1871,e8665f8f45ba5db0949cfbaa6e1e8cfbc43e5409ef5faf0825b88041c1a116c4,0,161
30e42ed5468752dd27d45499,1094,b955d52688045b26efb0152a7b077f8e9f2ead43b05beb98cfc733d6c92708f2,0,162
ab6117c60ab2fad2d6a0bc5d,2486,a9cc9e3cf8021c147c1902d2ef2c3a041ab295913fd72ee7e5488876363dfb56,0,163
2f6f8ac218a4affda49bb726,2086,e2f3bb04889ba70f909b23c729f49569825f538897ac782fe898ba4be1a105c0,0,164
6d16cc4e70d35fc51cb1c4dd,2970,e69051e5d796e11ee7e4be6deb7b9a622dca6665b5fa9334d10c8ca22412d017,0,165
bd1067ef9af34bfdb03970ca,1027,a42b9dc76624d9badb384912dc07c3876cc2684e5e2e3ff39b55cd1f33d5d8ea,0,166
625172b0547d97ce05fffab5,976,41a0d108d74d5762d4fcf9c8ab8d47c9a659ba8cb7593347f95ca5165bdeda02,0,167
9988716568a3993649117651,2154,51fa6abc14abf166049b1777ba4152dabb62fc4cd1d9b07a7816d62252054546,0,168
7ebc3c51b428ed25213e0526,952,13c82d301921630d81bcd7a5cc44611db2f17b9619cf5359a0675e9585943e11,0,169
68a4d172ef6d9edc6b58e36a,3115,b9a553b0ae8c369d27a544e3c4a992bc18e0c2bc0b5d248e570a04ca9df9c914,0,170
d19346a528f214285e1f8eb0,1816,f00cb24617e604a2b34297b7cdbb13d77194b0e20b6fc91b660a255f1cacf5a8,0,171
23de504a2d4c50cb8647688c,3089,4d06f6e6287e5fd59167656bb0485eab06960588be7a9aeef0dcc64858fcc84f,0,172
efbd51e062a02b3751aca6c2,638,fab492ad41ca18b79fea0ea8880cc8755e837d3a6f9aa017a946328896ba6412,0,173
58334f2590dde7511c1e42b0,305,e85886dbf915e87046faa847c35d2b2622b6264c71d61acc3559033272f38278,0,174
004ae7a54732b5aa7b5af399,1962,cebfff9fcb6859ebabd0fed8558fa7ec857e40c6e7d714053c1650e88bf8a19f,0,175
5604f1c5655c27ce30493759,3334,f26e3133a3cf70cf9ecb4631313e6451b8e8fd1a4d99b25910c4f308f3f242c9,0,176
70ffbab4254b16c9b19d89fa,420,03c0d84ea2b8d34cec67b6e3bdac4b3780562bd0c710180f4d912082564b8408,0,177
a8c0c3475a8746e4cfe5c278,169,646b8ee116d6df2fea18ffaede5d91e660564a93eda90c3ee781d4851bc0f8d2,0,178
c6a6fa3343d2f3e0950e1bc6,3293,fa76cdc85832632362786a50aaf05f1db7b06ad778bd592cfac34b4563650058,0,179
4e13b4a7bffb2064a3e8fdc1,780,032ed7fe27f58e5a92b776d67f1db0926b5113c3de9c856ffa997d4a60e6b16b,0,180
93c12df41898c6dbe1cd8e39,779,5cc3ef100e2e6a5a8809788f76ec99db0799b2978e0b1dc87a13bb94cb85a78e,0,181
baff36870a2bbb2c849511d0,1925,ab57e20de5be99f73f6738b5ba4ec5532efb98ab8b4897c797b7781424f35b1f,0,182
435d15db994b41fcb00c2504,754,f597db427d4e65d5b9ad31465b64ea50dab36c1c879334bacb4301523c1abc52,0,183
5413f418e4c2e51a475186dd,2877,ddf80265fafd3857af6fc251fb38520bbeb2336729a11f89540e4bfddda4ac56,0,184
868a440fe303ce56eb9c4904,2915,06ad89b53163342c2297081d0fe0c3cccd05ed91e41fc5f99941caaf7be505f4,0,185
36e834a552ff59fbeec594f7,2168,5b8846de4de0d264e248b6abd20876c704aceae10ea0b2b688498a305411995c,0,186
68bf3738afe01232bf9b6e53,2421,bbfcc028551f6f80d34a31cc3228c7bc3dd0deac79c93b3a873db5ac2d5821b0,0,187
7464eb8a889eced5dea7fe9a,3362,d07d1634a533de0539831d79afc6c0f62c06e7315031ac10793301d2b5f536a1,0,188
20fe8a7ea886c5c25dad1e86,2932,255b89f372e27c1f45336096b331e96f5ca6673c838a948740391f1ea87e7d4e,0,189
444ecc75b8e780b25035e5d1,2543,9ae00ea05e54d20a052a7e0bc72dda434ce6eddf9c546752cf208fb613bad46a,0,190
a49d9103c86efbb2ed57496c,1772,862ddb716256d8b7a0691c9cc3526405c5fcd8cf53fdec7a21b6cdf388955d22,0,191
4a4138da89937103a6420add,402,31543c55cde4f35544324215ff9430ff8062f3a3a2a34965f48f3e4e20b35e80,0,192
f78e40ac8d300570ea298df7,3099,9c0dc8ca78439a06e277c6b6c54bfc50eadab3d59abc075f359c86c153623975,0,193
1aa14a31a6b662b168a1c632,2925,874965620457aed4b8480fcde4600db3117e9fa954dba5beabcf8811df8e2376,0,194
b8c2395c04efabe513664950,2085,74bad8e237b3d4905e12b47b62a5d30fdc3bb39ef48421f79988bcab2e20d4d8,0,195
eec3ab7724f1a84ed512fe88,2574,5e1ea9cb5c079e8c7ca01f713b53478e62b6646ae39c56cb7b5f771bad148b4d,0,196
12d5c5cb7b20b908f9d4a6d8,321,47195415d71b7c374b5d42efa97b87fd07087ebb71b16f6b5ed534f805346590,0,197
079ab1e499080c570f1c6b76,2068,b08840c0b6600c556ffacc293d8d6c7a023bf22844ca1df66884becd39496819,0,198
63bc598c3d4926cacd91b4df,2974,b005abe2cdba336b742e7edfca63902fc82a27db896530f7478686444e2582eb,0,199
763aac4b6b3932188cab9605,2921,284373178f2941b49d045dd88c5bf8d5932afbb044a34a0759edc8d27375acb9,0,200
c7cf565b4af118bfaaf73433,97,bb7adc9fd535b936e095f31dc3f18ad47592132e1455c45c3b2be654d3cadcb9,0,201
6865377c3c4cbd94fb0af9ee,2696,b1ae2255f26404ad7c87b41f358947f283c15193029da3511139b54f346eb803,0,202
3f9e25cf1e816021494cfa2c,1515,d1d2982f6e9d6f3c8f3ced47eea9b717668f3139ed99aad26faca66c5e3f48c8,0,203
d545d130d17487b39b9a4735,711,f8faa088fd0d4a9b75241ddf1ff359435154b48131ff1600cbe6e50efe87880d,0,204
807a425895c4b73b818dd424,1230,002019b3986d15aaa786d0f1e4f98c7cd33a63660817a8d584390c9f3b21cebe,0,205
b9d3178ac4aa06513dafe2ec,3378,c83bb1a2f606313b6b9fcaf1a70e90f1766c6112c230f66e3410255cc7185f80,0,206
d01206689230e1ca5e15ab7f,3390,ebce2a7411b42272f64ca2cf23dd242cf6c29b1793b806eb5f103798a25a7fda,0,207
6478b8d90ad8828ded124491,2796,a57cf345edc02f117dc9f9da0808602fcc42900e471380dbbc471e8ebabf28fa,0,208
1a39f8e4c219a06aab083fcb,3020,bb604216c55451409e4aaeb6287554057af8a07449b574b6b4281160de28f677,0,209
6970ae16773f2950bb782f35,309,982d0e87fc43397d663626d8a4227f91e954b36ece8fc72887de0833aa8bd4a7,0,210
b7c5786e5b7e53a2eacb770b,1402,f8db485c3b6eea7fe66a6583e42e58c520c298268f19809139334b251791d7b6,0,211
201780e7bd15b1ae25e7e8ce,489,9d82ca6dabce794ad8137f2380d28362a45f59141869f7d1a24e3fce21fb1488,0,212
ea5777c3847fd2fc09cd7caa,2724,8e7111ee98d8d8919a9d78ba9121583fdb06534bb103b6010a213195beb92ec5,0,213
ae3cb9e3c3aa95678c13d43d,793,ecf2a5215e4cf41b54f1ade63e2c94b027ca6b1b7b186d1972a71d665714353f,0,214
bd7a2d22c035faf632c55e9f,1015,736ac6384d221db0e8a1822368a78a7e032c7aad4c98ddd3244269429a0e9385,0,215
233eeb290ffb4268061a24b3,1262,c80e9ec1e158cbf88c4f59cb3576a9be47b9cf34aa468bc914d8d7af3a8ad4f6,0,216
efe5c9bbd8e37c2c110d60fe,1870,d651c9275c01bbb679ab316dd6485f9730909a7efca9886bbf8906c8a28e3bd5,0,217
f8662af1c34b848e96143b55,1021,c530f8f1064b67ab12380fc44412659652c1e3f45572022bb0b598d30a10caa0,0,218
64f5e827fb1b0120a24de212,3036,1fb360cd8fcca381c524190c80185faf21138cd13d1f602b9c0db0b152c2da33,0,219
345e511b540ba8296c6c3ff4,1592,a85ccf41e16613866b1997e0486c6b90137533145a9085995171044b223bdbce,0,220
07779a825bd530ac6a10d665,152,3c13b7544a7297010a56155fc570f443735b3eda4bb86af166fb7f0e4d2caf20,0,221
66b16369289bcb3eea7cd2cb,1042,2861141343776662765846d10c7ceb3bb2b2121dde9c583327c486a2a853405d,0,222
6ded7648719e97c418da620d,2125,762449fa91202726a049ee46b176220b47a20e7ef113c33918cf45cfccd10b66,0,223
a0b0500b636b01046a68daf7,2508,02eed8006fa038c23d951995bc8f82ffd1364454201f4676bfe5166ae50bec5c,0,224
7dda15ba6b51339e4e0adeed,2264,2e7028a9fe1c597c489fd33e970d7bc7686b5c144df19c5eed8c030c663439a0,0,225
3722b45691582a31802d0cd5,757,99ecee43dbff88a54cc8d648fc508e42fa3ea1954a6dcface9c76678b93b795a,0,226
9fbff61345a5c76a7f3e4257,1128,1ae14425f44a50b023c873807cb7d20070f0455323615b3abb06be229292de9e,0,227
f44df1e9c3293c8c02b6e400,3178,1ee6d39cdc75bcc95d0102b2d5934138073bf52222dc6162c5a6a807c99b54df,0,228
73adb41f07d5b840bd7c4ad6,1676,c2cb210537d325e173dfadd5b8a4088fa7d8684d8ca4f0595e41705c149f9de7,0,229
571ef1d3b7e0b85a2041278e,1002,d29ceba131ceb5bc29dc9f5750a09885f1e9a4b0363d811d43d72ed3182e0fc9,0,230
3d0189ff5718fad42f10dca8,2783,747fbc02d46dd5bc0c20e808e8a4bca34a4b6cce7f4566f6ff1ef481a4775fba,0,231
b126f8c0d2e212c4fc16fe2b,51,271174f843dbc281b906a512f187df6a2532d566e36d902167894429a9dec5c6,0,232
861b51f1b5367a2d0ba8ca35,1044,c832b06b1a84d0ac4b03427a027d467d710d0a24be075ebb35d158655e0ed3a8,0,233
2b6bdf4c4571797049ebaaec,2250,ba3f80bc894a05ac83798ddb4ba9d8b37d3864f5d0ccb44a5e183b28ecaf23ae,0,234
3be150dcceaec93a1c2ba10d,1266,bd12834ddb6ed91d9e8cc3190ae37f1fc5121b31a738824ae4168768c90a1b7f,0,235
82fd087e74719d9a8b4976ba,142,423019fecdb55da650f25bd657e0fd0b658c90b68d5bb7956d22a51b3ebaf99f,0,236
566aa9a8c0d2b247bef9f890,3230,eaaeebfe7d0eb8bc09bd3a76dafd4509d2f40e213956fe47bab28cbc17977836,0,237
69049fb8aaf9db55b238342a,1536,2dc231b983816166cd44db35b6e2a82e18ed7007ee1486436b1a11575898d0cd,0,238
d31ffd51b8b2d6a3a670882c,789,b13a745106d8fd576e247449be5d77c13c867cf8f2eb9e5897af4cf25cef8196,0,239
a4c7185667726bece6e97608,1782,c629fd13d04481e4d94ce47de7f259dfb11c5327f74439eb9fbf07401e7ea890,0,240
796ac96ef65af77adb020497,3038,70192fb8cf8fe02f4fac1cd7eaf616cf06300fb0e2a1420842d642d66dce9784,0,241
c5b0a4062e5aa9a03891bc38,1080,8658fab0b2d584a5463c28751015774f15dbec7eae53ee65530b181519db18ae,0,242
a64394a915e2280a4a3f797b,3053,d9e60e67d600350211f7f5bff1566a8661931c4f3e0c331a816b62f7bbaddc12,0,243
040fd217832286cc556d0997,3315,375adebeb06a0433e7c10dee4806aa3ca54629a9824888a12860783860a65507,0,244
57946598a7e454f0503ac4f8,584,4795021c0268c7c09adeab727012077e88dfdf606331390379956ebdf14c6afc,0,245
ff8cbfb15f2589dc9b746223,1726,8aef26b10119d0e9092f889acc990af65c4eedabc2cbf457271be6f7f24ab677,0,246
8a4d73570a2c631268640cf7,1730,06cfa91327f3f5333d23699a0bca1592f4f23ff7784e9ae0d77d5cbaff3f6427,0,247
4c2dff46fde3fb97cbb4d09d,1014,ffda9b933569b1b37030f7d3fe8795712607c7e885bceb166fb132c737b24157,0,248
893f378a82fdb9f0055fe3cc,1862,d6955c70d3050af65c7d9aa9a38b83a4edc5f70ea4ea81dbc2aa069e08e1633b,0,249
8ad26c77168299bb40996139,1610,77fa784a933e07460260b5cd8a201f9c4e2c91ba1f3f57ec2930b408c364a771,0,250
45a64d92b145f454879f0a50,2890,7b583ce62335273f1b807d4aa55d964beecbb44c22a0fce3583a0885fede6e44,0,251
b6c4a7a34d4fd35aa0ca6d8a,3344,766510691b5ebd17868d2b0392e7097d5e431a0f041e652c7c2406b8dacc8ee4,0,252
6d091e2871c436664e8e46fb,2113,67b081c281988f119601d74bf46967f2d65e6725e3e962c54c6e7731b24ceb35,0,253
27f5d7aa6f4d1e0b645f6303,1029,5b19eb7bfbcee3dc3eb1668972e343c654432df159033ff6a07fd73dcdc68dba,0,254
3c1a7ada52f9da74e5864c59,2470,bdb8942a8f53c16a23c1f3d27fbf97896dc4be9d455a8a0048c15dd66eac3d78,0,255
44fa98a40d482c9d3e5ca3fd,1589,3191baec44fcef20b834006264b8f707ef49fe4bd5f938f52346e5e231b9a253,0,256
080e97ef82f217d7deafdafc,176,e8fd591fb2c5969fc20497f5c408aaaf89e13b0aedf7e4167fcdcf1ecc78d445,0,257
6091072ef946e25114045b39,1603,5c9f65b75e65a977979e39567dadeece137ac3c67cc3e724bf9203ca2cc9a97c,0,258
af02680795aef8bd2e7df799,1732,1decec00a61746d086d11f8f9da748bf386dd07978bb9c24c1a1829f5348d41e,0,259
ace25419dbc169c8cb81fd9f,959,5743e9845afc94a279ee9de4f21231553add74b9a452e687f71729cf7aa332cd,0,260
b6ae486f9dbdfceeb19d616e,1139,a1a9218203bcf38757674415d69ce7d734f88a41510fb142f63cc73823b5c155,0,261
4636698b15cdea4470d5172d,2456,9b2c4939ff2ea3743b56556d4ef07b35c02f3f148b3f0b0a49e5a9d74f2360ee,0,262
0ca0a1f5ecde4404942014d9,43,cbdd6d05fcbdfc092d60f7cd0ef153f6549061a4eac0d6b487ca48b578dcc1d3,0,263
782c3d08e5012c2c891d93c1,1297,27c6d9ffa3c8034e9a2b13072b8e6be401865281bbb479df22398ee7ed9d14e8,0,264
0b52a0895ae48a5077dacf6b,578,d56380a60b7cd622e0cb0e400d94b9e762caa1b4ee49568f1af5a3958e736953,0,265
1913352209713e8f27f55b87,2849,8e99021fbcc7fdcb95e2b13ad8295cafccb2bb4d2ba25ef6735445572ac6dc24,0,266
169c4af9318746631bf38fed,868,7beec8ad036483199ff78ff19af9df95e1bad02abc1c5375cb6ce80da3939575,0,267
93be7280b5f55f0726dc0702,193,d623825b35a1da0659ddd0c6fc6f3843bd0c512d1571cffe4fb4cc064c194894,0,268
07c5656a939feb9cebd5cddf,1267,d2a8e106e20119f31c11c19533a81fb4a45e56cceb7b7b7561af7e8973f6f85e,0,269
bad281b5b4b3f6f27164f4e5,2600,cb91d509a088ef3cb346e441789f41937f0a743f29c93b3814df93b4a43214ea,0,270
9048e23f6ff6a49a6c60d1c3,303,0ec43afc8f355afffc4399fde8464a561fa864e520f4bfc65f2159cf336b75a8,0,271
81fb157bf884318a99123057,2721,2bf5386433204c84cf6d81fd807844f728f5eb1a65c3ce0c94eaa14b972f83dd,0,272
d42b9b4a7e5720a8166b10d2,3068,dbc8029d44edd7007bd4f64875f5e30f20eec248307008edf6046a5612fcfab1,0,273
0feb41b306de04b7eb979d1d,3281,a9625b119a741f5fb7d4cb59c2b503e4f89f0fde15eafd2b88dba21accf618e3,0,274
fcda49fed3b5672346b34216,3295,ae659c8b11e5b6583368cd82045a23459bbd1ebe324d209ed499089c37b1e709,0,275
7fcae1a7954d556fe7bc66c0,2568,11011db24cd753c4add2d9d09b76adc7c8f07389bb1ab210a93157a70e261403,0,276
25b7194933aaafec6f93328e,484,2c2b75ef582c9947b72b93fbb082281b6af982297b11d9a53efa6f79e3f64f98,0,277
5a2f0ae4e8387fc5ab838983,1016,1ba22d3d0663fa3ea69b961e9b52ad2b2ffa232c12ddaa838a4c42dfd57922c0,0,278
b1436515ef810f431efb3f00,36,1273fcd752f3027e52937f72f542cac757eefae9a560e243bcc5a214aadc45d3,0,279
3288213932a1b7f8ac977d05,2362,8a175faae2847b0c794e3a28b1b6f0e620d65bad057ca5d6a2defcc1485be024,0,280
bdc706946886f4274d4b370d,2905,0255ec9432fff2c2cb47e0924cc0fd283903b62e6114da6846a8f7a16d2835d3,0,281
d29f4d1d6e0a538718fbad09,1051,f52a67863e4659de0e7cef9c3d03edde81b5b571f3c7f4d3191d4f14bccc688a,0,282
845db3353c8021f5bd56599a,3081,ee3dad3a632ea12b74cfa18865fbac0707671405f3b8d2110530dd4fa09e504e,0,283
8eaee869c9c402fba888727f,3314,73d2f1f2442ddba0094687717f3749f74c23fcb4964aa6c72c2a38aa61ed3f2f,0,284
8ffcd4f46ac881af7650b8ee,1898,b3a4c5b220bb41d17d50e84ec8014d37ec5360062fd6438a8f4330a14bf7a37a,0,285
bd8afdcba5312df7c1dd4b93,1854,a626708f9a758f3c9678b4a5b35a8471227af182b62666411069a5f68e926061,0,286
c29852fc7b57d2475a4d1abc,3002,8347e532e6d850ea6b00e8cc2d528d0a4b19e02dcd0ff1c52f0ae5d3bd76fc94,0,287
b257dda78d0f749a870b5789,771,209657b9d098effd4af732efacd4fa48b0c26ba747c1ccc191afe2d08ddb8ab2,0,288
a2a3726e842e70b41a01f55a,1686,c4ef48985ddb686b59d3eda6da02c7d507ae2f27e2359508885274d93c77cf86,0,289
b3ef5c2b3dd19643805bdf7f,2711,869ba7ce4e6dfbe06016bbbe278d5a782cb1b334b26d8af1be064692739a950f,0,290
70ae31f822029b0d0a16ee91,495,1d6b5a6e335cd5db64d33185a9f354f42c1341cbbe3c5adb0e646462eb9d1c52,0,291
25ecf3ffb014a7a8f87dcee5,1976,1c4fd55a8f4ea7c1a27e5a6fe6bc4dd7993d352a541e5a5a0d659df135d1c437,0,292
3b4dc92fb119d10a04f158ac,800,9a77d71bf9cfd35370f37560f3225baa0f29b2871615539097ec61ff82c6bb48,0,293
2efa3ccc92dcf11b0228e0e8,1219,b22556b5d051fb4d2cc3a398b63c2e2e019bfb8658c66691bac115508b77e4de,0,294
f688ed08e24980153382e6ad,1745,8d049d42651541f56e053254642c0a9a2468dbc848cfae90ed7703ef63339273,0,295
9ce8f57cbdd0aa59b64ee13f,1006,20b3862f5a98f47eb043aa238dd5cf2d21431cf76a076fb0147126305f0c1269,0,296
da42944b9c4845efd5bc7d32,341,c43e48e8cde7bad4bd6c4ca1fd69a1a8903cdbf99529b5c6097e005f219333c8,0,297
263a8b4b27878fb312f73ad7,1762,fc90362ae361f1fd6694e2d148cf98f1b0089b989b762014177b78f87d0f596f,0,298
878b8d671e89f92152fbe5db,1959,6d7f4ddd5d4492cf961711ea569a344f0eb34feab5a93965027c487afdf6329d,0,299
bfe60054980e2f1aa70e90ce,450,448783bc40ab36925c85f8003ec29cfc44bef52e6ecd4828046bb637e140ec2e,0,300
c6321517c7395a58add6d0f5,473,4ec6cdff4c514ddf94ade349569f7f1c6926ed36bdfa2d939a8ab8deaa08f6c8,0,301
5afb5c028daaebced213d8d8,2631,e0a36f9769b7b73c878ceedad82d9eabc83fb63c5037b27cb6a4ce08dc45fb74,0,302
edcfe48f7ca0d3cac32c88ad,596,7e0f774caa95fb0884e08645a6361629a99c17fb18e918912330a4056bdbd50b,0,303
4685d3645c11eb4e56e3644c,1678,58cd4e66e876de82f0303f76d6bcb84175c298eaf2d1ff742c10139ccb374c13,0,304
863e00a1d0c5b82d93d92005,695,262f62e3e99fe91b98191eba065426ee0f1458e77780377ade2e9606eed424f6,0,305
fe4c3f3fb1e648b5aeb045f1,1199,10e7853c219df5868131d910f1f82681d032810e0f3d2d8b32ee3c121a394392,0,306
5291816975b2e99f2915dd82,2190,cb1fa293ac742c9c428a6accaf24789cddb35f05d6be6f6ab5133153e95bb0a9,0,307
1a1ebb9e6afd0da04d765f0f,2538,e3b7755f82aeefc8003bf978d7cf3328fcef270e69388d34e2bce9a57f424d96,0,308
3309b877c13362c84006c9bc,1145,43fd75e0e977f8df1282f2ed6c459362d003bfd4a5f25944131988c68c022e35,0,309
354e04e3a3e38fcf1f3b354e,216,73c281b3444a1bda26558d88b6e7f644ecb1486f7a1fb93010d72760a2c7e6b5,0,310
d43f97dd1cbecf81b88a1c85,2403,c29e31d49fc169f166f735dd733d31fb0e342a5aa2a29e5cc2e8c464b98bdcaf,0,311
db1a8386b460e007db9bb2c0,456,17d36840a921e1f88738586975c78a100751d910421abaee707ef60cf058a912,0,312
8f7caa4f25589b7834a9bceb,407,4ce76a81dfb8c78361a2cd51176921e13f8cf0cfe1856b8b0b4f8b837bc2af80,0,313
a17b39bd0a2bdd55a71279f7,59,d8929a478bc419a52c3d8fa99d907c697976c34bae520be81ddd275e4205e5e6,0,314
4686d1b5805a2784184c7e56,1218,1320077faaeb26b1c20358a8e451d533653f023f009cc2069e8519374b8ef7db,0,315
87afe943c73bcbb6ad3746de,1150,b7c901b05816e525135570d38299946d0769780ed7ee376ba4092e5e20462623,0,316
1781d0610a3af6e83c544e06,2499,5de315e072272860e94d53543ae2a2f911a9b9a6bf4efd9666be8a681ba92bd8,0,317
cba6a6d6ea94177b33054151,1093,69c538636920e27ba4e3bc16c883119d3c09686879878ce9024e083dd81d2ce8,0,318
168ae9ec3e9ab4501dc03f03,918,dd93b12261c1adf8a2ebb40691f76dd120bce18919bfd28838adfb94da05a52e,0,319
04f7c1b054ba12196814a743,2304,8dd9f2360392d9dc47ad3ac2d899dcc008b034dbb862103abb0d58ae5ee839f2,0,320
bccac956f45d9310861c3adc,662,84711be9d50256ca636107565861043b708e0f41a0ba5ca35370f321ecdbf08f,0,321
2b2249778d4684781eee2b7e,2643,08b951ac831a24fd2335018adb798b3a4e9cd951c765baa4c338f8da74d9fe56,0,322
f82ef77cd2d631afee0cd590,2205,1134d1319841fc68f40c65621938fdea4184cec82f78a96a267411ea1242c9f9,0,323
fd9fc566f66f8694df26d2dc,2572,991fd41cc253f6031ec77142ef786077b98ee4252fa3d83b6e527fafe80bc7e3,0,324
815389cf3541bc5f8aa975f6,3208,e6a64ce1b563db810c8cc19fb36bae11a81b3872d37706e3f86143d7ad29bab0,0,325
46e34d8adf4a2b2efb7aed92,2994,d1082bce53bf2c161d3872bc07502d810d5d2ee82cc7ade09172bc6d8858e938,0,326
ce7fbe7d53be3f6bc800f350,244,c1df6f163b8cb4165d76733e4807ca092c577f92b409d42eb5c7f6ce310e5c2e,0,327
df58893428f2392b1afda849,2831,4f4b797c7032049c210131324bf6c34114008baee430c0afeeb4a2e58ae0226e,0,328
b372ec33b962f25ebed7a667,2732,cbca9dd85b26ed0668f7ee7c44b1c0477d11c754a0177708751feec89e809b4b,0,329
ca3e210d6d4e5678c577a92e,171,821fb5ca09d2186721abacb08aea6ac275df09e5065347aa2025f5bd84235fc4,0,330
788f211b77f937efccde15d5,506,3641f5cb770d2909a2b083d061d00e07a7cacd49a685028ca4c0b40dff60c98a,0,331
0dfd9574b86e85d8f9d1bc3a,2161,f11a5034256b7d7d68f4719fe165ecf19aa6a3440b500ccee14f51227d3c1b4f,0,332
ec1b88be7f49a3f1401028aa,1062,48ea61b9833a49d942c81255d3b11eb015e154fdf2ceb280934ab4c8c17bd551,0,333
6647d2eb4c8f58ced8b909c2,1386,e41f4e231237566fc9a5883b406ee3d6d3ce4212a4888e0f62bc380097e24968,0,334
6c5ebbe28d7d8b73f84ab955,2547,2f46efb474ee1946c05d544ef4cc0d28737ee90bdc2279193384a4d2165b03c9,0,335
256073779cfb9c335dd7893e,645,4bab3a38b91be2111afb0611b01339660fd3fd7ed5d4436f348c69906f34a5ba,0,336
31b3076dc72c4e245acc338d,2965,0ad7093d4e004123080bb3b2c4b794bb85c7543560ec89c9f74fbb1010d63d01,0,337
8fb8fed7bee76fa7ee9f5a7b,3051,cbe89ba67982b9e1606ab38463e808a7a0145b7e558b1c97674173d6e173190a,0,338
6936aca68f7b5db34e9745b8,3048,6a3bd6f5f7e1c604c5f0eafd20970d7108f89c858c5ccb5d744391979d072468,0,339
29098bfbb8b89be13bd287f8,2331,77a9a9835c21e2284770b52eddcb07c429c551fd5d0a4e10d06cf8db0919a463,0,340
6150d9c281c8820136e04a01,872,45ae4ecb746108b4c7bc30bdd60df2deaca55ca5d3716ac435ffc77870f9b71c,0,341
b6f83f30768702602a79cf7f,3176,a296626f9de95ac7c78c8ddd1cb4b41d41b37da5373baa273c2b622407fa31f0,0,342
efb2cc529de4c041e6a7f259,828,500b4f740a8601333ec80cb564fe3ec6896ec7f2baffdcc69e422f8719bb6635,0,343
f00b912635c51fb0b7646d86,1655,dce9147f4a1fcdedc9c54f8e97ace5fb87a6ee74ae4ec54a16ed0a2faaaf706d,0,344
39462285bd41dda019c67725,1143,88b76da0e339363475a631e4c3babde0dcd3d4068d6761966a9b2810edc089fc,0,345
b993dc88332884bf945a62a4,678,6a5cc9aeabd11683c08955790741c0c832b6ef7782c7251f531eb4a733cfaca1,0,346
fc9404448a5b3d6d7982b008,2246,8fad0a72acca5d93da29113aa567eddcdd071ed2be125731fd187dbbcb32faf0,0,347
13b3d1b9adea48e88213734f,1882,8f496c5f90cc0d53b0099fa369fa7f48c651c41a7179fb67443f1b1564e1c67c,0,348
4a45d6abc43d9c2664b7451c,432,22b15f61f5e705b1edc046400a916f80654481bc7e3483cb8aae4889070cb4a3,0,349
4712b6100077b6c583b90913,2552,7d735c8eb60add35277b0bd14a98454a3bd64277e661991fb92f7e3c5a40d6ec,0,350
dbf4cbf85f4f0a293baf87e0,1284,1c4e7a0cb2ae99069c7a6c69b6a9d4d85c651994f15ad0e5c8d65c8281c8d524,0,351
2b2d84ebcbb834b57c4cfd64,2858,c0f5a7a04cf163387c04b07637a0ddf92106ae9f25eca45ef20cb2547d08b36b,0,352
d855b11f632baecd95f073d2,3146,93a42cadc5e6265a4fb299b736cc8402880df8f2669e0fd8c04d1734ae4d82ac,0,353
786e8f26a82f6e16555dbc2a,3331,fe04d9543ed7335460becbd59ef6e8e2d2a8bc71c5bc021f800e1447753d1bb1,0,354
f37820a7eda2a7a0e85e9017,1952,5a2a900dd80c7ad767e4823bfec57648222a0006201c26bee916cfd22779aa3a,0,355
d7d6d86a290a2d0e97b14142,844,ad172f5972e2497c396c38bbdb89928e773f89d98fabf0784dbbbc7e6915c89e,0,356
ed329dd27129b208d402dcb6,3122,a23d28f18677ed218db1ddd842a04085d1bcce873931ebd353496bc1c31241ed,0,357
fe168aff51856b9fe27555a5,3189,e2deebfa30ef8397b24a6b279d9654a607053eae2b2e679d203e53415b578bc1,0,358
f2d163010cea279edb165a66,2813,948696588774f411d2f34e287d0c25d0c28ff4692a265a335a83ba2dbaea2da8,0,359
b6832d4bdfee98b4eb8b7302,2054,bf8ee1656fd6e6f132aa6b088d64c964510cc50024820300f5aa4d987069c608,0,360
d1783272d3b23597cd6113dc,1467,f0c547316553e428da3d26a34a5ea1302272b2ef50635a5ca04e987dc39e7fb4,0,361
336210b6bbec645dc11f3f2a,1866,883811b9566ab0ee9c1bdde96f1b13fe276ad37eee5fecc2df5c501303ef8173,0,362
780534e1255cc08e7bebd290,2057,f18cde79b68cf02e7e5bad0b10eab3d2c41827ec7f31f945461447ab859ed4a1,0,363
190f5ae0d7f9293b4171295a,252,e48db994142ed89819451e7692bb8a78987c1e513526d1a1d58534e54600fe89,0,364
c2c72e08d6efa19bd903652c,2735,0b2531c2c41e584cf5d444ec4e0bd3bf5e947bc0284448728cc10f545951700a,0,365
a8763304f723562c9878f6b4,2356,73e96dd95ccccbd567813f7d6c83519cdff554d362844da771463f38b4065337,0,366
f6a2c0a99fa01e7c7cce391a,3005,73a71ab7d0d6dfd345fb1068830b7eb897ecbda5175333083878f01035884b72,0,367
684cc19c26c121c54bcfb8a1,1370,210a11a866671e7a44a3f3aa58052596bf594ca5a891b988981fb8578cccea26,0,368
423b9500713a04959a6dc53e,1306,dd040a17ab478ae57540d87454c7e3396eb93cf1429e292cbdbb5044665606ef,0,369
155cb45728512ca9e912e7fb,2554,466357d1d96f61913f7b7bc48f13f54b25e69d7b27aeabb514002347b6e59566,0,370
b1fb207b6f543221b203b76d,1105,dbea4dd442950cb02749ff7b878b50b0adfa0ff32a3e84d000cb20bea7b16782,0,371
7f58bce3c116f8a8f92a865f,3029,0af8ff322ba743a2219945069e7096c940d92daec32333b28d50bb08d5bda461,0,372
3d45cefc34fad146f4a79bcb,2995,bfa4e5f9a8bee7297b1b468e1a90fea946e34e6c29ef51b46a52fca7792e8f25,0,373
298685573d8f8404953b08b4,1264,488bc57ba2bf794636cfc7706591dfd2fe357cd33c241b7d379a32a7ed6a217f,0,374
888f75da3fde08de8208a0eb,255,e1fa62a3aec7f8f6dfa0e5f08c72595bb3dd9fc096c19c896e8d4c6f0b89c4f3,0,375
f24868c36cff3dc4b25ac68a,1056,dc7a1be89e8532f1918e361ac849373c5cc1302a4d1c0dff0ce3c3731ad68110,0,376
ae14d3e84a8bd0df7c41841b,1914,b42376edcde5f947dda8e8e26e2a333016d39e7b187e57173af3e238cbfda1c8,0,377
d9f06ae84b3a629477a2238f,2149,9324cc4159f0aef1b0b444accce656d0434997e68a6fbff784aabac1ea7bfc63,0,378
c50392bbb718df90a542d9f5,2243,c63db2a6d0f7201e96ed02d57245aa5f06727c3d8b32859effb753aec908d479,0,379
2ff4a053068aea21d138adb4,1938,ebe17f74655f7bc5f7748280badce8f768b578c85a298bd6fe53b8ac2aab50f1,0,380
e20484f4b824145d35e1781c,1314,02823b7fa29a2f9d036c91ab2a32ace0e8a6cd78210f7b8027fd88331da8f5f5,0,381
286f609a2e1521509eda5457,1356,744e9ba1a257e8f0576c38639451038d1f54903afb19941c5e3de87d79d49fd7,0,382
7d7af0335fa3476b447ea6cd,641,90b68ee8804f35b97fd538a41d79ab59e1eadae7f773c8d752c182a7878a2f83,0,383
dfd415a71717c7627192fbe7,2430,1fb482d84ca65cf0a3d1a795b0d5f1254095c10413118c8b25d6273aaa1a4e65,0,384
f0abad36aa74cede3d2f1437,151,575e9dce491c370626f8667d413dc1b9378b5d3bcdc19d77b3a3ff04def70392,0,385
9064684b58fdab699d27f26e,1514,ca615874d55ace3ef6c5e8182b5a165d1937cf58efa5c2253c544e79c57e615d,0,386
4ce2be1be010224e083588ad,2223,61a30224fae81d5e8948ede005de5d47134def0a35bfb24ac1817793fe867556,0,387
fe267c5f861287df1a1a5ed8,3028,40c3b58042a9437440ded9b7808ca1c1917b2f029d61b9a9c4658760f6ab1b88,0,388
ab617ca9da741bc231071ba9,207,5d417c23a2d7896cce8431c21f09a0d853ed539bbf1546f73fc60cdc07fc69f8,0,389
9bbc105a27ff327e2d3c9e46,762,5c0b3f494aebc7d8438b539c52a994643c317748634e1da01ef6d0d4cd0d4b5f,0,390
355845ad370c60296fc77830,350,224d37b1ed0901a9f00a6820060b274180c75bec359620ee4e52b7c0b4fa9b0a,0,391
6b3031ea576b4949da6ddd58,1587,2f36cfee4e8a6f27305157207d152ec9409c98c108b98c72d4b8e93c37e7106e,0,392
2dc0c43f4bad284f7708027c,1532,d5b1eb5d36cf5cb8965d9724f36dd929048a99b4ec9fba4c08c7aedae4e6877b,0,393
25469a94e171d34b70dc8952,2026,9ebaecb6025e6cae6db507fbeb3a02637e54c75ea00be50aee13de6aed95b039,0,394
30551396dc4d52164185db37,175,c0650ec61228688f27ddba257f11e07552ba6baef2aa64ecdc26d76b20207214,0,395
24354b2010b6838d3c605c28,1481,cb810afbf943bd501c5a1bcb8a0d23b8c3d499124a50d94f34a7124ed52e5f7d,0,396
9064faff03e5ac4a42081dcc,96,58e0fbad428d0e55bf3588384006fa26b4fd5a7a0edbff533a1ff35d76e71787,0,397
b953936712502b5fb63a2c18,1357,4ff2d9fd724b686a986a1929b45ed3ec5791bf46c772a1e8987e7724d0a1e698,0,398
7c124d742c1b24bc5df1d8fd,935,1ffb381ffd191a56a6d7f18bf6adf54289b2ea4510b4296407c4afc809381ddc,0,399
52e9f02177c8f384ea1fdfc1,1742,689d0fb877e8d9c31905668908ba6c59863195928e7eb4aba008623b7b4f46c1,0,400
5e654a3814ad45284abf556e,1883,b74b241eca0017ecfa3dcc9bb8f4cb591fa8022ffbf8e6af0028ae9d47283ace,0,401
31ba941c045608633b6f4ccd,1581,5031f2e37e4a4e7d3de4f4c466a1e9e13276d64954ac3f636fd27ef19d37e02e,0,402
ca4598275c6b9fba7096fbf8,1999,1cafc4bca6d19d7a412b7ded85a386c0996bedff1ba6f76639a02eadae22d1c8,0,403
253829f27154fbe660bdd7a7,865,1628192399186235029254f10138a8c9b4594f59d2bde6a70df4fe0802598983,0,404
1a5eb0e0a57cfe17f292b9ff,1182,3ec811e5c42a0af4b2ddd1b2978159f206bb2fe5f94204479089a65c326d36ff,0,405
a4041bb006c72bdecaf489b5,2428,a16c1466535f69397a72772afc63afca23fb7e5b9e4f0aa954985243106aade8,0,406
c9fa5e5dab949f163248c4ae,3296,dd397b18e826dd6b4a725f5f7cabb599c6c19b98b40c8f426dbfbea8a3473ff2,0,407
a85e53ff6e798bdbca87dca8,3224,1eeb6b2169ae803fb8c7c4f81ec3342513f1d0fc8a6a4cfbfe26bc2a36433bbb,0,408
00adbbcf031e1ed21eed8d74,2695,f864c9d0cb37c1160a43406c30c8f23abadddd69344be591cac7e2e20d4579b9,0,409
d9eac52286cf04c6163fde71,1766,8dc56d417cdbfa632b80cbc0df14a626b9ad27d3ca25b9ee33c031be083fa73c,0,410
b6aa6b96a97131a3d6553290,2079,587541dc48bbd7a5665cdd152024c70acf7bfce2c6e0baf32d8d8394da88a1f7,0,411
72068c405093f345d122ea6d,1781,0d07f41079be519e821778456daafa7e7f165397026d872df961394c4fb066f6,0,412
4fba1609525c6e0d8c867b43,1661,64de2e411fe00dfd69ac5c21c6b57791ea1908e1c857b3f8235e6f5564ce28fe,0,413
db26e6307fbda6bb444565c8,2873,32e132d6aa6c909c25d874216bda8d49b402fd75c7502ab05e957077f83d97bc,0,414
5b7372aacba1cfa3d467c827,269,271237661e8baef48b8b58c545be07811eac8d73b40ef4a4fa3cd32e561e96da,0,415
d038c7079bf1e56b3d2350a3,105,adedd0452cab4fe248238d002c7cd7195182fbf047595d017ab8815eb3f90de6,0,416
7abf332d5c2904e7eac51ee4,3056,16a547ff45cbc2e91be1777d491a6d5259a5c3f08ba15be00ba2d0646d4a65a8,0,417
222fd22ef70e52e7bf1fe93c,605,63a893556cef820fad8f6fc39fbdadbfefa3a9a7ee684a8ad36e34fd21c03365,0,418
6925a7c20ba767576342b99f,2668,98b2e3619908d183f08105b8db6091aecb8115fa0e176c742d9bfd7be89cfec4,0,419
7ad4c66a8bc0240ee40d4e26,2192,33df86da1ca891ba0e51a40a01e4c76c01b70e9b5de51b35b091d1ff3dd24237,0,420
184814a11ceebf1a04e7b8c3,374,34c42c171f66b34d311a17d6e979c09736d0461942e6b68975daf1af6b8b4d63,0,421
c2627d5042f807699573f8ef,1825,b44a86ab791c70760f5a782cae08f3e0608efd50d76696761554eedf7bca5fd0,0,422
ab08d10c44e9fe193c01334c,721,d60d6e7e9fc6ec14124799c50ae572b9dc35de50e7e570195885620c76b988fe,0,423
e89802d9c249ee03e4890352,912,c360dd152331c2ea2c392c47d21a8d49888d518c6ff6dd5228395f11f139d17c,0,424
d7fc72ac17ec6ea41da7f0dd,2388,2aa7c616b862babe604f2b4cf3c1f4ef2d61456b79e7d210aaee5eb2cddd43b8,0,425
98c9a082d680049dfe846487,2945,f2d4f3f26f401617f496c5fe667c21423cf9dc76461d8db910fb6abb226c2443,0,426
227c94726ba1443c1e48c625,2319,d2c8408156ce0a2f040a42a56f859db706a58934b71b2b0791bb8a79d30eae5f,0,427
51d28961f3ff1652fb2c3e4c,1229,55c1cb09bcf197a62111a62e5f1a88659d0dce6cb5bb1333aa785a99e02f432a,0,428
9f51f7f60a1198c342debfcb,2282,c1001fc2c9577ecd04bf82406000f36c61003d5c53e437f9c0212754a9bafa2f,0,429
7961ce794bf043fd1b473937,998,0896de25f718b676e34454f837824c306c24720d4f40fa40901a773582845b08,0,430
87466b7ca9946ccd422e2bee,3198,72ba9b12476e75b187c90d5dec5bbc63c8f479fc94b9068b7e13bdbf2be3c5bd,0,431
3818dd27e8d8752ed56eea6a,1436,ff8a27a9b96657ab403406577b6dcbdd015c899accc197159c7f928ec4fee621,0,432
d373467c40ae45af8dbf0826,850,90fe4a3fa887a66583141be90a6f084dbc0016bbf167ed6f33f08699e538228e,0,433
df146ce4bfe9f9a8605c82cd,2779,11bed243e805d3d3de048827f9897e9639f12da3c3ffebe0dc653da5bd46308a,0,434
4aa2358dcbeade7bcd5dafb1,2713,0c31e09a649cbe34b16f74eb08d09f0f699df8e2e84f65bf1e35547ad4dc9e00,0,435
628d1e6475d6b6d19c0dea8f,1675,de7b8588f660544dbd7953c0767c78e68078f0def53a5dffd1cc8a969cc702ef,0,436
35beedb748b8cefd8d98c00c,1885,5d2865e0660941c330a4c91395aa530e3c3cece8f69bdf415a86a753aa886c1a,0,437
637244739a7d8c7882708177,701,67a24c9e6355571be43da54a4a3706e846554ad7fff895a8277c0347429c872f,0,438
ad51ed7d8ad631ec2a0eea40,1070,198e33814ec06b248f849944c656404bf6b4b84139e426dee2ffeb630b6466f2,0,439
ab049c7fcebabb38f15b6a63,3088,2b33d7383ebffc3d197734995b797e55cf0b117045eeac1415531f144d316a42,0,440
1822feda4c2c88909fc5b7fc,743,e7b97130e1901096afc6be9a60fc0cfbfc81fda26a6eb38297b39324b167f770,0,441
9787ca9769f27dd67d98ccbb,3357,e66d63c2531b5a9504e2e254c286d321c05db91b89ac68ae373db667b9bac76e,0,442
d9f51bb8e47daff95018c7f4,2060,7c5d0ff722c4181a5d34d6de0367eb38cbfb92e2bc2386046fa56c8b038b14fd,0,443
c1b4ab3fc6b170f5e217d12e,2414,4d7b58fbe96c5880a7d14da21d6b4375855a56fc5160e877d9bf3145a55cb325,0,444
a0600ef8d232e1eb70abb912,187,e7e90d6bbfc00da8922175c6541718dfb2ada0ef4a19531bfc141e19c8639398,0,445
e88e7f504e99e8012b06397b,2284,303b0f6d68fc3b7d1b25f16b812c670298b9e65df58fd9eb63a1d1a9507b4cdf,0,446
1457ca92a183381d5771b5b4,2790,21f547295ebd0d1d52eaba33369f3ea976f2f556d3d7aa39f9a15a5ab32d4a2a,0,447
b80d802a4a7fb61e922f6cca,776,4758394c14e64cbbdabc8a28374ede71a9c754b2fd9617ecc9bd467812bc1376,0,448
b9242e9051318c2d9cf77f66,392,af7024a1bc048ee419d2341c5d1e5c080e84f78da049813bb66caa33bb674cf7,0,449
effdcf987a090137f981e806,267,d3255fccaee8884e0b0975f118397d830f88abe21981236ec2c9d778df41c027,0,450
87ca0287b0c15f8c36ab1922,2957,f516c8ba794d2c5afd6e804b5115bffca8cc02956bda5b8bf0ab1987651b5d09,0,451
277678dd825e0665737c96be,397,d05ba56df1e71a40380c59ef361aac4de123aa1e2b890dd5c3ec6501a78a9efa,0,452
ed31e1401bb4899841174acb,3365,1c6a7384855aec07aa240ae0e947bc5cc7af801638632431b308ae8b17aa3daf,0,453
647512a1a5d21bb9976055c1,1788,f2526eb85e6b681dd53debecbf8bceb907b907fc7f4f4750c73c8c61a1dc929c,0,454
22c581d85d04d65bdd1a62bc,2570,72af296fcaf65886ce7c8a833f4d8e5d302b494bb8ea30a85a7b0028eb59266a,0,455
a2a098bc6f27d2b6b6acaaa6,293,6fc2719f487ae99cc1820385e991a30ea0f6a236f99dd5ba6fb3d8b4db4ecaf2,0,456
281f3b8d8020fb926c08ff94,1168,404dcd72fd066f50244ff84d110b0dc5226ad4574ce28de934e431b90098d5b9,0,457
dd79ac63648ad3c76c1380c7,360,c25907c69015caa8e77df1ddb529238a8e129209fe4f5cfcd96a937dd0d0eb35,0,458
8a71731d0eee6dab8b3410bd,2451,dad7d622923ef7f8875aa19d592cf703d7c28d2fa4000c756101c0dcab824f40,0,459
047c12c81648ec8d3ede3af6,770,c2101e4ead04adb16349cdf79c0ab572ee0657f326900796f3fc42fde343bfa9,0,460
cd6121176689d85a40d74b6e,2686,f44264d0005eca3d8de51a9b943da20ed2db82e8b3c8f26f22ddd2bf295c1bb5,0,461
23820224738c6fe6137281d3,710,d186049329d2974c54ef5366504e0d4bc2c7bd7059031e5d8f7294e2f8f3188f,0,462
7bbaac07ad0172e2abac4a52,18,ca971cff12b384189ce49c07eb5fd0935d949578dfdf3c4af92d9b664a54f67d,0,463
affc7384340868c10453bcde,2524,e09627b90bc1d7d92bfe5f3a6d39660bdec4710f9dfe98327ecd249abe4b5291,0,464
7dcc1af4944a8ee264327e1e,3387,24603d7398fe448a5edc6f6b670ef35a9c049c1af7cb429ac33a624355f13018,0,465
f7acbcec21d5d8817f0fa002,2820,3537dad7066ff8144041d51ffcdec18b633a090c1697529d2229608ff6f126e1,0,466
e02483a4a64aef4181a39228,3371,2673b768ad5bf2add90e584096026c4a214ca4a988353b61cfe3c6c86bfb1038,0,467
256895bfa0206c9efb467710,42,6018c7a56b50d9e1040c4049255ded6a0517132d4c58dda9870d1158c087c0bf,0,468
13e8dfe7de4d5733c926b7ed,911,df13732b44f79e4573eaab593837b5e4df8866fe90b1f9cf4ab5a2db81920953,0,469
444f85042ed033a4f9386579,1778,4d512cd24059ee873931b42404f328a463d525461638f57d0a51848574bf0f4f,0,470
c0ab735e53d0752e2e16f518,644,4622a1cf299112bbde522e999d4632207d1e8ad2af21f6dc12ee641e5425dece,0,471
6ad789d24b00f5aaf2061f35,2339,ac62cb8d8ac5aa48d26c19ac25bd95ee55f33dbff394a984b2ef4cadbf82f68d,0,472
2fc7f6ee08f9bf4be7bef032,2269,190af2b078952d618d822378b44e45e4314a1d4378c93965be9e425cb8da3751,0,473
7f836e849c602934b10ce9b5,2815,71ab3871eec778dc059d74a6577a1e4a73a316670c6ceb05cef6e2de2f578b60,0,474
2d62192f03ba671fc212f382,2937,0ee0b78bf647b1a5e8733fc8be745e48e3e4af7f09e6eb9b4b076d330dcbd7a0,0,475
90bf72b6d1ac933e2340c903,251,0e235f7ae264df03143d7d3c4d0b7087efb2a570e3f6ee9170f8f1f5f6efef4d,0,476
e64e73c026516593489fe630,3131,a8bb6b46961f8d12bac7425e0d032b32144e35aa94d29a06ea6706e780564fff,0,477
6ee78dfff318ea6e0eb88587,300,bd0502d616dff705bf598774b2ed87bdcb6159841b666816d08e122e9ee35eb7,0,478
39e403afe50dba2de2e2931c,1407,825889a62b1c3483cff0315404cafe2a22aaff4381464d0e07b90c20254e6337,0,479
0b2c09533f805a078b4ddf23,1124,02583a636c32e1976c87f2fabed0fd183a5eea40dcf6932c3ae7b7445a1199c5,0,480
f84352eba0aad7f2a788bf08,1469,0f4b91baf6063cc58143fb4b7b8c52d33ff1f929d33214e49355fd89064ca704,0,481
2bd6b963466295ee9b8f62f7,2206,6e5f553034214c892699cbf285b912799455ef8f102b22a52bc5cdf8fffbe917,0,482
83b333c9e0f79f7b74d7107e,611,10d99c657d511a2bc47d93444445caef284c06be37494c4eca1ce1f9c949b7da,0,483
78621e765c2829133ce299c4,1217,3eeb82e896da86cc87f5f0c76a74968f2bc58ae15190600e1babee96af028b79,0,484
4843928f1bf9d24f1b80f5e4,3250,5a57870ab062a52a758689b1c4236a057cbae204b1d513423af47f71b13cdc04,0,485
38e925c6bc20f85c4dfb07cc,873,35fa11180574ca440c55f41a1353556b52c0026b35518afaa3eb992e0d86cf24,0,486
eefdf5faf598b12a8dc90122,3158,ec510c1e8e2656d7e60ecad05eafb6f1c58826a94e2cae5d9542672caf143688,0,487
77a3efc6c7c869b54a6e17d6,2105,ef368d8489372a1c4dfdf2cbf0e806e67c2f595174038e92e642a828ef13d0b9,0,488
eaa60e7e8433670b4abed084,1715,09bb7ef9585775dc29950bebb5c995f88b819ef6116bbcbd66f39586afd4f271,0,489
b3b371da8da584df92e9ff8e,1191,58cac884a20166a6b33476f6ff53c7e30b36dc02c5d19583921ed44bd55e6ead,0,490
c803cf65d8180ef91abe7901,1254,f7d7139c4851e58f4bc8a50ff08966105f269813a9a52ea92bf1f671b6fe5de2,0,491
ef11c1dcbb44c1929cc88e85,2394,2cc8a701b59d80473bc70c68c330e6f8bf819548a7c998ae5df71b4ed11e8efa,0,492
abb3ec0e429571fad232e60d,2471,6face76d649175834b8fa794c37f800fd792708b5b3ba67bec95b61df495e63e,0,493
4a35d55f8a5d305fcae5c74b,232,ecede0543213035bac11db4826def2e065a43726f45c03f2c307b0a7b119c303,0,494
9a932b479fd1a1a3989be521,1975,91b145fa0a0a3221b3ddb7b2913b35d5915f14192a9d93659afd440b66bbed8e,0,495
b58e6c47671714a32d8c7e5f,2959,fb0ff8ca54c0ece6dc6207929e0fed02d22ee5b52249597fff3a4ce7bc0761d1,0,496
356e5d1877039b1a0b8e57ec,55,076b3692fbc8dfe52b63bd31fd95c228cc5bdbac3610382add030fd193c63b42,0,497
1668393609163ccb62df360b,1130,9541917b75d0815a3a80dd17f97d45638788936a261027ff7b7d2ab97def2b88,0,498
06821ec3d16f92ac09f2e6fa,1003,22d29d38b65e53908601892cd37145293d6d4a960a0419f847903a95435dfd1e,0,499
5dccea810e697cc0aeff6105,390,64a6009e3c26e2a0fce72554b5add9c6dc593428b96787d59f9116ad805ae9f4,0,500
24d8c91807dc50b5029f7dc6,3399,286a908a5130db18b60f1f826d03c620c465bffdbe2edfff555bc743432764b3,0,501
74c970099c03314ea289b3fc,2018,7e628b699b447cddb114cb5c11909bd612dc48a69107e64eed7f68f0a6a516c3,0,502
4968842e33bda4eccd273636,2634,9b9bc22387c164c3537d0713e3852bee61e011d3b2370fd7f2303bd69735d14a,0,503
20026b60085ba7499c6ed62c,1308,018dd80e8a9363cdd52eb7c9305167906a160da402f0db6ca405081d6cd86f09,0,504
fd7e669c7dc14c4bc412b7b0,2268,d837ff59b8b008a8160c748e42ffce59d4030332d1dfc4f0c7a6400237b84b5e,0,505
48d8dc5ab55bff50ba714400,2431,a0a6ea3f9c8433e42e644f512489ca7654817374a2111580c344fc109b2d9f6f,0,506
b15bf45eea6b2ef127f64a9f,812,2cbb29d7842b3c5548797e774bd237e42800cde4556bdcd10889454463645520,0,507
66ac3bab63fe8f4271746ed6,3377,cd6fd1d1552aefa4e06ea70838b0c1dd6950c46cd848eafa5b1fd8fc1ddfb438,0,508
2dceafaca5f0afed9d44193e,2839,f0864eef01bee564389d0a7abbe2e81fa88dacf3459c6e5bfb084e2065876280,0,509
7c6ec1f9a80f04904c493099,763,834807c705db96837ea94330f7b5bbab76be73c27d1400e169cabba48366f6de,0,510
bb57e40fb5dd94cc555ea471,501,6001b3624642031324d9ef74fe9608df63792fe4ccdcef27c3d7ed49dca292d0,0,511
64ad7f58f9aab535f0251a3c,27,5ebe79b1d4ab6c6d3727a2631e24b062e36d43f215d730be5e147fcc6ae88c98,0,512
66a313f2e6283e537784ce01,77,1fab5666a7fac6ca19432a94ba8c83612196151909fb30860089e5772c030e74,0,513
b56dbf9c52414a228eb7e4a0,568,03197e495c603ce55d7fa661a1dd326e829bc795a86abde232821354e745ae0c,0,514
f83b1a4f1a186a90a5d4c638,2842,d84221801565156f94e93638db8e5fb5627eba0a01535f1588833efe3567914b,0,515
a8f7d350bb88c3e538a01a11,1318,22602b94ed2171921cfe29bc70c3153b9d5fe12c358206ef556dadcb9fdbeb57,0,516
da90c983922b9d2e8c4c2ecf,1566,b990fe9f94281181bc31b7e4947b51219948ac0bf20178f0bfaaef84d4ade352,0,517
42ee3335d11efa6cca6fbc3f,1157,df5f9160a96cfcc9625cd5d825777e06c2f45fec08d3b81535718975305ae563,0,518
5ed25bd4e102df9c86ed9203,257,cac73111f27fd5c9b43a64dac08886c7c84d1c142abbdbe7893ced1a9b1ba340,0,519
56ac3d7cb928a58d0e0b3bed,228,2233ae223e119bb3a48bfbc42cd386eb27bd2a13f7f8a4bcba0345dd4082e72e,0,520
9b3ad35ffc45467337918885,3105,0502680d969190f1d083ef343a0f1d07a576c79a9e777ac4ea95dcc4fa6244f6,0,521
53826b2a8bfbdffb6bc9e7c6,590,589fd83136ed3b999917c1bd0d4799bbacb689a8c55dfff839c27f252986dede,0,522
6da65dfd8df75d2637bd900e,1380,6235c09efa858738e98fc5c1ea0dbe4b95dc7c32f37820294d00db3add7ff756,0,523
138e44cd18db08b484674b93,1733,2ce8350bb350edf27e17c5a22ccfa17877a0da654dde1cbd3c1dfe7fdb6ed40c,0,524
21b1d5858677d6a485314591,1635,acdd35439c120ab5809e063055ddfd83559a8f98fb1cd391c79623048b7e431e,0,525
11ac92a4c5c91271cc049003,3086,a968f9ef8568b98e8c1382468aeed851a6ebc802aea5a9fd362e4c8c5cd89b38,0,526
45f3397b49df3d5e36a949b1,1397,ff924116349908e5a40c85b208977c52cc7fcb72fac2165a6b9aa8af5a218ea3,0,527
9a09c2ee1109cc40afb3d53f,2305,44ae2dcf434c5fe4340dc794884879081832b68b4115048c8f7c19051eade53a,0,528
149234906f380452ee5b4026,891,b473bc50d5b24263f87a197835e18f0fa19824969304348151e35765e957951d,0,529
f94a0cf80ecc3689a6e64376,1155,d55b860786fb165697e2693c7beb5b5448d5da46c9ce2e4c9faf2abb7b999814,0,530
e1f184914168064c57786c62,3012,05f452327914497af37be613ab6738b03f9a28a081e0fe0c297b54bd2830a5b0,0,531
467442ae41d08695fb7e80a7,2063,e6cf7aa64c48f753f8d8df2b2055020158c141f8a5ff8713af43390ceeb65a85,0,532
682c3794573daebb0d3f6ece,2374,c942812d30c4f684c34a30609c3974bbc451e494183108508cac1eb1a7c2d737,0,533
ac990ea0d2db48e283e66dfd,2214,f39b96880944f034df606799baf41c4bb31365199a6e6602bfd6caa81e34a67a,0,534
c84fb7bc7dfcb4fd3fe9975d,444,ea438c85743a995a3b54d74d900de0356f44c1c49ceb5260df6f2dc904cbb5ed,0,535
da562e3a55b97e48af3ccea5,416,90e2dc9c16295e1928c8491b1392e6d982399a4cb2f6105ee134da9e780afbc2,0,536
50db90e8e828305d591c2f29,1367,fc9c79f52717729e3250b2b215ab20f354e8c07cfe44ec8cfe6dac2b726224ab,0,537
19b9cf72eb1728ed15f365b9,1344,dcfbbb6952153467099c0cb942fba572ea0451186b0cc5631670da3e0eb65d6e,0,538
b6ae5c6b1e257bd793297ea9,2329,e6c96ae1077bbfbd307b13fb68784ecac14a6833c260a176c99dc4a680336928,0,539
f07c3f952f8c9a6fa3a90c5f,560,82ac56e5c01686a1e2fcdff9c212c96d86f9f5536411d3578989b859b7dd852c,0,540
40e5915d13cca1df4af9b9ac,1276,5bc8d4d559f564371d78d2c32a029eef0ff23450921347e80fe27b74daaf700a,0,541
fd6050da4d96b5beaa548fac,2100,1748f02f3e75e10bc8691a2c83c518208db8db41d6f9186f062d3712ca46dd2f,0,542
a2b3a8bfe8912a0bb0d17f70,3171,91216f9498e88c07d9dee24f49bef9b214d11725a6d433eebd26906351163870,0,543
0631322c75e1553b9a7696ec,1112,970c39d4c9dae0db90b9ad09782ed90ab752777efb3fe9534f9230456a2ba681,0,544
55bd4006b9b9e693e5c4e403,516,f3ca885c412ebcb4d909472a15465e60bd5ecb2e1f94d850564e5e6de62b6cfc,0,545
9661b7c4b3e24fbfe1885147,2114,6ca0072b98f918832e111e1b05ac8cf525f086833c41402f6b0f2bf3334ac440,0,546
ec370d23c7c4b186217abd50,703,9b92e7b853d242998a67940288e54387ea57c953c34df586f2ace7b6c6d8f894,0,547
894478e02d9a568afcead762,2985,b240a8857e625823f94358d98f6c4d3bda42e78a65e6baf9e28fc39a223f3b3c,0,548
3e4861bf1e3a8c634725f73c,2405,79173bd9f9a48dd6dac249e70ecb9c65c5aa692c2185b5e4666bdbf9cf8d655e,0,549
2d6198042148a6c231a40837,1974,3ba3bd6129e40a9892591f7d41536a2818fac4bbe9b8f09e5b95aa342ed61616,0,550
efc8832378df08a59244996b,2008,2cd36ec14932b22b2f071e1e553dc9c91e541df6f9011ea53afc7e8c6540eaae,0,551
00172e3821c6a09bf94b4060,819,97728904dc89369ee891fc2ce1e422f8b76d936c19e47719cc53f4f885ef192e,0,552
b27a1e6a72cc3955ee91ad7d,3014,ba56073a5ca08a540a62df9aa5f101222f70968e7909d150d87bebce249e2638,0,553
d0f359c23eedee391a1f4b61,296,537f977ddeb12a23d36f8b091369299bb8f8a03b16e1ebabf77cf2fcbe66ba51,0,554
f612ca339326ce1d186c05ed,2588,67be1bc4fe10283534f66047477fae2b35b93038df3052ee482ee6575f30eb79,0,555
64330967b80de0b9efe4a55d,692,09d416042caa4b8488740decd724ee724e099c9b4ed834dda0d75b6208fc424f,0,556
33dc5bb889d03b298ff4ff90,1902,c1f203e70541c2287ab69aa3e773b7a8164b1c4853c15dc8bfc9ede4a7f9d4c1,0,557
dadda5b381c6dbcaa8e6ba68,3394,58d31a261916be70ba0e31153979316f1c72cf28bdd39b6a3a787f94e8ee3a2d,0,558
830d51fb639f90b0c1e77d6e,2276,5249a872c7945a47a9db87a467d1eaa8023d7d906f98f313a290d44d3d8dffdd,0,559
0804accb5e44aab156596411,2755,b35b549dcfd331367d83c7e6b676fc128e5bc8ab8ab8e728469a2d5d7c3372dc,0,560
08673a5c6d621f3de2d86fc7,978,05c7382da82ad03c51beef52e05149998758b8cf01c53124b123403b27cac361,0,561
248fd4e7d63f00749063b6ad,1790,a9c241790c894ecf737dad2f4f31ab4fb3e2f62370a81ba3b94ea8961b4d84d7,0,562
cbb39a90968482469db588d3,1193,f0401914e475677e2c48e9a4247ebcb2ca969ca7318516b393b66370f75a7e29,0,563
1d17c99054c1dc91fd2a8eb4,2435,61734a7f4bee50eec8e2e6d8f04824e4b49a45d1d5cffff48fa61e736593653c,0,564
63d4f46c38ad74d7c1b5a48d,1648,213bc5e05be968edd9a16aa7de61f24072fc1d3b54159fa94b911b7acfa47c5e,0,565
ff22594c736a755ef57f9f0e,609,585d35469df573ac4baae8ae0b097e1f4eec75fc9fc40181da4c5c79b69d793f,0,566
1047d7e341660cd62bf6575d,263,7efa93cb6fe8bbbf203707d01c62c140ddf5ce08a7e0c04fdb57cae0395fb340,0,567
499a42bbc19e70835545523f,2332,03c3f1d818d406c839a25f870a2546e7667eed03fd72c8f15a1cac558e32c5df,0,568
8e103a2ff60d1dea18ff9400,2438,a6fe1c3153dcbbdde18ca4e5732f497a10c354e46dfab29049332535423572df,0,569
f69d81dacdcc93ddeacc6c24,782,0d51424b0ccc5f39a9f24cbaabe23d1f08e962086f434d76c8f2e821dc7ef4d3,0,570
cdca764bfdc578e1456ff65e,3104,5dac1c0fdc26a24f573330d0d6ca7da5e4564ca4b4c8c46dfa82e7dbd4faadf0,0,571
4a36708cf643be59404955db,236,8847d2ca1293365b8c61bd6328eb1a40004875fff74b2e7e94448c824234f3c5,0,572
870e7165914af0c813d3a5cd,1088,8841d2042381660ed057a7f016ee847e364a993fa02a3e7927eb07ad3953e6c6,0,573
b0d74c88736ef291edfef58d,1606,8434915cebf4b6bdd57b18c885de5e6d4865664e225d6d5a006bb00247771e66,0,574
ac6c4e9c472a2e619c446dd0,2070,e9c863025886b4b206ea980d2528e7312e9a3ac41d3d3eed85e91abc30ba4171,0,575
9fee54f416bc65df7ae57bf0,531,415192ba237195772b653c0fcee0c4eda4889aa41d22d37905c2e927e76b5fde,0,576
717888afa7081b713cdb079f,1153,7339aea92aa0b15cde771f078b63392b0683c23591e4fdc00bc7a620a65b2ca6,0,577
b73bd82e662328f1c3da62de,2378,7978b267b910bfc7f6fc1409fa50ca96c9c4c452e0034c003d61ea3c426b7534,0,578
e9a8938e823d9c35854dfb10,1593,4a9f5bb97ff65957c73690813cd0a9f21bbfa81eba7f57259b4c05c0587368da,0,579
c438978865a4fb1aa1454098,3200,c914a5f30e5c864869e8345a9db52c55b6807032615d282dc30af83141d40753,0,580
d952b29afec292e28dde0bd9,2706,a382a1a90c601ff74b6e24ff17c6d263a2e213e64bf69410302cad1d1ba57cd7,0,581
42c4f48ff0f2e67149139017,2092,74f9fba82c6490cb4ab4f66d9e21220eddaeecdbd5f9a3edad58d33b47f32488,0,582
c497cc127e5014eb8b7b105f,3165,ac57f803ccc1d37c0b61aa8e045a2fac20faebaacee888b994a3acf89f62d585,0,583
eea6f4d60dc91f5f53561e98,813,11e126d3f65b81edc6352d8b1adda6b6fa19c4534dda7aabb17112d18fb8599d,0,584
3f7c888a849a453f97faf54a,394,e2766bceb226541f73322c2a483321fd25407ffc587f4fc100fbfeb253394182,0,585
b6d96cf70155b85134ae15b3,156,dfb4055ee61d54e0b05236e33f9ea7771e3038bb359c8e73e8291d68d5ca8a71,0,586
5825fa3ea57750c331acbb62,2011,e46d7b327536d8ef0658ecf790a2b2a3ae8078f5bbba8c65565da77b3c358e32,0,587
4a38151cad5db68db03e75f4,1127,ee424110bc4b3786fd80380814017be6268370b18598caf7b5af1142fc4a9854,0,588
e32ea8d3826026554776e6f4,1754,cde2c43cc167f2ea1252e29ecdbff6583fec6741c2ecaeffcfbc99293402bf7b,0,589
6f9d7e17eb81fcf04aa1a99a,2365,14032f5a3a01e730078c7c30ba52ebfc1f7802176d14970b28e844430166631f,0,590
c591a3049212da004fb286a4,1741,45d13a9dc70c7f021b79e149974d33c90f0beed3be43df98259806177ed0676a,0,591
87bf286c2d9960311e1675b9,2544,949e9be092ee35a4a04dcedb915454d03b8042d669f3f3fdb211349c842f45ec,0,592
b88e817f6f28fe5ef8dd1634,2153,fd06f894e42e1200f75ed3d24dd7eb7264c49cc88458c7d5f2df42cabc3f0b84,0,593
bbdec8099f86bf1f29970879,1966,fbb2d1cfdc3c580b112805a3f3d6d6e79b71021314154632c94f675fe23a1604,0,594
171b6f8146cfea6c8b1cdb79,1896,dac8e30ae90b0ad4063c58ce211518a1689aa6f9a51f4bd784e7c10966e97a94,0,595
8b404aad79ecf35dbfd5f39b,1132,8e51871787d3d782c45540b0d9ba878e43f4760abb77fd8c9ee8650a2f622369,0,596
cf3671e5b6192393642bd933,3338,7cab9faeb9b168098fe027548fddc76bcd807b25854321d0bf0ade7845afe47b,0,597
6c04aee90a0e0b1a36710a08,967,9f7157c05ebb12ee0ebe5b26c9ae1c851435bca8f749f49a6e97f53e98adf843,0,598
146bdf0e7b4e0fa3ed1a6b42,2020,711beacd5a621e80fbf3cf35a2616848a744ea8a0a33fdd7d4f8a8ee503fe363,0,599
06c738c967c508600e423854,382,44645dd434ee7e380a2dc2e7e65b16d11effbe6e33aa8e86a17973ed3c964491,0,600
b9e3aa7b2d36214770dd1822,995,796c63daed2b22b21dabecf09b4a38349c6d4287e8f39b5ca64def14280e92dd,0,601
b5414ae365295c88645fce5f,3130,e2b8a4d36ff84f7b262491162fa55fdd51f7e80edfdfd4c2748882e00a1d666a,0,602
5b48ffcece411987781dfc3f,2801,d82baee0375c48306f3346f420298e589395b8f6cf0f126cddd57bba9abc8345,0,603
b663983e45220f3895cff32a,1930,53cfbca6e5b2dc225a58946a8d8ff450a5abeec7d224bbbc1f3d62916a8553b1,0,604
5e0b538033c8c10e55ad36e3,1910,1e0b3859ae8e5a57be2e008a8cbe6590406d30ab2b5025578d33c0c5e8c8cf60,0,605
6eb5dcb0d77eda9aa67656e0,1621,91ecafb691acd415244054f030698014c68706997fa388a5755f99bcb16ac623,0,606
1776a8fb4e7ba9811aa56df9,798,95036d208bf0f04fd219dc5e9131725049a825ca715b6ec626289eb976fc9c31,0,607
900d0982aa78bbd2048a42ac,564,ebb4914ddeb706b5eb8a62915d9a4a84342495ab21b3a23ba03fde5a6329fbb2,0,608
190780b3c863df748778fbc7,507,60266914a5d7663c8d4123e21d8ae9aabc5474189ddd12e2181409b2ff6e0f4e,0,609
f23f2326a6a1cdcfa7ab8441,1271,b6449a0e33f56b6ed227c1e9b36ae67a708f26ce7379df0e583d63dd3ba6e1a8,0,610
e911b60a2b501a4f1b49ee82,2836,aa7ad12daab1f41b1dc2b5bab55f493c5103b5b09ac9bab0cda941d085514f3b,0,611
adb9c49e7eec2fc5a4d1b061,2766,753013e9b692c48f1352fe945eece9ad35d955e086b807b52fc3935b1393b74d,0,612
a41d1435136642c468910742,1809,983da27a6e5784f3df10e55d7a89ab0e1746548b0b0e92ea72e1d2f140341985,0,613
b4e354e5368b8413337f0649,1569,1fc20c8e33dd65160af9d0bc3f503a5b8331103f8b4324e81c0fa94c38a96e2a,0,614
b3cd4df0ea237487a53c9a7d,2638,221fc302c196c57ca9f7581f9a2fac76303d47b87b8d3976f50228587a1306fa,0,615
9549540abacbb12792479aa4,2492,252a34b4ec07416a40ff5ebdca33ee1e3106d33597de26c61957675552cf08ef,0,616
a7471979a9eb4fcd87fb6689,3039,7eed0dd9f85e342fc485eed654a5455d69819f1e31fca3431ca6f4c6d2cfab03,0,617
eaaa39de83303f709b097746,1561,2b2708437c9b5c625995114f7745ffb2fd9ff6280cfd262bd71ec9f6ffb1745a,0,618
7397a33752814a8f2e315f9a,621,46d56b7cbc12e4ff4fd8209c3d2edb4f145e09ea1f3c4c0c88d9d0e66b9aa781,0,619
bc4b20e5a2c3f6af4a7f9f11,849,0c6e1ada823be8b2bd4e40832cc6e1011fddafb65ebdc41627e0167efcb15139,0,620
79360d52a7e2016be42bdb49,2743,3c3c271de7e9718ea9971771b69db07f993ca31d849a8b391255f4eb035d644b,0,621
2fadf73f6c24dc42b9c1b0d4,1451,1494a0942613ee19567f9a444d138a02088b2138a67fe969650b9c4567925abb,0,622
2f74b91f6c58558ad5db3aa2,2090,bb220a6260c5634ec1952289976c3dd9df81a356225e59124dca0a5f40b8e01b,0,623
00f56894113b7b00290c276a,2577,62c28f5c60ce5160419876338bbd3be82639de20a77f920e2e6405fcf55738c1,0,624
22b0c9974970416e27c50fa3,2975,7e01f6fd6d630ca91c9731be03715b52cd3aae136e6e728345d759dd23aeb5ff,0,625
3bc27138ea8dfccb1593cd3b,1034,7d9895964412a219ecae700028d4613ebfbc41fda1f4840de34b5ce2cd09c45b,0,626
af649d10e66e7c6376c82fde,2453,35e9efb8d125fe38ab078c6db9c2530a06a0f9bb18ed5070fdbee55c12d8f49d,0,627
7a977b2dedcc5a6f879ecb47,330,629d31ccd8f94a5485f41c274068be788634da9e0cc1ab2aef5ab466cad7ed71,0,628
a08187ea0ecc813062d21b32,1670,1d27b576486b422f6380bdd844c9a1eb0c8fdb90ec83ec05fe96c13dd77692c3,0,629
01c8d4f150e1e31f58a67bb0,2595,050f1012c90ca15e5537b3a2a7884498b9e9d00537febae9a225d5850f82a667,0,630
ab139ad4443c1eb50d7b1534,1038,e89c47cd800c3097166c390326d4784c08444c1ca13dec8393a84b796d61fe9b,0,631
288d07bc7a30500b46fe30e9,537,5aace82cd87c507c3005c3c77b27c5c42f3aa3626dc4be7b476fd2a16decbd13,0,632
71f918164ec042caeb836618,2835,e35303de4c36a9bf889ead57b6b1e8c8bc85a3f6d71b7fea3a6d47a8b824a6be,0,633
46192152a11d9e7fc8a542d2,2690,0d2c7abc31d84b31aa760c868d127ace9d8e6d6645fa265bb3f348afb240f209,0,634
46ee005efe180f24a61d5ba7,1167,ad53acc917b6709a8d127fe7a7c68d071755a852afd74e77df30c7cc150315c9,0,635
8e7ac26fc6141f4f7d129cbe,847,3cdf07e88f71b58c3b68c7403c8d7a18dc83c846080da6c4f8301ba96b80d992,0,636
716b206753b26abca3ee77a1,1787,e1283afffbac20f6027afa0823f76c5d839f1f7916b43212d1ad543082580e76,0,637
51de4a0b6fcdda1d3cee8367,820,57f40fe03d4f504790502f03800b867e88f2480408b9d345d8481ab7ff1979f8,0,638
aec8914f8c9b3f3cdad53f9f,2099,e98c9932ee54f4b35ee216507aa6d34a613df8188ef455b24ab2e381a0f83ed1,0,639
a4a908b04050817c29aa064d,62,ac4b79e63cdcd869fb7128ee0da03cae908229fbb601f8324d71b9f32cbfb84e,0,640
18f943fd081b2f4beb048168,1261,2b962f78f60491948ab0ca78f11a5b5dce4a4516e4c716c7334f6502836b3baa,0,641
275bb31dd569b59b4e4eb9b8,2655,0975ae44eb874126e3cc2a9617be918f2bb998ae2698f3a3c2b92e0141d32b5c,0,642
4c7f4ab257a2e2855f3e7139,1582,ff6fe1471a4d748dd21c4ad1b06b90da739b4dc38f7c8dd2cb50be4b11ab2aa6,0,643
6a8681788d51d40d6d617ce9,3287,ed304369d9947eda3a21fbc86d0894de963de91a1e7838b922baa690594e613d,0,644
9d45c245cf378472b343a8a9,2596,dd9889ea2213d7a6dc3e1ffdc1954e52884ae9f3379b03977398ee822b4ecc40,0,645
c840da53247bdfe10cfbbe9c,837,50f59f172b786132026f001fa486b0bbf9cecc8d502edac1709fb8d0860dbdb4,0,646
a507c166e7009c97e8b9b1de,3363,be73af23a1adbaac2788ba45256fa866dfa775462242dd15272aa8271aeaea81,0,647
c70676e41953b8f1cd5d97f9,439,fa438485d42d5f41f09ac276c1a6ec3c2c09aa464501793b895bcca94413bb61,0,648
b6eaa0691acb85a4deef4d4f,1705,2e3024303a8cb4cbf72c358b51daf141fbab419f9fc1417fadc9c28b77b7c714,0,649
69aba0be04e181688bd1fb78,637,4fae75a7d7fba874a10c7a69b773fad22d7c1a6415ae93ed53a3cef0c90b9e12,0,650
04153e78627feb4f8bc736b4,2380,d8733db80a028e727fb103addce1017ff8ee3b735069de6b96c82a400990d9b1,0,651
c1b57e871bcc5f1324fd99da,2984,054417ed042b938a36d18badc22d9424c66ea7c10d27c7df7ec49e0428651f23,0,652
707905ffa0b92124691acbe6,1492,529de8f391c39d0141aed28e86029dcec186cd07ca5353b6d72dd4aa9c61617a,0,653
bee1381bbfc46b348047cc24,2657,701a04a314dba1d71b79e63feea8c6e96feed9c08c3e989bff25144960352663,0,654
7127010040e1bf077a46256b,1657,11732f279a35b79e6f2a8002bea7c9bb143b370fb95dbbb320e3fae8a953fb69,0,655
b4a2fd41f598c6c419a1d133,368,9edfdb96a7d616cf7f370df3c1079d3cead66255bcd2974c0bc899e7aafdf0ca,0,656
3fe3b368b10051069e533a90,2576,60e109fb707bf3b3aada922093b920a7a675ca2ff6055a6dee9164975d335201,0,657
51fbc0f55273ba0217f9e8b1,2345,dd8d4bde6847538226ec79722b8662d90637942e18ddcf9866332b582a19bff1,0,658
4e452d467848cf313ebfdbb1,2465,ee623278b53eb5df116ccc58eda5a2de732476def06b51c4e752ba36bb1ba53f,0,659
065bbbb2840876384f8a95cb,1680,b3151b4a6254f3e64f94d9ae4b344013416816df4ae52661acbf87744c3ec5bc,0,660
74ee07b7816dcce52afb5217,2742,9af7cc70ad00bf5f3d9aab3c14a24856bd80d3578bbe189e035fde96df21fa0a,0,661
66946afd7c46998144af3859,1414,0b37cd079e1caad67ee430989d7c8b4721c004bf0be21053a11c76bc283e76e5,0,662
b87e5cf520d973a4ceee4b4b,2808,48e55e7c6b076ab27a1fe0fb9d3a9b043a6ad5fa6ecb986c3cf3bf35ace56eac,0,663
f1183ed2073850de217e811a,2781,75eae871878f0a6b2c97e12d3e5264b6be5fb80dcdc8b3e53ce6cf1e75853f12,0,664
d5806994408958b246599b61,942,c47807f9beb680f25f27da1b1c3c95edd1b6f60cbdab592357645de87b66d3c0,0,665
36a3fb8f9b516d66d0b7909b,683,c9bcf88caf7cfda6a1ef5b796dcaea50a402c25f5c6e00051165b361b9bd5887,0,666
f87a26a3307ee54500731366,2360,f5555d48283792fd1d5a310ae61c12e2e7941647b1ea0ea996b3a04222669590,0,667
f60ed5c857fcafa0c42d2ed3,1351,5343e53189b2b256e3e891bf740203ed174367d1c253f5f7e8a8eff79beaa8ee,0,668
16795ad33740e56d224b71f6,2782,bfa1e7348624a91422bf9a8cf9d184ea60c706b0a0fcac182be0e62c9ceec29d,0,669
49565095f79e889672fcd2c1,1744,dbe1151a6af95445911f0c3b6421c36c07b7b27aef6aad6e6bb7eb3e3fd79810,0,670
c9ae6e6393624db3ad6f1653,1215,bb8adb8fe4b87971c1a8cc05de3e78f7afc2e2ce3107e2c605921db947d4807d,0,671
ca7ae00874f81782cb963bcc,3261,ea863c19091c77c63d2e43ff06f8e803c39185b3339fbb3bc941e4077c88119a,0,672
aa9aa341cb695b329aa912b5,2855,9798b9ccf818c4cba835ab870b53f44e33ddc3522f5fecd121d867b3da5f2b09,0,673
c1090b418f50fad1020ee4f5,3066,639882d94e04c71ca0679fe1c38841afeecea86dd2908e285ffb702c9e37e966,0,674
7419308a309b31357951c8d0,1519,66f75503e71dd6cdffeec95b7aa4fdffcb48b291c295c50e5b4b6fdb56556d69,0,675
2b0e7f6bee764281738d8734,2129,28bd7c2562e8ae8332179e84fd745083c37bda04889b89ed8c09cf24c3c8d50b,0,676
e2b7443e4f8ca401ad606ec9,491,5ac3a605471639cc4b2ad93ec4c610042019c23404281269f318d63384c41cd5,0,677
d256bd5efc8a0053ddf61a02,2819,0e2de6321a1ac4670490e28a952c1e8354926e252f861dcc8c857f2e2a4f78c8,0,678
e36b49ed5693392c6e38150f,2111,0c0833af0a42a0ba793ec8bb6d59110900c8f65a0ea9aa2cd38b6f4f2a9902d0,0,679
b89906460a1f8c29464e7eef,1847,ed6421b9471e33cb69b0ed7758b06480fce8b8833207c6fbbac020955b291bf0,0,680
26f48989b9be547bdfd752ea,1183,37a449bcee409493c9d549c2a831e27c6703ed59b9d99d217fecde5b228bc05a,0,681
36499b7b8c8a4c008db3c79e,3277,5a7d1f72c57bc26c67e96ff776fad3c597a90c3b4a2c1cb01b57b2be22326e77,0,682
8bc16525a5bb089966fb0735,1831,9fd5c208660f85eb398ddc9400ddac4e20832fab66bb106aadcb1501f2e5de30,0,683
bc3fd85aa8fb47bd175ad2e4,3240,18a8f1600cb0027e4f3ca5ac7e2136c92e0cdddb88fc7b29f3bf03e11d65f903,0,684
5f6742173fe5fdc5701871a1,938,69bfbf193977849a0854048a4e839c87b9162c1595dbfe60029306a1d1fcc1f2,0,685
44d81279c30a15a2d9fc09a1,2870,a49b1a3e1cdf3d663208d74ede18eb8dc77ed0e9d1f0babd2e3e4df15c3bcf10,0,686
fda748292053dfbea1266883,2707,fb5614cb20017efc1202d435402951023fae92a651d59e20814bf570d8bad66e,0,687
a67c14206d3b78d7dfc79563,3007,71a155a0a48427e8357eb828d19a2cc26152f8615d024a1dfc04d7194df19b4a,0,688
76a9bd5b3b9e8be589be6bd4,2260,baef6133795d737502307afc01db3848043c9eac80323a6cfa1096c0fd16a9b6,0,689
2694340926037fa2d45ec383,2614,68a12522ea1a72fc39f0cdd9f291825f7b2a82fcb6e226382c2b63af513b2234,0,690
0dfb4f6e9675a2f227acc60a,1909,b52c33110109856f8b44cb0cc7b52852307e08c92ab775a932976501a724c9d5,0,691
f2d4c6debdf2d8298fa20950,1430,e493cb521ae104d1b65250baa4305821ffa7962c3b1a76c4a89af591b91ebdd6,0,692
d67928549e90892e1061798a,2460,a48851fe50d9cda358de32c302847b03044ef8fab4b4881719ba199f8a9c154d,0,693
0fb180c0658dc752cfb29080,2980,6427008ced564e34db032b9846764097cb3a5b44a1c4f0d4a927bd5b03544c7b,0,694
e195512170a5db76b649600b,2202,fafd534c855d16425ade06fbde1976960f5ce39f9dc56cffa049a91ac21b6c07,0,695
9b9580a763d10c0019c8a1fa,1983,d1cc46babe68c705a8a2b6dd9419d135336fad35639a8d93c4ea9fbb5876bcc5,0,696
54d80c77be12ffb30ecad030,1071,4db977acfc38813a09714ba204bf25d361e23e41eb846aa1f23c949eedb84a22,0,697
ad5e7fb4de42e153d7a716e0,1158,5076d83b45650af0622ee9649a045457139ecd61a8a4cf2615325b35a5adb7f7,0,698
a620552c616a02e03745495e,2107,450ed6f595aff5825babc5cf2e0aa210a1ec6d4e66528a820393873553d758c8,0,699
1ce9d68eeff0bdae9cc2693a,2371,c2b95452e8cdff7d1311a7a7cd7b385b392546bafc4db5f6d6a7b915c132be5e,0,700
74e21af26c342b7e459ffe0c,1235,d3d46ab0b77566c9abc45aaa02499c12d73211d5f126d621c595c538c1a69e09,0,701
5e567e1551cdf32a754832cd,1092,edef36e96c909ff9d3c83c13a3b8ba218dec4130a71cfe1eb3ddb528e0699860,0,702
c173ecc59476df90521f732b,577,91cbeb0cde972932c3aea510540d51759d19a782923d226fe599b1c23a53fce9,0,703
f23158b8b0eb6c572e3a3091,1600,a50e4db0ee355428efcdc248411e4704286bb370d2970ff69e496260e8826cb2,0,704
bc1d7929a72c905badb22325,3108,52a7467839dc210334ceb5206b2d1121c4318916a70fe6565855412405035e60,0,705
11d7a1e33f432c3628d59f18,3223,a08d63eaed932c1db416abcb0213a831f64452c7e23f8e8751d5e8ef2c6d1a8a,0,706
b08442c6639d10e65ae7d536,3305,d875c44f4e1879c64aebb9918dc08e8861e8e3ddf0d95e1c5b933af54cfc249a,0,707
06cefe3f5dfb7eccb8e2dc6d,361,aeb09a5a63adeb27ae06aa23bf0c2b2e19fcd704c9262d0b40705cdf1b7eb8a5,0,708
0cd657642c4b98633528573c,2593,98bf48873ebea932d4b00ce44d6b40bf09e6cafdb2940c192cefdc0bdcdbd224,0,709
189256483ecc7b335d382f85,1205,a6dabf3841ad2c20af9bca18ee5af7761ea5ff7b6f4dcdc489610f49c7906a95,0,710
2cb244db47b2ff6a770a67e4,835,7faf2866a1b71833215d1224a442f3337ad9a464db45635860fbe919cd29009a,0,711
10ab7066a1e1a43503f5e642,1240,27c974cf5a9098db60e73b293772248466d9494f618940b80460bd3d62664054,0,712
8cc03a6ff41ac6f1a03d0e80,1527,fb3e2d79cf75170fe42d6492334459ddb99cbdc0e5d1ff9841c499dc5e1c57c6,0,713
1573ea3c7c187901305547dc,1691,01e12d88e4321e3257cfa92be2848271189fb5253b927c0ad3440dfa236c0998,0,714
daffbd2b34f1eb01b9e595b7,1498,424a626d6bf1cb946e871549b6b2fc3909be2867d7f84ae89cc455984e07e658,1,0
2cd3c46f87ffffaa2a690448,496,b4d353d4eeeecb0ee8a1e818c5382d36ef668af1e02a95f76568c613233293d4,1,1
3462ee572d7c1781501b1cae,301,7748b7fcc3f40a9df895a5687df461a80bc4031efc7880a564ce84f362ab6795,1,2
b7c19341d01fde68d1b84f67,2162,977093294be9c300541404ba882bc1863d5ff6ec02069ad421944eb22c88c1d9,1,3
cbcc027af6a308480df24b68,212,a8c2c608fc5014de97de36405e56c3879e68a914a3d5addfe31e0cb8ecfe7710,1,4
affa5afa58a1c9e8cc4ad78e,1223,6a3cc4c4fec5b204c5ebbe6d7e70fd49205f14983102b11f6f21c57671f5d3ca,1,5
97a8253342870da249359b5b,2804,e25bbe2734dec7a012fcd70ce41f59dcbb9f58f6aa325bf4cb3f13c58f704ea1,1,6
774b3ff1734d4ec376a2a054,1,bacba4cb7405b98af81f43b1617f32afa0f4c93c7fcaab2cbd5c7e58bd7e7244,1,7
3a6c141e1bf205da3e0cdaa4,2073,40d8046b923c4ebc7c892ecbb860724a35ad5b4b59129068da5a61f7768d912e,1,8
cd54ab324a0fa2ef785a69e2,1301,af15d49ffd50265741166ea8eea32d5f00e9f625fcf502977e67561ff48d5577,1,9
47fe435790e935939f4b0191,465,43354e4044b555603a8c018d1c03498fbe77ca4b09dd5af6576fed25773b84ce,1,10
cba966014312a10490bdd3b7,2942,ac21bcac44eb5faab4803d17082746b4a1fd6c12b9b92ed8c906aea356a73ab2,1,11
f304838bfc55f0caa4be876e,3085,0065d7923baadc791cd2e2b4b7d3405eb5de7d9d7c6ba5628948a6dfcfab7e63,1,12
f19122642a709a7e4041f16c,1965,59c12ea77b458076aa43281b78b36e4d96cbf01678f0f80866197f88271e5a8f,1,13
01ab65c78af68de378a7488c,85,749009e6595db576f0359940fdb7afe453e02b9b662251ea2913f1109c2c72ab,1,14
a31a332bf15341a346cf8039,2923,fbe271c43aca3c29b0b4ff7fc3abda373f91f77e08c2cddde18bef944e29a45a,1,15
e8f23d7513d6704d3f0004ca,294,b80b1443c4f5efd89c73d2b1508a1d30c7e2d12bd82fead2e764cbcf77fd4ced,1,16
143a24583699dd492b69c647,1906,158a6c1f97beb9e7fd56056caa945f669839e01dcd3b551a898fb94c584eb4c2,1,17
4b0dae3b500ef78f47e6e512,2806,89f89ea918adbd8640908e40d08e3006baaa474d350873dc545b12abcf72c908,1,18
dd84572a458dcf49500edcaa,72,6718acdeae7652dfb7adcc0e7c3a309acc4a9bf39b4a69c08fc70544265b02ea,1,19
5c01c44daa27b52613eb1a87,3097,fcf2b3083dd892175a0397c19d33fdac812b853a00841b8d4da7ef116eb164d2,1,20
467cea74e9e481d58f147183,2687,57131a962407527bd9cd59658020517c7ec6b82ca4708d2c322314d3475fdce8,1,21
d888a40997951da5511cd001,1331,7b6b62147df2b2a3a28c6f67af1676a3dab05bba23f7cf0858870ffede6504e1,1,22
9e25a0270099d7d1095d23f8,2389,ed272944dd828be92fb77811e697cf2888756ea2e12f32fe9b79b14685a8cffa,1,23
bc69189fe7b30a6906e1b1cb,1102,a0d7695f8d51fdcffe0aeee3595759337d25582d3b2f4abd142f48d05de6ab2d,1,24
d6e79027d7b9439692b82c51,2228,911cab0bf9a35d40efd3c472d1874c3f4d4e21997e16c300a258b3b33cd88457,1,25
6540b1e0895666646bcef793,1658,08f4f7657332c90c8fa84d628cf9d75f4364e4b960b4ca3c559774453e39d402,1,26
f10c6b268986b1c69ed10753,3109,4fcd3604dfdc8e950586253594b6caf181595e8db57dfa26b2d792dfebdf3528,1,27
e0e206639af545fa4f40d274,291,0a3f7e1229dc1140cac6f9883371aa8e1ea0d5cb9037e62a18ee2c5eabd6e63e,1,28
c6860d126dbb5f8f2d061f53,1838,56e8e8eaaca3cb59c9e249eeb87d558b776d0c7b94e95b274c5f0dd2577d4d5c,1,29
22fa77e26b1a49ef2fabc058,1403,721f3402c5cbdb2d932414ba3853818656fbb59653a510f8538e85fca6e09f07,1,30
38ef71da6f4dd741b984479b,2185,92bb37e8a0e9be9f3edfea9cb59434e8053ebdb19633f187019ee30c1df89aba,1,31
713bece070d42d0623ad9015,272,0fe4a38bf044b0d0aac7071d9d874cfc9aec8fdb98373ea8a3be16b827debfde,1,32
a3c240ac42b8ab0ea71f471b,1528,a595efece76d54f3f6d174da694642eabf08d564dfc42cfea766a1663474c99d,1,33
fb5d7707981f65df05a9ca25,2477,ec78a5a4b68ceb9865c1333ee4b21695b8f9955fbc2c1e69570ec394711fe32b,1,34
aab594a5c1295c68af3d0069,1268,9cbf72a8062538a37c03dfc5fe6fc9e676bbeb9dc9c4a489dd26448fddce369c,1,35
15dea4e2ff1d10ee4a159ca7,2420,6aa806ea8b2050668787f0d26b229e0d628f81feff62c25d06bd09bdac5858bd,1,36
a9d5c7073b2b02846198d7ea,814,831d31ca9d52811134c298c2799478fca8976593583cc94b49ef88ae556b07a7,1,37
87ca0923e845425ec02a719d,2891,f0f12d382267a80a84f5d626631881844505c1a6f9238fb2b690bcfc4bec5c26,1,38
4569e2e6e67e87677fe40f74,1571,64f0f13d4fb894347aac26f120310a3d4478a8d66f562c3a548931e350600fb7,1,39
1da0332cf0c3803217d3b567,3003,4cde937036cc0be1774726767bf0298b3ef285164dadcfad5981ae9b97ab6067,1,40
846adfb4ce021f1db1a9848f,2866,a75169f4b146a77f1658586a4325e71e8fdfa384efa0d743a6eb0f6e97145d57,1,41
7bfbdd1255671bf8f76eb0e9,2295,c8c6798731c3f6f64c4db08e3c196de3de0a9f84128f706d0f8b5e9ef197cf1c,1,42
5610dad1edf8f1f76d39960d,1096,0edf30edf163c1b1cff17006f6485517a0a2db788b09f8bb48cfcf6bc44df4b2,1,43
a02a390e6a90e9d19fdff23d,1427,8c7f4c26b5c81e1f7ce63fc6454860cb23da91c15d4205dcb73275d38b0f4e23,1,44
2d2e25476178daf0027b1ef7,925,b414ee3038b2ff72b5addec82f1e1bf24e501876c8f8004272761b9f95fa1f7d,1,45
90c7e7a9657e6e14b0b0d21d,1721,853dda1e0f6f18fdc92053408067a4f19ded2919a1d2e6e5236f9607c99d2fff,1,46
53e88a536a481802fddebd1d,2914,762f34271e34b6f99d93015fb480afdba8f88d1506675b5c95bc758e69f0a5de,1,47
74ec41c703791a328a2a9eae,529,8a8509497c80bd6fc9d36ea745d99f86877225ca4ba1b6c7ff42567c83faae7d,1,48
579a3249305faf36be607728,2249,30af9c7703f4063fd3df750fe3a03513b24ee979fae6f6311b8f16e8d44b102d,1,49
e8eeabc87d2ebe15833c905d,480,4624d795411daef78a364d8a7e3b3170ce18224fcb014668f901f9ef168ef066,1,50
6a5028d33c585785c4cd2913,2934,cd2d7303f70702aa49f350011688be0f4aebc9fe7ff831bf6e54be69d2062596,1,51
9902d6d17c1c7d89b6686954,1432,58390327853da40f362ff52fc013e9b6cf2ba74f5499222a75e6133a14c14a72,1,52
a9d797647fd0f0746716dea1,903,603d776e44fe5d2ed3c2efc5213eb55d4e448df39cd14e2829698eb19d272f88,1,53
df32b59c1e3beaccd4c63f18,2894,b52d125a5b15ccbe5d1c85e88de505ac8995ec89c9c10de97e6fdb5ae2e6ee7e,1,54
ad64fb09ae71fb4e1aeab2f0,2841,7747a1bf06668f71ef51bbdeed22c5777fbc59fad1813c7909f6fff5b1d2d48e,1,55
7cbeaadaee152f81a1273f03,1133,1b4afe3444350b17ba8691e3a9c6d7332ce779d4e1d1cd473133ac89ed597a58,1,56
77a7f4aa30ca1f093e259046,2592,df3f45a9c82aa3adb11b224c23981316513e647b37a4aeab643c371a38a334fa,1,57
a14195304270eef02563dcdc,1336,743ae1dc8156d6212733210df43b22b1e0790b36ea545684517fdd2abf6150af,1,58
957b2da0c50f30654006cf4b,1734,ff6c8c62cc53c713690fce2d4af0d77a82bb3732ddb801309eb637b4b748f38e,1,59
727d82148bdd2de3f64d0ac3,1594,22c3cacdff04cd812fbfafdc0966216d7b3f8383a9279498f8976055e87ba334,1,60
ef729562283a0c5e734d8f6f,3206,a21f926f3558ee35ca172677683fd6ce305f005e216c68b8d0ea9946b2ac6f85,1,61
9be64afb65ece8fcd2ba1837,1366,e5da088a0ae3430c6645d99f19919449f8537ce90e5795929c99dadfa67a532f,1,62
30d72d64adcf676c6fd849d3,3215,d209f0711348777c20cb685352e6c45cd3600f243b6df66674e78fe93dddfd40,1,63
e2f800748eb531657d944199,2032,a4e0708214fb156dc27e2cccb8e53253369d8f19f6d6fdb0f64e769ac5ca8921,1,64
5512de3730429b1e4a00cb9a,3201,1e52dcb4d8cafa90da94d5f9f6aa4d2517c9bdbb7e22c1ffb1fe785896cc841c,1,65
5ccfe68987d4dc216fc3ead6,2186,8fd2a1970414309a999a31421a351455ba0ffd58cd9c35de0bc8f636baf05f46,1,66
fc9c7d55187fdf26a4ae041c,126,99c49e394feafb6b6a94faa17a06b83af0f89073f055488e546ba86889b78645,1,67
795cd6e8894b0baa46c23440,3364,11122bbda907c9e8e19151879a37891ddf62c432157b3e1256496fd76acbbb1e,1,68
f7b34aeb7c0c14c4fd52c7ce,1260,763fcc0cfba475a8eae10fb17c782932828105eb85430f24a373e7d948bd08d2,1,69
affabd12294100322b69bdbe,1758,c4147ffb641893151da523efb37801d16173b65d98b482660eecf6efece13c3d,1,70
48c09e81455802302426187d,1923,73cda70f9a72941a8eeb2a15310dee53260c6ebd6160eb02bc8ea8facaccac25,1,71
01206fafb08c4ec3dfe7a55e,1631,d91cb36274505e934e1ae1fa85cda73a3e02874a3d7f64ac4bb8b25f4761a8b9,1,72
84f2b122d5606dba976ce855,76,c828c99d0b373ee1fc841215ada47889f7851096546eecd1f1ff81d9545cc49f,1,73
5641317657661fbcef124c5f,709,346cb2da8fd692d829a545094bfa9751165a02b422778023aed76d4fa7afcf7d,1,74
379ff577edeaaf41d81ff530,106,5ac7dcc622eb06ca024ad1bdf2572d559b87575a866cdbf8855aaab9dab74f3a,1,75
23d3ad60b5374c5ef7135f0a,1089,0e86bfc284fd2ec4f90e21857c588351d6c21bdae4a0c0e1c958f13468cf02f4,1,76
44f3b75a39d982eeb5eb2f0e,1204,c207f2a832694fa2d7283bc40b0e33113e67143254681da388308b49329d18bb,1,77
f5ad23db36fc8208aa736e1c,1516,eea1a8d767368e28a746fec887e5045df4d6f352686a8fbb38c912f9fc1a0199,1,78
fad8e1af3b1194c628b664f4,89,42c96f95e03416ac5db24653cadd7fd5236c3d65071a165b380b829e0f253dfa,1,79
0fa7d73e2acbd59a8aecd292,1466,c6262910e919d29ae04d5dc769e39dd992cfb1591e684906b0330d79960306ca,1,80
735e1aae862dcba6196e0fe3,2943,9e561cbd7a11f7048efe3a59a4c03eb936decc979847fe9152c379c5326dd9a2,1,81
9e2508d5845183620488a900,408,69ec71c22f820981c5613af0be9947b5492293a5b0cd46bbf6282a813881fb68,1,82
deaf3f80c8a1eee1383386b4,2931,b907d721dee82f72de9aa962c766da92b764a909d4384557b7ff7d77d0cb95b5,1,83
1accd14caa57a001d9d76e4f,3302,08ea1caed288b59c16cb27edad304a847105a9051107113841d16f6510959b96,1,84
d333c769a2e2094ab517ac1e,44,eccaa9b15d1d9c8c4953a933ee1cb6b5b9e289a1734e776598205ee770220569,1,85
5dca66173ff84584749c4bb2,871,036696a52158ff8fdad5260793a2bee11e1a236d929b421f76a98cbaf42efc6e,1,86
701d0d95c283978835464af5,2209,acdb19e2a04b6be97cd9c540b6392f1d5305ab81e22c2a8edc0f5900c1863cb9,1,87
a00dbd1a5d35ecc3850f4cfe,2175,d2144512d5c53c255b42524e5634c2550a5ce5e236c0913a981525926baac154,1,88
f3dc56ca5d01bcc259321bf1,712,677f80505ac100612096d51745c21f0ca1ed31a070fe69f65131f16d6c07e843,1,89
fb491ff556ca59e8118abea0,1437,3ca8b5db4632799a1cd4bd530dbc5e12d1df76faff40849dbed3e96ff0925245,1,90
f7d2074e56c2211fa0d347cd,1292,a590f550aea57cb9af020767df5f46821b3f6a0c4573e7ed48e6e2a546964de0,1,91
d263694679ae6fc4b91cde93,147,b0f7bf74d32952419aceea14ba3451d709d151c4727767e5ab5c693129f8643a,1,92
db2d49cac5795005eaaf9b91,1479,05f546965cf5b0ac523f43460b0cbe3dc32c701184d06d965f5ecc8eaa7ce932,1,93
bd91a5e252ce425b53caaa54,1650,5d76d9ccafa612c7bf8f03c73167b4755f591d52a270e917cd03335eb2ecffcc,1,94
a6c7b833cba9ae406c272949,2096,02f026378402b353ad8c18d05ff9e8c5b9045b56b4a934bd6e4232704d35b3ae,1,95
9d6ad56440e07eba6fe53a9e,1106,da461b9dedf0709b88e76f4b7977b9bbb51e044de2a020aa04ec4e7be9866f6f,1,96
3e3bc8b34018cb51195ab750,1900,6d14260a3bcccb1fee065426c56d902dffc38e88578f7608378cc7946063029e,1,97
dd20a1881ceb57a25bbed49a,1322,62e08297a266cdbdf4e36144c9bb4c648cc95b2a3c79cdbfaf898aca3d908312,1,98
afaa009ed5e9dec472633929,102,886fd63a41ccd4595cb7b48051592845391ff5c86e410ddeb5db5d671811e589,1,99
5b62679fc2199797888b9c55,1836,5a6726d74a464d3c56a2f97ef5a397e0fd4564aec165a9d9f4951dcc0a96306c,1,100
d4d19833d1086fb34d7132de,369,521b5e4345fa26777849fca21b9ae964b0d284be6a2ac06c3cdcc273e059ac0a,1,101
cec3ad1a3ee6bcf3695dbf1a,2058,1436ec90ee218b48917033e7a8b387b71177cf1c62942f093352dd9db23f8791,1,102
cc1305164d747acd13f742bf,219,e7609ac5fff7e61aec64d1c5749ccf2deafb2bf10af111afe4520a2c3777cdea,1,103
a7ff878f19fa44245b4bb2dd,2172,e4aea481269b7a71609ef1c75518bb53a4b336e4a208d0d5987063ee7ccffdad,1,104
dd300339afe86704d0eb2102,2480,f061448e94ccb769496e96c7cbcef79a60668396d56a8f67897e552156fbf3d2,1,105
e918fde067157225ea17c2e4,1249,240dc6e07a9e1ef306c922a44f3425336befc0545c1afe1ab48a2348482014cc,1,106
d3caed376eaede91ec1c024c,3285,a6cdcad8ca1ee1fadefe29bdf5b6c3c02546d5be55657b450cd9dfa72a60418a,1,107
6c8a1fd2e3f881295acfc43a,1033,ee91b90b9cc8d9401a5c76446db54d0f5c0e62bb8e1f4f90eefee87bd50ef3c9,1,108
c35e0c2482a98f7cfc5e72cb,231,3b9129d628dfe1a1a28ac261e7d46f06bc19cff25619b1d60d45519cf58ff3dc,1,109
f4028902878b23eacfbc8add,2775,8c98bbdd8ae084c4a382a97bc8006102cffbc1d1b8db60208f9ed681f809eb46,1,110
bc64455b491e2f244fa05c76,1907,fb5987c5e17439a721acb7752421932e081f02d93f2764da296b6532a82f3fa5,1,111
87e0295dc6dad76635cc6c15,1491,8057760093a093886bcc6e40f944a5681571e2e3aaa2deadd642d010667d31f3,1,112
aff7db4fb3de1b7bf0de09d6,1934,e20a1b470b36adb908c59a167e5db52e59949893f95a6f95eeb086a7a0a396d8,1,113
85c17e1e65d6715aededcde9,2475,ef1f23097fd7e019496c77734590a9400a929587150cdcd329f254854176348f,1,114
b2062bd695c02927c006f257,477,cadaef8aff72d7c15aab41bbdf735e32c4c98cfd72d3635cd2c558efbba2fa58,1,115
3f7017fc457ef03e96454230,2117,507d3c2db405149e5f9fa87e8c713652825e602630f54547e1fc218c01f2dd31,1,116
20be3549cfb903c7bd8f2b76,632,6460fe047eb69eb27131f397ad1fdfa52e175e7bc13675d9bc4e0693f6225588,1,117
a87a45f42c8b625861dd4e3b,2748,d28a91f4d98849282ae423af7bc585ee24e611f4fcc9ea83c4146e8d57462d5a,1,118
58559c9aeea2f0c036cf210b,2550,c653532a7e6e79b752d21bf863d1d0630df036f30c538d0cdcc2b527942b2723,1,119
62fc645bbd716cc2c0217b95,2208,b96c3a4c184d37e5abbbb81a810153ada6a9c15e3b1a9fc40894212898ebc868,1,120
86d9d29fb7938e50732722f1,750,94c9d38165da63337c0f64770351b7af4afbef82e8db6d2a7ca1e464622b8d97,1,121
4bd453c9ec30bee64c962f00,400,63dc281d2715d0e0444b092ce02e2b6bb41deb8cffbfb1cd9aeecbb6f9d969cf,1,122
ea220aba751e22251f59b78c,1037,d3abf7f946a54d5612c4a457be325f9eb366321a9a16370002384a4d85390170,1,123
cdfb35ad3d90057ea22e79c0,2152,5fabd6ee783e522b80e5fba1d5566635dd7e48f2e9bd17f0b588afb9e961da2d,1,124
73a1dd6601dbe5baf576911f,3380,0ba950b940621f5d745f410336ba90aaf3a753713a3e71d8cd273ec2a772e692,1,125
2cc752f43e551f684961bb3e,997,8d2a165cbe4fc6035d49c230c99462f4f4222ca3e9ffda51597300a785f495f5,1,126
5da93c447ebafd1c1539d5a8,1629,ab3d1a71ba42b0f0f288bb99e032c8d5fc158edf5cc27b8eee0ec7c55424a6a7,1,127
e3a4c190e66913d40facfc07,1821,3a6967940074a7b53e0d5352b49f19c533a6475dcf450464143bda2d3c1d4437,1,128
f62fddd7e465bf8340eee37f,2487,c9c5e9319fb8639f84c42503ee6e806419fd5379a0b374cfb43331b56fd71cbd,1,129
8510a236267215c47d96554f,1757,a6eb2faa7222cea6b11cf3759b66d7fe2304521232608e82d15307e4f62cf078,1,130
1973fcdd476b888ae122ab13,2954,636bda662b00c39d8f65eff804e603ac20d7ad9ecc152c0e34459716c8cbf72c,1,131
55158c8068781364254a9dc6,954,f1b53c889232d1442df13fcb4ec670b115a0792b45d184f2cec9222cfac2c701,1,132
5db49991b2080edb80a33229,1316,406974645cbd1c78a15effd8d4bb4a514a3503237405606fb2ca7d420324c3e8,1,133
2ea811131d00d7efb372304d,2165,3cef6098c5c77d9a19da023da1d833c07ba8166119bb096e989f134bdd82b3e1,1,134
16915da1a8c79df4723fde71,3372,282b0a5ac61d2c2299e59f08cf20654d18c74407f116d337761c124c5a2bb4fc,1,135
9179bf656125d48baa1627f5,1373,ca8980c5e6ab64e57354a0b15938898c7d8ab1275859c35a82c9e33a59cf8862,1,136
a0d56483215ee78a86a7f941,1971,886f977e21cf4d2cae1a72548ef5db3619d52f9af51d69c88446589fe9ade242,1,137
3349dee9a4ef61bff1569e65,846,a92a1528377368ea287a39a9ece2996d065df071c31d63a79af82ad67cfae568,1,138
2f5d39021a82c55d513c2b6b,1355,8c74571275f8bb4f5a2e87867243dc3d1d53e8e583763d4c2d352ddeb71301cc,1,139
a3c2ed89b3954a6bfab79380,1165,13c57925552b735ab5ea2d6451252c20a2bf0cd0f74642e0299faa110f7fa9e5,1,140
61a577887db3b2a71ad0b0d7,3395,6636447d4a63bb6ff6a069be49b45a3e557844c9a67c9d8778bbe58ad4710d17,1,141
3b631f034c6f7ab134aad066,980,09f700f0a592a51d27bc08e5bebd3ba1af5372ccd94e80f537b547c7eca593f3,1,142
4a4cf10e9d86e80aec5736a4,624,12659b5cf54c4792dce34b0c275231fc82eb8331f3ec94974e4236d3633edf4c,1,143
dfb2a3955be652a0edd2faac,1967,721a70e7cffd32ca0eee9c46fd39a4f4d908c08dc4291b4d8f9bb61f4b1baf69,1,144
3dfe30b43742340290764a78,182,bf0f19758dd83049b66e1a91d86b402dc642875442453d0590fbd3e8375af195,1,145
9387eee3b566cb19519fc5e8,427,dadceb9627058e15509e7a1b6b1dfcc9dc3ceec49b1e4ca73de8c1af2da1277c,1,146
6abe01022588a0591448a712,1068,30dbe68cc82adaccb9c68c8cb775fe9e4a13529b8db481b72dd575ad6ee2f886,1,147
1515e94d1a163fc1581baab2,2217,439cf104901d196055ca951e04c79f69dbcd3516ba6014e759afeced0a6a5aff,1,148
972e239f055e5e77277a02ce,1125,1284f37bfd4974872939e07770b87ec4c7718feeb21343e7caea455586d209db,1,149
c2aa14a9cb00556554b6b073,3274,294680b1a440e24ba0ee28690ae2a63ec7b9f1b7b3dbc0b29b1c7d1bcc447835,1,150
a69751608b12278fb8261ffd,478,52ff89e5264cae7227818f6d0253a52d11447900e7b8d3c2721b20626b7624de,1,151
2a0a984fb441d4667773eb9e,1523,9b462bc6304e7718846e04d60c3799583cb7de0df2aab450cbf2192f045d8717,1,152
ad32f007a301b902aaeb35e3,2536,9ba880aa4d8b95866121651692939e50d3fd23d9d43e74d647584c1730fc94c2,1,153
7224fa12ca4b81224d37d64b,2660,3fb3e437e9aaa17a8900a4f09ddadf8eed132ec879bf34ac996dbfee1f294997,1,154
a55a31099eedfc44c903cb99,2785,86d4bca7109a312dcf55f9030aefb49b33dd683f087340289f0532b7443b2c8f,1,155
0c7794656af31f74ed18d8c7,446,961689d443cc5850bc56d2f45ec0c5b38f1da5615f7ab728148f1328763e36d0,1,156
4dcfd89f50ae18530371a1a9,1019,5c7d82148ab92b2bf01f0df740d7f2403b060aa4d40cad4d1f7fbef38dc21056,1,157
c46ac31ff52cbe005888280a,1585,6230d4c7898de3b55ea38fd03211111567a15d9f9924f31eac411bab6ce83e7f,1,158
e5e3fedc40d3ef7e4d5dfa28,505,9b2314280565a25ce3aaedeb79b421d3b3d7f7bc545596f411cceb40974acd54,1,159
c771026df1d67c23dc409ffc,2737,9eb73e8e3c33458402666a568eabb5edc56526d08dcf17c88ea62556b33549fa,1,160
dfef30b48aced2e292c78979,3190,bb44da6230dcd9234ac0a855af294db639dff534c2b07518abd2e5150ffd7a1e,1,161
c0eba5ad4ce644d7dd79782c,287,5d68a161a72975da02f2573e31cc47a94f1ea3814e912ed2c9ab4e090d885cff,1,162
0487be7bbb1667f6e3504a7f,1488,103c66907efe574b890c1a20c9570a7d5f6e24ae3535d8180dcbadc8baf8181c,1,163
64182027aa945ceeb2b19a9f,2320,48156b00a8d207898dae65e2ee8c6d04e381e4aa7a4e7cac97e6e8ba6b94fabd,1,164
4945b370c1c2689202f98612,1005,c5524723f6b57cdf9fcf4e77d90af321a855d24293910fc280c1d66b903f5ffd,1,165
e973d8de7b1fff19c031d66d,2232,b30a9dd768ab2a804de1dec1dff15d47d9c6a5a8c4916c0167bf79a90471a513,1,166
f436c4c14688c89f9748f58b,2754,6df7103720dcdf6540500b5e12638def80b071fa08721fd07bd72d1d182116bc,1,167
6231ad55b9527e8bd4dbe5d3,649,09c1b8703579818112554a799c3b7b29bf4c476b3942cdb0ac9097dedd9c72ac,1,168
3a0e93b392f1aebe25e33862,2712,8b67cd1ce6507ecc4c884da2d2113c58abbce04c206191c59150d86bbaa0cdf3,1,169
7da41f97ba530f397d4c4afe,3118,9b94af56ef4799f0c7773de137363c1ffb750b39dd2f022fd9e4181516d3e292,1,170
e55899edf2f68dc9403f865b,1011,a7ffb4d5470e70afeb1b8f702d09207df3801c18e05dfa3916645b897dd67676,1,171
7cdbbb5546b7e99de8266b86,2446,34a71e094c379721ec4810049ccb22f320c6ad68fbf8b7d01d740b99149cb6ec,1,172
961a9de8c4dab3b5cc513746,2044,2108046dc468d3d26884366e4cd3ce0f4ea5f99d4c14b05052b8c7eb48a82f19,1,173
17bcfaeaffe465aaba4c1cf9,2448,7c63321176bb17af0cccae987e8acefe294bfb04867604c6fffe1c2bf4bc0855,1,174
de56ef3cf95bd6ac1bfd1fca,2383,0d3c7c1f5c20e6117d99f0985039f74a573dc5f52670e02c0ca84f5d1b032dcc,1,175
7dc9eb701877fd279f5bc45c,3021,e6d3672847ef4975d1b6aa76ea7848872390c0d203042b5f3699e93cc6726c0d,1,176
8e87ff61bb73837bb0aa9a21,1920,7dc023b4b98252fd8ed7b387c42957a0d924903004faebbeb00e5aa2d080e7b1,1,177
d81ebb7d9601a91186e0dee1,2621,78f04b5276d4908a82bfbb80f648866a35df57a53bbd69a410aafcadc149a2dd,1,178
3f5c9e05a284f2ce270ec5b8,2485,86ef4e7d9f5538ecf8182935cb805bfbab1519420d1bec306d6c709402f8b979,1,179
7f59f7e228445478d0c949f4,704,bdff66f3fa5686052ced3caf33fbb7c7683d6f34cf6b5bbbde7b0759d67e2d05,1,180
85fcc997e8a0e5a0a8973daf,982,b8675b16badf3e78f1b4eaa4e69d6caea3b12cc48de98c44f37af342f60cc48d,1,181
0ed0f2c617e99c7690cc5738,71,1a8a9c74cfb38f72b2491000dc8ebf7f951a08b9c81ea28dc9420c91610ddb42,1,182
4e53e2b61ba9950d97b51e82,1429,29194224a9c968dfeab088efbf7ff4f9a500bb57604da7423d7573bc2c98a577,1,183
f7e39c62cf4b10b734fc9182,943,fafd975f828408598a4147732416a36c52f73867a028f7281a1b0c76a82e0397,1,184
68a03470c604ee6f44a5c30c,6,fbed00b032157abf21617549865bf3137cf365c41d6e2f953d3937efbaffa022,1,185
a590a67b6b1b13d33dba0b0f,1299,384feb62e367c5f218b39cb943467069078dbfb4a52e36964451ac43317a4360,1,186
41ca07874b6173f3c9844980,414,56a1d53d1004edd8e89dc8b8732971d14aed64e722d325876eebd41b87ab9749,1,187
3c115452bbe05792e9c0044b,3367,841fe3413462d962801f0046585c5b4e9e97e04b607e70787e4a38db16475cae,1,188
2767c06f845935995927c9c7,2789,493f3a70f78301c1597ba631372e0c582b0f409391a2ca786cbd6790c619691e,1,189
9005f865d5211f8991fcd058,61,3dd28e5226c93a34711fd1fe678561968363eb35305192d479355f773c4cd0ab,1,190
1da8893d87b08a536177a11c,987,c23c20e77cb88bfbe457209c01ca8e0bc334addbf002268adbbf10a4d5461c20,1,191
ecffb84152a4d735d5707c3a,1248,504ed25a61cdcbb23ffd07d926267340ed37ef3a6709389ba9fd602b738d8b93,1,192
f1dc8022e409df1014b75351,3232,99ab5779b40767f9b5fcd08f8699517b7ad6acd6a8ec339b971d6311345c1da3,1,193
7d19043cac6574dca7307ae8,795,d48fd729548e7d1e6aaddc067a9bf231c4c3de88bed591f68bd753fb6f3a1c02,1,194
1253ebecd138e14944c99425,2639,022030b5eb846a2e99948cb172e94e9dcc510d5ba39b8c0234bc999d446dec31,1,195
76244b49013c736af1c06e0a,411,71a331374a2f963a3700f6af2de9c316389c0e7d1149602c4bffb0e8f87f1e7c,1,196
c7ec1ac00a8a716ca38b35d2,1865,820842ba7c2e54250f88b98ec5aa9a345878728829d5c32463d1fc3c2be09576,1,197
f4b8277977a799c6a4d3ebe6,1932,ca7bf110cab5df7f4912e8c4f9dc90fe4485c9fd48a03c65278ca1e0e00ea844,1,198
42ca12b18462e7c8f3d13de9,2951,177508e174d4a8fc166b8a86d89616ab8f9c589102f0006773dd2ae19e4a533c,1,199
371e4b49b3f3fd06028463e3,759,db13887b02cf06686f82f4661a929b4f1a23e0d57b61adcd3393bb9beeae9be9,1,200
23dec5ae1eec2b775fc81dc4,2027,16759fa9509d3ad0ed492e9155019f8bc38635d4235bbfb5eb80e24eee5c792a,1,201
4eb968cdf5a0e275700de929,1257,ff282d30206dcaf67f155ac382021c6e1f4b7a74135d0e0ba6d75f0f16c5525a,1,202
42fe15eb1f102ce5ae3b06ed,2188,c299aa9bece00bed83d0133fa4a8bad272325405a09246f1f6b79ded9ac4dd2b,1,203
0ab2563e32afc75e46a7e4a4,1365,b521e8bd2b9a6ff03112bbe5dc35a9fb294c3660238f8a8405ef1f62fbcfd41e,1,204
af0427d6e15c0d2dacc8de4c,3347,b1c8f9ba38d5d95838dc27a583617ae0443500fd2c3b3a0b3e7c280a4da67a0a,1,205
626d24e7226d539398d28752,1045,687f4be95998d76693450a5a329b1d3577af86e287e57c86c5ae221bcc9f6041,1,206
26ccf8ab536e505df10d5c4b,2434,b9a685a45c468537c16052304c69a306b1671202d7a1ce43eb66e0587b21da1e,1,207
0c8b35218f73a7a5772cbff8,468,926aed2853cc12ab936abd241b1c0a55b561db9b9679612225c7e29e1a9b7a56,1,208
b852cf8b1016603eb115d673,2257,3b3cfdb43c0f44aef82af38433f0e08b2439f195894af31c5b26ae6484494c60,1,209
50b860a10f6c1c912f4513b2,2857,77afed3a545467e9d24ac8d7ec5cfa2c633fdade527655e6ee4adfd5ba191e5b,1,210
16ef1b614463af741bd8fe13,3102,8d23b47919685ee1adf69c9486df6883a0399552f060343a109d5e485e1cc366,1,211
1a9c1716d32bfb99e80c88f4,349,0c69ddb16cf86c1a28b7730d581f342a4bd68262861a9c1436aea9e7eca6f40c,1,212
e77f6695bcbd209223464c57,3218,345ad0b4d515eff32d735d59e44ccba8ec8d98504d023c448bede7c90b305200,1,213
141dc45a1424b37cd3c08975,195,b8738f00f631420fe77f8e07d82fa6c5783f067568e3ac7f2d4c9f3e2f533194,1,214
c2a4df399f83e83ec8fc421e,2277,b6b10de310acc56a98bd5f744ec3570723aa6da0bc56464e3962ce426575d247,1,215
c03d993431b48c6a20fda69d,671,c88c61093ba5c5d2d55065df062bf6b6bc29c3e4fc36745b4c5c6ec69545250a,1,216
b1b375f535eb4297cffa3fff,3013,7615694d48825d4f6c7c6af39eb7b95e458670f934fe8b95658741222e15dd12,1,217
5020485e7da53175b0f3926b,2525,9ce1f3460a8134f49ac2ccbf097b2da8be1b23bb7876275484b862246d20d83c,1,218
bef361c1dacc174faa868036,1149,5086a493a84b874253eaa592d40ac4c188121a460c026b3b6d93f170cf869fee,1,219
6f728a05e298e24f72c40444,2176,f2fc093d351a45b21bdf5a18ccffb9141bd1cae5a53dd8ad5a0fd26b2943dd76,1,220
bafdaa6afb6da101e0fe6e92,1172,f2fe180df840ceb360df7095edd35fcdb08fef339c2bb09e6057506f99f7052e,1,221
ca87cb4e0b01598cea8c2aeb,384,bd3d3a01ff1d956023cd448e12ca2c8aef5593b739adeb2dd239f5fed1c8bd8a,1,222
30b39a7e5d71271b65ae8abc,2338,fa899e7636f0a0af9f3f449b6665cf29c9a55980604e899f49ba0b22995f0d0e,1,223
7479afb5421f539acd911483,277,27daba23fb251b458820abd9dc7e89a57bdfcc3a491be10fe4889ffb1e80558d,1,224
41646e334dba702b73c35722,1697,492cc433eb0d43adf044f510cafc5f5a717343fb9a06f0ddc15f83db7b0adbc1,1,225
4f447ae52ee301b210835c51,1293,cb6e521cf67a0aa10bcc3207188723eab9012f3d5d383545f0cb9d2d7d8dee04,1,226
e11b6b520b89ada18f514b05,2037,137a82cd7288fe72846c8f8435d7a4148a1ad610eecc995fe3b0527ffcd3518c,1,227
00ae667679f29f5b28f42b66,727,75dac3b7f9c1d12ab31329b0ec3030c7288c7f91ff71c4c54b96a613ff93ac93,1,228
34d3ad56c9f71f2c2a2ece28,672,e3d504839660ec1870da09260f73112f5021777954ebb63c437b7a32fe2f0e85,1,229
0a85eee7db2d386f030e6f01,3160,9f1bf0e255d6c85d2ec6e91a34ab2a12ef5d4334b4a3fb770161a7062f3c5e78,1,230
ec89a9a74a30d7f0033c19d7,3120,88ba93a0bd9b8700f89d755a362b0ff3223f0209d27199a71794e66092f6e64e,1,231
ef6a4fed70272ee67856f364,2384,dd8ec095a088fd46e29b11691911dda09df78c10174e340d27ee96570426c847,1,232
2bd84f424433462273a90c00,3077,07663105aac356526202acfef25e6167344c8af9eb01ef65bb05fdece05b7d8b,1,233
18e13da21885168c6f2c2fe2,91,b18b35bbc5485e91c1c9eb146a735fc695032d80cbc2420a4006faeef0366894,1,234
2ee735475fa4d5cb84212396,133,70aec2ee67bd760991ce81a2b29cff71c139094df522fdf0c8ef55fa7ea964fc,1,235
724fe94377a461a7d6223028,2494,afb853a3bae06b9a59d880b7466f6cd12be1a9a387b1a1192cc6fe6351951d4a,1,236
ef850d61e49bbf4855598870,1961,70d16502782b2fe174e75163dc809c9516f772241b1c58c34143278296988c49,1,237
8136a69a9101f79b749ec356,2466,6a16eecc8b704d957ddde399a9249c93a13f3995ebfd8300e802d21e99383438,1,238
cb20e570992b03d776c69b53,1815,893136fc3d45aba6dcd5cf7a8c6b7531c45399d312415afcb6836407d86580bd,1,239
f5172656dddebd51c5fcf706,2992,a7a104559b478dfd4a1c6f13ae16e57e60732209fada2a89aac2a24de67bd7a9,1,240
6f5240cb5973d1a7e7e96e69,121,6dad7b45565bc9071d4a3ed27a9bf683c871f01ccd3524ba1c6ff67527fad62c,1,241
521dcb64153756491e15b355,1342,f517c54e8eb239f5492be7df6f98f9445274b2239a348d86b89180a53b42871d,1,242
c31062a71ef1ae50afc9d4ef,134,c9b4132508a178cfa3ff64af48116d8b0a90e0391668c628d2ae0a59fbf8951d,1,243
50e522af4a915f3aac0b0a79,2750,021787268449f5afb6920ae4f6a4fa69f16cb7294285b78d69490effb3645837,1,244
28b2bdb19006b0b4cc8cac08,1550,393cbccf2092220147cbc475e61c4df81046ca9bba6fa10a13bf978f072cc514,1,245
5188976cbf0e9cfa5f8f339f,430,604ce570cd7a1bc02c79bfb2aa8601c3eb6f4b7fd0c60622ea0182a04fb2090c,1,246
449d59c79232a3c963884345,949,352efbeef8c81d3ccb32d1786919eefee7ace27f69c2f11d7ddbbfd208c23e52,1,247
54888ee7ee9a49009e4e94ee,1207,8a5a6da16080873e33332cde68004f9614e1a27d181af046a4b8bc474c593d5b,1,248
37e8caeccc0de9b18364b9a6,1434,d8464b6fcb5f8853070e8201954e4c2a4640b3a1353cd17fb896c65671d4c5d2,1,249
37a0a13e2cb50e8092d212f6,1512,b781f8a71fec0b0ffa7f1efc926cffe4ac869ccc52f91953d87844fcf8c3cb61,1,250
44b05cbdabdbe001ccc8384d,2564,d428a257c50e302e7afa0df191622aad0a42b70e359ca11a2a938a22dc4cf8ed,1,251
754ef365062475ffdc2eec1d,796,97c62385deb60c68029aa859f80213841ee9fe06e7988e7c44f39b92dad43e5f,1,252
adaee9588c423f4571cb0597,2455,b7d20e01ef43deeb84140c6d91a47fa5316bac0b9c9a9341a7f7df1d86eda402,1,253
11148a67a4bfbba1be03de75,2449,210c54951e264a116bc0d8dfb676b6a6c852cd7fcd4ce2d4b367c5729f5f8b1a,1,254
d3bb939ebcbb33798f83dc08,1420,84136e0da01c924c23b32e459ed112429b019954752100411bc24207d7ca5af4,1,255
28a67db4e8b851f943540a8b,2814,330226984287afe6d8fcafd9a5e4dbd450614d38cd799e5354c21b882864cace,1,256
1a97a490f32168d64e588526,462,6400606e55a579b19a33910b5e6bfbe4440d47ad52cf84953a5a32b6f0340fbe,1,257
76f4c71192f0e77fe1743179,1627,73c32e4e5681f9720ce4b9f00a923c1f798eea2f1f058d17ace2ccc294b52113,1,258
1fdcfcac2ea822eeb9fbff0a,2313,75eecc22deeb36f4ab1db0df047840af79401c03cda5d38e385a483859838890,1,259
4da9938bc4ff533ec749d6e3,2512,a1b34baa69d66cd95813240f58a6efd290bfcab038378a90c1288a6a4efbade9,1,260
b6b04956cd4f9a0b452bf01e,1383,79a480e29126f8b3275ebe5e8a2e8c888f991149bad6bec0ef71d5a2a4252a87,1,261
27b98ad05188e8e7962e36b3,523,a84a286646f40f23d919a1ee1a1f71c4a2681574705ba8353e61ac39b391012c,1,262
c73af32ffdd4d3d03eaa4f29,1931,2bf8498d5e0fd6f34ff8b71896d5a44cbf2b2d387ab08022b03008eab98b8267,1,263
3284d8b2a84619051265ff47,724,8e11158e33b2b0b5ccb57447e7ca1677e9c5a1f20dabaf6d02a6686812b3b06d,1,264
616e01b13c4d54798372d94c,1471,d22bea27e6317b6a99fb67e74e22b90b651156b89e9a8a60edb3cf65e31b00ee,1,265
afc1ddff2fc2d8c28a6caabb,1489,59f87de7871a6af2073dd055a3941be71f6e58777d352c11f683608d2c1ac564,1,266
fce5f65c788218030b80be36,34,9345f11bceb3b4fe8b064a4cbf8819c7928899287f374f0b6f9bc4389a325bc6,1,267
96cd1170a48f95bc722c806a,1978,2ac757a295ee018f1d2fe931ebf0569eba7ef74cbb9e21d1be5eea808dd3f473,1,268
609fc9086d31199169cb25f1,2527,5bfd9f452414621f752e84308de6b0f3450d3e8c10ff5c937f4a7e692f477ac1,1,269
d7d0c72d733dcdaf272853e2,916,962e8e6d225c2e12b951d707f9419f1fad0ecb88efef8e58e3eab9850d101932,1,270
c9bebf3e7ec3039a1c8ac1f2,230,59d515d02dbc74766a2036ba9aa4336bdae79a07e8793a70725cf3c20b4d6137,1,271
b12e59ac0ba60cb0f2be80e4,93,826f44ab45ac2fd4210681a4a9453409c3ef30702d6854142cc502a8da203979,1,272
fa424eed6ece20a7db867314,198,ab515de7f061de85e40162e46f0642519e591a2466e684e29aeedd7610453272,1,273
692c4603b07e774a3e3c8b59,9,e78d8a40f14e24581e4cf82d6c56c196b4d6fc7a8c961be90882e851c2b35017,1,274
00bb27146f08242db1d79bb9,557,3cfbedee1285c17fa3590de1304b08aba4ae5766bd67539b2ed7be982f3489ba,1,275
2f9ad5b24dfc9f5995669abb,1695,c86f352697a52468f8d0bbb01a137232aa9475ba0edec30233b126ee91d641f9,1,276
c2c3dc7878173274ac386f02,403,ef8bf59af9896569fb1d7a2cb771c35b4fb296036aa8d4aa4f709387c294df5b,1,277
a2c5e7f92535369d6c38fe58,1375,ccf4747615af80fb84385b10f5ef98fac5f23a6ea54a053e4bef27dd3f6b02c1,1,278
83be1a5436e387b7ce9f6ec4,380,02a2ee0746f1877d0e29ff5c954224c643a49762073444313e057e2a2625a089,1,279
fdb580012aca9751c45f4b4c,1850,7153bd9f76834071cb24646d7b11988409a296d4db594d215947467156f01d0b,1,280
3621e75e2e3dc23a5eb3c07f,1935,b434799f5fc0805328a321262646c32c2278217e311f57d6579098c4ce44882d,1,281
32d9f04e0114bd15c9995636,2109,f0802039f3219b5751d511a162010a65ae8705f8f1bce7892446b13f904de476,1,282
b9dbdb64c5bee1ef80514802,2637,ff548c5ccf6aa69f91ae72642465f173eed52d094dddfd788c1e30f80b843b28,1,283
218882e6877faa31e1ceafb0,2193,53ea3c4e43f0ca426be2494c3d1426c2383f5c13887e6b32ed4cfd62a9e26849,1,284
63dc19d647d823efe5263086,1135,146dd8fff75d42ca8f2affafcce456f0536738c71060d1ffbce56204d198e2c4,1,285
753c9df169c2dea865fcefec,224,0c4d6b0ec8700755130334aed56c1749d058014f99980355667d192427aa7ddc,1,286
e828a77ddaf6baa0777ccfe2,3170,c137b3e1392fccc097722fbd6bf1dba9268ac65a298a54690eddfcd5f529189a,1,287
0ac6980337a273918e976218,2019,c134669750e343ddc61e4d5e549bdff2c4d77494e883945b852f5bd7d40dfa8c,1,288
25a7bb870c9ce711a9cb447d,2274,3947991bcac3cea9d7440ee9f0f8ad52dec7e06188efd0e2a67eeae7d410c1bd,1,289
3f52b42deaab258dac0f3bd0,1607,f25ea4a6058c4d5bd054c08361ac4bfad84cc98f78b46fea03962521645d0c1f,1,290
b4207d9191c513e999e131f6,2714,0939c6980fb7c1be7772c838f6c821f782e4361dc16ea0723f8b3cb6986261f1,1,291
b1846de960eeebdedbc7d26f,1274,115488d31e3d146ce96a55ffb24eb278444cc1a908e5ef7d80983b81d951a759,1,292
f2975059cdda049d85378b1d,1333,5f295a0abd8255d56ae3ff00c9c93f29c3daa6b2b711536e2065671884a7610e,1,293
6826857d889c01b4344bfe47,2688,644bc536ac8bf27e26ba35cf37a139d9f176ecf7d016537f2248f1dc8dca1626,1,294
e5132de96d19259dab5fc5e3,1242,abf93b0b790dd2d6241c222e4d664534cc844a6ea1a45810b16f82a727605260,1,295
98e31f36d9972449e7553e71,78,2a7018f74e9ec17da8e1a3f8177ddc6423794873f5ed514c5d85b507355a0286,1,296
c6c7e526ae52de1068d4c51e,1710,12b682bc806e0d4088a941105b253cbd9037fd37fbcb3b080c9b17b575ad4b6c,1,297
4dac0bad200c9e76540c51b4,1723,f687384ab6db7902e060276a34eb759718700aa4593605e49e53604bd9797c5b,1,298
ac68bfe02f2a74639f9cfc7c,2812,47699b768e7f8ec6be4d54924b0083d13ba2cdacaff1ac512a5558e9fc8cf2fa,1,299
78be543ec5b4c6c51a1a8e1a,2898,5fc1006f04c03bad6f318976e4cf90be297b08da94cee6c4eecfa757bff3c345,1,300
21920cd7e3dbf36da427c6af,2169,67c475ac2d05b8396c53241c41947a629a76ec5d839d2064f11d9dceba56982b,1,301
70f772c8499fbd0b56e0cdd6,791,ca5d79a81f3f1530d416725c4fcb584a059b352fe13a4ac0a5985908f8a37dde,1,302
e4f96144cb5fba4abf569559,3040,2691b4e2ac7e45df1e85621525d67b374add3584b495a4cd141b4d1c571940ab,1,303
ebbe997e27b1e3d8be23bb6d,768,4225b5455d9bc1b5f166b24cf2f6c4fdbcb1d10043c59e7a945f3a9320c65065,1,304
1d585daf7bc119cf3a86a636,3311,ed4ff93c09e9780edc671ea03969c6a1eb9b60c7b151caafaf69e22fb279b8f6,1,305
3ef99b8ba5a376c69cbedc1e,1265,fb0cd476038bf29c13b75334d51d579b819abdb92f7f861c80e816980bc17b26,1,306
d3b4c7bc35da2c7be86042ed,323,639a039c793a644595765a98d60ecb162905c9e18e40b601cb52600dfce410f1,1,307
5f240bee42bc8bf2d17285e5,1484,b02b92c0f317eec7eeb1e4596af31d1f9bb7b4421f5bd51d7e52f06bd3de2484,1,308
9bb19977bc479e55de8f26ec,1326,167e58f4d140cba122bb46c5c6bf07dd0ba30a40d8fe8eb10c47d956eb77b54c,1,309
b49c2ce0bcf837e0f9a1a138,2411,f1197010e931c6a12024fbd30203b79e690fc0adb755562b11bc1eaf5166aec8,1,310
39a8a195516af26a3f26fa81,2098,73eb6dc2cbdacc9eccbab03364568e035ea9aee2d24e8a25d8743645c3098382,1,311
c88a5775d34e067d6aff0af4,1769,96b3c13d2778ad259a75f3df6076274148c6733667bcbafb5acb44757ffe7b99,1,312
b490278f755ca953243ec4d7,1558,699b922147b0f0b923f8318f1944c897fdb80621d7ad9c4e4ee376607192f75a,1,313
6d5b4ac61c74a25230a5243c,1312,00e18f9f9a36a98dfc014d7d79d7689638e784b8c0d8c6796d57c30f21606594,1,314
8fa8b992cb164338433b386b,887,5a23ae3ee15bc588f9d8e9c50a37227a739dcb427fb1a9f2b8bcb0ce4d0ca1e8,1,315
61c8edae099b7456265c95af,767,aeccbc6c4a0a774a82371e6e673c111e7f290873dfa6d77bbbb90f8635456f8e,1,316
e96afa8e787a4baaf3c0d239,1390,51f7dcbd60e94d2963a708ce6295eb388889e49b6b9de3dd8e38bb232e04fb95,1,317
98bf93075fd7b7497a6935f0,1086,408d4f06f2c6883d44f13c7524a70d3df42a2eb659cebeb866100d00ccadd62b,1,318
d94d3f25aa4e8445bca7793b,1919,5fcf2b27746901d25848a5017870b3ba3283c9bf2c06d8c79e018b162745edb4,1,319
ad846bc87ef1d290d67afaab,436,6bbc967d12ceba150f98dcc671c88cc2ef94c4e32ef26615e22b3adcf33f51b7,1,320
ff57d61b4b559ec5a44f76cc,2191,10339088f48ce573e591e923add8a359b605015f5bc45a14f5be953fda74e179,1,321
c08e4f26a85871172d4ea5a6,518,061833c9e55f03bab2152cf6985dc61b374d7a4e91c701868241472aef8713cc,1,322
5c6d7424d9cb80973d9ded2a,597,7eff074d9f52d8f473e65776c3deb7d4716df30534969a521694ac3e4941f550,1,323
1f7e936c1089107a9c19e790,274,3a9437e2e07b4b6f6458dd401751bd6f7ba692f5c65180ff1f98b0f91b3ac232,1,324
f399a7e6483dfacdb731f2cf,447,e81907fc71f846f7695cb01343a9cfda7d7b207b6df1596a65d6a1adce609561,1,325
6b8ef3fc6d70c029b6c71143,1808,3fdb7e734e077036e0b1bf1a9cfe263cdfb2bd6227767d5f390928e3aa41c57c,1,326
960d9185c84716fe679a7162,623,5dd5eff56c1c3e8c2535c317a3e6eda5ec7006a82430e65569e0bf36a3383a26,1,327
51b4790baed288d30edd4b39,2682,5c6d0847c220ceed2c7d7e08260150ce5ae03856660369617b2df4e58de815ee,1,328
77edcbabb680d52858d3c7e3,210,dc26ff688ad1d11526574594ff0f3a6a4dffb27adb39e24abcc165775a5ec68a,1,329
68f0df7b914f4f5160a52b75,3327,53fb0abde279bb5d695403e4a5d5fb59ac6c1d31de7e39a1f7be99154c652f2c,1,330
bf03b82655654226e4d96afd,1431,05d08b37f3c4c57601b9fad48587a29b1da8bdfc72dd5999733970e2dd582b3b,1,331
d0f49645450af8bba9b5aecf,1540,bda1733722fe7e86d86b4367c0825ca6e5ecf83a080d4eb5f93dfd7115ae5b8e,1,332
c968e09289ea2c50430b297f,1401,f099fe872002a35982168b6a69913f66724ca19b41738e04b53dd000d126dff4,1,333
eeb80a50e63859770709b096,2956,aa3b91e37318e1f086e75ceebfc1b15a8b9f0b1d486d6c65aed8c10be7c01873,1,334
9fe6188b13f3cdcdf34e24d9,100,6b9ec01e84f23354ca602898491449cd2b142b9ad0ad679a9f6351ea562fb587,1,335
ff5f98fcbd493180f4d6a858,1945,71ee3d2c5c4592578d18fd1edb4e6fc48d39f6768ccee72b70166c665de28c22,1,336
5ec945d4ab6c9d0df0c9261d,1899,05827a0b1ba8bd3e4ad194359dd9261ac65e7e976c7b44ad46546ef934d3bf69,1,337
b1351d6c1915128b3685f633,377,2f12631ad0fb126e3dd62779e2588809d9758b817b7b423421edf022c6522d47,1,338
17fceb1d56a24748f03776eb,1624,7c146ba8f7f771de5487f1ee7095402c82c8f2d86b713c6be733c0340086d974,1,339
71a4b956e6f486f979eab9bf,2625,641f3bf91fa7e1ffac97a68349312375b8d53c08264033b7ad5103650f69f1ce,1,340
fe8dcdfd5ad2aab734e3f829,3301,292cd42aa214cdc858cf19c75f3406eb21a362c303f43a42c74972c75a70501a,1,341
56db6f7eb2d5a00dfda9e9e0,466,6070a54d47136de486ead25d481eab3cf6c0bac7cc5cdfcbe54954e1a6f9353b,1,342
5f489a8c6f641147a227dc97,956,21469dbaad82884492ca24ffa73c338bfc4a83ee81eb9e127f6336566b0d940c,1,343
2593006d25f50975efeea40f,741,d1dc9b5cae0e8fc6f8c595953e5b31b0afc2c83125799df0c09f1d27c8c39ee2,1,344
ea17678182d294280e936af1,2635,63b9dc61339b2d1b5946e0d2ad3a7df83d807774fe20e598aff71116c6b5aee0,1,345
76d0e9afed9cbcf74513fc75,2630,8649f858b70ce94c76a98ca109007779bd583e60209b009ab36421d20a233d66,1,346
2cd39a896bd40f42dda7fe38,1216,355c5d0d2e3bd80a0f4e4b7121b989a717ce63ca7c3350c09a3e4c43efc19b0a,1,347
5f8ef76e4086860a8bbf3812,3139,1dc2733757d1bd6136c7ce9ba53b865d0865fcccf6ce9db6c8e06acc4b820f38,1,348
cbaedf8210ec231e4635638a,927,cfd8fb60ef52f339340e9ff1786a8fc2a67c26eb63b82e3c2d88cef1f3f42722,1,349
91b49a023871ef8a03b8460c,130,2754364108c61ea76f1d591c30616e5450007acca76309c1831220da6c8ed48d,1,350
d07d528b241fcbcb53c039b6,24,2ca49d91045e8c0257839f0bffe8605e75403a500c70dbb4d82582089268d245,1,351
0e562c976076bd8de97c4fc9,3043,bfc2804e2231570bcb047381e6f72a86576182ec463351dd29b0e6273fbfc391,1,352
41546f577eb94925a0a59a2f,2810,a6af3abd87131b419b1645ac1b1ea55d34f7eb9e565c754bca6c0d23d709d4c7,1,353
037e90a3dafa10083991864d,2645,48d31e7d0c74561d96d5d1132899aad6f9b2bef02b26004ee4c9ad2424e2173b,1,354
7171fd8b39df96e0266f5b98,388,313ae77b6cd296b8a6f328880d533b2bf04b08b1fcbb13d2588764e3115bca50,1,355
c776c05746307372cc0c51c8,1334,a82317b76332aca04597a9f95e97e38f9680ee387519477928d303c070495aa5,1,356
fe62bc388884b80bf912bcdf,347,6311c049cd1cc66313f6c300ad7a54308ac5f158524fb87ae68d8f2a84a23d85,1,357
295ae0ad69f2c82bade03d96,1544,28c381520276c0be352a83fc879059c08712cce9ec5f004c7386c04d4f74a509,1,358
887e87a21e5b8e4f86baeb2a,3337,f669ef652a9faa12568e17b897c076ab22f52271dcd960649351f38281dbeb33,1,359
eb5dc2fb192bac82db8b0912,1674,43ad750626d5b12c74f7831d4488875938f3d662f21efb6e5c76c5f7112d1d61,1,360
08c38b4c73958a89d677c613,751,414c9107cb0c6f91cabc58df26e5398117b9306f4ca1c0960346ebd62b400676,1,361
8cb6dd48110d90ee43a26160,1743,f70a0570d6564ff324427ba9ef887a0ed1f9469beea3c238c169dabe079e495d,1,362
0e350924e88d93e277bd1704,2566,c31d6b1a1034631ac1bb7f19e348192369c3dd78e4f96dc4d4560a783d1f6de9,1,363
157742659545adf3bb1fcac6,3117,4f727e2edbce02f55a0e3bcf6aee0b2e5c50c4078b80cfcb43860912017a4ca0,1,364
fe5055b6eaeac80eb85efbaa,1244,071993d23e544f6afa005baa8141d33b11a78be61d9f8484bcb6efca4ed36ae9,1,365
0ffe0dafc524bcea34474196,2811,0d3f0b549d95693befdc29ddc59e136e6f3bfa1f2072d64f46fb1cb9ea050a30,1,366
4be1a1efd7be5c4fa1dce750,2888,65176f0b4d42b807e411f2f9dae57b72314cd22ba25553694975b8d20a7e7258,1,367
e0b71e72757716dd7412ed8f,285,250b63b8c2fcf61b6a38d65857b8305760cb768050c7d0a00dc3924b94a96547,1,368
2cfb4a7b38533052fd50c0b9,1444,3cbfbab459fa33724bf2b7fc61ca9651d86e03d88df909509c2b0bbc7e972dc1,1,369
ece584c85991dc08f45f0dfb,2598,f77de1cc36a6180984caea31963271313294874cd6add1959301215f49999232,1,370
2a6c0adc492157352645ba12,2391,820d94876bc6478aed3d12cb8a950c1b72f5281a966c5a97e3c059cd1a2e3cc7,1,371
c6cd3c49da0177f7177afeef,583,856f27b129852b337aa9b0629a20e139396202fc0e8c79d26dc6ee2f7b7d2fe0,1,372
99de5df681c2c08f02f7dfbd,2437,b8fe64dbfa69ec7ceee9a6a4e798a95bc6419c9184ac6dcb28cc112396730a70,1,373
6b4d3c2840d048f1baa5fac9,1384,4900ede4e21c0a2546ebf0193e510fe76224aa7202978a3df2941603ec8c7adf,1,374
93014551dd6f6d92ead64380,2903,1e887717ca9fe93d7533ba7dd4a6ab800879468a0db591c6435bd75eb6216f44,1,375
7600a82cd6e49684790af479,573,df2ad5a17d40a2b13aa270042c66c1f7db542a724172e1597f238c09c1613db9,1,376
b28ffd62573178af2798e768,1278,10ed534735ed366ce259c53e93dac60d420f4d9330f022c31d86bf54454272bf,1,377
0f04d952c6aa11a1e8474305,1171,b9e04465720dbc144cee6a4827c673b69457e3f3a646608ea04fb97e0dd9fd59,1,378
a6027748af7027e65428ef4c,2590,df47d7ffb66ec3a18041a5f26f0b27ba8dd3ef4e6ead6208b1fa8fbb5d08317c,1,379
36a34dd4843d6b3075ec7fa8,3059,1baecdbb4579e6b9628f6c42d342bbfaf5aee275d2d48d0d084b97ee3014b3e9,1,380
03d90efd114109e842945a18,2749,b7d25e476010fc54f0ebf8ac3839ef1241bdd74b6933b981357b4ad819aecd96,1,381
73f39d582363e7a53ba58116,3238,8b2b512533f4b2f99d1d7f2de803225026c9b390200595aaa1f55b41cec6ca34,1,382
13c21fe6828b27cb46ccb5bf,1755,cf24d2be33e39d66461677bc0d0177d2b721f07cc95386af1784ac88b3cb2bdb,1,383
5edc116ace5c77d888cd34fe,135,a1e81a191d0fd675081e123dfbd463bbded52cbda8b6e9b022f723895a627acd,1,384
0256ee1576abc140cd97e00d,2330,dfd92f07dd1794900447a16f79f54a0959b3ef2bb6fc358581c04b55fe3c1107,1,385
499f92efacc2378f30be2054,1689,77941da95756ec073ff3563e43c2c83033ac344016355d4d36e6cbaa8e81304c,1,386
c5fda80ab9fbe540a255f37b,2844,715419c6a36d0d5de1334082668ab9960146969cbebbb1db71446ebece979929,1,387
80ee78fb460d7d3a139e5ed2,968,56a412639aa2daa1175cc76bda6492bb584cf5ec6787c4795281428c70c92b67,1,388
d800d9d690e2c8e3c5d52230,2862,842f6eb5f4e909b3cdb4f86fe1fe3a75faf4f716bcee1dc58e406c6774dd5d0f,1,389
05509cc16f6c1cba247ab37e,2973,efa8cc1c3c6d546e8064e750150d786f964c0274223832871235f0fd79524e17,1,390
f9cf25ab2d0a15e48d2d8c0e,2444,11314e310873353806fea0e9a5b4721ac9e5a62a8737074aaef959620b3a1e50,1,391
04fb77e036bdcb60c22326ce,1178,4ce26ae854750bd1f1410871b8ec3048fc199dc412e559e8ea13812c1e0712ae,1,392
81b23bc05143023d7cf9c6b3,238,0651f6938a113c26ec506e3bc634052b024f161d1b981b9d6f663cad442bfc80,1,393
6e09beec3992f53f948ea678,1117,abdc7449be1a1424ab7d17da2257400e7bead414eb1dc786522ebe20d619f48c,1,394
61a8e3ab6e719d07e578e7b3,2933,a12963d119ac15fd7bb962b1cc926b91b5930009dd9afe26bd8ab04bd734de45,1,395
fa3fb60d75d28e1e09597525,2498,c183cc20356ed251cce40b757569aa432f30c063ec2091d5f44ffe5ad0f0d613,1,396
7834b8b260197e88a1072c99,898,dce2a908acc31881ce1e8b93c27caeb2fdbbcdd6b5a0e93e4d31cd1944760e8f,1,397
79874a7856498ab6b72c01c8,2352,007a02e62b6271cb8d74a539dfcdd7619add5c9674de3fd36bbd3f31d61a69e5,1,398
6d48363379e29c743c3e396f,3199,39e473c840fdba0888de5ba6ef68de90bb9c54a077b329b4b131ecdffb6b7d62,1,399
acde57f41785888796fabfa3,431,459efa4361924b69e4b965756c2d8bad636c44d307bfc79a0e605c7349a57990,1,400
64030d23f5530c86eac28363,2458,c1277831f6766c537fe87fe035f852b3e682b4be3f24c152d1cc92405f86b529,1,401
0fe3d6535433ac70c88670e3,1170,9d4ba2e9fbd36bd55199d9bfea50882d22c0762b4edee7524d074c1c6de7f21e,1,402
21d75c7e8e66db591190ca45,1722,83774fd59e44cf60be49e2bd301785ae7a964e44dfb155f674c464e375d12bfc,1,403
922911fcbcb9fcf365d61035,2196,519087fc7636f3db0a216c1a6963cc7b412c60d6a88d13d9adcb4e5ee5b5a4a3,1,404
4a2e142fd62ae9500e5eaffb,3193,5f1972a6de93f721d9440eb1575ce2b8b5aa6bd8f45420f898000990770106cd,1,405
d96d69ed55770ba31c419d0a,880,a781e2377c630d78ed032b80aa4fd01abcdedaaffe7cad96b0d20f9db67cd91a,1,406
bb83eb7d0f3f932bf13e9114,1328,461bc8753bc0ba887285446b42380ff650df66c971e34fc4bd3a860bb5ec4633,1,407
14da0cb3d6f795802313f253,2348,4d5053e3680e50d69b89087ef0622721acf5a511a60866e6f2710ede25961038,1,408
175ad0c04c3e67eb77293423,958,4a99149a257ec2dc3dbf66b4ac75073c4f6c811c519e1ab01b3e4a9ab773a38a,1,409
f31d34ba2fbf5efb27dc647f,1470,f11dcb1944f9c4d5f981f4d982883b77e4d1ab6bafdb796ebcb916fbb6c0d72e,1,410
f52147bbe53a88618632184d,1617,4c331d70470d2f58cd6f750f45c548be9ad1fce66958a14fbd31cdba40652e1b,1,411
0a155e2c4c5430ad3ecb9d4c,1060,085c686ea5fd3db1c50383f8ca197d599925103b336f94908a1d00d8e63ce74f,1,412
47d7d917416976f77fa91f36,3018,7a52277c3fff794ce691c86e182b19281b6ff8fba400aadf94f462fbcf97337e,1,413
320609ed1db07f4b655160d7,1188,e30d5bd3a5d34533f5c9f831f2122ab31add1e8c3a5a8d748e6c266037449bae,1,414
d1721b43bc0ad65af70fa215,2369,bb69d21689ada77b2b8ca72bb49fc40aedc3c4fb5344cd7b59c326a85b649ae2,1,415
c1bdf1496576c54307461b7d,1979,426a30c78dc84fdef6dc3942c48b1a05c6984990a58f02268fb2287008182125,1,416
f986593bef67d89815c1aef3,208,6123026161e0c0c211d5c62fbae7e6da24f61abde4d0138817505c019f342feb,1,417
558ac74cc63d52349e3a0e60,1968,c86621be0f17c7c8a2dbf5467de3d6741428b31ad121f1f63ca31b4d48753187,1,418
5c093d4f4064df7aa3451a99,2002,eb098230cf366373bd0ee18ec6cc9081c07047dc0060f060f9a299b148f1e9f5,1,419
814c6347c718fd743b899c76,132,5cd827a9a95e78f74344ec629d0c814865b5e13c69b19bedebd37eb9d2cd6467,1,420
e69bde87600866debc86e895,2059,0070168933536f92cdb71ad21e2a709995f6b06bacfaa1f7826ff0006c50806c,1,421
a81017a5de8ac0d701097733,2612,f08f3907c0a484a040fd5badd1eedab4235da090740996c111569979c3220a6c,1,422
c7e8501267afb883912a0700,1895,038d0b86bf242a10d612320ed86b731c5dd1cb7f0cb59762b3f980cb96b75acd,1,423
3de5204762bb2c024d86d09f,2173,306c3f97eda3b5bbc3c6964ea452bd96383a24028fd1ea70f66c8dbde0418f80,1,424
9ef84db82e4ab43ea7c910f9,833,1466ee8c139dec5b6a19bf400dd171e52b7617c2fa328949b4e8e08570f9d353,1,425
538a3569e2fa9a505c7a4afd,338,41a0c4d81ebd9139869859867d5c9aadd37d85441e573e92728f2434261ff1cf,1,426
8c2a513cb96efea5d84d61ab,1876,473fd8e15ad6d87307fc03f6e0702057db4a2d0d014890023604a085b0b6caa7,1,427
22dec52ff687a9035dd9892c,1616,ddae8e57e5149e07e0cfef3100b653325abd3191ed28243c0ff24c8315bee4c2,1,428
fe29d81f86c190b676d26461,1534,05b85ee7771611f2ad147e3430fff4b4e874e6fdd65949575e226b089df8e295,1,429
209713a2048431a6d0d604ee,852,eb50f0c6c2d2da1ae401a93feb6d99078e001f3f6a5ebf825d8f35103ffc0424,1,430
8e7c2b59660db99a1e32d0bf,1315,82356964d13f588e632db51d65f8cffad6cfa7a9785422b62e2880589eeb20f9,1,431
da645237160307ac4ed7e37d,3374,f4f099436d65ae3aeed4e330154fb2634a52a7cb6911f5a8d8e80efb5eb0a224,1,432
0454db5107fa0637255777bd,1753,6c35b98a3e8a5125912668ec36914aa8b56a606f572f22ffd972c7b3dcb5d5a7,1,433
edc561d9abb74b48b007ca8c,1548,230036d4a2fef89053ac56d0e6c30ee02523652edc6b2c2c9423a6374d451709,1,434
20dbdc588c2554f4dd65d97c,286,ba7f1bac08828a77411351bfa13c87f9ecd191a1da49b1e4066d54085d2f9df0,1,435
dda68f194555618fd0b23b53,3339,6a0edf8e87806ffc4d34110957efeb1b82a06eb15a506ead6b14e5136bf72522,1,436
5c730e0f0869405d0bc8e654,3210,a9617031218d1645f9ee4778720e6dbd368c04dfd78bb44a7092467514e78fa4,1,437
f188b848e79cd8c0e85ea54a,684,088e5704cab5519ebf701e9a3a900fe47d64ddb8aedaa3244f37647ddc64760b,1,438
8703abf553e5355c6e0b0b1f,339,ce86fa34267add3315ec4b6ccbd84de3a9583faa5bf85555a5911d7dce6c234f,1,439
661efa64ee8f27897240c698,2726,b7da63a5dad341ee56a2be843d503fee48e8aee78c1ab906e8632356fefc5819,1,440
893e53f2681c8ae8a1133cdf,2144,ef8b8ebf2d0bb3a8140da55fcd79adcc246163c5b6e071a8116837be796d3d2e,1,441
ad8ec5597f0dc932a4dd1ced,1637,ab8e2cdbc89cfc85b1b3e4eb62f624fe68860c52945e003ea0cebb7f8312a6f2,1,442
130582c35860a9381df405ea,1067,d9366c69b2e8173955d96e9ec4cb0af0a545dca364f25291dc8765a05524ffe8,1,443
9b47e806699986aeb53c6da4,2795,b85867ecaa71ba9234e1710f94ee99b7a01fa31908f38fd58a9c6e434f6272d7,1,444
aebb444274824b6c50a5238f,1933,a8a6777145fd46ccad63322cd3ee150e41332ff3aabec8dd4bedf35dd65b87b2,1,445
fb20885ffdd755c788e8474a,587,ff6395a5ac54e1178c6cf649bd8f32276fffb90079233a566141b28aa72776c2,1,446
e22781f74a88553eaa5f2fad,2586,ab99e82fd8a3633cd8de682ee6ab482365bfd210ec61e69ee21860e0e398fbc5,1,447
e79411432d5424cf45136a00,2000,b090cebb23222f05d9f14aeccba4bd3a2d3ebd605a0b734c2ad851dbd159eab5,1,448
08870afe1360a206ab1b2f6e,753,a9606e9f79b84d01637d58b331eb98905cfeda88c88478a0bfe3d0d7aae0d730,1,449
bf35281ec058cb41f6e39391,1556,9d3027ecb5d7868a1e04334eae5078b97ac67db4324ff78e95e0c6f2496fa7e1,1,450
ebe9b216a59a7824b7d70a17,992,a1013fb5e8a90736ab7c3660f3e349ce01f88eb10e305d21b4287dec613136ad,1,451
c9f7dfe6d04d38aed604fc4c,2632,3c63c92557d1f5165f9ae4fe06906a568cbe35a026fd271f5fa5f76a38378b05,1,452
376aef5213cd41d0845af878,2548,189a414610828ad486d4d49b4fb9067613bb1f1a58fa5ae5cf17e918a958ae42,1,453
cb2a9e66ef504c784ffe2ac4,1494,908b66b4a87066909b9dc291a1c40365e8f1b873cce64d07d52f591c3bc4f28a,1,454
3ed14984ae528995c3c932bb,687,67e5c777145db10fdcade8f620dd7a51fa3955af5877f7aacb7d160214389d24,1,455
162eb1f3b3ede99dbaa05a8c,2553,3bc51df9756d4ee005670dc0b16f5e19e429a9dc315117aecd852c5ab32597a7,1,456
a620e3ec5ac3c539f93b4a82,893,93a8c5c518320b414ad8f337f6c7581b399fc78678545bb2fb11d5bbac57c181,1,457
824bdfcc76f122c4a27d152e,1072,b7258398cd112f169680d871fa7a47908640f7cf652586cc22a26cfa28a83d92,1,458
e2a159d7d26c7356f1f2515d,181,dea7af1779195aaacac2f3b7339954fef6726556333059f13e27b985ad2d0fb9,1,459
44bb4a915109281388eafa54,1615,40335eaadd98d99a99375d11eed516939796276b1cbe6c4d96022f4fe67ce2f7,1,460
631d55bd004fc183389892a8,1841,5efd405fd6f22cfd11a7212ae220d9844b8478fa5016841e894ecb3120d7c24d,1,461
08fe1fefee1fdf0541984db0,2115,58244b359f3a7bc9b6fc9db5e0641ed84c3a0250b69bd3929f1fe05a39cf248c,1,462
114f2c56e97955855256a7bb,455,7d4e170d26004945704436063d7ff98394228c271df519542740847f95f922c6,1,463
2b4b6a3b73712e27a2deaa99,1107,006dfbeffc4034d88d19a4ec1d458ab614771e4aa2d7037b10f40a8c7be20f91,1,464
9fcfe19284aba695dd1fe8a3,33,e84715108791dfc56cba7f302610d5dd8c4c9afac9859b6613aec78158e96a10,1,465
016b71f462ff134fbb7f9e81,2597,9c48bfd300ea5ce1242ca4f30dbfd442cac8a315820997ded4b089c31269c67a,1,466
e554af2e55e2bead3c5180a7,3196,bdfa35ec0c9e10098880d3431631c364750e216f182afab506154ec8cc356b3b,1,467
8f5ca50372e72fa799c79dd7,2422,1af1721d926364e1dabefa85467b0e7718c4e3fce78e052fe8319e33d16d52bf,1,468
f0e7e1e0ad0137d41cbd9e5c,1087,581d0c21610c2617bee7453b08cb5c982f656f0877ba2c5cbc50a137dd590a94,1,469
118f51597906462d16c71953,510,3bae57c49907ecdc22867ce580fde419f67d80be2ad245e1d89e3c47aa366580,1,470
10de61ce1510b4c8c1deb022,2029,5baa9f85e916aa40c43157a7d1f763fdd8acf329601c32322b8c85a6bca1e2f9,1,471
edc9dd6597801ee097f259e1,2667,ac5cb00d9228dd7c552785b8e1ee46e07ca502a851ba6906936265658ba4e13e,1,472
9ee92b13e700b2378aa42648,914,618d3808bcc2fd8bc03abe79fe2c4913de111ca5cc6a9b65b1fc04edc167c7ff,1,473
a429a7fd8150fd5b4e0aa628,885,4437dcfa476d53a9a240ae6af53fbca7f5441d2a80b4576c8da9942bee3a89cc,1,474
b91d2782d070b5a82a826346,192,b667881e40a428ca5be7371872e2447b118a1804d6de6c160706149bf1c8c402,1,475
3d179590a4d53757fa47f000,2354,662d9f4dcf6d414f77500f74d3047022615eab987833d5a772f737b89a0fdeae,1,476
23d162ed8da02f86766836bf,1767,a0d1a27032337d43a881a83757c72f956cd827f957c2092cc21fdc15cd0c27ef,1,477
36828ba88473a4f63036e476,245,1da1f682a10e3f8bebac598a4c8f71fcc7e8b4cbdb7134f6db3010e398b2190e,1,478
27b2beb06661a14934dc4dfa,1760,0092a1e3d2b47218226049e26e0d9f70553dca24f84dd778862b057f790433ec,1,479
4978d7721b0a2d00c8139b6f,79,77aeff1b84108f2d64c64695cf05194359eba0444539361588dfd26d8dfdc12d,1,480
2ba93a9b96d6d17d57004037,1023,0f078245959c8d6154f08365afbb4dae6160ab7d20161488f4bafb7271154a8e,1,481
99b53066c091f6fb4c862c6e,729,998dd92c9c89c5d39fcc50c998ef44eb607149d0ca62e73ce3084deb5a816b1b,1,482
6689aba71c430d483468d0c0,607,526712000b53ff15ac462261c148bc5e36f060dbd99b59efa2c387d0ee23ac00,1,483
a0f49ef5b13b6a60f2bff33f,1751,fcd713b42f2e64371f101b731b1ace269ce47c875db8e3354ce03c850d0a1f72,1,484
299723af0acaf147839e3415,419,d5068bafb2d183d94e4f753658cc79a2955cb4ac0f04a5ec3fc716313de32a46,1,485
1e0ea8c1f4de231782f724d5,822,e078b6afb09a4b5f6ee1a9f766e48d2dcac5478280101effed8aaab600d565f3,1,486
1894fb1ca9bbfa40edb87374,545,9af57e5d3e9fe26fd2b99f9ba64390924f3ff0efe432bf3dbbba946d121fba69,1,487
6c6e0b74f683a49b952fad4f,3323,35ff74cbdc3e9fb08fee7eb8248148e5e67b6b6b67f2fc71e8b3ebc1a73f9a82,1,488
d212cdc5005cd878cd48181e,2991,8f2f2d0a149996f204c74081f01050a230e6eb398e95afb7ff1385371af6fc46,1,489
b20c9e544c2b481d27f8efd1,1221,540195e2d6051b79ee37353d3fd6d08ca206df7c5c0bbe4246b94276f2b8b8e1,1,490
c35d910d439fc49410b885d4,1884,d3b900a27657a31c2bbf80ac79ce317559b8f4a4a58afe5a2eef917c70caec6e,1,491
d7ff980fba132e9a5974727d,3276,4475d96921694367ff897db2e46a01389aa8cdfa996ea8882ded26879636a471,1,492
29174607739fee2f49902dae,1131,cf1f5c379bf28469eb489dad64e9a9906efb9e822771235d17fc6d1425099786,1,493
90e9eb13c4e13c19c6b551fd,1598,cf7cb0362902b3ae8569cdbb32bf20872777007c5163a7fe45dd5649586859de,1,494
2a70eb6cd415a68bf644cb32,2859,d13f4548663c836511458221d122b8f12daa1f649d9dd597e5aae5d11f859aa3,1,495
abe89623539a2fab83867ad8,2047,81b7c43efcd6e6961c968b8fc310e8f35f3edd6dd337007c94bfe295a970a501,1,496
99b49341b8518952fb8792e2,1169,7dd50bd2158c37f30552e3497ba1e3c332270d3892320e3b45900a9de4d9a5cd,1,497
03e44dcf0d04a4fb8693d689,1289,903adc989df5857aed87f75d76e00f88cab394cfc4d097a247a2d9515d6df7f7,1,498
244b5189d6c278779089c13c,1303,585c6999bfda32de4cb301bfd033501b8b26476c5910646a5a9de05d0f0a8e52,1,499
9a01fc7128d030b38895f864,2112,f86f6d420c43066fd9a102523355e597370da783d9ee0f2294d8e47cd561a4fe,1,500
ab69974b9377f5a129c60a0e,2127,9ce78014cfd3b3aaa1557a83aa881c2da9e719e3731da99b599b73cb4e029630,1,501
7dc03962a484f84b8a4754a9,2803,50aabb02fe9910f3204c2cf731c590711abfd091cd2ae8c7bc7e06615e024c1e,1,502
189215d9014f45d364a353de,838,e4a99af32e3ba6dedb279ed9f6086f10820db3407f48b37ef4b816a6f824b675,1,503
e4fff4f3b24a212dc7cc0b33,214,a934e03c716a085b7f15da0f640b7136a20a4afa1c74c19afde3e731a1d2e8c6,1,504
b711d97043ced66bd5289b8c,2546,a1479c425532fd8a2ff5925b7df86b3ad1f3847f7b068c26529ae6bb2f98f48d,1,505
7ddaa7436d515f50a6da1004,630,00cbc0fc84b9cc94a8db57db17b5db8a04aaecb69cd9b387dc4ff8cfc4d05947,1,506
2f1d089eb9c809e9855b904f,393,3eeb82fb5c9e3e62249d9210592fe4c980f322c1f8feb140fcd415a576608e39,1,507
dec721a8ee8a3163c3a33c4e,2416,dbd3e00e9df16c2e312720f275238bda5dc8e58fd5255b532b1e276f5973bbec,1,508
fa74a8add3070b3cee9de3e1,2648,da661b062d74ce6299506e6e41890a172f6cf726857a1e1ab8ff1429d6e295b8,1,509
fb71c9ebfbb1aeaff5b4151a,634,d0b33f78360821906803cc86e4176bee42095b752b8d78787ccf88c26f7e2d78,1,510
7abd7217c989c446ff35e775,1818,b58022423549dcb286c065b437c78c5b96079b5f75b338a9aea92898c3991cba,1,511
4176bd41ca44377a98e63dbf,2022,d1f61a530a8d863b0dfb00fa2f2be53ca002dee75e2c5c06e449ca094e2b94f8,1,512
15030aa295d8a544bf3258e1,1897,c42dae40e65175e6b010ce747c3645ebdafa284c8314dbc473e6117829f049ec,1,513
e2c79f850d97e2ba81e83dfb,2440,6a5a48f0da793a42e6f70b575abbec929d027ff44557e6d5cd1de0a0a6c013e6,1,514
9e3d1ea7b37f7c17e0823225,1998,0c766a3b0501255d2d2be3c1e0ec7aac8b742d0db7236647ae157c132900f4ce,1,515
ff59de3262860053f882846b,616,b805b6b641d2b116f4919814f8fd60d93cd8dee0af8cf45effbb94f7ab2bd39f,1,516
bc8e4435647903cce1128050,3148,3321680b231c8fe564d2ac54c0fa43c7d92cba8a7f1807acda3a75b56e52dc58,1,517
fde755b77c0596777caa0747,387,9e51323fa05cb3a71644c1951eb29b5621ba30d4847562792ae72a7de30b5145,1,518
ce42b75b6264d8d4bc248fc2,1990,21ea1c611ad3aabb8429abed79701e94280d3ad1f732587b8306d5482affc671,1,519
48de674956646ee73a1dc72d,1493,0669a687a0080c40de27f5cb3ba32cb4a37f07c8c5afc7095ae6a14406b13a00,1,520
5a8fbbd36fdbbcae67291f5f,3186,5323816c6bb7fd04e409436970335177ee91e1a9f61a59072806c62497fd9099,1,521
7bfda7e549ccdde0bbcbd0e4,2774,bbbc6f35bcc232302a6db84862b7df6a9656060b715debbc3617453e14a03edf,1,522
4172eb439bfc6d517f1daae1,1324,aa34c2fc598ab8d20fa4bed956bb8b4fcf9e584b1f6c8ac628531ba05ae88b82,1,523
812ac9e2acc5d72526f30a86,2393,c39b84087f61f79f20b91fb0bec63abb96260d4d0a0ac1ea67f351ca1d3b3db0,1,524
98476441aaf3cd55af5b77b7,2397,65846266fcb78b425f71b67fbdfdc6532b2ab8dc8ad5326a9c79134a07a4773c,1,525
3ebbe1060cf04e6c6207ecae,1040,5181f98b207b0dc05c59f8eaaab86899decdcb6fff763a814ecacaa42e3a4487,1,526
1536c3166599dc5fc9acd268,337,ad2e06778fe22dba067595b9025575b1970f7cc9b6d724f7e255b2b88cb0d908,1,527
3b2a22505b64e87a74372b37,1317,c39185149dcb839d7ea7e5c3e1f0a85fc4fbfb5a5f37b56129664c39e739e7dd,1,528
867deee8b6ad30f6519f2f26,1286,5ee7e5029b1d3bb02d34598c14638406268f2ad7c70f328d4af1fcd2d08a7b71,1,529
cb6659edf35f60254048c3de,2798,303d5547e5476aa24a45d2aa9e2f96fc713f477f831f0585a084d3c2fba1f817,1,530
8a3272ac05b2f3571e018cfb,3233,f974f72e4a62edc16c2b97d625f1c91b675823437608805bbe8822b3281984fc,1,531
6a7bfde683ccd85fa77a08f1,1891,17434ec35b60707099b94e5dc4ceef0f2635eaf8b4042c724631811816cd5188,1,532
9febdf33557dee2be2f9aa4a,2121,cc6e05311a6eb3d024f332927a06379f24e63969cdccc900a181ffdf8faafe27,1,533
b29897bbb238f8b071d52131,3324,da6749c1b30a1ac964b6dc31b85ddaa4d8924d66edccdfbb7c6c96412f2557ad,1,534
2b0eb06b039aa187e35dff61,1520,74bc869bb9ac392c02d7d3d8711ac03428a0f07b58adf1455bce108d2044393b,1,535
54e788bcfe20e8db6f319335,237,4417ee555761e759f12aa4f1e3ee13977eac003a0e088ade09d4c19c00b572cf,1,536
7a343a9bd5fdef90b24fdb4c,2265,e489272dc34e8a3b220480f37ce63acdc58459fec388be633c10236e62098baf,1,537
39d1621a700c08a558cf6173,2560,ec56975b99570af4b662fe47ed94a8fec4400310136fea30a0af00c355622168,1,538
cd03a24cdeae749154447fd6,1305,73435b5e2611a8dd318bcd8ca7fe8edb89d7b9dd89fe7a2f5db2f2b5baff84ef,1,539
17a44ceeec10db55854facdf,2843,075862492116f352628eab2a22ce107381b1c362b9ca16d1babe701f2c08c5fe,1,540
7c406f98ef6ef63cfef9b727,1784,4e5bf9291ccd9b5888eb4793cb06a6450cc9cab34f7177dc0ac411977c981d51,1,541
367a45df770239d2626bff96,1791,f5248af707ed4ae102354ae7bfca201cb07fe7d7cc3f6638ef443a93af027b91,1,542
fca62f42dfcec59eb550e0b1,144,e42f5e4d3d4b40934f0e9e3d06e118a9e27dc85f6f1ccd21fc395d06df3aded5,1,543
cca8a4e6d009928b086ba106,2968,8881ee32a0b7a531cf3e13c0c192386e5a615118e60054fdb2979dee5f8d8552,1,544
959faed8f47f92777dbee579,804,59d3be369a871950637e98ae28dd9bb394db1b1d8606769ac1f36768aa8e4b80,1,545
eec859a0267d1c2e6ff3cac4,95,6ccc02d7a470785220d0768e5ca3dce3f2a334260970d5c5bd5198139139fcbb,1,546
3642b4ee0610e9ab3c1e09ba,2476,e70d5973aa44e71ff1eae20b65026b6bd1d9d9a18093eb281b8c5c1fab1cb50c,1,547
eb4f3b5299b5bf4ba9ff9529,890,9eb30afc3a95ceaac629243ee6ee49f49e2d8cd71d2a21f80f35f2cfa0e54f5d,1,548
123f3d6191811e38de3fbed0,1576,7b780a6bb1c9a4db89d6cb386ac589d2efc974f047e462ea8c26eef8396e84fb,1,549
fc6a22a5eb2908b51af9e77d,1151,c9d0dadb334ff850feb911a1c8f0b8a82914f459b7eab385acfd1bff759c300c,1,550
c86e3ab087d14132ff75b6d9,2677,b26254d367dc1d0153aa937e154f146a7711625024d038d6d7918708f578e12b,1,551
e0dfbdb7397b5cc607ffa321,2132,d7ded38e6e2025738d5b656c19ad7ec188be528f97589c5a515829d6a995eb2c,1,552
e0e83e14eef712fdf639edb8,1468,22efdc6bb57b1d0005c1b3f139f7afadd69048da29491da9129e5c8e0f3854ac,1,553
b980e1588bb3593ab295907a,202,a136c05dc3bb06ed1ba6d01282fdcd99ce7ec587f187a08b41ef0365b7bfb1d3,1,554
f735f1713a68d1d72436b3e7,1447,8117863f8efd5e26813099c103b168e6744bb84d0765a1e1269cd04e2050f489,1,555
4d80a3a8381a5202ccf19eb6,653,12592413cab165e4755a19dafd35d91536e10459d437bf7b477b3b4a24780070,1,556
12cc30b5255469eb69c56539,3074,b80cf0b9cd33300ce0100914c8e8eacc812f557401ea458af3cf01a350cc5e04,1,557
6ff434c9a8e9318ac0996379,1364,206f76b1c2c1630effe9692cd804e5011618e7041f7d9eb9fcba663411c6202e,1,558
8037512225e57161394e725f,783,e08422c699a1cd10415e8453f45b6c76f225d79f0759e3b9700e3bdf7e68f5e6,1,559
ac5856b7028f7f9baacb6121,661,5755f8e622db93b539a838928cd12b70c00fb68ae6e73de4243b7cfa2e31c02c,1,560
24189b6f56edeb7c5b2a12c5,2513,aeaedb467852f51e0a99245c0733a9b337eae4cb2fac0f2fa72b301c4d5c36ed,1,561
c48a1656877af6b8f40dcc31,1584,cbbeb7126cdbb79dde4710c3edae3b4a598c89e669f416d59b2727603fa56846,1,562
aa673cb1276492ea043623f4,696,e2c0fe257df404ab7d3dddab53e02b48c34ac51adc9b8db438b4c68454b5e77e,1,563
6f3833d90faecbc9bac9dd20,203,977425e18cfb6f1351a1d89e228e3c407ffb156e264e537f191effaf15a8b8e3,1,564
5752027c3f1036c4b3c4b490,1194,3604fb30294e6505f0e79a6d465f06521b3e14005e905e54b3759cc54fb656e8,1,565
4daeec35f72dd5d63d4e145d,3217,ed6c9325eb3156db552cde1bd344b3be151325ed5ee3a43d07dc270cbd5616df,1,566
6cc35dabc1590a5f57c018bd,675,73f01e3ee0b12df432addb6308c539eed4040d0173fea3dda51a16bb4b6bfbcf,1,567
96fb056604c8c4d18813d0e7,697,72f97d5282c16ea6441bb17e9a2905e6f136b480079e2ccb7521ef250eecfa95,1,568
12aa7d4cd33122bbf4f18601,211,6f0b66694d10bcb22bd6f85abc1e6b436e0e04e1158360d15e3fea3a785076a2,1,569
7b3125c2e2538917bb6a6bbb,1050,f9a79d2cbda413b1c78794076801149b3a74361bea04d8125f77aeeeed7db47a,1,570
b11ee751338df6be9e79dd61,2226,277e1182e625949163cf29a4cd442d17c14295f4e5d7e99ec144d43b0275f536,1,571
b1f3f96a0422769cb7b8ba1c,94,782364883608612424d75ef1719628a2a913087041d83a62d4c55b8d71e4ebaf,1,572
4ae1db5d066a5218e31de7e3,2,7749c4785e1cdaa12769cd5feedab877ff19b173c60a693691d0a2da6253bff6,1,573
10db3cf2e2bef4529ac5e791,3225,ea8f5fbf0408447034b68951300e2ea351d663da782a6ed22661605aeb123a42,1,574
c2ef633254fe17273428ce68,546,27421e40bceee9b443ba36e84585da45feb236051136211da9391f078eb183c6,1,575
edd1c7048e2d5a2afcf6ea09,412,ad471ed0ec3f36104fdd1aae0ede0efa83a567b4253183353ec5c444b171d89d,1,576
62fa5576ccfb8e6173754528,1327,514d33562b7bd0b1d62fcc63586723e104a47ab9b49ac728d824b176a8f577af,1,577
72deed8d01023b40b6c3ef1c,2216,2ae9c8e7fa83d0237ceeeee62ae09095b604daf2381621a8c2acdee210d6d65a,1,578
69087b6cd9f0812d80f0b278,1280,24537dcb1255decf40893cacb6e089382c03acf7dd7e651a1097d277f03ec019,1,579
38313734d06056013b54a016,2462,18b89b71e81affd0b9dc88cdd7a505416cf35b7bb9294e2299ad7bdcd672acb6,1,580
0872e706670ac9e4824cf91c,2311,fb7f233b701d1047afb63a22b47d91e85bf8875592e7abe37bcff40480bb44eb,1,581
def0f216a32ee45058735c69,2594,0218dc614bf9a65ef2e5fd58cb5f10cb0d968f3f7b60dbb4efb5ebd1fa2ddee6,1,582
5d55dc4c7b4a62843628d71c,1459,c206568ab03df900774df91285de7ae5fe97745b4344d1305c1a948113ca60bf,1,583
cf6f1f330fe52a6df15ec355,764,e69ea37a0cdbbf384d4ac4ed998295d1632ff71bdf21fcc878ed0c3998c72313,1,584
84f0f10dacfb84f69acffc8d,1777,b4464ba97cff35c1858499fe993c13a5cbebdb82da34c9c0e7414ab8098309ea,1,585
c2f9b19086c600ea29b4e45d,3114,517659ca18ffcbe70cde6ee0542759fa8386e4bcc396c7c03e1bc9c8a396b4c5,1,586
f816148900b7d59d940b1dc9,740,d1adf43b29d8c1375a92b0f869c7f9507d832aee7de397c10d67f6216aa0b299,1,587
8305c1a63e042cc1aa26adf8,1385,950c3c279d02dee5ca3bf0e78203aa7a31e3aab3cf855957a634cb1917633728,1,588
80168890e2a565bd74cdc19a,2515,d6a6e094e196c6d106282001169b3bf94a1dc1348ede9bc7b1485472892f1852,1,589
b3dca8ab156702d0de6c8fd1,2224,4b18d6122930664e5e4938f022c9831d29791be9e29fe59b5aa583e9cc0eafa7,1,590
39913a05bd16abf4d528dd5f,292,ebc906536f06430eb32672f9be688e260632d5be1b0f50fa5e93623d93a540c3,1,591
64355c644a5017f9c3af3375,1348,3d8515558febe0ed7a828449f94a04f76a6eb4c3dbb617fe8da271d7a682ce9a,1,592
4356e7a78cef4b4564832c1d,2778,89abc15fb00fe434b05bc45ffb70edd597b806e3b0b194da042b560a216d0e2f,1,593
6c00361c99bca44324276965,1824,9dd2cd5a20e96a961b191b8310101b790304b4c4e60b4c0b308a623851fc3b62,1,594
5a8dea9ee2d594826d0c4b58,986,32dd2bb09a837e9a7d4b28db66924e72e3975f067b33743aeb60175c46a025e8,1,595
c20236d19c3fa2a299064626,298,ae5c41a6b26d86d6e645da23454c30011e163d7adb82d1b88be8a48681135fc5,1,596
a79d4ef40fbbea51228fc1c1,3286,e0d37ca7ca6fa586276a1c2aac8d790b129de034530448e0ac90160c9089d509,1,597
8c2206f003b9f600235f12c2,3019,a81d0a0681132ef977cbfa619b020a3a4c1e608132287d6909b8e37124ed282c,1,598
241f94e1eba8144cd4090cce,1243,d64b298d5278ffd8de54e53d6876a2f85fa5d2c0929e6600bfb92c9eebe697fc,1,599
eb873d9621dddb29324c030b,1873,235e7dc6b44297e75b0b033890bd5c29abee5ac2100e9a64d7747ae08edef290,1,600
5bfe06ff880408386d2d7ddf,3207,8a8b64b8b2d6c6d1fb4e6a8562a19a2c67c45ff2bf57ef74177fd253d9bdea2e,1,601
b99e0ed5667dc4520647014f,580,25038e9b69822694609dcbe243d6615b5c22440f58ee6ac5725f3a6e4a0cfa06,1,602
4bef3e9afad3a1697f80661b,2263,3b2de176ce6a79ba7246287da5abddc39913c53006465dbbb6e9e1d4d311b378,1,603
d6f66967e852f4deec2d48c1,1507,3d10021712761d2c37643fc028320e608e481ea2807788c65d4e9c561cf213d1,1,604
2832b5269be64a79b9b43b3e,3366,73dec4a26f01811fc48535148ce060047fe4f08d6a29dba495d1da10c9bd9953,1,605
4c70a003e38269e6efa08a40,1986,3ff7167e31acf4f5617d13892ccbb295f42a0a477376d4cc78e97cc8ddda7ccb,1,606
505279bf0966a6f458118609,2623,ca9bff913003f1c873c4eb39e9466627e64b3e481f240d25abd1e6d5064a0221,1,607
839cf06c00d24f135c402dba,542,c3b7fdb30a60f450c08d75251ebecc1212785c9fbfc59cf13b090924d875aa8d,1,608
b4344d12b510deac76ed38cf,2758,2e6a47a22406eca4921729776b2eb6dfc5e15dec193339069ab08e8aed3b4e21,1,609
56427b39551ea2ed624359f8,553,0b8ac5806ba83aa778e6f344a0e7bec7a6970c5fbf7cd326c81343011ec951f4,1,610
5aac6e111ece81958c412142,851,055d9ea41836953eda3d5b1fef5a4b1d6dd7c7d7d76a97be9b8edc3ffe8492c0,1,611
04f275683f3b65587a03117b,561,4ee4235b2a26fa958ffb5076498e191ebfbcb0daba003b64285d27c46cf3cecb,1,612
e7c17569217485853605a633,2336,e38f143ee65365ce0963e1215e1b934ff58da4ad834700462021bda0a91180ee,1,613
4e0fbda793819a66e8eda61f,143,7ff92b81e37aeb872067363a866c0a3b8c5d69de00de9205f78799508eed6b3c,1,614
e7db6cfaae7de2214cfa37f7,2807,85b0db92727e9257576173c342a0d4883e93515c0033e4d4bdb59cbed4b3c816,1,615
e188ca9ad18048b5cb51332c,266,42f0c5f89243a3271600b8e300e19d1f72fb72d4a8ed83823fbb986fad38e97c,1,616
0fca0aed4f86fbc6739857f5,3370,229f805b3b1cd0842ff9cd007d1c1f0828920407c0bdcfa9ec190d2b6f777845,1,617
c6b04fad598967f5a5c1b299,572,85077ce6766467ebc7e1ca3ad3c1136eb50117ef4230235a48fa9dddf8a82317,1,618
df2fa816111761ec734aa0cb,2401,282e88f1299a2565619e2a93c383cd7b753a8f86619143a45858871902cd72aa,1,619
718c5112ab02211a5ce9c7b3,2012,62083e193bc9cc34b15ec36e4fedaf6a5594c8316dac9f9de9bda498d4c9254a,1,620
f29ea78ef0caec1fa8dc3f7b,2225,3b2cad9f0fddd76a767a3525a97b5b4e41b840631775eea89d03221483741b37,1,621
16f07deec7691ab5f864a136,1234,919a0ed5c826eb9e5cacf6d466f126fa63cec6d5523f5e777f91bf3b95064112,1,622
a2c73b03d178ecb78c70b230,1137,4b645fc8ebbb4ba7a2206850524850a74b0c751a67ec27cf45b638b90cfff756,1,623
df06a9e898dbb2a3675f1999,1224,46a6a82e77c9254adeb6425b27c33fe9da4cf147af676f2ffc19856d63c88d88,1,624
42a3725cd3b8310bdbd6cbd6,2889,75ca15acc82084f01f9e7eab0f7901c72b201040ac17397469bb0eacf16179c0,1,625
a1553bd34ed310ba026ae6b0,831,5bb451293e4b337e11a62df30c4520f3be360a97432b8186c75b818389bd753b,1,626
f5e987ff6e2225cbb04559d2,797,3f8e8e67878d3740395137466bebea7a2b6ad7ab3bb22b6ff9b447050495bcfe,1,627
a6c68c670f287ff08b5c7075,690,5f8f8fec82cd5c737d6715ef372d9d1f166d28752345c9c2edc6cf0fb2d60fdc,1,628
513ea8009c874ffd6a841b00,908,75f600cd9cee6e4e8ce8171d0b698ca8c5ca732ecb225fef18c23a903c4d92f5,1,629
b4107c2292b374222a324c4b,2118,def3c36f00b5f160724e184b0bfce71e2f1d9b3276005bc11445272471fc6200,1,630
ca79bfd494b6a8d04363f49a,316,5e191a72838a230fbf8a997fa8531e8bb642cb875e779ada1dad7104536b15eb,1,631
d99cda8cb5875b2f1d415260,3212,7c04cb262dccd8bdc22984898ffa8554de234f754b4b54ee1a69129cbb958dce,1,632
7f79c7c186f74934cc95dab1,626,73b480e16f42e76a17fe507958514ee2580cd15de0de2fadf69e620591dc0069,1,633
11dfb6230ee86c0d343633a4,990,882c900acd2c3ffa46ac81e4fd089bbd168e6b497be6b06e47dc205d081d1f93,1,634
afa3ab4eddde0e9da0cea019,2883,cd6aab16a9ee41a5fe42e58619ac3e7d8f0fd70496ecaa05b9ec2865e3f4962c,1,635
1809a7e54ab76621200ca5e6,2977,4208438869f9d166856a0b2cbc7c0c9d5fe67c9237ffe2b03ede3548fe0e9f45,1,636
2373ccbebc9a3af5fbfeedf5,1636,215d9d8f554c67654aa9a14fd7575f62e83a566c40552fab95c909d40f066e5b,1,637
434dafda15ac02cd38caffaf,342,fb0a52a4dd93c01dd9633d42ab1460f6da5b75797f026e25f8cf228e251129a3,1,638
30df729350f7c8a018b517cf,2993,44c81a0958953318992387b5abb06d34cd0ba6adec11021a9c79c186da6a3c9f,1,639
7a17b5f9d6a400fefc396b9d,472,88446a5840d4b42baae506034bac1bbf23f141f8acddd602ca797afdb20833a1,1,640
1d13099bc194fbd57c0f03ff,550,2ebd4807f621fa29b9629b220612ebc567f2aeac12c18b43cb50cd9b5ee57394,1,641
2c6b9bce8d167c4de7dec7bc,1423,2e5acfb2c7bd855a0c9fe38074b33d84b9d0139b93bb5db3bd8a417dd8edc821,1,642
c75c1492ae2d6516df755525,150,d61cf726aee98e3cad3183c1b334c58aa34a0b4500c7fd5087f91f0d20752d23,1,643
fecc2821310f44d422c34dff,379,8c5fcb60c3d0d78c89bc6e3a448fa9aff1af5532c6f5608fc6861cff158b95fa,1,644
294c87b671872c89e20a2171,1054,f0a02af58a24bab5f5c255c55afe4121f740c8b168262d68a7d977fae67bfed5,1,645
a081ab14e381ea955b4f7bdc,3343,ab828ebbee2a04426b89a46de767f5c0e5b1c390106bd9db4ac6b36387c7af3d,1,646
4206a1a54395187e5fc17aed,1091,abba98fc0947a8dfa7c2863c97ff3033c2d190e97d4ffdb29f3f74140c5281a6,1,647
f64a497962311eddadd9e5b5,88,9589ebae543736dae16ba13d0bb9acc8852db2f1fb0257141f58e2a4fadc378d,1,648
6b772a5ccc02e5720e139dec,730,ae2363368cf443a2549096bd9ad3b7829b2c6d59c90e344478b0c4bec729cc66,1,649
f3b6cd33eb5ba4c2278dc67a,994,9d53ac4cd24266594171776f9b98236d5566f825945fe9f13faf665cf6629e11,1,650
94276a003be784b3fd6aab3e,3093,5f02fcbbc870ede5c828325267c731bb597560538b586632a7376bdb55a480d8,1,651
66fa4872031af17528821338,3162,709656faf2004541c00f1061176b9d8d0c92ef2fd03b91394fd93f6a0c8bff6b,1,652
fd3b9b47d3f72c8b88aa32f2,1577,7a10b678fe6c26723d176b92a008968521d668cf7b9c2ec034c63ace0ad80d5b,1,653
3a3558e3e5d70945d878a75c,2715,fc08a6f34c567c2d16073af4db00d348f3425d559a04705734a9293f48aeb6bd,1,654
5b4878ea6f7ab51dd7d7509d,528,11904b46483167ce4ed0724763b6913525f8940c1bd4967a78649c3cb8aef4a2,1,655
3325bb188f12c71ab8e01703,449,2af100ba722db93dbe8135949adb72e1ab594b90428ddcb5b6e9b89b05f059c4,1,656
8a8a0d87bc258a67b3c3f16d,2479,049fd9bf04c11d4cd94a076f0831ee7529e9c8e1acd610eac9d0ee66ea8f4218,1,657
2c42f8d7b427c74e6c4dc03a,490,d5f1fd65496d47cdec00dd2826fd5556837a3d7ae89efbf1835dc20016f6b882,1,658
2fc3fbcd72fe571ef339e3aa,2488,bed9800e9c4e17d52a4886060a051a69bea279810b0b8a7dfc5a3519796e17b9,1,659
5edb14b72258915aa317e134,2610,1f8f10fea2ed20245d16a67e4fac6022f42c4d713e890ac66ce47d5215968c00,1,660
49cf72c4de49ab686c46034a,929,35e4931a00cd62b5dfb90f3916d5d121d6aa90ed869a1fb85f12685a2018727c,1,661
a7b5b42579b00964d6fc5b4b,2164,56e33265aa1cb7ba7c035faa27dda1db2709481599162a010a6a5d5620cc85f0,1,662
13d8bc7b744b4d4e9e869ba9,3313,2ed1323ff2f13b466bd5b08d86436559c27021506135880197c3b89e5026db6d,1,663
3f354a2f057aaa7fc26653b8,311,99d3a22f10a9c9830e54cacd8561a32dddc46f98c0f9fbf0c978042bd175b916,1,664
7db092a2663e2570f295e84f,2359,577bc9041a2581d64a5f46ac278065b13971b13fcd6cc133aa79dedc22215978,1,665
e4e960a3e02d0be5be866ec2,713,4cba707e8235d2aeedde3c59cce3c6d1ec016a81bd679a224d7b1c235444f890,1,666
b396840754ca43eb068d77c4,3169,67c3d475357dd885431b622230b4bbcb0873ac6c001cdf20398ff8f1ca8a5352,1,667
e5a4cefd47db2736ee4f4112,654,3c2194d42cdcd92684a327fee1769347600a017f07f8ed2c3b7d695b6cf5b8fc,1,668
4634c5285d9d66e1d11292dd,1252,70c648d1836eef5fa95ddcbe7445c4145721d1fd2ac68db935f7722ddf2b0304,1,669
92329909847773d8ab5ef127,1922,2741e3a7dd1f03fddb6d805b4c802ed53de7a4a32f20799b5112642a617a6878,1,670
b05dfbc98b3ead337e849edd,2493,8224e8493abc58e0d075149e8ea99676eb544fae2950488fc13b5ffe1d6245a3,1,671
09f38550e2bd0f6021906cdc,984,9dbc89809b7c95359e7dc196d02e6935ad9c55d60f5fbc99ac463a7450362530,1,672
30679eaf0375ecafb08c771a,453,9766e4d8027de181064295a230168cef1401aeabc1a7b336229a9d7f1703578c,1,673
ea2ad34fecfb879ca9a4e242,2489,e21dab2efa5eeb8ff9845e315b8e15a0001847ea79600c1c87193b4999ea8c3a,1,674
40aeff69a0a40e9617ee3503,708,5dbe504bf6cb1692e41ea2bc6438219db9d01a3cae5047011c40edeaa485b6a9,1,675
ce5c48443b4f461726c59fb8,3350,ed8549d9c8c89d7f38b9c0aed4aa8de90a839355bb083c8354c37e9174174a0b,1,676
45c7d129ffcb33577ebd1bef,1546,dc7c88f16fc00d9d27e7d6bd035f2ebd8122a00a92fd2d21b0d0ea81eda86103,1,677
a22da7f7067cfc6f48c0473e,165,823f00f8add35f30baef05a84ac92a2e2b48d48e6b919e3ddcc901377cff16c3,1,678
fc2ec8c140fcee17e0c2188f,307,926c65ebc28c903d233d87dcbe6aa807620eaa6d3d8b540a571b08e5fc266573,1,679
6207d5fe48f1dbf9138a7a26,1912,0b78a1b2a223200b0b00e3f29d497422450d0dcafac4e917ff37614c8fa926d4,1,680
93b14853ba9fdf3262e5c326,1646,a9687446592107bf755926bddbb010b986bdf8f2d38bf3b8ed9723270b3a51bb,1,681
b0e875e9327cfa9c252b637a,3291,46ca95ee55bd0790dfe8971046359d2b636d74b1581e492bfabb7b4ff8dc399c,1,682
f82cd1298fa1774dd215e1c2,2521,ae7c630429c2fc4e23e266278ca669145f32d885b9c4da5188ba36c6872c7c5c,1,683
66f6729dc7785cfbace6603a,218,8f2d7bf60862d02f7e2d4ba8dbd0e3c56c442474bd090f09acb588a1d699f43c,1,684
