row_id,_source_row,_text_hash,label,bank_class_position
07564b76d2cfb2b08c5e169d,1467,1cbabe514f88e45b81c31ee0c5eaab52f54d9cd6cf863d28c6fea5b18713f3ce,0,0
8a2185147d0d30304c1db36b,3520,ac27886ac2e9ed356c89302d69812f5eafb76a29f6871498df1f1a281348b331,0,1
4e8c12181fcc494355f7d1f8,2012,609c46165aa05bcf6bf94308d7076e384652405516d988b0e088d813cfbcf224,0,2
ebd35d2d03655e44f7b49df5,1694,3bd79170421587243c8ac20e848725a56504c2265563a92acb0cfde99604c4c3,0,3
9e6100efa69b246a983fc7c6,5297,d2c310402d768ebdcd9149502c721a5150f7c99b0cc307e957d803c39974d1fb,0,4
3a778ea3352d62f8a336f17b,3839,d9075e14414244a1f1b6c21be68bb5874737b978f51ae4fa8e1fefac710537e2,0,5
391359eed218fcaa9aa59216,5043,4bfc26dfa8c74f9c6bb2412d0c24eaac2c50aca30ac46ceec39bca7144c84ced,0,6
8a13ed9482840a4cb0d03f09,2472,786a4a14836e83729f590be3c90e443028f411d9f942d9a6f80d73c5b487fdca,0,7
2a6ecce0e554ce0c32091dee,4349,d0dff05c329f4d3e9c49585020aa1c8a524e157fcff4fe2730ba020586140930,0,8
00c14bfb43e1e00dc8459ec9,651,a69f448fc6c643a0fa22d9d9b55c785e5b3ea4f47a82f19aa2f76b6cac969d12,0,9
10958c2a6fd1e9ba6580bdbe,3250,6ad4884572a4994a22082b4885b0eeed5745944d1b29a3420251f062d3b1386f,0,10
520a7f7258d17325f0c00e6f,1231,cb6c5703fd8e10f45fc88a59a6f747d3873cb114338a5648cc3cc8d2c95712a2,0,11
ed05d3bd5c798901031c1804,2919,3fd2b2a26bc5d9b569e4a66cbd17a1593a326abf52bf979a691233fe85c5b9cf,0,12
9e3d3600af74fba105838e89,1458,55ea274dcd0de1485b573c5c655ca5b8493fc8c26467bbf410de7d21fcc34cad,0,13
e4986bf685698c1ccaede5eb,1012,162230c7f66eaa120b063e3f639bac75229572a37addd80c3af11db1b426c59a,0,14
a3cea3ce7ad19a01f930982b,1698,7bd4f4964c222f98ffcd80318f28f8838f2396916e450c2771bc1362c6c0faf1,0,15
c215062ff154b64a31d54a32,1657,926c8e89bef7d87d564ce0134c0b1b3977275781e30af02a9e3242473ae6ad6b,0,16
84674546ebf8d6c6963722d6,918,0b839a1cbbe471ec067a1f0dfb314bdcc48b747971bd26b6d7cecbd212f4b649,0,17
7a775bfb97c9b7d43ee4cc33,443,a1888f2b02f76641a92854c758e283e76778ac58024828d5c5c280865c0d75eb,0,18
7e40c89307c20412c83cec31,1618,21ab4b37b0d5fb0833e1d5519a4ee0428c597a5a8c0854d2a64653dbd0e31524,0,19
7d839acfdbf1bca839acc178,3279,0bc9caeebe2cb874e421b2fb8f5828f15fd7ffe70b0427cda8c24aedc6a34f72,0,20
98bc245a429981c38faf349a,1538,d228b2860ca2f24d1220e48c697671d0f3e2cb12cc40fc5e628cefd054a5ee30,0,21
2809cd7ccfffc6f63cf1a60b,2431,2fbe94378fd78555308a418760be1075c978f040292afad5adee12300a2cd7f4,0,22
f7ed7fb623946b1aa00d0fd6,3872,40d925e2a2320e193890484d722ecf92383be52ebc9dcf8e8653f9f7c600e707,0,23
7c699d785ae1ece0edcd86a0,4436,be85f656274d03cf7ddb0110f864de8060a76263659c09fb2467b8f45b1e516d,0,24
486d4781c101165c3a7ab427,1911,44cd8fbfe27a0c54531c914fdafce4b4b20a64e636f2807e3540bae07c8f77c5,0,25
08c639609f711c0e6af4ce81,3017,573bc2b483d1e66bb1ea533cc89f2e64617bb1cf880bd293bd6076f70a382198,0,26
8915b9bac256626335ab845f,2140,719c1e78eab4d6e7ea78dcf6f08a9303fee7ad4f69b2e9668d77a32ede309851,0,27
78b8ae4b39754272250aec82,1674,280e4627c6b980c2867606c6810db4606e5fd25e40329b942594e3fd5d59931b,0,28
58665ef3649492e6bb9b4673,3674,81038ed5753a8c890d42b0e5f063759920a9156ca3baabcd111f82250c4859dc,0,29
c404489fefa4271312deb8a7,1404,7b060cc761736e97b40263069213f14d88422862b46cf1c6e619d2f6ba877faf,0,30
0f7c431dc1657985190da903,2684,b76d6be31b661708d56267cc74ae936a9460b08af013e74c9535d0d7db5ce805,0,31
0389324b1c8c1628c5b8fe3a,4813,fdc00a9dfb4a1d0ded3936055b179d762f74b5e388f03cb943376fdb1b9f6b66,0,32
415ceef557b17a88cda53c42,3124,24e95e068f954218a525f20a53f2542f1585ebc5c440df8e7db42b8c2ba99cab,0,33
d7b23ebc2e4933b3809245e7,2858,ed1b00ed0354380c0e18793bf121131d120f4a9b06b575a9a8447cdd83c03ff6,0,34
2802b23f8155961e3f2b32d9,1667,1f117447c5272c2b3902c3670e641f95e4e063009e37e5e45bda4ef44bbd65ba,0,35
675d4505000b1fb0f03d9202,4466,d2a77ff663171e346e0ec30c5d017c090e2902a12094902f95c3bde8753efce0,0,36
9102a92e3d5de73b5d1b0f29,2589,ca8cb8e34125107d02a9eb5633ddfe272df4a0f097de50fe94b1191aa3e3a607,0,37
be1015a8dae7fe02439188ed,3327,eae75c5de6dafeb4d092e481bf820dc609d6c0cdc157cf6ce9d2f5d1ff7d1f26,0,38
b12747fbf5b70f6f3af95c97,352,2f266f21352b439352f1590a7d2d7834acd87ebc25d186a4b4a64d11a1f6b1c8,0,39
755e618b9241d043deaf1965,4431,84948d676d0702463437992fc1bca7b7d38edc2bcfc4435d013f9a4f04f50c0f,0,40
eccbb2578ef5a30eec52dd55,746,5f8f33ca88c3f1e7ff03ca2f62d278df0670fb451a2d88c856bf57b8ee275c8f,0,41
928d789c9282c81674e32603,1095,f3d307dbfa03dd9e5828e0924b3b82ebf6eff94fc26221b8a5abe0316982cc9e,0,42
85c69decdfa8c46b35f5b9b8,44,744439f4c38aeb77ead61c1193cf7f114c7d9dcc9bfd8629bc48bbdd541b3693,0,43
c454332da7c2adf72e71e0f7,3594,5c299fda1f1d12f142be90593bfa91128f5efbbfd4026add86227c91cfc993a5,0,44
297ad2face8c298a6c3f0d82,5017,9c7a0b2f051fbdf40a37e6f66511d2ba515590a788f58f9567cfb15bfcf008f7,0,45
bd1c9ce7f0620f66374830fa,160,590a1854bb791e4952f4876c4f5ff04f82452d280711362c5cfd9587b4bc13a3,0,46
241142eaf9898483f5b6e2ff,4839,1592ef161e70ec30530d42840b040c0d632d892eadd71b3e8c3b646a828a41ac,0,47
5e84566f0de554b42bbb271d,1000,b7514b3a079470e699298937de19863841a5e57deee70419dc45b0687c4b89b2,0,48
51ec4fd685220536988e7963,1342,f246710d53d3b7b9ee63f6d0715fb95b10cccf7844ab2c9ccab37738e23c71f3,0,49
493d41d79e22631c874ae654,4963,d9c10612541b290e1893b2f6c2262fba9a0769ac81fc1ff315f7e967f53dfec9,0,50
5c88a489af84e89336b722a4,1203,4d969be893e1a68af546c8afd2ee5351c17ca0cfcf016027f828897cad4c21cc,0,51
4c51b5a229e4fc416f2b3865,1128,3026c2ea82a7bfbd09416026676647cf008e08da0e3e1d837c48bb9848ba9936,0,52
874c270c80e257a2665f1093,2256,9b416d3d28b8e8cca27f43b738a034bacea1138402f1e5a6b797999ad067be30,0,53
e3daf2a9e117442df46b3892,2630,cf1e031d5bde6546d7fbd10c33275d75a2dd6f6e6d46d8189310eeffbfeecf0a,0,54
49238b83d56e22eca0491e50,324,5929f40e2cb2c72592d2a7af2ebdcfe5917860c47c5eeb3a0fe58e2929a9b1c3,0,55
54ddff0ae951a00d07a38e02,2616,51a22a8db8adfb0968d7c64cfed52e0566edf464284548ad7602d769a09d6bb0,0,56
30e4b4494569ba1b7108e7c6,2599,a9c30abc8dd54497d94cf0b6f89a4f66504da7fa1ef1c19b46346bb9eb8d5f3f,0,57
cc2514afbb9319006a9b476a,419,9db97e40fcf9f1679d2ec9f242a02f8b895e250fa4dd329dea1e54512879e9ae,0,58
ee615ba48374b5a026834dcd,4047,1fcaac0f7a8df900ef5588f73179f767e81d3c9d1e5689ad8d78d8a31142f0ca,0,59
2473cf645e54d3493a4ef5dc,28,d549fd115866d4fa810df4bdc45e3fa72876572b0bbe354e9509f50ff8e1e0dd,0,60
ce1596d5757d4d6656ec64f7,5317,c7be250ed4d345f0f5c7735792d67c607e9e04a53348e48f50cebec39f7d6b35,0,61
00889b32ca7c50e6a380ad87,1383,e8a43d809c75183e84419cec9396df9d0469d68e9e1c3f456a50b27708ee36be,0,62
11145ad34d6d6f03bfafb631,1553,66a251fd10e12bcaba3283ec6d263742e6e9852f3ab8629e3e5e3782cd85f404,0,63
09703de2a6588550c1df8250,4752,d45ab204ce92e8f9358efed4b001108aea70a3bf651f5ef2aa7e433fa169a4e6,0,64
cf498bad584defbb5adb0003,3644,1a06490efc738edde2d962b000851f70b400bb30c0c401ea9845bafe4fb2240b,0,65
be5903ce8a7cc345c8d15c99,701,095bc22d0db473fbfd07fef4f4c36541d9d70f83beb06364c0667fdfa62379f8,0,66
de14125edb738f5c259894de,4449,d1fc87ab91d321d57268e82d0bd0ef17eb277e8dcf1ff92f6d2806590c88932c,0,67
9e0766c8721616cbfdea1486,782,e7ddfd642903d195225051c0c18cb146c3c8b517b70d8870d2d621dc294d5ccb,0,68
94dc4a21ef8174c5b65ad7fa,1101,0d004fd7b64dc89583e3a476e0889b78c8dc56ce94b3e0181158183e0d77e86c,0,69
a24538c164f6e8f9ed12e39d,509,0b5f9d441bf9c81348a2e24e2ac0dc770dcf310c46360fc8d90442175adb68e2,0,70
3914f1d4ba6ab41aabbed54b,3642,230f679ff9e8a46a7d5c3ed25a1cf0918359f72c37d2744fbdf2bbd7388a4f4a,0,71
802509a2afef3eb881da1758,3742,d068af705dc5c2123312189722529e37c41e0d181b9fe74eeb8e4cd57073aec4,0,72
c5e2165b37c7d2cd8b94390f,4056,8010a1ae0020293f97db5753ccbd64253406882abb37fcb67eca1dc472ce29b7,0,73
0b010ff3f6e9af6b3452f303,3304,010349f58543d6ecccd64af2e61f0c20aabf60c33a8466570e455bc6ed31d480,0,74
ad068eb489dba8723d1c8e45,1560,8aefce02385261f20e1af5f220d8f44c86b4f892199b163139866a8268c487de,0,75
897f73cb47488cc9dcd3293b,2787,4a0abba994e6929af49131ba02774382051ec2ddc8e618ece0bfde4945b03e6b,0,76
9913f79d2b2987fecb2887f6,1829,60a2e175c50d9aea740d210f293e514b9d1ea9076a12e4b379ac2ccd26e5febb,0,77
318deb54d3e42b1970a545c4,5167,2659263b38ce167778555fde2b4e362adfd1185f2bfee29fb878f601a61fb5f0,0,78
3593d5c1e1afc3d02c892f13,5443,cf8ab8b03ca45a599bf90c29a0e3cb1008980704449535617d41ead38112b3ec,0,79
661974e44ab38977bd92243d,1963,6f9e9eeb1b0cb6d93a11bffc09d1889590d952db0a4e2527388cac9a720be76e,0,80
1e1fbc6ba8dbcf0a35ecd6db,1270,0c0b1cda756fe8546bca66e6f34a334667e9d1bb62b079803479d75d6b64e487,0,81
51876bf4464442242e32925a,985,0c18fa4d15ca80f0999c5b64ca4860fce72c7a18c8b92c0d30f67e1a6e170f78,0,82
ec37f564ba0e805631cf0fb4,2260,ba3ea8458264d8f6d1c539902f0752a2d700035b8b5cbc6912ab3f1218156cd5,0,83
99eb351409242e15e56ac2db,442,b2355f758b111e40c70058e1fd0bf43c3eb511affa0fd365158f389e3416adb1,0,84
8c732d9c937a17b42b660314,3302,c0037f9aa5cb4162be511c6d11e699f8e456f4ed4c4a0c503f20fe40a8a349fc,0,85
49ca74f34be8e399b5790150,362,ae2a3ace707519c4512024104285422eaf861217f30c8ca6d9718ffc0c32be8f,0,86
6be3cb73f545d49c42036432,4610,c21b67e1d1df8c57d1b1f11f6cd5312180d24c3b8c6355fbabf6266e703d44bc,0,87
ec2aafef3e652d09ce9a0606,3939,3d9cc6ff6af11531b07231ce92e562009d317d89623cd3b35a340c6868d16544,0,88
025b17018bd5051c0331a84b,165,360d4ffaa5453d7c34a4e5f4826d342438fe1a1875d8550f53b752a12ea377ad,0,89
327a2b553538b23ad76a030c,1297,ab8ac4ab70760d9a72d01c3608692b0b6470d17238838d8ac468a0fa82229a3c,0,90
adddab3aeaa7d72850bbc672,1264,45414ade916b3409390a0f17741fab8e28b46f2743a45f519973d774605cc87f,0,91
d3b338845c38f32421f46527,3513,46c4e89224ab12334ffe4a896b6333ed7bd619e97929dfd5c183c8679ac7a847,0,92
1ea989b661325c7c2a4e761c,847,ccf7382f33a6383ce09d833a41f54f64e800e8ed0491a8d3506346ce9270585f,0,93
50b257d8fd6b9ecf4bb9bd69,4845,c975fb3f1bef820770a63d9bda53d888e9663cd89d2ce204d3b12f0afee5210b,0,94
c22338c1db87e58473f334d5,3495,28553a4cf31adf12f584dba59218eec9c30a3ad57481a60f9ab652eebff8c7c3,0,95
06c934799891d0e38ed41ba9,4235,2f755482e4c2162a759616c89bf7caa38761529752b6695d5b9f7fe0c2238288,0,96
b1ebaf0e51ddae95c8557c43,5423,8dab94eee6b98318984927b71a65b27586c4e83e4e24caed88fa57cf5f2263d8,0,97
55df05d113343f3bcb5d7296,3556,dbc1c1e9c3ad932892784613f8a6cd68234db9899481401c847db1aa356256aa,0,98
f67e31f6c679f812cc8fabfb,4105,217d5ba858427ca7f1da9897f4abce8c17bbf4697ab6f2f84c766f5b12543a01,0,99
aef74afb4ef0e9cec94b1fc7,1640,6217e8958e9731ebb66f8c0419d002a8f169d416e1829bd9b888d33ab2069bf7,0,100
ee92d627e5827a7454a660ec,942,6be17b32b320fd561eae8244304e8b21c51da3b20d1958710f09343633690c6e,0,101
28c5b9fcf08ae79a45c90e15,5463,b0bd5ef3070343d4daed986c962618f78a5eec30c684b10df1222b93a69a68f6,0,102
00c0e32cf18176c6ccd28f39,4211,febb2124f8e666fabddab411c6d5ec45af97c8306c1fe14b4b6c00a6f1930ac0,0,103
d56d0d40df637e6cbca6cbcb,5221,6325a9dc00cf2dd242af0ef7cc9cdeedc6591e72c2a32418799f6b66a1e82baf,0,104
e0e821ed368fce6fa40d3c56,5036,2280429611b763e8653fe936916ca7e33db09f7f801957060300b550cdcc44f7,0,105
bd13ce149c5b688eb8dd0b6b,2502,8bfcdefe919573cecdaf2e431b6ba25e457ef351c04d74d6494bf924be25abfa,0,106
53426fd6182636383b9bda28,4709,55bb03fc15a3a20a90b1325d76642663f6db23e153956d3ae616f0f9ca9251c9,0,107
1ce91bb359684d95ef2a3c4e,2325,f6ec958ae5344a46f857364a34a4342e9f55f9f16d61a5eb9c6a86e222adc9a7,0,108
2ef79a7e1eb8a4664434092c,4930,ba5f305ff054ffd53f029884e51685b436fba734cf028f6e0fe6a52abee262e3,0,109
21e07f088d0b33b34be511cd,3998,76d872209ee0d24e63a383f23f90b28af36dbd126c7a0d5a2d2e6b9027ae98e3,0,110
03d79745c4c254641ecae0a1,186,58109e4e08e640cb313fc1280496072ede1c61f96a582fa0f86a5791c1191951,0,111
e7e6248d3df17bceebfcdd30,3195,a7bd646d43b4ef8e2d7242ec4954bbf97872071c38196340e43d7097437a138f,0,112
787cfc42163f7e1a882bed83,3406,d9bb2787090bd291e8cbf2a1ef3b62c3b99fd96817fbc660830b2e5549b08ba8,0,113
5ec8e3971b1557ff77ab9467,3637,46348e3fc326dafdd39bdd3870fc645b3fba5312187ed316aad84b91ba705ace,0,114
f6cbe57e0f85555b1c4dae45,748,9de44199d894a354547cb46244910eb9dc0915a4560b41807b7294e59d968639,0,115
67c670f00e4327968d6facdf,1326,bd2a18b06ffb0541538679e0e50ba82e0361a8b55204ae0395057d99f2759e27,0,116
b19640bccd4d5be442e19d8f,3094,b07d0d211f8dd62b3e86c01fe35889b24070ee91e1894ad881cd7e5fa9003d16,0,117
a70f3e6d75caec5c2a66f1ab,3583,07228d5bf98ee2d97692b82f968daf326dab63723eeea47b9a11f36954a5f631,0,118
27b9744eb5dff45e16d3da91,4841,b91b1b4307e2ca0ed60c1da380d5c9010edda399585943bb75abc41e7d23d9c9,0,119
c78d23f647af96fade38172a,511,5cda192f42e92e3f7beb640bc3b0cb8ccbc4bba29c92cf2cfadbe5807eab6276,0,120
b83d38e1a53cc1482500f4cc,3179,814683df79d511248954adabbff226e29f109953c94677da28472646fd454c00,0,121
0b06141c16934ed403e9a1fd,1584,5fede4c145ab49769a8d9e35cbc7750b3d6e913a12d70bd9a49bf836b5d6552d,0,122
3da05c694ac557c86bc7d822,1720,a752eb8c9b6228cd05b2d278b406dcfe58a8cd4b6e31849c6bb14ac42f34ed25,0,123
0aef60681022f5ca9f1e8de7,3148,d1ad79eacc503cdec19e2237227101db551c5e00d63dfa8193cf19af211860a9,0,124
bb4f19e2b3e9191fdab0a6fb,255,90482730e7ac0c1a2a48440fdb7abe69f5267ac9dfbad94bf030f380155ccae1,0,125
5d8f8ddc8255d4e54402f115,718,e87ca3c5cd0acbde9e72686d6c577d908585e82e29a5b7a398ca84920a7b8dff,0,126
3f4a9b15a23f92114fbb20c9,1148,3725f66b64ca998c79d8f22edcbd8928523a518386f8a17396811dac633452d1,0,127
044039577e00d9e885945613,384,abb64a330625df17157dc4a43f7f9f04cc748426cc68713d7b14d246792f41d0,0,128
81c0f11cac78befacd2a8df5,1113,5315b46d238aa86cef505a4838bad3dd61daeaed0b7e98115f116fa3538aee89,0,129
423cd6b265fc1d1bd704caac,1679,75145ac26ceb9c2512463f3f74deb0ab38313413300a89e6a21e54c0c002fd26,0,130
c02144f201d1322bb20f9323,1724,701b1f6388049b18766a10b2a6805731b89f18ca3aa5dbc1c3ea25f776a1bf06,0,131
3a4c3699ce238b28095f6c1b,2332,be1d2740e59f5a9140a1cbf5a9db09e315c7b2d68bee7c71b206e18c28826fa5,0,132
10a70efc2533a40967c76458,1400,a20f26f657f13ffc7e92cac47a6987ef07f058fa88d95db88237fe10f2673e86,0,133
480c429c0b9c84a8d5dbf4b7,3278,638273581b979a49c612d267c6724354f586c74e28b4d87aca0f278732d834ed,0,134
92288fc5393e1cdcced52802,2805,d1a1b7aa6fac19c996f03e9b32186247dea2412682e0d30edc3bc12963ddc7d8,0,135
554a287cfe484e81f54a02d5,3911,8703bf20f3f8a9cf80b63b0693bf934d9ad78fae9522175d6c85164fe4587ca8,0,136
7c991180cc6167010a35629f,3348,0dd3a569b6e4eb64b89b36b6b6d53b240e491a698f4576cdf8ca00daed43b0f5,0,137
84dbf8e7724cba4c060297b8,1386,d79df2392579f85d0806ff820eac9b8b36ce359c6b3d717203cdb7f3b12374b5,0,138
dd09461e95b72a6d221c05bf,1314,3c54e04772491f479f155124ad7a69459194484414525d9563cdbbe4044df75c,0,139
da0886dad997f88a62dd9e88,737,1dae2ce28944ececbbf21cc9bb600bde34121d1f4f66322c7f86026557ab7956,0,140
816ef0a766dabab8242f2ef9,1755,2583ed7abeeb512acd7e77fc92b6334ef77476ceac0d8b70e0d6bb97eafac0ec,0,141
5cb3bb78aed713104aebd42e,3581,dc992b83feab1f1fc045e875381f1d18a0ce3766497a5f68b6f7b46ccbc629dd,0,142
04ee518088c10fc1c1992033,1751,15b367f044b9e69d3ba122beaa0ad84dc9bdbe6fdda4bc2d023f7652f5ae57fe,0,143
9efaf960ca6ba9cc93ba41c7,4425,97ac8a6ad453460786c88c3b403ea9c27a85ea878a56466020ac0ef93fb2cf8f,0,144
413bf601d945bcd5628b2695,4079,05cabd7ef3a5e8d2bfc4db8671a28c0db499b3a41d3ce96a25033e7e6ede0816,0,145
0d0799df63f165f1e15196de,1422,34c5f9d7e13eb2535b89e3df0729c3b2f80007d223d9ba10296c6ed0ea670df4,0,146
44b6c33dee8888ac6e89b54f,5202,566688ca61bf82c019ca53bf4495b0ef2af888561b1120df6dce533f0edd70a4,0,147
f5c64aa9d706989b5b5e07b5,2008,b3fab17786457e858f153328156f21c0ae5059592b4fc7a17480ffc9a031d2dc,0,148
d6f9885e15ae901571b30f35,5053,5486ec74d0c71db60e328adf79bd3b6321c482f2208edafcd5ea5399784d0973,0,149
f1cdd7b5455d62a37d16817f,5160,8a3b015176b0912330debd96294b7d93008364dc88f627d16dc8c169ce2e3c1b,0,150
87a33fdce153d3c0cfcefb69,4878,b249a8ac0b14f9e20aadb9b6d7248ea448fa9ac74a8bc29d539a84213593dec7,0,151
b0bb06179858b40fde17467d,2122,2b470b78d3b1b87c74de33182402be39fc58e495dea0c2be936285426206a8cd,0,152
16a9932d52b1a373aac9c78d,5220,88727ccdf8e485c742b09227a22bd95582cc08750f526190e618a698f89159a3,0,153
0f8201810e22fcfb941bad9a,2226,c67d65bb78ffc6c8fc6c148c1bd073209f2a5f90b499984e2e0e2039c0278326,0,154
1b779eb805d2e3020ad649d1,3522,5d60d006ddb89593362bebaab50ce80492c00832c0ff14b73c1a2b323d7aa85e,0,155
802bfbee0daae90b34aed5e0,4941,1122b6132695baf8ac974e32b7233ca4c6a26d274fd43a3a84f477ae6b5d3c6d,0,156
cd75a27d5a66059c7500670d,5386,e3673f2d817777b8b5bcf4d4bf9e351d7b36d9a3a1ae526ee9b24b8b5f773f1b,0,157
b0e33f085e80fa36089d2f5d,3740,9977155d2dbffe3eb173fa74ad999d962d7b85fb3b580fa3b4fe969da72f813e,0,158
6ba2ce63936989f982b0da25,304,39a3048c7a9a665d1cb94217976e2d486d2c89ea8f8b054cb7ac5de64ec12820,0,159
75f326649f22e545b36a41fe,2813,eeac5885e0aa1e43d1f02aafbcfe541eb652385840fd0430b4188032bc28b56d,0,160
d134a4fe5e42d56baa3f873e,4133,434206a1a537519a292f72de002f003fddd3f6f96d7592b0e4631f3d59891f8c,0,161
5e30bbacd1827b45a63d1bfb,3524,356d41d9e82380c013ad70c1e89935b19917460747c61a0a508d8ed6f1a8eb42,0,162
bb675a8a79a5766e1b59d6a1,4638,abb2ba1bc2c8e8254dc35b5f3223c1fa4d49f4c29805e762db5ad170cfcafcdd,0,163
85c382762449ff0c7259eae5,3220,92f85a66a67c86d1ec422c49d5bd7a4b17750854b55aecfa51a3a7d36ff2fcf4,0,164
e999e3b85de7afe3fe3fe1b8,4386,3baba87d2c73b9afbb9b44b09cf37f33c5703720f9f9215e1e751b28516ddafe,0,165
0f54131d7109ebc862af883d,4544,0054f63181375250a7bb7b44fe8248ed00016b9af216127c3d2ed63d96477175,0,166
4ed4e1037138a356022472d1,2680,77d228f2802d3cb0ea7bee18c1f1c78d110ddc12e8a37e2c342d0289b74e78dc,0,167
e0e5b2393412cf885a84ccc5,2211,6d753af12302f0f2c5168b406738239b1feb57d7df4cfbf62361a8e578b6b2b1,0,168
22dc7c3f0769e865750612e2,3368,960abca08e4a47f142303b8d21a3a3a9efbebcd3e023541d03caffb5f1508028,0,169
db11d33be016a557ea7fe3a2,1214,78c68fa1f9e737f34c021a313a7f2242b6e6e471ace110f4797d85148415f5a2,0,170
af08b90799f0eabc6a641a0b,3653,c2d019cd0d601f3fab5e153a47754cdc3231d1ff09cbafd963083ed1151e403f,0,171
7bb5ed54022fe27e4f3a2830,3544,801b34f4f7cdee5418f30be1096d607f96940c30cf923b6e1c76590fcc7d6126,0,172
3e0299a03d12b06de6288289,2738,68a91916c9068ed35989476ad22b856289eb6e228ead1bd86d6b87fec8d6e970,0,173
3acbd7fc84e7017def8719bb,4817,13e62531d4f531dc6d18af450cdcd22acd13b3184723978c09a890feeb606a3f,0,174
2fefca883db11f75336901a7,2571,6ea08e7f71659f7e1eb5f0dc4aa10ae6d4671d4ae74713ab324c546bfdace92a,0,175
0b0c1c0a06593cab4e0fb6fa,3548,438af7de4d75617d0970f1caa78f4705f8309fe14e166c8f4473081d1c427c89,0,176
ae0327871d99ec2453ee4a2d,4282,5534ac96ce92e476adfa72450a0469a2a34488dbc24e18c1586deb3e625f3a6f,0,177
bf31e63320e9300ad2126d52,2116,43b1a69ce2a94fb4ed814ee28607d08aeba6f0d8e5034cf7c0c2afef77bf1492,0,178
6439a03d1d313c1038251cdd,3331,d061af6ca1ce47e44f9e4ee41e7bbbe6e5a19b28c5f5ba8afc75509b44c53d78,0,179
4524303c0bbcb3ddcfa00a37,948,b2f1ed7af93f43f8318ff62eea9b0f7a450027832915a2bdf19c304d2ab2d25e,0,180
9315deac009135e78e8b0f7d,3268,fdb193827d569e93dc1d035ce3873a884d97fc7ee600b7ef2e27f7d4f599649a,0,181
bb949aced44d35c380dd47c8,1228,694e1b6a3bbce1d108b366bb8b26ca37f5893729082c28ff135665df7d3878c2,0,182
f5175714eb44c13f3405547c,5422,2c4240f90aaf92192d944a4412428eae9e3155eea37d58cf2d3de7656cae7a87,0,183
5c2392bf149c4fc746f43bf8,2451,32d5ad3458aeb628bdafab6d9106aefb12ea9caae6d75ecfa87259e4ea41db21,0,184
549f6c37176c2c6d6c48a13f,5478,d72dfee8cf259440b223b895c99d301d3d0998fe53dc87471763ec7b0f65ce98,0,185
96b1cc6c65c59f2e1b23713f,1839,055c24731dbc44be2bef25028f484b164a868d93352e34d05ae874c9513ea35d,0,186
c01e7e0f56f3bd7cb6717a64,3645,29b8c2da8180fbcf79105fad280ded574059b0fa6f93252e4f5b00601dcee3c4,0,187
82b64f5477b33867a5c5dac4,4274,1bf9ac53a91d5cd41b4345994eaaf252548db17accba1840b4308aca7a7d2d98,0,188
a0a25f5809c5c5c8e315f8ec,4334,4ea4b42e6485c29881b58a1ee70e5ff9c9b53fd2e02cf8942148ac01d3f7abbe,0,189
b0c0e0816d9f14a95960546d,1032,66bb19c8af1c2da0ec96c25dc809f11bb2f5a8bd0130b5b65dcb1000feea3d23,0,190
f7ad10e0621500a380680fc9,4409,eeb850674b5ea5a2d1095afcc7b03f04186f965a89ed2c5dd29dde95bf2ae0d1,0,191
a730805904bc58265a89c67e,1053,f2f5f57f7be96d8b5284f88d714f1dc04e4214ef5cbe30a804e520f7035acc8a,0,192
c8fbfb68b58f077d93ad56a7,5285,47624f457535d013f624f2847daf7e187960b979e700e1b90cb0010590945713,0,193
f307e0b65cbcc2d1de4aa410,1717,493e6cfe460b57174ff1e796de4b00fc3dfa01b5f04a4e7dcf353971357aae82,0,194
7c97e0aa1521c62f39a2954a,2711,0820fe2e5f2b89ca8c6ab05ce5fd72bdfa05b8e82ea647bcdcca85895badff97,0,195
c3547af3ca64b155e75d85df,3034,c87778f773fe68e68acd907a35447e3ef245bd62f0cff83a72d34a078aa2ee8d,0,196
63fc52d28e98cd02bf6a653a,4953,ec238f64d147614983d681835a3258f00249a4fe3cbde4347dff41a78fda96da,0,197
9d69d88a32c87e9e7c7a58f4,5231,22a090ab4d8099a0bdbdfe4705ff227bf0e31c185611f360ba33a0f8c7fef954,0,198
21178e7e84a65b4474a8a2a2,1531,189a20b5a9722b737cbd92aad1c6b1e349196da84c5d9a3355daa6c2d84203b4,0,199
0215fd54bbbfe1fca4a27132,1042,d3a6056fc2a14f5facdc0bfa58a5dec6dcb6154bbe4705505270b42bde12cbe2,0,200
00f6e96e9f48e3faf9310ca3,2948,b5dce4d92dab5f6f788c42fcffff1b9461d072005cc47a6fef1a5549649bfedf,0,201
f0c2aeb20be53fda601bcc6b,2269,b92fa4434dd86104c248682b101f55dbb435406d525bf14fa114887d654234d6,0,202
d6922590752e778b1a612ccf,205,c2586fc74fbcb44324269ddf46e687f7d17d9edd5dcda15dcc11a4fd7729fa8d,0,203
9af9067cd356c5f942c62688,1759,3a263fa9f450bf09ebaf20161431f277bcffbebfe754f878b237c6f41b523b1e,0,204
7666081082ec61eef7379f8f,1296,90310cfaa8b24421ce0392c818de947d6cbaea212132d72ea506dd2b2fefca5b,0,205
66b573366391f3f080b97575,1119,278241e4b8c7d43825abda64c0009b3207f8a06c383373e4c0fc9e3626691ce1,0,206
aa789e25c6f71ef2cfb26c3c,1321,97d0b39de176e443b1f6daf8fb57c97d80561a0b8b206a09a20bf345287f12d2,0,207
9aaf2972c7ff1fc4277c9f08,2851,9623e074776bc246c404ceb31340fc1709422ae2c786eab47e3c5bee1d57775f,0,208
39087c47b51ec1aba765c938,1219,ea5dff0f5cfc39093efb7c7a0ec37ede7cb5ecf8b94c172a9d8f07e907ca9088,0,209
234c8b8cd3c3bc26f5923a8d,2236,3c8edc8d62ec479087c7ac4228db2bb850186c7051ce2e8c62a7e4132cb6c254,0,210
c050ea4b567729274974ea83,3379,71ce80d8226ca36591f0087471e41232c3276cf83dfde888668bc5137d945a32,0,211
7a971ea820067c6bbe0f0403,4648,918223bd6a68e8293204cdb203b12fdd935390883f9cd872b738170b6be29427,0,212
39e7a757b50060f5fa502f6b,4499,3af725869e6ef87806761d5edf69d9bdb1c6a0b3c1c2958633b13fcba523a0a1,0,213
db4f3848d771fbadc63b5a1b,2083,6f730cd0deb958e97b904683eccc1d4a647c6929fb4a9a279323c5a16cd2954e,0,214
7b36b1166e83474607a99144,4855,e0c119b2d54952ff6bc7cc9bbf88885d2b93dc058c2131a183b83acb2b5f0deb,0,215
3f4d5cb3e6537fc7291783f0,1010,e316974cc5f89f6faaaba2dcc718480ae79799b0fd573a497dcb06a9ca587199,0,216
6ceab0782bff402b990c9555,1118,c1ed2291e138ba432cf3bc316a9b1e7d4c4052c9fa7f11a282f706f82c518f65,0,217
4aa4288a9e603ea1733b6904,2942,787b5370b0178629b64c71b863010127c02a8989f2094b50610e121f8a865373,0,218
198b1aa07a108e4a6a2a3264,5003,25208ce7f0e921ca4529830bfdae20b6c98a221c7f9363f632b7c51a9bdaab3b,0,219
956f6fca359c4c124cbcb0fa,2126,49c06d02e8f393cebb5704e815077f4e89f43522f6be600b0a9dd74353591597,0,220
62baa890939e1fa94aae865f,4400,4496b48aabbc4f347d0cb867ca3cc8944d1aab8a36693a966a24f331f8464157,0,221
6c438e9c3bf3f98dd0c47df4,3754,3b598d6a57f0491b70c62dcef833e75894c6bfa96216a7855ed293573d6057b4,0,222
661b706674bbe26effd7eb74,3088,6c75853a63c5d3dde849f14ae8a2bf9d6a323435936dac27ca44282d12d30a0b,0,223
56de0c9570a270400d78236f,3053,e9e6ce31b241db36f6bfb7346c4641335c9aa856d3800e26625e2ef1af878338,0,224
883b85fe8cf911a003b9880d,896,d4e7e5cdb719ae2a9ff48bd72740df330acaccc7d2df20b682a340ccc750e768,0,225
214c12eda93ab4db2f5def2a,3012,f88980cc91c15d229a2643ad2a74edcb3b67b9047d0586b181f42bc867bd3f81,0,226
be5e4f1d2c83afe5f7504158,655,fc84b4a51cc8d22ac91c99122ced719b668f148c4caf58c967a01ef7c366cc44,0,227
eb91b4eec8fa9170cce351c2,4469,ef944e512677994dc068d68b602c6802ffe5f687f0ee96b5e6f374db2d50d1ae,0,228
03a543c76043fca3490f5f8b,5376,1eeca176e3a337cb6db91991bc5f03e190e398ac0c2e41bc0675416eef60f733,0,229
65b42a776fad002a7be7cdf4,4405,fe4338a17fecc2a0dde841ecb98a55985794dddaa4b9860ca82b78d05a12cd36,0,230
6b12454a4ea82894887aaa63,900,55ebebdd710173efe5ca42efc34f2b8a05a69f19d482ed5f2ae57bf0d434bcc8,0,231
ca3ee126edd34fe97e0462e3,3393,90678b325d8da3f6d2065ea8ca1dcc93fe21414cd77bae5738a183fd24336654,0,232
43ce7cda39112d3487feb521,189,ee5cc864b0da8da5a0e26e90d60b205d82258f2c2eb4b642c9a93cc1528198cb,0,233
01ac548f628f41ac0971123a,2112,630e7359c1a6d971fdb2ad99d4b4b0f8f1847ddd4cfec0b0c2afc44b490868f1,0,234
b6bbba1cb7e2daebda148cdc,4118,444855229cf1c3f35a2183ad52185fd20bf894a3171bca26939fb1d04d07eb3a,0,235
442e5bbcbc40540bdfdffba4,422,6931519eea107695d19b6657373b0f5c0030c5ab995c486ddf86087b9b8dcdee,0,236
8d80279ad89ac6314777f201,2315,1ca84c5f327cb9c65b93290ca19d6b192e741f19338653872ba52b3540aa91f6,0,237
f9a0427fca98987cac9d0d5c,532,2f67bb74ff5f8b758ff21ec29ac25360cc046db9de0fe35a3e959e630d476881,0,238
c63d61391ec04e305e84bdcf,1825,9e1693f0fc576e509bbd22c99d62361e74d89ca43c9330855d045ae12c30c501,0,239
de70f4ca912d04941ceb9a43,2414,7a45991920da73220bdefad2e05c449b004efe5845551acd32d22ba81e9e786e,0,240
2df92c082bf946344b3bed50,4668,c85b77b978e8bfcd7ee7d15cd3f2e098ac130399de951b75bf3d8b52b83872bb,0,241
ff250345fb35dba1a30f147c,665,5a3c414fc5dbcbd96bd59ebe020eff3e6751592c7cdd1563301441c400560217,0,242
ee66d2d578cfbf9706bb133c,5260,6760a4fa869f9af4c116e2caecb01d65a3b22d903bd5edfbb0953fe0cd122b5c,0,243
ad19e91bf99947212131b9e2,779,1dfae9d7965d5f55dba608537e8a80552f20e6552de46a9a3ad96b29bd66ac05,0,244
66975cbf8c247b4d945dcc5f,2408,2cf2b1f9da1ec22f1b2fc4caf41227dc594c8c031dbc7ae7c26c467ae42ef1c1,0,245
6c955fa376d52ede63a03558,1260,ca56bfc068988c70b9d83d2e53f768da9cca19717858ef68f1c8ae69c886589a,0,246
ca62cfae4676c8f9ba45b207,2860,e09bca3b4daf5e70c06a5b953addcfb52b16fa52f455b4efa7788f6dd3308fd1,0,247
dde155a679bc7242d769ad62,2061,b46ec4e94ae96abf0b5eff616c03ed35a5a410fe6e8e1eec3aca32447ec65d52,0,248
6d2a0d27174c663de8987aeb,1616,dec175fa0f8094b772b2669fcb7e0c28c385e15ee5e58e514aec3e4cc46fe3a2,0,249
8e100eaa5bd9c5b6cd870b1a,5056,f71414b70774b7182a0f74727ceeed143f6421edb568de2e521fae9e8b6808c4,0,250
a7f3e8699c43944c82ac862c,5354,d5fc00d213d1d3c0104eeb840ba3fb6521e6223c71b6289db445d765cbea104e,0,251
4ff6684679c843f245de8896,4587,3f4778ac28496680613c04b8bdab7cbf8c0279fd52701c6c40ac8fec2ee9f091,0,252
3f21a004d15bea3623c78530,4041,c043ab1cbae950d0ddbe89255634d9fba3f47761c301d9b182f781bb53e410a6,0,253
77a4e01dd2c172f9cadfe0dc,2262,c9c283c2790ec32a2733d7bc400b5645af25ab63b835e36aae5e2201e1d38b98,0,254
ad75c9be8d42a2fc39c8ffe0,3466,e98921ff11eaf194c1039eae729249ecdbf55c68c3c57845e0de37ea5732fabb,0,255
2b32a3613479260c31f3b4fa,4296,bea23c4c1017163c7f1a394ab568f8ee549e65338dbd566012bbbbf57edf5b77,0,256
9ea7cf18321bbcfecc47e8d7,5420,c888d232c6a97cc4eb6919fcf15210ea068e3ea044e61fac27ed7b6978f9f571,0,257
99c0efd232ea15b5c03fee76,1705,ec6b471fa86ebd5d0d0dd0b8dcb25ca689c55a6af7ce8db84df7ec38410746d3,0,258
071bc65efb185a7941afcf29,5234,a4365a53271ecd21f3178875388797e5c21ff5eef532c37f1f669f2d921f69d8,0,259
3000a38302792dc9ac7ab1dd,3252,7094b03956f196eb357dba91f602c4b9cebaa74db1dd84aeb550c49118dcb89a,0,260
287045782ea560b66f1299e1,3347,0456980dff1a7bcfead1cf22492b201873f9b76596605c7220e12a14326a1ec6,0,261
c0f926ca1dbf236edc2b3a5f,3866,300e239534ba26e75ee1f427e047f8f68ad680b941b906581c1567a46f0bcb7b,0,262
3b6086edee7be9c11f3bacc2,3280,18170d0403bd63f3e583b4f88c8bccdcdc39846f2ffda7faefce2c51d05c4c09,0,263
71ef1fd2f4158ee118ea9e98,5290,45068edd69b472b7fefbd4a63001c6814210752d866da2d3975081a87aee743c,0,264
dc38cb213e98001e29ea5ded,2194,9ab5126049d33fd3873fc0e30cab70ad20ce3ff8ec68d28250dcb182f6628102,0,265
d5e11269f1816df70ddb8962,1251,ac86a89b4284bf77ac34ef4748bf6368a1c6c05fc186ce9f30ed6432e4ac5b70,0,266
b30b9b38674758d27e5b8ab6,4843,55c28f482f7fefc8fb64b3018b0ae2689b866a928fd775275d0048fe8b565873,0,267
3fb6fbd2e7da1417de11b022,1642,a5bf007f18a5d1a643a17f12ada951bbb258dca216c404276876320af4a38c34,0,268
27270262d31591224687a40b,4755,5de6f313b83fc3138c8cbe3d2393b8e97c0e903490c0898d64973d6d25e9b68f,0,269
ec6eb531d374b638ac7db21e,380,d914b466a0381f2da1328d13ff62a924770c6e4cecbba920f876db15fc3354de,0,270
b92f3074f2686888efab15dc,5040,89a628789ab8876e438f6aebc4a75320b499acf130d8e9dd6142bc2738591167,0,271
cd54744679ad07b871639f04,3702,8d4e69bd0fde2fb7ff9a9855296189d36e7aec5077f7deaf0d1de7776cd794ae,0,272
b15d75a706b5061e54993b8b,215,883f5f958b16fd1d0b7a5e7e752a1145fa9bb05c6573439f1fa52d6174e095dd,0,273
5e42e42654e47d10d3c7654b,3721,9e036bb2fa348e8e49995d0fb044ae08478b31b776156c1c1e0d181c74e0a120,0,274
cfb40b5143e9d1460d37a6ef,1263,6dd2091c8b9e40f3c306797e1794afc55e4ce0ccb44edd5d5348f2d057c5bb39,0,275
955597803284008dd57d571a,3787,9216ec52a3a4348f4166faffff468ae617c6ee1cea2b7ede653b30722e859857,0,276
781967813d2aaee857a4f48d,244,733c3ead91b6f53c80d6076e69efff1177d59b9bc77bb0b2437c6cd83b186b53,0,277
f87d3d81275de950bbbc2c3a,5364,3bd648602ae0d0d49f4ce1500ee994ae9b9f292ff3d66c25157ee2c823812caf,0,278
c29fca9eb8fba576f3e07a57,557,77dec9e7a05b95ea49cfe59f8bf1c33ab248bb75dad45afa61ae5839b12a6be1,0,279
50a0665542cd0d96f9010838,3223,6ae72edb126763c388b0dbf876c321e28dbb2f131948aa5a1133787795296eb6,0,280
86b84b9427f0e29159a6cfa0,3836,22ba77a1157ddbb843f515157eed4f61c3384e845f0c203549378c0bcc97cfc3,0,281
0b7e428bc648c10eb164ca65,3196,e664b5fe206b6320b70373f64cd80ae3d2695d16781a750f24ab9477d8f62a26,0,282
d415325de007720d98fe371d,4602,8ff94d3087aa4c40a2b25d4741592f1a2a2eb3ea3e3e9e5d3fba4e2488779573,0,283
bf4c9071d61b0df9cf84a874,3318,2a0bc6004cf0f36d168e98d6e0e2a9fb7709f045df5c8b541f3049525b6a526d,0,284
157903777c3f024a879f8b83,4809,295f087b7678f52db95c9e7966ba4e815829f771c5282286507277c6108e6f58,0,285
ea4d19468195c529aea4c787,3172,9a6ff0335f7c8b8b46ea5d4ab5f5e4bc6a3e632a0ec923b52fea01ef6f70dfb5,0,286
6f24eedb4b4360fe35bc9a77,5010,d482ee288e1da91c3bfc56e2d43b7852368a7a2db98abc7dd0c4a6275b86253b,0,287
eb4aedae7c9c3a268b067b5e,1097,5aa728d29b42fbffbab31fc794fe635a7e9985b03a5e0c0e6050029c9d9cf8ea,0,288
32eea931b1c5535f74c2e953,827,743fa66d572d284fd9894c5c5b219183e18ee9a8cddfbe32eff87735b9b241fa,0,289
e938157f865221790400cd22,700,9de805391c2cc3fec9a70070d360242699532b246742b8644c316a8e7d5f7455,0,290
40d7df6d3b0131e2cf5d5f77,2372,396ae925102754182e69a04a8f77369a7e3d2210b1bc3f77feb8f6c9bbd76832,0,291
931fe07f4796be635ebdece9,421,5c0a065dc70af3a3f31c1fb45e35704831a4faabdf6af063264b65e62c569635,0,292
70d2620a627955921e669321,908,434ac01fc8395c024062cda42d247d2c39263d93a8bf99ebbd15aa82ba512772,0,293
7a488b05ea59a9576962d828,3455,9b446fb5d85d0f0294cd0716ad59bca122900d0f5f3007daa2b51885c3496f80,0,294
644df5e6689f990cb8fcd9da,494,7c1ebb2dae4e76929e8bd869677fa4a920938c9490eb9ddfe73ecb1157e37718,0,295
339c77e134ee6fc89e40025f,1454,c5a572f0e05688474ce836c44fc014a6b39826c8795c6ae66cb66079ddcf7522,0,296
28ca9dcf8322d3a312da007d,798,2999b986499096788eab06e58c9f46751421baeb49351b7e9a51a42794cc843d,0,297
f152b7cd3669495fc3fdf296,1628,06fb7a3c69ea007801aa6be477ca6043f5472aef7c65af0edf935474cb07d840,0,298
a522c84ecf67b7274954539a,3624,c746fc217d2194bad56325e2ac39eb6b44de6208d7a6971a25d595c18e8912ff,0,299
ccd887013f25764f6044c6cf,5150,6fb37abd1ad7c3ebbc6ba211593ab86a97d9bf31aba8f1ecda913a67be209482,0,300
136bf3d3cf012c00cf578e4e,1821,6b0f67388860d62191d5cdd5dfb26a7e39158042022cc08d77ce354c42211400,0,301
8034586730546f88b1627b37,1701,e2207ba0e1f117e254a9ef82bebb5ce1135d7ce7862944e2929aedf4fd001698,0,302
dcfaccd5fff5ddd1bc899771,2271,9d526d57ab4e3766a4e8e9ab44c460ca058672f5f6eb97e27f8ebf864031dd9e,0,303
ef710aaeb69026e4f327a42d,1896,85f159640d812ce05e584f7384417de5aef4a88d53e8d9bb15a13d75ea5cbd2f,0,304
ddb0f188cea4c6e73dc7fb2f,4219,a43d972d200788ca40af8438dd46cfe5e528b12ee9e4f2c5ebf0836372753c7a,0,305
15fda938caec2aac5f63629d,1554,5a60eab1a134ed77c1f7eb8b12a812796d9df5198f3aed50f5472f2ade044a44,0,306
09beb1a6cb79bb4d298790e2,5146,910902f44e61171828ec84ff6ad39aef42f5e9400a62b12280f9786bbba79557,0,307
9f8602fb5f8147cc5d667fe7,2150,83dba6fcdb9d5b30059111bdb1e48a1d090a382f1efa7170ce903310fc1d0023,0,308
9491d0cc78fd4af89167f173,2660,bf259533302e515d6fd780db717b628c972e8c8da283b62e7bbd3d1de47c007e,0,309
6edfbc67da7b7d408b31b07f,275,86eb0da09492b50112f8322c93c600c5c1f5c57e0e9963b228b30a1c8bbcdf48,0,310
b81bcf02e4fbe44ff4f50f1b,5269,bf2351dfc0025a8c64610f1aa6fba6a0dda370ddc1ea984f4a3f4e22874965e0,0,311
2d09c2e39bdf89d576ceac51,1791,2614b63c8733ed68e96c65be9b6f8fbc815326b36d894fa6e74d0a3e43cb3364,0,312
5851a4a2a997d1497413c011,5009,adc961a220988673c430e2ceaa394d4855d9dd36b2a03f3a337ddad7a10524be,0,313
d2a0871aeba882ae8006c43f,2455,a5559ca6f1380cf0648de8ddbb3df25536cd0c939e046c0fad6e672529ed81c5,0,314
f9a49a6049da042c953ac582,2634,b4ec5e4b5bb722fed92534da63f34fcd6e447c6e64071671c8772465a5ac2003,0,315
f793e1605eb95ad1a9fb54bf,4357,29276aa8d7c1650a6f5aca413c0fdf1ea411c163505d8261fdcc5b940de005f6,0,316
bb76d39ab621ffbe35225e88,3213,b28f40206241103016eb4909b6ca62bb4d7ecc2389facbdb5264e548b00c6166,0,317
78a3270dee52b026cc06f504,2498,023a8e82300de806f2e79661ef7cf55d12510a14c13fbe41aed363aa8ab4e458,0,318
c884c334e869d3c213f8b93b,2391,9bbfd48500b4decc09af86f78e9cb13b46c95f246c97e8e75ba46ef78365d890,0,319
fd36058681392c818ce2fff8,4090,57cbef0ee97fa2dc77d7c595ba4ab64e62dc5e56c0cf3bcdeda0da0a93a08742,0,320
a1b076473dc9bec8b34c9de4,285,18dfa6929b002d4ac5b0aa0a0770dd414259c08982382650d031759170d6c83f,0,321
d7f4f7121740022aa31de9bd,1409,04c53eb454fc8a6e7f82c093cd1cac341a869e160dc3fd036641aba68df82e79,0,322
cf900224bf432b0f56bbd66a,4387,ce2b30e2118c2132d4fe60cdc91e3967390a7059a8d31676a7ef671c3028872f,0,323
ae01bf079f821c88c67b4b39,3041,746d262efd027fcaa198a525704f3eef61a3b3edcd0a8b3eea46e31e0c395f9b,0,324
8d0e8bf18dd14886e4c4102e,4727,6743625840aa0d0b0f74813bdec3e5b49aba68f578781f355252bcc8ba91e61c,0,325
3240200bfcb7f28244f3ac3b,1934,31e0b7ecc57403c444e889716f3765534451277621167e0fb93ba3ce01d9aad6,0,326
633684c5df0a9e8bab83c0c3,2678,31a748365bf3331fc6606e2af7b53a26e82db47744c977ecf8d2c59e143dc0de,0,327
c1dfaa6ea855add9b94690b6,599,67ef8e0abde71750ef8b1f18fc60d4ae7ab24fea755d2ab5fda4bc9c92a31dc7,0,328
b30ca7166cb831db116a2f15,1099,160c3563de5c47d316f389d07a23759c70bc98fb0d64a7ce1054bb8ca5e56ee3,0,329
e8adf38b0b83335971d38bfa,4876,411c678a21e917194a823094d3ee0519fc44803663b98871ee85c6e27fa61e1b,0,330
aeb0106026f1b6b40d5967f6,3228,0be329f6a6ceafdc81cee462194750d11eefad0a91a2f38c83f79b52167ffad9,0,331
2db2ba1ea488cf4c4f1a2ed7,2900,577af53d5aa9995a6cf6b799348a1ae54cf799bb4fde33bb034ef9a23bdbeb1c,0,332
e9bbd5afd4f22013f50a994d,5015,34d5dfe9e5cbc7b27f3d8a6b2b70b8adbb10e06eb75c026a1cd257fc24bf831a,0,333
5269fd5a7c15aea5a1fc2540,4458,2c04301ef6c23a936ca9b49dd88fcf0f9a9ae43535e99a68c43dfd0f26de87ea,0,334
e06225bc7b9f86011c7d19e2,725,96a483369aba4b82fec0b2e6d9a00a7d54fcb8b963360e9fa6a0344ad8897f3a,0,335
9fa3a71b1ccef5eab1fc8503,1600,7e15d83228aa130fa8d67546eb6da7ed28d7930ca15f1d297db6afd19ffb8568,0,336
a48966a6dd414f7aa2be075f,4498,98cca8501aa9c9315521d5e71f63dfd9a3f98061a7939520122a877fc293129c,0,337
6d3da5ea2fc66063c44c4676,2519,c5a8fe6e4ad93fd922acb7ca284c29b4d306629dcc7d03d5c93fb5e3c34dbba7,0,338
c2426e6c56f25de4c68708c5,3039,be0a4f13c12a1f20c3241978b00b17195a5e79cf635be115677511eae97077b2,0,339
8c59c4a55478732b041f9c92,1396,c4cf8492cd363bda4f68d612a19d0d6580445a972f229d7227ef5530df8dd46c,0,340
5aa3231b63a28817e67accbf,3573,5ad5bab2d0cf47ae89d3d4d3a9770f0c83c43101b57c6327ea8959d25b8a054d,0,341
adf325d0173d9263d495beae,2792,f814ab6644b5d0d56879c8e0551bcf0b37a63c5fd33683ddf7cc4db3a8225814,0,342
ac175ccf64fd6c630d9bb25d,5098,f6189f30b78577569ad8e57e8caee280f422b4a428686abba572aa9096ef01ad,0,343
4b25e07a049c89b5fa40439f,2925,781726a8aaac432c6b22945600605f3846df1d60b7db6743fa4c02834590f469,0,344
89eebee16341d657248c39e1,268,80704ac9b31e902125c92402c1a22e6b83a8fb7578494066fc969ca3bbfe5ee8,0,345
51edd1901cb83e4a30e4db37,965,1e6f378412d8764dd06c5fe472b29faa5f793208d3699f6676e86f53b99c4f93,0,346
fce0554f21ccd5d30f893372,96,71dac8a8e7bd1ce8727d939e82602191c8e38427059363407905f3d47552f475,0,347
fbfde82d93dd568a78e3ff82,2076,e5b30b51e0edbb1df798962209b12ea5292d13bbd7f297a15996f6b81e44aa3f,0,348
1d21f80e15c1fc8993653aa5,3973,1fa17f3dee77737e1cf2423eb00a9ce0ffe6c29d2e866fa1abe3a8b1b6ae64cc,0,349
6221d0ec1a89647817712519,3457,b72a3582e85b3aff8865781019169541a4782b3ecae3f62f7fc4588a81a5a6f0,0,350
0b4ff79f848f52952cac6237,4238,e8c6ca1ce1afa9d93cd9584b4463f49baa5f6f53fb51fed0674328971a7c851f,0,351
cedca0f27bd480c9bfa0a1f5,4011,7a37fc499711d69cb51a9c623f53f1a5e50e1fe7c969b2c10da4d30dccaefd20,0,352
8245c7b19e63a37ee775835e,5453,65ad2593ecf16823e6c426b5ba6d44763e8d18085d244c41e67acd2cf01f53ed,0,353
d96c9e502a6e5d8596f01289,1814,5491d60b3451d99968a247797cc0147db35abc1430700d1ef1d188b46a01b755,0,354
62231adfb155e532df5b9c1e,1480,474d582488f8b1aeaef9b120aa7c1505f3b2f045ae4d8e62a1d40d477f93403d,0,355
0a4df7ec925fac49d3e81e72,3601,f7c90900ac03b1d395bfa1a0a1a815c0b70b47efa13ee75154406a48616fc7e5,0,356
111d4d4946c189987f0fdeaf,3418,7e49fd3d7c0a65d91e7b8992d0c6109f87fcb90b3bdfeb289cb2ed6c1728708b,0,357
a93e4260076cda91fd8b4baf,2869,0564f523ac320fbe260a44616069cebcf1bc0b5301b389777639fb750d462802,0,358
527cd55717aaab450df1ef2a,3692,e84c0c9e99a78bb7649531ff3b1d46f7821ee86e3e833dcf45833e480b353a58,0,359
56e8d33e185620ab7f54bb81,2280,dea412da8f1e3caed1c648cd6fc81dc51e27aa138e277c4767fbeac829b8ef49,0,360
04460a62574570b1ec30e560,3725,1fdb8cb5a67b27cb8e730269140c4c7813bd5f092bc3d27398bb28c7a4cbd7c2,0,361
8db14c6b2683a5176e491463,328,6e34ca2474e780f16e811a1749abdc80512354b26bb24601c29686270f1da106,0,362
676d63edbe2327b03ee9f456,2818,8752187a11e987cefc42cf6e54293ffdfaa7d97771131e8666dec0a4393ecbee,0,363
24878bc340bb3b7cfde31f06,2476,9af7f54605c9afb261a93d6fef5805ac4fb011abc7edd167a07d17c799334938,0,364
a46dbc392e8426a295a08428,3462,57ed202a31dbaba30fbe0913c865b7ae3b940b603209d54106e728804cf5ad47,0,365
d7b4e741338e9d933ebc7157,1317,788f6ff7bcc0101fe8e1986b6955f725518961594cce842c013a3fa6e293231f,0,366
586d112c3dee95f3ba59e238,1998,50176c900a921932b91801175df02911e5a410b3b8dd4c5140887983e1976150,0,367
029c242534fbe61600faca33,5414,ca657ce295645e727eeee21a9db1cdbe64d7d25bb75fe15578ac4f6468210a74,0,368
8cdfbc07bc9f75224b083eb5,1077,bea4ebda5b5ae3999f858082d896d3bbe9ebaa41f0e4784cd9d53680152fa8bf,0,369
edf79c95ab409026e574d1cd,3081,973f82c5944445e268e21ea0dad30d240416f203cdea8b11279e8e92bae9bbc8,0,370
4556b791e9c40f73728babc1,17,41dfe1ebddf5ef053647fb457bce1c05b6f03610a834a78744d8f419dfc63b27,0,371
5a7225b779c99bde85903604,2389,bf5a01ca5b16636f5b1f8820604cddbbe897cd6bb07ae5cde764d182ee90dfe5,0,372
ccb565e0ff696a94a7ace98b,4463,a6b351c96ff3dcc7e0965f32e3f7b6bda8f42d8e2a486facaf0dff21c472252f,0,373
11eb3f291725ba8a2fac2dc7,2463,a8f47676ca78976896d54e76507b03e315f2518807ae271cde7e7b662ff6e5dc,0,374
96737345176c27fa2805a065,528,fc716902906c69201ae8777a1f458434401869c82a8db84ca012112eb374625e,0,375
a6a3d00df31e281ade72ef63,126,626f9d19c1162859d418d8ba6b41612031db3ac1ca18623d0845e01f3f077b25,0,376
405aa467f425b222f243291a,2196,21ae021e47595d6a52e405bc54d35f73b1b74214115bb0a6a9f2c04406d3cdd7,0,377
0f951f926de2881d098df24f,768,7209e21b710e49a64e1be81031dc31234f294837bb7c5f8ea6b601a700fc5094,0,378
dba369e8f177368962db3ae5,5306,498a2877495f202fcb72b78eddc8808a3a95f21bb959c09f44c89df1f48e7590,0,379
60297f50d4bca509bc70b1ca,2729,47af286c827bb903d269f724553d1a7dbbc23fd83912170cc87037e40bfb3f1c,0,380
039d537d6618efc8b5f2ef17,4177,696b96c83f264e9d46af35f6dd8ebf5accea16ca994e7fe17f4db3204fc893a0,0,381
4c2dbee2737239e8550b070a,4851,19c3d44e021c0ef23173ae1baac8919318a692b53486b4d6535425dfa1a51b26,0,382
646102055d1431a0696780d7,1816,b5e48fd34d28550c83c8289d15826a69cffb5e394d2b34f6304cdd049b0ef7d2,0,383
86f9f5f9d1f7bde45bcb853e,3634,a5881f59967a2fb39d698a5ada1575bbde9a0dae8ae32e85eba7fefd9f2d6c48,0,384
cdcc836ea9a86a95bca1c082,1407,7003b9589d8ea62525b8797c96b41861eb68bf401c203a4e61aa36e6ed316829,0,385
447913d66e9b92e60b0a9880,3206,a699ebee6d1b5e9428c73d2d57d608d91b1b283ce0aa0c290a87629974395621,0,386
7132b2934e2f38f6933817f7,4783,9a2075ee7cbaf4a6664619c1772bcaa52485c25e8d2a532d7ea73aab024b743c,0,387
26fc3df662d3e3496eb3e985,3724,f5797d3310b4715ef6026a338416662bc4d72120a530bdca75ce76d118890301,0,388
6a91c6e5a743f98f28b624b2,1846,ef2190614106b0bc53ee54629d1608ba30130e5c0cc46ca0bf01dc427945d9c2,0,389
37ead14cd39219839e1cceda,5432,11eb43b4396e81a19ef8f611cf9088a08918fb08cc38634e4f20f8d49206881e,0,390
1eec9df89339aab613350f7c,977,9cc669e8a3e10e0423b39ce483773f4d7cae6b0ffdd468a9b3bff508a58435e7,0,391
f9c7a5a74f4cdd73125625fa,1100,f88b80275bd82d95f0232f72ecc9f44230f965766d82c35991a05b9c7b3562c5,0,392
a9ad75946783f14086345b18,3690,0e71b6a3ba3a283f15899136bf675609e1f088840d23bee1edd53b4b24ed986e,0,393
d4778b3e3b86266c97707c9c,2454,d7735391111c2daec45147a745edff894de34462f67f3aae8eb369cdb8bd794e,0,394
8a6ddd658e042c4f9f245858,5326,f0eb49569c19405dbfcb5444b55878c690574c682ebca6c91346ba5b2adaa3ec,0,395
5979738321624da90d1234a1,4017,b2035a1abac6cb19e17b243056db51bc416aa92e044c6f1bfca1b63948012e73,0,396
2c800bbae137aa76da921c06,3334,777c1c261896723a0b8695c4d771828f2ad047d536f96d9afa508984910f4316,0,397
86120c60fcf30def639ce36a,5108,706693690274c95ae283e87b77713a794884108fc704543de9fbcd3ac40d1fa6,0,398
9ffe12b34f6fde573721cbb5,5060,ca81af73e1be8405d26c8d5a30e557a57bb079a19d72d9559e3aae146fac650c,0,399
4f5178827f813363afa1a908,2333,58e9a8f700435f99f78972911e39c9ebf700e6e7fb5ea414700873a3ff916b50,0,400
ae300eeabb73ee4cbfbbdd65,4911,ef116d885f838efc51906e232cf8c4105741f02e5bb419b1a733836023209f23,0,401
15cd51bf7045c393fdf2c230,1789,c7690ee076ebef4beda5222339eed70b849232ba9f40a053bf8b55001c0888c6,0,402
d7893e6cd8cd6be211ade02a,252,130ae9e7b410a33ff2933ef1ce7926a01824ede5c43f537334b3070fcaeb1ce5,0,403
90a572b4a7fe13e40fd9060d,5191,c91ee083d828e8b32a82745610529b2872ce2dad4668efec84cafa6c303ca5e5,0,404
94b8d891f6eee3250ec86622,3753,bb7a36396b4d687e65115ddf98eb1f881db3e8078e4aca75cbb9f105d130b006,0,405
b93eae971484760654444262,569,2437107875d0a2dfc90e73e58bbc3f4427a0243c13bb4a8c6beaf7b4e7e6a085,0,406
9d8ff38335e3001a4a00872d,4164,b9e77c30f46205b02fb41e7d8915694aade92c42386c999a882b7dc36854a42d,0,407
ac433de89f8c8066d3ba071c,2205,4141cd00c5c9c2a63e668565e1d35a22ac90bf0bc5d1a9d542d6c7fa6c0a34e8,0,408
4b96a9a01a037c7f35413c65,2697,9e2d09165002c3065f6defb648ddb299819c1ee73d1d24a9d936ce61b6ee71d5,0,409
7424b18ed65763ba9b9a0698,5257,0dd6df3fd91180f2f82505791aee9e41233f95ba64be62fa2a6cb70f3b19de9f,0,410
c20b8716d7b8ce760b83127e,3202,ee45c77f162fcf47aff23dd092d2bda3859b60991390503cf7201adc7ae5573f,0,411
c935ca3e2eabbf3278bb3875,2402,51c008b5fa9e1211522e326525384dce00ba065891e0f85840ccb1382ab675d0,0,412
64075cbdc37c13bd5210df33,3435,c4478fbc23fd78cf481bb62dae027a27a69def5423fae90194e20076e36a4f90,0,413
25dd647f89b9f51009f54763,5083,dc258788a59d70a0640a129766d3fb8db1b3d70f12e4819be95a88bd67242add,0,414
81c6d3c145d3ba8a41db37d5,3376,dfa01eea5daf6939eb5c7bedad83546249319497c610681ee2ef77532538c92e,0,415
4533fe92af94873a52657106,3116,5db4430518c299a247163206933e593b44204d9af2efd0e1475bd6e82ec6f62c,0,416
7f813d279c59865dce483f7b,4805,6f3c5c3b0f4807d3200d5c2fb24d6045462e478d990705af702f3255f834afb4,0,417
3452d4f7855275cac44810c7,3290,c724535e54ab4e51124a0c6ae25b7d76c539055c689622e3999c60b059aee774,0,418
bc65b59a749c98789a4b2889,4645,753fd5bf450e2824a797acf2d16001329e5a0ee260c19a76c7ca053bfbb5b148,0,419
5b8120d9120c26d371f073cf,1181,77ef1d9023f0b04c907be5beec8d05b4a40ca6821614f6da04486bc5eb346414,0,420
800e6a6f3dc17b63f0fdd304,331,908a35e419e1884f12ad5304925f03b9fb38ab6632d38c7ed236cedf853102bb,0,421
d4c56c2b3360c482db1c7c88,1883,cc9c9ab8b59e353cda56c77d319ffacd9e65f84f8ab29c423a2597205cf1bda7,0,422
0097bf54358eb0eeff2dc99a,3343,98fea523f2f960373b0b5f660c440ba0a2f612d8aede21f5151af8dbc8d4d443,0,423
3b80c47887bfb428e66a73a7,1509,e5bfaab2a69846a85d86d04c844ad2ad5ba0aa37110c5334a8298d9579fad425,0,424
165a4b6505dd36763c94945d,1431,e61fe8c8491673caedb92807e11c29e746b90892d6c548bd0cd35e59f18a7211,0,425
2515b7802b01db9265510087,2450,2750954d28b23447f39f9d29a0cf3c9c5e99f90ff8bb59e979d3a618f4450dfa,0,426
45676e0534bf2c5872a1669f,3592,19164a4d1863e8efe2e54fd687ca1007fc1ed2c4a61f2570850337f6a6499a4b,0,427
21dd6f59352dc1ec57c8176a,4641,1013bb442ae7a9f02b220db27b55426f3528c514d9c3eef408e8f1b8d37c7cc1,0,428
93793e967d7d8567a6d16899,2786,f08d4e13be35bc3efe0ee9ee25a0d7c31d4d533ff0b85f4fcaafd9a855fde445,0,429
4311bc858a9588157db9417a,1052,7f4a423f04fd8c242736457c48c5f9f4c6558df13601703cfe92853fea921d16,0,430
975e4753bcada602e81bc1e5,2428,af5b680ba1cbd7b0aea5ea6812b7e9a6045b2bacbfcb3312909418f0653b4d47,0,431
ce29a149e0072b40a10d622c,3382,85d243bb3236057817ad40bb0a99000597a9dc09709b5bcff40dd40bffb4b1c6,0,432
80d01539ee0bd261dc1988b3,3848,b90afe30a994de7fe4a38024e11d7cd312bce666e9150e175a15715b93c28d40,0,433
b029f620de2c33658e8cfc0f,1433,5718fcfd0d9278093aaa055445562ad05205454d98c26ea5567916355dd938d6,0,434
7a5b93ef996befdf4f03aee1,2999,33c7388d432e0d56a2052ebc0daeb7c8e16895319113942f6e85e3184125426e,0,435
650f767d9df0c31d86291419,811,34ccc840a160052bc9ba93d88523bc569cfbed07aeb364761e831a949339e6c8,0,436
29bddc909b51f65b2489432b,5256,0d2be5e20d42a5599e3c5c67907a0d3ff04570904de9cb131dd2df3a8f8e461b,0,437
712e4cf501822543d77d446c,229,4a1f7d3a7e8cb79b52b40c2ff6d499ad7dea82950bed8885f4ac4e606d61208c,0,438
2ea1c857d43174b15561fb17,855,a765a58d0fd53f803fb363b1db49df3178158da5079f35c6f897321a93a84152,0,439
f7237da231a5c8260f072521,2670,69e6c389fd6d0d66245bc4c71ac6f8c3d42354ea0f45986fe712fe0752c1b832,0,440
624b57c376ab7d2458116a13,1449,910fbda27736a3adb4d04d12214fbdd625006f5b2186b2fd320c418d949f7519,0,441
11ff10fb9d8f7ffddcb33b9f,1356,8d866ed61b8fa9c247e73fbcbe3d4474b110b4134d5fce18ca885f6a59b4b3ca,0,442
e6763179781a0bed213b7a85,4324,8d99c8d57da61c16743facae8c1a1fdf19d8af4ca34da609187cea5269b9d424,0,443
19580160407487583db595d2,5176,a2c82d14fd36d4a8eb725b7fc5f30847e6dd99e25baf87df6a771b1d95371fd6,0,444
947000a99011a828c86aa70b,2743,9137e0432dd7e60b965c37c07ce47e05411b0e11fdf7b48877dd9a171af25c1b,0,445
b1b31697fc8f1738bd3a9d21,2740,0901f3eed2cdc45632d407bb2d6ba4aefcba3948b5c168a6b1b5b5556812751c,0,446
18d8042a477970df6e8e7d33,4519,f4897f288a2cb067cd08d5e8a701f8900a2bc2f4d541a87734a50cc6eb276524,0,447
143eb06ada6b651197dc664e,1292,10e87880589e8b71429604dcfb87cbfdb4b16bb3ab77f04f0d320f97290684e5,0,448
4f4b61adad4de110b03f8774,5082,69970bbf8077bd3bf3e79ef29428d06e62fef15bd46e6596a621820cea566d75,0,449
b196c9b025522afd48f9d301,4421,41150c315cd45a7fdb1d43f0d573001fc2bac1e5b087abcfd136630dfcfc8f6d,0,450
454270f75be4107efcc08a80,2051,945652c95d57fd0877a300fd8e3726cc540e7d1196dd401e1d0113f9abc2a4d0,0,451
d0845eec37e640ba47c5a213,5418,30efc9fcf9ee0fadbd03994515c34b578e1b193905208d9791537d8456d5801a,0,452
7ad857b213415a2cf3f654f0,1153,a3a29c1ae54be4e3a5fb01edf51ba0f9dc624b1281e318cd4929b958ed26f2c0,0,453
1f0482340abaa02b164113c6,4556,59a7a774accf106ac2318d95095831768ce57829f46923ebe4838105e085bc30,0,454
ce53b3d77705d3f2ccc0115b,315,519e0439b180d7085329ea3d827f9930f7bc6a250917b3a53ab805eac5590fc2,0,455
e412dc05abfa4af6139411fd,262,fe7f0ee605ad2ba323b55e7e70c0cee1937f0182f81c24d671a7baac4bd6bd30,0,456
2bafe3419425293e7070cdc3,5215,47ba633d6bb218a2958c07fddcb1b38815a9ca8245ccd73c769c8d6fdeb53080,0,457
7933024b2112f64e97da4f3b,790,608f96e1db748b149770857522522549a6d3572c1541b3f2c05ec93de42b2839,0,458
dd54ad591403e1fbcbcc3810,527,7c28b62e41f581ca0583d45c197940e08b0ec3a9d77d4c968aa70acc899fc064,0,459
44d869a629b4084c4f0ab4b9,4738,d10dfc0d1618ae586ba9c5f82d2adceb99a81654ccb6f4a99d0803d6fe6be0af,0,460
97eff40d1abdc598add88f9b,729,3e25371f29e74db950d9cafc78f8d4bb0ba6ae611bfe8f73248bac82bc168256,0,461
f46ce89b6487fc71172d8428,4269,66913cedd35c7f8e1813b1e13fe1f0fc9e50cd7c09399f4ebb42832e26e1d3ef,0,462
547be54e0cd81c3d6ce65665,3118,8001af097e85b4f2ac5f7e0544a275c11598201c4eea71733f7546e64ef64c7d,0,463
c850c7c01b465e25127891e7,645,87baf6747e0da1a83abb1967d00e722a65970bb7ba34dffa31c1603d36db5a9a,0,464
339ce65dbaf79f70a8773ebf,3436,3de83d92e8819820156f39a4e56d2fcfb81ae4c51faae5fff89509fe5085b561,0,465
f700f93884a7049b1ce1df04,3985,e8319249267b1ac91addce07b65544e6c8df3619dc6ecdb804dcd35b2f6a0bc1,0,466
15d16d2decb9e5c7e7f71a61,1350,713e38eaa1fef216a58dc13d27b24a21c9abd0e8c63a3620239e6d6b0a86beb2,0,467
fb79a2a3fbfd978ae6c2cb86,4867,65441d0401514c92495efcb6ca8d2dff8274276bb5cc6f34229971b68612b772,0,468
02f37a346153a7ee5f27d1a6,4895,b9d980c2d8e6ff013022ef6efaebe6e60b79cb8becebdc30818c8d10ac1da075,0,469
fc0b738f27655ac53c195961,1665,a0d25c6b596fc7c177683367ef99b567b57624de06f7cab51ebb9cceadf915e2,0,470
a7e2703354bd08ccd9841228,3070,2711e34e6fdf739dada3491e9c13d4f5fe7ca69d5cc7816098da607eb1e705e5,0,471
1bde873a5d0ff0a6d0b43db2,1746,2786ec9a5d2c5ef6bb4b0b34aad091e88d277a531bbb2da1eb3eced5c4505062,0,472
1df50142ba80e0897ea0b3d7,2772,404838927eb7ed7762b66ab9ecbdd3ab94a8112c0c4c9da9030d5ce7d0cb8fa3,0,473
2a9188e128fa7505befdfa70,5259,c28e0c7fd839469830a632382799bab4aa33ef973cd2e29e493d2351404daa17,0,474
f7a5350151804897d81e7879,712,1d24493aab4ebaa8f7d4878930a307c35c3fea22467e1257927bf7dfcb5b3180,0,475
4a7bd50c9cd74c871c338c51,3448,411d79969b03e9510c4f43e7648ee681059d0fba8cf1419dcbb198c8b9397ff8,0,476
82016c8b4ef7fc52f0cc17f0,2790,ba1432f0661eedce700654b7115a1075352487b5f59b755b15996e943ac15cf3,0,477
c0018e342a32b7bfd7e328f6,575,6bb4b50ac649a3ef7852c4d12308ff41ae1444a4b764d5e588db41f1ac070bb9,0,478
00bd7dbf7d48ae9c35711480,4441,67e9d737c1071b8ead6fe3e6d6334d8fd7d9cde489e12552983a2f04022de025,0,479
e87a1d50a7eaf66677e5ea95,5023,ef342c9650fdd4cf34e8bbb977ff68cf366250d522fd240224be85eb077c7b74,0,480
796071183e973f560aeaf93a,1686,c749fba8d090f084d9348f692e9632ace91672add7e341a432fdcf670a4d47ae,0,481
e14e99c06a8bf665f7d17c3e,2227,76d1a892a718afe8c9803d50bae5a05589b1f06b214beff3b6e43832bd0f7006,0,482
cdd5a05188486d53c8bed471,721,935e496faa24fc92f40e3ba0973a9b0c06755221fb64613eb73591db01c5352f,0,483
e8dbc9e7caead3c55ea88237,2675,7836549687e6e195133f776998bd2f62481e559429554525b670681984897c04,0,484
cca31237f171d34c179ca75e,4708,b1801602802bd1b38e578a9fe898741571b320216bf10effaef08fd1c098bc4f,0,485
1528fb3dd8999a8f3294185c,654,808664cf56fe38d24fdf5baa057ece129315be3cd1d85e390c1f14dfe318d97d,0,486
a6568bf49858d37ab61ec7d9,5188,ea4c62c76a9420506ccc43e60589679db5b4ecfec573fc74d071ea84bf6e0108,0,487
dd903309fd8ad4d7554dc84e,2242,334643253d8ed06b9e6535091d5b73cdf4b5da4b2728a888714c80d025c3b443,0,488
780a62d9d5ae002526ed3975,2763,bb1b55e9f1b021c9bc6c12aa7f36cc0fe367b4526c0217b1713aa137af87d818,0,489
47f48326cca6c2fff6e9573a,2963,a1da4228dbe25eb444ee45b46e1df37ab9f5d6f9bfffd94357a86ca1060c52c1,0,490
1767cb28ba7c819ee0909900,1109,ec83239da63a3ef3e26eb6e1eab7cfe6ae3c6248be4ca14d8ba921ceda7ad01a,0,491
4f6ce6255f4227362db59399,4403,94b6f359af79c2e68404949545d83b4b22a46177e7b2d8b33c402d6f9c20f954,0,492
af473e57344b7b2841a0dfbc,1840,08d0aa96e022e250db2beb2b7b09465195dfdf333e133b93c40388abdd37bf22,0,493
5a158d1b28443ac4ecd6a42b,1733,11d88552f571d25435d9e52ff1c3be9cb11e4d957f3b7921f0292f7ddbc66b28,0,494
07404cb1b84b30687cca90fa,4437,7362cdea4557636a9ab71d9d2e824814f9ce4a69b7fa80b1c3d4aee1e3e7655b,0,495
2708fbf9610d8eafdec897ed,4222,a1b7fe773dbc1a8334ddb0ab72344568894e54dce8b752e37e2b3eda1bbcebda,0,496
a65dbc82c916d04e077ca27a,3683,b26eb9330ddd22e03a712a8eb56376462744551193a68110916d1db4dd07494d,0,497
38025b40b0b17572d06da537,271,bbc33cd19e9ef00e4a65c684bf3f55852b68469fa906b0688238205c7e6788a8,0,498
24adec3bb41fe560e42791e6,4865,4c3e3026f9e05a6728804852264dc1895d1dcd55f876c92e9a9bf5f1d08be0e7,0,499
283bcaef54f9ec0624fd82e8,142,f8ac7eb8b5e2781a5266204c884c59a4170aa5faa72491c1a5d62a6c0266b474,0,500
07d2761b4104165d52d9444f,2657,e4b85be8be0065845d0ac106bbf9def71d4874af06fb981d8634a6ee047ecbb2,0,501
4fd0cfe1271490c4c96cb3ad,2569,60bbe8207e45925d66731cea28255646dc70946a5cb712ca23bf17d970f61de0,0,502
e64362d8240a27f2f96b875c,1973,2ce08b3d47dd4ddbc2a109433eac47b9c50c44db91390e9138ba463bb9166250,0,503
55631b5ce7cc586ab6ddddc9,2377,c6d589c02b666006a27b1c0f0a8e34b90cad4d0ea65eb0b1d7d5dcd28e9068be,0,504
b19f9062cfbc11f72feb534b,1108,2ce9e27714c61b0e90b6b2ac2b24afd2d5b70efa9e6cd483a01c5e8c48a993e5,0,505
9aa7e253c4602d827714e3a0,4938,87ff316af95ce1756f69610204c9cdf2f4ad94f8f058d16f2b1df7a7a14dbbe0,0,506
5d223ee1ead36c829644693e,4539,4f6905936c50cc653a3ec499ec8c451fd64547e4543c180bf45515c1031f11bf,0,507
dcf7d38e374b2802522380ae,3200,08b44e2a204efb844f8459c4b2d2c0b12c487aad9e7ef6940c9bee9f958f2d70,0,508
9d4d47f5517470ab2e28bbb4,4478,eb25eed137352a89d9872be31f5c5bf142a6952606a289351beb5d96a928e98b,0,509
38cf6f6bdc2e12444a9ac4e4,1429,89e0a6ab1ffbfbb8bb2232ef0cdcd7abcbc819d5d40755b42baafbb8940c798a,0,510
276fd9f7ee4c12abe8c2e735,1432,b5df2a4ce278fa35e43bebee581f584cabe75ff43041423bcdd5fac6ab57baa5,0,511
02b87b324bf80b0dc208d4ee,4460,81fb6347271d870f455688a3fe940f5010446962912a4505551e60516646a301,0,512
8b643bd8b9f3a9410b58cad0,3706,674ea874f737b2c2a523828e1bae2fc0ea5f7dd05d98bf65bd7e7776b8dd8654,0,513
bda901f2e5921c2dcd5bcb57,3015,581916bba374e6c0cd0a58398891163d6bb65dcba656f212c06871714be0a91b,0,514
3e0f575995992fff3de6d4cd,4786,88ab239fd301917539659852fc83ea491a8d87d065ec20e2b97c78dbf1cbd848,0,515
8db9d40b3a64fc5ba706b443,2181,9de7a58f9d53be9799a45e6aa9be1117b9c3f8fb5839e7ec36d95100ba9edf74,0,516
e8879dae581b92c91f05f065,594,dc8b3e805ad8b7ffeedb8b83285b327ab3fd2a0cf05b54f0d83f39b00d19a277,0,517
c0062cb1acf174d7192b3c6b,582,480ef60b224a9465a65dfb6fc697224395ba0de53831cec49620d1434ad37ba1,0,518
64c299a5b5e631590ff027bb,3369,a10281be5cdade843cd750638519706355790b890bfcac558af0615af6853465,0,519
becac9731904cda7a18bd2cf,4503,3119b7e89e118c2c209dfee4b578e5a17ddf66faf783b7d659548097d58cb4bf,0,520
0d5d38981f682ad1f6e2528c,1894,8347d616eb15171b9cb0288657f3d3048c85e8848472e59d6fedf59a339a4b62,0,521
12ca03d9bb473097d3db4039,682,84c906540cb60b8648d56b5c7a7b5fe7b1e331be7bbca0ab2589bce05a46d56a,0,522
0f9e39dc5099e1ba25ac0e96,1991,1766b635a3530fdf3e12b8b5367ad9b623cf34d7c64e78f69aedcaa238b6ee87,0,523
2efa1dc0d361f32c1947f54e,2777,c7be2713a798ba8aee08875f9ee600a498fd1d0ad9640138c20e857399f1cfb3,0,524
fc79eccd567c4c09bc3e0bba,1221,d9592e45a4262ab8fcc08a848914f94df9e960369e24a45a02c245c4c8bfdaec,0,525
a5187b1dc7dd17dc68ef9ac1,3593,f7df605f6f8e40306e991412508f0be2b9ef77c79a71601b2fc82fbbb765a6ee,0,526
bffd63d53932597d104e73a7,2542,f96a65476ca6513ef49cde2cab9e8a3068dbd6a8fc13ee2078434e14855d9286,0,527
8da4bbcdef33c26153239b2a,1078,0ad87216f170afc395fc263292edee18bff0bdd272d2677f83e5424dc611cf38,0,528
f025b4665d850aed7ed680a5,4838,3d8e94b27c60ebc7cb474f266098c4eb11061dcd3a3d95b3822a0045e760d723,0,529
6849a59054d18b819c36f3dc,2795,21719024daf5bb146fe96e76b5e5efc3c6ea1efe2717220b2c3aa6088b80271c,0,530
60f4b9d5d7c598a7c9af5ab6,1061,a14c0f820f8e304e5e9028460b7df11cdccf240aaa22068077468ce27b5e4253,0,531
3e0aeed259df6c3e9afd2e2d,209,1f658b16c7cb1722d6aac95c9ff66aa0b00993950f2ede0fb009d8b9f2adf3b3,0,532
21034d57a6adc149e73516cd,3620,1315b3eb9346d66ef21078e2ff17294258951a9c0bb13261906800b49ee04dbe,0,533
0b2915c3655a63441eb60c88,547,033aa67c35986415a5aa38668b44776a76bcd63161dce8d0abf0cac5a2ceafb3,0,534
b6d454b44cd548c50e2ef0b1,5078,e29e23a68c33972a71c6e07286a4c189b9cd6295ef6eeb04ec13eb2aa6f918d0,0,535
88dafe1adf46e91864d5d879,350,73be87012ac4fe3d3ccedfaad32708f813ee708cb741f43c3df2d5beef7e0824,0,536
70763e5555be1b136eda0c81,2609,ddc1f5ce01621b24e40f70d4e561e1f6163da63b02bbf5937ee2b5e189225bfd,0,537
7157b2a2eb287d7dffb31f59,2177,cec99256b143a12c04a567c7ee4f5932d60f21fcd5bcc1c55ff5ed368969db6a,0,538
fcfb21578a0a2562f94ded71,2655,97c05dd9d8e9d43f848efe1b9bb6bf4c8ecbbf42d2473dc6cb986810ede2bf2d,0,539
3d966627275c650951fef379,4062,a2b540b1aa3ce2641d62f75b94c4eb0a98ae266f3042ddb74b9f8813ba36b935,0,540
7541df41bf42a789cf40d88a,5186,b37a63ade972f603a308e431e43bae8c41a529fb61f3aeb6afdead10427fc8ec,0,541
3a8524104c58be9bc890f38c,4656,49459d818e98628038767407ba533d92e50a1c09c93c1ced676b281d6101e2b9,0,542
c6cfcdfc0e08f5ff3d04e255,2735,fae1fd2daa0bc1ac2cf881be0822f2466e39cda25441be2879a03904e014bf10,0,543
2b8ffcc6b26372ce00b7d9b3,2448,2c74d5a5429cd5cbb40be10e6c9aef15793d0ec1bcca4e0d18aa129ace7c0010,0,544
22760dc63fb69193243ada55,2913,c0b1935b9c10ea2fb3d7ec9a06db85771616dc314896f3b32fb1a92d4ad16298,0,545
1201b4abd6146ca850722084,2985,feb1604dd6a2bc2040b360a8d75efd0298c6a1b98b658d2cf8eac3b11fdc1fb4,0,546
55bad5c2f0a64cb6f70e1f68,4241,533822f84fb7b0ed686167ccb327909f4c1a8e67ff4194317e70706e9e69dd4c,0,547
6a00dd781df5eae48df12837,3901,3ca1cb82ee39aa14b77e7f2cd7b90c8c8a815b7909fceb14334169225e087488,0,548
ea7b3dd70bb3474bafd982d6,1884,6c71b1268631e1c5389cdf85649f181f0d5e69af2c84eca76d64d13c1c3eb422,0,549
f4f5cc63f5b1722250f7e02f,777,7e7cb2d20074f8902ee382087001633e06fb1265db04325ff6ac5f2d6c7db030,0,550
80ade21a83777b5aaf6d0f73,3419,b886a5dcf616369f341be45007d341d7473f003c481236cc9e4a814713f5a9b4,0,551
cdc1317d10de701c3bb06ab3,1875,c5201229b41903de15e04d183af876599ae84a6f7e17b5005b44370152185e40,0,552
51f80596af42f0d9bd795843,3912,97396f7bf1db1f15326f3c04deafcd846b46f106d76bf2c1dbe56a81fee0a715,0,553
911941515da6ac6c7495d03f,2178,f0ec1f09c3cbd906432c513898087af08319cc5fc6ef95b59bf7a5f30bffbf2e,0,554
6091c6847327ae3c31a3bd37,289,6b1d3a525bb1d05f1d1841f08b9fcfe457d07c8252d582caf07e22a6a326dc51,0,555
8c22544618197c7aa18455c5,3931,93acbd5ec6ca0da0ae7b36afaa39fedadbd8a65a25c2e75c5bda58e9ad55d50f,0,556
c08abbd9e83e0efd3d8d2820,4450,8fc186669923edb0fe0227cd27ce89b4ecc08b8793d7fd475275527ed61e07cc,0,557
c98ac309b056483b38c21f36,3813,e4d612c886a02c02b4ec205f270f3a3be87eb56e93e9e12376cb70c240707caa,0,558
8ab5816975f2cc4c51a86cdf,3488,be8398b5e65b4e01eaa6bd4732cf1891ab40a6b2640982c45ba53cfdbd06c7b1,0,559
41e922b7348664ec91375995,4968,c5432dbd3876b17722a8e470b6d5f2e6f37e543190ac475191c06bc8c516656b,0,560
8e641048b215e6e48a0017dc,1211,c8b6431ef6a801da317101cb41d072cebaaed977625e0fff088ce4610e190216,0,561
d14b82f56658b7fd68faf4b2,4197,06c089f3d01daf7de63234bd1e88ef5c3c647d7a9937d0c9962be6c86c5063e1,0,562
84af82f91ef39183a49cca85,2441,3fba9c714401c9fc1cff9a1482de22900eaff376d75add00dc31a0222c070701,0,563
431cfbbc5924eca190d70b9f,4713,1d4cd6163a7d1ead6f221478161ffdef50f14b2acbc6cf8ae9272372e8aeaf87,0,564
8ce014d847178b0a96279f7a,1163,975032ca497b18d57b2bdc392f6939666c82cca220d0f5a40e2cf7e44d517a25,0,565
266c1449054160fda34d8945,4642,82c603375587d36ba9811056970c29b6b176e61fbb1534bed5a263fe52b9815c,0,566
94acf50f6d5f18a809f9a5b7,92,0971a4db759e05ce11308d4d295c1dae73b55f89a8ae64fb4c0c2bf8b4eb5023,0,567
67494ad11efe4d6a7535bcf1,4555,fefb11f53e1e674daeb4a1051444e00989572446c80f40968129e57b5f432e1d,0,568
6f94cea4918e0f11af34f166,4094,6f5a9c0e7ca79b6c59c9b679ceb90a6cdc3bcb2db938738a679fa0cf7066f7b8,0,569
8f0e165ac90d6a83f357ab91,580,17dd6482eced2766a82139b6c1cefeb25d5fa2428baf88b9b7ede9d3af701147,0,570
4cc189961f609ff2a70fd750,4835,228608d43fb026d2560743091ad235e5627db453bb503abcae9bf802cc99eda7,0,571
67df8fe9517b85a1cbeeb644,3297,174952b587b3c0e883591bcbfb1eed23b31d55e91ddad970f962f1d20fd71cf1,0,572
cb344518a93352e6f8900ef6,4052,7b9b76c1665f1577ce89479a91f9b2e46b8af5d533b79d5bc02838d98dd896f8,0,573
202e34112e7e116aad6156e3,1225,f2f60057c3daa68229eaa032199df7c16428a9f01ed3b044e483e566e5c34073,0,574
1dc7c2f9113adead16b4527c,1983,60d1e96e2df193d653c5821fcb398d13357e89b13a39cc325fbaf0133ed9790f,0,575
8dc5866feeea6c37b3dc744a,4221,ef9aaef622f25be401096c2cbd7a6a8b933f44e36f4fefb40d133e95919c043f,0,576
952850a6d9eae04390ebfce7,620,59fd60f03759aa6729edc8df53b435a0f72e588abc9cac37acf6df946a36ef55,0,577
2267d4517587d05abbfb1f7b,2606,ff8facb62b45e594d23a746a9fa90c5f70b1ca373e17020be13b4b570f335be3,0,578
6edd9ce537978eaa5938bd9f,1917,f874eab12e71f0e7db46dfc9cd7d1de00bb877a7c481e71812a28a7dd52ce34c,0,579
50ceaa049cb39cb6f85b0141,5435,6991bfa2f2e8b52b68ca17dc36488c557f1485112c9b041cb30f9237971a94ef,0,580
65c0c95b95c48e2a84507c72,4438,bfa53f342f89e5cd122e76d6353bb826aa6abdb0dac4f2204bbff2a5290e07e5,0,581
8d13eeddbbd055974596b4e2,2022,47ba506378fbbb3bad5e168ccf3ab54a75ed9e3592bcc7d96175bfe6be022a8e,0,582
a71a201218ed9861bc0915bf,1981,9ddb123a6f0a156cbf82943952e2541e4736fd071e13946ae25a122a3a44f8c2,0,583
a54b99d46f241578a1e31043,3277,573c74a361af50d1808106a54e08b3358deeb874c1e8d8c4500abdc337d82f6e,0,584
4dbc694142f440d6812c8b2a,2290,b3cb3fde4483f425cc55b17a874806886a94291498a9145f4f81d103facd9a3d,0,585
97d1a376962991d445b48159,4957,3eead6e29cba90d6fe9a3a6eb5727d4e36156421086f004b5ec0fbaef6f0e33f,0,586
a0f23c40cf2e71ab65f0ad7d,3397,029b0777bfdc825dbeacb8d2cc9c9cda29286dd52162f149488157fef2cb6d94,0,587
223848a2048b63363694d4d5,5074,d3f54fa97df5d24f8d786d4427ff173e04e5c1dfc48904b35c7a6f7498a1154d,0,588
9a6a752239efe4522120f6f5,458,15d3a2db1525ee1796065d44ece345bbd070496a792d7e83a8f24e34f8dc65db,0,589
e446825e589b62180d6b6400,556,07f84fe529b3ab029ec881e687c57c23c6b606bc1bfcb5f1463cea27d50e08fe,0,590
b73aba1e52b2a97ea32dd571,502,89bf9e27d5f17e09192b29ba2369d225e229b774e2e5e26fd38aea748aa946a6,0,591
edf1e988648ff06a534ce29c,1269,2c3d5c7407fea96276529a1d07d5272f8ae1624f9befa59cf89ac44300746b43,0,592
924776ad24535a27a751f48b,1976,6458558337698d32acbc876621d396584f7d7d4eb87cf5bee38736b55faf5488,0,593
57cf18f8a26047db257692b8,299,d2d76915590171e9f4bd334e0c6f53fe46704d862caad6989b857c2da7cdab79,0,594
a2f5cf54b5708dac82a07422,1809,844ddb61eb4e87eebf5395c1bc61199da0fe509584a9b6998a108b6af5619826,0,595
4708315fec63ba36e74a3e75,810,e717e2285b78035f5bb1f4f46359c58bf5d8ea53329d1492fd1d4e81fd5a7ce4,0,596
f088f9b27c96cf228ecfdc9e,2291,848a551f0418db788033659d5deae4416be11596768e43685f643eda27d74c22,0,597
2cb149c123b9e48f6e4d1e8a,77,fbfb98a58a97638fa95e5282cd88b19f72cf994908f404e4b718490bcfb1797a,0,598
f44733c8098affb45fded1d6,1744,1a988bebbb713d9b7965fbc241779178b9dc0bed1da47074b26c979870fb0a02,0,599
adbdc77c07691e70002ba0f0,1528,16060b05138b8b1ca093752ed9bd54b309255e984da02d8a03b114fb18b6bbce,0,600
13acf67001cc306340278076,3210,c213ffc4d526ef226c4cebba3372c4f58796ceb4c30bc74c88d48e47250b65ea,0,601
ab260a10edf9c7daf26db90a,4353,b394ec3c6cb5dd1ad03b8dd6f971d50588c3561471dadcb07d1256571bff9048,0,602
0c798612738344488bbe6ed0,1575,da04297730040b6ef94bc9cfd19a281fedd79c3eafa0fdef8760256e3b49f62e,0,603
685d606166fc7b0dfef13804,5444,2b6def9cb4864c1a8cd63fba86222d24f24898572990de231ae60fa9d47b7da9,0,604
80a9b3cf1691a0ca50b7b8ad,4317,eacdc8f2e4e31a677a24ac9592d1cdd137218b3804a1c13ae51ef40fb4bb7f51,0,605
999f09c79683945dd242dc50,5241,5313333b0b1b73a7ed367869b0948a9ef8482694bf4a38bd5eefdc92c224fe40,0,606
6d95345a21df430ef7ae5a6b,5312,0f92117a284df481008d48d9727b15e4f3c48e56a67036a0c7cb7bc75cbe5ae7,0,607
6fa47555fde2f65561736939,3392,fedada5a36414b8d3ad633d069015f0a1e8a275427651625a79ab5777349e1df,0,608
a6d4a66dc542cf1c14b282a4,2629,c409ab8aa27b468c95ffa56b7fae0d36eb6d61f33d2c561617ff55eece2c6f0e,0,609
f0ad1a2f8b419cae17dd7e15,243,4714c2dda3b34f595821bf7daedaa07e653bfb3919a42db4463a034556088c3f,0,610
a9c50662e8052aa9c0dff629,1800,bd003ed14fd1509b033a19ffcf4d3dd4d5b7ba0b729c0cdd306229680b093f3c,0,611
c41f357429f5977ba3ef3a80,574,afb223f9a48a628715c9fd86f6f9a4ec91cd9fe200c3a3f346ad5a4bc7ccfbf6,0,612
dc1816779c8cde6e3f3456a6,1120,7fcc84867a7ffe9f16f2aa2af26ffd0373cfdd4e17c71b31c76f6bc1ef202b78,0,613
ab942ef0fe362d73012f6081,2257,8c0c2f29b1014785fa25201ba4292457a11b7a1588c5b9af231c48c8812a6e6f,0,614
805a892306c3adfb2291ba95,1379,7714676143eea7c23fea93a1f7cc789983a585e5c58aa308c2588b845d162c36,0,615
f69fe770a1d44a256285b82b,1079,97b61609c2fcf60fc3378fc28c4d89f5bf8c2dac57926068b3a9bb15b34cc4e2,0,616
1ca9d23b0163468e1e213b8e,2931,678b7923250705868fb9072c76771f73f7f7e3de16fe8842874837d2cd0e8718,0,617
c286e6c746a88c45e7501bc9,2905,d37b249d429f34389ef7cadcc8a1f7e501f485d125c657f0f6609d833e4acbb5,0,618
dbe396d77baf4b21ac1e74e1,1162,b025c346a4a574e746f723eab894c22d9021bb45caaebe58539591b99a928b65,0,619
d5400f0b02059a10acf5e7f9,4249,756cc0e32c6077f81f0fa0a83ed4641b30bcb728bdbd3480c08ac705a7d887f1,0,620
46b17d49ea148dbdcccd1f40,3925,23429c2b30c37d68e3f99ac6a09bb8314f58838b3b5dfa1c793350ec64027a35,0,621
927a759062b4b733d0a8217c,4598,a158c5b4188f420707107d903822a32752fe0151c7ea679376b792df357834d6,0,622
7b88cfbf24f22238c0df805a,2586,ddbb859d9f3ad5a0e5cf4a4877a0380d9cb5517f6e5696f688baf13bbc7187b5,0,623
5d60a6290bd9f7369ca1e270,4852,9899d76cd939816c3a4d329d0c8be46c3720debdfad5337b9ed65d4577856c78,0,624
795b9f6750fb2e7255c2a7e4,4264,775bec7456d47341f02f5f65b1dfc0a932c71081ea0415b52135f852676eccb6,0,625
ee07735638a2a42f78fcd6e7,3903,c81d03912ac5c327b33f5306448c368d639bde7a9ca888347eae055c1c7134a1,0,626
ecf2556312a7f1042d7f80e7,3769,ab25854a80a2f3643b6075b5a5b381e098095631ec1655c38d1b77e079ab586f,0,627
861622ba4bd5e123ad670a57,899,b0a2f907106c7b543412d041d05957e22f68fcc1c680a3b24b5e42f63be8284b,0,628
872d3f5150d5eef2db1f7002,772,b2f758815ddce209ebb0b8dd7008573072cbb3c9eb9606d0296f3875f77bd3f2,0,629
fed542934cb9fb5c8b1e53a0,4749,f8f36e50fc9ad0387cb04ac9c6f8d37b3787b4fc9ddc9f7d260bf971df4ddee3,0,630
5652d77b366b1061f36d78d5,2212,cbe1cfef56417c30c4ebd9dc6032e8c291cd28cba200dd134c64681a84cc1ec9,0,631
57f76e3606ab8ace64a5b273,1469,f1831e02e77030b5a1cc2749d92b9c9eb7bbff5c4046d7de4961763f916fee9a,0,632
d26e2f45f0ffb4f87494fe1e,2627,520d54ad670e87535bd364ca70743490af215a7ea9f8aa1a774fc1d6c8278132,0,633
ad53f2eba9aac52597070d5f,3189,b664302bbecee5b83ee63dd65f0374d662d4f9f821ebcbc4476d04669fd5d0e7,0,634
8862f292b76dc50ed368b733,5412,373fcfd09227ccbd3c8e3f043f26952b83d21df9b749a2a3d535a10409223c5d,1,0
d8aec48e8e8fa609d40886ff,2193,8d65f68621dca39824fd38d3e2ef73fb40b5563f998c4c1e71ba7f91dd14de21,1,1
9af29acc62334d0d3f94f386,313,286009f60fe33dc304cbd0cb6a5d440b973ff527108d4ad0daea949b0083751e,1,2
449c7c6edd29234aa576f28b,5292,86d181c1ac85d80f79e3ee1897bdaf590eede5a739d1446a9b3a8ba207e8f1be,1,3
2be1c3c9d90623171b2587fd,5021,f634564809dfa243cd5b47b7c84a9ba84ca9d3969d77f35aece7b8149736de69,1,4
c65263decafafe09f845f643,385,7d9cdafdb296a1e71249075a463cb57f5eba8f0bec65eb8cd17a72857a097efd,1,5
4c965c406a88c9f7875669f0,3812,01d34773e64b6af10861369c5d6497570a4d9608f432d01500ec325416444983,1,6
18be557c8499b16bf77324bf,749,99fff2131534da8ac6a9adc1718b673a513cb539d985ac926b66931c40690785,1,7
417ab02bc5b89de9738d3905,3014,d475c4ad59ba43856f84954ccfbd94e1a84ca68d37566347fde97b56bd0cf8e1,1,8
3199f3d29c6d72ea78ab4e6c,5473,b1c54a4b2a07b077e8a97d72677b7e70e4e181332c5de3f5e197529b12bf76d2,1,9
3987a8d7113430ee1c0ecea9,4636,cfbbb1357df623a45951573f1fa8b071f886212944fa769337bad4d4a91c27e1,1,10
10924fc7caf379405b0b69aa,1005,950e2e9a5061249e31ffdeaf9dd7fbc5039021acff9e783c01e0ba5e0035dca7,1,11
3468c237438e326b85c042b1,3897,620497f5e7828f20f6e91dc7fd4178b742f7aa1d8f65c7cefd82ee8e1599d034,1,12
261f5739454b77cb7e54809c,3194,6a8f8c797d37f4d0c258d4dd81a9240dba3f20f5a0c343057415717a68a5ba7e,1,13
59c5929d0f3952e1d022f019,518,91f688af8d9d01ab5160ff1e5252770b5fca21b1e31a5e934ec95513818db752,1,14
7e3c879468340fd1ae48e933,2385,de0954bff8b5fa0c9976f3bcf7b7a345cd7245504ca89a763bd007bcad173a18,1,15
ca34236ea0f39dff7e4d040c,2855,e90cd34615cd0d235374668cc4839cb2f35ee40d712083ad8e83bde7f29a3c9b,1,16
a6d74acc321ef35641800ca7,3619,f5a3c3c9f741419e4abad8f8881e79646912e677b2a45b97caa7929b7b0a8acb,1,17
b4065a371fb6017383fecf04,298,cb5eb1ad580745d40e7a97e172b0f2e915095627898dbfcefef6cbc2e9267d0a,1,18
6c5d667230f287eb3f3564d4,3694,4b126439b3b24705fffba29925b5018c8cbc5dbaaa0ed509d1b6207795e86453,1,19
6660dfdbc62cb0798e768f73,702,3c84d41123437d30cb996ef3c97a8e105a08186cd96073b65cedb35c46b851d7,1,20
1423951e1456e51c9031e100,4833,1aeb9babdd6dbd3722b63fc4b2c28f2631005a8f17a7bda86d60318be431aab9,1,21
99c8c4a39640dfd8c54f711e,858,57209f14c73e9a96dbc8d1eeef06cc9b7aa1e872be1dc23e1ff1674caebabd99,1,22
3e2f582ceb4ae8f0f6ed9787,2574,d12877dfb3b5ea3f88f2a148f1d21ff73b7da6c107653040c4b3fe2bf6cc96fe,1,23
827c43e31678822447f8ec36,2613,15edc8beb150d63e82d625c64d0bb2d6534bb257ad57f1efd724e268172c0c12,1,24
1143686b9599ec9f743d9704,3337,d2343fa6ea241e1d7fcbc8c4979a011473b2f37419312b6b8756ce7e4e25faef,1,25
480f9a072eefb86dece04e29,4227,30d3668ece03ebd8a913a4b21b7ac502bc9ca1f967d6ff084640f88d7e01fbe8,1,26
fdb4712197d41ae113eb44d5,534,d9ad18f133c3c80fff00752029a641864dde3c103e561263686eaddc7d617e23,1,27
f8c437e8a0a4d003ec0c97d9,3163,9466f1e8bc74bb969f825db984372ec70d78a9992e10ca48bc92869302308732,1,28
cc68ffdab35b5d6665fbeb87,2355,7d5b1f3c725e0b25910a45a48e6d67bb14acf98ec2bc87a567d6fae15348f6a2,1,29
add4df7e43b4c7ab81a4cefd,2768,51b53b457826a3f68c9e50974bfcdfb59d4d30ffe182c1319a67eb048042dfe8,1,30
9df87f72c18cd084cd658adc,2087,cb98a6da0810b8b6f6f97f18e7cef3649424c20fdef8489a11410bda06e1db3c,1,31
b6b7bff8a2fb18cdd0f71a3b,1737,3da4be18ae1af654fd7a478aae50fce2c7d07cb0fc772f883695be559c1041e4,1,32
00b198053c76af692c28de98,2007,6c2754b2829dd691aafd18de3238b8f2e76d491fa7832888f55fd25ddd555376,1,33
724df1dc9c737c6878f73dad,4676,310ebea3c4844b14b98ad5a026d37140778a9ce6d60242805002b84cbb5112b1,1,34
9e6d48a467502edf20299e12,3561,70c93288602a970b429b3340f9791ef4d5614a3e8e0c023b26d6df505c1c3c45,1,35
9922a831568ae56707a6f47c,4355,0115e7378e3a6830ac7e78fbdf393b652c5117c3495d0b5c4c871688e75e6686,1,36
fe1798a6195097cf7e49b743,2224,7f9f99455d8b72cdf71df037bc7dbf5375fe6a9b3c70b839694ba899beb1e4c7,1,37
a06d0498765a3bbbc8a108fb,1275,5952c33784da3f7ce8f0a5e4b5a99be1de815f01443ef1e360bebbc1e0ef4088,1,38
8cd1b323f57875d1d8025e39,1483,83c2ef145f3d0746f9944cab765814222f678d73dfd644bcec666e7620675b1b,1,39
a92421e983aed7bc5dc811cd,2961,7708c92a8181afdd6320bc5ef5bdaf22adcb206387bef9c4d62d6fac07407835,1,40
037ccd45560213b80d84115f,1802,8bd6f05e97310da3665a48f75a88faaea6491dbf0b9988c543c14dc7b8403a2c,1,41
daa4c29ff307f708e907a322,3267,db5747a1f8c9f5cb83a7ac320939fdcd701f6df331dac3f28f51a77f8ef56205,1,42
f99cf0e013f00456921e5dd1,5337,fa3321e7cb8dd6637e49a6aee06f287af1a54ae1a7caf1f0ee82c2c9b6b22277,1,43
0da1aa92fa7642992f6e93f2,1026,b2656b7a1233e53d531cb4cbd5b87bff1bda5ca55c0ed09c541e4b50a0330a0d,1,44
2e176720305895598ec409f4,4915,5d6905ada2f544a267b0f3f832856cb0c5003a659bbbb48574ab31dd5db15cf1,1,45
d3a4dd4bcfd2751d1aad462e,4199,0725c40c5b7bd65c72676cb692edabb06461c2441a3421e0a8668c2cbed597fe,1,46
63755a7905569e95f33a16a7,3157,7ff4fbcf7e8821f5c18785050429af323344e2c2a1c31801db346c6a112472f3,1,47
dd39f5521678da9cabad653e,3092,0475ede3a6101af1bb8cc072b1cc658dc2adea95daf84488c465806e6015d4b7,1,48
dd9ab9795aae7d2354a8a049,2338,46a4483cd86fc237bb017573f5893b4fc8eff4363498c812827836372797c62f,1,49
49e502829144c7e7fca9a080,246,1e828fd0615377f65d640c32a137609c6e5fe516680ad4a1dffe01762abf4f97,1,50
8eb4fecf20a043fb83c9a158,3103,b4f3d3cad903d63aa793cccf36dcfeafa2af702eda43fab01a8afdb4e1877849,1,51
43eaf2c718b3ba8d4f00cbd2,240,ed31a192f27540c82f03102c0480cb7b1d676fc0f38ffe3cc0c0aff6147c9347,1,52
6d300ab33149c88e996c748d,159,32ab38f255d32a46df42a59d20a00089ad6a2f5655368c5453229349dc8b3795,1,53
f28d86874f5c94f7c51d76a8,5240,55605721766fffda51ddd78ebda4a91db3e0154da2a6631bbda0a5d9ac6b5bab,1,54
16f18f5ebfb31ac99bf10a5f,4120,1653c7134df9ca52a70d6582b569b02c34016b114ca95eab198cca3b6f47f186,1,55
67e347304d07c8e92776d888,2465,d30230b464064e5ad1524fd676b30558cb8e6e967aca651a91164a4ef9232ba1,1,56
1ba74098b3c9b41f3aff140d,2553,96f72a671f858ad207ef2894012989d0537131a29e674981e1ba55c4795223fa,1,57
7b705daf7d459c0276e28757,4853,2df72b34f4f6349f35b84f50b4eed6f3aeada6f15ba93d30608dce2099892755,1,58
5aa4732ff73735c739026c04,666,e4c9be437da688297ca638cfd2e8170b7f3a0035ccb8fc51d802a3ff254458b8,1,59
4b67496fd281bcd0e826b875,4614,3c53105dbe7c03b65882dbef9f6080cc8bc99f26e504c7001c497b488325d17d,1,60
acdb11b0fd06ea5598e51dad,2906,75897d640684101ed6bd94d1b66589554e8048f0166fc7bb61e6e00d050ea752,1,61
afbd510605a34edaab47c522,5105,eb74bbe6d1f972dcac9732f77a23351a8786a12be0a9730141a66c1f6cc822d0,1,62
273e62ebf3ab6231dba05c5b,2357,c0c43327b9880c5500119ceddab370e386f091ea3e3519dea8cfc61b6fa26fc6,1,63
5672557a70583ab20793274f,4373,0bd9c4b9643b2c734c502fdc41574293bb6d9a3d8a3a66ab154eef8c28d226ec,1,64
3ab90be25a9bb6723a2bb719,2452,7409faa1bc369dfd7e4796d7580a22986e404968d9699f583657a95962e1c828,1,65
0563f27842eda71529e7611c,2026,4517c83d2dc30baffa87e2d70ea44099a879752d58d836f4fdf0b9a3aeb248ca,1,66
29c925c65a913740c56dd1ac,4004,dbe69b814c984fed2cbbfcb94f11a118fb58b2f6324a2266176024425e0e0f42,1,67
f5586276ede5d2eb432e2a42,3810,cebe71658d91c56506b3e26b2bfc2c2bc09033df475025b57ce2a788d5830883,1,68
b63dc8a54312bfbd39c471c3,1695,186dfef302f726cdc1a38893da3b06aaf4a5d5b2edc43510925e8e526814f2fa,1,69
c7f2d7519aa533719940d582,2286,debec788320e78c8f2bf1c1ff7714adc248a74bb7d91ed6f28fc764b21d4219e,1,70
76bddd22f3a6dbb419f090f1,1247,0fd05912b5b5e7bd7c8a560efd0c8413aa0a3ac3b11657f71d31457d860adc6c,1,71
df188373d86c988a96f88781,1514,01e11f931031ac72f2f90e3201f807c5d9754b3ada977f3ac58e2847b4262f2b,1,72
a4c308157081ab934359cec0,3263,f7c0619a48821e4ada2855d275aaa64b5bce35968ed3b07079317d4c27d972a7,1,73
2f0159dbcd484a39521070d5,2501,e8a69153b8272dd04464e1f4f6db3f496e69eefd41c418e068dbac71de16336f,1,74
f048ac7247b3ad5f24637f3b,2042,259823d06b80352f4ffe800e24de3397935ae047e2b48d2d114a886ad459de47,1,75
ed4535e2da41a5e6129b6c0b,336,8d2bc33c9df087451cb92ae4bd404354deb303e73b79ba794ccbdd28673212a4,1,76
fb12819e75e652aa4ef7b035,1344,520d71300e57dba94415221d3d307e6fbd3250740e11c45c2c6c1f91faf28c88,1,77
101749bcdd1131d2b06647b9,974,bc4a6265bed36425944c42d3162e0653c5a7c196255e5f0ea1deb4fccd39550e,1,78
6813f9f1d1934654f80155a7,295,dc24abc474b9bed531678a18ed03496eb94d58d652e6d4c482b6bf0851a57cec,1,79
c7163931b84c393397800d65,4703,c01424c133ded707cf2851250553f3a658ccb2be529ee5b590b4ebe83570a6e3,1,80
f25a4facc142f71a7d6c1a7b,2131,dccb62f0f41b15ac3de2f604f66f0b49411b35fcc983f1a89a162d79673842d8,1,81
17f89626fbf40fb8c2a6b3d3,4291,a47cd2a0a49fc960be934e8d2900ac44780a30036d86aacce466dd1aae656c10,1,82
eb82c25e3a4d210981a25fc9,3803,b81398eb57f91d7626d028b4b1d4f33ef7886937294ef36e5a3314594ee88073,1,83
063fb73f0cb85e3c08449513,3696,a9bdd8897a6ca6870378156926f63c43a452bafcd9d2810a0cc9b30cf4b49503,1,84
2c2aa8985abffa19aaf78cad,2693,edc5e8482472a28f6b425e182e759ec4eb768c734a3530e8503bd17459b25f10,1,85
24945c0e32a1cfc7421a1b65,33,2a0a46c01f128e212c99611673d0b757d0a10989b98952bdb1f3391040342188,1,86
4ce2881e27bf6fd49ee9fe6b,1331,147caf9877f4df04d82e98b438a1ac08d7d0fbc3318b8c16c2927cfaf65eb499,1,87
9b5df71482788a9daa034008,2753,5540c7638f56ce3545d9ad26dcca0e7b7be0f6884338113ebc9b7234b14850c4,1,88
4db5e69ee980db0b89aebb7d,803,fb93125c6649df0236cefbbf397746e1b916ae8b94ed43bc1175b3af39676391,1,89
ba82198bf1f48b99ff264b2f,5072,997712557079b10d90e286ca39406824c058b5c89cbf20f374cf7cc8a8a858dd,1,90
e2a8b014612eceb59c056791,2747,9db318017249f56f0a18f01cca0c93f15bcf65b38da5390e5f6f97fcb3b466a2,1,91
038317cedaa3fa8094728fcd,791,d87fc9988ee622744e274124c02ded2021a546bc57cf9a201fd4c327e091db32,1,92
0726b363b8ccb2b5250f19af,2793,4c0f9f3be95a0cee570111ebb073972f334f2b6074950a09f94059dcac0dcd6b,1,93
a6c4ef4059e2e2d99d59cc67,3032,499c65d1d292b2bde252f5ffd8d987cd1670884782568c89d5b624faeeb152c0,1,94
828718208a8ed035808ecb4a,2622,1f02a7547b95b7716b416cd475ed25abba93188ebad6c653c60cb22056efd4ec,1,95
1b028d6d39f5a7ef6c7844bf,4482,db3c41ed187bb7e813859214aafb8544badc7f38f79d6f7c7867c72844b64a0f,1,96
47558b3b1c506820d1a16c49,539,d0f80c3a99f49c14057bbf270387f1035110733f43b4cf1e46bcccdba1d10615,1,97
91317b8ed3293773b8c2db11,1033,8b8a650a9bb9720f8aae561b9a30ddc82e0f1d21efb5dddd58a9903a2c36ac73,1,98
b75eb6738a4bb5295a7ac982,4846,97eef9199c379eb78476df77ef0a578803ec45852f0362d4c7d894c6c972343a,1,99
e76941f0dadc5cab99a58dee,4290,2064e5362fd59eb17e7d581e736731dc133ed3b67289c343ba7eff3863babc87,1,100
37d68526c9e8be063e357068,4620,0eb07a8193729fb4d9118b9c74d1f33f5bc42a398fe5caee2eb62ad1657c6de8,1,101
e54af78a33cbb617d98c7add,2158,f0a5a6a1f60d89f5f2147182169d01f9cf7917a4d6ca3a787978a8680262ecbd,1,102
61b047ac3332591e8eb72c39,1532,27cac63d599ca0395b570ad5093892cb46a8dbb09c442af44dffc6511887e1d0,1,103
de057dee98d8b170451734c1,4745,c4c95b1acc3f2e58bad5b6fc4b31f278a45b67bfd81920ed20f216f35e50e80b,1,104
766e0a5efc48e554689d9584,4569,cb34da52ba8e614b5a737fe5f9d1a589d0b9a8fae7d0bd9b70c9f33f965f06c6,1,105
6c1523a3941f023f4c7ac344,1376,835b2c158f13f1e37d410bf054f5d83e91a482ddff11d50ecf7b1338591da92a,1,106
b53e0079c2897601ec4c9a6a,780,1a0a920e43963421ba57cbd6199e630228826e6203dd63d454b9a3114ea66a16,1,107
ea2177e0d2229248137db06e,1641,fa21c855b7ae061d248c68b30581fa986d81368a8d1ecdcc94a1fcd45daccfa1,1,108
de4ca70f3a9880dff8525838,1765,66766d04ced919458694854751eb8f92922a8c55463b5501f6f3375a053a95ee,1,109
50e58ae94ff8500fd70065a2,5237,7330dba1c3728974ad88692b9bba1c82cdac15ddbe7916c3006789c9161382a1,1,110
0fbe52b62e5654a6210f8a0e,2128,0d1c3a92437c1e3691ab64e8520a75238f781e5abc090a4a1d0e256ddef4417f,1,111
14d75694210dac382ef5c491,4586,6c78c9c07c56e6e55cbd10e5375d7e1637ad98881bfe6b7bb064d11e7f0d0b93,1,112
0642ddf249efc15b472a4fe3,4991,777927f0d5d5ec31339856152bcae708a402aac0f30e37b28ee99d31675205ca,1,113
f2068522d55c7c293a48d863,4359,6b9ddaa18d6ced777918973e1cadf3b9f8784469d7d1ef8293994ecc37c3280d,1,114
2bd7849fde95370d3adc5628,5363,7ccf843de62d5afddca067dc3dfe69ea7015c722c2901652d7d8960a5cfa05db,1,115
70b3b23e678c66365ac956ab,1484,c92ad6fe222b01141829d8a095f7f733f791cbbdfeff51055fb9246ffd908aeb,1,116
e5db50acf3c01ccfe34b122b,3311,b0ca0c8e44a8f93f7ccb2677f928b0feba968de67d94d5f2deaa461e17063a93,1,117
05cf0a75fbaaacc1895fd270,2762,e5b28aa2f58397a18a152b006edb022c47a0518cde7748d23eac54315cd14d40,1,118
aa92483fb63d318dca007fcb,1285,ae3002bbf5ebf2d2fe42a193d4ecaaf7f325c54a3928ef46b7b5a0c44a4f41b7,1,119
213886099305115aac7c4136,1623,0ae880c76e6d9d358d1e522262638dbd5df250b9fcbfe776ed2b8abc232a7cae,1,120
a80c66852b2cc4472edd3bb4,2052,f8dd4364bd469586195384af6ec762a5b1c117e8dbeb395a4b1713c1c98df0b2,1,121
ac64aaba909b1aec159adf57,3514,918cf765fc7e48ecccc70d158b7a83ba5f9a3c6f292c47aaf09f80c151ec720e,1,122
893977ab31d8415cf3b79c30,4578,5b772b13a65a7f81debd2a6a2e93a1b96a348bbd014336e60a8ec10f8b2dfffa,1,123
3a8c8fcde2273d33f40c819a,1441,dab9cfed0d55553866edd3a1e73792fdc71cb9c031f1ef3d37a5bf240755f834,1,124
bb3c099b78c9e6b0ba8f5304,1661,19b06339565c9cd809f78529ed41ad371b5b83c88a25ea5e65055012c47b9b88,1,125
1152a93d9ac8be40f98472da,728,1ae6062903ad1dc80f305a593d0c2d522f3d9562a140ffc2b5cfd62c8adc3127,1,126
f02aa2c855e2df5c2e57868e,3083,b29db5eb7cb339a0f9f2593b7820c85f044fb272593633d903f739685ee71896,1,127
c355e3b3c7f0711eed57bee1,4784,74b880a44cff8fe69bef63a0f3a7eceb3efeeca04ae1df5306a29cfa4da1362e,1,128
cb6340e03d48fd5294a457ba,3767,8e9105c3416c79f982ccf2cdf897812aa19144e15dee69f33b2e8d1de0beb412,1,129
3db8a5f08510a63ef1f04b96,3536,48884c027bab1b6d01652ff423709dc344b0b0c857a644a30cb5cb89a6784df3,1,130
39a5961d440209b47c2ebc1b,3289,815954aa2a6d150f5c3bd25c21151cc385c3428d3b208491014c6ab86325d164,1,131
e0389c92bf27f84857be8c53,1797,a61c933dde9afcb77d8ab58742398a0efaec6020374127e46fc977e92080d80f,1,132
b9ad62f6662f8d2e20553774,3121,5f57e831b4baf5ae76e9e8e5b0a5d06b82ba97a457db2d845197f913da652b8a,1,133
5fe2a2afafd6fa8638c988b9,2806,036d9d7145a5875c28ed7e340aa7f6b3d109a664fed8da023d13c491d9cf0c88,1,134
e23bdce97f875be9f225fa18,4721,b02699687f024c364f086fbffc5730915f7938f92c3ea72b44ed2b1ad8fec800,1,135
a6a23e4a10de25e2a497e280,5462,53670d39f49f96fc9697d776a46d7069aff27ee4d56ded88430dc3391ffe81c1,1,136
b45c841cc9cfaa1b7177a98f,2844,11c3619c04d5a6664f8049050cf6150d6fba4387c4f2ef4b6fd9856c85215228,1,137
19e1652c5ea3417b7a78350b,4804,dae06ef9c2ae77d0bf00ad10d2eeb303ab1b49c3a8e4a7f35c588991dc72315b,1,138
a3fa8ac69006ee943e077e7b,4873,3698c635fba18e2eece3228f27943a5760f3e7e86e75f8c9e6d715d61d3e2948,1,139
b162de2ee9ce7e17b63416a5,1493,dfe850970495c4bb306db097a662be20f3d21fe9a78fcef8a9c3a6505c1245e7,1,140
f4b192408459b0105c6a93dc,3043,76735aa6bd4c1e64f07759256d8a5da602289059d81dc2db347bf3d069d1d882,1,141
fa91dffadce79bb9c804812f,3575,00fd5cd36c55ab6e6a325f3cb87c3c823da224bab0fc4371438312b00aa7ce7d,1,142
a29a8c267d63c937d8684587,946,7028eeb9f19578f3756946c49b100c0b5e3dd8bfcf059be5d247709c4c4ca4a7,1,143
1143958c01c8422b94d7deb7,2796,4f8f4864f9aa8b0c3c14a72a4df82298d5db389ce4acb32b124df052e88debab,1,144
5c82f7b38397c4090e287787,3951,2035160f7516ba13da8cbe74ecf1e152f61e8ccc0e14c30eb5350c7d3dd9391a,1,145
0bcf877ace3e7045c985b20f,1835,29e5afcedd57b5f96dfecc86ac5115d1beb6c0f3d0ab09e4eeaae67967eb6443,1,146
b23b3209151d71f77b82ea6c,3997,4c2e9c6d015c394fa2d1bb15a30175255f4209fc78bae21ca8cdbc4a006a6c45,1,147
c412e20de02a385ee9d37f4e,1123,f8a6b96972beb190d34f606fb3719d2428bc124212c4efd55c7aba0ab7947e13,1,148
d6200d76b1aec57a718b8b73,2161,b217000b519148b06699118e8545fe9b3286d541fc75371c749b66999167821f,1,149
47b017040498887c6484bb78,3865,734b870a984bedbddc76eca95e495eb72db414c437e35171061d93f0390d46db,1,150
edf985902052fdc831c6c804,3584,202eea553cb6e26eecd358dee41534d2d210cb9081fe2feee34bc1c5bf97dd1b,1,151
6477d0f15e364b7d8a448bb0,3384,19e992a2e96c2ab3a4500e1f99dac8b2bb2ec91acce71d17c6e88b4416125d77,1,152
c2287eb79fc1b73a2527318d,3739,89993a1af253b5014627a6db9f1a71c11b658f1ba9b37cc00a2541023205a070,1,153
8c035fd453a377fb7baa921c,3988,7a5416780fdd323656ab878a74f4819e68a74e994f3709b77f62c5462751cd47,1,154
101182dfe2aab40e6359f82b,5145,ac2583e803c57a7793de38eac4dd11cbe0ab00cf5fd48edb0aab91cd78e4bf50,1,155
52f2a8ae99f7c5564d4ea3cf,3684,b8e7bd752b0d1ba4419a3e0f0145f066c3777f1593b099c68f486583ff1fdd8b,1,156
0206b9418528dff39a3abc92,4340,5985cf1bf55c1a99c84f5b673be6f02ec565989776b7df817b65c70968fcfe93,1,157
69e7fd676bd4cf6e44e47069,3024,890d3157ed74ef255bdec01c40e91b6bbfb6b46ec12b6087a8109dcab864a72e,1,158
eedd01fe2fa65d7a9920f041,4310,67ec85539deb1d8e5247ba4d7e946e5c9f338bee8d80dd9604b03ced989f4d42,1,159
d1a55b5bb771d13a8b4d1ceb,447,05e013eca530815c106324ab11ce2be9a5fcc20a7eae32fb10193c784f0d08fe,1,160
cbc514d84e2ce97723035bb4,4132,db0f6130d3a070d3151480e59850457d3ee685a20256f960733c44c2490f98bb,1,161
66ab50811d4aa0fafdee7fcc,2903,7e18a25c66e05bad77842ed3d843d2b8d195f572e7fda66f04236975bc834f5a,1,162
10b6da1f0a40f7ed73de6131,4577,6514ffd367e375696353e377c060de7c88df23fad7c7b0c572e034770079e490,1,163
7f3dcc0e98f22e4ebe8884f2,4764,f392a8b9d730cf41ee4bf0d3615296e7ead40154332aa064a3c1017325bb0bb7,1,164
3d98ded27c50d0824a3076f2,5457,82220ecce7d7eb2d5a61bc4489d2210a1ce1b336b1d3b5c71ae4feb677419ad5,1,165
bb4d4e6dc8dc312a6a9b2788,1511,f1fc10dd0c19fd41a50cb21bfc6a21f7f0bc71c9779beb523faa780cc7cb1c83,1,166
38a8332bfd6fddb16d4ba7b7,2484,f44b393543ec53b9242c6cb034bcca72e4fc0e911169976d31899db74996a00b,1,167
9e3e71e5c13d3abb0ada14ee,5020,070f09d2f2196494c297fca55eff4d888e2e14ffb8519d35644adf8915552e9a,1,168
075296523bcd826e360469d7,4152,f0b6e5beafed0c562d487dd8092b5f403a91f209ce90c49de07aa05a7c28dad4,1,169
a8597bac9ff010a924dfa543,3427,00de8ecd03cd440ad2a785bab812a179ed330cdf323f735e048684fb0153246a,1,170
a5bcc1a95c19cfe00ca615fe,845,896e2ad71f5bb075450db397d9faa73ce422d96c1978429b5b215df57d6eaeab,1,171
90d202dba5d7e03834ba8203,1621,3b5ca1bcaad7d6bad8c41a352b8e04233741bd9275c1a0b46dbe520419abfc0c,1,172
b53bf361d81394c1eee67185,353,90b57f28319c556ac6896d4fdad3ef52ec4bcd87200912a95b74e96e4062be7f,1,173
d013dbca922261f3cabc434b,2659,093eab8d1d4ac475c75edd4cc6f87e22341eed08f19423f513045df98e81853f,1,174
e795bd23e3200d20c3556c03,4572,95623da389c40fb1d36b2440e6c6666c785711437beb7f697cfa43ffead56858,1,175
1210edbf7426ce2b9a443489,1742,ecf2b24beeae3876203058f94f699764cd5a4368bcc7f70b4d20ac2fd8e1e91c,1,176
c85c6427339f9c1da3fdd500,522,5dbdf503b73938d6415570d66e9fab25b6857d563df18b6329d7d281a20245ad,1,177
4a9f8443273aee1588ad0869,758,11e426f1a4339b3b87a4835c5dca86c6e65013074d332a583957026cac36e7d5,1,178
91245bfca1191de7670633d8,1782,c41b0c72a5b55461a99699c233ed1da3829064b450f5b35d5a8eb5b6ec720ec1,1,179
4a04f41059a013c39c08af1c,282,701887ccc0b75a6dffd69d4c49323c9eb962f20a24d7a324d6ec148c69c9df5c,1,180
c15912fe6c90d87b00c873ed,922,4d84bdadb716747877b89bef9c39b082e823d14679c2e5797d3836d2219066d6,1,181
82d5f520c4335390314308af,3409,6c016d0851a91ea17d7ffa65520b5e5bdd264426874793e85a5d23d9bf80ac4b,1,182
c1103ace774db011a85a81f9,5456,01f4a71ac25a01dae046a2d6c9576ae70087e9ee9f89369392f9cd9144ecc6ca,1,183
550231f2ed65e91921b4924c,3138,5aef8bf0d738bc331a31b1844cdc0b227c33299dd2c402ad8212cfaa72bcf7d9,1,184
6e70ec061b0927dfcf3ab5d8,990,1af85c42fce4ce801695203f68738af58899ec0fc03106f0392033e1c0781b1d,1,185
af523e88a0e1c3d5889603ab,1249,2142f74d0fe480ed5d7570ff9e2dee27063a1e583a7875a6eb815cf98b60b48d,1,186
1b9cc21ffecdb3a3d88aee12,3882,dcbb6bda80f646c7b08a0cb085d4d07177e1aa59a421af49f74521611e33ad28,1,187
3d9e4bde6d13d4005cd882e1,2615,b0d1b2c99bc263835c105893bd5404c077f5e034475f5db6b77bf72d3d86cc69,1,188
7219e6ef2e1c1309a63b9a47,3175,7adbfd88db42bdab11d6e0fe1a44e0ecde436fabe578ff0005aae5c16ccc442f,1,189
71f18a2a9e9f059eddef4f4c,321,501e54c5f2355b30534fc06e790bc05143dacc37aa275d99113df2298ea2f123,1,190
a8a0b133b1dc9cbb87fe9b1d,995,e1fc5bf312bf50a4d2e30bcb719e02ebb1f19e62277dd5f5fce2731b7449db14,1,191
2141e45b9b665713f1d1df34,4772,4f867bbed26590f4f8a2f77b846ab8e4c4eb835ff4e301e2f1695e05b849d901,1,192
f77994cec443d84411999f09,1773,401d1a01d4cc23f01fc3417db45321302d25893f61b617b4c3c4aa2d3ae4635e,1,193
11eaf3d1def8f98a0f661f7a,632,2161337c08fb9f202ae689c16a7641ec58a5dc56fdfcccbdce4ae1dbc1654f03,1,194
fd75497c823f8de4d43ab391,1333,e2ab84d7a82ef191f52958a4f1eb5c59837dd35c975f50d43df0231ff1d069e3,1,195
f012bba815370f5ec4104f7e,3141,1d17b36f70eeed4ac3f0628d3957022eb97097e205dcd2e5819ff705f4b8fb62,1,196
5c54c71a646606c7c4322fa9,117,e608193f8bd7fa1e618f1c39b361100cccf12acab76119ab61b91a782222dcd8,1,197
5dd803ff0e4e8ba4a0b8809e,711,3839e52f97d391b207e7f8ea5e382345ca1cf5f1d4a1987e81c48a49c77b95cc,1,198
928b2aa70cae024582416574,4561,37b6b65915f577314b7445e8d2e4b7330ef036ec876c83ebb6c241fb7a2ff802,1,199
ddb4a31e62a9981d4d3e3656,2316,63b4d0e02caa1266bdc74c76f29c8c4d5ed90dbbe2d9f9a7e52be93afc2550bc,1,200
c98569ed6161c0c550746901,5406,7d0f125cf303f9c3575d103d2ec346db85df27daa1a870f0a04cc486ea880a6c,1,201
e00008c7189aad8e47ea8b21,1714,4c0bab06d5bc29be879defa294e87996173d8b3664c2c002c7bcdaab788c3d60,1,202
0f3ac9885388fb40ea12f2c9,178,927122ba99bd448baf8cae0aa324bdd2b36006a909048a8037d0439562ad675b,1,203
a84eb84cb7560cfa72eec9c6,5254,e824d03aeb2a1c729402b0d7fd9387649c61f2b5506afe6bc235747c8b3cacf4,1,204
f939106a46219220ea786ce2,540,90e7384faf3dadc59af725d63076358c3496d232707303f80ee97f03d730e125,1,205
7cbd3a2a2b23afaa67369e3d,4515,10063250faf38e4ccd858b3bf62ec0ea1ee7a12469909b4db2e66f4f0f5577e5,1,206
d7dd00bcd246795c30e0e5be,1204,7651582dcb5eba7b74260b0f85bf9f087ff6209c41bc797572dc742a25ecd870,1,207
e53b244563ff608e96217bae,3818,599197d0ee2f6937e1be5fb3941b49794dc214c5629ca1caa663eb9dee39b825,1,208
09fc13f888c4e29af75b2d3c,3768,38a6e806b6b3d9bdf2902d8b08a6f07888add1e60eea667e5f727aae3d8957d0,1,209
91ba5d15ad7a90480bb75d04,1490,a0e901057b7746d9fd4c332781c514db2bb183674af141ca25d764aee905f55e,1,210
b8ab522db6718febb73f5ca2,1035,0f39888a7508c7f31f5b156e0f1236a66b67eb97a6e33e0106ef1006d6f69bbf,1,211
b50e3687f4131edfd18c3e16,1826,a00da527e00499333f1a74ff1e7b4e93cc55dfc8a612ec781a75df28ffacccb5,1,212
a614c826bc08e5f2ea820dc1,310,5b988745a02821feac6658ee6b9fc23c700d93d11f11a72ee5797828f9e478cd,1,213
6e2fb3a200322bf2b1374148,4981,efacecf636daffc1207ab62874d7517c38b368d597e5d5c6b6e3fce09c7ad99c,1,214
eaad81f38f2cb4022d8002b9,2995,ae6bc8127973ba27c65ca76f4135beb90838abd784575b47466b08e73f662d77,1,215
f61a4556ce8fa68b2e5cc1e4,2278,9e48764276d1b2c59367d71b918c5093ae00069669c0d44172612ac972ad0b46,1,216
0dcfb650508c9ca02defb266,1067,9439d833faada995ec15bedd7a5eef066416bbddf9e9591b2fef22ac8d0a9c11,1,217
fa1bf4c5d10d08efbec13bff,4096,87bbcc7fe86e0ec7b45cf1def2c7625a443843ed1229af6bdb79e909088b679a,1,218
e11b0f35f17d28e56528602f,906,90be2a84c89a8b697702a7342a1830ae9b84e2bec39280de24ffd50faf1b3fb9,1,219
eaaf56a0a9bfaf382c155153,220,a00c85776f45d46e8d1eeb8a6edcf8a4842a6efcba433f91d00d91dcebe3bbe1,1,220
40220df43219caec1876e61b,1477,b38368959ccdaf33c442038a951b734336d0e98356339802e5a28898a77a9234,1,221
1351579b90a29f7ed6905a57,208,1705f35c7a246c6671b4591e7498a20f89ac1f8d5e90be2dcb5f13baa32a4844,1,222
d993f99b4c073f89de43f03d,4433,7abafb4dae3f357486bbfc2ce06527265ea6e40e8c6f124aefe8bce36ae717f4,1,223
bc53ff3ea55592c6ac6994ec,5192,0bac039a08325984fa73ff0aff568703e8a8ee3f3a3f8d29fb6762766e2a4885,1,224
80cd600b370ad14280055019,4287,5432923c27b958bba6d77af60cae8c249369feb0612465eed67132c8e3977873,1,225
b679d0bbb157717a3942db17,1833,0d632edb175f59675d120f2c5e473136c7ee7c40a3e342306438bfe581e0ee47,1,226
cd53d7e703fac2705ce95943,3932,cd4bb7a10d97d42e1a1f2b0e24fba25a2e6c7d827a31f5b9baae796843b46ffc,1,227
ce1513bec1427ff11aa828e1,1750,8735f3b48c21155ab4a847cfda000825aac5c90c5240868052774c0b0468099b,1,228
a1c0968f6641d0eb0e6fc6d1,584,ec509024fc33fdbb209b417230a02cd2062d2a86606f9a5ce6faec46307d57c2,1,229
9d3dc019557ace263b613666,4015,6b171b88f84bff5145a8bcfafd0959131bd0becd3a8fa7ff43078981ddc7bb88,1,230
4afd70addfafb4e7b8468a1b,4026,413f755f12e1ad801cdd6ccb7a882bfda9fe0308f5ae0197ba8745a61bee82b7,1,231
8e7fbf6906aef61e173c3f2d,676,3c1738628c6f0703d7f7319b0e2ace8f57bade3e1e2036a8d2ffd69f1ff9ca57,1,232
830859aeeba70ac2b34320b6,2526,f8d1aa70fa61d560513168575cc140b253e8914eff1a60c0dbcfd5e690e3fa44,1,233
c182682b99438033e25979d7,786,de00ff3e0c98e74df0bd9fef3ebfb39faac5ae3d858c2ce50bf3175c778f30ea,1,234
5689920d81a3acbd9baaa264,5122,ebf4aeb05f599d8a653ffc613dbdeea52f515a42f8e8a67df2ce4f9979916f62,1,235
6240a8281309e28d6d44e114,1697,b21df6b5f678ac2edd7e685a9f4f0d2445f7a0ef72f605bf024343c8f68df995,1,236
8559669712dee6f596a4fec8,3672,4c8840dc3485aef4148348ddb18758472cf62fa03532c89ebc5e5102980cbd15,1,237
c0a4f11ee71854a997fac0a1,1593,839a9f477189336d1ccf5f97ecd6cf09593bd05878a7ec247cf0f46b47aec7d5,1,238
0daf5546e1c330e1c140c49d,2570,e6a7c7de0a3fed42987bf32b99617835efde2795423a79d7a2aa0550f4ad60de,1,239
734752d9a0340e5d4ce00828,2279,0275a9c8b0fd3d1140d2e8cb475aaca79dc30c3eab3fe2df79e3b98ce4caaa6b,1,240
2abadae446bb4bde3633de63,3943,0b53b985090621886632dd1da5c3340ca220e52f192644ce6dbaa8433a0227b6,1,241
0ac693f6de865560fb0da463,2363,c555bd03d71394e9c52e1d10e2453bb338646728be69f89604c6375d0b4b0314,1,242
2d0341a3472c49897906d2d8,969,cca37e6c537c44b0e87acb3fd761648a9bb68fafa10c7719f95b51a62236cf77,1,243
348d6b6eb1fe83c5a7fffce7,1420,295aaa1a9515e1c112d8922fce297c5b171838890601d4d0b088cf26d2f72245,1,244
e783f651e7813337615e7405,1416,3f71172accd057c2a4f286eb4c77a9067d9afc2f0345466c2ff226c31d1d3f21,1,245
383f209d0ea091dd4d47ae3a,2356,5eefb01f8cf7c67767c5ec99977573d5ef8ceb24072cc8fd20ae01393bf72605,1,246
31e4f43c66e324235c249cec,5252,28141de665340193402058cd1443abac29db828486d719a39d770e8342543458,1,247
2a95a0cd641a2689fce2ec88,771,40060c1e8586f7b556e1053f9fbf2c19e4b4c524bec124fab49538ebff9ba4d4,1,248
c14c7cfc0bfdff3d30e64e7b,2392,70b8c8c71e8c3a8758cc7e7b4de68e01743496084231047a7fd3cafc9707535c,1,249
664db50563388ee5a8b97eab,4347,5eced1cce75a07cf937141f3b9f2cf77b2ecb4303b42aaa32fb70c07a6149893,1,250
9a626faa64e5317d1ad40939,783,aa88f5807f092a3db876b3eb42c8ba1ca03a79cee6820adcd921e50f9f20757e,1,251
06b9cfc99b39654cb18a12c1,5230,6f5c7781739bf6097eb66ec4f3fdae9558978dc87ace1367d460e4e4c4d90e5a,1,252
7359ff29496827edc516c54b,3867,eb7016e5d0eded4f55bff5fd2c94dbae1f5af209c54735df2c1522b396bf5e50,1,253
2a9bba8543f35abc094460c8,4065,a2a650897ed491017fc22306cb554467aba11e00e476e9080123ae8c90fc445f,1,254
d56ab9a845c796eeef1c549b,4046,76cdb6005a6d7fbdc9af92a41221d0d8411259243c92bf3b5a9714a0cacbec70,1,255
f7e3ad6e7744f55cc3513b6e,1904,633f2b87d087a723f711760669e08e45fbd226b544a544ec8a5e4fb80a672998,1,256
2b454ef76db6be54a3760a90,4303,e3b6c70d6d2d3cb0042b582094ad3dbe273461df31167226c23bfca041d42cfe,1,257
40a9abf835cd0ed66d08f957,3349,e381261f64908ca5855a668e6b186756a823c945bbb0902e5a1b0d4f996a138a,1,258
f6bfdb5d1b93d606a3471f1f,5407,2e9ab7514af2ad96c4fe40ce9e81fb8f9fdf4b203322f90358897e6e3d035404,1,259
3da7fa2e62f136beda0920d3,4854,d9ab8b24ee46b0fc92b2f3dcc1c5659da81a2a4d328cb62a56bc47f829110473,1,260
5932e7fb1c4dbd8a4e4d1480,2077,c72c579076c1f28d68d9825fda9fbc1810f539c6227ed7ce9efe96c222929d17,1,261
b33e906d2583828f9cdc52a4,1890,7d8b377f9c22fdbdd82614b98123029c6f729d593813ebe13e2fcaab774db00e,1,262
2f320c12b481bee2b271095b,636,d0d01981911bcbbb26f8149ead9c407fffec92c9b378883600f7e3aa94a9d7d1,1,263
7c133718084a7ee1a898fca3,40,fdc69f24c92c28429fb711fb44156c0b5ed13de63dc1066c3757f8c552693465,1,264
0ac021b26c313c08f57c200e,1745,fbc8a6655a9b1f65ee514d89a412ba01a62c25044c0b1f13ac8d92fe1c7d8135,1,265
53a17c9ed08fa39b0641d159,2135,1b3cc61422126516f229e753b02196c08c5ac86dcf0f57edc601ff7eba095359,1,266
ddc118d1da42ca1e12c37043,744,dda9bea6d91a3f71138fa955d13da8429bbf9d54bd4a399c71c3ddff7ee1658f,1,267
c688c795af4901861d1eebb8,643,631b81944c8e6f251f52477e426246215774d7af6057c311c1a0aa56a6aa45b0,1,268
a5e1f0b48d87254df049a02f,3038,cbe77871159392d9c902db5f66d060cce2a32c0d46b1163a570e49d200a1fdb9,1,269
9e35f9238bbfe6064e77273f,1505,66c4635eb77a61f59735ce0bd90a9cb24c3438c4772f429e6dba2b235837a13f,1,270
1e17f09e318eee0b0119994b,4725,9a0108c35e10c39d245810c0e2b56fb9ebcce74f78a68a6fc1d27bf0cc41e2bb,1,271
d670b962f5a59fb7b861d07a,280,8beac713ff4a6dd03e6f3988237dfa193688bf17ef0ddd67bf874773d5253857,1,272
587eb81c6d19195582c465b3,237,725b6fa88da9e0d6d761657f5a59e2926927cdbec08c110c1c4ba986f8e9a0b9,1,273
f0ceb3d08cbb8a8b83784959,5346,05dca02d18e156f8ace23eea2c707931cdfb38c671ffaae14917e89d7ac2df3a,1,274
78792f7da4d8152e70af27a3,5352,1030a3c6b5d9a973d2715c60b8b1b56a43a267c2c91764008af6e7f44000040e,1,275
effa1ef598f2039c7d4e47b8,2010,6708d49a532b2b56400b4b8ad830527b00613183163231c3cead051629eab4a7,1,276
427392a8669263ab57b467ee,3298,f8b2f05886bd6d74910c70c9aacaeaabd4bdb0d0fdd3b435803bd1be800b1ee9,1,277
4fff0c65cb47ab741e5d88b9,3756,a41315bea672b82fad124051a268b12668dd71a1cd879667d610c2b7939b67d7,1,278
ca6204be0a7653691c3f7674,3098,846fd2bdbc63c61dd9187e4bbc5217fb5aedc4e714a5da444baf0d2391c42116,1,279
5255c2b3d0470ad10eca5637,4038,c1fdfc2d3155e6d3bfdf86ef39385d01f80ffe9e02e2114322ca95e03c89aa78,1,280
75bc553a76df78352a9d138c,2439,84dcec6d382388aa893950aabde1f7876e657520d8afc5bef366c02261e48348,1,281
31f6f25957db7efb4df356b1,2719,b392cb7166307b80bef62d4f9d4eb0a15ee5f6dc7571b83a945d5ffcad28a9a6,1,282
8e8193101ea1990bd7db2b9f,5313,e2ceebcb3aded4a8992464a209e306c47212c9e053c3f4f117cb3aa4367c2dbd,1,283
fcceb296b538299752515916,4321,6ae12d337edcaa1b05c2ac5681c926998f07164142daac5c58f2170e0a89f251,1,284
1f8d6d90bfcd8a63754eb5f2,2433,989af87a6af1cdafdd855c5b28cc9b39ca5f6ef9b6b06eaef42949a291c8f6cc,1,285
f4220253ded1669007084b45,2119,095df66b4e9189e8ea1e9d67079529eb885feb7bdc31c469c6cfa0eb064c1615,1,286
8ba284a000f769c492a5bec0,4318,58fc253500b10b11066dbc023cd96b4297c58223f8a1add05ca930bd3087db75,1,287
cc33355b3e9d542957117490,1993,b658d5bb353272b77399da9682e9c00faf51a28e5db7992731f1d5427258a5e5,1,288
0daa3475df68db68d41d1e8c,5270,927e15c6468fb1d38b4100a454e462c41372bf9c159f39588166d9d142b0eeb8,1,289
ed316ec46b938a204008904b,2032,f62abff04159a7fdbd745f6d3db33be972a0e37a6c667c4ab19c71dda7d40e28,1,290
218b398dfc94ae4de389fba8,1234,cfe6850ce2288dd7e45e231e548d7a689817c0fec5cae7b22abe81a3fca0f8bb,1,291
67382e9a97ce42f2426a8032,4316,1b161d0b89b7ca91b5c732acf590f1e981c33b05c4ec852986981d5c00156345,1,292
0325a00517ac5149996a6de7,2072,877553e2dd13887c9e0051eb1e3710cb26c4728c9c74f851d092f33cf321c0b6,1,293
1c604341d6bf7630fefb24a9,3782,b74ae5021a882f07e9c02ad80b920da9b627adaa91d4004763c9db001a53ed43,1,294
fd88b3dbb2db1b587119eaed,277,5605b36e5580141e267e57558a5e2e578856ff4278e3c8bd1d4a6641f436d3fc,1,295
1e520f5ad29413324b03e526,1498,0cc83b3f96e94b8137ec71b18189f75cce317f4bc6e5f554fdbc8f574e8179e9,1,296
db1075d2bb59fcedc203a6e1,349,4fbcd7be64a3e7ac6ec589c436a74ecfa117631423206691dfc28c3aa3dd4d20,1,297
7c593e840189dcdcde2c9cec,5336,982e1cd23cae17953824cf5074b7b50f57850847a11ad55c6cd31a1daec7ea03,1,298
6382170843e32b5aafa792e7,3533,f0b0aabcf2dcd76e84047ce9c13b801148eb9120ddfcb497d5c93940761b31d5,1,299
fdc476d08892fd1f0c25b964,449,bd7bdb4bcbec10f6041a4b6cec60473f28f94d89f90e770bc52677ebc06e8500,1,300
dfa9eb16a3b5fd297fef5866,348,e8f28a038673d10844dba69843758d87296e1d6a55139af3373695ad64491a4b,1,301
866ae44f3c2b92c45e5a912a,4201,8aaa15200c3cbb859fd012abb8e3aec046e261fcfe4f3d33fcb3cbc41f8d40af,1,302
6b074dce3bb784b630349b57,2155,5883e958d5ecb2628e831817eb894ab6ce4061d7b269af641e3adf87b690dbce,1,303
0aafc79cb1720c75953d3303,2540,a92cf4cc0a6b571b23db65c2274526fb2abdcb05f1dcf30122c37f44e152daf0,1,304
e06c76003168cefcca0b7a64,585,084da4f44ff0f70dcf589dff4eda4cd37a48dc6f47aec110666016e06d4f3db4,1,305
8e7ee7db3d3eb361812a8432,2573,402592c6258fe88768d793d6d6470d4d74bd9f07b39d013f2ad32d1249e7bee7,1,306
a7b0ac4eb541f9eadd928978,145,1e83a5a46f97eee693566e65815352c88a5f16acd19f2be170ee17a510423e3e,1,307
5238474fb2b0ca033280c493,2721,0f25262fd91141727cc555b32376cdf77d5fb9798b33fd413a543f04e721ce89,1,308
eb89ab247b5678eb9d6ad735,1252,747147eda8448ff78a7985814da5ea58d1aacaa9c00f17dc2ded04565a1b963b,1,309
2541e7efedd4add642d137a9,3656,6ffab56e5d922b11007483921c5a56d554ea845641260ee68df95e76007c8ac7,1,310
b59ac88a525100e9747006ab,3589,316ecd27b09e0304c0e0e022283b6c9ddbafbb4dbd222994a50d2c07887b982f,1,311
bc9d59016aa7abab76a9e551,3459,fba5c19b9cfe0e12105e001367e84c4981f3340201c8a0a49804f2d4aa736a05,1,312
98d27c9549a1621e481c6673,22,a4aee45343f6d05c43d944496cb11836c724d8c6d678d8dde3e8e2cdb4f1f5cc,1,313
23e66519b058a9e7e61677d4,2552,76f9c34ec973d0dfba6fce49bdeb32fe6b891cf08e84b7f82c153c2f69d11f2e,1,314
acdca3d647d2438cbbfa94b5,2641,23c5adb02737540d8b64332c42ce8a0331a98997ef43d70af42f72cf5caf90f9,1,315
43f7dc19196ea8709442885e,2368,104ff3b689f171e98993d3a5a60c8efb655a9f556d9ab8d50e87cb2f51d7d102,1,316
48d82df0a9f5f8ab69964ca7,2093,7c60eab9b09d9b26d77e5ccc6db3150205a8d460384fc2fce448ec20d7ae2959,1,317
1b35dc8b5150a2fa4c17cfbd,1008,a1aa0afda9f962df2f836ace8a92bf9033800b3e8e8a089294a12ec2d31bf576,1,318
eba9862b281fb6869d86c924,2791,1a8467158d3a0237616443c97ddc29c3784447db2ea306d24f84753304163ed3,1,319
ac9113ca11a5857a17f8fec2,2400,9e8c572d2da56c21d109ca118e133f4b0895512ad96f1bdaec611a77832c1520,1,320
bda621e5e9d30c5eecec013b,1237,25d36275d0052d61929b819604ce44d1daa5faef8d9c50be8eee834e01fc14e6,1,321
f2982851861c9b558499585e,2060,44deedee86cda6978f51e794fd64159afb52c60e2cba05b1814642be7c109cb3,1,322
89d48bead33a919081ab28fd,3029,9fd458a8f8d28df6d4da3eec26848f45c2f1e70ad8bc013aac93c7cd5b09cabb,1,323
f264e4cdafaf0c667d4e6ec1,2635,a60220aa74a114f626249258d919a3618c771574a3e9fc9e849fbb24e336410e,1,324
e209444f7f0efc0c742dbbdd,934,2de06c1896065c76fccf46da99d2e9afe8a61d17284ed31600c69368dc4f66bb,1,325
83f76a4f71c9bac576ad96be,4766,eca53051399d6c6d903ba30f9c6f2f7667a9f820dfcc052c75dfddbb0a6a1384,1,326
f37c9805e0c134bd14bec44f,5111,414b15bb78e1ade9cc24a251942e9552f8ebcab00f82151bac5f400906300379,1,327
35bbc194541acc7e2b273ca6,1758,294b2cf556395527e7d00a594ec75f737c68ef658c71b3216c6a4bb7f429dd79,1,328
c262a7920e6b9949594c0b83,960,332e3f3dd9e4cd8e5dd530914b0417b0b2b6b7488fced8cccd8d23df276c9037,1,329
5cd05c0d2df62e6b146f8e7a,5242,1b4c2d24bb444bdd72cd144d2dcbc36bc93c3cfb7ca4f12bcdff8c428f10d5c8,1,330
2b88f22f5973c4475e16f7ae,3265,9950d0ac10cae44675bc02e296f5b050cc447fb73658b7aefc2cc707a8ebbb91,1,331
5c2a58e976353e2dc39bf9d1,4623,1a694be162305e126dc4d27ad3fff9e47004b8c5cc49ed41ff94abfb77cfe20e,1,332
564f7fbaac9753c375ac100a,3609,cd5b3c27cd94c702959c786dce604ac97e01b80c3c3a63b75c2c3200c3985c4a,1,333
b914a60f1c6ee9c7720baf0f,3734,a8685f2d5697d1b838e806246239095536d52b91718cb4be93718e3480e97f6c,1,334
262bcf4f0801a3e5b61bf6cf,2169,e6cc8d2e44c1392a541f221db247f63757cab7c9fd5474723896d574eb975820,1,335
09daa0439f35041e85dd2797,2685,67a7f81d0b96d8a860908d03ad0db73bb7c490494481491f5c08ade807220b83,1,336
545c8bd52443cad255b0bade,406,1c5f2f250de336e9fd18ac80749803942585da715ad216f45b5d335d15a03179,1,337
072aa8d0181261ff9b82f347,21,d9b40c69d8c34aac1688abde9000f2736992ca2292097934512eed550f4688df,1,338
14738b4e904f51164efd9323,3933,f913ea7dca6e9376ccfeb57348d022f8e72e76cbcd0ff42c749e937b02c6871c,1,339
745183a62b249e14863d4f52,874,448a260cddc58ea578b93bc40ba22f09c4b967c454cb854622e1a0fa4cf81964,1,340
c30574713d5460129084396b,4027,662056181c6e112cac411b802a564a57b911fc228536be5740a670ea4666667e,1,341
906a4f27a183d850c93de848,2596,51f4b0a3d28dc06bd6414ad5b9189f44417710c04bad99d05e118b39758bf00b,1,342
ffe04d7999c8d12427b4056c,5355,fd6fffbe75fe506eca3880717ee789057544c2c310e03d47b2c2a12af39bef35,1,343
1b9f35b052a97a4136848604,1866,22f10998fc52916080a4b9ad9bfd154fef8bc00c3d0cbf32ddb2a574257f782f,1,344
e12af928660f5d13133280fd,2841,c11f9811ee98877715b4eb9f0bdc295e4eea3ffa729163cfa80d99cec09d3f99,1,345
465812539465b49b7639f698,2560,9fd0d7c9d4117c2d29e71322c0da671673064de5b3820f9d65ab3ab0b4b9c5af,1,346
96df21587b462ab2d45dd899,340,1d473c0aa746a0d22674fb76b1bd51a7993f8190049aabb611133dcc7f85c804,1,347
80a4142ce70f39b5fbe73fb6,581,623995bf5cdcffc8245da2095e3f47e4ccde99e6c965fb3ab595d39c00927b7f,1,348
de0ec3935d72a3891cd68e0e,959,006d0af244788785213f9106997fbf5e53bd827590d60a5313257e9346b39825,1,349
e9cb73a58306d3c3c2454e39,911,c7a8d1b0ad81cc1a63d259de3316a38fd87e1d47267b8f1a3dc92fc97b33db11,1,350
ee8505e98d66295d0f31b2aa,3852,38166de06b501502f98a3ff318367882c55beb2ae39c2474ddbfdaa58142a26f,1,351
3763ed74d81778a530f762a9,1127,b8dbf22e70a91a47ca75d53a6702bae432fd95d844b1660eddac6acbb3cd8cf4,1,352
3f55b4747a966309e5a9e07b,5127,92a96c1be3d0d0328592586f379f69a6b639d9bb49ba2093d8c0c7240efba2b8,1,353
af3d9c43c2bb4e152185ea82,602,ec51ba4353475ccd21046a7eda561d868dcbf5d2560d6e7196fce1b23c2ea38d,1,354
f8d7e836f7808572ac619e38,1091,c9d9a752da75a8bfb875d4dbd2891d0838e2ecf6e2e17fcd2cdb2c64331d40f2,1,355
7547276c76ca5ac56e6b7614,4166,feefa0770765a21239cff567b1f91c51e7075025bf0b66541e81e276940aeace,1,356
294a4eb077b7cfd97a64e41d,3224,55e3dfa317c2c8fa0724dd5fec9ed583c72428675eff04fc2943a2d9f6dc5948,1,357
a219b3b2d7c682bc700be036,374,555970a0022e3a3e2f02c7ba8d2edd526f8b1a7d45350c559ee8861d732ad37d,1,358
50ee7545e449d84f0ea21ae9,3569,e35f6838787fa7be4033b23800147ec5069bf1d485cea0227952d6ee7c19e0b0,1,359
348a0d81837b65b7d796ff16,1599,5d6f58b9d82f5c00ac293fad64c4931fcb6b7c249d8864695df7afbcf17698b4,1,360
0f8c09b24be7e98dd57dfea0,4660,2bdd698b48fc024d5e1184165edfece10adb9fd55fbee231d6cb7b22b3cfabd0,1,361
f03bbf0342056369aea02257,3233,fbad981c47e710da6b746c4102de6b5de0cde2d44e21afba3f5556d3e91dcac3,1,362
88cee52d273f6fc311c1e27e,2993,7631f3147963924167ae7aa998a95bf010420c587386ccb0ca699d2a49088981,1,363
266ea323419162ff5553b8b2,3230,f138403196f10f3bb44482e5b0f246ddd97e7d4cb8b55329e31f1e5aef1ec995,1,364
b80c86eda100e35c790980c7,4661,87ae78e8472ee4124525699463cfe9ce716ab5727291995d78f37b92402e3f12,1,365
595b81189c8c3d6336e4db36,4571,e63b9ab76bbbeb4e1d4a6f29cd80e0534a44ccb6110e74e79a8c064af7222dd5,1,366
9a9f60d1f00a849638b393e8,716,7c2235dae19f4dd22045c4fe1e356a5e58decf978a7ac0c92c8fa4faee5ba654,1,367
7b6da915c682952efa6bad48,679,ffb9769e998abc4dd9d968a582486de6590821a95abd85261d246754bea7b6cd,1,368
db897bb978d681fefc51a2db,1129,84fdd4d281df88a1fb7878e947e398f94215a5c7f089197f09d8600716c54b5e,1,369
203f8916f6faa19c7666c85c,1496,3167cba65ea24829be1ed4a1be0c5ed26d4058a44ab8b6ae417a80062ab8b97e,1,370
21cd67a51806f079e8952fde,174,80caf7e202be0d28b306cfa160bdb400e303b1bf9a495ad027c4cb61a0ffeddd,1,371
8fe6aba303c6605a1e7ad008,3693,58f7be59ae8415862b1ddd2e374721b15b18c40bf952dec31792fe42576aff6c,1,372
ea7a2026d06bdf134aefbc95,5129,add463e78b74a2caf0c51035e1fb10454ef3353878e6c255e3e6e980a4334c3c,1,373
4016594f2b6e89d62eadbcfb,1081,4c4cc27403e3ede1e22d106feca7a8edf3d29438aa999eec97df3ac54d9771a7,1,374
9164e2d70d82f2d76806cd54,3516,a53ca851a245539782dc61930155d7641e3499066a0f1f168041f0fa1f3f68ad,1,375
376a99904510659cfb56e7fa,2343,042fd96ec6690c624c78207b3bf4e99ddc46571c23b0e99877e751b61d62c48b,1,376
0a7567612857c358ab9440c4,2225,dcfe8e291a78e5eb8fff85c558843d41b7e1f7ba96b239b78020f33e3236b4a4,1,377
5e4793fb73c57bcee1db0a5f,3773,1b7ed9a650be2eb697be30814072cf4aa06750da5c34d6bbc7fb2b513e0c80e3,1,378
6b78e184e7e1f66e41ce6175,2491,3b5aba797a26c1cef3a0fe6c3184b328e35267a29d894c50f96ba4060b2ac89d,1,379
d454b522860653b45513cdf0,4162,18cd86d8d683536bff4093c8b2e19ea90838af19a6187fd975554ae8ac1c6f78,1,380
fe2ad56b0c9fddd9e831fb44,1154,b28bb24e1e33fe535dc5a34b9df3bbc054451b5445b8868084507f3e5044760e,1,381
f4de6a92a5ae17e6f0e51305,4465,706dac877e1eef200d457fe27332485e6b30899fa533af16c2cb2d9f5930209b,1,382
acb0a8f9ff3a0704aa959566,465,376c7b234d4f875a64eed2157cecd79e439442dbbec829d8e5f14a29f5e68dea,1,383
accb2046017ab8d2679b58e3,4139,2e1c4257a9170be6566622866d06da4720c1ac97246cffaca325e98d6de257c7,1,384
312a356a37d450cfa42dd098,3718,a3e04d1807ea0e867ea8512918cffc26f604224947e8722cfed734efaa7ddb3c,1,385
dbf48c55c041f15e06418255,1419,f3f258b60687c6ab9ae1f7a72c803debebfdab02c9569706fe9292b03c737059,1,386
d83db076b25169f5a80e6c00,2297,f14cd0f3fc3140504c7019365b32ef578c45a961148ea874d2a0af4e5750013a,1,387
6ba6d493f1d61eacad3a668f,3407,b5938d29f166528d1e7ce27fe610cb34904d899470dea10aba7178e37e99d551,1,388
8fe4391b025b37503e2aaa68,2387,94ed870130b8a7373844da04cca07292b5329dee948c0ee59ca62ecad5a897f8,1,389
756fd7f5bc8f07e8e3b04a5a,677,59074a59ed38fff670c55d76e6243d798b6f8b36808cc319fa9b59844218ae3a,1,390
73132036aa9f239416305a85,3008,d80ca846070608ba4ebffb22fd24d6ab01674958a969e879d507c555badec10b,1,391
9523662dbe3ce2f11844a7fe,207,bd23436a7172cc7b2cf8df84998f350953c395e37e4bb4071de07fce6b20acba,1,392
c973b89b3ffa955009bfd137,3209,2a3403cf4d893ef718fd9b99d003ff99ad74b5453b7ab310bd6195437a517a2d,1,393
d2e4c2a816e91d5281465a47,2733,a10b7c9e063c269d21d7967eea96356372dbe2502f6106fdab0df0e4e3960853,1,394
e81f0f99133ceb1fedb20bc1,2270,444e0856557ecd7fde44ec8c92980a3f54a252ca25c315f42a7da49d7e88d64a,1,395
bf4d6e5da049703d58b47a8a,5394,e2aa89f2731d6cd21c61160be9a4170b59c5f92a1172a34eca9fd9aa2b1bc0d0,1,396
9b1a181fc4e7fcd58583e84f,266,8981f4fb612f23efb55f9bae76a00da4f248f50e6344b9fdb61059b75a5eac0a,1,397
42307013a0adc211351a1d32,3879,a03d90e9c1a55200bca10f0fd3c26842a7853bd0737393ac86c6f744790d0735,1,398
3d5dd93479a4bdf0fdfecc36,1953,98f92ec5b6808fe63a4b623087353bc8ec6de80bd05dd99e1e22c97561ce665c,1,399
2f095cb35572e79b60dc1732,1908,804fffd5afdf8c7f3518f11b433421dd2d193e23fd13f8d4188bb7c519e4d712,1,400
068290314c18fec1ab5a6732,1302,b86ace9becea968b01bebf4f76bfe133b295c249cea67fd44f72e6ed5127ab37,1,401
9236423fb62bbfd3aa13db20,2487,514ca86768724d067a9ced32d2b72ca8f1be837b111960ab3373084c026e21ea,1,402
d0925c1110da6de701bd91e3,3191,5d3213feddb4ebe432a90b97695f1638d61a7bf6078b5ff0e19c076bc83a47b0,1,403
1c164706138732d51221e518,4202,926b9de498c0b80c7be6bc71d9696fb3a2047676c003def7a679a26bd6525c46,1,404
19238560b5c06ad9f2c20a0e,3580,a5df68b99799a24b95e6dec2cd0bf8875fe43a7ae41bf83b50954ddfe120a7a4,1,405
45171d74ec1e571a9aedeb41,3636,6ba36c245e2f049abca6bda5a11f158b743c459e6d812904653b9df928c56d78,1,406
7af2ed3ec1eb6077690ddf02,3713,d92871fc72c4f2c9a417cfa6ccaaf3974dca475dbf9b5776348ad48910a8e6c4,1,407
0c669b21e361293d678db125,4518,e119d0f6c8bea85773eb361fa37403d6f99bace639fb8a5b75b44d9275eec378,1,408
931883b2c2735f1d42c72e4e,4085,421ec61e6de4edbb55601414a6cd0aa46c68a9ccad182759308be8168cd9a618,1,409
ee9164cc8971fa0f64ac2e48,5,74066d3066c1f463ecbad07a1d86f8f627184c29714e06afed6ee1a129f543a7,1,410
a62a8384bcaa20bc6735a3a2,1310,530da2845b5bfc9fbd9a3deb4a020d221251ef9342e69556788e229e2bffc0e2,1,411
1abc634e191df785f90eb00f,198,24c902a456e99263b2368e40480a2531daa7503c85d47981b05c877fba1e96e6,1,412
fcbadfb9c472b6b2194e64b1,5401,1333a2f91b8670107a98b7339b8912fc7497cc839ac0f94ca861950f9ce2466a,1,413
2875b264aae64b110ad6b0bb,2783,89fb2db8f2799a342709c58d0a2e2984a4a51c096dce76281ae63c839c6a33b3,1,414
bf226e2e1cbf0a871298e5c2,3104,92cead126b19b93b8a0fdfd12d14db75c6b2545ac6beec9a29cef5d8a035cb4f,1,415
021ddc9a8fb9076351969d93,902,8185b67859b93d01c0d70815ef8eb0fd76e0b497515694e6877a13799ea962b5,1,416
273fddbd50d680be1a656c16,1967,e697ee4b99dc88d7a1612fa7953048fdf3a2e25bf93c152c5c2f1898c8d61bf7,1,417
ca2364bdab8b74cbb07c6d09,3170,d527aa72398333ff3c2adf271e4cf0011eeb956d42ed12a8851af867e31da8e9,1,418
819001597449feb59c5bb6da,1887,e54bb1399bfa6f8a29db82b2faf518559e5b8958b6105372a5f4064525f94487,1,419
1d587915465e832c1b5d3ffd,3031,7de35be9b6dc72e902515b9a90ab242b75b6c2ae7e173b76ba4af73d132d59ca,1,420
4e35a6b72ba17758aaf5f480,3471,fe1f82f9cfcb6bc1c3ed8e3fc9b6b7590998f08c07d5c6a54fb8846333e70c82,1,421
254fbf457b2113f823e1591e,4826,4dfa2fb06fce3ded3ac4d7e2639030406ea17bcbe3eec6ef4ad079faf0831eaa,1,422
e5445876022f76889f34e17c,1919,81f95555dfa577f87a2006888864e9e10bdf469cad6c591928908e25fa7f6ee1,1,423
224688611a60c1236ce2954a,4280,4818bfa7f5bca0880d1b74cb01b4e4b8d4d2caf9dd464d1a7af8603732d3b7cb,1,424
ad4db643743a6e975c3992ad,1056,960e3a655d514e07840cfa47f1acd42e3664bd5b122332e8f36bb5dcdad9caf9,1,425
13bd321d40285940f9c12d28,3102,d4824662f2842be50e294400a5119500732e0ead34de2059ae2b6bed0f8ab626,1,426
7019980747e4fd0d468c902f,2369,e5d97c73face2ecf437cc01e6557333c301058ea2eaa369c9af9df82dcf7116c,1,427
d5ed82cd80c498e05bfa6f84,4276,2ee0b472c98181f7faf82ee930cffc93b38c50152ba8a9bad8658113dd16b872,1,428
bf67e783d6ed76dda779e592,4650,0c4cd04bf2db350e3b9d1968094becb8110cdb2885f5297d697057723a313576,1,429
5a4fa4235c5b16f173c76467,2583,9d2c0a3db5f0d05c6eb562c6e64f50038493a30d73578076c899558f9b2125a4,1,430
2ef4b0f9a387d6e960445a04,4723,8ecfc36b47e14d94f1ba9b75556cc395f0d785e2db671a47ffd5ecba2a7195bc,1,431
ea55b1f7ab5e7c81ea359d36,3180,2caa09178f3864a1a510daa9fb208e331f969f2a4ec2ee1fa5b01c11da4abdb3,1,432
ead0245d344685d87f5f3e9c,241,c772d4c419fccc5c15460d7adc76205123d635d56b75593fb15edabe639e70f7,1,433
ce48139dc6c262054302b863,3465,5fa389aef5a995cdf503148c6a35dfc61355a4e8477cefd2cbed16111df782da,1,434
51919edf4cd6c9c08238b632,4224,8cef8301a3d9235c64e9fde316f7751daf20234a2f2982f07838efc7717f2506,1,435
5a08a4b3fb64c19519956747,370,0538f85dbe84ed45e8a7caf50ad93a1151912a10d6011810443e80eaff4d13d0,1,436
de2c72f10104ab810c62f0d2,2434,84787461ba57f9c0c55fc49c6b17e883a08f28d40d2b89f238670ae519f12722,1,437
c639455be3e114d2ef4d7b8e,4869,0d7bf4a56b2c6074409fa79d83ecf54e50392d26fe6a01c511285dcc6eade8fe,1,438
229fcb45fd89051438f163aa,5096,50f0e591ef6fdff63d683b477bf2864b1480535b34da7e2ecb5ded172a578625,1,439
885069288c3d5469d40c8df4,4832,afa990ce85966b2b9b9906352f545f9122297d0af47daf054798a0d5e31ab18e,1,440
b8086fead00fd9ff6ec9cd16,104,9bf44c5ba29848b283f9ff65890ea10c61529bf3f616433045c0f6610ccc3e90,1,441
6c6111acc25a2a899e263bc0,3599,e0f842ddb1d0143a7a1aa0503656a611a4d9a62a701572afd653188833f30d3c,1,442
dd0eb7ca2fe87a210a198cf5,1069,1b4a36ddba340ea6e17bc8a09092a2ab62a0feb1022bbf4d2436e10f4021529a,1,443
444f5854cad16cf12b77abef,4595,5d0df62900feffecd68a16e3867e89dc8089b3e1671f5b8c33ed0d0b9a1f3052,1,444
fbf4e18a28a380b2cc3dcb2b,4102,fb532027d76589795ec69f17bc843bd96fe2bff4f2ee75f2e8e32014d512b3cd,1,445
3e9afbcb97db101092302355,2619,fe60a5bfdb8f09b540d3afb5ae63625a3799c7334a6eb45f4c776e473d76eb8c,1,446
7887b6369141f285de347636,2137,7260162731545f6162677a30a2f2dbd1275e45534b0a504f1cd46da48dd07010,1,447
5d2f41c2970ed68d80513e8a,4312,df08df3db8221c508de4bf9958efd241998e5924714dc5666b2ac980614c16ad,1,448
f375bc8a64c6e4dda3d582b6,1354,863799c3935d67d31733e1bc6b22a9660e9a9aff1f151c26198f38538f5d031d,1,449
f1f399580fc3b71dd40fc0f0,5300,4e41aa48348293e8586364463420a495a394136cc7fdfde93498994ff6b85edd,1,450
9ce0f1e5a530926ec115253d,4564,b0901542813121ce411df54b9b8d6db8d832ee557bc8ce9be76e0ba00a314238,1,451
cc64f134b5ccac290ced3e9c,1764,2f00b6e606f3213749e8d8320489f38baa0ab757767088b3353a2683e8efc079,1,452
22341b742c904b7c4fa670d4,3073,b6ceebaa78912d6977446e4a624fff3c674d6a705404469fe31746a32b3aa4d4,1,453
e8026a531662f21ed2a38f71,1046,4d0675129aa2c75f3c3cc4f525ce63cb359c33a64c99fbae1843cdec28f81d40,1,454
65ca7392257b3cb3eb9f36be,3737,9797f57da0b7471f802ba1222de8b49779b8b695d2c4762137631cc28a9aaa20,1,455
906827a3c4de0efeb904ab98,3107,383ce1cd5715224f64118fe51cabcb5542b230a30102baf79b73e679352e1e33,1,456
d945b94b20c9908183be1c39,4687,da6b1025d1756000fcf3e7b631626e13573a4bf6d39327e951b31da61f8f4da4,1,457
b2f38a19b49d7b10e6a40808,4814,333e662727cbecaed8e663230ef51d8a7c39cbe474b058a7f76755efcc4fde88,1,458
5379104076c16e41ea370977,4097,d057c455a6a27278a1414b1c3abc65c0b51ef64a488c018433c61336e1f755c5,1,459
56a45aa28ffa9c5babc7ef56,2758,8ca4086248ba81ccae844d421db3b3dcfe9819d501cb64f07b9645d71d6c36c6,1,460
236ce8b0c08af6051b310920,3616,b5a68b44315c10898831ee1a14f8985b1da7de6d3e10dcc98d823a31c09008f1,1,461
ff6acb0ac523becbdebd3c55,5286,beb8f228de596d57b490e305dde6e33d8322dc94612fa53b43ebebf303a24161,1,462
fbf5be75d68f85457036d545,4237,f640321af2de413ec140f263f6cfc7c5ee602939a21795a0d93846212c911364,1,463
78027c6aa8cb15f93966f6e1,4293,83f6f18f765b425ec04f59be94221d4a2287ecd45525f27685ab6a2ee7dd9e53,1,464
2c983ce2bbcb22181b6d5603,2882,54f52cbe1ee172ec1ee867ab1d84d0ab4508fc747f59b18d14dba46205f56e70,1,465
1af9bff2a554de63a3d211db,2447,dd94e685fbd7f165c34f72eaba73c2751f500b5c6e02354b7da66acb7dd38dee,1,466
573e565bc4135428365924ac,2926,ebef7c852ab565e374a8eb27c44baa024e2bd10a2c0efdd679d49e5962763f66,1,467
c618b571fd3ca131b96b257b,3270,c4bb9d69c60ca25d72d542d573819580de0571c681547bd9b19e76454ff4fb82,1,468
beb86c1fcdb57f0cb390d3d0,250,03f960f89af1d23038a26d2f60996758e16836f6be8d8d97d6956d13665cb675,1,469
d9a3956e24f6a015169a75ba,2443,871db68c2cf07f907849324b2ee458368fc9f2f3b76da3adaa4e45b8096cca00,1,470
5c8879d6dde9e55e09b686f4,102,86a4f819f93d33cfb45b0fb8d569df7f9459b030b539d8e3e88646bed7f8fa95,1,471
c466e534677bd87883b336cd,1542,a033796bbe0cd378c9dec6ce422a5b925896c953cfee93742071f445327530ae,1,472
053069b8356aa0152cfbb5d4,1180,0fe992eda9805f52ce3a467c514c7dcf6adfb8c7eef2c776bc7c16d45a009385,1,473
e7b70d67e40a7215c5775493,759,04104d450faa177a3949f5b5a638cac8e64ebf5aeb7090fbc2a26ece6c7d9100,1,474
93fa9bb2be731ea85c1ab063,5261,f5055035bd76bfda6802b21954fa9cb0bcf3091ea7313937363f400b7c9fe976,1,475
dc738e7d3653ff5b81d3e025,4821,e8dd6e2e377e44a5a2a65130940f5bfc758d9cc92a2ad19e24488443a57146d5,1,476
41f1ff35e70fc8b49a70e093,6,465e9f24b3884b62c87fbdc127f1f2bdbb2daff45e7788189287cd6d433c982b,1,477
54381d0bd2fdc6350b311cee,3432,ceea99db78975e70f1475976dc614acee2eb9b7ac9e3cb554ae6d640814ad47b,1,478
b8207f216167ca80ccece2d0,3954,02fdaeb43d6a99d91f9d0a4848ec2cf4c71211d7e2ae53c6f7400595ff15d70a,1,479
4e7ba2c21539c5b4e6a3d81d,2782,43179e03d85fbb33d969014b99ae750392e0119e1c7c1a1038e4c4d6f607edb8,1,480
7c6de93b2f581d089b7381cb,4183,ab9d732cc24942fe0153fc2037d4c81305a503984ebe6e1a092514d326f72a73,1,481
fd59a3cf271d1d92b269083d,5353,f2c87d17c51364da16b9cb05f0e49e94b41997ebb6571d5bbd3aa55efa263460,1,482
70b11a472cbb9f49db1ab9fb,5349,6ac35c30445210c2f8419bd2085cfbb9827a47c0ae0c87de956bfdb05bcbc137,1,483
fa9fd98269c8ce3cf5aa9e8c,3978,e30db72476aec4e01ff72e355c8267e830d456862c57dd9d2bcb5786ba2dd1f1,1,484
215f9f443876750bc6ea3421,3686,aee9ab8144a1e736cf1d08b99d6304b237410f8e57a426b4693e44c59c65bac7,1,485
2edb50e218cd5240b6d8890e,752,1af51a88bfbf42faf53990fbe706ce097f86f8bce32556365985c468dbfe2442,1,486
9c0cd1a83c49b25a0c182991,4381,0c4e697dce094f9a4504aa7db62405371cca0c6ea8d93f05363c36de3423f2c1,1,487
9c41422292535d86466f9297,2585,5931515a494fcf96dc97c53f12d9cd6834d4f6c2a0b91786213a29d30acdb0c2,1,488
691dd47297878d1a3785114f,4892,46db6412be75409915faa0fa5fe8bc2aaf58e536dcc3a379bb5e5ac8045a2472,1,489
d5f697fab9931f5033bd6c33,3350,b7463bdeba8acce03dcf1ce089b5edb4a5185b6b57b1746451330fc80a0b37a7,1,490
a9fc3649336338da8f5f2371,3309,ec466548b5983f93020000afbb57d09cfe52e7804bce38d10f4305085d1e36a6,1,491
fb28a55435ffc0beab637804,3952,00619fae5842370c632ca369c302e20b077712ecd994a5d3b8301c82aa03dce3,1,492
d269a9feed8ffb2f639ae391,2477,c167d675f8e50c16e5674bb94c510c26c45907e4bc12921c158853e9717b472a,1,493
47f117df05a574448215091f,4443,8052fa7610eb662b69c82c2056f0be15574ddb182175ac8bacd5bfb194b16e73,1,494
2d0021f2da38d58fb54ff022,1274,2e9584e5c4b578a332341c3f2925de71a3b78c0505a004ecbd3fef534e2e5c94,1,495
4d17258c3ac01283d7147494,1793,6cbe6ceb01efbbeac5eefd4694ba1e0efdebce20f0431f6b385a9b647ecc0f8c,1,496
a926eccda7d6e3b8bee7f4c0,4172,b98fe117131e49ebb828e07165d3c2350e82871871e6d3b5bed8ffa3ef4529d4,1,497
11da37507831d179c7e77619,45,dd67bd1df56d8ffb3e829344999eef9c7be1dd27af8adfd524ed065086ae9a2c,1,498
6e128ddcb0d00c060749578e,2134,d37af0cee54ab780701ce5e497f407ae08975b0decfe51293159b9ee8fbe4497,1,499
779cac3721b0bf477ad000d1,3033,d094600cab1c7795c5928a8f953386ae82f3a060d70374f3e6801a40988ef35a,1,500
40e83b9057d5d16a64a0c513,1183,881516cd22e013cac6b61a7cc8c993dc3542279ef2c4125bbb014128339d2c99,1,501
b73b51fcfedd19c64e177014,440,f365f92f4ba1cb7675915c6d13048becc2a5feb993158aea4fd1b2b01c3d979e,1,502
160da535a846daaece25687e,106,9a29dcc2b30f1e10e9f00660c88a9ca578fac9e5dd2bf622bd2a1b4469e6b755,1,503
538030ac5d52a379431da1d6,5375,ea738a714c08c05100647cc82d8cd86675977dea61a4904b00a3d65ba658c73b,1,504
173487e39bb0d45d390739e6,4265,ae1da663a2cb2cf3ec529beedb0ed0abfa4a2094ea87fb7c6f5bddc53607db04,1,505
f5f6e9b2bf5f813538893acf,1595,1c993b3960e7b03fe189d3f40910abc39b77157dcc628d24ddda06a27a3b2eb9,1,506
5edc177c6305bf7d1a05673b,2142,16e390dec72ce2e30b82a8cd1510034e595ec6bfa43a22855f9c141f0f46adae,1,507
05d3ec54406ad129c1df9b48,293,95df5efad566af79ec8beeda9fbe5be71bfca762822c4b8d8d05e636e20e5f2b,1,508
c2520ea56a475752a401d3ff,617,28d5318864af9f25aa98a238c3f7a70ad898eeb226926ed156d83f545b02d9a9,1,509
023158610032b3c5493f844b,2103,dbe321f5346cbda4f7b870c2fbf4975d3c0a28ad7053033eb21952c779aaec27,1,510
2e8a24635b7ca4d7849f0c91,4762,9a67d578f19ab38b41cfccbeb1cf55e5d6821215333d7c4b1e6e4896add48b74,1,511
5736fafa0d42ac18deca7b71,2533,fb6f708abed6d02e1fb4670d27d145445d1c0927356607273c23f4d62e4a58e7,1,512
a8f8147db4d3495709f792df,2108,ec7007f563ad2f5e9fd6bf6040b75ebcfaf2c29786f5d946131ec11bad6c46f0,1,513
2fe99a85d61135e6df3204de,5429,73d4fcdd6daddc9119760d205653d95ac62e37d605a6f4fdedf6db4051e303fd,1,514
7234c2c321e2d336c0074a5a,53,382ec2a2c6e4fa9dcd6dd1a769536f440afbf4b4fc23c2035105a272b6dcae2e,1,515
1ff4ac7b4f78d8a6c460059b,2082,b7d452eaccf20cca7c6072221a2eb33615b87c1247fd2f9b826c484c4e1902ff,1,516
9859962e81529f8c866ff3a9,3421,7b54c6e1bfdc4a26a2d9b3a927ccf6aa0690efb80a234076f6d862113fb0a02d,1,517
e4a4758b8756471d68e1db35,5030,614248d13e52a46c30e228e2116d5ad299f6433e864185899b2fcc37077718d3,1,518
cb0a29e7d11d0607e19462f8,2074,f429535aa79cb2dd0c49c9d7c7736d83fae059051966386c42aa9c4c87b9395d,1,519
3e23b91fedc3d0ea5e271d6d,1394,f2a6ac640929705fb5bd15ac144ee3feb773313d41fd52ba15c23566c8a4adb9,1,520
7840eacb08d3c39b3b634dd0,1388,5a69ab2e2036cefb46b7d9017e7b25ac38575ec4f5604167216c7fd67949d7ff,1,521
ae700b854d4766f0b2439ec5,2832,4c739e1629c1e79b6db76e2cf8fd72732ae673c7c9556257fb6f1bf10dff0d3f,1,522
c16d8b6055859f7caba132d2,5442,e22d79cc91d0514b006ad538f02776539bd926061567f6c4e8fdf83c87d863f6,1,523
65c726f2c49a63f07f757cf6,1895,351fdecaf309082fbb9c253d9267a34c5d09a97b776f41ccd02c10fe345ef893,1,524
48a3f5d324abacfecdb8fd6f,3019,e2314dc5c87fe5683a053f6540987d53f8cd931e039f799fe3b91eb4e3f8d9fa,1,525
d61671f34d3f8af15e68695c,2646,2735f53515f908a982e590fa16366f65e48df18b6aa35008eb39ca9be4954336,1,526
993336f32c0889d04ef92dbe,3054,47ff283917a2eecf4b6e32e08b098f28a4f4e05fa8c2c6a504204bd5e5f54046,1,527
048314794b691124fbc70a2a,5054,deef17deab7258d78a0a6d5bf4ca8751031ab4e7c27c00adc9db23d3e8222f1a,1,528
8d8982494c2e2d64f0421975,3156,717050dd9fc4bc9e33cd65454928bc69ac4085a9c2ab075f2db6a70f1b1ae82f,1,529
bc28d7d05982aab25a623b9a,3771,6193868a9b7eb252d1f0ad0690fda6f8eab8bf709ffea7fe0c6a368e5bd8f5db,1,530
c2441d9e098c4ed05954e1c3,3881,cfc92c09204c6bdcfcef5e59be5f88fb5f3ebf7a987639b9022f9f3d21db40a8,1,531
5f5e3d9e4f2a0f887b2810a6,3969,c01cbaf424837b9b3bd6001680902d593100534703fb8327685539bfcc41912b,1,532
8661be7d1c12f78350e1d006,4315,474f93ab0b18f72d7b006fe6583af1a3def984cb79e52d9d7454cb26a67d4c98,1,533
23346dd8c1222e91221e96da,4158,64f2145c482d81f81740b02c11035b27ff9c97e6f20c34c79d4b551577a0fba9,1,534
f29c2ac51793132963dda654,4034,08c10e059832eb033e052f5d203dd84233865d0b872bc666ea65f9061531d9de,1,535
8ddac0996b8261746046da65,4028,0d8b266a46fa147116f6123a6a859ed9c1190995186f0d6a6c643a90137777b2,1,536
4780fc2f8a0f46ce842c4af7,1261,d561fd8bf65c8a15b0e45d75f50599f461cf501c3f52214e5fdfb732df99461f,1,537
105af10011fe9d4b50f8d508,4029,58df97d876ef82bd7d914584002c02d73140da127e2a52591c4e27fce96a9b08,1,538
38f079753d5b088e8225ed0d,466,2facdb08fc29213bc84e8502c58b70885f66c5214d0e87a0cdb23e6bdeca5690,1,539
fd79fe90f1d690f5372c590d,3843,343f76cd19acd3523bac4b9c7b0a8260bbf97d1f90555429557e5542cadb7078,1,540
660977aa6b7db566d648178c,2207,b8e7e44e3b5ecbbf4a5097067d5d94709e53d7017591bfe39f494c625698f63d,1,541
c4419a31a9bb8c2463e5ecdb,1382,31c07f597247cf320fe5ae757f53111feddc130deda82f9161e71d425a5b4f6d,1,542
aed690877d58b27b82adeea3,2679,33492512489482721043df71b29f5c00dc7e61841c2306c7dc99ddc949a7d345,1,543
f4419a68c16474b0eb0dae01,3937,46ff2c79aa68481fce067c30258f8800e738988883dc253cafe5518a67f8cfa8,1,544
9c3fb5572e92a7fe246d8e3d,3805,9c6c35233400b19f8c489795fda4c240f513d53a80f7d3895828441d31a2ac1f,1,545
5ab47217c7b8356bdd459bb7,3317,93ac01af7a6b1fce96af91021a8cb41167dbc04f19469bd93d38cd16b6a0476d,1,546
0c66cfbf55b6e8857de62f0d,337,5e35f79792dc420ed13da73a5e2663251a079f63d00e6bf2b9364528877bf030,1,547
816a5859d76b1d6bab902cf9,201,12127048272a7e4e9f3d16d9698271e1c073b16de04b7ff792cbdc7a0211f6a0,1,548
36a9feb23f3c4852e6b6285f,2736,9c1d122be5882ff6b21ba1e84e365a0e787f956533f820738c06ee70ff8086c0,1,549
44d30781038f718525a76e15,2957,b70bc0b34ba9ce72ab94edc4a5e1583b1fe238099d4b22ac915d9d23189e9be1,1,550
28c9b2bc5a1e0ccfc4c19870,1048,e69969e5abbd28038d702b35a4df6fa296ed87924f36e1a136425c95117e6fbf,1,551
20f8f517597636292e2e4a04,3383,caaf4ac48dc45e97ac1136406e37e1faec252a6a5d29a5e634d21a3e65a44152,1,552
6282c4eb93be01eb0dd39a2d,3968,a0c9175422d48d1a88a6f25c5909fb2ac7ed652cc69ebe68ae7eea4ecb4f7be5,1,553
52bdfc88f6572fb1ab669edf,1988,2a4a683515cb257923865107f91ca4989d91a8d634a8cde3ac3ff8f5e8d3fa70,1,554
00d1057eb008420bc389c5f5,4328,24053b39998fbee2e3666de88eb1bdf4f1905c741520e8eadd5f89f13573fed4,1,555
f5d82af5b696c0544a1c1eae,3640,9fa7d06f80291cb4997db7d9f21ef11831a60b5f999ac27c53e7b5549dadddaf,1,556
f9b2dc7b94d97f8bdc85e555,4292,7f9594e81bc8922156e4aaca14995600794fadc48dd0af4d8fd6e8561b1e1214,1,557
af14589fbbc1f9ac7dcbc32a,2861,76c2e34eadcad681d96e3d79dfc64c9fdacec9a7503d4d8f210cb7306b132857,1,558
3d2824cd05f1fb96b5266151,1323,3b857cfb1b372f0fc76d4406cdf620de8a51ad6aeb8335195a2b704f74638991,1,559
0fd9664d9c46ccf4c13d19ac,4262,50804b134b56098a3f69187ff6c4cff03e83d8be7713fe0e80a39a577edf0329,1,560
9db4c5007c1d0793ae52e1e1,3363,2227a4b349a5596b4260cad085648560b5b5ba82e37f50cb1334381f02129820,1,561
95390b9d2ee92095f4d42e26,1418,eea957068cd1613a728b9ed5560bcf618ebb50aa7b52d9f319b175fbc5ea2f03,1,562
9d1f313c4e5f8d64e47b6873,4541,bd272a746c9a378bc74c04807c984e02960c3b196350d72b1ae72a2792ed3a9f,1,563
ee564c1a781a7a752ec0be60,3461,ebc0069de0576a9b48499c3407b131232b03b071581bd33d6415572b66e161ab,1,564
fd316663af2b272fad15a288,5089,8b20b3cfc0b758501311645a5648ceed9c1c29fb8a3ba7495b94c3c5ca061d0c,1,565
871cb7ea74d463d6a1eac881,4147,9c90298ae2e01bd0d5ebe6c98908c803b3527595e8d891a0503890e74aacfc5d,1,566
36be8411240ec5d8e0f4aa52,1276,9d4524e8552bc915d3fb4395b16be9ef867aba4699b35e90ae70a45e6ee72fc1,1,567
52a1bf7e23969b9ea246a5be,3531,76a2ec81a371721aa935d3e7ead845d3ef77c081e9cfd6610161035c562d16a4,1,568
8aaa52892b723caba01c037a,10,a66aac946c9c736cf89a4a71be3d264d554a20fdb2a0c175c423c4394b1ab56b,1,569
3af9f297d91666ca313f0878,115,f96255496572ccb7b8404f83695963cbf5a697663b590203fce690985faa6777,1,570
87fc52199dc69f13f30401d2,4737,0a3b74fb993c63385fe2431ad2a62c5edfb4c7f92cc9ccf04cc06671b0fd4da9,1,571
6a17948a113873dd1a79ef12,5126,a759b6c905f5f2f8a598358a13b1f214c59d506039b95fc3d4bed62ebae54526,1,572
9fa69ff7b3bab5d1f5f5110d,3815,58d87a6e7258f81e7239302803fba166561b07ebdecfb9939657c33fa1fcba1e,1,573
86b829387b3b85ca86078226,3417,3825d7f3f81fc0d5be43cd9013c47c86b3f995fbd4f4f755a63f2b7b1b9f5efe,1,574
f8d78ebb01872167138f23c1,1298,a62ac95f96758b7d1aae053639533a8045bc3d029f45027d75213ade1df42bd4,1,575
3f71974342a1d2acea6330ea,4335,77f7610fe07596b88e7a72fd766145cdc56872ae792f5b94dedace54ad4c96d7,1,576
1685d74ad171a849e11c8ae6,415,09ccdb8753ddea6718f4f881fa9abdf8c50c502b875821901e85757e8c6e7de5,1,577
22ab6151a9d64287c71ed14a,3650,f8f351a5b9364546327f21c2b08be1685904824eaa82dd9d3b8f9d2a06660998,1,578
6be4e199b6d9072c8f62feb4,2650,14bcb5aab598c1755326611110833919f40efa8822251c5b9b33bf4d8b7c1a36,1,579
1235e7fc128df097959f2a90,1378,d074b2b21e5980c73e3ad901e8e748a95cd97ade9f928ef9af87a42f8786f77c,1,580
f2ec7d3add9a3b723174e896,1716,b13b348f87c669e029fec689e5309ea55da9a50fa9f03a8c6d7313942d9e4d8c,1,581
6ae935af45c270450dbedb93,3047,6608aa7e538f16317545fe9f447f903ea124f6ed78d156fd280306babedf0ae1,1,582
32954a8365046b94d354a128,2808,35f18cb605ec6f3cdb32d0ba5befe9ef1f8a2720d3f26cc8b8ad6e57c3a138f5,1,583
5494119a5708e7922d063de1,4714,9eef81d171788ac6cda905ee09958414f08daa0e111a1942d07bebcbaadd676c,1,584
1ff446ae765343c02dc42781,155,d4ff86cecfcc523196fb375783f633ff17efc0a12b23279c3a9a524cc883e9b0,1,585
c5a9f30f5c399b6119c8837c,2092,26347b852c3495eaa152f453afb8270a5c22b99ab5d611588a3d5d8cdeaae577,1,586
8852e5bdc4f92445f9ddce66,4251,f81c386fac1bc3aa2510527ef813d83e84dc49de300c9c2c86980689f058f40d,1,587
fe55cba73fadf050c80ccb63,2442,f1bf0a6aa0dca0ac6aaf030284d33d4c3efcfe4c8333026b1593a61a6a8d22dd,1,588
bd7febcf74a783803c94b70a,1126,e1eb8d756e352ff27525918ae1b60a21d69e19e8f781bc6fa21d083eea42086e,1,589
37147b0959a10a1691989f11,4388,1ecf6c9ee2b2da638e442acbe800f2d7e33a72025f037f17ad38a9c667d39516,1,590
faad68eb990ff81b1cf64bc6,3051,e8bc0f4c567890b46b6b66e0106ab54147853f13f03662ff28068479c95706c7,1,591
55c3327adb100b3531a7e3f3,5013,b06be11e795572af0225c242ebc8efb7bed5d3c889d332d89693cf2d0df190ee,1,592
8853d262d31f401adf0787d8,4371,08233928ba49b0597a2e9c5dd3a2fd5698e68495021e235aa80dbfb8015a4c97,1,593
514d4cea76153b8cd783e10f,1722,465a343202f38e53c84f12182ff105644feb15233381e32a555ae9c1dea5c326,1,594
5391e77ce9fd690461782c16,3069,6c39f3580098302c3de468c9d15aa77d2c6c376b8b980c48678582d156208477,1,595
71dad4f714afe7c9b3e62334,3563,b797400504276983e001d2db3a821c5b4902b4eb4ce21987bb749bd161470716,1,596
8fd2499cdcb19b9cbd4cd8e5,357,bf4e383514bb3780dc47de35461cd79508720d35d640ff62bd8e7395a60757ff,1,597
e633078a8869adf8bbe68226,138,9b148e6f60a2165830d529123788f9103e331922092ed731c30a7c963d9dfe50,1,598
78c8623f7bac5863c2a89a1f,2712,b552e42e8092739ed6f51be0a1c6dab79411f1f225bc0e1640975601035d6d02,1,599
c4ccdf7af6d30a7d2c029fa6,4155,6948f76bd04232d5e8dba2841e080b63f800fc47f48bcbe11e693928107b9c33,1,600
5fc32c2d10c3447a2abf8c43,674,ee2ddb2c1eaa845eabb258f4d8414f2f326a35ea461b3a2b035f07f503ed9d8e,1,601
5745c3ccb0916d63604547e9,5109,70aee2d58af9fba02c6f01c417476f1e7f4bb88d5c44e21e6aa2db22bf2bdd7b,1,602
c5c03e67f69929029e954d82,4365,d5e7e0c75160c29416a9458ee40157174f0d46bcb1293dd54bbf2f843659efde,1,603
e7e389499ea24c4f09477a2c,887,4c20cf6a7ca14961ac00cee6cf8c13610a876704ae9de895c8152c8ed85389e7,1,604
e89d8fe0550bf8816fbec52a,176,07e3eed133528733ec7d2bad6ca2a858585dfa802118155d700e491eca804e52,1,605
63494bd94061b43b2fd4b6a5,5320,6c0c4dbafd4b21a3d0d4339f90d02d9de5308665ec60bc7c89141ce84d33e68a,1,606
dc97078e777a53f9da0c2c08,3982,d50cb36d18855aa1a080aed51a6379e6274b2779d464d4a5620f4d47c298631d,1,607
7142aa691176968d1c8ca565,1343,def607264d5d8b7eb0bbc7d8171fdf62f06181776406ce4579bf0f2dd32fb750,1,608
b4edd6233aca9561b59af6ab,3021,658bf18da51fbab899e810e01049e602fd53b9ce28ed2b5f827082681373cef7,1,609
826efe469fe84b42362b8ccc,1730,42f7039bbf47d992e084c9ae4362b915dbb81c1d9abcf29d961b047184a1c6cb,1,610
0e9f0b46c1926525fe30d8ab,325,f58d07f6395b653ecffb41d9d6564f9fa355298ce651b7c6eae9ea98e5a0c819,1,611
ea6083cbc6c9f8b55f14e1a1,3829,442cd9e13d61a62f1488806328837f8484822891dd2b906fafcb74d56fcf6730,1,612
f00d6d448bab842b3cbddab0,4758,562a353ce90daee3d58022997406084857480fcddb5c4c45232b4b7081641d6e,1,613
953f000c14cbcae093f7720e,2143,497c001df29e5c80aa2dc36747d4774046484f4cd6bd7da6643d79cccc06c706,1,614
bf56013000f158f0655d727c,1009,da2a639948f63bedf69007ffeac1e68dcf08d41f5f67f83e51a0ebda61bbc2da,1,615
dcff09eb7e4fb986f584f495,3481,ea62fd3c0a2d28922218d7ea8beb7a66abdfcdfe571473cf3e7572de1a63979a,1,616
cb3fc8f7e90885ad772d0dfd,3535,cec4f71796ed9212df82bec035bc8ceb0d99ef5340f83b2f57b69e019c2009cd,1,617
0a23aec06993a2e83b0e7f24,4969,618f76a44ce9f2561d5cb14fbde6e2bbcc6fdf2d7c8a421d4a86ee09eb7f1503,1,618
354f5959ce11bc5b6cd31e25,3299,40ef8ff270d0ae97ab4b185cb3cb8a2cf872a93b5b8363413fce0fd32f257456,1,619
f3714b8d773682e2afeb64ff,3413,c1c149803b6d43bda168766ee42631f587a4f917a1bc32e015c4d4ea9733bb82,1,620
a45584ae403fa096aaff277b,1442,577147a894975e120a63fb39559194eff25519f629bfcee34f295dd765d61ccf,1,621
7fab7a9002176f4af3d31568,5298,8dbf88f216fbdb9a3bf678fc3feef4f6b67b7b2249d9cdabeb3a9344023261b4,1,622
16351d86f39c5149d73b55d7,4082,dfc2fca8a1d2f207380eef32bd3e67dfe0a34c48f0118cfccc2d308dd6c746d6,1,623
7f1676f5e87d1ec061b96520,3492,7a48be8f92983b2df2e243d813489141462bb820342bf2423cd19847538b0860,1,624
851deaf2c2a3ec8dcf3e0b7b,214,77c9596b7a33ae27491ffc640012a1b1a78019c928500107466865ca804ffbe1,1,625
a73f325cad906da5c1ba6944,3272,e8cc8d9aa0ff84cb30a17a214583f51494b79e6ee4656518b81127d43e09097d,1,626
6eefad2718093bfa6ff71717,4299,9f2923374384274c5b9901c051a748484e67ca584c6d912f8f1f736c1c17eeb5,1,627
4c7e3010efa3535562c0e22c,3744,ffdb8554778504d0cf3b76455df6af1d5820ea4554586c1e41def3b9da98c460,1,628
8fe0826bd24ef5984b101f16,2040,d7ae02c6f063c98b1e612f6a0c8a3163d9b5818130a148f8e721f06948163c58,1,629
6d96e20cb1b38b3acc58cf09,5152,2dfa0ea60bc6e4404309615470738cfa9dd1d4c9a11f2bf91a2ab4de5d8daf3f,1,630
2b76930631d65f6131089439,180,9f97db66251e953af6e44673b2586752b1bfcfba12295395de3c06cb4844be94,1,631
a5835927f77bf9fe29ca6eaa,5000,f6ace15823c40436a6c0c9fd8396b6674064d8d564d46a398ae205ec5023e84f,1,632
39a8ece76d26f1c78b271527,2091,d7b6ad41d211894021f92cc817aed68535ddb931994d5783b47175933c11db3b,1,633
d1d347700818c6fdcd871290,656,0592aa79f18ae19f74c6e37196d3db1299abe16999d1f2ee4567869b72dbbfe2,1,634
0c13c115675828ede921c6e9,4933,a1d0d7c4c14fb1e1e8ca53e1c41b3e21edccdb923ad38b38d4a22f0d8b758cfe,1,635
ac6d0885e46a7e998bdd4705,4781,021db8e6af64d789b0209d021cbe9faaec71e30bd064190b756658656cfe235f,1,636
510b246418867582de22bef9,862,c1361a09bb5129319d7f6f2ee3be6bd545f65e22b634d4ac13985e88dc2f948f,1,637
55c25413f767b39a0e5a894b,233,581e654f7e976561d5fd8693aeb19501c667624a8e3a589c496621686b160030,1,638
7fa068e136d3faffe49d6edd,1373,3fd2b00cda0328f62ff33f493d003f153e47e4bc740f13a8d9fb28368e42d954,1,639
29c52311c2da314b92581bf7,1377,b7c216223ae400761874a187a9730be54b51888e43e02cc3cd96111367b25c8d,1,640
8f92c28ce229f24f0a2e87cf,5067,dcbba54c41bf0d0c95ad3e0a5d3d4d196ea761278d5a573266cc63a03e1705ce,1,641
46abe0fdedcb554585c79049,3899,740da153f80836c9b32b5151626aaf3051df1d4873aa37d984a4a5511db45fd5,1,642
7a6620ed929b828cd87f9eb0,2636,28079b6fbc0965a27389a7dfa6c55c4df8b94ac2ee487bcf73bc2d878b80d967,1,643
fc9c246acc649d8fbf801126,1486,4bb14b6ed8e214e824476651f54abb66f02655ca03f7c3e0e4a563bd0835ea7c,1,644
2fd98ef4b3977c8a2e5f21d2,1997,49978296709a4bdf3bd5a10189cdbda0afcce156e55c116c481cb7d4c9c33159,1,645
41ec22448324924f238eb575,73,03d6e94185b12754e4c6c305edd2dc4f112c284324d0f2efb31fc8512263756d,1,646
7d91a6bb45c456359ca23318,4694,69ff105cbb4eaa6925c97b08022830762211619fb4d24812d1a0d344748adf17,1,647
7fc30f69ecf5de9bfdbaddf4,3355,1df73fcaab4c7959a6a4f79234e80e0b2540ebbfd689c9d67b438ed60f867aa2,1,648
b0e64b07290cc6a05a49cdcd,920,784fdb84fae22c7da830680e123c348a83411ff9726a85ccb2bab247ce03e774,1,649
26deae2f8cc415cf5bfe476c,2709,9d3621c2d68ab887c59886c64d6ec830c6794d34b92b780c33e7b4e0f93d3db2,1,650
5e445b6fa5bc13e649c19f05,4731,1164af7a6a12ec86282b4b1e68a087aedd48a6206ac741d3c887014b86fc2b29,1,651
b6d5034500f772ec83566c47,5061,169315b15fcdcb49ff04ff220000676d1a77743be92e2e9300d8d3d7d2e5eed1,1,652
7f8d917a8aaa4fb02fd9ab98,5055,d2e53d277dadbb6b7582dd31dbaad8804fc1acefcd808997299c741dbd068144,1,653
da938102dcd9ffdc90dd4158,573,54ca7f5ec3022a10b53a1b9835c00226adc89b437ed94649ca3c2451a7d8b16f,1,654
e4404b977a689b618f696da2,3847,5d47d609d18bd56257271a9d8092643f05ad82ff36a665c228e2f9f25851cf97,1,655
ff1ba34dc1dd57dcb87aad31,3192,3e2d3d4bbd059f70c4bb33521da168ca0f4cea733b0f00a51c0c205ec13a19f3,1,656
327dbc23b82905796893c99d,1011,d77612119fd32c3ddd8d1610b1ccab98372ad4ba356fc48b7652cf47cf343e32,1,657
7cac5c12cc7dba0471018b8a,1857,0e23af8db2235629eb8eb882e73a57c940d1af8bfcffbf47b5d71b5df0371898,1,658
ac31fb13becfad6d12a5b62a,1367,06913988c401365f29accce0bb75ef93e143a9fff3d3989fd2e854e22a3224aa,1,659
e4177ff3eaa644d720bc624d,2120,4acb55ccfef9dfa37a5760438e1a02ea9154e10f34660e58cc29f98c4e9f1a97,1,660
23d93076dd53e06a8bf031b6,1643,867aefeca47344c32e0db9d42aa7fae06fa7848799d309ff29d1dbf6f0d5d8e9,1,661
fb151dec464becebd4f17634,418,072eafc89bb52b9517129db0d628221c50ab9d8e7f2d08e223670f6e366098c7,1,662
29c929dca0b74cdee5e8f411,1557,6672a90b28ec31fe5a4c2be06bb5ad29e9ae88b86d7aa08255af3f914b9e2451,1,663
aea7f4b16bfdc3249347daba,372,d22ae9fce3943121c019cd068f95b843a7660305bb40dd1e543d13feab18a58f,1,664
cfccf62107905bbe08af58e5,2360,644636900e620e69fb4fe25d81b9bb5f2cc6d2cce2f8d9ef6199c75f4de8f888,1,665
94d28c462493b366da5c16cd,5049,8a4ad03ec403a6cf59183f834fb2ee14db6ce96d33217bf24365163bb6fe8b56,1,666
a6f25b24b3aa1ab0d766412c,3503,e215dbc226357a70afe9143600b726223db356cd9eaf59e23fe014586488f462,1,667
793ddff975f9e6993fa29965,694,5d97cf8e4293850c5c38754baebf19754169e6a73e2ac09ae45651b5d1430198,1,668
7108bae68edd93051c7f0b86,2309,f53823f8f4717a86aba5f7eb1cf9fe1a8affbfa60bedd8fd4ccd040c4db41eab,1,669
18f3386347bcb44e3ebb95a2,2983,4ac349ff8b6e6944e045fce1ded988ceae170002bf7bbdc154729f2facf5d412,1,670
94c4c127ec1fed36f8688ce6,4119,dac4977e0e62e69559a00bdd63f1d5c684c5e6e76c0a74a3176c79e210eaed6b,1,671
2b5ac606bd7402ce43312170,1063,ce830063a0cf1e6b0d97e6a1f03c71f96c9778a641787f89e90fb226a82372e6,1,672
19f661685a271fda3e371815,1715,b608bfcb925ba381e0120927884ffdb5d6f44460157519cd53189314ebde55f3,1,673
1fc686116d50415fd640789d,3807,541d0adbed6ac81221001e5ef12b5a799ace71df6b7fe9ca62a11c6928f48dbd,1,674
36aaddb5580e4f8d96dffd41,3615,4f872f132603cdbffe5ba48f2865da385a317993dc421485b2feee7d100290a8,1,675
b3d0bcdd17d4e86e073a16c6,4607,2bb0651d32ce3955675f94732e870f4f192e6004045d7f1a01e39593a3f16dd3,1,676
fbccb4eb1936b7bd1bbc28af,668,29c375746a74cac7be5a576d6f45ffb36e24362ab2e7a807a203607c9a2a3912,1,677
889e4e9d9cca245bf24dae38,4859,438df5103e5f52eaf22ac249cbe3b62cd5fa81bb129cd964bad9cb03ea983d5b,1,678
caa7a8a2bdd8322b8e82fe32,1206,908fb0c7e5eb0d30ff571dff1e8730a5889047fad59c3c6e1537b8ea7af2a7e2,1,679
21136abc713c678bde9a2630,4599,43dc8867106d65f04539120f5c4959b2c8c1bf2c19e75385233ebf96922df86f,1,680
a45f64dd6f30a1a5488cc32b,1855,51f6b310d09981d4898ca65cd16a4288251bb22e2cb895ff81e309d54c2b1eca,1,681
b6e17f49937a9bb874679998,251,1c3028c7e1f39b13a154dd687c0313922e2d65a6dd020a4963a4c4f08ce2a2dc,1,682
9f3b198f5b77314d54c49f54,12,8662b635dff487c5c4f50f901772e7c79be5a299d3083065d5a51c56869113de,1,683
71210a308d9b4d7e352e768a,785,3c295ce849aeb4a33cfd36bd683a7c6809b9281f35781c38846cd416386bc06f,1,684
fde59db015d2cb8b401c813a,5455,8b30818961dc92c02be9709a978da80b29f20d5af98609a08afa100847b54084,1,685
b47a8a69ba790100f63c760b,1766,aa2473fe11a76658fd64e28114b760177cfb4b7aec29445ac737d3f0420052b2,1,686
9cdf32a67bf1c576f07c55d7,409,7bcf530a83478ac61e493edeb3d64f5a0c2c49600447bc3a8172518cb76c4af3,1,687
1a4a77e32438a07520906f7c,3126,d454bc1df8e90d36cd141f41eaa93704addbb0a1d6547e5b43bcf691a6a26103,1,688
39a90f9d729510f393b79513,1272,f2ac5c6e4699ee630473a61c6bfcf6954361108b442313f8ce1d22c4ccf26155,1,689
89fa4d99a2233a9cb9eb7c66,1453,28880ea61cb264bd30fa8db74f4852b04725cae4dfe12322cad2474bd7591e90,1,690
82e0181f487d9d040e439e06,4311,bce683a50966d3ac25ac6f2ac3a295ad43ca9d5ac2614273bf5a48993d9f1b02,1,691
d8e116035ab709246d7d60b9,5282,547b1befc826d796917143beb2b3c41c92f27eb82975183590caa8dccc8b3331,1,692
32fb8ee8af6c2844d0c65844,4161,55b2365b3d7c845253cfb20923cf83847ac944e78c7a33f0c49926e232542604,1,693
475aacb74ac22d743d898cd5,273,af407e4050127ef6878f671a751a3cfcc1756356b88aa6d206a7c1ce5da9595c,1,694
f8aa980de892940aa3f75c8c,3345,1d72ab008e942675252f1838551782dd7166a755ecf70edfcf7af55305e9001f,1,695
327cb3870c9c81759276bed7,3647,cfff51067aac88dc2f798c053be7c1a744f8d4b786a6f61af7594ea8b880ca9e,1,696
c63da444c3be2fc13a03f597,5106,0d970f1e77c4645983fee5de887e6cdaccd4e3cb5a9d8195efbe17747a6d3bb4,1,697
a28e03764a0d72ed0d09d8c6,1990,3228f985357a0a43d891f154242587839fa8f9fa5ffb4b21b0725da5d140ba47,1,698
e1cae79aaa7db604c00da7c2,4214,16211ee19f8c61cf7e775806512a2971a77df4314651895e798c0deadd3cdd26,1,699
10a5fb8cfe759f5663e87b6d,5361,b6edbec2c30c1fb9075235490839784a323bcd8efeff808cafb1701c4146ed04,1,700
9a97e1555ab27a02eddbe2d1,2601,71c58f3508d43c84d6a12c6d9ef7544ea248ea99bae8a74a21644cf87c1158a5,1,701
00e170d1fb4fd97b186fd1e6,901,7ffbcbdeb352e77a0b43393dc260cbd812dea9a03be5c164469ebd47b4b20bdf,1,702
48b2a7c6fe85a9c22202fff4,3050,fdb39f6f687fd16d9454cb66119b750c325bef6e75b2792b90c505ec153c67a6,1,703
6fed57ebcd0ae76abed1ce57,3133,186c8ef47b5dd275ffb20df8c4f431b1d10add75050880d5d9467694f98bf428,1,704
358e062c4e5aaa8fbc378a97,18,734b7667e4dbf889ac73c6eeead2eecc89cee5abad019fa11d416cbb30e25396,1,705
5bc2abd99ece82f2ce6d6906,3238,72bdb12425166710ad5c410a330fbcc938b8249e0f050d4d42f0e15788bc6504,1,706
f4fef66e0188e0f709db4937,570,f497508e9d16522d6fecb7ac6fd365c320ccb71d828c83024b16516a8025bf06,1,707
9027a14c79ae7e9a2b8987b1,4527,cc024fbbdb7a7a0543bbdfb3eade764f334ca06b2210ade5e00741a0c2e4ed47,1,708
8b9303a625446052b61f2f31,5328,45957535d5b7e394bdd4bc3102f1b16fd508e9b3547366fc8f5f4c1dd6fdbbac,1,709
dda935a6c14d71fd50afd578,710,77724f93aefd8f36adb571dd4d9541d62e90e4ce0629ba38889192f43a5e6b85,1,710
427415ba0a6aa975cee689aa,626,962f7c388e96dbc76e0b2055deafe526f961cecb911884f8b7ea3c6d563aafa6,1,711
002ba2942bff4b8dd85cd9e7,2967,0a993ed8074e84586ae58683acb9d1edc77a00870fcf3acfbae3d6289bd4adfa,1,712
eee2577914184e49aa4c412d,2668,9c3e18e2f479f164d6eb00db1094dace9fbde9abefe1a33e56ad4d4677ca0f49,1,713
fec76bc643daef81ccd6e681,4684,3ee8df6c736c5dcbe6f2db8138e6a9b3a12f37bdce05c8244eb3e23a26c4fb22,1,714
228c43455e0ad59f290c11d4,3042,7cdbd69714e6fb7aa486d7395f4f2d9925bab215bfa3b6f85833d0bc9614ca01,1,715
8b78d54a021c817ca6d79ef7,3446,b7709fd98bea539a682675c7dd049e22490c2535fb2534ad042eb74416beef5c,1,716
cb9ccfa88d5f1d8ff6caeb6e,2175,6060193c1f6ec73283616bcde3e5ff992e30a9a65f3ec779fbf086c92217ed32,1,717
e95dba5a85d2efcd2c87848a,2943,ad3c1fafe1e3ed5daeb61ee3b475b9dfcbbde140008406524f7fedef9a58f97f,1,718
0dc91fc1427de1d0df681743,2878,6f8b904bac02104030e9576fdb544a752a875c6957053eac47131e135f250fab,1,719
f350f70660ad0f8a3b935d1b,2468,f0587d3b5c3a4dc0bab72912efc49b9a0e371d8fe12488dbd01e7c87aa4d68a2,1,720
e4424fcf64dd206faa3f0a1b,3329,852442ffbd327ccfa1b76dde1ea92682d8e0b1d4d44626ff699e11cf0001f791,1,721
bbe5c8554a9b9d135f1a6f53,3186,55e0cd29cf8b24ed01d2971ec0b65975fab010a9d68b5407f8a3108ffc34c199,1,722
e6941124748a4b2f9a64b0ca,3965,85e7727530643effb6aaf9aac61ee43005052112a4510c08678b9f6b0cefcd59,1,723
bf8999b34da1586949a1500b,3504,c804ea7e89adc41a430036f131ce04d920035d9f7d35cb36fcad2a8ed25cdaf2,1,724
dc7298e723f3c9e485112518,499,856e9ba69191dec39b135bf1f4f359299e58e9d9c49b1467999efe9eb3832c4c,1,725
8a57ac11dcc049cec6ad0179,2785,c636fb97557b02babf471132b441a91db391ac0d6e2391fc779b9ec592657d23,1,726
2f58d9ca8830a622894b8648,3063,e5a7aeba432cb83eeae287a905a7656e94cf75d5f7d9a9a21125559a13007850,1,727
c921090dc52a5b827e2ee45b,4016,70736354cc2dab4c484aa9d8c1b0278a4adba219b408a7bd0bdd0ea14df0e216,1,728
833f0a24aad1583c5b028b32,1574,43b1643596bd1a856b7f4bdc9ce8ae6e04fe3d5fc316bb5c80f27d3b413a17a2,1,729
3ef506171826f0fa9dc07c42,851,d39427725d62cf8f643ff12a457d7ae88db71373f1290cfff97aba216a8f939f,1,730
04d1aa004ce58fdc7ebfe40d,4612,3ddbeb610826cb48e70ea41bda6d340a4b86e35635233f1ae025c5d00e059320,1,731
507a81a02561cd460b49df79,844,f84781c2505b3fb45772b1ab6cdb4b283f57a22214a33ed7fcd3c6795acec4d5,1,732
ed77a45590923a162f179dd5,4935,b0137ab00ea5fc73bbeb1625fba5798814fdabf8dfa2c2cfc7d25eae1829afdf,1,733
70494c8526769ddf1262d305,5446,815d499859fe1557ac3f93cd2c40833307a9470c19b6e91e521c228aa2c5552e,1,734
51caf70f1cf45452c65eb338,1385,44401f69f1287bc40cd7f0195b070ff5c916049195025ac7415fc68ba12a78c6,1,735
ac1466ce0b52e4484da85f48,1135,d7768fde48e48082904c118ff55777a369d5615fc5eebff84cc59bdde78ed3bf,1,736
3d72623a9c457511e791bcc1,5065,b662aadcc22147560573bb39b7f4043414b6678b7c7fb803a27bb6986343801c,1,737
ef73aab5057f23ae87f522e4,3824,9617b76191f4354a38fedaa07dcb9597d9473df82d17c5f10d425243e72502c3,1,738
54751739ab21c9fdd9097e19,4858,03035b1350b10c5d309d30db42ca6d15576abf32507e06f13300f4cce6a4fccf,1,739
d9a855ab4dd5d9da938f7b16,3541,ec4bc7fb6c257e3febf3d296f32e855334a2a25fc657d9b5c592cf36480cee00,1,740
02c5b543e3ea653f9e28e201,5308,752da0790323b4a391801bda5227755f6a386d1735e30ec9ca6e8059ea768f7a,1,741
e04b68602940efa5d4272893,3888,bd25129c7e7c8181f2ab5c25b256d09f16bbb232c53aa1b24d347c7374355f35,1,742
e7cc7557d5d5155ba1f90bba,1910,938dc4244cacabcbcdd4ebb5e004d62b988dccdc3271966ff3c2fddf970aa08e,1,743
8e8ddc05ebc8cf4f2d480b89,4970,63313906901f1c8cabb130694d16b933fe761f829fc4501fde651eafed954e77,1,744
9a07aa362a359fd7d67ed74a,734,8bd619fd85ab01de535a242f7641c584af6f24f34a92af562c9c9822733e2d42,1,745
7b166ececbb9ab80be7120f0,4220,4c612176d7e54a8f1533c1b20d5894a776bdd28eed26235ae50d7722297248b3,1,746
53f9b1c45095b99d80b0c543,1510,323f8195b1675292167caf34799bb05fd6b17762f8ae72a226101ff269978112,1,747
2c53caa4f6bb4e3ce1b8d4c1,2658,8251b0c34565fb6abf3f08f3c89ca7109026e650f346c53093061fe9daa14ad2,1,748
87f04a035ee2d9147f1b84ae,856,69dcbd58c37637e8fd5a5cd3f3d86a6062c4ed2d51164272dfdee925c176efd9,1,749
b70417842b5c6713e2d6b814,3568,802fb281c90d74e6a3402e9b486df13300753a88b574ccbdcf6871721901b976,1,750
e411029fc554b90a51fd019f,4633,96355d5d1c78bd19489ed14409f6ffcc6b9842f9483ff39c833c48199dca5db1,1,751
7f8a66b1a2e9e7fe4ae58cc8,828,c7949f1b6480fc8d4b2fe28847aa01a90e4bf1f0c730a728563ee00379aa5e2c,1,752
6fe575039c5287bc2cb074e3,3006,4ab4d5d83d9a5f598b0a8265c19a69e21559e2b8578a415fea90988d65294518,1,753
0b6724a5d503e23a537e425f,2702,019b946adea7308da92a6d245dd4d45ca98f823a6da88d0463fd3c039f63e343,1,754
911981c1b9964dd832cf0507,4391,3cbb4447987d8adaeea0b29e454905b885046e2c245d308c10dff210a4463601,1,755
7a30dc85e8acce680c191dc3,690,f8d5dfe79077c0c8e6dff0981e35e83f0f56071bda801892f0952c8c19f104c9,1,756
03fc9a5db28b4a754d2376de,2984,baa92a0a9646f3ad14241918eb7c5f9e9ba1bfc3f9b767c8e3610d62adf23be1,1,757
2ecd3072c336efd16c35f087,472,02faf89722a2f93d3a2f2712e1df2d44599ecd8cf704a54f680735ee6def9514,1,758
749c366be4dbf4e5b3efe21e,2947,87739dff70005ee0a4a01a2c58b7b0a9a5c821c0dd7aeb5678c9dcf1f4d2538e,1,759
991a8d914f7cd9f40a4a04be,5079,b42633114966ce41a0c9472ea2d74347c57aa1e517aa0ce63d0fddbea4bf2c0c,1,760
1b73e94e94eee7345e8615f4,3361,ef2c980e1965df060001d6a73c44958f607c55f70b24004b0a6373ccc4f05a55,1,761
ebcf10671c039324e97b5877,1482,142c772ccf9b980c1f4c77772b5f9b16be525ca99e3f8c26dcd361873d460fbc,1,762
eaf04c38cac68f6aa843b6e0,3669,a3abaf8bedbcdc8ccf6804dc4666f5efc90e48d1900e8c0eb0f5a3f35e23d203,1,763
083f57b9960d057881727114,3105,9b90bc6ed4fcd8b86a2832a12c98ce4760e953e4370e1dd3a464fc3afb2cae64,1,764
