candidate_count,cell_id,ratio,completed_repetitions,mean_hybrid_macro_f1,mean_delta_macro_f1,mean_hybrid_auroc,mean_delta_auroc
1,bn_binary_cinexdrama,0.5,50,0.853609920021664,0.001207673068783739,0.9347088600187266,0.00046664325842694866
1,bn_binary_cinexdrama,0.75,50,0.8526889068629617,0.00028665991008161254,0.9347442064606741,0.0005019897003745188
1,bn_binary_cinexdrama,1.0,39,0.8540700215998825,0.00130466208983319,0.9347988992125229,0.000551594161144703
1,en_binary_sst2,0.5,50,0.9136697060976515,0.002862833775548845,0.9769208357432043,0.0006270026026605113
1,en_binary_sst2,0.75,50,0.9144726632211041,0.0036657908990016795,0.9770952726367199,0.0008014394961763438
1,en_binary_sst2,1.0,50,0.9152007394394519,0.004393867117349444,0.9772007020757022,0.0009068689351584158
1,ha_binary_hausa_movie_review,0.5,50,0.7478325390371852,-0.019070616103260326,0.8501998231653403,0.004016799292661359
1,ha_binary_hausa_movie_review,0.75,50,0.7452441134761316,-0.0216590416643139,0.8520344827586207,0.005851458885941645
1,ha_binary_hausa_movie_review,1.0,14,0.7427332843464055,-0.0275942759700512,0.8533914361500569,0.007019704433497555
1,ko_binary_nsmc,0.5,50,0.8558028803848766,-0.0011140961387603166,0.9324297244717336,-0.0004961577204153777
1,ko_binary_nsmc,0.75,50,0.8556548316445516,-0.0012621448790851807,0.9324434813753251,-0.00048240081682403345
1,ml_binary_dravidian_codemix,0.5,50,0.6253789208996156,0.12447115861040124,0.8480020032051283,0.0020680088141025333
1,ml_binary_dravidian_codemix,0.75,50,0.6533323710495751,0.15242460876036076,0.8473000801282052,0.0013660857371794565
1,ml_binary_dravidian_codemix,1.0,50,0.6734451808082662,0.1725374185190519,0.8466742788461538,0.0007402844551281884
2,bn_binary_cinexdrama,0.5,50,0.8526226985909297,0.0002204516380495525,0.9347020131086142,0.00045979634831459836
2,bn_binary_cinexdrama,0.75,50,0.85325165239909,0.0008494054462097122,0.9349541198501872,0.0007119030898876289
2,bn_binary_cinexdrama,1.0,50,0.8535432444318941,0.0011409974790136967,0.9350571746254682,0.0008149578651685396
2,bn_binary_cinexdrama,1.25,50,0.853303664196196,0.0009014172433157319,0.9349850187265918,0.0007428019662921192
2,bn_binary_cinexdrama,1.5,50,0.8533777280327416,0.0009754810798613311,0.9352211493445693,0.0009789325842696494
2,bn_binary_cinexdrama,1.75,50,0.8537217303709123,0.0013194834180321412,0.9352627574906366,0.001020540730337076
2,bn_binary_cinexdrama,2.0,39,0.8544611470381369,0.0016957875280876732,0.9352970745702489,0.0010497695188706397
2,en_binary_sst2,0.5,50,0.9140396082987817,0.0032327359766792328,0.9769239115416747,0.0006300784011310401
2,en_binary_sst2,0.75,50,0.9149434551455559,0.004136582823453394,0.977080492898914,0.0007866597583702983
2,en_binary_sst2,1.0,50,0.9155237021406584,0.0047168298185559145,0.9772104805282438,0.0009166473877000314
2,en_binary_sst2,1.25,50,0.9157765226938059,0.004969650371703449,0.9772593237902449,0.0009654906497011817
2,en_binary_sst2,1.5,50,0.9159811365760371,0.005174264253934471,0.9772697890559734,0.0009759559154296138
2,en_binary_sst2,1.75,50,0.9163160857780437,0.005509213455941211,0.9773202782597518,0.0010264451192082858
2,en_binary_sst2,2.0,50,0.9165043002467069,0.005697427924604477,0.9773478945761841,0.0010540614356404144
2,ha_binary_hausa_movie_review,0.5,50,0.7483541244226649,-0.018549030717780544,0.8503209549071619,0.004137931034482756
2,ha_binary_hausa_movie_review,0.75,50,0.7435674866334636,-0.023335668506981985,0.8525685234305924,0.006385499557913361
2,ha_binary_hausa_movie_review,1.0,50,0.7429166377950815,-0.023986517345363997,0.8540371352785145,0.007854111405835544
2,ha_binary_hausa_movie_review,1.25,50,0.7437721981085106,-0.023130957031934917,0.8543580901856762,0.008175066312997338
2,ha_binary_hausa_movie_review,1.5,50,0.7425238291225285,-0.024379326017917126,0.8545198938992041,0.008336870026525214
2,ha_binary_hausa_movie_review,1.75,50,0.7412920240601517,-0.02561113108029377,0.8549460654288241,0.008763041556145
2,ha_binary_hausa_movie_review,2.0,4,0.7354660181406281,-0.022474390590276283,0.8504531388152079,0.005260831122900156
2,ko_binary_nsmc,0.5,50,0.8561237388492358,-0.000793237674401226,0.9324679355859974,-0.000457946606151558
2,ko_binary_nsmc,0.75,50,0.8559432050719026,-0.0009737714517345086,0.9324889932943364,-0.0004368888978124286
2,ko_binary_nsmc,1.0,50,0.8559142506750095,-0.0010027258486275837,0.9324177265162351,-0.0005081556759139394
2,ko_binary_nsmc,1.25,50,0.8556374034397963,-0.0012795730838406794,0.9322771861090245,-0.0006486960831246447
2,ko_binary_nsmc,1.5,50,0.8554772031124966,-0.0014397734111402994,0.9322294561004009,-0.0006964260917480658
2,ko_binary_nsmc,1.75,50,0.8554835156545301,-0.0014334608691069484,0.9321607158634193,-0.0007651663287295696
2,ml_binary_dravidian_codemix,0.5,50,0.6253886472896547,0.1244808850004405,0.8481657652243589,0.0022317708333333217
2,ml_binary_dravidian_codemix,0.75,50,0.6520312546618702,0.151123492372656,0.8477508012820514,0.0018168068910256242
2,ml_binary_dravidian_codemix,1.0,50,0.6728632713160013,0.1719555090267871,0.847174078525641,0.0012400841346153757
2,ml_binary_dravidian_codemix,1.25,50,0.6832580213769317,0.18235025908771746,0.8463876201923078,0.000453625801282056
2,ml_binary_dravidian_codemix,1.5,50,0.6936550257870767,0.19274726349786267,0.845484375,-0.00044961939102564405
2,ml_binary_dravidian_codemix,1.75,50,0.7011871646581528,0.20027940236893865,0.8450375600961538,-0.0008964342948718085
2,ml_binary_dravidian_codemix,2.0,40,0.7065769238364921,0.20533020145667513,0.8450071364182692,-0.0008542417868589947
3,bn_binary_cinexdrama,0.5,50,0.8528647839075129,0.00046253695463258635,0.9347440308988765,0.0005018141385767594
3,bn_binary_cinexdrama,0.75,50,0.8529224687394258,0.0005202217865455205,0.9350040379213483,0.0007618211610486658
3,bn_binary_cinexdrama,1.0,50,0.8536651737558509,0.0012629268029707053,0.9351718164794007,0.0009295997191011196
3,bn_binary_cinexdrama,1.25,50,0.8533904568817569,0.0009882099288766578,0.935170704588015,0.0009284878277153319
3,bn_binary_cinexdrama,1.5,50,0.8538098553088367,0.0014076083559564068,0.9353642322097377,0.0011220154494381762
3,bn_binary_cinexdrama,1.75,50,0.8539527396278069,0.0015504926749267912,0.9353692064606741,0.001126989700374519
3,bn_binary_cinexdrama,2.0,50,0.8541537638473014,0.0017515168944212144,0.9354686329588016,0.0012264161985018696
3,bn_binary_cinexdrama,2.5,50,0.8545410320460782,0.0021387850931979193,0.9356961025280899,0.0014538857677902528
3,bn_binary_cinexdrama,3.0,32,0.8552915932210226,0.002860470824666103,0.9358745903558053,0.0017228830173221105
3,en_binary_sst2,0.5,50,0.9140253807250491,0.0032185084029466514,0.9769441560632351,0.0006503229226913532
3,en_binary_sst2,0.75,50,0.9148632683711421,0.004056396049039548,0.9771117320544953,0.0008178989139515691
3,en_binary_sst2,1.0,50,0.9153777693666921,0.004570897044589937,0.9772285569693464,0.0009347238288028037
3,en_binary_sst2,1.25,50,0.9157846049004752,0.004977732578372602,0.9772513463145042,0.0009575131739605558
3,en_binary_sst2,1.5,50,0.9160449190341085,0.00523804671200603,0.9772638125763126,0.0009699794357689062
3,en_binary_sst2,1.75,50,0.916384916268005,0.005578043945902416,0.9773063620589937,0.0010125289184499731
3,en_binary_sst2,2.0,50,0.9165301015821986,0.005723229260096039,0.9773412610050768,0.0010474278645331437
3,en_binary_sst2,2.5,50,0.9167052531139867,0.005898380791884008,0.9773507711586658,0.0010569380181222464
3,en_binary_sst2,3.0,50,0.9168068111405464,0.005999938818443808,0.977380150697256,0.0010863175567123152
3,ha_binary_hausa_movie_review,0.5,50,0.7501458710411621,-0.016757284099283374,0.8505083996463305,0.004325375773651646
3,ha_binary_hausa_movie_review,0.75,50,0.7443355330096639,-0.022567622130781572,0.8525879752431476,0.006404951370468619
3,ha_binary_hausa_movie_review,1.0,50,0.7448330141625529,-0.022070140977892668,0.8542785145888594,0.008095490716180367
3,ha_binary_hausa_movie_review,1.25,50,0.742937174680228,-0.023965980460217393,0.8546648983200709,0.008481874447391678
3,ha_binary_hausa_movie_review,1.5,50,0.7412856529998786,-0.025617502140566965,0.855021220159151,0.008838196286472137
3,ha_binary_hausa_movie_review,1.75,50,0.7409950438576408,-0.025908111282804756,0.8558576480990275,0.009674624226348372
3,ha_binary_hausa_movie_review,2.0,50,0.7414893777270233,-0.02541377741342218,0.8566374889478339,0.010454465075154733
3,ha_binary_hausa_movie_review,2.5,50,0.7393064146876981,-0.02759674045274743,0.8565066312997347,0.01032360742705571
3,ko_binary_nsmc,0.5,50,0.855870226635028,-0.001046749888609071,0.9323950083555086,-0.0005308738366404842
3,ko_binary_nsmc,0.75,50,0.8558560506845306,-0.0010609258391061371,0.9324352994970279,-0.0004905826951211201
3,ko_binary_nsmc,1.0,50,0.8557646928807056,-0.0011522836429311578,0.9323961926611354,-0.0005296895310135352
3,ko_binary_nsmc,1.25,50,0.8554837408680089,-0.001433235655628007,0.9322487930803482,-0.0006770891118006594
3,ko_binary_nsmc,1.5,50,0.8552085784352257,-0.0017083980884113582,0.9321459713088744,-0.0007799108832745483
3,ko_binary_nsmc,1.75,50,0.8552445367779721,-0.0016724397456648022,0.9320887424417699,-0.0008371397503790457
3,ko_binary_nsmc,2.0,50,0.8551028614875678,-0.0018141150360691104,0.931989922121466,-0.0009359600706828774
3,ko_binary_nsmc,2.5,50,0.854726719714497,-0.0021902568091398834,0.9318413336890966,-0.001084548503052587
3,ml_binary_dravidian_codemix,0.5,50,0.6249504298770353,0.12404266758782115,0.8480166266025642,0.002082632211538458
3,ml_binary_dravidian_codemix,0.75,50,0.6519954461904719,0.15108768390125768,0.8474322916666666,0.0014982972756410117
3,ml_binary_dravidian_codemix,1.0,50,0.6718390116095257,0.17093124932031142,0.8468246193910258,0.0008906249999999893
3,ml_binary_dravidian_codemix,1.25,50,0.6828007238112365,0.18189296152202217,0.8459996995192308,6.570512820510022e-05
3,ml_binary_dravidian_codemix,1.5,50,0.6921277123618803,0.19121995007266604,0.8448759014423078,-0.001058092948717957
3,ml_binary_dravidian_codemix,1.75,50,0.6999803750454011,0.1990726127561867,0.8444528245192308,-0.001481169871794885
3,ml_binary_dravidian_codemix,2.0,50,0.7044553337246877,0.20354757143547353,0.8440699118589744,-0.0018640825320512878
3,ml_binary_dravidian_codemix,2.5,50,0.7118534719131017,0.21094570962388734,0.8430513822115385,-0.0028826121794871874
3,ml_binary_dravidian_codemix,3.0,40,0.7183213072644647,0.21707458488464776,0.8428581981169871,-0.0030031800881410416
4,bn_binary_cinexdrama,0.5,50,0.8531579286830816,0.0007556817302013852,0.9349077715355806,0.0006655547752808877
4,bn_binary_cinexdrama,0.75,50,0.8532056542396359,0.000803407286755582,0.9352120786516855,0.0009698618913857548
4,bn_binary_cinexdrama,1.0,50,0.8538249610571235,0.0014227141042432766,0.935420236423221,0.001178019662921337
4,bn_binary_cinexdrama,1.25,50,0.8539580185465983,0.0015557715937180693,0.9354737827715357,0.0012315660112359494
4,bn_binary_cinexdrama,1.5,50,0.8544663772831759,0.0020641303302954238,0.9356818235018729,0.0014396067415730295
4,bn_binary_cinexdrama,1.75,50,0.8548097033779617,0.0024074564250813535,0.9358254330524345,0.001583216292134819
4,bn_binary_cinexdrama,2.0,50,0.8549477051884344,0.002545458235554232,0.9358793890449438,0.0016371722846441684
4,bn_binary_cinexdrama,2.5,50,0.8556514082883251,0.0032491613354448832,0.9361248244382022,0.0018826076779026124
4,bn_binary_cinexdrama,3.0,50,0.855540562698829,0.003138315745948814,0.9361815308988766,0.0019393141385767687
4,bn_binary_cinexdrama,3.5,50,0.855441832442142,0.0030395854892617314,0.9363760533707864,0.002133836610486872
4,bn_binary_cinexdrama,4.0,32,0.8562792775086983,0.003848155112341732,0.9366105783298221,0.0024588709913389677
4,en_binary_sst2,0.5,50,0.9139993393154354,0.003192466993332863,0.9769308447400553,0.0006370115995115966
4,en_binary_sst2,0.75,50,0.9147639032842081,0.003957030962105552,0.9770862067026539,0.0007923735621104133
4,en_binary_sst2,1.0,50,0.9151073167910084,0.004300444468905904,0.977186270162586,0.0008924370220423005
4,en_binary_sst2,1.25,50,0.9154996049212187,0.00469273259911605,0.9772028251719042,0.0009089920313604627
4,en_binary_sst2,1.5,50,0.9158042921217205,0.004997419799618101,0.9772270540132382,0.0009332208726945668
4,en_binary_sst2,1.75,50,0.916062568092394,0.005255695770291697,0.9772605078401131,0.0009666746995694431
4,en_binary_sst2,2.0,50,0.9163531340894662,0.0055462617673637605,0.9772913565966199,0.0009975234560761015
4,en_binary_sst2,2.5,50,0.9166536841764086,0.00584681185430608,0.9773071693657219,0.0010133362251783474
4,en_binary_sst2,3.0,50,0.9169359585462027,0.00612908622410026,0.9773401821862351,0.0010463490456911661
4,en_binary_sst2,3.5,50,0.9169461327790325,0.006139260456929874,0.9773226993766468,0.001028866236103081
4,en_binary_sst2,4.0,50,0.9169896016864846,0.006182729364382067,0.9773164811066127,0.001022647966069028
4,ha_binary_hausa_movie_review,0.5,50,0.748702078550464,-0.018201076589981473,0.8504748010610079,0.0042917771883289315
4,ha_binary_hausa_movie_review,0.75,50,0.7475669491628166,-0.019336205977628876,0.8525446507515473,0.006361626878868265
4,ha_binary_hausa_movie_review,1.0,50,0.74597572150645,-0.020927433633995678,0.8541618037135279,0.007978779840848795
4,ha_binary_hausa_movie_review,1.25,50,0.7448195345354377,-0.022083620605007955,0.8546030061892131,0.008419982316534052
4,ha_binary_hausa_movie_review,1.5,50,0.7417861349826839,-0.02511702015776169,0.8550212201591512,0.008838196286472142
4,ha_binary_hausa_movie_review,1.75,50,0.7423036877631735,-0.024599467377271974,0.8558947833775419,0.009711759504862957
4,ha_binary_hausa_movie_review,2.0,50,0.74232207291509,-0.02458108222535557,0.8567869142351899,0.010603890362511042
4,ha_binary_hausa_movie_review,2.5,50,0.7378895653148996,-0.029013589825545846,0.8569239610963748,0.010740937223695853
4,ha_binary_hausa_movie_review,3.0,50,0.740259534020121,-0.026643621120324548,0.8581494252873563,0.011966401414677294
4,ha_binary_hausa_movie_review,3.5,50,0.7388030034031686,-0.02810015173727673,0.857709991158267,0.01152696728558799
4,ko_binary_nsmc,0.5,50,0.855983832212653,-0.000933144310984153,0.9324318147694816,-0.0004940674226675012
4,ko_binary_nsmc,0.75,50,0.8558839683297179,-0.0010330081939190405,0.9324743320823116,-0.00045155010983743526
4,ko_binary_nsmc,1.0,50,0.8556840405085508,-0.001232936015086208,0.9323688162428341,-0.0005570659493148544
4,ko_binary_nsmc,1.25,50,0.8555141134052393,-0.0014028631183978103,0.9322109442955855,-0.0007149378965635855
4,ko_binary_nsmc,1.5,50,0.8553128143155818,-0.00160416220805502,0.932078987494455,-0.0008468946976941738
4,ko_binary_nsmc,1.75,50,0.8552423139180659,-0.0016746626055710002,0.9320700129361903,-0.000855869255958801
4,ko_binary_nsmc,2.0,50,0.8551270539612109,-0.0017899225624261317,0.9319948022890233,-0.0009310799031256977
4,ko_binary_nsmc,2.5,50,0.8548931127271632,-0.002023863796473826,0.9318167156556524,-0.0011091665364965774
4,ko_binary_nsmc,3.0,50,0.8545077448439041,-0.0024092316797327596,0.9316300341354966,-0.0012958480566523645
4,ko_binary_nsmc,3.5,50,0.8541918140005174,-0.002725162523119504,0.9315042423236802,-0.0014216398684686448
4,ml_binary_dravidian_codemix,0.5,50,0.625257341768684,0.12434957947946965,0.8482582131410257,0.0023242187499999734
4,ml_binary_dravidian_codemix,0.75,50,0.6514467072341774,0.1505389449449632,0.8475760216346154,0.0016420272435897188
4,ml_binary_dravidian_codemix,1.0,50,0.6714231038194609,0.1705153415302466,0.8470111177884615,0.0010771233974358884
4,ml_binary_dravidian_codemix,1.25,50,0.6823854021239647,0.1814776398347504,0.8461210937499999,0.00018709935897433637
4,ml_binary_dravidian_codemix,1.5,50,0.6923424950898034,0.1914347328005892,0.84492578125,-0.00100821314102566
4,ml_binary_dravidian_codemix,1.75,50,0.6978299813968892,0.19692221910767496,0.8445507812499998,-0.0013832131410256743
4,ml_binary_dravidian_codemix,2.0,50,0.7042673467893352,0.20335958450012095,0.8442177483974359,-0.0017162459935897512
4,ml_binary_dravidian_codemix,2.5,50,0.7110574980938245,0.21014973580461027,0.8429238782051282,-0.003010116185897471
4,ml_binary_dravidian_codemix,3.0,50,0.7153561569028802,0.21444839461366602,0.8422606169871795,-0.003673377403846165
4,ml_binary_dravidian_codemix,3.5,50,0.7200776084318544,0.21916984614263996,0.8414589342948717,-0.004475060096153869
4,ml_binary_dravidian_codemix,4.0,40,0.7233676200972179,0.22212089771740104,0.8413809595352564,-0.004480418669871827
5,bn_binary_cinexdrama,0.5,50,0.8533546786366345,0.0009524316837542491,0.9349238061797753,0.0006815894194756455
5,bn_binary_cinexdrama,0.75,50,0.8535344214277252,0.001132174474845038,0.9352192181647939,0.0009770014044943754
5,bn_binary_cinexdrama,1.0,50,0.8541448893830111,0.0017426424301307608,0.9354339887640449,0.0011917720037453016
5,bn_binary_cinexdrama,1.25,50,0.8542863923519978,0.0018841453991174607,0.9355228230337079,0.0012806062734082202
5,bn_binary_cinexdrama,1.5,50,0.8544053900874026,0.0020031431345222716,0.9357690777153558,0.0015268609550561662
5,bn_binary_cinexdrama,1.75,50,0.8541595279710643,0.0017572810181839937,0.9358639396067417,0.0016217228464419598
5,bn_binary_cinexdrama,2.0,50,0.8547197267503137,0.0023174797974332972,0.9359928019662921,0.0017505852059924965
5,bn_binary_cinexdrama,2.5,50,0.8549687383580966,0.0025664914052164066,0.9360990753745319,0.0018568586142321951
5,bn_binary_cinexdrama,3.0,50,0.8552905188307879,0.002888271877907689,0.9361412687265919,0.0018990519662921
5,bn_binary_cinexdrama,3.5,50,0.8549793378026123,0.0025770908497319022,0.9363189372659178,0.0020767205056179726
5,bn_binary_cinexdrama,4.0,50,0.8556977261340719,0.0032954791811917626,0.9363997542134831,0.002157537453183509
5,en_binary_sst2,0.5,50,0.9141169552761709,0.0033100829540683805,0.9769313218944798,0.0006374887539361329
5,en_binary_sst2,0.75,50,0.9148486887250106,0.004041816402907941,0.9770722246320931,0.0007783914915494106
5,en_binary_sst2,1.0,50,0.9151988621192095,0.004391989797106827,0.9771695930531457,0.0008757599126020255
5,en_binary_sst2,1.25,50,0.915426478450201,0.0046196061280983835,0.9771940122742754,0.0009001791337317755
5,en_binary_sst2,1.5,50,0.915801873173311,0.00499500085120854,0.977211209112525,0.0009173759719812446
5,en_binary_sst2,1.75,50,0.9159239847478401,0.005117112425737698,0.9772500433776748,0.0009562102371312942
5,en_binary_sst2,2.0,50,0.9162187034954539,0.005411831173351364,0.9772770347342715,0.000983201593727907
5,en_binary_sst2,2.5,50,0.9167190973710126,0.0059122250489100844,0.977281574930917,0.00098774179037338
5,en_binary_sst2,3.0,50,0.916922244364862,0.006115372042759473,0.9773104861512755,0.001016653010731956
5,en_binary_sst2,3.5,50,0.9170458666572343,0.00623899433513182,0.9773050277938438,0.0010111946532999584
5,en_binary_sst2,4.0,50,0.9172251428200618,0.006418270497959417,0.977305458357432,0.0010116252168883965
5,ha_binary_hausa_movie_review,0.5,50,0.7481713888361209,-0.01873176630432455,0.8504668435013262,0.004283819628647225
5,ha_binary_hausa_movie_review,0.75,50,0.7452365077288629,-0.021666647411582682,0.8526392572944296,0.0064562334217506635
5,ha_binary_hausa_movie_review,1.0,50,0.7428254361598122,-0.024077718980633222,0.8540459770114943,0.00786295313881521
5,ha_binary_hausa_movie_review,1.25,50,0.7422286700159105,-0.024674485124534948,0.8545473032714412,0.00836427939876213
5,ha_binary_hausa_movie_review,1.5,50,0.7394039276744445,-0.0274992274660009,0.8547011494252874,0.008518125552608311
5,ha_binary_hausa_movie_review,1.75,50,0.7399093380237133,-0.026993817116732228,0.8554341290893015,0.009251105216622457
5,ha_binary_hausa_movie_review,2.0,50,0.7377802391067003,-0.029122916033745224,0.8562449160035367,0.010061892130857644
5,ha_binary_hausa_movie_review,2.5,50,0.7362699368357908,-0.030633218304654666,0.8565879752431478,0.010404951370468618
5,ha_binary_hausa_movie_review,3.0,50,0.7361625409421937,-0.03074061419825175,0.8578107869142352,0.011627763041556155
5,ha_binary_hausa_movie_review,3.5,50,0.7356200662373534,-0.031283088903092275,0.8577824933687004,0.011599469496021213
5,ha_binary_hausa_movie_review,4.0,50,0.7357271729484074,-0.031175982192038005,0.8588381962864721,0.012655172413793114
5,ko_binary_nsmc,0.5,50,0.8560223459518147,-0.0008946305718222036,0.9324007948519241,-0.0005250873402249079
5,ko_binary_nsmc,0.75,50,0.855777567720841,-0.0011394088027958827,0.9323800359980758,-0.000545846194073314
5,ko_binary_nsmc,1.0,50,0.8556698386857663,-0.0012471378378708109,0.9322806679743023,-0.0006452142178466591
5,ko_binary_nsmc,1.25,50,0.8554902880579381,-0.0014266884656988844,0.9321184159146161,-0.0008074662775328755
5,ko_binary_nsmc,1.5,50,0.8552541453692595,-0.0016628311543774243,0.9319852845732447,-0.0009405976189042131
5,ko_binary_nsmc,1.75,50,0.855222633581858,-0.0016943429417792034,0.9319896257925062,-0.0009362563996426943
5,ko_binary_nsmc,2.0,50,0.8551617913310197,-0.0017551851926170857,0.9319298628076891,-0.0009960193844599098
5,ko_binary_nsmc,2.5,50,0.8548388393589075,-0.0020781371647295432,0.9317341279327043,-0.001191754259444695
5,ko_binary_nsmc,3.0,50,0.85454495773927,-0.0023720187843670536,0.9316031971705973,-0.0013226850215518192
5,ko_binary_nsmc,3.5,50,0.8542472359207453,-0.002669740602891626,0.931467101697784,-0.0014587804943650773
5,ko_binary_nsmc,4.0,50,0.8540796935664116,-0.0028372829572252535,0.931352555738362,-0.0015733264537871516
5,ml_binary_dravidian_codemix,0.5,50,0.6257178526005795,0.12481009031136515,0.848229266826923,0.002295272435897424
5,ml_binary_dravidian_codemix,0.75,50,0.6515485758607553,0.15064081357154122,0.8475070112179488,0.0015730168269230704
5,ml_binary_dravidian_codemix,1.0,50,0.6713595487482804,0.1704517864590662,0.8467937700320511,0.0008597756410256351
5,ml_binary_dravidian_codemix,1.25,50,0.6838542526116277,0.1829464903224132,0.8459381009615384,4.106570512818486e-06
5,ml_binary_dravidian_codemix,1.5,50,0.6922062749006743,0.1912985126114601,0.8447900641025641,-0.0011439302884615477
5,ml_binary_dravidian_codemix,1.75,50,0.6999635961567204,0.19905583386750603,0.8443387419871793,-0.001595252403846168
5,ml_binary_dravidian_codemix,2.0,50,0.7040289101495643,0.20312114786035,0.8438658854166665,-0.002068108974358989
5,ml_binary_dravidian_codemix,2.5,50,0.7118172823641458,0.21090952007493144,0.8426118790064102,-0.003322115384615383
5,ml_binary_dravidian_codemix,3.0,50,0.7163614168806124,0.2154536545913981,0.8421058693910257,-0.00382812500000002
5,ml_binary_dravidian_codemix,3.5,50,0.7200512023029235,0.21914344001370928,0.8412708333333333,-0.004663161057692349
5,ml_binary_dravidian_codemix,4.0,50,0.721926356035656,0.22101859374644175,0.8407521033653846,-0.005181891025641028
6,bn_binary_cinexdrama,0.5,50,0.8533331460646265,0.0009308991117461818,0.9348033122659176,0.0005610955056179612
6,bn_binary_cinexdrama,0.75,50,0.8530155146622621,0.0006132677093819639,0.9350624414794007,0.0008202247191011103
6,bn_binary_cinexdrama,1.0,50,0.8542150997076686,0.00181285275478819,0.9352942415730335,0.0010520248127340649
6,bn_binary_cinexdrama,1.25,50,0.8542194153116982,0.001817168358818042,0.9353928487827714,0.0011506320224718913
6,bn_binary_cinexdrama,1.5,50,0.8542038769447864,0.0018016299919060663,0.9356448970037454,0.0014026802434456865
6,bn_binary_cinexdrama,1.75,50,0.8543193715029795,0.001917124550099343,0.9357076310861424,0.001465414325842691
6,bn_binary_cinexdrama,2.0,50,0.8545744979818676,0.0021722510289874175,0.9358724250936329,0.0016302083333333184
6,bn_binary_cinexdrama,2.5,50,0.85489906886591,0.0024968219130297744,0.9361234784644197,0.0018812617041198299
6,bn_binary_cinexdrama,3.0,50,0.8554498807521138,0.0030476337992335735,0.9362294007490638,0.001987183988764025
6,bn_binary_cinexdrama,3.5,50,0.8554406954129228,0.0030384484600423623,0.9364133895131087,0.002171172752808983
6,bn_binary_cinexdrama,4.0,50,0.8556329353497509,0.0032306883968706047,0.9364664676966293,0.002224250936329584
6,en_binary_sst2,0.5,50,0.9139483376143006,0.0031414652921981177,0.9768963024548551,0.0006024693143114268
6,en_binary_sst2,0.75,50,0.9146071568843073,0.0038002845622048566,0.9770462092731829,0.0007523761326392897
6,en_binary_sst2,1.0,50,0.9149352977370657,0.004128425414963202,0.9771473226335068,0.000853489492963202
6,en_binary_sst2,1.25,50,0.9153548376493303,0.004547965327227866,0.9771712478311163,0.0008774146905726088
6,en_binary_sst2,1.5,50,0.9155582085836848,0.004751336261582278,0.9771920988368357,0.0008982656962920222
6,en_binary_sst2,1.75,50,0.9159056532026406,0.005098780880538234,0.977237073452863,0.000943240312319269
6,en_binary_sst2,2.0,50,0.9161523409443112,0.005345468622208718,0.97725701834715,0.0009631852066062762
6,en_binary_sst2,2.5,50,0.9164034935798568,0.005596621257754219,0.9772450509286036,0.0009512177880599215
6,en_binary_sst2,3.0,50,0.9164569656902505,0.005650093368147897,0.9772686941713259,0.0009748610307820837
6,en_binary_sst2,3.5,50,0.9168514426009828,0.006044570278880528,0.977269364918707,0.0009755317781633832
6,en_binary_sst2,4.0,50,0.9169991815082754,0.006192309186172866,0.9772792477989846,0.0009854146584409751
6,ha_binary_hausa_movie_review,0.5,50,0.7490804165072643,-0.017822738633181158,0.8511724137931033,0.004989389920424417
6,ha_binary_hausa_movie_review,0.75,50,0.7469077263381739,-0.01999542880227164,0.8532175066312998,0.007034482758620692
6,ha_binary_hausa_movie_review,1.0,50,0.7446141406608631,-0.02228901447958241,0.8544526967285587,0.008269672855879769
6,ha_binary_hausa_movie_review,1.25,50,0.7422191488222216,-0.02468400631822386,0.8548435013262599,0.0086604774535809
6,ha_binary_hausa_movie_review,1.5,50,0.7407280886181639,-0.026175066522281874,0.8546100795755968,0.008427055702917772
6,ha_binary_hausa_movie_review,1.75,50,0.7417413281691928,-0.02516182697125281,0.855371352785146,0.00918832891246684
6,ha_binary_hausa_movie_review,2.0,50,0.7417416783441623,-0.02516147679628319,0.8561211317418214,0.009938107869142357
6,ha_binary_hausa_movie_review,2.5,50,0.7384295552692047,-0.02847359987124086,0.8563103448275864,0.01012732095490718
6,ha_binary_hausa_movie_review,3.0,50,0.739859719757914,-0.02704343538253152,0.8574951370468612,0.01131211317418215
6,ha_binary_hausa_movie_review,3.5,50,0.7386122376470332,-0.028290917493412285,0.8575755968169761,0.011392572944297106
6,ha_binary_hausa_movie_review,4.0,50,0.7385556260214805,-0.028347529118964997,0.8587312113174183,0.012548187444739189
6,ko_binary_nsmc,0.5,50,0.8560544064294252,-0.0008625700942116787,0.932416394214497,-0.0005094879776520922
6,ko_binary_nsmc,0.75,50,0.8557969512922783,-0.001120025231358548,0.9324103459047106,-0.0005155362874384118
6,ko_binary_nsmc,1.0,50,0.8556496332696372,-0.0012673432539997086,0.9322749479835339,-0.0006509342086149861
6,ko_binary_nsmc,1.25,50,0.8554307591659388,-0.0014862173576983028,0.9321049849728805,-0.0008208972192684061
6,ko_binary_nsmc,1.5,50,0.8551212366502254,-0.0017957398734113749,0.9319554408796155,-0.0009704413125335675
6,ko_binary_nsmc,1.75,50,0.8549764156770421,-0.0019405608465948854,0.9319157452582841,-0.0010101369338648735
6,ko_binary_nsmc,2.0,50,0.8549945388364114,-0.0019224376872257643,0.9318821846566336,-0.0010436975355153733
6,ko_binary_nsmc,2.5,50,0.8545933460150696,-0.0023236305085672427,0.93164447731002,-0.0012814048821290357
6,ko_binary_nsmc,3.0,50,0.8544854485160507,-0.0024315280075862455,0.9315406517241948,-0.0013852304679543349
6,ko_binary_nsmc,3.5,50,0.8543463044456019,-0.002570672078035201,0.9314433622123584,-0.0014825199797907018
6,ko_binary_nsmc,4.0,50,0.8541565858650252,-0.002760390658611789,0.9313232860137234,-0.0016025961784255417
6,ml_binary_dravidian_codemix,0.5,50,0.6251008302957419,0.12419306800652773,0.8479923878205128,0.002058393429487151
6,ml_binary_dravidian_codemix,0.75,50,0.6516908284839872,0.15078306619477286,0.8473102964743591,0.0013763020833333028
6,ml_binary_dravidian_codemix,1.0,50,0.6727331783485317,0.17182541605931745,0.8465248397435897,0.0005908453525640822
6,ml_binary_dravidian_codemix,1.25,50,0.6842934609345984,0.183385698645384,0.8457401842948716,-0.0001938100961538636
6,ml_binary_dravidian_codemix,1.5,50,0.6931225558424408,0.19221479355322668,0.844758814102564,-0.0011751802884615524
6,ml_binary_dravidian_codemix,1.75,50,0.7000857282692874,0.19917796598007326,0.844131109775641,-0.0018028846153846168
6,ml_binary_dravidian_codemix,2.0,50,0.7047418564519262,0.2038340941627121,0.8437187500000001,-0.0022152443910256592
6,ml_binary_dravidian_codemix,2.5,50,0.7117645461624559,0.21085678387324158,0.8423708934294872,-0.003563100961538479
6,ml_binary_dravidian_codemix,3.0,50,0.717215274814384,0.2163075125251698,0.8419454126602564,-0.0039885817307692565
6,ml_binary_dravidian_codemix,3.5,50,0.719728685543153,0.21882092325393868,0.8409967948717949,-0.004937199519230784
6,ml_binary_dravidian_codemix,4.0,50,0.7220055644642216,0.22109780217500735,0.8405114182692308,-0.005422576121794887
7,bn_binary_cinexdrama,0.5,50,0.8527775588553169,0.000375311902436577,0.934831636235955,0.0005894194756554216
7,bn_binary_cinexdrama,0.75,50,0.8532609933949306,0.0008587464420503599,0.9351147588951311,0.0008725421348314466
7,bn_binary_cinexdrama,1.0,50,0.8540491054633799,0.001646858510499576,0.9353638810861422,0.0011216643258426839
7,bn_binary_cinexdrama,1.25,50,0.8540240821948979,0.0016218352420177195,0.9354178955992509,0.0011756788389512885
7,bn_binary_cinexdrama,1.5,50,0.8540620004769931,0.0016597535241128347,0.9356096676029964,0.0013674508426966003
7,bn_binary_cinexdrama,1.75,50,0.8546369208438166,0.002234673890936456,0.9356645599250938,0.0014223431647940044
7,bn_binary_cinexdrama,2.0,50,0.8548760244887963,0.002473777535916224,0.9358563319288389,0.0016141151685392918
7,bn_binary_cinexdrama,2.5,50,0.8545730762867436,0.002170829333863267,0.9361020599250938,0.0018598431647939995
7,bn_binary_cinexdrama,3.0,50,0.8555932094133541,0.003190962460473843,0.9362566128277154,0.00201439606741572
7,bn_binary_cinexdrama,3.5,50,0.8552289593093657,0.0028267123564854036,0.9363995201310861,0.0021573033707865184
7,bn_binary_cinexdrama,4.0,50,0.8552620538150022,0.002859806862121972,0.9364525983146066,0.0022103815543070837
7,en_binary_sst2,0.5,50,0.9139804966589723,0.0031736243368699025,0.9768946918578498,0.0006008587173060787
7,en_binary_sst2,0.75,50,0.9146304303917623,0.003823558069659967,0.9770428675856307,0.00074903444508708
7,en_binary_sst2,1.0,50,0.9150015568958243,0.004194684573721836,0.9771532549322024,0.0008594217916586677
7,en_binary_sst2,1.25,50,0.9153968711471837,0.0045899988250811385,0.9771775199215988,0.0008836867810551907
7,en_binary_sst2,1.5,50,0.9156872919005299,0.0048804195784275,0.9771972045498358,0.0009033714092924438
7,en_binary_sst2,1.75,50,0.9159993857390458,0.005192513416943201,0.9772323862540969,0.00093855311355312
7,en_binary_sst2,2.0,50,0.9161319463948563,0.00532507407275376,0.9772497766853029,0.0009559435447593367
7,en_binary_sst2,2.5,50,0.9165080578195182,0.00570118549741579,0.9772502755285651,0.0009564423880213524
7,en_binary_sst2,3.0,50,0.9166660297484384,0.005859157426335868,0.9772862781954887,0.0009924450549450548
7,en_binary_sst2,3.5,50,0.916842352018191,0.006035479696088355,0.9772675093181672,0.0009736761776235548
7,en_binary_sst2,4.0,50,0.9169288530361538,0.006121980714051285,0.9772625626566416,0.0009687295160979592
7,ha_binary_hausa_movie_review,0.5,50,0.7489618974347135,-0.017941257705732076,0.8511998231653404,0.005016799292661363
7,ha_binary_hausa_movie_review,0.75,50,0.7470209731268672,-0.019882182013578425,0.8533952254641909,0.007212201591511937
7,ha_binary_hausa_movie_review,1.0,50,0.745302831355878,-0.021600323784567492,0.8547055702917771,0.008522546419098144
7,ha_binary_hausa_movie_review,1.25,50,0.74275236831238,-0.024150786828065516,0.8551370468611849,0.008954022988505757
7,ha_binary_hausa_movie_review,1.5,50,0.7407574181190145,-0.026145737021431,0.8550167992926613,0.008833775419982324
7,ha_binary_hausa_movie_review,1.75,50,0.7406137658591931,-0.026289389281252427,0.855738284703802,0.009555260831122927
7,ha_binary_hausa_movie_review,2.0,50,0.7392135335314137,-0.027689621609031705,0.8564721485411141,0.010289124668435023
7,ha_binary_hausa_movie_review,2.5,50,0.7359457996200334,-0.03095735552041226,0.8562449160035368,0.010061892130857645
7,ha_binary_hausa_movie_review,3.0,50,0.738568114850496,-0.028335040289949483,0.857444739168877,0.011261715296198054
7,ha_binary_hausa_movie_review,3.5,50,0.7379780092214986,-0.02892514591894701,0.8579310344827585,0.011748010610079568
7,ha_binary_hausa_movie_review,4.0,50,0.7394659950577469,-0.027437160082698538,0.8586958443854996,0.012512820512820528
7,ko_binary_nsmc,0.5,50,0.8560780531628857,-0.0008389233607513602,0.9324644543941943,-0.00046142779795464326
7,ko_binary_nsmc,0.75,50,0.8559319314246778,-0.0009850450989590499,0.9324672669937817,-0.0004586151983671871
7,ko_binary_nsmc,1.0,50,0.8557788113466429,-0.001138165176994006,0.9323371960907645,-0.000588686101384659
7,ko_binary_nsmc,1.25,50,0.8554232686807047,-0.001493707842932106,0.9321237991679303,-0.0008020830242188471
7,ko_binary_nsmc,1.5,50,0.8552703534053322,-0.0016466231183049152,0.9320183306400651,-0.0009075515520839605
7,ko_binary_nsmc,1.75,50,0.8552040218034509,-0.0017129547201859574,0.9319905383510075,-0.0009353438411413717
7,ko_binary_nsmc,2.0,50,0.855164387916863,-0.0017525886067739282,0.931950003074834,-0.000975879117315146
7,ko_binary_nsmc,2.5,50,0.8546947087359917,-0.0022222677876452936,0.9317066296154445,-0.0012192525767044703
7,ko_binary_nsmc,3.0,50,0.854577015280047,-0.002339961243589923,0.9316166459594178,-0.0013092362327312146
7,ko_binary_nsmc,3.5,50,0.8543000078930327,-0.0026169686306040042,0.9314582443241534,-0.0014676378679956304
7,ko_binary_nsmc,4.0,50,0.8541794502603254,-0.0027375262633114895,0.9313404702311253,-0.001585411961023817
7,ml_binary_dravidian_codemix,0.5,50,0.6250097808282308,0.1241020185390165,0.8478238181089744,0.0018898237179486954
7,ml_binary_dravidian_codemix,0.75,50,0.6505874471176017,0.1496796848283874,0.847181891025641,0.0012478966346153753
7,ml_binary_dravidian_codemix,1.0,50,0.6718605300694116,0.17095276778019738,0.8463532652243589,0.00041927083333331394
7,ml_binary_dravidian_codemix,1.25,50,0.6841446878656992,0.18323692557648485,0.8456208934294874,-0.0003131009615384661
7,ml_binary_dravidian_codemix,1.5,50,0.6929763279461324,0.19206856565691804,0.8445703125,-0.0013636818910256587
7,ml_binary_dravidian_codemix,1.75,50,0.6997706073432525,0.19886284505403812,0.8439614383012821,-0.0019725560897436044
7,ml_binary_dravidian_codemix,2.0,50,0.704805375138156,0.2038976128489418,0.8435574919871794,-0.002376502403846159
7,ml_binary_dravidian_codemix,2.5,50,0.7119493809647345,0.21104161867552026,0.8423653846153847,-0.0035686097756410227
7,ml_binary_dravidian_codemix,3.0,50,0.7163962608920476,0.21548849860283337,0.8416064703525642,-0.004327524038461546
7,ml_binary_dravidian_codemix,3.5,50,0.7204371531806708,0.2195293908914565,0.840779046474359,-0.005154947916666672
7,ml_binary_dravidian_codemix,4.0,50,0.7229892356797754,0.22208147339056125,0.8405333533653847,-0.005400641025641031
8,bn_binary_cinexdrama,0.5,50,0.8528584413253563,0.000456194372476022,0.934864758895131,0.0006225421348314563
8,bn_binary_cinexdrama,0.75,50,0.8529217254651716,0.0005194785122913737,0.9351378745318353,0.0008956577715355629
8,bn_binary_cinexdrama,1.0,50,0.8542140171423669,0.0018117701894866767,0.9354318820224719,0.0011896652621722703
8,bn_binary_cinexdrama,1.25,50,0.8540486360211561,0.0016463890682757176,0.9354497893258427,0.0012075725655430513
8,bn_binary_cinexdrama,1.5,50,0.8541283190277095,0.001726072074829228,0.935700316011236,0.001458099250936322
8,bn_binary_cinexdrama,1.75,50,0.8547489547211466,0.0023467077682663563,0.9358048338014981,0.0015626170411984952
8,bn_binary_cinexdrama,2.0,50,0.8548726646227575,0.0024704176698770474,0.9359551732209738,0.0017129564606741489
8,bn_binary_cinexdrama,2.5,50,0.8548281986883818,0.002425951735501497,0.9361501053370788,0.0019078885767790156
8,bn_binary_cinexdrama,3.0,50,0.8555142627970844,0.0031120158442040414,0.9362535697565544,0.002011352996254656
8,bn_binary_cinexdrama,3.5,50,0.8557543956810214,0.0033521487281409756,0.9364534176029963,0.002211200842696599
8,bn_binary_cinexdrama,4.0,50,0.855727456544141,0.003325209591260556,0.936530547752809,0.0022883309925093376
8,en_binary_sst2,0.5,50,0.9138350538475579,0.003028181525455598,0.9768848017479597,0.0005909686074159892
8,en_binary_sst2,0.75,50,0.9145896510728587,0.003782778750756226,0.9770309732664996,0.000737140125955924
8,en_binary_sst2,1.0,50,0.9149775026330071,0.004170630310904746,0.9771467506908296,0.0008529175502859831
8,en_binary_sst2,1.25,50,0.9153456924824434,0.004538820160340919,0.9771726752779383,0.0008788421373947774
8,en_binary_sst2,1.5,50,0.9155420524906459,0.004735180168543189,0.9771915011888695,0.0008976680483259547
8,en_binary_sst2,1.75,50,0.9157940740984002,0.004987201776297645,0.9772256852066064,0.0009318520660625928
8,en_binary_sst2,2.0,50,0.91595552035748,0.005148648035377424,0.977236731251205,0.0009428981106612922
8,en_binary_sst2,2.5,50,0.9162166757563803,0.005409803434277969,0.977241711650922,0.0009478785103785037
8,en_binary_sst2,3.0,50,0.9165273824928302,0.005720510170727782,0.9772653573035153,0.0009715241629715332
8,en_binary_sst2,3.5,50,0.9166442073209587,0.00583733499885633,0.9772450075509285,0.0009511744103849518
8,en_binary_sst2,4.0,50,0.9166743585728188,0.005867486250716241,0.9772483436154489,0.0009545104749052169
8,ha_binary_hausa_movie_review,0.5,50,0.7508949490256152,-0.01600820611483041,0.851395225464191,0.005212201591511927
8,ha_binary_hausa_movie_review,0.75,50,0.7477818473119704,-0.019121307828475147,0.8533183023872678,0.007135278514588872
8,ha_binary_hausa_movie_review,1.0,50,0.7460014604257376,-0.02090169471470779,0.8547011494252872,0.008518125552608315
8,ha_binary_hausa_movie_review,1.25,50,0.7441646073439934,-0.022738547796452017,0.8552705570291776,0.009087533156498706
8,ha_binary_hausa_movie_review,1.5,50,0.7417642374280696,-0.025138917712375815,0.8549814323607428,0.008798408488063658
8,ha_binary_hausa_movie_review,1.75,50,0.7397280773086721,-0.027175077831773566,0.8557568523430592,0.009573828470380193
8,ha_binary_hausa_movie_review,2.0,50,0.7382411480629607,-0.028662007077484754,0.8564818744473919,0.010298850574712646
8,ha_binary_hausa_movie_review,2.5,50,0.7358189364450748,-0.031084218695370622,0.8563448275862069,0.010161803713527881
8,ha_binary_hausa_movie_review,3.0,50,0.7363097799525637,-0.030593375187881598,0.8572175066312998,0.011034482758620689
8,ha_binary_hausa_movie_review,3.5,50,0.7370720223487184,-0.02983113279172705,0.8574942528735631,0.011311229000884191
8,ha_binary_hausa_movie_review,4.0,50,0.7378991504087901,-0.029004004731655243,0.8586330680813441,0.01245004420866489
8,ko_binary_nsmc,0.5,50,0.8562141260181447,-0.0007028505054922784,0.9325340260359506,-0.00039185615619836023
8,ko_binary_nsmc,0.75,50,0.8560493531696577,-0.0008676233539792699,0.9325121315350375,-0.00041375065711157343
8,ko_binary_nsmc,1.0,50,0.8557836298863352,-0.0011333466373018774,0.9323948058079299,-0.0005310763842192845
8,ko_binary_nsmc,1.25,50,0.8554838056961743,-0.0014331708274625888,0.9322117543175318,-0.0007141278746171498
8,ko_binary_nsmc,1.5,50,0.8552800154520118,-0.0016369610716250914,0.9320892507469571,-0.0008366314451917112
8,ko_binary_nsmc,1.75,50,0.8551669317010595,-0.0017500448225774212,0.9320479163928045,-0.0008779657993446444
8,ko_binary_nsmc,2.0,50,0.855049626553931,-0.0018673499697058182,0.9319932915164344,-0.0009325906757146396
8,ko_binary_nsmc,2.5,50,0.8547653712143208,-0.0021516053093160246,0.9317562608437353,-0.0011696213484138052
8,ko_binary_nsmc,3.0,50,0.8546492999470129,-0.0022676765766238938,0.931681183712969,-0.001244698479180002
8,ko_binary_nsmc,3.5,50,0.8543465885028312,-0.0025703880208059493,0.9315329507069825,-0.0013929314851666241
8,ko_binary_nsmc,4.0,50,0.8543855280065306,-0.002531448517106356,0.9314991769505232,-0.0014267052416257519
8,ml_binary_dravidian_codemix,0.5,50,0.6242199614337427,0.12331219914452828,0.8479022435897435,0.0019682491987179284
8,ml_binary_dravidian_codemix,0.75,50,0.650254279854779,0.14934651756556477,0.8471822916666667,0.001248297275641015
8,ml_binary_dravidian_codemix,1.0,50,0.6711927098766037,0.17028494758738943,0.8464610376602565,0.0005270432692307558
8,ml_binary_dravidian_codemix,1.25,50,0.6843601012513874,0.1834523389621732,0.8457205528846155,-0.00021344150641022797
8,ml_binary_dravidian_codemix,1.5,50,0.6932661864294074,0.19235842414019327,0.8445194310897436,-0.0014145633012820835
8,ml_binary_dravidian_codemix,1.75,50,0.6995656424837964,0.19865788019458205,0.8438820112179488,-0.0020519831730769476
8,ml_binary_dravidian_codemix,2.0,50,0.7048215048402746,0.20391374255106037,0.8434840745192308,-0.002449919871794899
8,ml_binary_dravidian_codemix,2.5,50,0.7120937099931658,0.21118594770395135,0.8422718349358972,-0.0036621594551282
8,ml_binary_dravidian_codemix,3.0,50,0.7169697456740198,0.21606198338480545,0.841650641025641,-0.004283353365384634
8,ml_binary_dravidian_codemix,3.5,50,0.7199714774325853,0.21906371514337106,0.8407674278846153,-0.005166566506410264
8,ml_binary_dravidian_codemix,4.0,50,0.7221577470123599,0.2212499847231454,0.8402235576923077,-0.005710436698717958
9,bn_binary_cinexdrama,0.5,50,0.8529407494075442,0.0005385024546639383,0.9349131554307115,0.0006709386704119824
9,bn_binary_cinexdrama,0.75,50,0.8530238637771409,0.0006216168242605979,0.9351288038389515,0.0008865870786516683
9,bn_binary_cinexdrama,1.0,50,0.8538409851126584,0.001438738159778179,0.9354092345505619,0.0011670177902621637
9,bn_binary_cinexdrama,1.25,50,0.8540481706104406,0.0016459236575604463,0.9354831460674159,0.0012409293071160988
9,bn_binary_cinexdrama,1.5,50,0.8544236563174556,0.0020214093645753908,0.9356711142322096,0.0014288974719101023
9,bn_binary_cinexdrama,1.75,50,0.8548093641366037,0.002407117183723455,0.9357366573033709,0.001494440543071156
9,bn_binary_cinexdrama,2.0,50,0.8548868173380457,0.00248457038516545,0.9358659878277154,0.001623771067415709
9,bn_binary_cinexdrama,2.5,50,0.8551109282634967,0.0027086813106164363,0.9360371605805244,0.001794943820224697
9,bn_binary_cinexdrama,3.0,50,0.8555649183951874,0.0031626714423072366,0.9362606507490638,0.0020184339887640234
9,bn_binary_cinexdrama,3.5,50,0.8558271427628006,0.003424895809920283,0.9364842579588014,0.002242041198501854
9,bn_binary_cinexdrama,4.0,50,0.8559409213804942,0.0035386744276138925,0.9365223548689137,0.002280138108614216
9,en_binary_sst2,0.5,50,0.9137990312089876,0.00299215888688515,0.9768785039521881,0.0005846708116445054
9,en_binary_sst2,0.75,50,0.9145245156196158,0.0037176432975134445,0.9770250538204486,0.000731220679904887
9,en_binary_sst2,1.0,50,0.9149160157587236,0.004109143436621198,0.9771329332947754,0.0008391001542317334
9,en_binary_sst2,1.25,50,0.9153362568772462,0.004529384555143731,0.9771653846153845,0.0008715514748409525
9,en_binary_sst2,1.5,50,0.9155425406022103,0.004735668280107808,0.9771816086691087,0.000887775528565029
9,en_binary_sst2,1.75,50,0.9158308228668061,0.005023950544703464,0.9772215916393548,0.0009277584988111553
9,en_binary_sst2,2.0,50,0.9160755616787923,0.005268689356689833,0.977242143017801,0.0009483098772572629
9,en_binary_sst2,2.5,50,0.9162725856370337,0.005465713314931235,0.9772486793907845,0.0009548462502409993
9,en_binary_sst2,3.0,50,0.9164714870042913,0.005664614682188802,0.9772535577726367,0.0009597246320930575
9,en_binary_sst2,3.5,50,0.916659733175066,0.005852860852963389,0.977242355086434,0.0009485219458903704
9,en_binary_sst2,4.0,50,0.916697300982933,0.005890428660830573,0.9772417630615,0.0009479299209562475
9,ha_binary_hausa_movie_review,0.5,50,0.7483053543784641,-0.018597800761981458,0.8509849690539345,0.004801945181255543
9,ha_binary_hausa_movie_review,0.75,50,0.7468023917457315,-0.020100763394714047,0.8528505747126437,0.006667550839964631
9,ha_binary_hausa_movie_review,1.0,50,0.7466380224496555,-0.02026513269078998,0.854341290893015,0.00815826702033599
9,ha_binary_hausa_movie_review,1.25,50,0.7443682843427711,-0.02253487079767431,0.8548231653404068,0.008640141467727664
9,ha_binary_hausa_movie_review,1.5,50,0.7426343469571941,-0.02426880818325147,0.854525198938992,0.008342175066313004
9,ha_binary_hausa_movie_review,1.75,50,0.7402888581879361,-0.02661429695250956,0.8552917771883289,0.009108753315649878
9,ha_binary_hausa_movie_review,2.0,50,0.7401843807772182,-0.02671877436322723,0.8560150309460656,0.009832007073386408
9,ha_binary_hausa_movie_review,2.5,50,0.737662937195753,-0.029240217944692476,0.8561114058355439,0.009928381962864725
9,ha_binary_hausa_movie_review,3.0,50,0.7393516765990472,-0.027551478541398357,0.8569982316534039,0.010815207780725032
9,ha_binary_hausa_movie_review,3.5,50,0.7357443299458035,-0.03115882519464187,0.857030946065429,0.010847922192749793
9,ha_binary_hausa_movie_review,4.0,50,0.7378819824852236,-0.029021172655221902,0.8579496021220158,0.011766578249336862
9,ko_binary_nsmc,0.5,50,0.8561536622353629,-0.0007633142882740174,0.9325399083341722,-0.00038597385797699334
9,ko_binary_nsmc,0.75,50,0.8559875228253463,-0.0009294536982906476,0.932528137844824,-0.0003977443473251552
9,ko_binary_nsmc,1.0,50,0.8557867126942091,-0.0011302638294277312,0.9324146652360377,-0.000511216956111451
9,ko_binary_nsmc,1.25,50,0.8556313904004572,-0.0012855861231795406,0.932212299832208,-0.000713582359941094
9,ko_binary_nsmc,1.5,50,0.8553704951794775,-0.0015464813441595094,0.9321249269016648,-0.0008009552904842465
9,ko_binary_nsmc,1.75,50,0.8552654572607052,-0.00165151926293172,0.932090577829265,-0.0008353043628841128
9,ko_binary_nsmc,2.0,50,0.8550809587407906,-0.0018360177828462487,0.9320108384000744,-0.0009150437920745569
9,ko_binary_nsmc,2.5,50,0.8547529626057688,-0.0021640139178682374,0.9317944919938776,-0.0011313901982714224
9,ko_binary_nsmc,3.0,50,0.8546285502565014,-0.0022884262671355373,0.9317043068004845,-0.0012215753916645844
9,ko_binary_nsmc,3.5,50,0.8543461938372434,-0.002570782686393571,0.9315389708991912,-0.001386911292957751
9,ko_binary_nsmc,4.0,50,0.8543363661151794,-0.0025806104084574646,0.9315300167135426,-0.0013958654786064351
9,ml_binary_dravidian_codemix,0.5,50,0.6256936201260695,0.12478585783685517,0.8479879807692308,0.0020539863782051237
9,ml_binary_dravidian_codemix,0.75,50,0.6510571181949928,0.15014935590577852,0.8473087940705131,0.001374799679487182
9,ml_binary_dravidian_codemix,1.0,50,0.6723453902189997,0.17143762792978534,0.8466638621794873,0.0007298677884615156
9,ml_binary_dravidian_codemix,1.25,50,0.684240918839633,0.18333315655041882,0.8459642427884616,3.024839743588359e-05
9,ml_binary_dravidian_codemix,1.5,50,0.6928047169139223,0.19189695462470802,0.8448482572115384,-0.0010857371794871873
9,ml_binary_dravidian_codemix,1.75,50,0.699645768405562,0.19873800611634784,0.8441857972756409,-0.0017481971153846287
9,ml_binary_dravidian_codemix,2.0,50,0.7041318399086497,0.20322407761943542,0.8438375400641027,-0.002096454326923083
9,ml_binary_dravidian_codemix,2.5,50,0.7123348616326939,0.2114270993434797,0.8426634615384614,-0.0032705328525641274
9,ml_binary_dravidian_codemix,3.0,50,0.7161850617188573,0.215277299429643,0.841948016826923,-0.003985977564102585
9,ml_binary_dravidian_codemix,3.5,50,0.7197640235715208,0.21885626128230648,0.84113671875,-0.004797275641025651
9,ml_binary_dravidian_codemix,4.0,50,0.7223061988848335,0.2213984365956191,0.8406139823717949,-0.005320012019230773
10,bn_binary_cinexdrama,0.5,50,0.8536063319293236,0.0012040849764432936,0.9349406015917603,0.0006983848314606522
10,bn_binary_cinexdrama,0.75,50,0.853369284615257,0.0009670376623767863,0.9351199672284645,0.0008777504681647886
10,bn_binary_cinexdrama,1.0,50,0.8538508878544391,0.0014486409015588176,0.9353911516853934,0.0011489349250936387
10,bn_binary_cinexdrama,1.25,50,0.8535122983214022,0.0011100513685218495,0.9354286048689139,0.0011863881086142203
10,bn_binary_cinexdrama,1.5,50,0.8543488189901588,0.0019465720372784624,0.9355745552434458,0.001332338483146045
10,bn_binary_cinexdrama,1.75,50,0.854462231901935,0.0020599849490547384,0.9356468281835205,0.0014046114232209583
10,bn_binary_cinexdrama,2.0,50,0.8546510434751423,0.00224879652226192,0.9356930009363296,0.0014507841760299533
10,bn_binary_cinexdrama,2.5,50,0.8550951260883588,0.0026928791354786253,0.9359650046816479,0.0017227879213483099
10,bn_binary_cinexdrama,3.0,50,0.8554802165489476,0.0030779695960672536,0.9361850421348314,0.0019428253745318181
10,bn_binary_cinexdrama,3.5,50,0.8557696725530534,0.003367425600172993,0.9363947799625468,0.0021525632022471753
10,bn_binary_cinexdrama,4.0,50,0.8561590678493864,0.0037568208965061433,0.9364750702247191,0.0022328534644194555
10,en_binary_sst2,0.5,50,0.9139323045687092,0.0031254322466067784,0.9769010482938114,0.000607215153267795
10,en_binary_sst2,0.75,50,0.9146678750559752,0.003861002733872845,0.9770478495919285,0.0007540164513848735
10,en_binary_sst2,1.0,50,0.9148735988896949,0.004066726567592471,0.9771598491420859,0.0008660160015423246
10,en_binary_sst2,1.25,50,0.9152955409488519,0.004488668626749337,0.9771856741212004,0.0008918409806567951
10,en_binary_sst2,1.5,50,0.9156109503152127,0.004804077993110083,0.9772020957843326,0.0009082626437889929
10,en_binary_sst2,1.75,50,0.9158322769973788,0.005025404675276101,0.9772599503566609,0.0009661172161172127
10,en_binary_sst2,2.0,50,0.9160896375173114,0.005282765195208805,0.9772764145941778,0.0009825814536340838
10,en_binary_sst2,2.5,50,0.9163223479083765,0.005515475586274039,0.9772737918514234,0.0009799587108797803
10,en_binary_sst2,3.0,50,0.9165051458553272,0.005698273533224791,0.9772842113296059,0.000990378189062413
10,en_binary_sst2,3.5,50,0.9166949298930208,0.0058880575709182705,0.9772817122935544,0.0009878791530107621
10,en_binary_sst2,4.0,50,0.9167907695734943,0.005983897251391721,0.9772756691408007,0.0009818360002570659
10,ha_binary_hausa_movie_review,0.5,50,0.7476996937774399,-0.019203461363005606,0.8510778072502211,0.004894783377542004
10,ha_binary_hausa_movie_review,0.75,50,0.745398629916928,-0.021504525223517493,0.8527886825817859,0.006605658709106997
10,ha_binary_hausa_movie_review,1.0,50,0.7461595727994963,-0.020743582340949175,0.8545658709106985,0.008382847038019458
10,ha_binary_hausa_movie_review,1.25,50,0.7436178683094576,-0.023285286830988003,0.8547038019451813,0.008520778072502207
10,ha_binary_hausa_movie_review,1.5,50,0.7409868508453595,-0.025916304295085978,0.8548275862068967,0.00864456233421752
10,ha_binary_hausa_movie_review,1.75,50,0.7410519071769832,-0.0258512479634624,0.855549071618037,0.009366047745358083
10,ha_binary_hausa_movie_review,2.0,50,0.7398957836095258,-0.027007371530919668,0.8561768346595933,0.00999381078691423
10,ha_binary_hausa_movie_review,2.5,50,0.7388744546034826,-0.028028700536962933,0.8562705570291778,0.01008753315649868
10,ha_binary_hausa_movie_review,3.0,50,0.740623920313035,-0.02627923482741064,0.8572732095490717,0.01109018567639259
10,ha_binary_hausa_movie_review,3.5,50,0.7368986399690677,-0.03000451517137786,0.8574889478337755,0.011305923961096373
10,ha_binary_hausa_movie_review,4.0,50,0.7384744355596358,-0.028428719580809655,0.8583810786914233,0.012198054818744484
10,ko_binary_nsmc,0.5,50,0.8559972192412705,-0.0009197572823664557,0.9324797035498148,-0.00044617864233432503
10,ko_binary_nsmc,0.75,50,0.8558151270520256,-0.0011018494716113403,0.932480795084273,-0.0004450871078760876
10,ko_binary_nsmc,1.0,50,0.8557424206777475,-0.0011745558458894135,0.9323867768084371,-0.0005391053837121129
10,ko_binary_nsmc,1.25,50,0.8555152211076185,-0.0014017554160184154,0.9321800748996699,-0.0007458072924789172
10,ko_binary_nsmc,1.5,50,0.8553170630277189,-0.0015999134959180927,0.9320897445724341,-0.0008361376197148962
10,ko_binary_nsmc,1.75,50,0.8550215172919065,-0.0018954592317304941,0.9320372953567567,-0.000888586835392331
10,ko_binary_nsmc,2.0,50,0.8548501580392892,-0.0020668184843476967,0.931939195822974,-0.000986686369175116
10,ko_binary_nsmc,2.5,50,0.8547461598279504,-0.002170816695686344,0.9317899278544212,-0.0011359543377277115
10,ko_binary_nsmc,3.0,50,0.8546704969608525,-0.0022464795627843625,0.9316936579835966,-0.0012322242085522838
10,ko_binary_nsmc,3.5,50,0.8542927411776217,-0.002624235346015318,0.9315299582895943,-0.0013959239025547433
10,ko_binary_nsmc,4.0,50,0.8542806680141863,-0.002636308509450711,0.9315198541455391,-0.001406028046610015
10,ml_binary_dravidian_codemix,0.5,50,0.6255393036409685,0.1246315413517542,0.8480365584935896,0.0021025641025640618
10,ml_binary_dravidian_codemix,0.75,50,0.651692433283346,0.15078467099413184,0.8475106169871794,0.0015766225961538383
10,ml_binary_dravidian_codemix,1.0,50,0.6723570563451454,0.17144929405593118,0.8467620192307692,0.0008280248397435841
10,ml_binary_dravidian_codemix,1.25,50,0.6848187387270933,0.183910976437879,0.8460830328525641,0.00014903846153844659
10,ml_binary_dravidian_codemix,1.5,50,0.6929160273644176,0.19200826507520333,0.8449287860576924,-0.0010052083333333538
10,ml_binary_dravidian_codemix,1.75,50,0.699512698184749,0.19860493589553468,0.8441889022435898,-0.0017450921474359293
10,ml_binary_dravidian_codemix,2.0,50,0.7040245680262949,0.20311680573708063,0.8436806891025641,-0.0022533052884615556
10,ml_binary_dravidian_codemix,2.5,50,0.7131572180904981,0.2122494558012839,0.8425765224358974,-0.0033574719551282195
10,ml_binary_dravidian_codemix,3.0,50,0.7168469915370212,0.21593922924780706,0.8418387419871796,-0.0040952524038461655
10,ml_binary_dravidian_codemix,3.5,50,0.7205046673862262,0.2195969050970121,0.8410431690705128,-0.004890825320512829
10,ml_binary_dravidian_codemix,4.0,50,0.7229210409198248,0.22201327863061052,0.8405384615384616,-0.005395532852564122
11,bn_binary_cinexdrama,0.5,50,0.8532499240284822,0.0008476770756020092,0.9348536399812732,0.0006114232209737614
11,bn_binary_cinexdrama,0.75,50,0.8532397522088431,0.0008375052559628315,0.9350315426029964,0.0007893258426966177
11,bn_binary_cinexdrama,1.0,50,0.8539069118525084,0.0015046648996279543,0.9352834152621723,0.0010411985018726555
11,bn_binary_cinexdrama,1.25,50,0.8534145501042484,0.0010123031513680813,0.9353527621722847,0.0011105454119849912
11,bn_binary_cinexdrama,1.5,50,0.8542784957440976,0.0018762487912173632,0.9355653675093634,0.0013231507490636485
11,bn_binary_cinexdrama,1.75,50,0.8542455154855297,0.0018432685326494934,0.9356025866104868,0.001360369850187242
11,bn_binary_cinexdrama,2.0,50,0.8546642535220994,0.002262006569219093,0.9356405664794007,0.0013983497191010841
11,bn_binary_cinexdrama,2.5,50,0.855035699175881,0.002633452223000632,0.9358522940074907,0.0016100772471909863
11,bn_binary_cinexdrama,3.0,50,0.8549676333504624,0.0025653863975822855,0.9360339419475655,0.0017917251872658934
11,bn_binary_cinexdrama,3.5,50,0.855710370868747,0.003308123915866559,0.9362583099250936,0.0020160931647939997
11,bn_binary_cinexdrama,4.0,50,0.8556476399805918,0.003245393027711567,0.936376170411985,0.0021339536516853763
11,en_binary_sst2,0.5,50,0.9138222350720205,0.0030153627499179447,0.9768928965040807,0.0005990633635370624
11,en_binary_sst2,0.75,50,0.9145088905241263,0.0037020182020238023,0.9770346764346763,0.0007408432941327825
11,en_binary_sst2,1.0,50,0.9146864777051215,0.0038796053830190756,0.9771410601825073,0.0008472270419638849
11,en_binary_sst2,1.25,50,0.9150703995607181,0.004263527238615676,0.977171557097873,0.0008777239573292239
11,en_binary_sst2,1.5,50,0.9153456861191307,0.004538813797028336,0.9771891660240344,0.0008953328834907936
11,en_binary_sst2,1.75,50,0.9156219600963208,0.0048150877742183075,0.9772485452413083,0.0009547121007647342
11,en_binary_sst2,2.0,50,0.915939680948231,0.005132808626128387,0.9772700453055717,0.0009762121650279698
11,en_binary_sst2,2.5,50,0.9161923661021418,0.005385493780039283,0.9772644929631773,0.0009706598226335061
11,en_binary_sst2,3.0,50,0.9164260978713173,0.005619225549214719,0.9772823734014523,0.0009885402609086968
11,en_binary_sst2,3.5,50,0.9166551650869268,0.005848292764824272,0.9772770050125312,0.0009831718719876825
11,en_binary_sst2,4.0,50,0.9167003991669802,0.005893526844877734,0.9772746553884711,0.000980822247927513
11,ha_binary_hausa_movie_review,0.5,50,0.7492322123976628,-0.01767094274278272,0.8509133510167993,0.004730327144120237
11,ha_binary_hausa_movie_review,0.75,50,0.746973820553785,-0.019929334586660487,0.8526268788682582,0.006443854995579126
11,ha_binary_hausa_movie_review,1.0,50,0.7473826357241243,-0.019520519416321044,0.8546410256410256,0.008458001768346607
11,ha_binary_hausa_movie_review,1.25,50,0.743554608324296,-0.023348546816149448,0.8545543766578251,0.0083713527851459
11,ha_binary_hausa_movie_review,1.5,50,0.7423046205145909,-0.024598534625854675,0.8548585322723254,0.008675508399646332
11,ha_binary_hausa_movie_review,1.75,50,0.7402421564170251,-0.026660998723420395,0.8552900088417331,0.009106984969053935
11,ha_binary_hausa_movie_review,2.0,50,0.7417536868300217,-0.02514946831042359,0.8560503978779841,0.009867374005305032
11,ha_binary_hausa_movie_review,2.5,50,0.7400859999210319,-0.026817155219413566,0.8562316534040673,0.010048629531388171
11,ha_binary_hausa_movie_review,3.0,50,0.7410356593848044,-0.025867495755641047,0.8574279398762158,0.011244916003536694
11,ha_binary_hausa_movie_review,3.5,50,0.7395158611176383,-0.02738729402280725,0.8576100795755969,0.011427055702917773
11,ha_binary_hausa_movie_review,4.0,50,0.7407399377477333,-0.026163217392712122,0.8585048629531387,0.012321839080459786
11,ko_binary_nsmc,0.5,50,0.8559983191679541,-0.0009186573556829347,0.932491121643417,-0.00043476054873218704
11,ko_binary_nsmc,0.75,50,0.855869827624351,-0.0010471488992857547,0.9324820576813582,-0.00044382451079096665
11,ko_binary_nsmc,1.0,50,0.855726637987024,-0.0011903385366129648,0.9324088327749596,-0.0005170494171895257
11,ko_binary_nsmc,1.25,50,0.8555224436424076,-0.0013945328812291979,0.932212768234007,-0.0007131139581420909
11,ko_binary_nsmc,1.5,50,0.8552993728397646,-0.0016176036838722197,0.9321026978520905,-0.0008231843400583538
11,ko_binary_nsmc,1.75,50,0.8551534802713081,-0.001763496252328889,0.9320589367994729,-0.0008669453926760751
11,ko_binary_nsmc,2.0,50,0.8549945963581872,-0.0019223801654496774,0.9319844536735762,-0.0009414285185728133
11,ko_binary_nsmc,2.5,50,0.8548229314637164,-0.002094045059920553,0.9318498908612863,-0.0010759913308626024
11,ko_binary_nsmc,3.0,50,0.854788220411416,-0.0021287561122209954,0.9317775837328196,-0.0011482984593293422
11,ko_binary_nsmc,3.5,50,0.8544991495135438,-0.002417827010093194,0.9316432955299239,-0.0012825866622251047
11,ko_binary_nsmc,4.0,50,0.8544134005448875,-0.002503575978749373,0.9315840386615006,-0.0013418435306484077
11,ml_binary_dravidian_codemix,0.5,50,0.6258753193289199,0.12496755703970562,0.848302283653846,0.002368289262820511
11,ml_binary_dravidian_codemix,0.75,50,0.6526955922410821,0.1517878299518678,0.8476391225961538,0.001705128205128188
11,ml_binary_dravidian_codemix,1.0,50,0.672197533747988,0.17128977145877358,0.8467613181089745,0.0008273237179487048
11,ml_binary_dravidian_codemix,1.25,50,0.6845334154963916,0.18362565320717752,0.8460582932692309,0.00012429887820510465
11,ml_binary_dravidian_codemix,1.5,50,0.6927855738382236,0.19187781154900946,0.844897936698718,-0.0010360576923077035
11,ml_binary_dravidian_codemix,1.75,50,0.699570579299296,0.19866281701008176,0.8442071314102563,-0.0017268629807692482
11,ml_binary_dravidian_codemix,2.0,50,0.7047284193603685,0.20382065707115413,0.8437357772435898,-0.0021982171474359147
11,ml_binary_dravidian_codemix,2.5,50,0.713347471671744,0.21243970938252976,0.842639823717949,-0.003294170673076946
11,ml_binary_dravidian_codemix,3.0,50,0.7171072417156269,0.21619947942641268,0.8417823517628206,-0.004151642628205137
11,ml_binary_dravidian_codemix,3.5,50,0.7212285894586316,0.22032082716941725,0.8409534254807691,-0.004980568910256427
11,ml_binary_dravidian_codemix,4.0,50,0.7239752753132542,0.22306751302403977,0.8406267027243589,-0.005307291666666681
12,bn_binary_cinexdrama,0.5,50,0.8528754789417852,0.0004732319889049852,0.934835615636704,0.000593398876404505
12,bn_binary_cinexdrama,0.75,50,0.8533313428233715,0.0009290958704915164,0.9350784176029963,0.0008362008426966061
12,bn_binary_cinexdrama,1.0,50,0.8538341973954499,0.0014319504425696716,0.9352744030898876,0.0010321863295880051
12,bn_binary_cinexdrama,1.25,50,0.8529976599783076,0.000595413025427216,0.9353641151685393,0.0011218984082396876
12,bn_binary_cinexdrama,1.5,50,0.8539466688672386,0.0015444219143583115,0.9355434808052435,0.0013012640449438129
12,bn_binary_cinexdrama,1.75,50,0.853808874296799,0.0014066273439186006,0.9355473431647942,0.0013051264044943544
12,bn_binary_cinexdrama,2.0,50,0.8543588866925458,0.0019566397396655042,0.9356791315543072,0.0014369147940074755
12,bn_binary_cinexdrama,2.5,50,0.8547512813027714,0.002349034349891177,0.9359063670411985,0.0016641502808988685
12,bn_binary_cinexdrama,3.0,50,0.8550981577569818,0.002695910804101613,0.9360255735018727,0.0017833567415730168
12,bn_binary_cinexdrama,3.5,50,0.8553051646282084,0.002902917675328052,0.9362090355805245,0.0019668188202246963
12,bn_binary_cinexdrama,4.0,50,0.8555182903013671,0.0031160433484866234,0.936400397940075,0.002158181179775258
12,en_binary_sst2,0.5,50,0.9138508567317076,0.0030439844096050938,0.9768966462630937,0.0006028131225499722
12,en_binary_sst2,0.75,50,0.9145129216114735,0.0037060492893709472,0.977047433487565,0.0007536003470213948
12,en_binary_sst2,1.0,50,0.9147039510941443,0.0038970787720417955,0.9771528010731959,0.0008589679326521571
12,en_binary_sst2,1.25,50,0.9149519138819077,0.004145041559805178,0.9771786710365657,0.0008848378960221037
12,en_binary_sst2,1.5,50,0.9153928947056472,0.004586022383544839,0.9771927567315726,0.0008989235910288573
12,en_binary_sst2,1.75,50,0.9156967343096786,0.004889861987576009,0.9772475949489106,0.0009537618083670641
12,en_binary_sst2,2.0,50,0.9158844299644923,0.005077557642389851,0.9772742898913951,0.0009804567508515194
12,en_binary_sst2,2.5,50,0.9160831942919184,0.005276321969815769,0.9772616469057259,0.0009678137651821816
12,en_binary_sst2,3.0,50,0.9163682873433509,0.005561415021248406,0.977271873594242,0.00097804045369835
12,en_binary_sst2,3.5,50,0.9165358335126416,0.005728961190539164,0.977260841205578,0.0009670080650344004
12,en_binary_sst2,4.0,50,0.9166088274551076,0.005801955133005256,0.9772491693978538,0.00095533625730996
12,ha_binary_hausa_movie_review,0.5,50,0.7501602146275818,-0.0167429405128638,0.8510079575596816,0.004824933687002664
12,ha_binary_hausa_movie_review,0.75,50,0.7475256178322325,-0.019377537308213025,0.8526145004420865,0.006431476569407601
12,ha_binary_hausa_movie_review,1.0,50,0.7468622076364178,-0.020040947504027722,0.8545968169761273,0.008413793103448282
12,ha_binary_hausa_movie_review,1.25,50,0.7423377890429665,-0.024565366097478853,0.8543890362511053,0.008206012378426181
12,ha_binary_hausa_movie_review,1.5,50,0.742544042563107,-0.024359112577338488,0.8547011494252874,0.008518125552608306
12,ha_binary_hausa_movie_review,1.75,50,0.7397632103187449,-0.02713994482170055,0.8552139699381078,0.009030946065428829
12,ha_binary_hausa_movie_review,2.0,50,0.7407510233435065,-0.02615213179693916,0.8559319186560566,0.009748894783377532
12,ha_binary_hausa_movie_review,2.5,50,0.7378501264057964,-0.029053028734649152,0.8558824049513706,0.00969938107869141
12,ha_binary_hausa_movie_review,3.0,50,0.7392917557213542,-0.0276113994190913,0.8569213085764811,0.010738284703801948
12,ha_binary_hausa_movie_review,3.5,50,0.7385443595230623,-0.02835879561738321,0.857102564102564,0.01091954022988507
12,ha_binary_hausa_movie_review,4.0,50,0.7376731654520379,-0.0292299896884077,0.8579549071618037,0.011771883289124669
12,ko_binary_nsmc,0.5,50,0.8559548316433852,-0.0009621448802517318,0.932479824943667,-0.00044605724848205685
12,ko_binary_nsmc,0.75,50,0.8558587822535557,-0.0010581942700812119,0.9324654221776382,-0.00046046001451085063
12,ko_binary_nsmc,1.0,50,0.8557888084180172,-0.0011281681056195892,0.9323997215012885,-0.0005261606908606531
12,ko_binary_nsmc,1.25,50,0.8555396760222506,-0.0013773005013865158,0.9322110889243221,-0.0007147932678269587
12,ko_binary_nsmc,1.5,50,0.8552830690780984,-0.0016339074455384362,0.9321032216472009,-0.0008226605449481062
12,ko_binary_nsmc,1.75,50,0.8551267267781572,-0.0017902497454797017,0.9320434111824026,-0.0008824710097463906
12,ko_binary_nsmc,2.0,50,0.8550444824964429,-0.0018724940271939538,0.9319641573286215,-0.0009617248635276754
12,ko_binary_nsmc,2.5,50,0.8548011563718794,-0.0021158201517575857,0.9317885899965153,-0.0011372921956338412
12,ko_binary_nsmc,3.0,50,0.8547867435812309,-0.002130232942406043,0.9317537368281462,-0.0011721453640028568
12,ko_binary_nsmc,3.5,50,0.854554365165821,-0.0023626113578159246,0.9316282031255887,-0.00129767906656038
12,ko_binary_nsmc,4.0,50,0.8544308601357825,-0.0024861163878546135,0.9315356639690207,-0.0013902182231281944
12,ml_binary_dravidian_codemix,0.5,50,0.6260573519182675,0.1251495896290533,0.8483397435897437,0.0024057491987179436
12,ml_binary_dravidian_codemix,0.75,50,0.6524301952096926,0.15152243292047834,0.8477749399038461,0.0018409455128204888
12,ml_binary_dravidian_codemix,1.0,50,0.6724524024654558,0.17154464017624155,0.8468362379807692,0.0009022435897435721
12,ml_binary_dravidian_codemix,1.25,50,0.685086332279928,0.18417856999071375,0.8460650040064102,0.00013100961538460964
12,ml_binary_dravidian_codemix,1.5,50,0.6932218746572542,0.19231411236803994,0.8448371394230767,-0.0010968549679487261
12,ml_binary_dravidian_codemix,1.75,50,0.6996757802351233,0.19876801794590906,0.8441449318910256,-0.0017890625000000048
12,ml_binary_dravidian_codemix,2.0,50,0.7049151196722453,0.20400735738303097,0.8436804887820513,-0.002253505608974391
12,ml_binary_dravidian_codemix,2.5,50,0.7128231414946363,0.21191537920542192,0.8425670072115383,-0.0033669871794871865
12,ml_binary_dravidian_codemix,3.0,50,0.717868586796192,0.21696082450697765,0.8418270232371793,-0.00410697115384617
12,ml_binary_dravidian_codemix,3.5,50,0.7209378435344601,0.22003008124524592,0.8407456931089743,-0.005188301282051286
12,ml_binary_dravidian_codemix,4.0,50,0.7235034646566078,0.22259570236739357,0.8403120993589742,-0.005621895032051301
13,bn_binary_cinexdrama,0.5,50,0.8530605985308355,0.0006583515779552296,0.9349321746254681,0.0006899578651685134
13,bn_binary_cinexdrama,0.75,50,0.8536076127502593,0.0012053657973790143,0.9351740402621723,0.0009318235018726528
13,bn_binary_cinexdrama,1.0,50,0.853874335944168,0.0014720889912877388,0.9353404728464421,0.0010982560861423152
13,bn_binary_cinexdrama,1.25,50,0.8534521681946728,0.001049921241792362,0.9354524812734084,0.0012102645131085966
13,bn_binary_cinexdrama,1.5,50,0.8541862158849974,0.0017839689321172258,0.9355685861423221,0.0013263693820224631
13,bn_binary_cinexdrama,1.75,50,0.8537065542547887,0.0013043073019084162,0.9355821044007491,0.0013398876404494176
13,bn_binary_cinexdrama,2.0,50,0.8546052582601419,0.0022030113072616752,0.9357368328651687,0.0014946161048688977
13,bn_binary_cinexdrama,2.5,50,0.8546461094967384,0.0022438625438582927,0.9359029143258428,0.0016606975655430588
13,bn_binary_cinexdrama,3.0,50,0.855328899029431,0.002926652076550742,0.9361134714419476,0.0018712546816479203
13,bn_binary_cinexdrama,3.5,50,0.8555422046563927,0.0031399577035123817,0.9363653441011236,0.0021231273408239514
13,bn_binary_cinexdrama,4.0,50,0.8553791461262584,0.002976899173378267,0.9365428370786516,0.0023006203183520537
13,en_binary_sst2,0.5,50,0.9138423827918394,0.0030355104697367685,0.9768915935672514,0.0005977604267077985
13,en_binary_sst2,0.75,50,0.9144783068352489,0.0036714345131464055,0.9770399355761198,0.000746102435576137
13,en_binary_sst2,1.0,50,0.9147642813654306,0.003957409043328044,0.977145229259045,0.0008513961185013752
13,en_binary_sst2,1.25,50,0.9150338912380026,0.004227018915899961,0.9771723194203459,0.0008784862798020931
13,en_binary_sst2,1.5,50,0.9155554256555191,0.004748553333416636,0.9771951931109827,0.000901359970438933
13,en_binary_sst2,1.75,50,0.915797917629442,0.004991045307339554,0.9772509888503309,0.0009571557097872896
13,en_binary_sst2,2.0,50,0.9160340899382821,0.005227217616179656,0.9772856998264894,0.0009918666859456238
13,en_binary_sst2,2.5,50,0.9164112285239788,0.005604356201876259,0.9772734448300239,0.0009796116894801353
13,en_binary_sst2,3.0,50,0.9165597639882768,0.005752891666174071,0.9772796390013494,0.0009858058608058573
13,en_binary_sst2,3.5,50,0.9167039173800734,0.005897045057970712,0.9772698902705482,0.0009760571300045062
13,en_binary_sst2,4.0,50,0.9167257967436909,0.0059189244215885764,0.9772614340338025,0.0009676008932588132
13,ha_binary_hausa_movie_review,0.5,50,0.7491377695557166,-0.01776538558472884,0.850574712643678,0.004391688770999125
13,ha_binary_hausa_movie_review,0.75,50,0.7470901574927324,-0.019812997647713063,0.8523766578249335,0.00619363395225464
13,ha_binary_hausa_movie_review,1.0,50,0.7454525582033961,-0.021450596937049368,0.8542555260831124,0.008072502210433232
13,ha_binary_hausa_movie_review,1.25,50,0.7434047138062131,-0.023498441334232418,0.8544137931034484,0.008230769230769243
13,ha_binary_hausa_movie_review,1.5,50,0.7413249433213848,-0.025578211819060743,0.8550035366931918,0.008820512820512813
13,ha_binary_hausa_movie_review,1.75,50,0.7424864897029824,-0.02441666543746311,0.8557055702917772,0.009522546419098148
13,ha_binary_hausa_movie_review,2.0,50,0.7432472229897783,-0.02365593215066698,0.8563262599469497,0.010143236074270574
13,ha_binary_hausa_movie_review,2.5,50,0.7395986537282927,-0.027304501412152803,0.8562608311229001,0.010077807250221055
13,ha_binary_hausa_movie_review,3.0,50,0.7391039033375371,-0.02779925180290838,0.8572652519893899,0.011082228116710877
13,ha_binary_hausa_movie_review,3.5,50,0.7383586060711496,-0.028544549069296078,0.8571971706454464,0.011014146772767457
13,ha_binary_hausa_movie_review,4.0,50,0.7384239099213531,-0.028479245219092297,0.8580795755968169,0.011896551724137935
13,ko_binary_nsmc,0.5,50,0.8560136018427273,-0.0009033746809096743,0.9324417906165668,-0.00048409157558234163
13,ko_binary_nsmc,0.75,50,0.855935116352327,-0.000981860171309794,0.9324508166956619,-0.0004750654964871681
13,ko_binary_nsmc,1.0,50,0.8557680269369105,-0.0011489495867264131,0.9323919272078013,-0.0005339549843478042
13,ko_binary_nsmc,1.25,50,0.8555444448150921,-0.0013725317085447042,0.9321949704809634,-0.00073091171118568
13,ko_binary_nsmc,1.5,50,0.8552941203758728,-0.0016228561477641334,0.9320896986077716,-0.000836183584377399
13,ko_binary_nsmc,1.75,50,0.8552293409003022,-0.0016876356233346136,0.9320727241778038,-0.0008531580143450857
13,ko_binary_nsmc,2.0,50,0.8551266216024536,-0.0017903549211835657,0.9319890673134382,-0.0009368148787107322
13,ko_binary_nsmc,2.5,50,0.8547261703092172,-0.0021908062144198027,0.9317901578461028,-0.0011357243460463874
13,ko_binary_nsmc,3.0,50,0.8546711126352325,-0.00224586388840444,0.9317351246755692,-0.0011907575165797902
13,ko_binary_nsmc,3.5,50,0.8545523432509202,-0.0023646332727168384,0.9316335910932271,-0.0012922910989220627
13,ko_binary_nsmc,4.0,50,0.8543681426940872,-0.002548833829549628,0.9315626942212191,-0.0013631879709299643
13,ml_binary_dravidian_codemix,0.5,50,0.6266076894032485,0.1256999271140342,0.8483110977564101,0.002377103365384603
13,ml_binary_dravidian_codemix,0.75,50,0.652841750415939,0.1519339881267247,0.8476514423076924,0.0017174479166666434
13,ml_binary_dravidian_codemix,1.0,50,0.6727518072786804,0.17184404498946615,0.8468719951923076,0.0009380008012820262
13,ml_binary_dravidian_codemix,1.25,50,0.6852838777435837,0.18437611545436952,0.8459287860576923,-5.208333333350801e-06
13,ml_binary_dravidian_codemix,1.5,50,0.6936698347216372,0.1927620724324229,0.8448287259615386,-0.0011052684294872005
13,ml_binary_dravidian_codemix,1.75,50,0.7003686491730037,0.19946088688378935,0.8441175881410257,-0.001816406250000031
13,ml_binary_dravidian_codemix,2.0,50,0.7057630593117571,0.20485529702254276,0.8435212339743591,-0.0024127604166666815
13,ml_binary_dravidian_codemix,2.5,50,0.7131025860758707,0.21219482378665663,0.8424982972756411,-0.0034356971153846395
13,ml_binary_dravidian_codemix,3.0,50,0.7177061211328227,0.21679835884360835,0.8418562700320513,-0.004077724358974379
13,ml_binary_dravidian_codemix,3.5,50,0.7212864189293371,0.22037865664012302,0.8409597355769232,-0.004974258814102581
13,ml_binary_dravidian_codemix,4.0,50,0.7236060776541222,0.22269831536490806,0.8405167267628205,-0.005417267628205135
14,bn_binary_cinexdrama,0.5,50,0.852881585818989,0.00047933886610866726,0.9348891619850186,0.0006469452247190821
14,bn_binary_cinexdrama,0.75,50,0.8536094243551392,0.0012071774022589365,0.9351761470037454,0.0009339302434456776
14,bn_binary_cinexdrama,1.0,50,0.8537525670868361,0.0013503201339558602,0.9353888693820227,0.0011466526217228257
14,bn_binary_cinexdrama,1.25,50,0.8539176992058244,0.001515452252944207,0.9354912219101124,0.0012490051498127053
14,bn_binary_cinexdrama,1.5,50,0.8539166351948275,0.0015143882419471977,0.9356037570224719,0.0013615402621722694
14,bn_binary_cinexdrama,1.75,50,0.8538647449067472,0.0014624979538670725,0.9356724016853932,0.0014301849250936427
14,bn_binary_cinexdrama,2.0,50,0.8547528810113698,0.0023506340584895846,0.9358159527153558,0.001573735955056148
14,bn_binary_cinexdrama,2.5,50,0.8547228372739077,0.0023205903210275335,0.9359619030898877,0.0017196863295879882
14,bn_binary_cinexdrama,3.0,50,0.855106728223639,0.0027044812707587985,0.9361560744382023,0.001913857677902593
14,bn_binary_cinexdrama,3.5,50,0.8553311411265406,0.002928894173660355,0.9364341643258427,0.0021919475655430578
14,bn_binary_cinexdrama,4.0,50,0.855680336213752,0.0032780892608717705,0.9365637289325843,0.0023215121722846344
14,en_binary_sst2,0.5,50,0.9138464169838718,0.003039544661769511,0.9768734030589294,0.000579569918385725
14,en_binary_sst2,0.75,50,0.9145955795537211,0.003788707231618407,0.977016119625988,0.0007222864854443945
14,en_binary_sst2,1.0,50,0.9147197749022831,0.0039129025801807014,0.9771319444444444,0.0008381113039007815
14,en_binary_sst2,1.25,50,0.9150729790225306,0.004266106700428012,0.9771718438725019,0.0008780107319580988
14,en_binary_sst2,1.5,50,0.9154479447049233,0.0046410723828208544,0.9771965691472271,0.0009027360066833823
14,en_binary_sst2,1.75,50,0.9159407349649168,0.005133862642814116,0.9772538100057838,0.0009599768652400242
14,en_binary_sst2,2.0,50,0.9161238757038542,0.005317003381751817,0.9772798462502409,0.0009860131096973168
14,en_binary_sst2,2.5,50,0.9164135310092293,0.005606658687126711,0.9772648134759977,0.0009709803354540348
14,en_binary_sst2,3.0,50,0.9165965653223397,0.005789693000237317,0.9772661260523102,0.0009722929117666279
14,en_binary_sst2,3.5,50,0.9167077719904176,0.00590089966831529,0.977244568151147,0.0009507350106034451
14,en_binary_sst2,4.0,50,0.9167161909773773,0.005909318655274874,0.9772256803868647,0.0009318472463209271
14,ha_binary_hausa_movie_review,0.5,50,0.7492630496751049,-0.017640105465340717,0.8505313881520777,0.004348364279398778
14,ha_binary_hausa_movie_review,0.75,50,0.7465485531389815,-0.020354602001464005,0.8521485411140582,0.0059655172413793055
14,ha_binary_hausa_movie_review,1.0,50,0.7457578480595511,-0.02114530708089452,0.8540468611847922,0.007863837312113185
14,ha_binary_hausa_movie_review,1.25,50,0.7434416226002021,-0.023461532540243496,0.8543554376657825,0.008172413793103461
14,ha_binary_hausa_movie_review,1.5,50,0.74290373422654,-0.023999420913905393,0.8550486295313883,0.008865605658709108
14,ha_binary_hausa_movie_review,1.75,50,0.7432262051904435,-0.023676949950001996,0.8555950486295315,0.009412024756852367
14,ha_binary_hausa_movie_review,2.0,50,0.7422536862705715,-0.024649468869874028,0.8562776304155615,0.010094606542882396
14,ha_binary_hausa_movie_review,2.5,50,0.7402017985482398,-0.026701356592205846,0.8559699381078693,0.009786914235190094
14,ha_binary_hausa_movie_review,3.0,50,0.7402246067240194,-0.026678548416426,0.8572360742705571,0.011053050397877994
14,ha_binary_hausa_movie_review,3.5,50,0.7409573359368805,-0.025945819203564976,0.8572387267904509,0.01105570291777189
14,ha_binary_hausa_movie_review,4.0,50,0.7400267613762094,-0.026876393764236096,0.8582051282051282,0.012022104332449159
14,ko_binary_nsmc,0.5,50,0.8560730240802981,-0.0008439524433386336,0.9324586830509642,-0.0004671991411847709
14,ko_binary_nsmc,0.75,50,0.8560129783471006,-0.0009039981765363159,0.9324699906946812,-0.000455891497467662
14,ko_binary_nsmc,1.0,50,0.8558908735784749,-0.0010261029451618863,0.9323927133213885,-0.0005331688707606185
14,ko_binary_nsmc,1.25,50,0.8556578151012549,-0.0012591614223821268,0.9322156230941451,-0.0007102590980041201
14,ko_binary_nsmc,1.5,50,0.8553010212862325,-0.001615955237404283,0.9320942203183086,-0.000831661873840388
14,ko_binary_nsmc,1.75,50,0.8552962988152356,-0.0016206777084012036,0.9320585724495474,-0.0008673097426016962
14,ko_binary_nsmc,2.0,50,0.8551125851954745,-0.0018043913281623936,0.9319799572183485,-0.0009459249738007669
14,ko_binary_nsmc,2.5,50,0.8547691603004577,-0.002147816223179264,0.9317775887838815,-0.0011482934082674935
14,ko_binary_nsmc,3.0,50,0.8546752528528614,-0.002241723670775546,0.9317000837760695,-0.0012257984160796197
14,ko_binary_nsmc,3.5,50,0.8544267847954284,-0.002490191728208495,0.9315564181085447,-0.0013694640836041593
14,ko_binary_nsmc,4.0,50,0.8543827907695923,-0.0025341857540446488,0.9315119630400338,-0.001413919152115284
14,ml_binary_dravidian_codemix,0.5,50,0.6267753813391023,0.12586761904988797,0.8481122796474356,0.0021782852564102505
14,ml_binary_dravidian_codemix,0.75,50,0.6528469332789544,0.1519391709897401,0.8475193309294873,0.0015853365384615392
14,ml_binary_dravidian_codemix,1.0,50,0.6722335201669529,0.17132575787773846,0.8467518028846155,0.0008178084935897156
14,ml_binary_dravidian_codemix,1.25,50,0.6844494069459351,0.18354164465672088,0.8457981770833334,-0.0001358173076923208
14,ml_binary_dravidian_codemix,1.5,50,0.6934802031412356,0.19257244085202138,0.8448346354166667,-0.0010993589743589815
14,ml_binary_dravidian_codemix,1.75,50,0.7000717597919056,0.19916399750269143,0.8440581931089745,-0.001875801282051306
14,ml_binary_dravidian_codemix,2.0,50,0.7053174403902495,0.2044096781010353,0.8434384014423079,-0.0024955929487179575
14,ml_binary_dravidian_codemix,2.5,50,0.7127178537530027,0.2118100914637884,0.8423584735576926,-0.003575520833333337
14,ml_binary_dravidian_codemix,3.0,50,0.7177235114938704,0.2168157492046561,0.8416559495192307,-0.0042780448717948776
14,ml_binary_dravidian_codemix,3.5,50,0.7210745793902734,0.22016681710105915,0.8407849559294873,-0.005149038461538476
14,ml_binary_dravidian_codemix,4.0,50,0.7228066527863626,0.2218988904971484,0.840359875801282,-0.005574118589743613
15,bn_binary_cinexdrama,0.5,50,0.8531154674056112,0.0007132204527311293,0.9349295411985019,0.000687324438202237
15,bn_binary_cinexdrama,0.75,50,0.8536113752626681,0.001209128309787797,0.9352304541198501,0.0009882373595505411
15,bn_binary_cinexdrama,1.0,50,0.8540353639479211,0.0016331169950409442,0.9354422401685393,0.0012000234082396898
15,bn_binary_cinexdrama,1.25,50,0.8542872730972352,0.001885026144354822,0.9354785229400748,0.0012363061797752684
15,bn_binary_cinexdrama,1.5,50,0.8537315395920069,0.0013292926391266268,0.9355759012172284,0.001333684456928832
15,bn_binary_cinexdrama,1.75,50,0.8538098399376548,0.0014075929847745484,0.9356815894194758,0.0014393726591760215
15,bn_binary_cinexdrama,2.0,50,0.854580579279434,0.002178332326553807,0.9357510533707867,0.0015088366104868767
15,bn_binary_cinexdrama,2.5,50,0.8547334409340871,0.0023311939812067782,0.9359005149812734,0.0016582982209737795
15,bn_binary_cinexdrama,3.0,50,0.8555125614277113,0.003110314474830913,0.9360759597378276,0.00183374297752807
15,bn_binary_cinexdrama,3.5,50,0.8557162204339364,0.0033139734810560006,0.9363822565543072,0.00214003979400748
15,bn_binary_cinexdrama,4.0,50,0.8556927579265874,0.0032905109737072767,0.9365239934456929,0.002281776685393242
15,en_binary_sst2,0.5,50,0.9138858375777041,0.0030789652556015602,0.9768893564038301,0.000595523263286426
15,en_binary_sst2,0.75,50,0.9145241508510942,0.0037172785289917255,0.9770304165863378,0.000736583445793968
15,en_binary_sst2,1.0,50,0.9147401429188687,0.003933270596766319,0.9771453409163935,0.000851507775849909
15,en_binary_sst2,1.25,50,0.9150602003008779,0.00425332797877541,0.9771772090482617,0.0008833759077180136
15,en_binary_sst2,1.5,50,0.915441175771882,0.004634303449779485,0.9771906223893067,0.0008967892487629503
15,en_binary_sst2,1.75,50,0.915786769276332,0.0049798969542294855,0.9772460076473234,0.0009521745067797726
15,en_binary_sst2,2.0,50,0.9160432191626268,0.005236346840524206,0.9772740561339246,0.0009802229933809237
15,en_binary_sst2,2.5,50,0.9163981756401688,0.0055913033180662805,0.9772736223571751,0.0009797892166313238
15,en_binary_sst2,3.0,50,0.9165398648527614,0.005732992530658918,0.9772729516097937,0.0009791184692500533
15,en_binary_sst2,3.5,50,0.9167446577953892,0.005937785473286561,0.9772455288863183,0.0009516957457746944
15,en_binary_sst2,4.0,50,0.9167643293458579,0.005957457023755306,0.9772193006554849,0.000925467514941205
15,ha_binary_hausa_movie_review,0.5,50,0.7499740872538462,-0.016929067886599303,0.8504076038903625,0.004224580017683466
15,ha_binary_hausa_movie_review,0.75,50,0.747795826014099,-0.019107329126346485,0.8521556145004421,0.005972590627763035
15,ha_binary_hausa_movie_review,1.0,50,0.7454898065583899,-0.02141334858205569,0.8538125552608311,0.007629531388152076
15,ha_binary_hausa_movie_review,1.25,50,0.7440267550419211,-0.022876400098524447,0.8544244031830237,0.00824137931034483
15,ha_binary_hausa_movie_review,1.5,50,0.7451865406286348,-0.02171661451181059,0.8550486295313879,0.008865605658709115
15,ha_binary_hausa_movie_review,1.75,50,0.7446187826937851,-0.02228437244666031,0.8557435897435898,0.009560565870910706
15,ha_binary_hausa_movie_review,2.0,50,0.7424080375489123,-0.024495117591533267,0.8564394341290894,0.010256410256410258
15,ha_binary_hausa_movie_review,2.5,50,0.7413978291499065,-0.025505325990539108,0.8561405835543766,0.009957559681697615
15,ha_binary_hausa_movie_review,3.0,50,0.7416120534914107,-0.025291101649034788,0.8574323607427056,0.011249336870026544
15,ha_binary_hausa_movie_review,3.5,50,0.7405635784112299,-0.02633957672921567,0.85736516357206,0.011182139699381088
15,ha_binary_hausa_movie_review,4.0,50,0.7407705876716624,-0.02613256746878303,0.8582033598585324,0.012020335985853246
15,ko_binary_nsmc,0.5,50,0.8561068193809206,-0.0008101571427161903,0.932476929338297,-0.0004489528538520315
15,ko_binary_nsmc,0.75,50,0.8560209489981483,-0.0008960275254885586,0.9325097863270366,-0.000416095865112418
15,ko_binary_nsmc,1.0,50,0.8560266260640206,-0.0008903504596164424,0.9324386254528645,-0.00048725673928452063
15,ko_binary_nsmc,1.25,50,0.8556987654479451,-0.0012182110756918353,0.9322607518059334,-0.0006651303862155356
15,ko_binary_nsmc,1.5,50,0.8553938998606972,-0.0015230766629395797,0.9321204530078461,-0.0008054291843027484
15,ko_binary_nsmc,1.75,50,0.8553268272733072,-0.0015901492503297332,0.9320863371261335,-0.0008395450660154701
15,ko_binary_nsmc,2.0,50,0.8552381960806875,-0.001678780442949208,0.9320199868832343,-0.0009058953089147304
15,ko_binary_nsmc,2.5,50,0.8547673298063068,-0.0021496467173302315,0.9318121698683874,-0.0011137123237616243
15,ko_binary_nsmc,3.0,50,0.8546596001656006,-0.002257376358036327,0.9317070444759882,-0.0012188377161607145
15,ko_binary_nsmc,3.5,50,0.8545229709270533,-0.0023940055965837705,0.9316165777700833,-0.001309304422065709
15,ko_binary_nsmc,4.0,50,0.8544906463055567,-0.002426330218080124,0.9315762649089981,-0.0013496172831508745
15,ml_binary_dravidian_codemix,0.5,50,0.6270352261870169,0.1261274638978026,0.8480674078525641,0.002133413461538445
15,ml_binary_dravidian_codemix,0.75,50,0.6524587057117612,0.15155094342254707,0.8474727564102564,0.0015387620192307638
15,ml_binary_dravidian_codemix,1.0,50,0.6721544358674819,0.1712466735782675,0.8467089342948718,0.0007749399038461302
15,ml_binary_dravidian_codemix,1.25,50,0.6841968888403855,0.18328912655117136,0.845822516025641,-0.00011147836538463407
15,ml_binary_dravidian_codemix,1.5,50,0.6932863958563183,0.19237863356710405,0.8448763020833332,-0.0010576923076923306
15,ml_binary_dravidian_codemix,1.75,50,0.6992103328337543,0.19830257054454012,0.8440854366987179,-0.0018485576923077062
15,ml_binary_dravidian_codemix,2.0,50,0.7051382845981068,0.20423052230889255,0.8434818709935896,-0.0024521233974359167
15,ml_binary_dravidian_codemix,2.5,50,0.7125109551376094,0.21160319284839513,0.8422430889423077,-0.003690905448717956
15,ml_binary_dravidian_codemix,3.0,50,0.7175050989135557,0.2165973366243415,0.841613481570513,-0.00432051282051283
15,ml_binary_dravidian_codemix,3.5,50,0.7211979114643847,0.2202901491751706,0.8408664863782053,-0.005067508012820532
15,ml_binary_dravidian_codemix,4.0,50,0.723258808627666,0.2223510463384516,0.8404887820512821,-0.005445212339743597
16,bn_binary_cinexdrama,0.5,50,0.8531616776201694,0.0007594306672891161,0.9349232209737829,0.0006810042134831363
16,bn_binary_cinexdrama,0.75,50,0.8533438041600604,0.0009415572071799927,0.9352236657303371,0.0009814489700374351
16,bn_binary_cinexdrama,1.0,50,0.8541052753205919,0.0017030283677115432,0.9354004564606742,0.0011582397003745148
16,bn_binary_cinexdrama,1.25,50,0.8539124546856833,0.0015102077328031838,0.9354788155430712,0.0012365987827715253
16,bn_binary_cinexdrama,1.5,50,0.8539066970847756,0.001504450131895414,0.9355852059925094,0.0013429892322097282
16,bn_binary_cinexdrama,1.75,50,0.8539491622175529,0.0015469152646727946,0.9357250117041199,0.001482794943820216
16,bn_binary_cinexdrama,2.0,50,0.8543020509954505,0.0018998040425702723,0.935837020131086,0.0015948033707865062
16,bn_binary_cinexdrama,2.5,50,0.8543970442198604,0.0019947972669800795,0.9359580992509362,0.0017158824906366842
16,bn_binary_cinexdrama,3.0,50,0.8553404708521605,0.00293822389928013,0.9361315543071163,0.0018893375468164698
16,bn_binary_cinexdrama,3.5,50,0.8558557313168855,0.0034534843640052592,0.9364015098314608,0.0021592930711610324
16,bn_binary_cinexdrama,4.0,50,0.8559043696950114,0.003502122742131175,0.9365417837078652,0.0022995669475655233
16,en_binary_sst2,0.5,50,0.9138591975027635,0.003052325180660871,0.9769080955594112,0.0006142624188676927
16,en_binary_sst2,0.75,50,0.9145652525396883,0.0037583802175858326,0.9770632848146006,0.000769451674056938
16,en_binary_sst2,1.0,50,0.9147631225439483,0.003956250221845874,0.9771750032131611,0.0008811700726174365
16,en_binary_sst2,1.25,50,0.9151534427403932,0.004346570418290667,0.9771961144849303,0.0009022813443866307
16,en_binary_sst2,1.5,50,0.9153805790833658,0.004573706761263445,0.9772083975965554,0.0009145644560118327
16,en_binary_sst2,1.75,50,0.9157198547083882,0.0049129823862857,0.9772465097037465,0.000952676563202901
16,en_binary_sst2,2.0,50,0.9159860572811431,0.005179184959040648,0.9772743943191311,0.0009805611785875046
16,en_binary_sst2,2.5,50,0.9163511085064137,0.005544236184311209,0.9772783023263287,0.000984469185785002
16,en_binary_sst2,3.0,50,0.9164428621193899,0.005635989797287335,0.9772830827067669,0.000989249566223267
16,en_binary_sst2,3.5,50,0.9166736410021155,0.005866768680012843,0.9772554189962084,0.0009615858556648127
16,en_binary_sst2,4.0,50,0.9167139390453042,0.005907066723201622,0.9772361295867874,0.0009422964462438044
16,ha_binary_hausa_movie_review,0.5,50,0.7494305012481132,-0.01747265389233204,0.850548187444739,0.004365163572060127
16,ha_binary_hausa_movie_review,0.75,50,0.7480497432017104,-0.018853411938735028,0.8521396993810788,0.0059566755083996555
16,ha_binary_hausa_movie_review,1.0,50,0.7463602305595424,-0.020542924580903156,0.8538037135278513,0.0076206896551724215
16,ha_binary_hausa_movie_review,1.25,50,0.7427799849416142,-0.02412317019883123,0.8543465959328027,0.008163572060123787
16,ha_binary_hausa_movie_review,1.5,50,0.7434265038088612,-0.02347665133158418,0.8547533156498673,0.008570291777188311
16,ha_binary_hausa_movie_review,1.75,50,0.7407423635885535,-0.026160791551892156,0.8555030946065427,0.009320070733863827
16,ha_binary_hausa_movie_review,2.0,50,0.7416454548690778,-0.025257700271367665,0.8562767462422635,0.010093722369584448
16,ha_binary_hausa_movie_review,2.5,50,0.739871192853816,-0.027031962286629713,0.8562767462422636,0.010093722369584453
16,ha_binary_hausa_movie_review,3.0,50,0.7426037607986377,-0.02429939434180795,0.8575340406719718,0.011351016799292653
16,ha_binary_hausa_movie_review,3.5,50,0.7397379429998517,-0.027165212140593847,0.8575950486295314,0.011412024756852357
16,ha_binary_hausa_movie_review,4.0,50,0.7396076093165845,-0.027295545823860897,0.8582811671087532,0.012098143236074279
16,ko_binary_nsmc,0.5,50,0.8560212111430482,-0.0008957653805887533,0.9324538634961488,-0.00047201869600018266
16,ko_binary_nsmc,0.75,50,0.85599834896877,-0.0009186275548669953,0.9324799397711391,-0.0004459424210101348
16,ko_binary_nsmc,1.0,50,0.8558642403856953,-0.00105273613794153,0.9324070945362202,-0.0005187876559288984
16,ko_binary_nsmc,1.25,50,0.8556429674235458,-0.0012740091000910602,0.9322433867605189,-0.000682495431630259
16,ko_binary_nsmc,1.5,50,0.8553860482056085,-0.0015309283180283528,0.9321128935887334,-0.0008129886034155032
16,ko_binary_nsmc,1.75,50,0.8553154089865269,-0.0016015675371100092,0.9321275226423318,-0.0007983595498173735
16,ko_binary_nsmc,2.0,50,0.8551869415120273,-0.001730035011609583,0.9320320840079132,-0.0008937981842358611
16,ko_binary_nsmc,2.5,50,0.8548700783607848,-0.002046898162852222,0.9318226434134301,-0.0011032387787189091
16,ko_binary_nsmc,3.0,50,0.8547140172351153,-0.0022029592885216332,0.9317031987658908,-0.0012226834262581354
16,ko_binary_nsmc,3.5,50,0.8546017246246086,-0.0023152518990283057,0.9316042595772658,-0.0013216226148833464
16,ko_binary_nsmc,4.0,50,0.8545264706227591,-0.0023905059008778305,0.931538689723417,-0.0013871924687321147
16,ml_binary_dravidian_codemix,0.5,50,0.6270420225764981,0.1261342602872838,0.8480958533653846,0.0021618589743589945
16,ml_binary_dravidian_codemix,0.75,50,0.6517595641722164,0.15085180188300218,0.8475050080128205,0.0015710136217948589
16,ml_binary_dravidian_codemix,1.0,50,0.6712822192161281,0.17037445692691372,0.8466842948717948,0.0007503004807692037
16,ml_binary_dravidian_codemix,1.25,50,0.684133162846279,0.1832254005570648,0.8457065304487179,-0.00022746394230770405
16,ml_binary_dravidian_codemix,1.5,50,0.6930473094681203,0.19213954717890597,0.8447560096153847,-0.0011779847756410433
16,ml_binary_dravidian_codemix,1.75,50,0.699557359231877,0.1986495969426628,0.8440437700320512,-0.001890224358974375
16,ml_binary_dravidian_codemix,2.0,50,0.7051484495762481,0.204240687287034,0.843252203525641,-0.002681790865384626
16,ml_binary_dravidian_codemix,2.5,50,0.7130169973597005,0.21210923507048615,0.8422121394230768,-0.00372185496794875
16,ml_binary_dravidian_codemix,3.0,50,0.7179919915904586,0.21708422930124438,0.8413961338141026,-0.004537860576923098
16,ml_binary_dravidian_codemix,3.5,50,0.7200815406528216,0.21917377836360732,0.8408163060897436,-0.005117688301282061
16,ml_binary_dravidian_codemix,4.0,50,0.7221439371684193,0.22123617487920513,0.8401354166666666,-0.005798577724358977
17,bn_binary_cinexdrama,0.5,50,0.8530895224430606,0.0006872754901803435,0.9348709035580524,0.0006286867977527866
17,bn_binary_cinexdrama,0.75,50,0.8534433516540447,0.0010411047011643726,0.935170938670412,0.0009287219101123356
17,bn_binary_cinexdrama,1.0,50,0.8541678927216051,0.0017656457687248016,0.9354290145131088,0.0011867977528089723
17,bn_binary_cinexdrama,1.25,50,0.8538694719565606,0.0014672250036801993,0.9354552317415731,0.0012130149812734125
17,bn_binary_cinexdrama,1.5,50,0.8538223677778002,0.0014201208249199305,0.9355629096441949,0.0013206928838951182
17,bn_binary_cinexdrama,1.75,50,0.8536874526817309,0.0012852057288506313,0.9356931764981273,0.0014509597378277173
17,bn_binary_cinexdrama,2.0,50,0.8543972758804624,0.0019950289275821186,0.9358032537453184,0.0015610369850187066
17,bn_binary_cinexdrama,2.5,50,0.8549216136938942,0.0025193667410140018,0.9359881203183521,0.001745903558052415
17,bn_binary_cinexdrama,3.0,50,0.8552650065032157,0.002862759550335361,0.9361677200374533,0.0019255032771535352
17,bn_binary_cinexdrama,3.5,50,0.8556202463390531,0.003217999386172796,0.9363387757490638,0.0020965589887640477
17,bn_binary_cinexdrama,4.0,50,0.8557659170590581,0.0033636701061778053,0.9364634246254682,0.0022212078651685065
17,en_binary_sst2,0.5,50,0.9138598415284984,0.0030529692063959637,0.97690652593021,0.0006126927896664958
17,en_binary_sst2,0.75,50,0.9145853107832836,0.003778438461181166,0.9770580859199279,0.0007642527793843601
17,en_binary_sst2,1.0,50,0.9148231035884196,0.004016231266316897,0.977176192082771,0.0008823589422273593
17,en_binary_sst2,1.25,50,0.9151968141895515,0.004389941867449014,0.9771914746802903,0.0008976415397468229
17,en_binary_sst2,1.5,50,0.9154337318096135,0.004626859487511093,0.9772076352740826,0.0009138021335389789
17,en_binary_sst2,1.75,50,0.9157615312878766,0.004954658965774104,0.9772363665574193,0.0009425334168755462
17,en_binary_sst2,2.0,50,0.9158804006153075,0.005073528293205136,0.9772598852901485,0.0009660521496047924
17,en_binary_sst2,2.5,50,0.9162301747718731,0.005423302449770617,0.9772568046719363,0.0009629715313925957
17,en_binary_sst2,3.0,50,0.9163834680643197,0.005576595742217194,0.9772638535441167,0.0009700204035730531
17,en_binary_sst2,3.5,50,0.9166226870150449,0.005815814692942349,0.9772517407300302,0.0009579075894865441
17,en_binary_sst2,4.0,50,0.9166430689039089,0.005836196581806385,0.9772369642053852,0.0009431310648415869
17,ha_binary_hausa_movie_review,0.5,50,0.7491791517232782,-0.01772400341716721,0.8503545534924846,0.004171529619805485
17,ha_binary_hausa_movie_review,0.75,50,0.7465847731140174,-0.020318382026428213,0.8519805481874448,0.005797524314765703
17,ha_binary_hausa_movie_review,1.0,50,0.7458665595795665,-0.021036595560878932,0.8536268788682583,0.007443854995579151
17,ha_binary_hausa_movie_review,1.25,50,0.7434428828654807,-0.023460272274964736,0.8542175066312997,0.008034482758620684
17,ha_binary_hausa_movie_review,1.5,50,0.7429662816823811,-0.023936873458064296,0.854633952254642,0.008450928381962841
17,ha_binary_hausa_movie_review,1.75,50,0.7420671942927481,-0.02483596084769722,0.8553112290008842,0.009128205128205124
17,ha_binary_hausa_movie_review,2.0,50,0.7417119676900584,-0.025191187450387044,0.8563050397877986,0.010122015915119353
17,ha_binary_hausa_movie_review,2.5,50,0.7404792855380715,-0.02642386960237384,0.8562882404951371,0.01010521662245802
17,ha_binary_hausa_movie_review,3.0,50,0.7419474322805013,-0.02495572285994428,0.8575190097259062,0.011335985853227233
17,ha_binary_hausa_movie_review,3.5,50,0.7397867995654576,-0.02711635557498785,0.8576136162687886,0.011430592396109647
17,ha_binary_hausa_movie_review,4.0,50,0.7402472040739237,-0.02665595106652171,0.858286472148541,0.012103448275862082
17,ko_binary_nsmc,0.5,50,0.855985808468308,-0.0009311680553288925,0.9324294414439032,-0.00049644074824577
17,ko_binary_nsmc,0.75,50,0.8558920462544245,-0.0010249302692123786,0.9324511874435991,-0.00047469474854991753
17,ko_binary_nsmc,1.0,50,0.855890481097838,-0.0010264954257988169,0.9323821537399262,-0.0005437284522229202
17,ko_binary_nsmc,1.25,50,0.8555898292589901,-0.0013271472646468818,0.9322052365957343,-0.0007206455964148662
17,ko_binary_nsmc,1.5,50,0.8552712534560101,-0.0016457230676267297,0.9320505803228057,-0.0008753018693432546
17,ko_binary_nsmc,1.75,50,0.8552871174347044,-0.001629859088932526,0.9321004971044579,-0.000825385087691255
17,ko_binary_nsmc,2.0,50,0.8552251286017661,-0.0016918479218707926,0.9320369310068313,-0.0008889511853179099
17,ko_binary_nsmc,2.5,50,0.8548737693223535,-0.002043207201283417,0.9318517984789652,-0.0010740837131837156
17,ko_binary_nsmc,3.0,50,0.8547111626356153,-0.0022058138880216684,0.9317392744595879,-0.0011866077325610757
17,ko_binary_nsmc,3.5,50,0.8544828695397407,-0.002434106983896256,0.9316120693606758,-0.0013138128314733
17,ko_binary_nsmc,4.0,50,0.8544465224667204,-0.002470454056916587,0.931549140201944,-0.0013767419902050704
17,ml_binary_dravidian_codemix,0.5,50,0.6273868937111083,0.12647913142189407,0.8481139823717949,0.002179987980769209
17,ml_binary_dravidian_codemix,0.75,50,0.6521421959782633,0.15123443368904907,0.847506610576923,0.001572616185897422
17,ml_binary_dravidian_codemix,1.0,50,0.6718329728672012,0.17092521057798699,0.8467365785256411,0.0008025841346153761
17,ml_binary_dravidian_codemix,1.25,50,0.6840315153976034,0.18312375310838921,0.8457487980769229,-0.00018519631410256475
17,ml_binary_dravidian_codemix,1.5,50,0.693576230386256,0.19266846809704175,0.8447673277243589,-0.001166666666666678
17,ml_binary_dravidian_codemix,1.75,50,0.69936331798027,0.19845555569105572,0.8441039663461538,-0.0018300280448718031
17,ml_binary_dravidian_codemix,2.0,50,0.7049069000838029,0.2039991377945885,0.8434608373397435,-0.0024731570512820642
17,ml_binary_dravidian_codemix,2.5,50,0.7129140185386035,0.21200625624938932,0.8422828525641026,-0.003651141826923092
17,ml_binary_dravidian_codemix,3.0,50,0.7175713631658321,0.21666360087661776,0.8414435096153848,-0.004490484775641035
17,ml_binary_dravidian_codemix,3.5,50,0.7210357202328838,0.22012795794366943,0.840741686698718,-0.005192307692307694
17,ml_binary_dravidian_codemix,4.0,50,0.7223340135805012,0.22142625129128696,0.8403234174679487,-0.005610576923076931
18,bn_binary_cinexdrama,0.5,50,0.8528038292852161,0.0004015823323359724,0.9348491338951311,0.000606917134831444
18,bn_binary_cinexdrama,0.75,50,0.8534154516867396,0.0010132047338593452,0.9351351825842698,0.0008929658239700112
18,bn_binary_cinexdrama,1.0,50,0.8541504698597335,0.0017482229068531963,0.935434925093633,0.0011927083333333167
18,bn_binary_cinexdrama,1.25,50,0.853844294865057,0.001442047912176747,0.9354205290262173,0.0011783122659175915
18,bn_binary_cinexdrama,1.5,50,0.8537712809753504,0.0013690340224700947,0.9355477528089888,0.001305536048689111
18,bn_binary_cinexdrama,1.75,50,0.8536039861552374,0.0012017392023573193,0.9356390449438201,0.0013968281835205843
18,bn_binary_cinexdrama,2.0,50,0.8543113251934087,0.0019090782405283347,0.9357471910112359,0.0015049742509363128
18,bn_binary_cinexdrama,2.5,50,0.8547633932343552,0.002361146281474993,0.9359774695692883,0.001735252808988743
18,bn_binary_cinexdrama,3.0,50,0.8553366155428931,0.002934368590012808,0.93609533005618,0.0018531132958801422
18,bn_binary_cinexdrama,3.5,50,0.8555269547308035,0.0031247077779233746,0.9362573735955055,0.002015156835205958
18,bn_binary_cinexdrama,4.0,50,0.8557805071575089,0.0033782602046287112,0.9363504213483147,0.002108204588014948
18,en_binary_sst2,0.5,50,0.9137567159654151,0.0029498436433125306,0.9768902054816527,0.0005963723411091903
18,en_binary_sst2,0.75,50,0.9145078100088972,0.003700937686794645,0.9770402239573293,0.0007463908167855493
18,en_binary_sst2,1.0,50,0.9148394846708833,0.004032612348780826,0.9771625449842556,0.0008687118437118624
18,en_binary_sst2,1.25,50,0.9151965355197444,0.004389663197642062,0.9771859022556392,0.000892069115095433
18,en_binary_sst2,1.5,50,0.915480334433864,0.004673462111761439,0.977209405725853,0.0009155725853094476
18,en_binary_sst2,1.75,50,0.9157813635176392,0.004974491195536554,0.9772384751943961,0.0009446420538525979
18,en_binary_sst2,2.0,50,0.9159214785540225,0.005114606231919998,0.9772600877192983,0.000966254578754584
18,en_binary_sst2,2.5,50,0.9161883991008315,0.005381526778729064,0.9772606885804253,0.0009668554398817463
18,en_binary_sst2,3.0,50,0.916337405201431,0.0055305328793286,0.9772711763382815,0.0009773431977379476
18,en_binary_sst2,3.5,50,0.9165949232941943,0.005788050972091858,0.9772499879506459,0.0009561548101021988
18,en_binary_sst2,4.0,50,0.9166999550327465,0.005893082710643993,0.9772461080586079,0.0009522749180643908
18,ha_binary_hausa_movie_review,0.5,50,0.7497767334926604,-0.01712642164778512,0.850655172413793,0.004472148541114052
18,ha_binary_hausa_movie_review,0.75,50,0.746964218403719,-0.01993893673672667,0.8520645446507515,0.005881520778072507
18,ha_binary_hausa_movie_review,1.0,50,0.7456699253715614,-0.021233229768884157,0.8539496021220159,0.0077665782493368885
18,ha_binary_hausa_movie_review,1.25,50,0.7429117740135298,-0.02399138112691573,0.8544500442086648,0.008267020335985874
18,ha_binary_hausa_movie_review,1.5,50,0.7428712842916714,-0.024031870848774162,0.8547267904509285,0.008543766578249332
18,ha_binary_hausa_movie_review,1.75,50,0.7414897695881877,-0.025413385552257795,0.8555853227232538,0.009402298850574723
18,ha_binary_hausa_movie_review,2.0,50,0.7412336307458296,-0.025669524394615863,0.8562838196286472,0.010100795755968187
18,ha_binary_hausa_movie_review,2.5,50,0.7399168227078167,-0.026986332432628844,0.8561732979664015,0.009990274093722384
18,ha_binary_hausa_movie_review,3.0,50,0.7410274268022108,-0.025875728338234694,0.8575287356321839,0.01134571175950486
18,ha_binary_hausa_movie_review,3.5,50,0.7400686444318747,-0.026834510708570635,0.8576746242263483,0.011491600353669331
18,ha_binary_hausa_movie_review,4.0,50,0.7386807720576846,-0.028222383082760833,0.8584677276746242,0.012284703801945171
18,ko_binary_nsmc,0.5,50,0.8558749903494923,-0.0010419861741446735,0.932410468477144,-0.0005154137150050442
18,ko_binary_nsmc,0.75,50,0.8558832991384158,-0.00103367738522125,0.9324381668164518,-0.0004877153756973196
18,ko_binary_nsmc,1.0,50,0.8558198643190312,-0.0010971122046058057,0.9323602094018696,-0.000565672790279359
18,ko_binary_nsmc,1.25,50,0.8555455109788659,-0.001371465544771029,0.9321935799236455,-0.0007323022685034175
18,ko_binary_nsmc,1.5,50,0.8553509210691125,-0.00156605545452436,0.9320813438147917,-0.0008445383773573401
18,ko_binary_nsmc,1.75,50,0.8553067568040454,-0.0016102197195915324,0.9321035479457942,-0.0008223342463548344
18,ko_binary_nsmc,2.0,50,0.8552118066833562,-0.0017051698402808246,0.932044185510179,-0.0008816966819701056
18,ko_binary_nsmc,2.5,50,0.8548645369261427,-0.0020524395974942,0.9318776264100828,-0.0010482557820662253
18,ko_binary_nsmc,3.0,50,0.8546500361981344,-0.0022669403255025865,0.9317231898583433,-0.0012026923338056572
18,ko_binary_nsmc,3.5,50,0.8544478287043752,-0.0024691478192616456,0.9315924816796936,-0.0013334005124554715
18,ko_binary_nsmc,4.0,50,0.8543803486839272,-0.0025366278397099176,0.9315364214599243,-0.0013894607322246478
18,ml_binary_dravidian_codemix,0.5,50,0.6277712420715933,0.12686347978237897,0.8481515424679487,0.002217548076923057
18,ml_binary_dravidian_codemix,0.75,50,0.6519730187870519,0.15106525649783767,0.8473581730769232,0.0014241786858974325
18,ml_binary_dravidian_codemix,1.0,50,0.6722236892238185,0.17131592693460423,0.8466346153846154,0.0007006209935897289
18,ml_binary_dravidian_codemix,1.25,50,0.6840461532088624,0.18313839091964806,0.8456783854166667,-0.000255608974358974
18,ml_binary_dravidian_codemix,1.5,50,0.6944609512438024,0.1935531889545881,0.8447484975961537,-0.0011854967948718232
18,ml_binary_dravidian_codemix,1.75,50,0.6991819421306198,0.19827417984140552,0.8440843349358974,-0.0018496594551282207
18,ml_binary_dravidian_codemix,2.0,50,0.7046234248120024,0.20371566252278808,0.8434949919871794,-0.002439002403846171
18,ml_binary_dravidian_codemix,2.5,50,0.7127047064397316,0.21179694415051714,0.8423015825320512,-0.0036324118589743646
18,ml_binary_dravidian_codemix,3.0,50,0.7178417475147224,0.2169339852255081,0.8413443509615385,-0.004589643429487189
18,ml_binary_dravidian_codemix,3.5,50,0.7206821276045586,0.2197743653153443,0.8406967147435896,-0.005237279647435926
18,ml_binary_dravidian_codemix,4.0,50,0.7220410324246324,0.22113327013541817,0.8402071314102564,-0.00572686298076925
19,bn_binary_cinexdrama,0.5,50,0.8530336298839108,0.000631382931030513,0.9347889747191012,0.0005467579588014804
19,bn_binary_cinexdrama,0.75,50,0.8535817718761274,0.0011795249232470061,0.9350938085205992,0.0008515917602995993
19,bn_binary_cinexdrama,1.0,50,0.8544539195519337,0.0020516725990534002,0.9353805009363296,0.0011382841760299446
19,bn_binary_cinexdrama,1.25,50,0.853878808373262,0.00147656142038181,0.9353884597378277,0.001146242977528056
19,bn_binary_cinexdrama,1.5,50,0.8535615827775903,0.0011593358247100904,0.9355386235955055,0.0012964068352059744
19,bn_binary_cinexdrama,1.75,50,0.8539268204311835,0.0015245734783032726,0.9356828768726594,0.0014406601123595265
19,bn_binary_cinexdrama,2.0,50,0.8540874769238512,0.0016852299709708052,0.9357611189138575,0.0015189021535580193
19,bn_binary_cinexdrama,2.5,50,0.8549524761698726,0.0025502292169923436,0.9360392673220975,0.0017970505617977395
19,bn_binary_cinexdrama,3.0,50,0.8554945283580002,0.003092281405120032,0.9361849836142321,0.0019427668539325693
19,bn_binary_cinexdrama,3.5,50,0.8556229555193358,0.00322070856645551,0.9363108614232212,0.0020686446629213395
19,bn_binary_cinexdrama,4.0,50,0.8554949888003227,0.0030927418474426703,0.9364443469101125,0.0022021301498127157
19,en_binary_sst2,0.5,50,0.9136951395075498,0.0028882671854473397,0.9768878430049481,0.00059400986440459
19,en_binary_sst2,0.75,50,0.9144069839560003,0.0036001116338979155,0.977045977925583,0.0007521447850395213
19,en_binary_sst2,1.0,50,0.91486643078801,0.004059558465907407,0.9771640294646873,0.0008701963241437171
19,en_binary_sst2,1.25,50,0.9151595725277081,0.004352700205605537,0.9771921944283786,0.0008983612878349634
19,en_binary_sst2,1.5,50,0.9154830688810521,0.004676196558949797,0.9772059290855343,0.000912095944990694
19,en_binary_sst2,1.75,50,0.9156390959908336,0.004832223668730973,0.9772347157959002,0.0009408826553563543
19,en_binary_sst2,2.0,50,0.9159318221909746,0.005124949868872146,0.9772645001927895,0.0009706670522459971
19,en_binary_sst2,2.5,50,0.9162132607008222,0.005406388378719822,0.9772727186556135,0.0009788855150697584
19,en_binary_sst2,3.0,50,0.9163968921762621,0.005590019854159622,0.9772710204999681,0.0009771873594242252
19,en_binary_sst2,3.5,50,0.9165270375855269,0.005720165263424401,0.9772470736135207,0.0009532404729773147
19,en_binary_sst2,4.0,50,0.9166967231784753,0.0058898508563728314,0.9772483420088683,0.0009545088683246817
19,ha_binary_hausa_movie_review,0.5,50,0.7490268909859108,-0.017876264154534763,0.850710875331565,0.004527851458885959
19,ha_binary_hausa_movie_review,0.75,50,0.7468493460630623,-0.020053809077383238,0.8522900088417329,0.006106984969053926
19,ha_binary_hausa_movie_review,1.0,50,0.7454710888976117,-0.02143206624283383,0.8539000884173298,0.007717064544650745
19,ha_binary_hausa_movie_review,1.25,50,0.7431900739668112,-0.023713081173634167,0.8545764809902741,0.00839345711759507
19,ha_binary_hausa_movie_review,1.5,50,0.7421207136989721,-0.02478244144147336,0.8549354553492483,0.00875243147656941
19,ha_binary_hausa_movie_review,1.75,50,0.7420943582956759,-0.024808796844769554,0.8556507515473034,0.009467727674624234
19,ha_binary_hausa_movie_review,2.0,50,0.7407143833677492,-0.026188771772696236,0.8563129973474801,0.010129973474801069
19,ha_binary_hausa_movie_review,2.5,50,0.7400474408196475,-0.02685571432079812,0.8561388152077808,0.009955791335101686
19,ha_binary_hausa_movie_review,3.0,50,0.7410135075862927,-0.025889647554152986,0.8574412024756853,0.011258178603006187
19,ha_binary_hausa_movie_review,3.5,50,0.7405717786192512,-0.026331376521194258,0.8574677276746242,0.011284703801945191
19,ha_binary_hausa_movie_review,4.0,50,0.7395623209186277,-0.02734083422181767,0.8583483642793988,0.012165340406719724
19,ko_binary_nsmc,0.5,50,0.8559228326217679,-0.00099414390186904,0.9324260415741954,-0.0004998406179536464
19,ko_binary_nsmc,0.75,50,0.8558133990943912,-0.0011035774292457324,0.9324354316664787,-0.0004904505256703118
19,ko_binary_nsmc,1.0,50,0.8557297947931971,-0.0011871817304398968,0.9323501608194943,-0.0005757213726546917
19,ko_binary_nsmc,1.25,50,0.8554709560081788,-0.0014460205154579952,0.9321800742261953,-0.0007458079659537953
19,ko_binary_nsmc,1.5,50,0.8552215217581947,-0.0016954547654422015,0.9320391223258153,-0.0008867598663337373
19,ko_binary_nsmc,1.75,50,0.8551597604226154,-0.0017572161010215282,0.932060924560666,-0.0008649576314830321
19,ko_binary_nsmc,2.0,50,0.8551293614694824,-0.0017876150541545942,0.9320017096160556,-0.000924172576093294
19,ko_binary_nsmc,2.5,50,0.8548247057313587,-0.002092270792278379,0.9318530696628555,-0.001072812529293521
19,ko_binary_nsmc,3.0,50,0.8547007147344543,-0.0022162617891827298,0.9317524895526154,-0.0011733926395337813
19,ko_binary_nsmc,3.5,50,0.8545218714428583,-0.002395105080778561,0.9316276286514916,-0.0012982535406575013
19,ko_binary_nsmc,4.0,50,0.8544133438752975,-0.0025036326483393536,0.9315564118789019,-0.0013694703132470743
19,ml_binary_dravidian_codemix,0.5,50,0.6266176831322978,0.12570992084308358,0.84813671875,0.002202724358974344
19,ml_binary_dravidian_codemix,0.75,50,0.6515315690138499,0.15062380672463557,0.8473641826923077,0.0014301883012820316
19,ml_binary_dravidian_codemix,1.0,50,0.671673459235564,0.17076569694634972,0.8466412259615385,0.0007072315705128052
19,ml_binary_dravidian_codemix,1.25,50,0.6834282722477266,0.18252050995851232,0.8456916065705129,-0.0002423878205128238
19,ml_binary_dravidian_codemix,1.5,50,0.693988975880652,0.19308121359143773,0.8448940304487179,-0.0010399639423077068
19,ml_binary_dravidian_codemix,1.75,50,0.6996962625873061,0.19878850029809184,0.8441967147435898,-0.0017372796474359076
19,ml_binary_dravidian_codemix,2.0,50,0.7049701247349043,0.20406236244569,0.8436352163461538,-0.002298778044871812
19,ml_binary_dravidian_codemix,2.5,50,0.7121805239406385,0.2112727616514241,0.8424654447115385,-0.003468549679487185
19,ml_binary_dravidian_codemix,3.0,50,0.7178226905005591,0.21691492821134484,0.8415232371794872,-0.004410757211538469
19,ml_binary_dravidian_codemix,3.5,50,0.7203339218990589,0.21942615960984443,0.840720953525641,-0.0052130408653846124
19,ml_binary_dravidian_codemix,4.0,50,0.7226630023566551,0.2217552400674408,0.8401405248397436,-0.005793469551282078
20,bn_binary_cinexdrama,0.5,50,0.8532745148957122,0.0008722679428319102,0.9348159527153558,0.0005737359550561827
20,bn_binary_cinexdrama,0.75,50,0.8534732456014883,0.0010709986486081035,0.9350589302434458,0.000816713483146061
20,bn_binary_cinexdrama,1.0,50,0.8541465726737926,0.001744325720912312,0.9353321629213482,0.001089946161048696
20,bn_binary_cinexdrama,1.25,50,0.853562495204401,0.0011602482515207413,0.9353764044943822,0.0011341877340824036
20,bn_binary_cinexdrama,1.5,50,0.8536348061623684,0.00123255920948808,0.9355374531835207,0.0012952364232209424
20,bn_binary_cinexdrama,1.75,50,0.8541674263733531,0.0017651794204728178,0.9356931179775282,0.0014509012172284575
20,bn_binary_cinexdrama,2.0,50,0.8544812879302323,0.002079040977352089,0.9358201076779028,0.0015778909176029864
20,bn_binary_cinexdrama,2.5,50,0.8550535750193653,0.002651328066484986,0.9360794709737829,0.0018372542134831172
20,bn_binary_cinexdrama,3.0,50,0.8557255474618475,0.0033233005089670932,0.9362134246254682,0.001971207865168525
20,bn_binary_cinexdrama,3.5,50,0.8560615427169164,0.0036592957640361324,0.9363437499999999,0.002101533239700348
20,bn_binary_cinexdrama,4.0,50,0.855643992038043,0.0032417450851627196,0.9364845505617978,0.002242333801498111
20,en_binary_sst2,0.5,50,0.9136609630306904,0.0028540907085880885,0.9768898440010281,0.0005960108604845505
20,en_binary_sst2,0.75,50,0.9144443321531551,0.003637459831052572,0.9770431760490971,0.0007493429085534209
20,en_binary_sst2,1.0,50,0.9149012788453836,0.004094406523281109,0.9771681182121972,0.0008742850716535133
20,en_binary_sst2,1.25,50,0.9151690071716575,0.004362134849555068,0.9771947014973331,0.0009008683567894482
20,en_binary_sst2,1.5,50,0.9155175191281992,0.00471064680609659,0.9772091904440587,0.0009153573035151874
20,en_binary_sst2,1.75,50,0.9157499916786044,0.004943119356501919,0.9772456051988947,0.0009517720583510369
20,en_binary_sst2,2.0,50,0.9159996210463607,0.005192748724258103,0.9772760073260074,0.0009821741854636713
20,en_binary_sst2,2.5,50,0.9162560059448037,0.005449133622701139,0.9772807732472206,0.0009869401066769346
20,en_binary_sst2,3.0,50,0.9165566919182518,0.0057498195961494854,0.9772786381016644,0.0009848049611207665
20,en_binary_sst2,3.5,50,0.916577113528718,0.00577024120661561,0.9772456317074739,0.0009517985669301443
20,en_binary_sst2,4.0,50,0.9167709387525868,0.005964066430484433,0.977252331951674,0.0009584988111304215
20,ha_binary_hausa_movie_review,0.5,50,0.7509278669188695,-0.015975288221576112,0.850710875331565,0.004527851458885952
20,ha_binary_hausa_movie_review,0.75,50,0.747073131535028,-0.01983002360541769,0.8522864721485414,0.00610344827586208
20,ha_binary_hausa_movie_review,1.0,50,0.7463991569500008,-0.02050399819044452,0.8539248452696729,0.007741821396993831
20,ha_binary_hausa_movie_review,1.25,50,0.7438236289561837,-0.023079526184261772,0.8544190981432361,0.008236074270557043
20,ha_binary_hausa_movie_review,1.5,50,0.7440478385398821,-0.02285531660056355,0.8547718832891246,0.008588859416445622
20,ha_binary_hausa_movie_review,1.75,50,0.7425788600805733,-0.024324295059872172,0.8555119363395227,0.009328912466843529
20,ha_binary_hausa_movie_review,2.0,50,0.7420996507086993,-0.024803504431746108,0.8563359858532273,0.010152961980548192
20,ha_binary_hausa_movie_review,2.5,50,0.7399293189880873,-0.026973836152358172,0.8562572944297082,0.010074270557029166
20,ha_binary_hausa_movie_review,3.0,50,0.7408943776025011,-0.026008777537944453,0.8575870910698496,0.011404067197170641
20,ha_binary_hausa_movie_review,3.5,50,0.7406296804377382,-0.026273474702707314,0.8576560565870911,0.011473032714412017
20,ha_binary_hausa_movie_review,4.0,50,0.7396233458889051,-0.027279809251540374,0.8584297082228117,0.012246684350132637
20,ko_binary_nsmc,0.5,50,0.8559016418176891,-0.0010153347059477058,0.9324324867290715,-0.0004933954630773508
20,ko_binary_nsmc,0.75,50,0.8559427878157428,-0.0009741887078940725,0.9324424826120353,-0.0004833995801136304
20,ko_binary_nsmc,1.0,50,0.8557137871321392,-0.0012031893914976944,0.9323675090280363,-0.0005583731641126821
20,ko_binary_nsmc,1.25,50,0.8555221389349316,-0.0013948375887052932,0.9321976025892753,-0.0007282796028737226
20,ko_binary_nsmc,1.5,50,0.8552885739990771,-0.0016284025245598154,0.9320241423917898,-0.0009017398003593069
20,ko_binary_nsmc,1.75,50,0.855139819425685,-0.0017771570979520867,0.9320617674145143,-0.000864114777634788
20,ko_binary_nsmc,2.0,50,0.8551385723603058,-0.001778404163331222,0.9320098147182132,-0.0009160674739357844
20,ko_binary_nsmc,2.5,50,0.8549101688572297,-0.0020068076664072,0.9318683078745087,-0.0010575743176404573
20,ko_binary_nsmc,3.0,50,0.854695321725278,-0.002221654798359001,0.9317628736938639,-0.0011630084982852317
20,ko_binary_nsmc,3.5,50,0.8545269701676753,-0.0023900063559616604,0.9316290663520528,-0.001296815840096166
20,ko_binary_nsmc,4.0,50,0.8544131482804735,-0.002503828243163411,0.9315682423075168,-0.0013576398846320893
20,ml_binary_dravidian_codemix,0.5,50,0.6264333541182767,0.1255255918290625,0.8481823918269229,0.002248397435897431
20,ml_binary_dravidian_codemix,0.75,50,0.6517167636963188,0.15080900140710463,0.8475071113782051,0.0015731169871794704
20,ml_binary_dravidian_codemix,1.0,50,0.6721142024903395,0.17120644020112522,0.8467444911858975,0.0008104967948717734
20,ml_binary_dravidian_codemix,1.25,50,0.6844491660884435,0.1835414037992292,0.845725861378205,-0.00020813301282052166
20,ml_binary_dravidian_codemix,1.5,50,0.6935435979712752,0.1926358356820609,0.844830829326923,-0.0011031650641025736
20,ml_binary_dravidian_codemix,1.75,50,0.6998336073492382,0.19892584506002384,0.8441670673076923,-0.0017669270833333272
20,ml_binary_dravidian_codemix,2.0,50,0.7050228748421385,0.20411511255292422,0.843634014423077,-0.0022999799679487443
20,ml_binary_dravidian_codemix,2.5,50,0.7126865057707112,0.21177874348149697,0.8425917467948719,-0.003342247596153849
20,ml_binary_dravidian_codemix,3.0,50,0.7180246512236585,0.2171168889344444,0.8415657051282053,-0.004368289262820506
20,ml_binary_dravidian_codemix,3.5,50,0.7210574856378235,0.22014972334860922,0.8407543068910257,-0.005179687500000003
20,ml_binary_dravidian_codemix,4.0,50,0.7228406235234465,0.2219328612342324,0.8403016826923075,-0.005632311698717965
