row_id,_source_row,_text_hash,label,bank_class_position
f6aa2a778fc1233f6653347a,126,82195e1d8d0fba8bf6fa209e5eaf8f55feb7d55c4728723474918df201a1b3ff,0,0
a618af32ea513292c64ba19e,1186,a2771535ee13360ca0751483bffee7dd87c392074b487e47a8f5466da46c1074,0,1
2112062ef0db9405906ca213,929,f073f26c8c2464fa36f8992683cc3abb83d2b2a8f95987ce07f4b8752aa22bb7,0,2
067ef56dd0d90b2bc5673573,968,a74979760ee5da6f5c620d4af6cde04dedb8751af5caee307c7f18c6c759de75,0,3
0d20e383544578eb87ab416f,918,c013909936640fd7e6a9067914ec1d19dabcce8fd18e87ad9c258764154c4bcf,0,4
317bdfd34c9064ca5d895924,778,d4d21d67e6be1d6b2c8847656e9be17bcc9d1167826d5addafb587d3eb2fd987,0,5
a3b53c2449b9700d039a4998,1058,f0360148c2efbc365629310a684358c2ec3686041ce9c5f96e6470584682633f,0,6
be89235ab53a8a834357a4fb,487,a4819e988ca268b86701f36a1177792fc7e14b89419f9fa293f6b6d82c68e5a3,0,7
3517688e710307af0a5957fa,413,a883afdcb3c195543a6957a9df71bd35593f941ebb4148e7ce7cef15e75cf8d8,0,8
38a42fb8b779b0f148144831,751,7122ddf1acfee5fc475311eca00b1cdc38b178ac7cc03d234d0e8af3b5df0ed4,0,9
0842becfc9a2e3d362e4a39e,927,97fa6abb724084353ac8a037841eb74655a60eb929f4211f074015834320846b,0,10
7d38358b512cdb2f81e4c697,379,481790ea468f9613620b4e02073b7cfa61a84b28caf2b8b6c604708ad6cd7bbf,0,11
c185a4b3be7bc56cd71c7ebc,1088,6b7611dc040db7426fdfcf09cbed649741822868e9cbfa37b2fc704b6c687bd2,0,12
b24cbe6b60ded773bb3f5328,88,4fce7a30b0ec85fddf9264fe928c9f9a2449a88256626245859c31c59df7b840,0,13
c9dae4982a348c050dcc2c0e,89,c2297d7572c69778583422943570c5e1d33a2d8d31947955cbd6644dc471cff8,0,14
1ddc8d7864c12191462f2b8a,911,dca0b610771e54f6af227b641394c7d228f1650b498e6f18e00ca4825c523b28,0,15
49935a5e766c66d4ac77aaf9,1034,5e4e90ba7c7e72a1c23066084c44de2ef59ef4f11cd8d209eb1b77476a6bc3bb,0,16
1c96a2324a384e176b3bcfdd,1356,c2852ba1e11395a9e03432f6edc581eca1947cff6d149dad9047b9f7b9b6653e,0,17
045fc0ab9bb75d3705134a83,881,cdcf806ac88b4b20c75504581f9a67bdb92071296fb7ec49191c1582e9874686,0,18
a1e67a464e02f0f4ae6d2d2e,420,b2727c875f9b9fe04e6da1eebb11b389466c3a6cc8c1421057f77b9a7bb4aeb6,0,19
fb011325a99742c502c3ab3f,568,979ac41fef45cf534b8614e18271d32c8bf2979df32a2117e1e0f0069645f59c,0,20
fa91b5b3f369d2dc2b8dfe39,615,e7cbffd012b70609701aaadb687561be2f183eaa4fd9a8193209247064f39d37,0,21
05c7b2b567650549b882c7b4,1202,cf72533cbf2e2d8e96c114182a2519012f2340e0c4d0a5c8e59330e9fc594b92,0,22
6053ca1b1831caa6a49ed2f2,531,88f50c22a7ed77f2da11f6d5b414dbb3b34ea75df227f137f596c2e058852560,0,23
ea624d86726f93313a9b1b90,994,5f9a703cae1d796020e6c26a4353670229e8612cc320bb4fb2767ff33c3feb29,0,24
a362853a418cae37b0d63e75,875,86f3054f2aaa9f426da191067ba4f7c90aff59c05734fc366865b25c0d12bc14,0,25
dce4462f222f1fc872ab972b,22,d2884b2bd2a1c0422011909aa7b837ef33b1cf084e6cb7ee4ce42a11081b411d,0,26
583f28d7af0156246dff3c72,1026,bea4d0184773f87ae0a203fcbcaca9d800185376ecea9cf10cf22205af7abbe0,0,27
33bbaf5b3c5d932e760e1294,208,7a7bb85d238ab9277d036fb32fa745a38172b89d0f747524ca11846af10f5f3f,0,28
78bf8c248d4781a2ba7bc138,1165,f71bde033ec0b21b003aeb9fc8eaa613073c6a9916e4ddd3cf7a968d264b867c,0,29
72aa254f8c39250393d35057,189,6c0624eb9f12b8e2a493c639ebc933ca569e6ea635bb6073f76ecfd1f49a3b88,0,30
aaa5a6359e74de9a7432e9ca,421,0a9c1372bc0a129b314fd5db9faf0a64e7e745bbf31f5ea5bde478dca2015a21,0,31
d6d2772ca2b19fd1cd619100,298,a8f5edc8cdb79c0fc1ece23dd00f890cd32f48e2af917b04e105ee529cf690b2,0,32
a0c3ba46ea2de4ae466753a9,663,96e8a57977475066ee79338daca6e524d0acf1ef904ecc02a398d9754cdb23c5,0,33
b60c3dd04088c87f54c94c58,295,26d7a0a70345ef151546107ab35a35586ab99f5466b80068bb9592b8095d1f1f,0,34
becbfe21c241f14a1fd3c363,964,810f4e3f3037d832357ecb2cfbe9601ab32ecfecbe9995f07373642a17cc789f,0,35
f4056a6c30e3207a1f2d19dc,230,7a4cad870f1aad8b48cab4f8d56e982757c8c8c15f4772e87894a4430b866ec9,0,36
015e92a22ab2b48f71d04f1f,508,86133ab3d97bcb4da1a3eab5f22912238f5f25c99c0829dc8397bfeaa3ebc613,0,37
520a5212861ecd6e52aa2b06,1013,7fbc2497480d7c8a8d993486a8589c56d2f720dfdd445fcd77b3a7408e7ec4f8,0,38
efdc3d09e07cc116d0abf1df,1251,08772518fbe56371adeeab96b38440c8d5090be7f76446db54ea55b13ea096cc,0,39
3f26cdc06a8cfa86e76ea64b,213,06df269f2937047e9f23385237761a2a71c2d80297e70525f0a99edc0add2814,0,40
7c3f307b0b7733b464855df2,701,b7e4aed1816c50d7fce0050935c8681613c68bdfb218897932831b3c20399bb1,0,41
b843d0dd929d19e6d18ca566,435,77243547bfec675b073258219631b231442ada2399ee0e9d7540fae81839d3b0,0,42
965f50b4148e15a9ea517705,699,f55170394cf638eb7011f84d56188f06f5a4e4921c0a7ce0786741e625d1c409,0,43
983e92741d21a5ddb64cd168,992,858c22c2a6d39b9326f1e6f4dbd0aced532e4043668456acafd59a9c80aa7e87,0,44
da8bb09a769339d38bf5a768,408,95e851054f9b5dafb2b79baea5c02b7ebb2509391167257d4db6434601bc021a,0,45
3984a35a99aaf6321dde9588,1193,d38db78c04b4b4a8ebfe3a1d8ee1e6dba7c6823ec6faf7b39c87ab7eaf87458d,0,46
5214ecb0f99ec3b9ebfc6f01,191,b4cb16a0b1f0bc341622c222627c039f7d06764fd793c507114c1c4ebd90dcdb,0,47
d7763cbe4af8451c21cb36c5,69,d33738f138cca2a2882634eececeb19a4ff63381b3be67ef06be951ad0291a67,0,48
40097837cfbdfe3e2d9308ab,745,9101a2f1956578a8e949af671a85af5a0cb3c2241f2ae0cc08b3144d96be0f52,0,49
66bd5ee0a5216b92b4e928ed,38,3ec09c24c2ca262609440362c9c0d26c1b1c766904b3929185dcb969c9a63ff4,0,50
088fc14bda3239a03df3c037,433,ab823195e57d63ad9e114d3d80731fe5face1c59a483e81c02a7ef2d8be06197,0,51
4e80bc7e520cb1228631c253,309,d0f880276b4a18221b2d12666a276899716c7061bddb5f8079c78e4df0ed90f8,0,52
ab9e787940813d0d0ce963a0,294,89864efb179f96186f7f0b098de3272829e0a8673bfac351cccc1d647a52899d,0,53
55ce7057bc5546a51aea09d2,851,cedaaab34bbf8a4ed04866e5056d3584d55f3b7180b09ed6dd6ea182987710f2,0,54
8dd0a4967555b4463b5deccd,758,75fd825addc3326c004ff13384304462a26d5e2026932f592eb82294447088a7,0,55
d46cdd89fd99113305cd0157,134,c2e2a265336af27020bbba5543319e062471d2704406777a6235ee8b50a0d992,0,56
6c6c89632334803f91a504c0,272,98a11526606e6521cb7f32b081c4cc0b78d661118fa79d172b142b9cdb385ef2,0,57
ab96353de9ac3338df6e7e33,1333,6cec7f2c0418835a8f763ca45974d5f9426eb194af73106854092f155f26500c,0,58
80bef32937f7bdeaf7db4829,146,9dd1a63fe4166ab0fbe19ccefe6f07ffa1c9efb4cb78a47858519c2e8d0654ed,0,59
a9ea6024d21be34e753aacfa,1085,c8b5fadb063e64d3e62aa1162c36ebed7980cb88aaa3be5e04af7b532b763c18,0,60
4af614224cbfd46db12ff516,1235,c3d5c29ab816376898dca16f6138e4b1c459b526b9734e5e7f689edcb85ab7b9,0,61
a87c5070b3b3860a17cb60d6,66,ec8246683c7f2d33a34ca40fc78adcbbf7b810ccc2fe7a914e4bc52ba6a078b8,0,62
71b8e98abe73398fd5c09f99,1283,c6e94df07e208501e9821b4484502d1f5a9913ccf886d441a00480e9b0c59acf,0,63
d42a11bded7386f3bc277b65,448,32ea193a2f92478dea53bed589d74baf69686b0f4f9bb483a62f095aa6e3e42c,0,64
315fb0e48ea79c9fb464fd25,243,b3ec1450ffe9c66898197b2303a966ebafc511e48c3677974654202fdc47e2bc,0,65
73c4314227b92097ffba7fd2,665,6959e5bac67179f9e68595a2769137ba938c804006a21d0d6a56bfb6f90f42b8,0,66
2a45819547ab1e3faa94b7e2,616,79ce53f00da9774776edf1ad4b0268f09a87e4e555e10db590d17e5468c61cb5,0,67
ed5623b3f75a4e063e65a0dd,1348,550000315a980f26ce47484006f28f79693ab76dda2c34b462728ade970fde43,0,68
209fa13aa81117c260dd3188,752,3c7a6ecf916d69fc8570cc4a7a0fca3c29b219dad93688dac4fe1b76a3993910,0,69
382acdd4e5373fe33bab3249,960,79a4eebe37a11705e822d74c6ee17dd4b3530ac7c4be7999ba489d777ac0a3c6,0,70
26e932af3d711c338b435361,590,cc50cccc44ddc61ef03632d60f91c8177db2cac79c3c8234ebf60fafb46daa7a,0,71
841e56dfd3521225f1c72d6b,974,e76564159edf7134550e18a218fb1d4e1259a7ead135099893b9dddcd53f8dea,0,72
45ac6176b22d0691e008a5c4,308,cbcd492f4861bb2ae216d4196af5f82fc48a52432169b7cc94c1ccddbd735105,0,73
325c6677b95f1b085931e6ea,570,d5beececebe781ddd0c18e4f392c35a2f658df10eda77cfd316b50a1d88ee3eb,0,74
9dd414bee1581d8813ce9722,81,77e0798ac08a96c831bfaa8390ae4057c9a021c211768d20ba276d82f6a3ed14,0,75
c74b6353a0491d2ef2d958c5,666,fda232456834b1001cf0a0c6b18b44022b94fa98a8da7a6dcbcb75399235aef0,0,76
07296481c20924bfb1d8fcdc,1171,05f5b8fe01599f6743b9f1bf6cf602c90a1fff15226b444a6d89672325fe8c4e,0,77
b93ef16d63db5ee69f902e17,291,6c546db95b1eb0735c44f189efb78960d341617cfa2783a9d519ce158dbeae61,0,78
a0dd4d9d2c46a8abe5a68c90,972,ad18ea381f359579341738397cad7c0c19d7c19a401dae4e0ccce21abc158d8f,0,79
2ac36cf24a36d233adf85887,1003,f94d1fdd27bae8c24ac075b32e28e4aea83aa1d0f41a3f9470ffb999e3bd24e2,0,80
7f582fc84fb4119fb3952f97,1014,12815cbd7cb58b4ba8233d44be8835a7710a3d701bb21dbbc8be0854120a08ff,0,81
9a3b6cdbc03ef51795f79f0e,707,2146f0ff4f86bdf8bb4dc026a2d0cfb6ae06e73936d300484b8251714d9a70ad,0,82
68c48db80b0889dc7cb8fabc,605,8262f35fc9901fdefd4544a8bbe2973a7a54de749441ab6b2cb389d308de76b6,0,83
59b861d591ec55339fac20d4,598,009441ff58e1e73b7c9f5f9113643b347a09c1abb5e711ec85a64a6ad883ee90,0,84
0c2a2fe073bae76a5e0decca,180,938d7e08b00150038590cde41971fd3003a460f63d3b6d83b2c4abc380b0103b,0,85
e6cfaba256203b2d1f2b59e3,1400,2166d6e317613835b1391cac02a3dcbb75f01a3b22cfef62a5e83174fbf75296,0,86
6433df6a996357025566b4d3,659,8911f79bea9457deb3ba2704a1d7088c1ab7805152ddd01c7126f65193b5fcbb,0,87
48facf07a567a9b1f39a78fa,836,a154384b62a479d9f51453d53df62bc80183397513f13b9891374826a4ccde3c,0,88
c492f548c5548c8156bd58ca,1022,ee6b9f67e40f29c73f82057ac1932971c93d33be517e8fefdb5a2a0a5beb31e4,0,89
1b40144d8eca0403c5fe056e,849,8236f8ee0d59d47be514c7396184694644eca371dd9ef730c4a39f822313d851,0,90
19c9b766371103030ca2f02d,1115,0df96e205a55fe88034ade2ac6268b48fb17aec95649c004f396ba57d84b71f6,0,91
a457e1a0d775b0da250e4e57,1094,8b64b352dee767454d70169cbb2d78b3f42ae57d1dc69afa53ce7c5c8e564749,0,92
a08508ff4f7dff737038af5f,219,b024223da3cc9dad8ec9993e16a11fd0092972e9f85a202531d7b8d9ea13cca9,0,93
362b8aad20723c9aa7f7c6f1,1338,026827cc3676f714c7bd6a589c61a2e754b69148d7a031f84b6adcb55306751a,0,94
a488c8bf7205be7746460c13,70,23f6be9606ff206b51a0fc9946edba004648ad6a7f74bb8c0435d670c8ae8803,0,95
e6550d31efdaa6813bda4443,135,11dbd74af27a8f13a6a65018b4600f24e2ae727b202ab2ea10928d7f806b39e1,0,96
1849bcc444d6a4fd8cf6c1f3,361,70710feda206e410046a6246df89c5b4e22e040b5b44e7c24f8c86cdefc0a08e,0,97
53f7f05706844c8b2d72e32c,1323,24af4ec7134fc99123b069e9935899aee45dde382ea8020bf70ee0ce531d4799,0,98
1a0aa3b191e3f6dff3cf26c3,1190,6f26c6187a5485fefacd28eed94764b3fb641b521b980867dc4753d96064ad5e,0,99
62097f5b2431106e57284aaf,1185,dd6bec51706d8de0dc1e71701fee5a513eca62f641122e1861e13ca6bc75414b,0,100
6f746deed874b27195659384,737,2c7f719e374d54cd1ec49d655b8c5c55d64f9e34ee7ec0fae6f034738131ef9f,0,101
09135b22753e9a8df91c5943,1298,3197a9ca0814f66ca25e45b0aa4fff7754129b35003e7c41616e0d5ccc4982c1,0,102
2ad2c95454439bb11635734c,1137,95190065d47663e8070e5342e80bf8805940a928f63da9947e2a69803645e4c2,0,103
2c84ad71cbfd59926f75a374,1391,fd0f4d976be1097ac076233ae728b904ae86579d9981027a7ba78758557a4881,0,104
ef48c34f1c374ed059dfa518,288,95fda6659882c26396b9cd04531cc032e5dcc1cbcf665ae2dc19018bcf060cec,0,105
e0951280e408383bb8805214,882,42c79aa27e9dd2a703330bd6d5985fa3a5b8a824056ddbbfd3391e2d451aed8e,0,106
3a225e6f1f8225519e5812a6,998,cbc368f9d5921d6581e5e8ec895c3e2b899c1deb70a1670099fb02785ad5a450,0,107
d59b6782769c714bace11ae3,908,b62ac022367bf9efb68d2371bbd902ce9ded2a1e360692b6e8513df31641ca52,0,108
81c34b2b7a586b87f11bd95d,1369,99b0a13561788fe86bb44a70b5020653e52dc566e80501815ae6a3c42ef06c00,0,109
bb73eaba4f1c424bd4f5b85a,664,a4357e016639b02caa6175c685833ef54ee3909b044a1018a8684f1ba012c8c1,0,110
2ad00cf796c8e4be143262b0,1416,1743a9421ee1b5d3f036716e9014952493a7e3db01d90976272cf7c231ffa02c,0,111
43928c4ff305979aec6a1b03,574,7894ff8c5b756c2e1eebe89b707f03a9fb344aa369886ed03b3aa534e7fabb00,0,112
75430de95add86db4cd8fcb5,297,2bac23c6ab152f693ab43df51ef8de6322ee66c9b4ed9f01226bf76261da7fb5,0,113
41a9f8e1d107141316a99355,864,c93c2c4931d87279e496affe23398fcbb4cce627048b8089fe95cd612da289ab,0,114
aa474b386b4afffa47aec7b2,634,045d62dbe0f2d079c6579d8594089837061718e7a651870fbb48c5cfc4d62e21,0,115
b6f33f297bd140194d2e18a8,675,4645852cc5eb0ed86ce939627f03ad5dabc2fba858692d8d6f7a739b674d188a,0,116
da2427fdb4dd201112533e06,97,7f982be160b0648ecbe5a0b1a867ac53b94a5503f178fc66ec3ed2c550343984,0,117
1ff9b543b5f66f0d3455a922,827,1ebcfdc7de2a1e1cb24032efaa3612b6ed4aead679c34eb1e11e566784fbcd3a,0,118
b590df3bc1ed3942c24902d1,1124,a6f73370bfb28982469b0ff31117e2ab80ed31ac022d6ea8bd9bf57caaf4b9c8,0,119
73c7a6cff73247d74741f694,44,eed56504aa0339ba2a339b7ede20cd8836d10a8df308f5f97e048ed0f724a403,0,120
67b183efe79c6a7b6b247750,869,6458386a89c65343c1640505f917e9413bb96e00c47978cef856ba675508e4c4,0,121
dfd88d8b4e63f300dec0f8e5,763,dc1b7cbda11017ddc6e0899d20241882e2ae4cef01d339db0329ea8098f5239f,0,122
078f716181c145e29c54f523,589,c96d74c613b870fff44ccf77598da2fb08c089eaa7dca3552d70fa7f276045fa,0,123
d70563ca85862cdef921f0f8,1285,8831ef28656f621637e15235aa1877f3d434fac7b06642daa6bd45434d1a0b39,0,124
56c27f2f6be7d2a3eaf96a3e,1377,6ac57b5243879fd06288a3a116a72a2fd1e97ffb71e8c830b90000cfba0ae46d,0,125
bc12faa22830d2a11251d053,523,ef3af7034301d377e65a4d8ee5a63ecdd963126e3582fbf9cf95747a55c3b05e,0,126
1efafc99531cbb26cd056d4c,106,442d5a36f7c4eb168ddc12af90806d1334b58046f14ac2ec3059d015dc58de8a,0,127
21590b4ec3bad9f1cb9444a6,157,820af56bda7effdd13605bda2ef89305022b60617a66683e6fadd4d2d4d58a1c,0,128
853419d85319c880d9c140a4,264,2db48e0b3f303122f426f89e3995cbc7e34b1e525aa2e04042bb9dec961a7676,0,129
18d976345e2cfad633d90856,989,e6562a2663845a19cd08c9320457b2030a7e30bc083af4e5a222b2a7f1d7c023,0,130
0c9115ce0a1f5f687a364d5a,253,06b9584cad260e7af9a40c6f636d441e226b27f205940c61f050d62f95f854d9,0,131
1b28062ea8cfc56dd6eebd7e,1275,0ff6f298c12a5146e8309a2861e28b6e5a5a9c2bf814c65352f79e32a1b9d11c,0,132
9f3dd9810287efb21d593ffb,29,ec2b852d32b4aff2df8d0c77c4fb7e550bf06efe49fd07e9340d48ae0c53d74c,0,133
c8192c002943aea39a8943a2,1294,9b06ec87bc59413eda179f53fb4f050a0f3b875f67627ea66252acb22ce00fef,0,134
1e9c012fbe825f8ce2d38dfd,6,99981590bc5f7a34a8180268818383e353b1e558e549126d3eb791a2130db59d,0,135
978ee0c782067603251e93d8,61,ca1af4c0ac35a3a7f2653b8fde7765218cdd3372c3ee5f4111c72f8f8a53b95f,0,136
4a53a4da065853571a8add8b,705,ede6b371367ce4a5c2f465c513d0ce6a33a2a9d2f6d0e71179d94770b2232fa1,0,137
1db2d5309784041539359f44,149,9d38d5076e54c80fe15f03f57f880650ed694fbd8c2e8404bf649dd4a34886e0,0,138
0e3b28175a922684ca942eb7,595,41555361f5461e6148ddde47d9a87917513ede498a3cf40ca257fa1a2dcb3004,0,139
79517d992b06d1abb26f7050,1189,5f085c00132582364a162ac8a4300d44b324f6653e7be1768f1f4bae306f129e,0,140
87a549618404720da0c4e1a7,878,730c7d9fe7705d83e11f71ec31a1bd4640d7019de65f97f2f6eecdc7f0769e24,0,141
69a96a54300b1743afb4f517,828,f2e1863219a0734187293c7f6b6835e72c8b5a727b4bce775ffb0752f5eb83e5,0,142
d251eaa05f98389c3374f64b,596,3472278fa8ebf9282d9a6728bac15cc440f142e42b2957ccbbb06587d5853d48,0,143
10a9bc0f63a18d5d44515a6d,1116,5c8d3368128af8b753bc567aacc77fb7280226036e2d65768ac436c4c4f7ae68,0,144
59f53a173b374554d54da267,676,426c11f8c20cb5e1ebba5ed3c9170d6122fb16391f1b4e789daced7ed5b7b911,0,145
a9417b459c05c1a0b87c70b0,1345,3181b170b421ebe34493739cdbc09cccc59bd629055600ca73560da4f2e090bd,0,146
24a3a6de3ec60cd4e044decf,301,07f390c9dc67fa83dadd2d09c2482bd4a9f9ac77304ba4190fb55b0668e11a0a,0,147
bb337ccf3dd2fdc96fc171b3,822,4a7e7244bf03a423d569e1a5475f58da1a7a6f88c56d83a8f579fb3f1153ca99,0,148
ffc3480a29658958299ee5b3,155,631d68b3ca52b96c91c374a836c8d580102fce38efce497c224fa781b016ba5a,0,149
d19ca45dcbab189643116d75,1272,4772596ea33a8c37f74e4955ee8294f7980d8b80c491c05d1972b68f4b236bee,0,150
31e16e801e62204b407416b5,949,ac4d83b6c464c335ae808d17ce094b3f3e56ce7319fbfbba241178b544b24ef2,0,151
350971dc868bb35b5f5d4ea6,153,6cb6e6d06ca14b535f21fa2e5abb7ffce3e7dfc0ed6dea218ac693dd5c3eef68,0,152
c1a4327959208cb12086275c,1390,6fe7f596a5f1786a2b50c3584ca33e67e0ba8120be637201600771740f9383e9,0,153
021a1ffad5b471ee807b22a0,965,6e96295bd4d08e03cf850858d352d4faeb25d04d32f8b71bb42c445eb7406b37,0,154
41d7f705ca7aba2684b91689,945,5d388fe0e44e95ddf86e204f3e9c67d17d9c9092caa1f28a2ffdecbc24856204,0,155
aa2ec5f3cab5bad596088e9b,497,b493c3ca0fd0fd934ef934ad63121f39d7eb4378cf645b8fc6d0c77bad4f57f7,0,156
5afdc74637fb46611a7db6a9,764,18abdc30c6e070761159da2c065c94dec06255e7046da738678508061b077746,0,157
e35eabbab15cf9dac5a0f53e,1036,afb14966683e6beab6961f5315233a71ee861400da1de600f3868910efc378e0,0,158
009f2d76d9c28ac1b4af6242,20,dac40545de6a8410a32020f0f18e62c9bce12c3d0905467cafb7f0a42c53076b,0,159
a2800f5d57e0d858d1ff052f,275,6ba3e524bdafbec2087b095a54d786c5c46d2ee370ee6fa6477dd29d36942447,0,160
2b2f3b9854ffb6b12fe9392c,432,3e26db55aab7d008c1254b1b2f4b0e1622b6adefce231c20bb1e1f58d21dc209,0,161
7e7b4a06a37fba44fe993319,1306,80d6eeaaebf58a6604e2700ad4a0c278b83c8ce8c536bb84b6d9645ee99f4c0f,0,162
727f9c627efb3fbf8a71ecc9,444,d9497b660be06b1e92cf0a0cf94899938188414df8280956c17e857196e4aa8d,0,163
e3a887c0feddcb6262be64f8,956,25e759019a4d1b6686dec935ee591809fdcf86d22b45004e9041ed73e6af030d,0,164
dc9b21b0b6f1a5f70937a6da,579,fb84a7f6243a6b19f5e0c9c466d46250bd7b11543f1ed7ec01473fda135e43d6,0,165
c6b92d817d07e3a3b0085b8d,554,149cc6505a5acb72419da7866f0c3a60f226cb80e34e73671a05f4913a104122,0,166
04db6738201420171e8ee7e4,267,cafd2e6a93343c01c6e08c67968f9fef1ec7d3e9fe3330bd78454e4e21f014aa,0,167
76cf519f077921c8e92dd85b,1172,2462a390cf805237ae9e2da911f0e43e433bea0d30517b267dbc4719cfd61439,0,168
81dcf6c284ef1f61fdde0277,915,6dc1e10d9348ed0b2dfc2a4c89d13fc7f0007e09f8384c26f48e8d50cbc85c81,0,169
2429f2a37eaa14f873068d4c,30,d089fba0bd00356b1cb3e89ed7771b91a3cc290a5f581c67f2c387f3d66b30d2,0,170
472e0be47d9c1352d5ea9f0b,17,f5379f5c958c332f2a80ab9a98c075b82d5b0317bb282041a5870db18365e016,0,171
a85f070c14e0ab7482ac37cb,984,423697fff48bc86b927354d4b0ce03d9fe47b851d5113ca5720a2170d548637a,0,172
680877f7e2f02a76d10626af,783,e6f0e56e16f9433e54ce8a6779fa66d43ac324ae1db36aba1fda8cb82e89f612,0,173
3b03bc7da6f154b7066b976a,556,a460bd5cfed3c8f196ace4ec109e68ee92898f58e0feb4e89f999d6f85d182d0,0,174
642902055a779a34c23d2b48,873,c43ffd30faf6be2c00e7093d110fea0a0d335fd999e02c5892181f28a9928a94,0,175
da647db4493969a217415c56,930,ce53a3cfb7b8503dcb6f5ae7693cb9742fb93ccd796c6aa0fbd96e67ed05b202,0,176
8ee6e08676d107e3fa5c235c,1350,1e3edf12a08160626119b89f8cbc4fdd534812de40adc1f3056fa3a6df49d246,0,177
c2277eb8b690b34f291fcf15,1024,f18ac3141b31df765a7093ac7415274a35525f923fdf96d7f3a7ed0cf329170d,0,178
304a649a36c6fbd697e02b48,397,6fdb64d2534bcb5cc970e6c089143d52375569b7addefc0b1890e3b61cdb653b,0,179
b1028a9328b6c5ff1d05a5d4,894,9a18ff8d5b87f63221c25a782ce50773406a73865577b3983f6619d3b0332968,0,180
90057dabe64852bb53c48d25,355,278fd80317db54e7d4b3e0f261adb459dde50ac304dabb79e653492d9822f76e,0,181
6bfe290386ecbe7a3306eaba,1130,712ec4fd49d37dd34b0141b40f4cad772fd7ffe04b45bc3ab59a9df891e8d9b4,0,182
69b740b3d8cc6b0bd8739e20,406,2ed78d2d597fef55083def2ca928ef31bc750e01a83f9ca7021875aa53ff72df,0,183
a2bcbfb660a1d8a90098f855,622,cd35f7bd39a7a862f64e4342f8b4be6645501501b3f095de46b11f0f0bb7eb7e,0,184
9867e8f0f5e6329c6bca164d,223,d8a023770d55fb1e0308e94edd92eb91ce9f74478a48b35222942a43af0db821,0,185
4eec9a5ae0f4b75631b4ca1a,825,64c1204214746a421fa32617dfb559ca9ad0ac5bc0d9b903ff835c8817d1506e,0,186
dd9e5bc65a138bac1b191fb6,934,1e3d86bff0a015b9e877f4a7b8abf37df5eb7e893568a2a583b88ba84790c32d,0,187
80843f0292efc6c28faf891a,464,d81065f4bce84bd4c48f67acf8ffbc414d43db5989ec37c2b5f4e266f775c732,0,188
6bb0722709595593a6415d8b,1222,2fa82443a9e850a7cd082e1ad9f19c01b78692cf72aaecfd12a78a26dbce9744,0,189
a71ac94875139b5fc8b621c1,1155,5869af19163edec8d64b025f61de37763c4a06f34e3394e44c3d280d3e770c1d,0,190
89ccb8ca0a1b59273b80aca9,390,c2d633e3d81760346a67f473951f1fcf97d981593ac937d1cd0c6cfa14b1fd2d,0,191
e02a96a6551f9e26bc8b7cd6,9,aee589f6877b2aa5f5fa89c67c3d12ddb9b4fe55a3746dc3b657b0d4d0a41a8f,0,192
aff971145abca5e923a15d4d,661,8ff95b9900bf618775e898133aa6600e809a178a923a78284e846f831c800662,0,193
49dbb7770ea88477630054a3,889,1687da0316c4e7e7572f76ba0fcc291d041ed69f6e107a0e4a548a6449e63b51,0,194
3620607abc7c8c5f0bc352d6,937,b639d6ad3e964f837a454e3be6651087f0e45635b60b42dc143076efbbb31a0c,0,195
fdbf80b5be910e291041f431,1366,bf07f74511e2589d70e7fc8d434d55e0150095cad6b00c3f8cab1f793002dbf1,0,196
49a6d518c72db387ed44dfd3,137,8d890faba9ee2fe0ac63e67618a2d63d64cd297e587949f1ba76dd2573ef6ee4,0,197
013755459adaa098951d165e,1018,cefd5137ca48c519b46d555f7f2afa6bbe986dd0665ab667ca5c28b34760f847,0,198
7b01473a8bfe20d0b4fb637f,704,4f90164533c9f5741776f51559f5451f18549f0a2c4b69c00786b5aad08a5dfd,0,199
3f1b3f0985f12063a6eaf2a2,437,2343c8afce8796a08afb76b5431546ac905b98ec5f532b06fa16852e114f435e,0,200
bc962a946ea0136fc922be2e,500,57591e05d68446de5f7f80cf3cac3149373d267d59b9ffdedeb251e2b3915200,0,201
a16a5264d44261397c02e6e7,694,c7604eaed7de01a585dc5aa1365187699800e5326c52d41624af4c5952770ac4,0,202
c13f1f26b3a766bb5e6f5692,478,10b8c1af5cd9e419714f1074e49c2b08e9e81c5bc2eaa8a55aa0234fbcba7c30,0,203
ad16fc9f664f482be680cd42,4,f1eb39aef90410473ed7fbdd8562fe2e4348fe13d9e5d68e3fccd99456664148,0,204
9b1256c2722d47e3cba3ce66,569,90af0ae5abf60687bc24443be7fcb2441a60841b7399e33025a185b8f0d8fdf7,0,205
c33f38831cf8b83e792e675a,1267,089a3bd4b2851eb420469d3af9c5db98c2cde491f6499f1f530b0e51efd4244e,0,206
b68a42ef8dcfe4e3dba70ddd,336,db66c5cd724c6bf29064c42c2180aa7d79c00df285837f7a8f99f7256255fe09,0,207
92ca3ad6b569bc8ba6401482,1412,76f03aa0032dac70ad139594409b015b489d5a54bda5f7d6b8511a9311612031,0,208
8c854e81b117b471527e16d3,424,d79728be2c5c1362bf6274fbad6a7b6d12b61f126c1e12588415dbd027edecec,0,209
b2c8fa28e2212ee5f894d9e0,195,08924e185a2d6e3fa926f68f3c7b791e31d02c8d154c93a188fbcfb410fcfc8d,0,210
e4a2c8362cc8fe8df5eec7e0,398,0adbe9de43a5aaf3842a5d132ab48977c87bf5f11b8c55d33375997ddda1ba2a,0,211
2f934e9e0b3f6b4b23950225,1101,0817b13f3a720dbcff88f59740534a9b02d71346ccd5d161c7aa4dcd9a404abd,0,212
bc3ef9f80c65eb04bc02e7a8,423,4e81f78885c83a26eaec2736007e81b24adc467c5cb38bd5ada085429a31a255,0,213
0bfc70067c3ef89d39343303,160,180d9616be28be2419c3d3357f061a8dce030967f55b644c6e7a3d08dad645b0,0,214
645acb0cf374631e7b1b3eeb,430,352fdf7bcc45bb035e6e6d85914173b52baeaeb9a66cf2aa3e1d70697ee94e16,0,215
f0347c044bdae31f00768f3e,108,d6bd0d4303793fee84467759b69c4b4c74873a8c10f50f61b9c5d8c611e879d8,0,216
68dc53b03439849b375bc5c8,586,1c77633522cc4893f6c1266a4aa61c1030936ed421230aac5de5a29aeb864649,0,217
b56e39eed3110f409c885595,228,7bf70a17a3784671ffb8c00b7ae0f52b5db4b7b01d78664f34d66718ae7c2f8f,0,218
7d0e951949d9b980b3dbea4d,1005,00a73d3e4ab65aedeaed27ff39ad1c9cf2e2d5fd0b41201f6a28de9b739dfdf7,0,219
8713d84321f02b46027099d9,796,cf22f669af1b7a4a861f521728d0acd939f0bec3eeac7e3a11dcfaa160ec73eb,0,220
c8ddcb86435b9874c7639a16,1141,785d75058c5a7ce462db39d733e5d8d496b8797d4f9aadfc0f100ecc0c486ed9,0,221
1708103649897630cfc7cfa8,613,4b1f8a6a33061a44ff5d97d751750ddf037f81ff4b3b5585149ba05f9c066139,0,222
c6bc25c5f868eed8910e8fa1,1368,d54cedfca646baa353b4735b0312bd96ec4b9bed3d07345ecb96056431541a43,0,223
00b4d0212723e0f7934c3a54,43,ba84d8a426422ec60f6ca50edcc5082a481465556eaf6a780f468e645b7f8e27,0,224
72ab726c46d994e8bfb136d2,706,182f6accdc96a76760b2c1380dad37eb8a70e16bcb3b50e42021b8eb15c902a8,0,225
e10c889ec760092ff4cef593,1152,33b5cabd7d4e7f9bd423c8520893045581e0404a4f2ebd3e0e6d801e82e54e82,0,226
db4cfa1e9cec3d9eaa938207,1083,0d52fb21e7a127cb349a469b1ac193a3bc306445bd2f2a02f8079fb618383e6e,0,227
c0b9aab74aa9018d407cac48,577,6dd7205d82f42409f8afb03101b74075ff95bb1c9b684fc621dba30a003606b6,0,228
1bfa3fd6e989d09166fd0c6a,1132,5663bc975a5aeb62721433e3eb208012022dc89ef978bd2186f4853046937fb9,0,229
612bd4bb1e1fa630d80cf8b2,850,cbd1e172c0958fc5c013458d07572fd4d5ec1bbc2a769751665c3ef1a7e5e7c7,0,230
3928aaf471d0cde1bcf05a90,1286,44d37b3dd37bd97d3e4771a8a911ae9151dc814463c80daa5b73f32b12973642,0,231
21701f39cec6d9c8d87e0da1,1159,7327154de273cb645dc3098b7bade18670b8290505033216e29d85610193bfeb,0,232
f277fee59113d626d3b7c0b7,681,75be70ce6152f385b955a63e62ad4b92ef58b339f7fc96c0ceaa51b27eee8bcc,0,233
75ac8fdcf85011b88b0b9a8a,510,aa14f86c4e899544757bfab255e3360eb13641584a5cdedfe74693e11e050495,0,234
77aa18b42efc4c9fa05ff675,744,0ec19c1b9734f692ba47cc7bcbe1eb7747f30e49659217eb6336b5e4e400e5a1,0,235
381788ac5119f5759b6c447e,786,f7027d74e0dbf4e80aff85b38c3804d76220e0af1e35b0f1e3242f0267f00efa,0,236
9556f442da58428740a454c7,292,4b5715c8a172a697e07ea88c3a695f4d9365a56b067309bfe71b002753a58ca4,0,237
e3992f02707748f09957c40f,1183,eb398395f342dbe6a401cd60f4110cbd6f1accd52b190ca1613ab4322ac33fb3,0,238
f5a9e0f795cf1aa604ba8616,1040,39e0d8e38fc4088a4fd0c6864c651dfcd4c1058a1e0baefc17c0f8add220e3e7,0,239
95905b80ad5312d26212d79a,302,d49b4ebbca1123d8e8136089347153576dbaefe9da3365d9eb5c530b3db594bc,0,240
b1786611971775e8ac2cc35e,846,2fc55ca840169b566f921e125980b3610e9a33b92a33758215b15961e31f49c5,0,241
fcc833b13de2c0736026bc63,1099,ab2ed8cf01901cf1f143b14b91503088f7cbf12f391392a0cb2e6aa8aff03cb7,0,242
ab7180e49401c43411c261bd,1174,015189d140dca9edd169283fa741b3bdf8beb2574fe8c1d0faab77f39456198c,0,243
1d2a1fe41d2a3514356c4a74,276,bd0c5793f7c6268d0da44f4e28caaf5e885680e41a13065d2c4ab071213f0fd0,0,244
53568a1e5c2830061732ff75,85,040cae5a5c43a3b399bde6068ea2b3a17f721c6b2bd2b10d726b5aebd955f20d,0,245
f0a82e8a41f78a382bc194c1,1355,2adaf7459e21b5fbdbb660267d9f5ce49ce04be0802948565d05df1d40a92592,0,246
57bbc1b37f01d29ac24b0ddd,1048,a01f821c0909ecee34d8a9f6c840ba9d7d3e2376b45e9a95427243ab7127c9af,0,247
6da54721c9c2e3fb2b14fc39,776,a2153ec191ecf745b71bd9f7a57e81260f9e91ac10ae4601b0883a858018ebd0,0,248
7ab485b6c51892d1e31ba268,325,7023f0262365fea32f068c09b38d4cfe3c090f6fbeab80c161c55817c91fd5c7,0,249
0b8850dc05a79783381b9f70,527,6ee821d9bf721b8d52624f8c4070e0008c73e5d52105c3cda61a872610550a28,0,250
28a6768f9f580ea3bb1cb751,546,95bae34e00ca16542ea742a93fff002122e29eea20ba94b882ddc4054f18c5c2,0,251
4a450a819d1da3530ac6ad53,45,8e2983d162d0ae73c3bf59e9fff11b44611afcab54a1f086213af7bba4f77e83,0,252
a385058f5bede50491f89df9,473,f685b97ed1c21f2778b952342f143779deb741898814cbe02f15e51aa8ff47fe,0,253
045d66d4dea44f2b6af35147,761,16f68fa0048511b39d6b148383aa1620c909d3424eb5f14ede927d50d0ed381a,0,254
1f7d3b2bf65bec09dfb28331,1250,c33891375c5674b61e3fa02925e9956a6e101fbd44f4098be2005067af0228ac,0,255
d7434f9c20373dbe38f826d8,168,43e87f332dd7814f9a41c52652fa19156b90a6c8ae963cde12ac347f6d1d2f47,0,256
fa971e00dda2b3ab099c445b,1268,37d0db8d8973b0b554ab49c7b55804f327e03d64c33f4067f206cc63777dc718,0,257
5c98ef2da44371c4496266d5,1344,3a2a8096532c0ba892e8ec546ef2c08806f07483417fbdb7f0c74ab81e006df8,0,258
9a07a8c313f0ca8294f7cf24,906,e1c714867d059a40bdf51e0b2f56795f820f1b020e3fbd3926267cd041ed6d7a,0,259
25d731eb8dc1c639f84e452c,773,eda992f16758033d5d5d92d9af95275496f0a17988ddcd4dddd5d32b030e0cde,0,260
a432ea432022149b5a8637a8,938,318b02b461436ceabc3f1efed83f7ed549b3fed9ebd0616e44ce062d0311a008,0,261
8fa828c1875160c44570d6a4,416,82f4c798d4837e324982e1c0cbc1bc841c91cf1cebac5cc799bd36fa4a30ec3e,0,262
6654f25d95cd65eddef961b4,670,20f85562685b20a70dde3b08c6ba0944e633f9af77ec999d458537c590a91eb3,0,263
09e3428e5c8b3bc03ceb3bbc,1291,4077754bbbe12251f0793a08ecfd8660390a5fc3b56298d93ca8ea8956f7efe7,0,264
33eba94ceecadc02789da697,1206,a6c3f4d2ac47a3b7de01e1627b950e1f4977b447b9e9c982bb098fb826a38174,0,265
07fa3c45146437411efd7104,1331,845bd377bc7cb1be28f52930c02efc207a544f7f52ab06ad2a5287b9d9cd3497,0,266
922692eaeba120b97c512408,660,71c14cae1138fa54574418c5f1140482ad31e9d3740a39bcc84ca2efc3aa6c40,0,267
e65adf13513ff8b769bfd2e3,1016,4a2f56917e27c23ab5d057a5fbbde5dad1800ad00a357d72f4b03618bbcf5f47,0,268
a1979f2db62c4ce42c4f8fea,293,f167dc6ae49a9a136e2523aa46e1df6325d06683784baafdb12b38485dd46fb0,0,269
0c9e271518ecf5d779f599ae,1156,2a75c7c67929401979fdd75aeb5bf88f25103eebe7bb81c318926b6902bff623,0,270
b52a4123edecebf75cc633df,1309,0cd7fff789206bad3b807d0054648bce4c33556b3f982cc4081f5c300ae0eaa5,0,271
2293468897ab9a059b7d820c,521,e8d3f88c7be86552f199a15feed2c9acb6703c3b29fbe79a4dec4b978062d083,0,272
4765f2bf06c4b5c4c948b753,359,d9a46a9552418e9eef95471afa8c4ba1cd0f99f035c307ba0f217eb89586254c,0,273
aedbea32b23d00a98a9ead99,352,48611fc6268e5ac54172e43a985267e696ebd90a58d443b0ece52be3f5a93b13,0,274
823dbb3d95258a9e536ca109,719,659352b606f54b970296fee68a4bab4841f50f0608b3d904ea84cc67e333d991,0,275
b866c93cf37d9baf9e7b75db,1032,f40b58c5eaab4aca6d1f22a17b871b167b1f3ae71b79e65da6caaa79f649586c,0,276
a29426b6f7f0386ea051d7e7,1191,7abce14c7bdcae36ba66127d4f988d236d25fe9d36cd41174ef6b8e07ed87cd9,0,277
82ed764bf82ca533fb9e74ae,21,d3b2d77413353ffffd092a4cdc68eea41c6f8300051e49158587acd36e6fbbea,0,278
bdc96b603399a5c6aef0904f,1198,5bb95aca8c0ffa2b754b5bd40114804eb7b67e61a0598c61030bf6e377aa1006,0,279
7248c813383ade24d5fe4492,498,d1077748d236b1b96f50e30393034c0a6298e9d2c281044e93e02fa554e575c3,0,280
06f3d359af5cfc289a7a7aed,41,35b0ec5b6f4cca8c61735b28d04d9f3ace398d3787d706174487b9507a8287e2,0,281
eacfdfbe46574521f1d81284,1269,a8b407b476fcdd109d32b967a559aaf84f4c8781bec8c62d3cac4d6ef02036e8,0,282
a1ba07fe0fdec80977bab09b,147,84fc662669196d7b1aa339d1003e8752f81a5123c79a04765a097503b51c43e4,0,283
eba5bf96c6606cc8aac95e9e,281,04b81a2935cd9d21e6223d6b547da31fd60eb06cabb730d0451270ec97315ae4,0,284
2384ef58d36a3bd887889990,377,861722c7272ea1f79dfa4f2d0f73a491b09bfaa54835f446f40a3dd4edeea671,0,285
74994c2621961fdfcd57d920,608,638b13c72e55bc703f4d10d22730d44b5fda1b2f3f064e762ac2409c3e7c1bd9,0,286
eebde32101bc7eaf892f2ef4,247,d5c4b74ffa9cfec2ae03afc946084f2aa1a5f1af6213e3ce032c7cef6e07710f,0,287
66e374b14242470e9b9900cb,1299,a423e94e1bf0af9a4966eb6f615d639bd1ab026f9c3227ca72149941aff60a4a,0,288
5cbc2d7c180ff7050c7805a8,425,50d4ae7fe81c0a9d6896f8263140d26b75e903a44766b4427eb5e2355d7429ad,0,289
1b68d8526c1371f2e850ad40,1158,31755a501f0bbd7672234ba3b1bd91f738c58b683c95a8536758e131264e15fd,0,290
aa8725250dddb97df8396ae1,931,432d2656777e9fba13bcceed40cff2acf4d3c4a596b0c6ea936baaa6a4924f01,0,291
a8dfe8d7711b0de2199aaef7,1247,92456cb449bd6e8b1543d76159f9a4bb3cd1ba4d54be48ae872dafe5e7b73ae7,0,292
06f169f50d19ccec459db86e,1282,08f81b775a5858b3352704aa068b27cf1d26ad4d8e5bdac82d4cd852b8eaee90,0,293
29a075981b9e84170bc7fe0a,150,c752eecb2d862dee650ab41a91d5da2fad53bba6f70f5899a489c65123b10530,0,294
b76bf4cc276e4793bc2b3e7d,458,3ba08c6227ffde9da49cfa08d359c9b6d1e7fbc888a07ead471537d7662b549e,0,295
45af6fd2181676858988c290,749,69f112c40ae8efb5261ef76a39f9ecc79c7eeea5aa003663f57437f4961f55bc,0,296
c0ea15987041e545d67a5353,392,bab75cdbe2e30e874045eef2f342a3a87334a8c2b49a73fc2101d80db54f6611,0,297
da4cdc51845ac87077fb6eb0,800,494e106413175fc1beb199fb69838123ed61f298c0ad897d19c80cd911a6b916,0,298
035027520bf3a9f237503c18,428,2c8588f3b0a2f9be0fbbaa83f2c0e2633959b653c6f35fcecbbfce395c5e8b70,0,299
bd73601bb76a932d65411f92,584,2746d93b033ce2a798d628a467b990693362aa6b52427da3f885f022b73f522c,0,300
c017f2719923a1cc59e3f13c,550,95a11f2cd0c8923fe5cacee90d1984edf9f715cc1e3429d36f0831625c43bde5,0,301
f1266c577d5e2fa045c4c175,835,62cd4829258fc931dc08f610459c35a3cba1a1a050fce69027342d8162a6c18c,0,302
708ca1b4579ac1e571402f05,981,b7ca442ed0b052e4aef7a28c50a235ba0f273150b25d11f8058cfde3356a5f6b,0,303
55f0d4b9f244474aab7c54e8,378,f191aa55f38c235b33920aff0453061783ea1ab47e96ba59eeddc6ff5b8995cb,0,304
8b00a91ba4852ff191418169,566,a4dfb75eec4ae8c0e22b3d93c5cab05a0e6fd32b8a70d8e1b419f0fc65721c44,0,305
483b5263a84efd2015988064,453,8970b8bcd3dc12e21b0af4e1207dd7bc8c858192f9ebf79fbbba2d5645ae07d3,0,306
8d220d504e4317a31f6d081b,311,9626552b34e7ab645e2a06899be8c18c12c9f00eef4315f0cf20723e4386bb8a,0,307
3569e72d8c0ad13effb52894,983,f247e6219cd06d6f22882088aa83da499a7538233853ac76cf2d0e7723e0939b,0,308
03d265b8a17c89d1343d0a82,284,4df6ef908e42acd67c0125b3591b928ec701baafb1703e3b33da4fdc5fcbe030,0,309
103dc546547e06c5239194de,696,31ec0e49019232fa0cbdd8c0416f0e501824927df7a5ae67d6e33b044b81f717,0,310
085ac76c362e5498edc040ef,34,34797b8180877404902bb52f1d2a7bca010ea7fe7477b822a864175364a0230a,0,311
5d1613a7d2af3e39f30a1ef2,715,2871704d4af4401f2c60cb7d2342844128cba3f2c70a5172ce69c1ee920db9ab,0,312
605a49aefcc437e5aeac533d,651,22f35c859a1127d1b1b0cd74a7785178eebd0d692ab6f17b90ba5d56e5d3d306,0,313
5763d0634eeff794cf614702,1067,56bacfcbfaac6e592aa6ed11bf19bdbfe664fa6eecbb5ff400d5e724b89c6930,0,314
3cfe10ee2a5d1d895140cd54,710,c0494f124153273dc280cd65812ed082e2aaaccb88e953239fbd32ed78a789b8,0,315
102333fdc12b8172430492a4,19,ed79aa148d1b79409352495e201588060e6388c4be34c0f9b3ca04266e3031fb,0,316
ed66c71caaaac9accf7d0696,1043,45b6a17d50e6f5d8112b7f5c30bee9ed073fb5dd1d2bdf0d2257fbd17ab3377f,0,317
0bab8196e2f46065bc817dcb,375,85f9dc89c60d09b1029c920359d0a627dd9119fb19352e93397b0914d22781d7,0,318
0f337106b9ee82353a515c44,522,38b666f8dc137d496eaee48c78fbb9c251d0e2595faea2bca5d49b495bbcd13d,0,319
4f05c6787ba4ccac3beb64f6,1274,702f370af09d5f411c164dca5bcecb02e1809c9a6246653b157d2b2a71ef4cf4,0,320
a3b44ff12d6fd104a61e5f23,771,bb1c6e83af32db766ad91acf44e8d13df2a98253d8760ac3ee5689dddcf49a17,0,321
007447d5634c77ea86ddc3f8,119,eb9e017b3a4918a6af39019d8020cbb18fc01966ce8b27569f4f7fb6b91664fb,0,322
d7b2e9fbf378d65d32d56e49,200,92179f717659a097b9d935f95140fc95174371d3071ef23b596d371ef3a90773,0,323
9ff0a366c25e8a8548c0bebb,455,52f3594f434127ebc4db2cc4bbfe1003b724c803e927c6993e8db684b3ad3be2,0,324
37746098cc555fe6613d0d11,128,26ca2d8b51061fcaede342602f2476bece2121159d909e3a68a360c9ff0aedcb,0,325
a987c804811b7aee9c0226b8,407,a0e49fd6b4541d42a57b333bbaaffce0f712e4cfbc7e760fe233c64bcc6f86a1,0,326
8db0905b35204cc6f52b3914,127,7a99f885f08a8ed586995056e158c6ad19f4eb6373d9e1648efa1918ac6edaae,0,327
e523f9271688352aaf705c29,222,12daf0e356ce4e749439b3634d28e51372f92d694e29116c38379ae234ac6ce0,0,328
1d48d40883fc06698edc4220,1223,74bae0e2b4a3fadc3e488e6910ff57339c76b02167043a50f9a146257187892f,0,329
99d116af9a0b97764361bffd,246,bd39eba9361b89fa0a3a9c985362670e9c865aa1c9bfac337e40f9b31984a898,0,330
73c7abce64da2676b5860904,1382,3b739c0fcf26b67b17890005b86051cbdb21e383d1fe6a73b01c5d5cc38bb5b0,0,331
968558a1c51b493ac9f07a17,910,7427e126970266fbbd5a9243d873409a989f8f959b469b882a6198fa0e5a90de,0,332
71ccbbc561a19d8cf2af31d6,383,c326dfe82010f996d04d420b818a007b03d2cc6d71a697364cb041516b16560a,0,333
ca6a50cc873e935f4101b130,141,944ef2a96cab8ee6d9411d5195c72f7ae1f3f1f39d10134d115cdd9449ecb7b3,0,334
405d5d946028d180c6bd3dd9,632,bbd16ef22d486d077988ff5be6f5999fc2c23c67466c1fb9ff9889cd645c534d,0,335
c6cf56b71aea2a4da4b8493e,47,9f8699acabd9564e5ce1411c441de4976ec9d5ac21ffddf474d20df740d94c75,0,336
fd0bc921bb395551381b461b,747,171e5d9875f09be8e4e912a8050be5b278522fb21a6234cc54f99096f1d4e096,0,337
e8ef0a854a04d0c8008f1cb0,339,f9bb9ec7852fe28c37d2161fa2ccfdcb955daef9832d3bf74391e6a622ea2b66,0,338
850e8aabf6d5065ca27ca665,594,bd7a841306863a3cad41e3c8f2bbee6ab99e5033cdcca56c93e29dcfe1a9abfe,0,339
46f416a6ffb0199d2e53acbd,979,8c39d9b4e472cc18110ecde41a5ef251d769ec78beb4142be8a60be6ba91b233,0,340
6230fbfc4cf0407ac7ee5e85,354,60269e69ce8c699a2ea7c7a5326dd5fb3eba2af1ffa10e084b293db372366796,0,341
46932969d908b9bf776a0dc3,730,c0c011df60c3f42bb82bbd6e5e8e6329eb7e81327877c71495f48004d6c82644,0,342
68d18c2718c6295a92a7f7c3,373,287746cdbbd2ba65f3b6246ff7dcf2a6ee8e2f0654c96ff283d2a9924c791080,0,343
92c4ad3be6dba5b630fe4d7d,772,551641ee1b9b0c984b9257516185646f8848f0a7a774b3a1a39e1f67a1441d16,0,344
a0fb3679a3ff8e894ef24c41,1246,2d774f49f00f0255a1a23203e1128cdd0845097114942223ba03b586d40ba019,0,345
2567d25c5844c11edc841d8c,39,58a7d9a7d854877f16d9801aebcc46a50f722fff103f830ae471880e176e98fd,0,346
5338537c56fa451f7dac9364,51,e4b9264b21cf8349e26a87009e2efc7ef46d54e956f2e3d623b5464a6415877d,0,347
58abd2cf97608805f9f189cf,1055,0e479d307bca89dd52a89c72be29b0c901a66aaff2a4803542b8bbe6df0bd8e8,0,348
e0f18e52ce6231d133d166ea,838,37c8e171f4997a746394ba3af0c0f9c010361688f8c1f849d1b0a641a62571d0,0,349
2f8affad7150d660aa89c39e,132,0ecf72058e26ed681c480551d2ff4720804b5c5dfe3f8144db5697cee48d11c1,0,350
e00b1421b97c617a67b9a0b2,623,9342babc8bdf6e9b576c1c515e13b2ae18d9e9a472152072ef8b5135b445a5e8,0,351
0fc9d31665d73b7acba73e5b,138,87268351c1f1a8ee7c65fcf6be2c6dc03a0aabda2a5efbb438c55f3acb0ea21b,0,352
acb47d86992916a7f7e32777,322,ec13f1cc0509b716e2d967df88dd3ea8d43cb9feb9aa66db80ed85552b0b172e,0,353
63898b3b181db9f42004aa9d,321,82dd5b8936e862a23a0615b39c5c6dca8a0fdfff85f64b63e0e6c50d173f0a76,0,354
339e8fffdf238822be62d399,1399,1813a2f58c3aa10779e9e56cb6d4df70ccf34d42c41fa2f3e703da84b8203b88,0,355
d575d92e764a3d6f6c15d38b,982,6b41f7f719b748210d827e525b1e54d48f4790fb52e36cd94bd6aafd4a565c09,0,356
e5d04a68d1a0de853f5bdfdf,252,e6adf6bf749505c5391ca7fb2c19837defd66a7d0d13b6ce1668a06b29b08abb,0,357
c643275b5aea995a82beb0b9,224,51e2c39100e6837b53e6b7e1304d8970167662e0cd7fd174b0ab2af6298506c1,0,358
dfdae756d173253001926055,1380,6ab51fcde0a18dcef93370eadd261a0ecc57c37bf19c53b21076ba686427f61e,0,359
1ad0f3494c1ca7d9aa2bb1e8,502,22c3cc704214adf55b17af4d4864ec67b7b93f19d083f59fbcdefa68a71f1bd9,0,360
32d6d93cd9e57e599ce94c84,1261,4eca1d90f3e671f87f53c27692be3d30cb3a68bbaa47b39af487a4f5ac6374bf,0,361
ca5487eaa6fa86526dd55dde,1207,04b0fd4fab4dbdae5a9d109ce67f9384fb85385eebcc5c3b1c4a6fd9e129dd09,0,362
f9315198af1345d97bbe44fb,1318,46c8e2835a8d9d7ba61afcd911a9998f2b1ff537f0372f420c05dd68763a44d6,0,363
3dbd48dff9dc170fd4a49632,167,5823cb6ea30f69ab4c5f3e524d288e4ab858f6346cd1e0e8c715d9c5acb504da,0,364
c248d2eb9e76866ff707328c,265,7e67c6a7ab8fc63f63e77a452b4e4844994fd2484ea1a85af2951c50de6cb56d,0,365
1b8ddacae4e2e8e1de2e146d,537,96a8e656f55143d5ffeae8a76a15c8e31f8245ed6412f8b62b6addd484022d32,0,366
c91cc583fdd203c6410693db,861,0804cd49d8c37fc3ee3fde6002607981eae9eadab5ba5c404b83ded5a8536877,0,367
c0ddaf4b9377dbb0ea1713eb,220,e4c1a0cc434c4c22c02c1c8b1e32c181c88b88be3f8a6b4fc03882f0e1f37d0f,0,368
3da5a0566a52a151bcfa35c2,395,d75ed49e7bca1255037b849f9e366d6949efc964788c86980c82a03694724fac,0,369
16265289b25dd7e9757b5955,156,8ad6ddbc20e8983322e7d04098701647f61f8c59fe673de82d21884cbb8b7ad6,0,370
7073fd49f7c48280cac7b9c4,8,63d09b804462a8cc2b498cb07cb5fb6670135710148960d47601bce757b534e2,0,371
6622580d786cde63b44b958d,268,54481f9e4de7aa0d8e896ea251219818e29eb5cd742ad3d989272060e089e9e4,0,372
926979f9d1eff9e114a84736,1242,0e3df7900088ebc901285a03618db245e1f3fbbb695ae48d0ac31591fd55647f,0,373
f6dfe4eda3d81f7adabead4d,738,3db1f5950df7c718244513b4892c30f8a82cb206e3e65966f11efa5811e80cc2,0,374
4dae61f1560d4ad70e6a90dd,997,ad4583f4e401ef08d89e6bee6ab8ab9e93b2d4b414f3f39fbfdaa358f07bf524,0,375
bfdcd2fb0b9ddd0af33e5219,262,47880b01f6ea53984727d2d3dd884bc8c22b4d01646f19366df64cbfabd64a8b,0,376
775faa42476b2c4f1980d78d,514,0943e1988e00d5c10cb781404d90bbb9142d4161752dc336f6d039dd6c630b7d,0,377
9fa9ac25ab6dbd0872da2fa1,722,1483024b69acea7bbb4c040752e9ae180f71481f365c768bcc0161c02185bff7,0,378
d777e7995caa75d90b8dd9de,686,eba1607548e3a43c09eac45a69e82087bce68f6f133a924d06e3a40ccc29d80b,0,379
ac696bee605a85e3b1fdc4f9,1146,70f3396a62926888377308c5a3f57aa19e07fa95f6608ea71940cfa88b4b835c,0,380
e42c420af8808c87316cb9e5,1234,d599490e5cbddbf8d8ba152947a9295bce4e01257b463b26273e61eac0bcfb0b,0,381
51d68f1483a247d2658cd9b6,780,24889d18f55027033d5861bb576989a234c5c1d8919ce4972a0da106e20205c6,0,382
ca9262a27c2ad31061a9c9eb,643,aca39a065f5d6708e277acb1615de58e7e279292e137ee54a2bcb1ee21607e66,0,383
2df30e1b0fe77a4e6489df1f,553,2ae2b8de866aff7321863b65b36c0ebafc388fbf3719378e72422ca26a6c887c,0,384
046365545fa4af1ee62eae5e,248,3280105a5f59f158000ab316c5317d7ac6853b6b32f62676ebc37e56a031230e,0,385
fafdd2f614eb15046eff6068,1328,e236a75efe5b13581bedb9918293a918e38527b67e0697fe74c435b8ff7cdbe1,0,386
88dfd8d342f6128b4410995c,854,e853e2519acd9e6482d2cecdc171515be100c87119d5da64a569709e320282df,0,387
7c6f3c933ece3f9afb0f6a1b,885,2827035f24f3434cd27d4d717ea84964eafe624bc886dc18782467860a8be942,0,388
dc1c392aa3da21c498a543ad,329,b6e41a6d06c57e3c53f5d6b73acde0a5bc5909d5ee26a9ee9ede4fcca242c92e,0,389
774e7869a9d781f3402f6a93,328,7f556bcbec704bc86da1c44515f6c732ff040d69aa7cc3eb252fb48874fef26f,0,390
8b9a4d9e73090bd5edf2988e,203,59c2bf29fdc2f6c19b993edfe44037f84e402813b8b12ba58b833536bbbd927a,0,391
c2044f5ba163554df528e10f,1201,fa5df470f5ff40d2bdd38a3867e5d1883ef3504fe1e8491c2ad8141549e70da3,0,392
27d7a69ae71faff7c10c4a15,205,0730787320504cb7d9b9d0324a3d8381e4781aa54f8a40e4fd5cf90dbbf44550,0,393
eff9ed9fe513f6fdb73a9fca,1167,23c539e757fcb1a03fbb05e1fc9006da34938331ab59a077bfc28b7da313f4b6,0,394
21be6f5d06a2741806c18ff8,988,06b0ed558f8e78e5da5cdf33fbaa8df4c1dd735ab7d0f618a268d158a8426932,0,395
4c54e7cbb66ad776cb2f4bd2,54,2af8fc19279eda73ea86ec8c55c8ee2366468617ae3b03d818ba9c05291b6932,0,396
79969dcbbd1b5e7b51e8bffc,95,5401ebf11a5a75c3316ec7633fd620fd2eedada6b71d7021b163a9c27ef16756,0,397
8505041140cbe7419c947e0a,1301,257a54c3f97da9d9f8cc05a5796c849c1816be67052bdde331dfa28866bfb047,0,398
b646ad4d68a7ac66457ac999,384,8f1a640459fef8a66091914b727eceba444cf58a530fdfcd395e9108aeb85c91,0,399
6bd1bd26c0e88fcca10bc454,1041,eb65bc679e33c15ed2e89ca4404addbd983da1355e1c3c5b779482c336cee763,0,400
d4a79941c3475e78f681364e,77,b7d7c53674173e39c3413e0b1b6ec3fe7efa30ab16658b424682076414e4e388,0,401
fb3568e47ef320c08f73139c,446,072d7766fbcc2889528ddebf8c8f27c811e7191e9c4effbf99a57ab93adef67b,0,402
17a1336517f1062f3939cae6,768,cc846d8485c6b7093d94c81130111f2a9de1b754bd25e40372cea75303be971b,0,403
1504d376750b539b4bf0eab7,1376,6bdebbf2753aff0806686498eca30a1711af4947793e459839892fd3b3bbaac7,0,404
7d4ac140873482515d8c62f8,1192,78d4b1101ab04cda44d0c3022705dfdfe5d6400ad07dd4e860ba096d1306c4ad,0,405
ac523c46030ed38e7152eba7,1372,6257d07da59a7ee38ed59f6b34e355ac47fcb1ca0aafea8d33de95cf7be1e619,0,406
c561af8dc8a92ef2ddb0f39a,90,8c4d33a4256709aa3c830b337159670e44d12bc0a4c089d91f6063e23c7a4ac7,0,407
aea4b951dfa9145fc14b606f,617,3bdd674ff665915848105fa21139da1875b4f30749750c58d3d2c221ca24dcff,0,408
0f05730897f82e2f54468b1a,1255,e26b6892dc5e8443bea8b478fb62b67d3364681e41fccf42b21959847363a451,0,409
41edac076049339b836e8695,565,c55f88bdcc89505596d1c77341c30dba4c966935d3bf186d9974d868648bfb70,0,410
6c75b851b343a58811f57e08,434,e5a2b35a8e791a98a19a34c10e3f09fbe01bffae64c33411538dc23071f3c130,0,411
0e9c7c54ed3fe5259248ac30,866,f9a8ea9f7d8d03cd5f1ebb715057bd244fb1fa743f06342cfe6eb80b581784e8,0,412
20a7173bf75d25677fddcef0,121,86f5cd9d928f568a3aee883ec6ce53f0991408c52d5dbaec03a326dd7da3ce82,0,413
34f1e51c362751e05f61d486,1200,15e0bcf84401a525caf1b8a5ee9efed16e3d030f3174df129f11394b1af4ce3a,0,414
e04052584ed66be875feb275,1407,28733aa886757dfba15b1f62eaf40ed667e77a1cf7d386972835c09ca8fecd21,0,415
20250291ef06539ad9652814,1179,8283d33d3fa106a05ce8e7d9917f82e0fcd3f454005e277a2da4be2b88c33121,0,416
ac22193f52c6a4a5cb8243f1,654,46eb39ff63d0d6fdfa15f1eab1f88f1aef293bce2453e5fe7a32591ad0db8def,0,417
76caaeabb134723c8b551a51,140,d603060c9aad62d406740e6e4ac9d32da166e2697e3300e65070b1954653901f,0,418
1281f5cefb7e3123b1ac2e8e,914,101a6fa49f2b09b90f50a817518703c8eb41b9794f30f7f52aca8460adb985ff,0,419
5da2411ec5addf0b55cd094d,241,575a06979b5ddb11eace000a41e34b809e864a8114f4eec6712719e5a9571eab,0,420
bedbc72e3463783907eeb430,501,86567fbbbdb6ddb5d87fdbccbbbedda00baaba4368b93e9f7d712afa99d8519b,0,421
9b3602c16b839103a36a51be,221,a17f0138d5d794aebdbd4a75dfdfb44a48a240d584a6a82c6ab216fe806f4f41,0,422
9a1cb32c9b60975c415de7ce,958,01aae6d8d62b04cb63e13a99ae5d7eaeffb2978bdb1d1df18395ba670e2b6b53,0,423
9f963e43c184f127f727ac9b,1140,3a9242314b392d13af16f01755b01d10b30559cc696953017f901688229b33ff,0,424
eb2d8a09e9b85b879afa1670,260,c5934fe262137f68f6a94bc06ec6f8faaafd3600291465bc5bc480f63b73c93c,0,425
895df6a224464157ad9cae29,214,781b8a2b632ec286920992e3f46931c2395a8787f6529b0555a4c789d664cd35,0,426
4095157821d4991ef3b0caaf,863,f876d9a76c3aabc4e6761c7e4c849a8341ba51466db1201cc32be8eb428ebdad,0,427
340914c1843d7ffc7c2b16c2,2,4b1742887667d84bce8fd1a0ca4001523a7a31479cae862c1e09ffb91b6c7463,0,428
454c9e8564017b972a9f961d,712,326da7d3ce4682d1525837d586504498f6621aea874a8566fbb20da2172bf9ef,0,429
d530c53abe1262c426274944,32,4fe4cb60f5eb64cb7101480894024e9c4506d426716a7a2cb3c3c33ee6383b94,0,430
2f0057e46a8179ae10c79b9d,533,ad5d7155bda1313f8672da3f03e821a8b017d59bd7dddb1f145b59744dd92a3a,0,431
719f51258b57671b42b5a9ac,280,80ca87977d1b9a618ec60a41a14d94c3c6f0711fde08156ff8e8b687af63966d,0,432
df4a9bc350ca3dc4038a0a64,840,f37803eb59434b4223c66f45e554082bdeee06fdfe5ce487573580bb849faa9e,0,433
f6dbb8ba7d476a89ce4f34ae,789,aac29fe9df96b76a616a6b86d514732db4b62c2c1296352b56e30fb3051ccbd6,0,434
4ec23a871ae2a96ff6ffe8df,657,f8e5f91f2963db34885ba2981c3d9a60859ea5461cfcfbc2811363afa07cea58,0,435
cc80e737e4320e7c7ed10464,1031,45ddabce6df5972df3791e0aae9b0e79f0761bdef1cc0176409847f572b4cab9,0,436
d2518c38cc20eaeec9fc7bea,1028,53d8ada22d31f12a9ada89730e3de5b5d66aff044014453aff5733fc34bc96cf,0,437
722dff7608eea2d4886b6d1d,902,191980608ce18f6e54d2692411d6daad92823e0dde7da3e01c1bea4aa1b13a32,0,438
6fa40c162c9c14011cfaf8fb,164,aa383d45df2639455c38d92209a84f0927bcf5fa789f9c3cc772e39fea490d72,0,439
be3a680922b0c8eea5da5e3b,256,abda3ab85b0744befd49a7d72781565e972e62382a5de36edb966aba5ac0cd6a,0,440
34ec3d83c6d20d481ed8c99a,1072,c3967e154b5035ee5d1a809fb0fd1ef904a7279126f38657ccbd758540020782,0,441
aed3785cae586b3d22671d46,36,707bd66159be37025b55d3837e4d4349f7a69df926aef68f9b93e6599f2fbf07,0,442
5b52e2a61dea3150622b958c,483,4455743b0658af0285db659cfeb7ed4540e721412dbe6a2643144b9441b87c63,0,443
b1554ea0a4857b9ea8204d3e,576,5634a61fa5fc9ab17a0d39f8d8a922595c8e2834a0aadb0396f2673c3da4e3cc,0,444
198ea4342b04e758e357131c,277,b7f8b982768447b84c605cfb8141aca05e8af75304faa1a1568cb31cba867421,0,445
1d658d7d53d0b86a6f71c80d,366,3cd487f8cfae35bc754ed3e807def31b331a4af18dfffe5b2e5fb98e339bfbcc,0,446
ccef47ac2a64d1f85ac7a4e2,1162,55934b0e4a9121c163acab2bb18f1c07d0d6ff20328d014c80eac19cfcc187b1,0,447
bc3abf0075d78d7362e7157f,419,9ff9053d7cc54af9c1102b89d15beeb5aa9c55747c708636ab7b491f576aa239,0,448
3210aeafb152866a1a9014a6,1199,62baf21b260b1c96573a88f204ad4ba7c38aa6acc8573da6182d47582aa9d208,0,449
ddff95ddc1f49a217910a089,1277,947ce9d283ec443afbf19b691b98c2226fdd2a544e00f71e602b1b3d95fa8c60,0,450
37bfed1fe293e03e62aa7202,75,7dd0ff8696efa24fa262a10f9ba00e477ace5965a0593d2adefbda4386243dab,0,451
69d8f00af834fe73eddb742a,227,35615533c0224a7a97491d48565eb253935aa86ba09fa85f8c87a25ec90d33b9,0,452
51794aeb18c395a04204a065,1054,9d343b88a940ea570abb94213da63508758ea3aff7933926cd92f7c0c37efe2f,0,453
43c6f9300e525c1e7b487de6,901,09a1a9c92bbbaec1c44b2e91bfe95a8c0a47999cfd337f4a5b313fb3ade790d0,0,454
0f89cc1aeb7d657e873f93cf,1133,058adf17b6614246e7a51af34a501c60170dda791ea024e798b275b8ab226fd7,0,455
34041a860eb7928db8b73ae9,714,93334540447583eaf9762b415d5a2f5c49558bf7bd08c343780e2d9a2dd162da,0,456
08baf5a22216fb1c47afdca0,1354,f65a5ba5c53f651b6cb6ce7ce7cb80e48daed98469d61e2247f71b2a3ef489cb,0,457
6d3b2d7e6a413994a1a7919b,78,6adf92dc6728850f1d0915fe48a6b2c466bcd9dab9ff161c5c5450cb800e86fe,0,458
bf2e9bab4af1955347446246,422,42a9ef9b9e634ecfc58b8fc2bf10be78e36e152ab1303bab403adddf4f0d7f46,0,459
1419bd2cd0481b3a2952d5ef,306,ee8c6055fafb25d068506ea72c1fca2f830dd246ede12923dd0681971d8e4ad3,0,460
4d6b5eb993f1b314f38d78b5,1143,54ff06583aa0c1e8dce9e15541578e7094b97832550757f321d0eb904493b189,0,461
ead1f79362abf1804a0dbd1d,879,963fa70c1c4533111121e2ec05988e1293182e1bf86a492dd5d6a92db1f16be6,0,462
4686bbb7ed8017a60300c47f,257,0259c7a819dbe11237b61c1a5e1e2c73ca2e2062861b466537a108bf8f079f40,0,463
1e0111d8bef8319cdaaa26e3,806,678e06e8a9ecbed483e5b7e1a14a951d605cd9d237f6263618fa5cbd31feb3f2,0,464
c749f82c338b77e4591022ef,3,15e9f8e8b0e1d45be0829050f402b5267efcd75faa2c587a30be7645215e5391,0,465
81e4188b6014ef0018e242e6,847,2d220edd2009c8b9699f71ccb579b9ab1e98897a02220933fc52afaee3199a6f,0,466
809f2e2a40f74d3a3a208357,909,4dff479e001b414702e7349c55733b588ce1d914d566ff07062312af745ff353,0,467
8709f6a1ea1c07acc5fc98df,10,2f64f81ce670d36cfc33f5875d69266088b98d5ab93f8d42255e97569fc08150,0,468
ff1f40828bad0d7843a23715,400,8e4407a74e69b95915f0ef19f8b48883b703a45578e5a269116f59aa681eeadc,0,469
8fda457097d4c9d5d0ff5574,549,b0250792a8b3845fa35c67af7744c01e5916437de681fe33dc5a2ddb8949a63e,0,470
f5e42cbee893f50d6a38cff5,1176,b101e2687f24f78d2e16bbb0184f0d34eceda4e0603f482f4337d73c33601613,0,471
26193e43e04df2eb75e5132e,1163,a695b84da707f67f2fe210a9b5fd28866b6f9aeeecfd47d5a8dd101f03217fd3,0,472
62174142ea77723ebcd1ebff,944,0ec6601fbdcff38f2a16b0936ae626f16dad497b72d3b1b97e10545e05aafaa0,0,473
5d0f2debceca903922e52186,1000,d490f8f25807285714f0af1a0af02cea5e6d689657a24ec076b301b5f4e6ea45,0,474
346b11135b7ecdc1a36f22f7,536,827c3864096be40313e3028248e9213db32407464cde4dbb5224b7d4347e8d64,0,475
cc607eced002f7699d2d1c0b,387,3b796cecd491b19aef37903575160746c8be2f7c2dab1daa562b4d112f70b648,0,476
060376e403b914fba8dc3cc9,852,485a8db283c1c13ff013d5888f20a529aed56fdfca4b0635fe0d695d8c83b16f,0,477
0b159c5ca972b3ebde81efed,978,af3891e8d52e5ed6a7bd1da633fcb68aa040ab55cfe753d48af09539f90b45cb,0,478
f65100a5ad26476aee16013a,450,cbebb10a6c546dceb56f085f70042ba1765fe264eaca9006a49b7c9498c513e6,0,479
16129bba0719298a1a43851d,364,343f1434fb245f6a95c116f9cfab7d7f9e536e3ed197ac8bdd38059c9ab8f55b,0,480
05f50789092bf5c6e113c25c,65,dda3c69bc3433fa018ffdab9fa10a765373c3bae5b2678a3ae673f3ba260604b,0,481
2e281cc50752a960b35c339f,724,0a208a899108969faff3fc85c2d9b192a1a88e29dc0b255265fe15e07b7cc4e5,0,482
7af99d9b410ec33ed635f703,1035,72ca879e74a57a400d925eb03d91b6b8d63e5264e115db4c2320008c5039079e,0,483
4a97acdfe15dc545c4183745,891,b0f15aa508d0250cf00cde315734c6da759d256c7606dc3c7a531f409d9e07a5,0,484
a60d85f5d8dbce7946ce1b9b,371,9d51dd519a63a1ac840b2f3c8836c6657c22287cd1ee348715c876dc1dd954e1,0,485
f011fad08521726d21acf28c,1157,05ed8502945090b35c4dad3c540b62908d022b31b18ad1133408676fcd203a11,0,486
f899fcf214980634e668c0b9,970,966bb4ddbb0b8de3554dd537a85a2e11ed1cdfc6ca8390362c405dd1fc43b9e5,0,487
1e9d20dbacf88001bbff8ba8,625,b0e9c314e8c0310c275bbc373cfe4dab72bb7d7b60b5da54f2ae91ea550e25fb,0,488
98fdcc4211e4c66d47eb7702,1011,25a2792a467deb65a154f162addcb5c6398af1970fb8f4e53aeda8b043d60492,0,489
1e0feea7f825a402c4a2a307,1125,638bdf7eff3f4da97da8cfe05fd16019245e7ff636e0e614204f2934f73fdb55,0,490
712c077f85503ee384dd0b94,592,4a2a5c1d642b1afa88bf58d0a8ffa58be465272a05b0dc7379be4143182e2099,0,491
9169b8b048e685682c2bd7f0,388,46b69ca476f0ed5ece7e4973e1d03f6968d0956b8555f1eab49bf0cb59be425b,0,492
ab5d8a7001acb516e5130290,1103,53214e15e21dd103b50070b052f539463a24ed643ccfdead29b24effd6d0e35b,0,493
195ce5fa62824abf3548cd3a,940,03def9d28ead92f4dd6b610c4608616649b1180acdd726045d94e0ea03bfaad6,0,494
40f3cf77d19d05aa78e7adaa,799,3ff23a4b8e7fcef35283ffc760bd616c65d33dd326d55b5171dc0aaf1e30d1b7,0,495
2e732764952bf209cd8e3bc9,1281,341dcdccb07a1ef73dd2526efa440cf4d518d0260a3c8d3ba133c6dde259d7c6,0,496
870c5bff4c3423d0bf13abde,795,d41e2a5fa4df5722af120706dd45d4bfb8dc6baae22e9077da11b7245f00f2f5,0,497
1fca206dc64fd150ed4636ec,330,79c98055498b06bc85cf8951369e9d6bcdddee5e86c4373e8ffde80b96926f48,0,498
e039601f3661b9eaa2dcd1f7,53,72e6bd187c4eb4dd55f4b57ea8a4ad84f37093f1de1327b846ec9c9bd0397eee,0,499
70d2aac8db02d63c99d2dd94,1042,13f1bfe4b757b77d6eb227ee68d1de457174e40583ee4b844f9229e3a859c67d,0,500
22c86977e0b1421c9f7e5f33,809,f3c62e72f2ad46ce04021c8b29918ac5f91901d7eeea9e9d1890de7df9f281d8,0,501
a9e33cecf130ecd5a0bd0b8c,486,73a879dce58de36b8f48bab6c0c2d2f281b32fec5b084dab1e861a6bfa518bda,0,502
458b7f1bda168efada20763b,673,de12f1b37716565361085f4b179525e7fc765739ffd6f1983420699cfbaa29e8,0,503
bff00331dc9eed1321074c9e,946,6b14ea3909318347e0bc51e5b757e25f17a81234235e598baf8b81c392f63143,0,504
6a9b6eea08f5ac1bb1738ff1,259,024461ecc9d7f7694072675a1ec3db5534193c7604a586b0fed0849874b68ec8,0,505
34b8bf7b478d5f2d3007b94b,642,baf89cfae0fe931ccfa87adabb9fdd3971ca69c14f008c8e24306ccbe1064275,0,506
27b2a37924470bc5532b86f5,1393,4d0c4a5668c7599f6788ff84605f487a4635e429a14a778c16543ac124b122bb,0,507
4865ba4911a278ae255e4ca1,1106,2bbfde34278e9bc2e09d03a5893f49dff508d70a0466e29f108ffc419f3c702b,0,508
d4703493064cc1b1997168cb,717,417cbaae56cb93107ed8244b0bae97cd3cbc2b2ed4e8fe18512d11d79c2a7ba4,0,509
f88c93a8cd8ac6f01f012855,101,b53df9252f34ec92b5e6edd83aa2ee680a3b6325a28fb6f6c1517eeb9aee4807,0,510
c6245f0fa00b277636e51a82,966,8991871313671cd6469239e3f0d4bfddd153019ce196c0f98a2d0bcf532d72a0,0,511
bdd99b0289467b8bee5ee4af,443,557e32de04958a9a2464780541fa1ccafa23b16eb275b8583fd1c03fec59ed09,0,512
ce89aefcab47c150818cb993,920,24fad210fc00f1b6b1eccc8cd800745ea5300dd93419b9c868d751a29341ab90,0,513
826128998ad1c8ee96e2e7e6,451,dac03ac532009fc256ce02351df1f13b9cb11e9859770262e21d3a71383b703d,0,514
81c21a3f01bc38801cd124a4,216,fd68a6dcb489a9f0e268755b4cdfc449d5e2df8a0ffd48498ac0592d71f776ad,0,515
6036bcd38bd52ada17edffc1,859,1205a1f19c0b0160646e8f994ee705e4565d292eee8025e569eb836dbb7ffe8b,0,516
05192a83a4f946c830219c28,1002,834ca248d14bd293f04a5d94d35aad34aca62dda396319ee38d9622dac3c92a6,0,517
228eb58e862d6859d4bb4c73,640,84eb3289c0011c580271f78feab9b97f11f91a0101434f8d03b0695166ecf613,0,518
6450cdd40f4b28f850adf940,114,bc8c4f4ea7392d35e7575d5dbb9d5839edd43983d271d814bfa359d394d936ea,0,519
c6546d3e971a511e4331a537,494,236596529611c15b52a3e272b7237f4ab4585c29b667c0a5fea347c903a299cd,0,520
220993b39e9f32e643f8a377,289,f0da3f2a26d9dfe11e2892db0607bcd8686c9cdc2c0c80bb12edb3df7d61a9fc,0,521
8d25c34b6ba13cfbeb901582,1224,2c7f8201b247919425530ba076ea3846a1bddc1a5efba8f64ae5268c9651bbed,0,522
ecd8e790a4580c53e2416dee,91,0b9e67d61e8a6bc1555cdafd7cd537b7a870cdb3f005b12675a78d61ed454537,0,523
b71fe606bf97f11c071915ee,343,a0e04622be0caf197cf12be755c7d1ac5213cc1acb77cca0b4581c997795662e,0,524
a8009023a69d5686d30d96dc,278,e183269026ce189763cb6bc29d0e79ad4bfd6ba4a7dd1338c993cd76f211e04b,0,525
760a170a3c43bb4232c5db2d,662,ad6499ad877204838f11d02ae2531dd14be22d93f390caeceb784078ed0f8a22,0,526
76594b3dea9465d2a9d43f1a,1290,c50951ba77ad0ccb6be852d96ed0f5d2afa49cad575e03b7507761f4fe900cb2,0,527
65d055ca2ebcdff94c7dd767,1232,be76366770c4a9de5f6b43466effc533cf0b5c2b9666c1355b91723b4987523d,0,528
058f64b62e638e077fd38bd5,820,aa392f3f2ec2811e140f79a0b21eb21ffad2ba4dff19c9b98c9ef5adc7e796a9,0,529
4a67a5fbbec5ca1bdbf716f9,1249,16ee71cbe6aa5a504337a3fe4fc0ddb719c4e13317797c886422d157d4dd5114,0,530
bc56f75ed368a32bdc9a99f9,1300,de68ba7b13798f147c9fed958c1b13650bc6e15e73c63f495e6f06d6e804387c,0,531
c0a042959087c1644d1d8570,194,6bf2eea6246623cad415c8a5e16b608b29673600ecb0e1043765bd327fa491d8,0,532
eb9e025c43808806625d786e,1079,a2093fe373a3b0fdda92c405f0d33417f8d75e58333a9ac3eed54b1f7170ff3a,0,533
7dcd305678379ae266e48906,512,6bef2855ba951b8bb873fea13010e194790550cd0807f0f966fb2a8cc0b933ca,0,534
6f4213109b795939729b0a1f,1209,0fad5ada0b8e9e086c0cad2c2367cd0726b0c37046b27e25d6928f92b36631e9,0,535
e89720a3e9c9fed7bc8a3bca,1084,1f7254647cbe53250872c112dd35e52c6fe86b4fc61b5483a346d0b7f9a12d5a,0,536
4d3003c945d061b9bfb26d26,856,f7d49038d411e3b21e4fc6c1044ecc75038224d4eaca21973bc79d50104f2528,0,537
893a9cd5edc6368555237205,987,5bdbafc7497be938097cac443a77b984e51a675f820ad43ad0feda20d2f4c67c,0,538
15aaba3c10c8236c8b8211b6,1389,6435a3b481d8f19ecd8ff5254b3b419bbeec17372f9089a3bd5dfdd3bffb7b33,0,539
3f09f8035b53cddbbf1b57c6,1336,7019244085629cbb716a192c09ac233f617af4cb1aac8e9c74e74d76cb456197,0,540
31470ae336fb773f70b4dd9b,787,b76071e9c911d72c1be09a87e3ad9d7351e1cf728b0dec005aaff7da0e34c689,0,541
7469b8215396bd3f2aa12a4b,826,bb47c28febdf7c6244698c203ebbfe6ff42c3db4a8e1913d36f157069537173a,0,542
176b5c26555e56615cad0825,679,6513df18d75b0dc2a12a92d6930f673246797d57136e4701519163433eda93de,0,543
22fe9c2f6bc88044c2b1d7da,463,e3abddc1fe08b87dce15a4172602a53fbe051727968afb1dbc8f487ff5327137,0,544
168e7005858ee7049af18b32,740,3a813ef30aca8875a8320c58b65f342a805fd8c4cad95f0fc58f6e7edb78bcf4,0,545
55f607bda86218ae848ed765,887,ba2c8ed74882ff173a0570c9ed278253eb9e7b33dcea09b76931d163703f21fe,0,546
c063d78de2cb507be9441c48,476,107e8e3bf72973fc0dcf116a718645e5be6e26dd6229b5869d7ec78729e136d7,0,547
f19143a8b6d7006846324ff8,188,dbb24bd568696f7c6b9d61e846ee7c7dbcfa9757b1f868a5cb6f9168a78d4093,0,548
4431a2dc8b75757c29aa6b77,790,5bc0b495c8c32f65331c84ad64c1eab5a5535e5c564892c25782d561ccc6ff15,0,549
929b6eb997bc57c5421a8099,716,f5834a6dc6f29922478905845cc592d2d515a2d6434fb7caf91095beade6c89c,0,550
1c6d196af35004b194d5baab,1096,5b56e1d9aeaebba6fea0fe49c095fa3046e8c5669320c42fb653940d285490ae,0,551
72dc9d040340fb3e67ce4682,1405,6327ac5f2f90e72599ef80c0c72e1594c082eb611ac88ab12f079f87806566a8,0,552
fb8b125b806bd27f229c97ab,1264,420e6828355fdc6ee8b7664be5deec082b7e6d3fbf7a3ceabb46bcaaf1c46840,0,553
aa5dbfcccf4eeccc464f584b,1226,2b8e609292f1c56295fe218eec4304fcfa357f700f02dd40e4ef101bc762144b,0,554
e2f8314852daf00a03e787f7,235,1f5eebe1c7f91257db195eabfbe0f89e3b38fce77b2788a855e894e000e7ad53,0,555
0b0e57f87a360cb39d54d102,511,349db796871bd4553bc8e167cb602976463fb51942e2a9339294e7a66665b3ee,0,556
33fdae14800b6e1dec857499,125,53b309ef7b2f8ee24d6d0cb7caa1327a8e683e4ccfc104627f54a21280917967,0,557
4587b3f744dad6a825f3d5b3,853,5eefc671dfe27906802ba33e2f0834c12a4a041410351c4a66817c28af6746bc,0,558
6a55a49363e767d59c274800,1030,0fb38410c5de171d2807dea2e300acaf894ea48ac1c920777a41e8bbfdb18ff2,0,559
2b29533f45b9d31e6b656779,561,f610acaca94412d19a173f3945274d9add11436bac8332a4b585e0bbe74a2432,0,560
c9c6cf8f0a821b968a65694b,193,aecabef8356cfd667a39b2e52c15619175e3138d2b8562c3dd6564597799a2b2,0,561
b3d765d4f7d5c7826ee3218e,296,c4f529c47778191cf630e93e9a942787c531369f38c7745d7e0436d77eed9b6d,0,562
29442bf7a06e98dda7b13cf0,117,b2740161cdfcb190291a7ed1f43c3bc58875bd5dbcc2840b25d54cc39392132e,0,563
2faa731e649af54bbb113239,431,046e04ed70bffdf04748a6e4d12a36d954ca44b4ff338f2c5c04f1954f870a70,0,564
f31aeee7791ec3b7ffe6235b,603,1fecd9139fe29602654034821461e003a01b611af7f9bbc15c808ca355891191,0,565
9160f5286d80cbffb0c9d0c0,1385,998d41f084b15590d0dbed9e97724c7e78f960b4edee329f984b993e7dbab499,0,566
87d9ed3b90c48e5421a1e109,941,e5be1db8fd8b4a844c7fc55160538109ae92978c529b3856f74a07cbc7879377,0,567
7c42ee371a819a22a6e0b7ec,587,2b74ce1ea5f8895b3ce57dd9738d13f61924103432d5a08cc33a66c219733bf0,0,568
a77182f49b3d70897260b4c9,804,483c08bad6b27997229a499d406d2f219fdbe5ff8937ebb080281effedaa2055,0,569
b6f5b18eba799fbe4182f870,199,05292a4a909280026419adeb320c3ce390b733c83800c5180b143ee0ebc41e56,0,570
08cb0c3a6f06fc4c411fd64d,363,bf22ea538072387bc5395cba86f5b0d3a213db0b22b99ae3350dfb904aa5e972,0,571
7a59c5d23a8e7a01326d7039,266,5350ac606ba61f7e18c2c44c83fa653a23af3b040cd5ec520171fcbfad727eef,0,572
0937cb3daa649fd317b42da0,646,bb92328fd95d1650e6b1c51638ebd4b3925f1a84d9ee3cbd85de8fb524ab4ba1,0,573
f1ddaa33c3d23950f4ca043b,1212,e5faccfe853229906e04f6c4ab78205cf82b429b11464f4fdbb68ef00dca52fd,0,574
f889d72910af1f8a930740c8,955,ae04675fe277cabff74bc2f7c73d1fe25575a566ebaed78ef15ba7b70c3d527d,0,575
42db1691e106eb5e76b405b7,628,267f5a580b709536ce0f53dbc096b122c93dc14a7f2f4f99228c3f5e4b382726,0,576
fd5a586d8928049866d8b7d4,1019,5dabb36cd30d92ce22c39554f5c01b31527402f005029de043b6f0fbdeb67bc2,0,577
05785d39cdf8e3946ea2d206,1339,a62f66dffae0c90775b8c29a93a95d6e166dbfca11905ca6ed41a7b7ad13be24,0,578
75e26c7dba7e8bda1b8cd6a7,923,2774f93716e24ef5a0cd1a64f14b7e5647e9e6662f8ce530510dd5a1a0ea49ba,0,579
0cf2182e653623cf0e5c27a2,917,64a166f1c827a36c1260530e2c7e6e329e7520cca6e0255eed05c0ca9bd6e911,0,580
31d8d9841603d0174d6ecd14,614,1be161369bc8d5d9e5e97295fd905b1b0704df9d86c356d061e7f5ffc2f12962,0,581
caee641122e3c60104a6621c,993,17c2ecbe8760df99b6bd80939a281be12b12acbdccab30341459cd1ce095bbe4,0,582
8811b87f98b169e9f8b9fe21,46,d3fdb31ebfd7a8a1f50661d742c4e12f3e67bf7375daec9a0977dad0f4585e34,0,583
e452a780e7fc727b891851b5,683,1c66767f79ccbcb9e7354a1d56918b506d63a04b9c44c306978dca5c68b73c4d,0,584
056cd2b816dc2c96343ce269,300,cefde5d42143f893dedd5fddedc0f49d6705f0368f8a7d683e61e268bfac320b,0,585
d0f9d00d1d35db238df9e71c,442,c1eb6fe093f764f2c53d36c38e140d14612b1509a7148bc53eab58fe2b7c8dbe,0,586
04f78de07505f2fd009eb778,7,7f3634e810b90632ff7c67709b25a56b0bcbdead2a47155556bdc287d1a03cc7,0,587
f4c3b033a24b12994bcfac4e,1017,0c5c5c81b90b473350ea823b36baf173e6e449cb5d6cfec61149b0dfa717be17,0,588
716e387a2d97ecb2addd4c3d,326,894ef66de1ca817c40604a2ac05fe0036ed807200d2455796931461c9af7c9f9,0,589
93789cc6782f8484c4995766,418,533cbd6703a2bf6bb1424aadf26bb10fa111eafe1d350aa17a0e517b9afef2b3,0,590
09d14749d2b303b41e15430c,627,ba96ca3f52eea8b0455fa8cdedbafb708b68a1f8d2bff1939027bd31370af88f,0,591
5248f668f5de6c12d1e18c95,316,38cd9122a35d581dfee97145ada175a3267b736ba9fedda878be988702639fbc,0,592
94a3caa77ceb5b4a67c85322,658,5219f2b73c822c826a52374a62924697711ebdb35f561abafb2cd00961c8fd0f,0,593
9985fd7f62a25fd5da6bab4f,192,b20a0266d7d047b90dd773b3be3e37fabc31f8a1c842e8ffdc716630c19fc211,0,594
fba000b0d4a28c03e4839957,897,39204863832587e75c61dbde5f284839ff91a31cd2ddc7d840c738dbadc51a5f,0,595
ebcda5cb21d526dde28d8a3d,16,2196312b373ca437bd6b3b657459677383c2651bad01be0cd34edf70771b9910,0,596
d101e189589a0f46a249379f,207,7922c1fe020d0e1806540701804324ca7a68183dd92de01c2a14971d6bcac4d6,0,597
74b64f3d975f114953e2ec25,1257,bd80ddc44fefe52253a8fe9b75bdabac1de271740445fc475c90f09e5a86b50c,0,598
c068ebb42eb93ef52ac6eec7,204,41bfb6593e27a06bce26960974d23c0b4e8e9c52a4851748be693dd0ddabc9e7,0,599
13241a14c7d443a3c8907897,832,30b0379878258bf5c5e93c6664c0839b63a918ff45481905111f15df89ebd4c1,1,0
2c75a98c5c8d909e227a31e2,92,5267aefe8e5e2e909e61110687366432ecc25ee1a9862000ca2f1363d60fc140,1,1
f2755c7eb0acfdca3dbd5e9c,564,ebac129a059dd4db92fcedb2ff0da3166e082f37b46e16156aa354c46520ae9b,1,2
89b26720e10d8fc44f60e83e,1023,c10d66695044df6efd129c4881c7c76f9ac35ae6d41134722aff95a3a971f480,1,3
a1b9da15df1fb68d7b82d48c,333,c03667f1394f83c9cbdb42bf69cc228ecc6915cbb013556a6a2ee1eea438186a,1,4
68ffd01992aded0d193e93ad,837,ed2151c653bbdddaaef3e467c482f3b95a8e92929fa0fea2665819123b023ef0,1,5
a7653cdd30abf656f6b97c8a,819,76274f3a6950b231bf19e18c27bada8901e1b0535c1062a86bf4a15d08d0861f,1,6
7d154a39c45f54020ae4f325,393,5a7f229a1877372918b95c0e82122259df1aa85c0f2ad3f2fbcfa695b37211c7,1,7
397d5decfeb167da5f643a5e,977,b72c2c27030cc77049dbc93d47c19c29112cf1f524a22095b523e65351b19c56,1,8
6f56e3f7724c189811ef0ea9,201,2bd3673798f9eb1a35d0bd1ea463c134ad13bdb1bfea2f4deac7c6506dde2256,1,9
c6c3998862886ef17cde5e08,1321,1c6b57d20cf960477cfaf66f1872acdef09866226e0828ad598435a88de76db4,1,10
f8f0269bd57e828fb497c14b,682,bf1f772a6e16f0715569c0aae20b78a53042e976de6b2af914ebdeb2ef3e1c6f,1,11
ad53591f31489aea71f73495,1144,35795c2e0aae9c9edfb9bb54b0f25c659aed7e5047c80797575e2928f9da0e7d,1,12
77bf50c15fc31b352015ad60,903,d5ab6e90781596bde621cda4c51012458fd321e0579e698639b7d3b639b07c2f,1,13
c1916779b4407a0420a949dc,1119,90ba2e26035d20d0528adad7eb1a84c480ea05b776ac1f7faa3d52cf312ccf09,1,14
5b8f925818b03c58b22336e9,802,921f734d5d05b167e2d5e4d255434dc257dd713242d9d2386c4e7a186a137a62,1,15
5bdc5d73a63eed6a36ad23b7,609,021fe9271b5e1a2e3967c17f3e00508919ecad32402de6cc2c18bae785550cba,1,16
687d3c302b4fbccf08713639,1397,62696aa4c5117300cf37d168dd87947878aa79c6dab380962d2f67f00d1f7a6d,1,17
0860da9c508cd296d68c4fad,942,9512563abdbced3734117882c181fd329d0c8c6287299298752ee9e32c95ec91,1,18
bf19dad29a3a23937c4128ee,40,fa08ce4b89c94c100c2aabbdc28a42832c32480200cd0830d8929ce581a322aa,1,19
1e813ef6a8465c3c1fb9cd7f,1270,7c33087b5aa8f193b2fef13d06f6459a2f4c3652819497d31cb2737959eeb30f,1,20
e1d954104a33445eaac53bde,1387,38b3305342582647c25e1e5966bad80bc81e0c5e92c4dbcbbd84bb3d8ea39bad,1,21
ac8d47173ca6c1a48603f336,1408,53307433e708be12e30022a766509798df5551b78ea6f68f6cf4f9e8eb435c9d,1,22
2db4ec4abf7db86e85cf637c,618,01ea886600398f06d3901e4e9671cdcdb14e5557586c5963bd0280a5832978e5,1,23
67c1f94783c50c2287cd2f59,602,d8758f7f70d99f5df14616a7edfd2ecb8dfc9893a0f24885a8267750a95167c7,1,24
2b7a7057ceebad7f0ffe74f4,922,c48546f75f43bdc09f361002af4550919c4c2506a8212e73cec0a21de9f45ecf,1,25
000da79731cd855cf7b92e8e,399,4ab71c8de64ecaffc935eb54a500ad750006358774829c2fcefb645134425507,1,26
865d9def603a01b91e31689f,1220,edd2b2986d5769ac8de05e0d5e57659fe9245eb3b0a4c84ecbb53fdf3f08c09d,1,27
79293116e9242a7311633f87,215,20d2ff261f929fd2d1d3435e28163ceb173add6d62d803c870b5592e995da4cf,1,28
5751e97d37392c7c62f23bc3,1135,d0f15d9c09f2313c56edfd7c4f371dd9f6039c07813042f1bfca336d282e3385,1,29
903988520d5921d0e6eacc0a,1102,0f87db3e2df6359f35fd88e39f78ede020e313d7b419a60e08a569081afed78c,1,30
827fe5cce12e5c3442f64181,1417,e65b665b95384747241ea9809bcdd6284d81f8ff613c6af3434d3b6bced9eeaa,1,31
b920d85c1bf9e5e27d866182,1025,4732ee8fc5bf4c27e70fb286521bab3e45bc868a9a780ea10defa41fd38f9b8d,1,32
5fae010d2031c2aad0422d34,98,dd1051792d3c9e66040f460cad18c84ecdc10d5db7cb606a75b9920dc8b237d1,1,33
8754510610d535ddd6cd63a6,87,994e8c300d54028bb2701e7053361a8edd5f26a89fe95cb6b868be8625f9b83c,1,34
5e1981bd2aa61e24c5af48a8,793,51cf8e3277a914d1629cd692c5c526dfce24770e848e5703701d0fae2fc81bcc,1,35
d37be8060b5820bbf2166b4d,525,69e604eed0cd47c36b3bb790ceb36ce908d8cdea604c147b8cc8c57504abfaf8,1,36
50fee39e18f3b3ad100c9f77,886,73dc468779ee9a74c7f58ea02b1c359fca146495f45e48a7c7401a06d2c324dd,1,37
5d36660d7b4049486ba41153,644,ad6a3bb90e89f312399e234843142d536c47ccd22e1cb3c29b11ea9438ed669a,1,38
6a43f5719fadb7fd3a8c0540,518,eb9fc34ef8bcf9ae149106accce987d1f009ae41c4645ef75d3fd74346a2bf3a,1,39
e99553592d062c1cdffd2393,1012,04d349ea2eae62f73bfc0f3fec6db7a70f8b35a1ed904ec3336b9e83cc2c622f,1,40
062c1ae5af75338671f77857,1151,50e73aa6ed923f7beac62744ce3aca81da19168a1064f1524fe7c40b2ea47fa7,1,41
d3cb9a38e13df6aef844a5a7,68,d55ce5fbce5a9513a797a25c915aae20bdbec00372601799ab03f459e515bad3,1,42
3e13defca1cb2d8253696b39,619,8968a8bc1fa993503a624bc0e18d0fff4772db345171ad3351b0ca9cab4fc866,1,43
d46045d81aaa20ad4c0770ae,489,0965b723d50debaba1e6c951ec126bc540e501b34da8e71ed207e9e4900f09eb,1,44
738adcf34f4106237323f5e7,1327,6190f4bc609685d0c0d5f1cca1081b89a9c50b36e42c32a3af701c4a5e1dddc5,1,45
84cd7d8f4b69ef912b2420ae,1118,050d3c5fd6f5db5ea70e451429930358c4d2b48d5d74b58709ae1d7e7c6c1766,1,46
14a5d319d26db473ceecdcb2,254,154f50a0c14e10103f51555624b4d23eaf414d9f9c3aa5df00cd02c2ba1c52e2,1,47
3694e8121c4ef345138e4835,816,ac82395feb4b9d3160d5ad69f53185d382f78c5b442e14475caedd7d832511da,1,48
758c5cea50fdd7da182cadbb,1100,1ee590add373d71338b55825f111612cc2ff0da99d0a577dbd8ed7ff801f3f18,1,49
a23b9f60308617a208b91c07,739,0e7f37105cd833611bbc13982813e53ccdfd62c19a418f49a79dc9cfa4df861a,1,50
10e11991eb54620a617981c9,792,c56fae3043c876cfae9cb10c18d960ad2a1fb936aa400aa3778e7433ecfeef8f,1,51
fb9793ff420408e64bdc1a76,637,318a24ac7beaa4f40705f9d125ca13e753cede1e0b149a35d184025b3d7d5cae,1,52
22106cdb3e9bd9ea10b6484f,1317,60019fa540f88ff383c2930d2d527102d5f7b3863fd2df554bb596fcb8c2a7c1,1,53
5147edb25ba8a670872b49cc,49,b83165679f850a6c6673aaf41ead8f4803e79df674b9872190c38f97ba74533f,1,54
e039c5d0384f7f05a226f17a,1205,0d774109edff000dc2976664ac2179f7a8d3cf3109206d5f3f96c355c6a82a1c,1,55
ca52fc63d9382fd995a59a0a,460,3d5dfc8ce4649fafbabc7a5a26372f61151efa7fdea65497c6ff4318e4a37aaa,1,56
68990d5ef845bee8143fe520,874,31a196ae0c475ac0a321cd2edc06f8b03f0acdefe8c8f962926a42ef4ceda8e5,1,57
f7c8087abc341df649d10978,271,3936d560a2164c4d507fb8a28b2961c4ccd4e8a013f0c3f31e3f3311d6eed2ca,1,58
ae2c1dc864f4b88ed6d6a734,218,50f619d40350f454ce37e7f7188de46808ec4acf70075f082ab25e860c0ac100,1,59
84fff3ae9533b8032e5f63a3,647,b2403302ddb8b2f12fc1b85e631e0c2825562f52f50f8b6a153ea49e58837784,1,60
dbd4bc8ec3518c54c71df656,1109,12c1c45e5039e5f8d426f58b51ddd1c1fd348aafd273ad769d785bfc2fde69ee,1,61
9432f9e152bf5815a35cd4c8,798,fc888390c6ff64a6d20546a5350ff2cc70f56c26c599f0b52a79667dfee794d6,1,62
5b7874d7f798b7516bf48055,459,46e5af6dac0c34c673ba0e64657b83731774ad373b5404762a4cecb1ca92b743,1,63
1b955b7cce4a2c13fec0bbb9,488,23e901096be1b79dcfffa5122775918658696c6a92ce84dcad257691a788f50c,1,64
020f6b6fd97f74d55fda15f6,148,a508fc4dd8247ef4751adf8f82cbf1f866c7c6360ac0fe9ebd48632d8c0bcfde,1,65
539583ff84b8d3311ba59d2b,170,d32e4d610386bd4c39b332a2d49e5942cd45082485f46799336120d0c36ba166,1,66
0f1136a9ed47b462c5aca061,505,ebed6b17f850bb18571ebdda5f7e5f6849e2ef204fcee6c554f2e78f4e78bd33,1,67
6b127351ce79b2b058b4549f,439,514b7e6dbf4a81ed10abe5d85609351eea3ec16f705e6ce138b667f6fed15723,1,68
3a0700efbb025082f943b660,872,6c189ee7397b629bef4397c2b98a7893bb92f0847c9ee31b4bf19870160ce149,1,69
aabcdc2f5a870004467869d0,1237,448c458c8b3abe4659343ff7737ef0da0ba65f4a8eaaf7ef65d8c0a9917e6af6,1,70
c6414e763573c9a5faeca8a4,1069,87df59619de5cdcf5fe09378c6825d78577d315f12add7a1e3ca7e5b8ae9c960,1,71
2537e64babf0d4ae561b8320,1073,9641ea2d9304950327cf9ca77584cae4c7fa6fd41f6dd14d2c5b58d093170881,1,72
64c25ccdf5e013af8c6b99f3,139,08a827f14ce56d143c077335c239e81bc09760df9a55b3210870c5823d8c0f9a,1,73
98aa59e85bf229aff61ca9f0,1110,1a563a94e71c3c4e2f318becbfe03e8b6496f78db0919e987cb534f95458759d,1,74
0afe20b8230ed775a305b4cf,843,c64645bdb5ffa229fbbf29239bc0d8d6fb0e78ac9fd4dd8fb74c3af2971e7a5f,1,75
5d7509ce4beeef9ec6f41ab0,15,198841a74605e9deadf37e88d66f344f4eb3964bc8f2bdfa05db955878fc3dde,1,76
8f2f020b7b1bf1a8378dd5b8,524,3d258392ad11a02be6f848f7abbe3f43d2077d9c956999e5c4de2de40201a3b0,1,77
06ef5a8d589fcd5cd57fccf1,513,30248e9c6110fc4524b8208783133cc6fa56e56bbd072d11ebd175deffba560b,1,78
170692550b8b25cbe909a959,762,b4125179b97b5dcbef4fada27fb53fbf7612b3b06ae8d1e29f590994e0459c7e,1,79
35e3cb24838b1134fcd73b0f,1406,02e55a710f1a202e86dee177cd12c5d5186f2eb831cf22dae2e9625f8a4b23ea,1,80
18ab0de9f1349095f8400f05,862,6a20851753d165289dbb8f75da42e368f440860bad3ad01c0836491424286712,1,81
f4049732f9d657c11b95244c,1090,c6d6a468dbe57ff9d52162cae2b2ffbba014fdbabfdd8eaf3ab479a1a2e1b54d,1,82
50d01e34f9b0915f6a2e2a36,62,000a0d9e54e96e09742dda83da9a9d47daf9981c4534a9cb66ee063b413acd17,1,83
9a26d7857422fe6ed97ca14a,14,25703a8e745f7a749525c98f096031943169b3825ca0ca587fd2462d1a159ba1,1,84
689bb0d7b804aeb955c3f704,1111,bf9547bb435f60ab2434e58530d536940f1878f85ea5ba07be8b22b173954cbf,1,85
8bbe4b3c02a266da722f0bfd,1139,726d5eb47688d95751c3a069e0b0aea9a973ab7cb0a02550ea970c554b9fc8a9,1,86
6639ecb1c10360ca91541acf,477,b5542b46b6bd036f0b4e86b134cec1b2c6cb75ffb9983a4b7755b7a3dcab9e4e,1,87
cadacd4b0bb7ab38e7d3d20f,123,86ddcd3efa43007b24d69d44187036b361355ac3568abf8e98ed40c3923230ac,1,88
9104e5833ea7adc33b3b2a7a,924,04cb039b40b26ee38242ac355b14ee86aac76585360e911aec1143e33d2a09f0,1,89
b47afe1a3d47e3ffafacb996,1178,cec9ee7e20a3a295b79017a689f441a6cd41a00773eafcafdbb8257b0b59a994,1,90
908ed5409bb5632f03b3a6ae,1271,df6c5545590dbd9bd5193b435a6496fd20a506d683db97136849291ef4cc2d91,1,91
86e3dadc2d7a1dc76df21d14,179,25a490976ec0d74f7d653fafcf7fdfd76c9b1e43ac5cae5ef4d656b8d5b9b388,1,92
23bfa71f1ed8f3b99c6dd709,784,5e405fa5a7648b95df7ce6209bd8b35c09b9c973958c1d1bd2e443806d6643f6,1,93
d803d6d509393984a491d766,516,8dd26c5e7a5a97e5c285ee4b6ab61c412a29847d79096aef5b8e72637aa56c31,1,94
cac371a2c5a81b396166f1ed,507,cd30f16370350d46daf7df9dc0b253ebe8145ee6894fd9b467cecf9427664f0b,1,95
2108f0dc63eae4c2b539fac1,1414,ba039b4422250ff19f999dd38c68b60a3b3e0b36ce1fd20d38a84f0396cec143,1,96
d0c59e58b26f7ca29cb07354,775,b4b9ef138086b45dc22986f0a8d6aa431ae101aba9fb966bf4f3626e469f127b,1,97
17b954c519104b303023e44d,64,6a32bbdddb4d64858ba11347b680abfa05300fd409ad435abf21928dc0695aac,1,98
e4accb12fc24c5c179136f6b,1295,d16a0372fa4c2f1a1b96915692951c1b18e2436ef43a35b28b5ce4a8bf96d56d,1,99
23e6e7d4e57ca43bed6675e4,1241,47a730030ef099c074ce50dd1a5f37020451eea0b9646993fc397b6650d33edf,1,100
187e782fa2269c389b404ac7,441,897c0e3f2bb14dc3ca55bd51ef289638164c4ce80c9bb35b0989a43b89d0e63c,1,101
817ea9dee97be68a239e194e,1029,37acf51580c0004a739f7bcf994292ee10206e4ed7fb9ba6c6828beaaa7d4a6f,1,102
bb7b7f8cb06ce4f6eca47e7b,479,febffaeca56eab704385493eefd3220051b69a8b40395eabfdbaa939590dedca,1,103
9806857cef2130a36d77b7e4,178,31e820a530b93cea9fa0a52ac50eda805fa433f4fc0f3c0da7325ec3e1735acc,1,104
0848708d9f2db8e90516d966,700,cf7f56e4a38fe7cdb7aca0315e5bf9b48ccf8df7f225f7e1f049fd2cd08070cf,1,105
dc7f81c8f725822fd89edfbd,1089,1e962f0d70ecf1613dcf66bb3c72f7ed37b92397973f9bb4fdadcce7ac10ec44,1,106
d177b2e70992eae80f8d8ea1,952,2814e9c2483cdf9794aa9de53412a64d1bf09fd791f0e85f13eefeb56a9c6df1,1,107
03427b71ac9d3b6b027c2aa5,1145,6d4ff90ce551394e6de1dee10398d1ff8227427c7f125e8a455002edc59de827,1,108
46610b28fe65085a47b2cc3b,1265,bfe180bf48990ae5f829b24fdd0aec23fd1d84ae74534d71ea3cee4d99de5a28,1,109
5411860301be29101e9689c8,1169,c96a83bcd8fdfe060130ed3b1af18717d9f86ced0b2bf13214a16b345c78bfe8,1,110
30c8f17f30a7a8a4524f8d87,1004,83fa34efdde81c19b8148a70f67de748abfa06a43374ba3ca10e59351dd7f8d7,1,111
79f0cf8514bc2f71b3a1516e,182,7ee5dcf5430f600bc0427b8a7539b2f8c3fe936933d56f58d4f2a36193a8d840,1,112
2b789275af3adf146fa2d6c9,313,6600174a87069090b8075d281c8fa908b4e9cb9796156bd4b4356827839daf3c,1,113
44a9811529baa6eddcc87e81,80,49ba0e160a18d1c9ed37bd3846a2c73b40dd33cb55409cb1e79fb47936a8f25a,1,114
38277c59c05c701445e0920b,143,46d45611dca022b31ef64f73c73118b1568b393f962a88e32d64131925b4b3ea,1,115
a1d2c13f7348576591fe9cc7,0,0755a6c5a2ba04304265a329363bb3fead7b9ed60da8fe380f57ac7088812280,1,116
b49d1bed074b8b4b0cebbbe7,318,2e2435436408b711557d9fbbeb57f1491e49b50b03c5bd7c732d60bee76305a8,1,117
4826f17f6118b194f90b1add,1068,f947241e9298af310da8333c10256156db85bf5f348613a33caec0e19d11ab51,1,118
9e4746ef68fa3effd3408ef2,620,16e6861e2b6327716b7ba95449e7f3c97fe3004813e0783edad486f88067b8fc,1,119
301f2d431ffef59c5ece85c7,551,07da57fba86173f5ec12dae8fd22ecfd32a4088dd2278ecd018f1e6fd4c65008,1,120
b0c26576dfb28e7aae07b168,23,b270ffe5a280532722b76085cceb9e3ae8d1e38266c4d482a61f061f57330015,1,121
bac7c3fb7b3deb70094456d9,1361,f9c0b1e0b0d43da7bb40840299018975f6add409b4f348bafef5954b78ad2d33,1,122
1b2a7723b95062320c292cde,1316,1cd370960a5325dfafccdb864a078ca06d49f0f741928fa11c8c360682907aac,1,123
1ea0be36c5ff38fb522bf76f,1217,1c4806fc4607e58ce37833250a66364f719724323612801cdf131e0683bc68fc,1,124
05b48e4c5af4a7b8ccc9244f,467,c9cea6d5317e0d6952b1840c890027b6116001ad396f815869ffc195ddeae8cc,1,125
2dccd4a2a5eaf11bcfc7385e,236,be3770834f7d3ff86a20353941bb0134258b5ad39e99333898c62916af0c20df,1,126
ba7a9b36b34ffd7d10c87a5b,1352,fbe7b7cff0bda73426968be1132681dd5fe17d96ec369632bdea62c1c7f61b39,1,127
6aae094b47d5ddd35be4d0e3,334,a64938a49b3ebf82a6d96b0987ad705d5c72b760657f459b95f06dfd77fee827,1,128
e5d3531cc70eb740ee4b0764,1349,21b23df5e8cede56234c5297fb58dc5b40eef464edbc75a52b6c72d0a01f3973,1,129
e92cd2ac3857877129848338,867,200a607146f5d91db74736ec37d165f1912aa3fa3a32ab00cf13dfaefb8cc793,1,130
c435aacc90e2c6aafd106e0f,158,9757a9f2c191034f21d40085f5876a415cda6cb33366c30dac47db0e1451dbe7,1,131
ace4a205117385e89a063c52,599,e775cfb3fa46926d2984232048ed763af3cac448716b2f1afa3a7a4e7a5422b0,1,132
b250d979e219902538a71b85,1007,ee4de334a04d5a99eca90e97335df15b6d8b093358690b5b822c6c5001d94246,1,133
496c6e0a3733e090b5e6a98e,452,224877e89a4773dc1a33354cbb74c542f20ab8863834cb6c5b7801beb11bc270,1,134
074093f4115e8b77255ca52c,1314,10e3ed4d27f03b6000d24f77938b13828422a722491b84571f65751b3f9d4f4e,1,135
d6549269f1b8df2858404e10,1258,f9dba9efd86d05d9d9ce6f4b5bc4dc2b52d314aa69df467bf3fc4a3a3cd9fe75,1,136
4e341e2ea1bc93d9488fa7b5,28,facc3966ed5a7bda8cedcd8badd7c1c38fdf4b6bd5e393cb6fb1fb9b81cd715d,1,137
eef139653baadf3b5d50f5e7,976,83d8c3b997d746f3236312c627bb6b1cc5f9e3a5681d9c321c98d13e9cf1f005,1,138
3bffbce6cada1725c01f17a4,11,89eae123e232369a96342e2602a450e16e51240e472bbf70c107ede978401a37,1,139
df7a56ab1eb06c9edde802c3,1374,79132424428f3098f1c83fb72b8b9567ccaa12797ef17740288404ac28cd43fa,1,140
206657d041cdb6a037aba056,1378,095bedb41c18e222e483a767de5fd08aa3b9b6ad9e99a9d8aca381d6c6c06521,1,141
9141dd7bac1599a4d8c10ce5,1233,9e834f6741401289effce9f648871f38045cf5f7a9dfbaa81d1d26da504d9e30,1,142
2343a455e9d1aebec22e0e3e,559,149c560ce4b511af15735320242cfc90ffdfe3b1b2f6de0435574550c343c454,1,143
448ff5758003246181770aab,1070,c6c11930a0ac90d8c68e9a64a252c9ef08e5b943817495cb1b1eb7c565a66029,1,144
608f8e86ed320d2b43542a16,519,51437a1e60aca2faa9b5441702d4389f9dd230556a9b41d4fdbcbc077f3894f6,1,145
d381fdb013d5387672272806,779,29f1c241a1657f2e158a5a1fdf3a5977295b7fb6c9e86159b59703810c8046d8,1,146
ab92ef55d8963663b73d533e,37,d965a9ce96f596a4174cea0eade38cc581a1d92ccd2374f4b835db2ba423d1f5,1,147
3638f3f1a61bd2581eef24a8,1297,ebbafb442afcb070cfe03328657902d8c4e69f66e1733815ffb23ed5e1b1660f,1,148
31376d9847921d3de044fb23,357,1e45dcecb50a896d4a8e0bc601d800225a201dcadd35e415a50f03e879886a00,1,149
0d013c5fc4b2d9d2ee1e6893,1138,62a8db503c87da5226167590519d2074798651352191ac2d5d31aedb915ef50c,1,150
d3ae61170e61b092d6a4dd3d,469,bfcd5b3a807c36984f3b93625ae174c7fa839b90c90c9b0714d0a445efa3e5e6,1,151
6b7e916b499794d0790453a2,1353,d79847b24d51e1cbebc319a3c0ce0b0c8fbc8e169c767c602b9cbc147506bf06,1,152
69857a439be1a08e8cb62e93,1253,7f2ee09974434e76fcbceab8399fede1daedfe549aa709fb55afe952a65fd29b,1,153
a3b6c3fd389cfbfeb2c8c826,1081,5e3848fcf72d6bdaa59fcaee9501cf35c3f00002b68cd59f5084f4feb619fdff,1,154
800cda0ef7343d80b53def10,656,37ddc45f3caa5023b7ee8d085d178e1a29a5baf49b9cde39e88119158dc6bdfb,1,155
2b3ed6d1507ec6a9688850ba,855,f52081c764d8602a22f1b3a44302587f65cb66a47153abd2146b9a2d076ec1b6,1,156
635065008c81dc264732a5b0,753,85a802b2ee09c7e3fd1bc3201c6acc511da566e4c85b3c9c96b06891deda1932,1,157
29508737ed578a49c14f853f,367,32375d13ae61014acc5c5e1af1af60586c114dab16970000b6197a1a910ebb9e,1,158
395f6516b9ae3ef1eb1bb3c0,1187,da736ea9c1348011167c58d7e7a60d13c6af629c98f621ad4d412a011aaba6e2,1,159
05f6875b344d96c85b47ddef,571,2eaa45a806cfd9a262699e01f0c92a257c1ff8365d3091d3bb27f64ec22b74b3,1,160
3237d245841c0be17b436487,865,6b14688d6e5024a66be2173edc78974ead083160915b9d4912e5b6523472718c,1,161
d2737cf2ad5dcb4bcce01bed,1325,dce487c6b27928ffbfa43e9458d18bf9849e91d92f519340ee7cfd3a9da9e75b,1,162
821b38a0b21cd9f818cdf88c,759,d35d811efd15a863c1d018dd571493bd6d42f9f796198b0dc6c59a7e66da6fc7,1,163
32bbd035d5e0c3e4d7edc30d,414,d7058c17a59dc177355b6a6a13659fa1d64ca27857f98c97f94765d4f1f21313,1,164
7a686b6d20a211b1063ddcf5,1181,3b9d5b4df98d196aef4df8fd504d7a12ad35f4c922cea01d0ea3037f7c424b53,1,165
5e4fd9b97a19d7cbe588d633,327,a1cdb32ce2c7e6c23bb96d2da8542fa2df1248016ba47a3f5efed93c48344f86,1,166
67c83cbbd0088f5c88d990ae,340,dee11439bae17855830e6ded09f3170c72380ef8dffd7c82a20b339aa0b43c88,1,167
df4a2bf106eb0d46cbad8f1c,1273,fbecd187871023a43d79869b15a3e1e206158d1ae69d8e11a4575687ccfe3cce,1,168
4d9cf425ae6c471945f1a182,631,6e768304a0928f8ae4ec2e5bc6f3ff5ee2828f86559bcc6d73720ba2275982a4,1,169
5175e85fa7d2360e3d5b0b9e,376,754ff6f8c9ce109b2d7f1436cc4fa15875ebaa01f5a8f1d2d47627d54b8bc49c,1,170
e36420747bb15b9bc62fcac0,1123,772858c927299290c88f7bb8cdd129c644394107302f5df297f502adf1e2bd76,1,171
e44b34e4a5d90e636d78c625,746,bc5377ec6379f04b2c3d73f4c65b71cc47c9300fe66c905060ba8df07f86f579,1,172
d221fe13e98b06af70559080,1218,30449a3beef766b38a629f19bf85907f9e2e12f46fa88b5d26781150652f4849,1,173
40bd2ed50c69242213155cd4,810,c56c53fd3bf91597f895bc1790584f5e46b427a3121a5edc8879c019cb42aa40,1,174
8a1e0ec4b0a57ec4eaf42c04,1214,66ad40ff0ef0eebb4cce445f515c8fd7f9c1fbd123a974842d1e098508813e1e,1,175
72a8bd3dacccbe4aee128a11,888,22522a16784dde3bce65ba266544658dab4e87049ed00939fbdb5169979b0af1,1,176
332170481535c643a85eefaa,1373,53eb61d9f4f5e401592eb1e5d41cf7e36b662f12ddb8329a319df46750b12ed4,1,177
ca8aac58d435ec1717183f22,621,627cc4675e5331a283e447025ff2bcdcc2a69adbd83b2e1b055c273337162eec,1,178
e6bbd5278207d7546cceba75,680,b67a734318e0076e9a03e266d19b8492f1e3f825be3de8a2f0fc7e96b16b3848,1,179
2dd4f1d30da7845d3d8f6a20,389,83dd47460410ff682acc2461c720bf69ae8e6e16ada39c0e268725b1f5f07823,1,180
be80e70dacd8586406e42f97,597,e2ef190a82234a34538c2628792a1bed946dbe606dbf3d86d9ea18ac22d529d3,1,181
406f1b6c35a5b5ea92818bc6,898,5cbd8d17593aa00a0f0f756fc61163b76982d0348a100a3398f63f1b0e7db552,1,182
39f1d5f3fb8b3d8d458cf65c,1360,6b1e0e3b9c7ebccf75285747d52677b1b24071fe582f664746e4f69a29430b90,1,183
00f5f8e6435b64c064e3ed90,1149,2f292c234e1e58b6ccc259c780b2a1d783f74bd4af767c201e2af810c62d5a88,1,184
e55279b9a7232d74ac3cd796,726,361dbea0f851a6132793992c3eda602bb7e88db86a6a1c430cd0853f70d20922,1,185
66051c49e8c6f93b0db90b79,79,4bd95c44cab782f28044f37396023bbb161a6859aeae4a26863b984353c5c532,1,186
fa4406aa1a1d5cef7de5d0a1,1221,9cc07151a7f4383579ac0e78b5d04c59aed09c944720736c4837126b2cd72f29,1,187
7772645ac4e997fabe6eac75,1313,81aea590deb843d45e4669ade1c3bac5b9e759c0aac7cdab04e132dd6df829d2,1,188
b410c873b4ad454778c4c6e5,803,22b60f10af780161a29f584c96180b511f6823a8d25758cc97a259ce2315cbcc,1,189
db9697090173a493ee4d4cde,1227,58e876f28f71e03726d6004a561e64efe32c4f715a4ddba313e43625cb41796c,1,190
9aebf7d65af2efbdb8bdd7d9,145,7e789f6fa45ebc12364e0c5ae3283d72cf98fb5508fdab638e6cff946db62eca,1,191
0d5abdd14c4fd2c0b972b98c,234,92648d99f747d493e2c7a8e01792704ddece0901239e9ae9964180a4773b2da8,1,192
10f119b88afbb2eb95e72aef,303,0740f2537557911bf677a4436aee3aeee6e1d615f2d716544ff29d1ac49ab2e2,1,193
c6f6584a49c3cf16c55a5bc8,1204,613b2591eed1cc175fc58dd6ab00950860eb5aba2a666867876c16606c511b47,1,194
7a9b351abbb14cefb49db0e0,42,6d20826d071a31e826c46877c5cec7ae9fe25a9e01bb952c60f9cd22e52e81f5,1,195
dbe35c2d18655b5ec513522c,830,5c354729ae7a2d6ed4c503cfb579886989cd082ba9a4860eda4f6b1df176540a,1,196
ad38e88a510d282a7c812948,1383,f0ee123b5d3f2ffbfedbb79c44c1903efc634cb5aa54c954bcbf627a02002b10,1,197
ed9e1baffc8437090f2449bb,1188,ed9532cde0366e86e2d5fb63d8c23f6b92bb42fa14be9df2bd9861a13abd7530,1,198
b2d5c27338068c9c482f3032,769,4745e93bca1314bbce5420de6434bd7f471ed3009ec6012ffd3315698791364c,1,199
ac7298ee67f86cbc7346e5e6,173,6b9b2575bdc1373be4c9543d49c82306df03209ba08af63e818bfd8966d721b0,1,200
6d932ffb8e918902cc146f0e,1254,fc4bd91a22e090a3f03d8fddd9150286da2ee3d51d07ca7f59defea42c49800f,1,201
b55fea60f6293b0b88964296,1065,5fe33c1bf1fae573530793d971e6180070528d5149894bf501e277153fe83ea7,1,202
bc9d556ab693b8087939e48f,736,ddf1868195f8bfc17036a73a660316c6d797a615801a53b82e1fb7b51d368b43,1,203
e2f9b4b9e8e0e132a8df89a4,986,19fa2d56aa162719b0470303065e3b81666d749de47c959173bb1193addc710b,1,204
cec80fac86dfc6ed9f30e4bd,124,41c00eb27093f1d708f692edede807b2744803db0b2b1b53ad04403ed9c5f983,1,205
fa0bce88bffa6b3dc522666a,844,6966bdd69d6dad1d0f35449ac76bb924d42b64865a50c1798d1ae8aec5a92738,1,206
fb2c01892ac713cd9ab036b7,896,52fbddae739596f6f2be9840e51b8876b373309909a2d465e02d7b3af374a438,1,207
3af1ae72ecc6081c7d77ecb6,624,af37c631f365b438cbe413ddae4994d55c732b76d91338ec3d6203d460e0ff8a,1,208
9b98f9a887cab60e11d46bf2,547,462554b3168c235b924284c56961f9fa73684e28b1b2edde503e9c04eed4ff1a,1,209
64f0f5ce756834c5b5267098,111,20e675117c854c1cc1c91ab8e62c18348219e1fe44c98baaedd84c822e5dbeba,1,210
7f20965c5791c1af966c4edb,1020,21a0b32f19d599a60c2d4170655d7007623aa7762675407ee7d0e6289f67c3cc,1,211
7a2d0d88da313272bf9bd400,1076,73646559c024b05ceaeac517fdb06a25563d9009a6e6dbeb1c200acc06cb1993,1,212
11328cf4b209cc2d7d16cb25,1122,b4dfcf6f834691eaf860a23a52314568605de90f5bd556556bfbf62d15bac428,1,213
4d4566b5bb0b826a352ce733,1307,0726bba7346d42d743b8ceb17d665966d00dfe6b1dc8de13b97be664450d6cbe,1,214
d909f6e2dedba249027158db,1284,bc16a8340bd66165d5208bbce0e3dfaac4dc9102b751c3e3f6f732f36de3c64b,1,215
7bd05e7466961ec9d7853f2f,913,85a74804900fbbbbfeda81cb6d8a3227113d465a853e687ec464b0dff1f681bb,1,216
81096b93f31bf15b47213e56,454,df5dfde9aaca801d39108e2c0d54fa4a5b8f79ad443fac9381e56ef376c3ffba,1,217
3f5fee52b453e7d594b20a7c,575,e91e6ce3082e4c8eee8b682809dbcb5858b90bf492fe5defd767b416d05a7d52,1,218
2490872f9212ad5a30c2c0ae,814,7c38d7b7c45cf0c7426022d4985ca695cc78ac56349147c1a06d4c17250ec894,1,219
ae987dd1dc2b0067891cc88c,57,995fa8d28ea1ef563f01d6b8fe160c86033413b5bb7107f11865d14e8006ae50,1,220
a1a3cf1a08353a926e995ebc,457,d8cbaf1a3daf5338091e1299c4fd3ace68e2e096a8da30690a2e489005a6db8f,1,221
79d1c820001b7d11db785e0b,1098,e57efeac0746a9025fdc994b7616f6a235612f06933f30f9c6e58dfd770ec771,1,222
8b408c33c12aece88a536dbf,242,46921d99cac39cccfd9ef55602d27d2ec57412f83623c11588e384783431e1d1,1,223
9fc978e95ecab54b26ada9b5,25,5a1e85a5beec2411f34d9640468c39d6ce4c99e8ff8e1f31de02798b38dbfb77,1,224
0dd641c663f04259eac7944f,319,73091b5d0e8e2e3b099e0ca206946cb3987f836e2327ab36ac5b02eedcda42b3,1,225
8a8ee68e531f3686af5a741f,1364,63fba6b13b9f09160b5d1f97aad95265090ad861e6d2dde932921ea50d688d9d,1,226
ec3e06ea01e114c8dd75f428,1332,32c44b1a553ba821305b516bd55256be61358bb25d7c1e1155119ad050c29f93,1,227
6dca84d068ee80c13f6eccb9,503,2e1e0fd0e6f0fa7d91b7d08fb3f5f209dfba8df4d6cb7b4385bb20a1abab1f73,1,228
ed48fd12043f950534f3f1d7,1260,2bde63c83676099db56bcf2c5da6ed15e0b23f027dc852915e59b682c2734f10,1,229
5dc55fadbc08f59e9c708f77,93,e19f52cbea31aed44766c5d7e9c07dc9dc018717a9224bb7c7a0474ff031a8e6,1,230
9fe4c1ea1c220ec91feabb8b,630,5fe39758af03fa508b3c2a67b8f19e97b13a5992b92fa7025279eb9075c977a0,1,231
6a8b71a52b37f7e5f4ee5250,1384,534405421c6499c2e651501ecb75b8a8d982df1a1a904dd0315c2a4ab1a4a837,1,232
f51e74e6d7c4de1e90420390,1075,9d61be74528d72b5a7e847157208325cf7dadf7a9b967151b98e029ed9fd51c4,1,233
3f71964f4d9bd58579e0440e,181,82822ff80c4c97d43bf593765958fd8d4e3a050b1c7f746df7f0d7c1e87086af,1,234
ec47d8d8b854934f39e34afc,1071,bae5945c54798a41b464e804ac8e3d602a9b6fc27b01c05b2aa8fac8daacef7c,1,235
f329a50adf280f3fa9a6ebdf,1324,917aba890c8b84e62141b0528558a728c2af08d838d02a38331f39dff8ee322b,1,236
a2182eece5efae5492008d63,667,6283676243744c04e0f7dcbd0b547ff5472d541679c47cc297adb62436ecb253,1,237
ea99a282fbf35cc8ab70faee,538,61d832855d366d92777bca9dba2785d30d2d57aa42c7f59ca03abbdac879e01a,1,238
a95c8a36ccce27b584ad91d7,1322,7bf3663cbf4cea4331933b13451f227ffd98f5dc4f1558b6afb5372993281551,1,239
c72f563d9e9a40ca6929961a,871,c72709a1fa6b58ab47dcfd81589994c3656f989e76500b61d19038ca0cbb2d89,1,240
02bfbf8c20e81a3302665bbf,261,af5a8d7e4983cfea5a10cdcb6fa4b341556c9c4ecc41d96c237577e560fb03d1,1,241
98134592314ac221f251cdc6,269,b645c9a1bf9a3502a9dbf30a4b330661839af0d9b57c3fb47cea5ca06e4d6710,1,242
4d9b5c91f118a746c016b07a,472,f9740a4571420c879eb3ebbf522d52c1067f15a11a5316f154c22901c7a8b829,1,243
d06c825a0cbb9327dd16635e,895,61502343ed0887b0d99f9189d45b0024f597ace9a79856e1d14ec53b45527b48,1,244
45f0d5af23e925254073e5c8,482,d5b244f7a462bfcd291c764f13425f18732dffd65f392ff0078b7b7729f58f5a,1,245
3db137dde15e25b3409a8a69,351,df2b971ab314ab04ac534984e5c8e877d36cac54a6f5a271763a72af453b9eb9,1,246
dc2669912e35d548df1e3089,743,5b74f7b97bef93c87b30ff19e792d7a54f016a7988da083147c5f4a2cfbbe50a,1,247
dd7e86784865f599ea7941b1,801,ac348b08f16b9be7543494962362be38c864e4a7664ce7c85ae4df1d5826ee0b,1,248
ce259106a5a28e4dff744444,558,ea500c6c2d7a2c78cae28da58a465f5a4b24d287615152625b485778c0b8ba41,1,249
18180caffad987828ef47420,741,c92aa345843036dcdd20acb24d796a2adc759db533d08450ea7847281001296e,1,250
2682cf0461797f52100d0247,1154,803e93f99ab8e5a3116bfa8bb985696d3ecd61f286b3eea6c1a0877fa33cab28,1,251
aa015883090fa35936fccb19,187,00e6d277662b8b0d9717b03980069bc049936c22114a07f1942d640f4ea97b84,1,252
f75892dadcc8b964e1ab1221,697,1369ea0b1e8284d1f64d0aad2f14488a99f8d3fa411ac45e6f238a4f990fac21,1,253
98754603ee8c47c93ad368c1,401,3d752d722b58d612274410f157a4de2d3a306d3d23e36b1c6088608ff6f84341,1,254
f8e05d0fb36de46d32b1688b,995,fafa68d95cd926250aaed16764ae2a6f26af24a2581e81abfd75ace3f778c305,1,255
75f791d1d229abd6c26644c3,110,6e4754966483796234bfa6ef660b97929614b7d1a356019c3185c761b6fc207f,1,256
cdc230ebb6e01a246827d514,877,329f18486c65b0e3933ea99dcea75cc10a653de29166ff2792e22bce7d9a36b2,1,257
e253edae8f2a99830cf99607,1292,0661e3509315961ae05f4efac7bb9a5d5733186a3f547ab56bce99ff5927782c,1,258
0f149a66646715360a494cc1,144,ff524350b70837e72be95ed64fd68185cd06a33e3b57e01f9980b260a2549153,1,259
27ca4b7792f25c7c4e704c12,217,dd1969cf6d3241ce73fe0dd5e2523682b23499a764255a595be4bb1a4f41a1ec,1,260
e74b5c2a2b1de431216c3a56,936,5f28cc5a88ea577e769d3fe3df5c8b15fa2e95efc2116fa941b1ef8cc3169b0c,1,261
11b5c943b0df6495870cd4e6,767,93fae911882b9ae5368df1bf2a0dfe120c6a7b0e19c3f82bedaf3067eaf611b6,1,262
7aa7543c27bd7216e99361dd,1225,2b07879120685141eea44f18fa2b3e96febc505b7a7225ee2e4ccd6785be1dfd,1,263
b99b7018a60e532bf737adfb,578,32025c1fcc716bb86a8489b99645fd516f14977abe5a321baa1266318eb9aaa3,1,264
a442068b3a0036d993026d38,890,5a49a1b2f0409edcffbc10d8a4e88d5b9b45f7356f7c0d461f3bfe50c0be4007,1,265
531d2d34362e8490ece7f1b0,438,913c4c8281d25ea7fd4eeb45c26ec6ba30d903b59a68c6651c92df6a6a720495,1,266
5cc109836a3282164c7ed5fd,1304,a516e9507fcd60c27d0a41dc6fb5bf85b27fe6725e4e2ca21095afa96d61af6c,1,267
220daee7dc4dd003063c53e3,1315,395d4a831dae30169eb58ae4fa1839b02d8fb574d5a2dabdcb35f12b07278d32,1,268
594980ecc8b6e900a836d954,947,1fa9d3878d98ed3887632c5b934ccfe825b0ab32022e8e86041fa5cd8aee667c,1,269
391ff5db796998f2ee36dd47,239,4f23698879e11151a8cfb70e9baadb8334301bf411c5569a55eb9554936a2338,1,270
ffc638cc86bf917c060440e4,410,1cc254cf27647a7effb7256c2b806db8227073d2164c0c535e6051e35ae8223a,1,271
8a40479dd38f96287cb71666,754,7ada4d4760318181f67ae1a71f921147dab65f42b23a60c7a90e53cfd079bfd2,1,272
7b7639ce5385f9024a862d95,1216,22aa44161f41ad1db43f6b45fe3c422165679d706fa34f045a539751d5e55934,1,273
4d92dde9699a3e9911849e83,606,aa475bf3abb1d9db030a1f6a669cf113348711b0d8183687eaa66f00db27e1f1,1,274
a91db4bf67db4217716c6ca3,685,5171a7305240b7229cf0b77633fcf3fd99e251bfed4e5838e0767d4a65effca9,1,275
a5a375d577066a803e825719,1398,1bacdaa13231ef94455d089d8ec52def536cb61e87c5525104ea27b289a48829,1,276
90a7f15739a29faf38e5651c,74,47f72f38c9fd67129c06db8e607fc3d329de205a3852c0d648c40eb585ea30e9,1,277
bc1e49b4821e56be496346f0,649,89c5a8f41861eae794fb8bab0a7e0d2678425724544f342ed6505e1b48640be0,1,278
9d72e0da50aadef8f42bbb45,652,05a5a823a39f044c14e313c9060503ca307ce55bdc009a851ac0fef3cc83b070,1,279
b217c6c5cf0bedb5bd2806eb,348,d7e435a9efb0d1c0175dbf0cf53c290ed71bae564eb360c1d029daa86ce0bb75,1,280
f561216d8c6c898966f1b826,757,96552dd4d5f618eeeae47568da0c20ed8348133bdd2c65ec4b581e432bbb2b27,1,281
f646de92c8cf16447aaa221b,1287,e0bdf66eeff04c64e19f802f5fbf8cf0316a48dfd87b466f4ab69bbe99c39ade,1,282
3071ccf94d37b2f0854d94f2,1015,e290b4748cecfff4ec581fa772e7ec4b0dea2378f1ca0bf06a99270779e6d848,1,283
037d6d506f2c46067e468376,411,b45c2bde5524b53b379b171e0779fb6d6e3ffad08c8f9c85489164a266d005d1,1,284
cde4f2b20e9bc8fbb0b1e982,1175,54f41b4f1d74a5a2dbde2c8556b0b9c8155ed1074f074b22ce9083edcd25fb9a,1,285
a808d79ad83773a917309286,116,ce838e06ae48704bc4221faf9b2bd242b67b384e6c99490647339a4412d8e4a4,1,286
51f2072967bab1bb728a214c,1395,1b60087d78118a5d51ef426a538c9bd6c97ee4c009d05761d9a85be758ed9735,1,287
2b81a29efbef150e4a8d3b33,526,1138627cbd6add5e2fd9278381d66fceaee95c915a42b6aa58c754f55cb111e5,1,288
b9a7a30607abc6caae267736,1262,bea37f11e5420620311c684e39903e1b720d2e7faa1694463f9386e20ee57ab9,1,289
a487e2725f9d4c89f9c744f7,493,62f7d7e7e5932266cb4e96ea80b57c83e1be0b3e532bf43d617fa6d714d09996,1,290
ba64392be69dbe48257167a2,1411,7595424c9a33022a472a08d0b6eddc459a20bbbf550e073b31c4ef3f633deae2,1,291
f3fb1b5432921195898aef14,794,bbed1abfd5e84fc68fa5f3bd78d4f4360fabe6542f1184c7e003ef9c4da76177,1,292
36b39503869b468dd4eefcd9,610,4e291b9da180886372ba339cda30aad705aadeb8ee98bea8e5e617228e6460ae,1,293
c987088701f546d0e59db2a3,829,48010c834726feec5d2eee7091a6d32cfa5597183a5336fffc94f0f3a605360c,1,294
db23a81087966cba887bb704,1363,ead41749c785514191924c3ea67ec0d7e78891614cab8ac4aeef599cb826804e,1,295
4ac5e87d79f1c1e561ed161e,320,8add166cccf40b91ba01f64f3cc7261409bd99baf3b9d3ac06f66752f986e674,1,296
77aa28f21d0848bcf2031fb5,731,414da0caf41f4b98062b3b876c98a5cc250f8a72ee5a101efb35f22a0a64054b,1,297
f3db39df223b2601db27a18d,492,e0107b66cc29fd8da064bac24dc1f883712e22d77d03c477728e1242eec4ecf8,1,298
e050d2a67e316834afd034db,633,e26ad10e1a54c8e48c109e9f600c638a3f5d4b8d41dc1a058eac84408b5aa2b9,1,299
6cbbc9a2003545c044c3ba98,583,fe80bdae003640eebe84050689a0a303f0c1d59bedc694fc0cf34ffe66050335,1,300
3c2b964f90c20a2bad4b0033,1312,1e6720f5621e7f6a8093522079ba1e19d295a7937b8b659deac6a54467ed6610,1,301
25aced6a2fafc7a5ec0405f0,545,2c6aca4f072c90959631bbcd5f28e5fb10bf53136522bc957aebfd066f5a208d,1,302
e2f1c5337ef0347c35bc4869,999,7e7ea7b8de243fe5a28908d31d3a066556adc39a770cfb371401ecbcc030c881,1,303
1745815b585f9e3614bbb599,612,edbd55fe002049c9762538022b976c325cfd849859f0c9cbe8909880d9e0a6ca,1,304
8792afee33ee49834d6abb5e,368,38f1fa99291206c0cc751ee2e14f31424b2d24e350c7cbe2830bf22524896e2c,1,305
bd5fd9b69b3134375eec4a33,638,5bae514c11e1dabe74b527cf721471ebfddc4656d3755fdda2da78a1cf109f24,1,306
148a39cf04231315f7d11be3,818,7250a8b2e3a0f4e1aea31262b5a8a4acf475b33c961eea6c16e6154fc16ab0f0,1,307
6a2393d09174e61365c66e23,515,8449b9ed8e24bb401410cdf2f18925ab88e869e3be76a7e4f49d298287d39833,1,308
2c17ec1d04b67c3a4d251ae3,185,7d83776a19ea9d800ff3edcccbf45818e031213122919dd31dfa6d032f596196,1,309
b2f82d61210e66069739a835,530,065f453b198a6268d27de95dd50042ab38bc2b40e29ae991f002efca252b9960,1,310
a0593bddc07dca8a42327940,935,eed3c65175b1971365fe589a34d1852fcc29d63dbb6f2f969322a32dc732a5dc,1,311
51d0c55345a40242f00d4e42,1337,5f887eff14b7cb818535df4758856fdaca47eb010b385a631ecb4fdb137b2ce0,1,312
6a9edeb67b8821fbfb1360a6,290,f7743b7cb7357b5c2000d7408008fa37f7fdf8d54d31910e56181b1a0693ec40,1,313
f859325638a149dfc828e4d2,1415,92309a2890fd53dfd3c9691d668b4cebdc366eead74a0898b1f426c96b4e752c,1,314
cd9517e81dcaf6e281ab7d6d,1302,c1ca3093817ab099efc6cb633f46b339d87551acb5b6520a9affd4498115e438,1,315
3b8b24bd7607eaaf1166f788,916,f036193bf08234fc8cd7fe51e51ed8e6d40d238f6270f012b438a25540c4ef27,1,316
d1af6ea147a0c19600ce885b,629,ac0ef0d8b3f1b54b7e08bf5c92750e11bb28bb7cce9d18a56a1482f26dc4528e,1,317
2543a39961ffea6f026dd18c,120,0c84d760e0dba20a191281ca01418891de959c2f6d3ad3d445e2b537cbc64271,1,318
6dff5babcd965794ce3ecea4,1001,117defc5ae992fc6f0c6b6271b6c9d49607152fce08d3679e27c223acada6aa8,1,319
9558d2eb6eb9562d645a6431,600,1deb4ba73fe08dc37e25cd9f8abbf7bb6410ad9d262616e57999df940f00ba15,1,320
a8d161449476942dbf3cc2da,402,3e11806a33be6100eb952a06f702a2d7a6ec78881e7eb940b67de6d698d78565,1,321
57723a4007d478c3126a430f,365,d462a94d326bf5d6cabf75ea875e803ac93d88255bd495aa2875b296b3b00da9,1,322
8de9b09d2c2c8a4e52fbecac,104,ef1978a4db0d7536b56dcc54be262fbb926895ef9bc28221aebb18b404d7f929,1,323
5e978d1085ce4d6edb2c264d,197,91870f9405bd72da9b164e023208318eecfcdf6ef07639dc7ae0d28e1192b71a,1,324
ba97698c285fa8a1926f39ac,174,3b3bfd8bef1848cd2bdb45b44e517a247381237b79a63257bc1ceaa9734a269c,1,325
e5c44bcd7540bdb7c8be02a5,202,b1ebc9215570cdaad287932e71a026dba879c41ab107f7d40697f3eb36848e82,1,326
ec9ab3193b25c89dce050662,347,97abe8fd527cc89b0c569f428443f898242d7d2e6429abc1189a28c94b73a866,1,327
427702f73f03f276fd372de1,1375,6fc6bd8b64b82889cd56c6857ac37f51e37df9628c70922670f0e2f9f36121ad,1,328
df94e939e60795cb682f072d,766,b4e7740a20fd398d23dc8952f86ab05b50cd0da26662cfd645d4ee94ca7647ec,1,329
db4eda047201e10aaaa7312d,563,7a9142dcf431567b9fcd35e05427c791652486ae5cfb862ad4e8113eb1321fee,1,330
a75306717a374e3e004632ef,332,f291fae9b22a1298015b4558c6896555f855910a7956f555f384aba955b563c4,1,331
c19f4973c757c05c4c58fbdf,212,1f459182cb8df3c4ab96ad8fc40a78907ae748652a09e8bf35c27c5e367943ad,1,332
393ebb488fe6b0c7ee1e7c2d,933,b4300a964e16e4bc034ee03e36d9fdcea2efd1373370df7664ae995f99ec2dc2,1,333
eea2cd4cf87d577b2dd72567,725,9f5d01a05817b62952c684a7cb560e944da2111f5a57a8927cc3dd91993989c6,1,334
06aad0b11940bcb1a7f19e6c,133,aef36201e61b0458a2d19ed081ab5c76bcb980f7ca521b9c595a21067cc3ff03,1,335
c02a9f57183cff579cd02f2f,1166,dfee8ee14db9547e303deb0c753008f31ff4ed71e3b6ccb6e6aaf91a067db3c8,1,336
e0d11e20ff5e8ee30b2584d8,729,e535ad641b3b57855b4a21d35ca2f0633077ae63e6e45b768fdd32c0579d50a3,1,337
c61bf5cf8b959505ab6f6283,1402,1ba7b761c1e2323c79f7b44e8552016dc7b8543a02d7004231dd689d0482c421,1,338
74367e591c3f6bf83e963d62,1208,045caa6599a17b79a712879835d263612492dca30755cc552b92d451c0d42dfb,1,339
71e6f566de4408d4f3f4344f,1346,4f074219c8213d8fe17fbf2f49484a8965fe1e790068d159c998ece598d04733,1,340
b1a421757df37efc5f7983a0,807,5ab0076a39edd65ad02ca3ff000627a275a03c9b9029d225c97e48502c5909f4,1,341
39dd5dd3e4d0a14811600571,183,89b12e8ef4223f64060b6452ee1e3874ed5bcb991ae0557b9ec6384ffefa8b44,1,342
827d952cf7b3cefa42cdb53d,175,1a61d37907db648416587b4b2395107181a7cc9bd7e692ddc267b9a85e73d828,1,343
c73aca957b0e50f03bfd5619,812,8f5b319ca1f8c92529c7de539f8e9dddc549ae351721937ad0adb4b123fb5c03,1,344
d3862e2467110c962f65591d,1326,4d0199a12df2800b4d8bbe197010660213d194c81de4ad7b4fce2adb7d72f940,1,345
a404a0f2817aa378c4d84857,1195,46298c2ef757e0fd3c28cd743ab20af10f2c34191af9867555bfd890e7925d90,1,346
045eb9e0d682ae5259d04c42,1008,aed6a0830f02ac2df8cebb110e58625848b8f4b59539ca22ee81d1831f414310,1,347
44af5951fcdb6a5c3f49266f,1394,f36a586cae6b5748d6c7402c5da41bd37b6a2546b89429cc3f549506b3ef7bf0,1,348
fe9ce3ab5c9a9e292e9e3350,374,5bedadbb3522d99d8d4cb8f1e45c0b6e5e7ad67765efd055f26ae5e4fccbf2dc,1,349
aaff6a11cfd8b71d3f917381,1410,a5e1645761758309fd4bc795d7e0f17d54fdc7a01d77a477f74277a6a624bec9,1,350
a3f09a83475f7b06a6be4539,1113,db49a77530ff8f145eab5d3584b8ea918ff3168bea5c8e841935a9659ee9e3e6,1,351
a418ba8d63673a026e01d279,283,36e10457a73529ca69f60c41d1cee635b4604a904d2ba0bf74d332a892662716,1,352
eaa0574bf15b6b43b32798cd,1160,a4fb140bbfcdb28b65cfc7c36fbe07bae9bc31415a1d633666419d47dd7a403c,1,353
89afa51decb197695211c8a1,824,613183921752f1e757a5efab84513eaf09284697c3d8e28a8e56d89bbe761d7c,1,354
750759a8f32f54b888583c13,52,51f50db50c3f5217ad706a6258a14012be5288428e66d45b118c109846527936,1,355
28757e28a0d2feff8f88b544,317,931941842c139d44c884094d4a3b42d155fc8fd6a51777e22837d6ff73b02693,1,356
57a8d34ab4cfb985826f2338,273,de25b9f5ecf3c145b97550047fec915ce0ec71e14414f6269492ba6106d6e93c,1,357
d5638ad7bc94c4dd168394da,118,0f06a7f263172558cbea994cacea0310834f2ac2b6ee84b171a96281bce3c13d,1,358
a1113cb668919f9807d4ff5b,436,19b26fa976d4e5b36daed19e7e257e05ba4e68a487be2e52bb7d9d4a8e2163eb,1,359
6ee83a0735924263f637c7bb,312,f5b1f4c50be9fd99338e20ea0982111800bb95db4682ae0e292035ce65bd4aa6,1,360
fd3bf71fffd1e2ded7a70701,1280,ec376f64240e4b61685c60d1206486388eecc08ea8392b39db41a9696941de77,1,361
b341773518e9a2f37d13a304,358,60bab75757a66ef6679234669724518238dbe99f73317af7a856b4a95ff945e9,1,362
dff78915e7f5652440996d6a,1060,ba942be3b64a02f4bab1e2ca3586236fbc82415e4a46c8a8f7bee4121399dd9e,1,363
d89fe3c4c7d6bb857832f233,456,5b7bbd3a62fb256fb46ccfc040702d0eddebe7aece74f4368acb365354a265a2,1,364
18f779cd934d70d1ff08ae89,1388,e9e63f5d5576628eff78b26da139778ba9c16b6490df95fd559f5c470044c030,1,365
5627df916453562408980272,963,37c475388ebeb553dff514bfaae20f22ac5f94c3245999c963f844e40cfa7a7a,1,366
e14d8180543a7202c80f6f63,386,5580508971f534f5eac31f4925c2c50af815d274707abe07be20fefaaa193f13,1,367
2852df5595e17c4dffca240d,162,280bc60391d5a43927fe6333e347dcedf63fd69a0c0dcb12e9af62964089b6f2,1,368
ef95f192f288d033adb9bcf9,572,d20bd08ba9b03e1882dbda9f1400090b43f246f1d35a55fcd064a7c8c06fe166,1,369
c3999797807407eb5e157480,611,0746f0e61153e701e25076b65e41787b481304bcc5fa650fcc496376287ffad5,1,370
2e2c7abaea5ec514e8e8e1ad,96,bfd56ce7bc4af546c2a63f43d6613eddef5a2300e97e54681317a84c270f3a13,1,371
d6ea001ac41b6287a8d95300,480,b2508e57217810dd77c9c1351f89dbb09297f152955701254422f4095abb80ee,1,372
c205f3f8219ee6baf8dc0160,791,16f80bb0e4095c6a104d4a1862ed6516d15e96d588be32854fe303c4cf3a34ff,1,373
9cc4afa21dcad1e1dc225030,286,667c292fa403d7eb390ce240aece99b18613e9d3e3088c82768c36492ee7df1b,1,374
c899ab6f06f0aebb10a59e0d,755,67e5b904b3632182f22165fd2aad91fe1d89af032257cc1c83b41513809c10ac,1,375
47df2e7b09ee8339734c37f1,876,c1917946161d30eef71336097525f0c07f3eda0decb067fe2727f368140b6115,1,376
cb78b470d3c2d7b5a2f40afa,626,ad52865b697d6cf7ab4fc7363030c91abaabc43431154382e514f4a45fee51f1,1,377
be284389d156977afd33b138,1243,a3691c219ed578996779d77356828af6980ad3eb59f7fd3758049b5ad16dd1b0,1,378
9b483736de1b20e5d20358db,985,e06c8c01d49a46b60b0b98dc22a5ef7de1ef7801014cd96bac524cfdf9382db4,1,379
a55a27d6b0097ac7768bdd83,975,e0f58537e3346cc9068247f1906d2259a5a588628c8d491d1f41328535388e7a,1,380
6c9ef11bc115afb3699f9a30,171,d3cbca4f12d0208e9bdde4edff34db558d5068260fed42a101ab4f0a2e51466f,1,381
a636736231215b79a04d4cf2,206,0b1ab13d656ac5c8c9d704a5f375fefd4b153a1ad9d751107438e8fee75e1bf7,1,382
fe30ea8e39faa02ca0b82a8f,233,03ccb820562951894c59b8af21e75f08c13d5c5ef87b5007d8fc0624073a1fe6,1,383
77f2d14e13d45f92ba8d19a6,1047,7d8d33c51a59ca8cceada2854b6d8227921f67e756c9347ea73b227aa08b71fb,1,384
275588595a0be84846b81d01,756,813bc2cfe2affa5a6bcabb33dc872fe4861c22c6aea561ec9d140bdcba19731c,1,385
d282df585bc2832f4a3d8650,285,72be9e27a416d02162af77a23e8b9e2283b53618edaf6e42fd1ac00b3b5b8e79,1,386
be40ad2bb010a564b136b93d,94,6f4a306c14e62d0afe1992376e999dc11d3cff857eaaca19bd2a1166931d1c41,1,387
d358c3bf2155ebbf66ab94c8,412,ba5155e26af76ff67a971d16997cfee4d72bafefa57ee9c7d54d41d9df4063df,1,388
34650099bdd1ca99cfa57abe,270,7113449a12de1072e2257aaaf52d749d00af47b6141f2fc1ead42f3d9867ef34,1,389
43676f840c2589eb636399cb,921,815b0acf59d08950e6cced52ffec1fed580be923cbc4168d13cef07f8fd0fcfd,1,390
9ae8a3d6021af119689f386d,1341,b3394531082a52762516ec7c608ba80c229751fed9ccfc37d5f467d856f5fb31,1,391
5eeb26f09b53298138132a75,504,4c43869017364692df813f21602863190e33019b9ac87a91bda9fe4d255a5a31,1,392
ec700c97edd5e7aa15f26b00,105,fdd714c527b94cf7f94ac8ea3230574d3f2a9de92b61d4dd915063b5bdeb4b69,1,393
8eb187d55a401e1014bd9b5e,1334,85893623e5034436e8aa90428977dbadc7f87e955bd6149ef12142789515b326,1,394
7c60fb446790de2c2d1cef9e,474,d06d39d1ee5dcfd6ba4327cf01ae531d12272b85a7d8e662176728d775eb8bab,1,395
ec83e8cba457ff1a3b76fbf2,154,b49f14c19d6f4176956c436a611b0edc3f7013c55f75dea815505f3c635542be,1,396
060a9c903b11cfd29ea2eef4,671,94268842633f3c544ff7a30971790fe07f3dd4ac7f4392faeff55dd5ca5afa8c,1,397
bf5c3e3e52b8c61472552a09,429,3acfd2fc1fc653c9e287e23735e9f0f8d074e40ca581f6920a29b0b63f07f6ff,1,398
66b4a293260abf42a22d5544,495,c72929c5f494ea0ea5ddd85366dda18115de69c3a7a3394abb99c39c17ab6c1f,1,399
d3d5ce3f8a77967508384ba3,166,509d1aa4ee65f9f3ed1d945e3f16a691bf8e0f9c9be46825b7bcda1890101c17,1,400
8f095b9238506a5ee54eef13,541,6319df1f8a35c06a9998584c8e77330f160fe0712b9e2093800eaf3cdc078b1b,1,401
5e824f710560be3feff32ddc,31,f2d67842fd7e2f5a4a31e2447616f949682153731835c7bb9e342e4a367dddf0,1,402
32ead2dee6a67b0c6d54ae8e,953,b66ea093e71b1340a7b0be582d2fc4a6a9e10f6c750569c69bfe20ac88051725,1,403
2c8fbf96b0fee8eb7acbdc57,1182,a96458f2b416970b6f9464dacabe86d86e2161ea6e97ef69c1c3de9394b4ab85,1,404
a908a889503dea210a897a6c,13,364d11aea70396aeb826bfa6be894f2b2c5bce297bd586d1334bd1de43769b5a,1,405
dbbaac98f6408863c339b551,237,e24bbefaddc4466a83f1fb40fbb1c7b33b9fa6686f4e92c58ac4ea1a32584546,1,406
5ed33f8fc4c06e9fb585dc80,543,7c57575a6ed9325354b951b4602e6366f6780e7f33ca78f0b94d81a2f0770ceb,1,407
deed3dfdfff2b79ebb6d97a3,1362,da81952f180970ed48571b41628273f289c6d58e70cb89dc31c9ef40128a70fe,1,408
500c398d972fbec1cb8f3e55,24,6ba72541b986a32e224fa5d37d41e442f068cc1b88eebdef89c44a51537785d0,1,409
b0a18dc56163c16bf856bac6,742,2898e777b30ba7047836fa0d3de96452d5fd738d5af6cd411f6c5a6ca9acd93e,1,410
9f45ea05c0c6da24b60cb0a6,954,29b6f37a7a9c8bffc898b81cab57a32fe6c7c361597ced40f2e1e53b1756aa96,1,411
168e1a329c1c4d86f3175941,1105,2ee39cacb84bb17d35a75a865218a44f2e1349582d594b06f986b692c03ceccd,1,412
e0d533c2635677669199a15b,72,d664774017cd8b0fa1fc7121098fdb3977c27028f4779328c330edfc783e9458,1,413
c61c49f6cbc9df5484eb49c7,1039,382bd5fb72c49542f1f93b2de8f1df9b086f3c0f55d9de3e9f2bd19c224dd649,1,414
19759a53764fa09f76071bc3,1229,9f945005c60ca9e920ad1003d177ea738f5923ddca4f91566308bb0ebf734a4d,1,415
075a8c2e3fe51ba97240ebdb,142,d491f448f6f224f3db754284ff4b86b93632e15baa753397086797ade50e3f71,1,416
40ee2027a9ef3957ac1ad18c,593,70015a42070b254efab3d55e6a420dca754bc79957ad45dd719336825b9ec8a6,1,417
54b46fa714c7b11630ef0c3f,12,6dd228545c3903bd309a8051ddd6e2dfede32cbf304e5573df8e088de7a988c1,1,418
f1d39f08581fc07748b07b33,1256,977abfe332bc5c7e5bb9bf6c8fd39a4601a173af45271769c8a381772120ab00,1,419
e4acda4303f5859a1c58715a,1063,f1ebd031a1add8a935b9e628d00cc0a28dca485eab9059719f03757f4f72ddf4,1,420
a6fe793e6f816cee3c5daf32,304,099dc8e2d95878ed4565e301c9f890cbea30cc9e9f24a6f4e71795352c7759fb,1,421
7e3723b8cea2840552538849,1091,d3f073af36ff5eba542910c9b38179b00662af4e5324eac322fd5318ea829f23,1,422
d19a1619619603256e94a404,1051,2b4a66d8a0e12a03ba5f1edc16ecdcb94c9a53a9e6fa775158b871c3f9a86fc9,1,423
c750d2ed255d12b006efa1bd,1136,fdd1d7fd12955ae0cb0683fb29f7fe38bd071f1d343002d70e721cc0254be6ae,1,424
1d2804b61e4d211aa6c9ee7f,928,8810331ed0c125d124638f61ab799356f8de3fe266959d993861b37ca289dcf8,1,425
127148c24ddc269425c851dd,1117,44d0c4e9ec263ca70c5ae864a510188dd52ced1c22fbe58ff8b985162fca00d3,1,426
d3c8a2333fedef572c8ac977,159,7d264d2c73c96efaaa93c497d77673fb5a1406e0df6fd3c1bc64d4f87c34251b,1,427
402b3dd60293ee85404072c4,1127,8b99bfe82548eb4befb059fbcb57dd12383a13cee8fd9e1e3f418ebeda14775a,1,428
2e9ae30dfc26254382fdc659,1180,a3a10f940b96eee9c6c8dc20c875c4c61058352df5071d328b836248f1301f6f,1,429
f7721b80e95323e4c1d74265,165,f21ad8f51d106b924fcbe702cb02d4bff5ee342471df5bd30d946930f95728ee,1,430
3cfb7523eeeceb9a8dfdde51,1097,f450cb5d8402d09e912d0981668b58dd91d6a20a59ace41c01a50ecbd4884631,1,431
7a5b19fe119946fdc0026dc0,1279,32263c67c568104d510750622a684cbb90741df6cddbeb75d6d29847357b700b,1,432
43f56ce52f7bd1c860f4ecc8,1131,45b2cac109bd5a9df27bb3b588ba25e4afd351fd2bd4a8e48eedb4402d65fa2f,1,433
4afda43f8b78474ce0ad368d,1021,f38ceca0d54fd207c7f9d28a0d17731f63e92471eac8eab921effdb5a442b114,1,434
054fefb372f5b1d310ddcd03,1296,4ba4625b97eb6270456e323793dfd100dc86e8b0c6b8d88db53a9a50c91f2d78,1,435
9d19f284bd3b0cd86d15dd35,544,f462ebefff833d67b5d980cd2ffefdeb880a01e970e84b9fa169d030333ab89e,1,436
8b1aee1bde96de4fef37836e,823,46cd92ee62cae6c2c410c2e3b8c628720b281074ae5708eac0c3689a5c75d592,1,437
f69fdc9157b1429f7178f366,980,0deb3435c1c1e8d52b4f17346f412614b1707ed1632e33f6b6c70222de13d8a1,1,438
fbf10c348f4091e96384abdc,821,1324b1b7218678e70b933122cb9d6fca80f403dcd959063a3551abb76da220da,1,439
0f0cb4ba4b6d077fb6395677,370,11d7e909f21ae995a0db975589c63c5d89a0230fb10f90b9aef97cc32a833bb6,1,440
afadcee6ea4ca1caad0b26e8,1343,88961efffce089f35095a8c0f7550314c36e45ca1f62cce048f040fa4d4e1ae3,1,441
d836c03a4c75c1bea7784690,1064,687ba85a5f0b6e27fd95b62a68d5e99d576a03f6b4d29f7a6fdab54b1db54da5,1,442
554f3725e7c7ee52d336e503,323,6e67e8d611774fb2048324bf25aac99658c0fb07b5ecd2433ef72b8701ebf3a5,1,443
d8813395618e41e1ede17958,690,cd10f5fb48c9cabe467c137f352efba380f3978373b3732ca118df0e546555c5,1,444
0dc0598a0c56c7f75103c9e3,841,3505986f70920beb123e6b6f1068b2ea23547fac0f5ffd91f4b1940c88f76d4a,1,445
f895675a356b7da09a678c63,562,9053a0d05865d8fc57b0bf37402336068ed1c1c77a56f24f9d315497bde4dc85,1,446
cc174d4261afa9bd4f0cba79,991,174d07723adc1a1b05004c64cd1f82cbaef6d57b3a7e0bd147e841533206253d,1,447
863357b3150e0d7a4bfbe23b,650,9d83b8ef8928d0e3bba04a2814fa30115d5e78dac72d93b7e2f584d6f5e55d0e,1,448
b102020a54ffb9e8fbf411d2,641,8f234ab078c4664fff1d880c6af9df27573d14503fb4a7e84c69c3baa84b8437,1,449
b379a243810840272e29c64d,346,e22e01618c441643ec7558c3773bb26cf42474e8bc739b99f3f3a7d1952d790a,1,450
138effa48afaea652a40597b,324,efb3bd9fb7478e1bf393ea1d3d2241b8205308bb51dccb6e01e6ee57b3c3844a,1,451
ebee07779e6c050904214e9e,1203,a72ffc6b11e65b909c3359534e6a87ebf8b70ea19972589e687b6286e516191c,1,452
c28471c426e6d0394f3dc891,177,e10c50a954b8a8f4c24ddec86c4b2a00817046ecd16fe0c59110e895ee51d292,1,453
68a572c512780b9818c1792c,27,11e0b483c17f4d95484b66c6412249ce2342e9e6f5ec9d5f59ec58abbe71fbc7,1,454
133503b771db7c0cb5c1b3fd,362,2c9c245204d6082e1f4cf2fb7085ebeafa53091f1b238cf4315dea0897a4ba07,1,455
7eb50ab75b6a9822b8924ca5,1197,f086395050150c317a3fb2e08434baf8e7d53709399a849356b5f0b99e1371e8,1,456
9f8afedda1856d6505652584,1086,fefde9fe25ee34454250a3d53b9c949a29e3b8be5bc9ac155cde6a269e5933a2,1,457
b3322daaa9b85b4a6f0f43f1,1386,32bf24575a1e06130933af6ba41cb2c88f7ad661131f096116bfa32bf8505c8e,1,458
d0d6bb71dbef4b128aaf62dc,1104,44dd5021b7843b0c78b50cd0f1cfe468e3ab5515e9087588f88ebd5d8c9c8c22,1,459
8edf69661822006b3fea750c,440,f71e242fbcd108e19ef7394afe9b6c2f86ed958392fff8da81ce8fe1b1ce03a5,1,460
7bb928e1694f3d5d1dcef6f7,535,f94d44886affc70ef0abe931a3c5a850976793231796686c3a404e7ae96c4410,1,461
8c6cfab735da64fd28fb3f5d,263,3daeaef32f902f1f68f8df839a5ad05361be59c130386940dc4b88be502b8884,1,462
40a0f9e9fe1307699cb7a354,445,e3e0d39f536200511c01b92af439c8d3a10d109b62e88e71ee25dc703f2a5f2b,1,463
6505851743343a9a95ecc512,990,c0a2c5f0a1dde01086aac3753531a9e9d12ee7474da334cbb146257e4c48173b,1,464
adf25fd5fa9fd27e0dae4de1,732,29bbdf028fb0504e248461d3f982072d73c694e5c4f0875c859aad15f1de2e81,1,465
976dcd2ec62eaf1593ac989a,1252,e14d3c7fac893e0243c34ec703cb19d6bac2e58acb493445759fe062c758de94,1,466
67289cd9a4c74de1dbe36937,912,f3a2686b7a0d57ac5ce7da2146af4c504401059c34b1a8441be8eea24fb3df0f,1,467
5c9f9a05c83aa58cae293263,1239,4f5c9091d5ee0aae51d4453bee5fd7d88a6ba4e922f902f5f41d3d4dd3357deb,1,468
1f0db18a517b01425d2a7fca,315,1044e33b42ef15bdb009c354302a9c4535c24ffd1158ca33685f8b1b21de6af0,1,469
9b2e58dff6f7ebf4a77e2106,342,0ddf37d1b5c2e5ba837a9337881bc38413b44c73d17738a898ff1257bdc96094,1,470
f70df5a925e52ac7c79a4b04,5,31564d1562c4cc8749850874d1683aeffb9f08cbad27f4293fa9b4a36301aa0d,1,471
d3961931d84b594a36e616ef,299,87ba76d122e794ef2aa148a3835d4c6d0ea0c79ddb397de914626ee4843e1f0b,1,472
f6df304031353cd0b5d420b4,245,9f1050c7d6300a4115be4a134b5a37ebc7485e321c3acee7aee72c64c4e3a67d,1,473
28545658675e4fb13481ecb4,1114,39e3a00e905846f11ba369a6abdc92504749e7b4588e58724968fe26f8377a9c,1,474
70cdebcf3106c8c8a5d25fad,86,b8902f2371e0d7bb06a6e6fea7f54581e04965fbe9de0fa98b388eae4d0c2a6c,1,475
b2f4e55b639a7d21096472ba,240,510348a441b5df74345566bcb1fcdb3ec6407f070cb5aeb7666dfa7d25fa804e,1,476
ec3eaa21fe0106dcc5dc70c4,353,229845b7bc7504fff633aea00daed883d7fff536584e335c1dc17ba00d337ed7,1,477
f493ca31a1125feb35b1286f,350,9ace443a08d71e48801ad89793706f5ad041c00412d8768e9d620a8bc6e13724,1,478
ad98143f0a6a69c90dc2e4e7,1033,e40be41e1714c43bda4bad160fb6ed0d60956ccd25485e984dbe030d6fa551ca,1,479
fbd0cfbd3bd8d6da458ab8e0,258,e4601147e427bab779f40f46ff5859f07a1db58ac621d1a467284fbd8dcef5d7,1,480
81ff7290c0cc0a6e4a1d2a7c,1396,2a410404ba55dc295fd2160fed319a7278c5113b4f408db4aa1206cb9476c08e,1,481
8298ca681c12d6a91c63c3ea,1092,eed5473349241b0b2495ef96329c1f1e7ef67eb0a508a4ebee6599895d899902,1,482
5d3c5246ee2e590ae1378c80,499,8a4d1aa5f2847cc09775069dca32374c00b5d330c0d4fbed99d8cc1127b4af0e,1,483
2c3872c128eaa70fdc9c8570,962,16511ae83925346fcdad885fce3cc5649d0a823328e6f7b99f8853a5d7613584,1,484
b6b665344c2d4ccc2286f45b,1289,c590ec9280dc714b6f939a1957f4b70534cbdb4e4be8b3b5c39002f509e982dc,1,485
40347b4c3f9f75812baed4ca,1009,e10e1f9eff0341d5ccd34e22d8b7e5eaf915f93eb8770af6aad6276ff558a438,1,486
45d869ccbc5fd241701d8459,607,204243ad3f46e57864797caf731f617a530287d8fc83454e7b28f72e53fd7077,1,487
48f070bb720f4dd9bd40c3f3,82,8eb875731d7ec9bedbda00647175cbb70e8afc22c84222f3b9d53544c780ea5e,1,488
56978b1dad4b9b3e10488fae,770,66d098ef8be18a9eeffee80dff3bfce66fa37271766d23a23c8d9ec4cf539df0,1,489
895d6ea90ae52e67c59c1e03,33,fbff960c9a2a6793b95405d6f2525e7aa63a41e7b3cec509ce05ac3a5a99a5d7,1,490
036ab0e4109ffddbae34b24a,100,0275a69c8c2683ab951ce1038f129bf7296269b060494709bf0eee9be96dc514,1,491
4a1dcabda1f2b4a1d9585e83,1293,b9a983e3d463316852b0df2596dd585029608a5a45965ff8cfcb956ace6a7ab1,1,492
e8e133e63f0a662b6edae80c,1278,1e44bd43dd79b58c121bf60dfb5473239f488e36b7def4ea2d626aae69075452,1,493
e031b1b5d96846b157d571d0,1087,1e186dbe1185a2dd4424b3424f85804b4d1281ac27dfe6b0ac901c70b35797e0,1,494
b9f00914d8f108d15a956248,834,e1aa3df6b422860f6aa3f55f15f6940d77fadfc1f740353bdfce873500d14a89,1,495
f0b7a71b3a96e66952436ec1,698,e45e80d173ec7735e719df88d52c2b48e2e1c0da091154fc2b06b3edbaed7f5a,1,496
6cd16611a3a7e9a5b06d8527,196,68efd8061c9875f3706af404db403fb2d91a992b1273fc3c6b9ee4b99ad59bb9,1,497
f4ed0ee6e84cb5feb192be7b,58,d801d74d40fc46636e3efe6d6823163ccfef1ec8b0fe238559938a3fb3b61d08,1,498
0ea8112c537f590e12790267,591,e6b6171a26bd8e3c5698b478437ccc3cd7a7ced96e311ef745ebc2c3f3f57154,1,499
e1f7cfc58582a1b2a89f7c47,1134,4152a791913cd7b0d67377ada6c99c8721a9496e0152230be55e1c5864f6fc3a,1,500
6d0444f4b81e98a4396301a3,1077,ae96afa91b0b07feee33f431d1c2f29f3792e63a0c25b095b29f24e509240a4d,1,501
8c4bce9ec7d6992d9cde39e8,344,342439bf8803b7bab5c2d7157ab7989d6ffe4e985dd9dd46ac3c36cec011a9be,1,502
59f5c9b445e986ff0c120dfc,381,c6512802b02733d32a77d95193370c59d36444311a2da2e819522648c5a86904,1,503
079904668957c1ed010693e6,1213,b3bb8949bd81e3ebd97db538d96b1d76bedaa958a77f47ead701877924bd6d96,1,504
84da6bdcd730cf400a50056a,805,e0dee76c3255222c7615118ae235567743d2f3f1bf25ef80e2ecddd675222329,1,505
97b0102dabba4e76012c663d,1310,7049cdcf6fd2af58ce63f62e5ca11732b5eb0cc6ffbc690eec81fee88b9473fc,1,506
82329265f155274a4328d660,83,a8b430aab189bea41310ab877f2cea49b7b5a2f52561728de75d5b1cec84ab10,1,507
880fa811f6853f3977e1978a,529,afe848fec4f7ef11c4ddafc968c8347e813f4885b81b71c31dd19d92e8f46430,1,508
ff15b56d78cfb28c1b6c40f4,1082,3456eed3f0be193564d32b5a7c20582e7d9c520ae52a4bb11d65c5a30253e24d,1,509
56254eef262ce1d90fe18201,808,c0eca261846543e4d980fddb02a0c12c96d0804d7a41c5416b26521efaf9b678,1,510
e22f840f75e760edf2b73e7c,905,1409d4e44416ac6db7349232a0254a4ff398b585f8eb8c5ec28295ffa812b349,1,511
4e73634ba142ddd47c7d853c,817,3c25d2b37ecba7d5cdec7777fec7911b203e5fdfca620f60e2ddc9c319f5c24b,1,512
fff8555ca36ee5ea05472b5d,279,a0435b2fd45da59d1defe3619990407437b1492be74a9f0d9d9536a2f0ec09ef,1,513
0db0c395fc948d412873730f,71,e70c495c8acfc2b76112c3fa8fa84cd05ec977cbdcb430fcde96f2b7b316d19f,1,514
15a744be390094564ba73e76,198,57fe690b6e1925bb5db18540a634e2b72f6acd381039c132e459e89ea0338063,1,515
abae59a9bb9dd98c0df2fcd2,1303,6a642dfb239ab25b3f623ac45b5886167cf814104b384d11cc13b796f83d33b0,1,516
b29aa84038f9b2d681264b13,1045,fe198aa4fcf0c6aea18323137d4c2637d5594c6b645040bde76df77ca510eda8,1,517
ab0c39db55b33df0ab2fcea2,186,a37166c79117e2f3153af44ae7c6f689b2cfb7458edf87434210613204d4bbbd,1,518
ebdce5a53af084773d1002b4,781,8bf369fb099edd2b5457042fb8ddf1d259dc274066b81c86439486040bebd022,1,519
b16c9dcc9a971efeb26a7b6d,709,6257d77c47e97760d72575aa2decd9b79f96a5773e1dc64aa8082d519efb3274,1,520
a351b896522eeac0234c4f3d,939,5d62a07a5f4f60a1bb03e107477f80ce7b1779ac157f383176b711310d3c310a,1,521
574e8fb688d68b602cc209e3,860,b9f3afa8afa982c40d221e0f06c4d2e6375e995ce5d666907908d499796e8c2a,1,522
a025c5a8d88546d2862bed0b,1037,ebd77fb5d4572ee0881594b07bc859c74385083c6b43136a4ab68ccfe957ade1,1,523
5010645f37ed87771b92fc41,1161,4886eed52f556480281aa582f6adf14d491f7f01fe9b068a2bac5dec80dff254,1,524
0dbdd48267287d3ce755b969,113,57e0015a69745ce6c96b1cc3ff7536442eeb531cfc7a63c0bbc1dffbb0254ab0,1,525
4ab15546427865e4b14b1e5d,727,dbf81a7b9861c0cb1c64f7f196b790a9a5d4d5dd71b82410c28ac9172d33579c,1,526
06edfbd4d8c4a4e18a512ab1,163,159efb8abd22a81ec045fe29cf15d082b6096e30050f7e13cfe492b7031b751e,1,527
11791a2fd5ae671bf3decdb0,50,2b7c44de8c537c34837675c3e1c97f845f66bf6dc7733d35d66d4472da0bc5e6,1,528
a18120265f495dd1e02c39a3,468,d0f57e08ca54e2f0c3e8b5fa2a60f1ba9fb712f7171fda77725f5ac329a53277,1,529
12909d177fca2476a59780b7,1006,210d3745f5ac7e083de1bb9047d08ca1c3d69eb1f1f7fb5f988dbe4d8616c17e,1,530
0781efd8b927ecf71cbed230,943,952a1840e89385b1dae3f7e0f7e049c15edf38ef4920fc7e9d58c677df9b65a7,1,531
cbc57fb70c54ede1801ba606,635,bccde8f0f0773069fe63dbc44cec1d1488ee93f5af96cdbf9c82166e5ef35f6b,1,532
8d2ed816ebba35be0353890b,1379,885290f1a058c15e8a6c928e71dc42c8a32bb67545c901dfe07b176564cf94c6,1,533
eb66486259381f0fc9bc1f33,1276,9f0098f935d21b638e6df9142c51ca95db1e78924ede651d4d1966fcee929592,1,534
67c98ec30faebddd76192c1e,1027,96576cd5019d700fc17fa57f56674899f0cceb71c8088ac596990b17a8bcaa5f,1,535
bc558f3da90d75d15d5cb01f,839,7726fb460ab52272799373bf423404fe75abe783794fc738055a0701a086cb3a,1,536
749ec71a6f00ed827fb91a08,1107,c7efa1d5eef5eae1de991afba20e17bf7b0b68d18c55dcf208c0587d2ecf6c24,1,537
b1c0e89fa1495ff9abcaf2b3,582,6dc5e7546703457938aefb67fbfc6d372d5f208476ca6f3c629a0d4cbdad1612,1,538
2a79660de3dde78e685d1153,581,6771cc1813cafd317480f1f5fb1293231aa804f49e126a3248c7f98d0f44e62f,1,539
57469234fbc91a03d4a67aa5,470,ec036c45a34ee8da688951dccbecfe32eda0d72c485ff3895e05871c0c8be1ec,1,540
b2ead13cd03a5b877813ef67,115,3c8ac5dd01803a3bc8c2c57db768739afea71fc561a62c2f9f2ff36f1e92a3d2,1,541
275d524474e45a09ccda9c87,926,1c7340c03dd83b7065c0af2b780b4b0c445de80846fa5d46ce05671847b8bf23,1,542
71633a99382359a429d79e19,884,36615e401109d1654c46693a662cdb746d5bba6390b8bedd059aa1b238556432,1,543
fce72ecb6763c77f01c34113,720,de31471a5e5820d3c5fc98dc48da963b951dae06b6df245823bd23be678bc644,1,544
96ea8d45e71808557dbaa068,782,51c6c239f73ec62bc99b2435f097b087c53e009b27b050dbf4082f83c28d5ad5,1,545
5d53ca6488018ff7fb3ff7b5,748,09ed9701f1f678d24e82ef36a47967050b3701dbb54e593b1ea1e38289f289f3,1,546
143cafe78864a209bc28a229,1049,aa92340fe5f441921b43e3e448d859643b626482f56bc60d16224c43c2b37917,1,547
f4d414dd674d3f010ab21436,305,f7ea5013e46a8f31d4f3b902bb0d3dbb69ffabfcf8a5f164660855466b9c8650,1,548
ddcbce281e3e1cb7e0784827,184,fe6fb6b17fb76487e107d61fad7a28ccf234a5adc971a9c1f28c92df94592864,1,549
0fb943d8d2a3a5df334a03a5,548,8e46e76f4911189581d77262712bed2d55383e69c304623bee0d26e9b15d1561,1,550
c3eb4e2cfffebeaf86f17f9d,539,aae1dfb51070b7eb1cf7cfc3943b3831768ddd74a2d51e4bea3362d297ae4145,1,551
9aa8ff7897bd57e7cb04b7e1,151,31310a9cc4391289abb64a65b5525ecbf3b3a958b8d7fc36ac750d22c23d734a,1,552
a653989753197ca151238550,957,cb8ac5fcbb835da7f5d6922d78500946c08034e608f5a420e8fe0f7ec9271f45,1,553
3527432f0771ad98102c7f8e,588,331d7218364f82e3070a42655e1d4759c844a8a0b7cf11815c7d7c22dd0072b0,1,554
f5b47740531ea5b2478ed5e0,1230,0b0a3c8cb7f3edc951196b72296fc4b13d8869380092978d00787e25d60695c7,1,555
b6104360cb74a6ee174e2b95,1288,e45cf885f6dfb5af20347942442e0da7c0fe46cacb7d95b901daa363721d9047,1,556
6a73725476beff2a03ec3e10,971,775c9fd9d6af66b475febeb21849bf0e055796ae8abcd6504442df6da6510e62,1,557
06a0131951c01f4ec8b97e3d,1311,f57929202dc86a11baff3eb0004d67ec52898910a4419284656c962a362a92c7,1,558
90ebbeedea207dc73e7f1555,103,89b656ea2975b262ccd02c0587a124083840d20750ad88d7615c38b85d00e0dd,1,559
f7054fa9778dcd783a5dd614,813,b9c093325dd292df3324c759ffc3d2886ca374d446e91f2dbe717d8c6601c76a,1,560
0a73d9590a59d85a98bde984,708,be84a799a74c328bce403d386a3a7e67866c225e03939284d312473c5585a6ae,1,561
cc21df9720b22aa3cfe64382,951,6c8553813eae19f7e6e1116af8a74cd5d93393cdd0accab5cc5369da6f1ce52c,1,562
b8c05b6b3dbb903758dc443a,1,5a0a7f8785126a2e0c66697552aa88b5b567b0ef6ea27d41215c185cad0d7c76,1,563
6a0b2071b2cae6b6c933ee2f,1126,8289af77719cefdc6b879fdec0b2e59f2100dd53c09836ed89c265175b0d7e89,1,564
3735a59b50cea925d6404f38,56,e8da20364119c9bd2bb36afc5ed85b24c2b61624ba861d884e19f9df31c87657,1,565
6d8c749944cbf2840baf667e,1381,0fea17367acfced788f2f51ad1d20c817f614daed0ab017d9c317b331aabd5ac,1,566
1b09b8e2fd13c36dc0696ae3,848,039887f5115c745cdcb116d02ee9e424cf9bc732cedd6cd8c4e4b68f7e0836de,1,567
dd3d18729e8d6c94867ccd79,870,37e5139003b32fec30885fd018dc0f5b69512952662dadb07d24a43adc4b8c4a,1,568
5ad78106ab208f97c0feebaf,655,f7428e46f529ac287b78df637a6998a50fe598aa9bffd076a360cc7bcdcc3c0d,1,569
029fd0c7ebac0b8629456f5a,528,f148e2be715d43a61dea540dc919c49641d5ae20e900a63d0678000ee301d533,1,570
c95801acf838cf4d98026106,1173,012e96d96c6f99481d2704e192dc6e457fce6a755756e16db02a132ad0be78e7,1,571
51d2453199de8ff6b3878239,60,1cc7cae16f68a2415dd83a0b985fd8de9a905d2968074be386363cacb975fb5f,1,572
847520523bec00c239ec2f84,1231,227412416bfaa4a4f9a8d8a9087995f59a68cbd84d8fc145568d2da2b2830c97,1,573
1244424a9b14255fbb851014,1057,0614e75191d045da7bc67982ae82ec1336e9019564f88951a0dd2044734e5a76,1,574
9f851ee7c5405ac6957ec70a,447,d1e2d382572b1aa678ca806d78f39a9415b863e3f0025164903be21df42d4709,1,575
96668e6075a3e86a12cf6be1,462,88d128c1def7d9e0e146c169deaa1d0b052b1e6ccbc089a07ffa93fadb93158c,1,576
30fc1e728b3f27ac28e77327,703,c1a3c431d3007c9f5c7d17fcfd24e260bead7f3fc5eb61d74368179bfcd02051,1,577
1923e80120e7cf53e24d7eac,636,13c83e4ba5f41ab683bd09081c7571d4d3ad99b3dd9273fc188f94ca2247707c,1,578
2eee955dcfc436c70ba133aa,532,3097eb8a279f33bae4f5adb7af0284ecb8b423dd1c03c8ed251823c957aa4927,1,579
87452b348c59dc562efb267c,892,0eccd1ac0c07550256e69150613e3949ca87187730f913d4f82816586e098842,1,580
bd93b9bc302c2dc8ebbb7de4,1244,f8f5f737d9d826379befd1dd8bb33a1759e1bbf9d07dfda7121f7bdc8d73201a,1,581
e7dd24397344de6cd8249193,1319,b417288fdc9cb850023738087e582d7d4cdd2f9888d0d0bcb2da4ff0ce4fc1dc,1,582
3d4e8e152b502cb1d9dfc817,107,216841916593167ace31fe3b3ad612417eebaf123f81734b2cb6f4fdd0e8d244,1,583
2275c9d49f0fe7b19bbc8e30,919,f4f476b6c5da4063861af350885112bc11669a7cd6b74da6ec2590af86c483df,1,584
2dadd2b7bff7d37e80e71313,466,a0ec2e4b07e6005cf866ef8702f405a8a656ee8c7089d91cb592e2cf92cf4999,1,585
b4fbdfa2c1e5ed1222a14587,1413,089b5d88f6afbb70a8c9ec533d28cccce4d77cb71812dc8dc9253c82f96cd90c,1,586
06413aa86696e2d92e25c60c,1194,7bfa8f6565f0d462ca37e8b1a23adeb1b68b713b6525b783580953ec4c2b6956,1,587
fb7d26c31b4f2c5c3e880756,765,27cb4b91d4b37d935388e28528f30fe95aec4ada4b7df85b887117225edb5d30,1,588
c45332fe19593ac4617710bf,335,7f4c8df8971f7fc39dfd37024158fd85675942c84911572902959eece40a828b,1,589
9e01ecd7a93803e6d7ca2371,750,995798d3a763e52c98f9d1080173dadec03d56b2c12e2c202b74133f290689d2,1,590
e1dba73edf72b7af4fd83c4d,287,85b048c165d39e5692519588d3e445bc671e0f3b20df0a86169276eea68b9141,1,591
58952a1cb802a056d9a7a224,1401,a28ebe36ce3191d4c10e164a67e910633b359f965d24c311e6ed96695a87855d,1,592
07ea50b33130dfadd735fdd4,645,e9514a701e2899d3d885616ddf01425c6425fdb647a63aec8aab8aaac475ebba,1,593
72bec96bae4507d076b88889,1245,f659f865eef36f58ad29c372394af1c2a8b2779688ef23f4ee517d93a2d78e28,1,594
a5b8f62d3de40f989d2699e9,687,4e8e970837e329dd6fae428eed4b11c7df2357195581bc54f0f506b094cf2c7e,1,595
9701e3c8ef112717876171f7,238,f4de4278e76771e841f3e350b4a72ec74fe90e77a9473c6b3c9b4b8cd24cca0c,1,596
924b27f8282ace0c5d7e26c0,842,541adbf313eeb0ee6e5cc17a793d8bf1e74dd4c998f64ea2c66ced6e559709a5,1,597
7a2b094bd4e75c3095427c5d,1059,441d11dcbd7c030f0b79de48c264d6a8852415f880d1257a77e4f32721c6fce5,1,598
cfb22cdcf84368048473f610,845,cc4a5c9b5bd7bf6fb880cf0b1de370c468a4660d27e51bcc8ed89349e4322b37,1,599
a8adeb157635f08621027394,969,773d1e81d5fbce86dd4afb7a8942f107c679d03abacf317e4b7674d7e32f7b0c,1,600
336a14dd1b895754033f8d01,314,65be0e8d4bc08d7275bc847d3357c2821bc4cd5783b3cbfa3a45635bf06c83d0,1,601
a3347eddecaa60ca2a63abec,517,7da28cd3a609be972246184b0f327e18a38d8cb602567cd80ac790198a3ec3b1,1,602
985a7b7f606f55156e73147d,1211,ae4c6d3ec98f09759372ea71ae9b6f5d4eb22f3ea02805979b9d61dc983c4b28,1,603
547bee53eae8b5c93e52dd88,391,b037e30ed3edd74f87c718d4e5b2f04567ed1c49ac68fa02829d952ef5dc27cd,1,604
247c8d8bbd5a9c47c3b65766,684,d0f0cf01abcc756b9ead2a8e871d5f68966a55fe4bc0b329c7d1154c2bbf55cc,1,605
00597c277f7c5ff1b5f69da5,760,ae2ad57018006c35bd0df1c2cd6fe592257eb249ec6a8852e93eebdb69ffaf33,1,606
f70a4c67033893329485330a,130,4fe7df03596d514e0e295d794c71a32e272c062b42a2987d237a22bdf5f9919c,1,607
21cdbc5dd734eecbd6b03f9d,1342,f8acde7fbcdf8463bb418cca63cb4816ed5c9b3f4140eb9c0b57bb4906b1b1e1,1,608
13e3b2af91e81fcd9ba900a4,1074,1633a0f6b59a1db777faa716f91e17c0585dd6b72fb80da388d28e17e006ee4e,1,609
8dfd6357ce73de6a8c7c9222,349,e1a8fdf7d0b9cbfcdef84eac440f391efcdf80e8c0be5f7171a632690ccd767e,1,610
1e965c9155ddeffb5349a4fd,372,abcf86e9d4e3a7ab65e71b376b875f5aca53cfe2be181a827e5b786e8cba2ef7,1,611
1df867d24b0e7cfa9e39918a,1329,3817a6aad61da9287967eef6420bfa3c8d557c04ed4d3db7f87a16db84817bb6,1,612
5ba9d008c0d0f951ec5949c5,1184,7596a8b2a81c8afbf19a1b9a031108e985c9b9263021923e9efd71f8c2c5cf7c,1,613
3511c3030a032ee2958ac5a7,496,d18a9163c4b2bd1bedc866fe22a204817a3576b078bd32d246810803233b2433,1,614
818d2cfd71d8e4f197d5d298,18,039a972820cf540697cbcbf9156ba30a98b45af74ffc61f22181be6107897983,1,615
181ca8600d94da2480489116,109,6cb5b6dc94c86a65bbcc674fba57ff32d0714c9e110f25be8a3afa39b9ef4a01,1,616
ec6d37e329258b8801307ed4,567,d728d072b8e93b7db973815e4c0497cd799730e9db068dfbb4e957efaa991235,1,617
80f618eb02ab1404807dac74,484,5b61f837fdbe5f68b7915232e5b564f42533c474cddec5b32acf4dfafbf06611,1,618
5989b7c8c15c3377f0acacc4,345,b3dc0158e678422fc89cc9cacd7e1ea31d637f4a53608c7a0e979cdcfe00019a,1,619
a8cd6abc55c95ef6aa93177e,1236,99e75ebade2348b4f2b031860f0dfd32994d3393390cef4b323e86798d1a1f48,1,620
e17856639ca0e2c4bdbcd30c,356,e4aafceb38ed143785beb751001caf685deff29e0477b0d01b926f509dd8766d,1,621
89fa2dd32bf3456bea342daf,688,ef83d4f95faa88e48eea3e502d1e30151ab77d2e5d0cab5f909451d62652e7f8,1,622
e1662abd8cd88097019f22b2,831,e3a7eb2ad7416fa0e652de38c7f2d48611f37092477afc3600536f09008dcf8e,1,623
89b1043e318ddd86fabf9bde,1112,20b5810fe4ee3510c2263550ace7768eab18bd893adea2943a0631c912947850,1,624
79bcb5ed29f1d84478db8d51,1108,eded1a82a55a08d0cb1761ce11bd7dc754fab433560394690a363c2e3607e022,1,625
eb3d3f986724d16abe74936c,648,ba1d7c21273923195508cc36edaef5a4e2a48898a64f991e66c7b4edb5105d13,1,626
90636b897dc5ca413f806f5e,883,9951e0d5087de1df8678aa70527f52e3660eadc433e3bc56dae464607472bc7f,1,627
1c3a0e50f9bb34a7d17299da,1010,98b68d95f82c84fd666794c0d71eac5401256c2515174b1b04bf8a0a29507287,1,628
8912ba5550afc8ee7c794d0b,1358,1826c491bba9e9e4923e24cf5eba720c10174b5368fee787ec9b355149c5888f,1,629
9e6deb1f8d5f2dd63ee9940f,1168,a5ff195b266c2c9456adb068a21d4669c5cd1f82f9b57596022677992154d06d,1,630
2150ee02a20c08110e1437b0,815,9779fc734f5f142989b2fc759a13d6735d65453f7c8237c6125baaaa1176852e,1,631
ec83106fb2f82e021631aac3,152,330a2b593c635d2632df10b6bcfbb171744ca5e67ce640f79b224f3beea95d0d,1,632
876c831d5341d6a88274820e,973,2f3dcb5084651616306e44d6e36d9602fd5218e609baf9f5a98b3fc6b7e9454b,1,633
9d861ec198c88097a55b4aeb,1263,ef1ed83d0c071bbe4d456da909a990670a9c84d3d09401462155ea700a32f2b8,1,634
858a897320705e41821ebb5e,900,27728014d1f2e9d5b45b307755eee25ad0f03d22fa9d6612a57de4b01c66e7d5,1,635
2672b2c217a5498ca4239327,485,90322f68e51aa412cec93463dac91c9cfcb18064293277c46fb04a43582131d6,1,636
cc709a88332857489f57c902,136,1506b882d615c2ac4cbda21ac800c4f633e9ec5017def17386b2ff45c90ea17a,1,637
9ba68b79d116e548463dfa09,880,f4ca5c381e0873db4ddf7e121876686e35d12c8439ed1fc6b33edc858f715050,1,638
949e3fb880d131cee055e50a,73,71e305b1eb789e0cff508e70a056c50d4b5c80f7eb76e96c2d9e562f4d0944da,1,639
4b393e8de54ef35fc9cdb5d4,540,2ea375a22cc0b7cf75396ff386cd40907e2a290df0b72462e4e14c470f2775c5,1,640
eea323b69fd6fa94e0e5a185,99,a13d6d55442732445fc25a52381b36d59d2456898d9cf4355b381ce5f5a7a28f,1,641
1f033ee94a8dc26a563696fc,1046,e6c5f6704977744afdf3aa55bc9a80f5920c7b709c41c87f06cf4870839fc581,1,642
5fcd0465b8435222075f1e23,1052,2146e37e5231a6450ea4ddc3e0a4aee1c1a04ce0da91c7cf050ef7065be388ab,1,643
725b2f54d6783d7bb9db4ba8,161,815e58d234d0263da24b96415a5a2b554399249cb56d7031be4206b420b4b641,1,644
905de59da0187b88a59ebb04,858,7d697ba50da4ce79d2f0320e60b09106dec23582f14260e161ab6730c1418e54,1,645
c9eb2df7aabd39ff5cda9063,380,b8da853ad5168b34f222f457e13accd402638e9b0336ebee2131f1de8d499fcb,1,646
fc77b824ef0f7cb4f6b61fed,404,addd3dcf1d84a13295e1e6dbe95e3365412be273a157a4f84d2baabeda6aee03,1,647
52a46b5a71d93407e6e65ee6,672,69cbbc63d1fba9493fd337de38c91ff900d876b39ab0b4c44633f113cefe4d25,1,648
81a62b7c1ce3010d892c9c30,1148,95a2fce0ba1f9c08332786ecb33a03784f3439088d6f00f7e1738d9fe605d2a8,1,649
b20e50fec9bdb7fa9fce077c,405,00f773717ae280d5f93b2551a9ee5060b4f5d2de090e105deafb8a55e07b2555,1,650
f95e422bfeeefd5c5412c264,1367,ff91a356a241ab822d1fb3b7faea93a349666e1bb782b6ee055eb46eeb41a1c7,1,651
dd25e28bb5119deb093e3d57,341,bbb9ff59ca4da3e9b5ce447921dc24b3ba1ae20b84b69837c728a5619d715efe,1,652
7ee910cfa4d812d9347926f3,190,e657bc4c59e5c784291bb69235b3ce5f0bc8b5b309e6fb59eb223943414cd5f1,1,653
1afa8bfe4159bc35dfa1d994,1371,3422a2b8fdf6d8a8e6cf616ea80290b8a126e118a98dbe44d82f1a8c360ab7ed,1,654
00298a2ac814357155abbed7,1219,22ccc1f48c55a812836552747a9289347d759bd1556cf68e6e31c955360fc732,1,655
40a11b34cca259ce1ab41130,674,e04e15499f8a8f285d71a37cac05d7c533cc9cb16def44105e1c619955bbb5e3,1,656
67a3ddffb9ca6a040a709159,695,16af4931dbf9b9b0ea993837a2dc5e552a62087f4c97f7ffcce6af93b3197353,1,657
16cd9108ccbb4d3e8586b1d7,1050,b1c3bde059417783d91c0571e3084e20b889be050afc2d4b70233c34d8755df2,1,658
99122e1d623498a0136c81e6,907,e97f0f11f009299a82fe3326b4c62d6e86deedaac83ffc250993cdb700583b34,1,659
6bf9a11f620a809dd5ab1139,580,6a9434479f9186ff4f7f441bc1464b3fb042962bbf68d899796a27678be662fa,1,660
ef275391c34e171e1a15e531,1095,8448c85adf008ccd4fbc2f2c12cece668498a6d947e4d514f2f33bef93955535,1,661
b1fd9f9cc4492e797171496f,84,4deb6ef4b73fff332845e78a56c3848d90a0dde4cd9adfa87554a897ac26ae4f,1,662
66b01e59f99aec958e8f373b,1370,063c336842834ccdd4cc32bde6537deac6319a1123c4a6d19e5d7371bf4f473f,1,663
9a132e32cc65b67877df3710,417,625379d1833ce12b3b03a0e8c009b2fe3bf7183ad4639540acc13843ce49a50e,1,664
d138976df4f1c961d4e73b4e,723,474733f78ac132c19e70d85b298ca06c86627fd9485661e3b6b27b7b97934334,1,665
07cfdd1ec27f5adfdeb970f4,857,16c46d96bc5657035e14ed11f72d84c3b9a9642a11575d9a18745ba7485264ff,1,666
e4a6c855bf45826c6ffe2bf1,1150,e3d9cee8e0027f8367bfcb2dd163165649afc63f438beedf3ccde0683a9ac03b,1,667
1f8ba63187b1546fb193a2b6,555,429d5eac6e93afecbcced4f472b20c1d1a04754eab2301fa89d3a8a6758cd3b2,1,668
04a305ef4c74847b32f05b4d,702,d99de2b2bcdc1681ce400aa48e5d55c626ec813bef58591e5c358241b168fc47,1,669
af92f7f31ec37244640b5093,63,53c348e7626bd0f9e819077309feb62e1dc187fefd44944bc7ee5abdbcd2a491,1,670
ede12d5b2ef1715edcf532d7,925,5f6594bd0ddb386ad7d32932506043f05ca9163dffe6c8f93e29a8450a3f6ee2,1,671
ef1f9a23cf950024f901977d,653,2f7fc6ee08e75bc1563fd58e85477e3a46ccc2b0b12ca9e4c05a958d08b2c9fc,1,672
b9e4aad69257882000d20a89,122,5c43dc4ca767c23108239e856e4d9e561eed10126b8e0df816d26e43c83ac058,1,673
f09d50a0d10b211c76156d1c,1335,244715ce4364c60b06f38f584c1e3ca219edab5d2543ff52b0bb3ec7854b7e6d,1,674
d84d42961b992b84ed8559c4,461,d26ed8c737b2719192156ba93d4233a01ec4f73ab68081a6b9dfcdc5e3a1ac16,1,675
1cfbf1257caa0a22ca879320,382,ae7f5731435f9f7822bcf8779b0ce18e78eb5ab5b21f24f7b8bfc993b9ee5a4f,1,676
74501bc0fee8fa8a93ba6bec,251,ac09dd824275f0fd942b403f4758a5b906a7ae52f62ecf7a22fc0da9a709e445,1,677
ae03c5f365d058be63aae5bd,735,1ebb92faaeae64f0ea5fc8284950e68a4667390a5a303c63bd5f8273a33b2749,1,678
c00a85d996e991ac2e98174f,176,827f4bfa7cc861d5604c9d519fe2f418220d6aa7ffe9748eecbb23d183ed3b32,1,679
7470d76cfe29e1e13affd623,255,23ad74e9f88e638bb23e710bdb829117bcc025fb13b186476eaee226d589c328,1,680
49dfbc6a2f7b44c2b7387045,1056,0ae26fa8ae461bee3a764adea0d7c0d6463e573f6498ca8cf37a7052d562c4e0,1,681
b7847c93e6480589324ff193,1177,7ce313df00905eaa1fbbde525789b2c03fdfcb42b4b618eb7fc45091efd4e3b2,1,682
390054504348199fb39b8f85,560,27b75feda9d5d9787794b7419665d0e28bf4e36aab51f78807f0848c46c030c6,1,683
f344bbb73bbfaa7eca81ff8a,250,e1eee91ee5a2a3490e837ad59884551da19ff92275f80e31848dd3085ed4632a,1,684
7f49ad0bb0f20fe85e7fbe2a,1215,16c411ef8c34688115cd98610476474742a18dd26440a9b1191766588ec7c882,1,685
e74bcdc510990e52b7d2d89e,1078,d3988f3b3b3197df40c65a85e793f2c440e7094a4e69572b0419f070355e4798,1,686
d54fa28c96be8e07461a19d0,465,9b7cbcf3a6ab6c2f8db423e33d9f70005117edf28a074522cfd62104df1ca0a9,1,687
914f46fd34d9167c5fbf76b7,1320,e46124a7640e8ea9f30da68b839decc1d792dd7c68bf4b499742f9e9483c2e63,1,688
38cba6a3817995a4063ba936,1392,07ea7f6126a2bb8dbe3b3ecc817e7434c893833bb0861f889c14147a76922814,1,689
6f146a361d93eeb782fe0ec0,475,444acdefdea77690de0325771ccfc48fa6ac2355e3892a8c2205c9524fbde6da,1,690
3f5c93b6a87d5f69cf8dd3fb,1147,3fad97b65be958ba317c417fc8a6f0296bc234362a7810e88ff844369723bf28,1,691
2f3dde14dc0a38f6bac3b033,777,03d96eea801e38e8a6f43122d7d5774103cb7dd0dec5e600ed6581194ca2041a,1,692
fa480645ff56b4b6ce5da055,788,32bd5bf1c4505f91be404ac89a7ed99a5205720094f9eb371382d567af671be6,1,693
269d1da3dabf4cb851d68003,172,0bc5c33e8ff5698664e89928c06209302ebb11104e54513c8c560766f136b750,1,694
4d7feb80ffd27acb49b1e3f2,76,3a18f4e739ab1d57c16a0f5aaa90602ed6d8e6cf7d3de1294f24636c0d09124b,1,695
e641db7ce104e20a94f6420a,1170,3b7bf2192138cfd0f23bf22f9aaa201c97f462f9956c4b89dcb85bb16f6fbe43,1,696
2bed96035ff84ee131d91444,1409,16bab20767be83d0cae978c8a84adc135e464adec98fe0a7a29bd663e60595a7,1,697
63742d42904c0c92169ec15d,409,6f87c62cb0d6b88733decb15b2008ff81996f1a0a558b7a0bf0c490912e0c3eb,1,698
f7479705a5cc1377f6631bfe,601,049e85840138621a53836ec73d6cc570afdb493b3d294cc8b16df0e9c3c49ea9,1,699
358bdf513c73e224fa631bb8,394,9ab08a546b94869ee4b9cd8ce1e0f98904446099f37c2497329f4f01cc034c1c,1,700
a94ee50c8a9661467df237d5,112,db0196f6e0077f7e2e69cf90507fa9ec4da10d1cf3e1b657eb69849860255335,1,701
26eee23a9755366af3235e79,1308,11b71d86404a5182db235fe80ca45c5208e29183abd558ff4c411a6f00acf2a0,1,702
aa80c23663a7372840934895,1128,e69781049b135e9754acad00a0776ad34d316c93ce5adb2547301258fe275135,1,703
6a38be79bf4e6a43d14db1af,557,2a08a9fe8331300697f9daae2e7b375c0732681e3fa0bccfd572e264507c680c,1,704
3a1bc9a0484a6b7757fbc647,718,609ce1f3e02b3eb9d444cc25ff4ebfe27ff1852236e02e6f7116c974c2e3ab24,1,705
43529934d7809fbdc5ce61b8,959,bbceedac6d6ca339c6d3e7b66e97765233642185065a06aa5764c32c087e0fef,1,706
04db5d927123938fb4cbc357,785,1d94e2706ccd882e66b47526cb02d617f48d8df69dcaed0a0b0efd240f6fa7f4,1,707
187e613d694d782e35b373bb,668,3fcbb172bb1c3627a62dbe8ca7dd37c3480d4017fde1b7103a60f44d290ab4f2,1,708
b2c0c93803a5f444cbd68333,385,cb02fff265efb2acd51fa5e34a023f9334cd8056ef03fe3e599ce146de287ec9,1,709
092fcf484b7919e7ba02fc08,1153,481409c59ce6f641b20eccb8f57d872d3d3d1e53fd0d58214d5b24c755503762,1,710
427a561d59fa220ba81ab299,1044,172823343d7b28f10ea58a837f509c6b32fbf12452d7fb1c41f92a42310e0d40,1,711
180d3abeedbc99aa8b8a81a9,244,dfa0916de37c25d627614570b0ce89de31390d41b221e2cabf3c9cc59c726f13,1,712
5d9a7bbe5bc07eb46607d89b,950,ba746ca5f87247d11bb81d0bc7ae04af26cb670e5542abc27385137f1ca6bac7,1,713
173a0e47e6fb181531cf6049,967,8908e7d74974df342536ebad334f723b0bcea75ec660d0206bbbd47ba8d25618,1,714
767b278233f975f25fe95f56,471,cbe01df424c7e2c490693d39f1a018cd0f5ef61f50b751bf48b9616b36719ab7,1,715
e0c5353b2378d275de4f4f44,415,a0468f13d3d351c5c465331afaa2836f131515e0d020eee844ae6f0edfbced66,1,716
243c8a845c6f96aa9e0ac2e0,1403,a6db5031e3a2f48090f38503083b2f142f6c5c761378d25873184cb0e58e7de1,1,717
1a6378be42d97cbae1a593a9,585,df33981bae45aaf468ace6d37a1be8789dd36c017d6dfaf320ded4d88e954d06,1,718
7e911a55c4180a351886c42d,129,dca555c7c154dfbfd0297a1ad08b8038610450743d9054ce731403c75d89b822,1,719
fae139f6d029940bc0c8a0b2,868,e43ba7f85b8dc28a09f2737bc6685bcbdd176d138aa77fba32584d2107bb9ebb,1,720
0e8977183d0c597ea0524a39,481,f74714db1617768fb4ad15512609a4d25bb4d72cbddf2dfd7b01ab98225d71d8,1,721
4f6b1faff4e153a7e0080c3b,449,f2e1a426e00685b16fbc1215aabcd793ec31a12583979d1ef794fd14c9d0797d,1,722
2a8883e8d89beb753748322f,932,50ecdb811fbf1ab5fb705e437c0527467766bba5989f6dcbf13e71891c218ff7,1,723
9a74dda1570b818b038ea096,604,32faa00811aaa3d851fc7e6986b8cb82091ac82abff704a6514c5c2141889597,1,724
c514ef0469403c4b963ca651,520,86ce7d25e1890c2e6b7d3755a8e3358c2193b3c1b822d2c33e44e9c6cf0bec53,1,725
f2f7d4ad631f57a11b04992e,338,d5cb47d1386e17c791ed53a64a8f75c5d69e7b4be9ea7c990fb06b327ad4ca35,1,726
746af9762787ceae6cf3f916,1066,3f768acf5f96f881d55138f189efeebeca68c5200bf6ec215202e4df03b5c989,1,727
81c64b780af5b797229205d1,711,0a64be015c277b53e831f1aa0e2917465e252eb0627fd1e245820ef61c0b4aeb,1,728
66afa6eda1f006dac906cd27,904,f4da0658567b227cfa19223332263543940157c46620919214eb267eb94de810,1,729
148d6a45340fc39c00effe6e,734,f5b8ba7be745b1e7ca7a6cdf7a1c616baa363a9d1e3ca2cac888bc32cc9e2cd4,1,730
dbb4a180501de7f9cb4d4f32,733,db4f6d20ea789c0a7df8cb1976f86c3cf78431590b4cc71e99daec3522a10973,1,731
f7361df330d64199184fd746,1120,faacad2390581f75c73f01929f4ed8afad3b31b9416f8b43d110afeb9e4a407f,1,732
164378db9f10a164b64f6360,337,07d0154c8fbb26b837fc6d211de034d664a66f54ba2bd929fdc41806e1d598a0,1,733
92330b5367340df1b04286ab,369,6706f0fdaac02e93c847dff848f0a8e4f471545a034968042e30b2ad8d92fe2d,1,734
677db07229ac786e27572f1e,1061,c6b750d2caeb93ef466b03689838410c4ed6f1c7caf4644480dbae0ca0ea4ef8,1,735
b4548a58a1141759da8dfc37,490,3fa6ef4101efa0ac2e6c25861788ecf45faf1e2da6bb9e0c00553bcaf61a9d36,1,736
1a9a814ff7c72b3d9b7babd2,360,cf1652b048019c1ea0d79c7fd9e8d2e9607b66dd6304a03288f61c74a593f72b,1,737
ed5185eaa3ecb4518a50dd69,1330,97c338fe6f66197aff21d9810c74a5fb8fd5b3dee37cd9651a98aa67e6768e7f,1,738
e4df49a692e8689d0d1054e4,1121,fd834268afb94fc83c22b2c3b6eeffbf2ca36e70b569abfacb29f9b7690e3546,1,739
82172b41b234117853045138,797,2ad477e41ee4670721d6ee5190a5f2a4322c4e671176c748bec3420642dbe3c6,1,740
ed72cede2986bad6ed2ea22e,403,1d4e26604189c2e2afd67410360abceaae31e0d0bae003e41345d6ed1e7bfd5b,1,741
d17409a32b04713ce3a0370e,396,6308ce15482672abedd08d3eddf00127eaa2c8882191c14b26f9539640100c04,1,742
b2c6be8cbf5261a490636741,996,9d412b911719a21e61a8486234a728c325a1baaf141f975ef7251a3780cd480e,1,743
5d0a48c2c22aa74071dc31c2,678,52a768a45b28cb309e6fe53e74f994d53488c53c847f0be43b1a7578aef1ab92,1,744
c94193c1a7c8f97ee098b92b,833,b3a484def695b0a189fa547e15b595ce757694e1bbdd43e4efc7570e4354931f,1,745
d34c0c170b7105c5435037bf,961,571849448d663dd3d5028eed297f5a6f0c4c431bdc653070b7b4f7b6c3ad6c35,1,746
5a32db15775a270d7348ac72,689,9e299ed3f998d3c07484f6a5f180826b2a9c9ca077f221ad86e2c6ae675641e8,1,747
ef323abb5053116f54314fc6,1359,a92238d6cc935503a2ab212da179688e69d822526648df72b773a6b9f6b02da6,1,748
8efa1548738b9cdcecf97d59,1347,74e5aff2d3672bee47f79263a90fa0dcd45efc327ef87cd7f0b1eac3fde73d36,1,749
0e1e1955c0108bc8fe6f5a74,669,5234ef858ef0d6d3141fc4f235af6b2e6935acf8f6dbaa6a1aa2f144e389da89,1,750
0f88ef2ca6abe2dea032b2cf,131,3d3e499f04b7ba0adfc3023c20a9f8825b359596da8d20a59ee11e422eff8251,1,751
cbf0134a9639d759141804c9,1240,244c70d08fbe0cc5a72cac555454c314fdf09d94303c0bc9587a2395b01e5439,1,752
8a8f26795c33bffa1dfc8f39,1093,10355c03e50b5455a4531042619b15731d4f79e5b2e1844ca188490e239ee247,1,753
9a344ac27f2864503d6767b8,427,431dff307cee13539cc2420d401eaf9a4dc8244ad6ea126e6536a40161dd0a9a,1,754
702106153bb20779634948f9,1248,ce46bdd7512be3bfcd670420aaff3c681ad7116ab5bb9e5a9312d1525f813bd4,1,755
21d4d598c3c7a6448e93ef41,274,2e2ff3a24dd41e4c154602465ae18e6c8fd76d8a9600d067106bdc4e81e2bf6a,1,756
fbcc4fc5feb9d407e68812c4,169,f8281663acca398745ab7facfe8ad2ac9a09c36d16632d1b6aa455b288091813,1,757
5bdc4a7f6fb7b36234f53071,552,0b35ac6530459250c21fd94dac08b39aff6752645a9ef906823709c42e5c3192,1,758
9477281fb61e1be8bffab48f,1357,7001d55cce6bc5316bef1d28326ec06752dabbf8e3029c37bcf2c2d8f990b6bd,1,759
163b1e6c6652f62bfd43582d,948,0529b8446bbade1063d6dcf57a833ac615913855a85bebf95aec3a0e9aae455b,1,760
7c19e3de47a650de9be413ee,677,30f33021332f31d99c8c80d5178d60e6b621e7b8dc3c46f780202d3f3d3d7d2a,1,761
3d4137cf2110837f54631a64,1259,676ca1c69d3d81817fa95273050015c682a10c190c3fa8f9566042aaa9b3396f,1,762
d8df31d0c7adeb48218b9afc,331,169e13d1ded629d0010ab82a0e87e2e7cdcf0929e6a6e0e2085ac888abe88cae,1,763
81e4c4490bb739f66ade11da,491,e6845a406c1369f5a7bd02b83daad78489b0d77f5d26c3d5b0ac2b9e480da53d,1,764
0b48eeb49972f8636e35d81b,1351,41baeea436e1328491a36605cae0ae8dbf424ed3ef83a270c29b3bd6e453478e,1,765
3a8bce790dfb0a78474ca860,811,86137cdf0d376e3d27ee9b950e23d345746ad124ec98d1fd3288cdeafa768f09,1,766
1970c9d0cf3fcf510a80e35c,35,13b72cf139f7c2cbc24e71385a3590b5d6155710b0eba132ec09d7ad7f6fb5ca,1,767
8733867bdad8200390e13818,232,f4e8685bf7e7a6212c04b17362b77c579f6e9f6a7724f1b23ca0ac609be2dda2,1,768
517377234d15a58252c9b9aa,249,88b257f7914df14806be4ebfcb3019a3e6b86726c464e0153417c8bab51d11c7,1,769
f6c807359a669b9aa8c8b66a,1062,af66e59272f83babf07fad99c908645ef7f550496f4b36fd3bffe97dc2e4928a,1,770
a6e6e8f341d952bb3c03100e,899,57b118d898a3f18b6ca47853a51cca7ff864a78eb6fbea8a56ba1dcd77593155,1,771
968954dc2ee5676c7076b46b,1266,897e44a9775f839758c10e828dddd3154d8d5f5e3a1569c8f99ae62894fbdc0b,1,772
9257f3c2c89f8e6287a7b5aa,1228,9537eeea66796657ee89648b637fb78b65696f8dfd18cc69563fcb337bb07642,1,773
f7521f08dc98b40352740e8b,1238,832896aef12f164858b7f0392f5d8b00845ed81516d1c128facf6d7d28ac5e71,1,774
e6f08a3f01e398574ccd3fd3,721,d1e4a3adb5eececf9dd8ff74f401eb48b94cc1353c3579f4e40e45d0e9a0b696,1,775
61ce8ca0ac5b80ab0c19e585,1340,e7961f7dad92e401d6f686c42125d454574b07ed1c7db2755912d645aadfa64f,1,776
4c6cf8bf3e05bada44f42929,1196,610031f7bec36a523fce735a2fcce24c05b9987edae13e7f4c4f92b88cc9ff81,1,777
d0d358ef7fa6fa88899596a3,1142,c2c4ffe4b0efaee82087ebf6bd7b46da01d19e72264c14e26ad7cd7ff4fd656e,1,778
629ab70a615555dac43223e2,59,15b3224974ea97f21f2010d3773ba5ebfbd2cb78c1bbb29ba8a79c93f7f6265d,1,779
1198388075484a6d4a48f5d6,893,71e400f515b949fbd8404d5221a4cf896d4fe8590033f81e993aff6e6f6393be,1,780
f1e6f4b6a823838753904e47,1305,74e57c70f5af1feef14d79db99074b08a690aa6a1791f54e5830775233a739a9,1,781
2260e98bb0c4f9d149b467e5,1038,8fb7ecd0c77e58d04f588ca76851fdcc65d6658c793fd1e2013c28f0c5e80500,1,782
b0569c1418ba46cea6451fbd,506,f0a1025d6c371cb7bec67bb3369c5e17580ce564d9bff3b7881933a70ff0d43a,1,783
fbedd225b4dcdd4fd6c69db2,226,f19a500acb3bdd471dfac270391d332a0bec0712f6ced7bdee101c331d8ee1f4,1,784
b758a7ad9e7ba1d8829c9de4,534,da453c3fa77771bde823ec151db9ab2da6e750ea0148d10c8e93134f45858fb2,1,785
d9efe39641e6bcdca84323f6,692,85f3f615d0a19117fb3c3aba3175a7892dc77418fe22668524dd007d769081bc,1,786
1e7f5ffb4533b06c2d9d2f9b,426,948307db1c9b969c33ca809981503f3a8029856e4b7987991011867fadb9732a,1,787
a2e3bd0f02eb1d830133954c,26,092c8468d473df8086a691df5fac51f6be8c92c9de05f9420759df06d549333d,1,788
5f8fe32e088355ab3e0482be,774,441070b0d106860b82a47de2dc0e392e0e5011f9b836da48204c58d654293fa9,1,789
d54b8f2b4dab7313028c10bb,48,95125b21e2de62945603e7000d6a4a37d3cf58c8eb2ae5d1151e63c452068080,1,790
57cdcb27d11756ba061a12e0,1164,10a59abd2e8b95d62c34b7fcb893b96926f837b526eaddfa5eb55a18aa9312f2,1,791
e3088cee8f3a6d51cdca632c,693,bad9d745724f675c62c510a093dc6433f957ac7a06502f88d8bb4a350231fe2b,1,792
3abd3acbaa3611b91d7d484e,639,b2099d201f0ae9ddb8285d58cd9e4fbed28ee5ae4183d89f620dce79045c4f44,1,793
ed146ef24a34e34589817719,1080,782629fa39fcfd92317af4540688684590466a44b2d6de6958731171158a14bc,1,794
e3904cfdb104bd717f296dfd,225,b77a5a84107206c1c1275fdf8e7a58593823a9dff427aa74dd433e82f8c5f9af,1,795
5119dd076295158d61a57b47,1404,dd4ad2bdf7b37edbe66c94442571b6c0dbd08b21db27ea95af9b70a9f370aa04,1,796
d10ea84e7a837d0b3b373359,1210,298d10b2c72acc859a18d2a129e593de78ca7908a1eb7a6b2a9a77ef2197708d,1,797
16734593592fe67a11e61129,728,6b90be5a8f7b7834da6c88e0b245f768736418668602f9c3f68fa5fc084da7d4,1,798
5fb41d0cbfee534becb80ad1,310,ac8d2b75f5511a7b19a135d2cb127219ed955fc3843ca15b6c2eee65e1fe75fe,1,799
