row_id,_source_row,_text_hash,label,bank_class_position
8f12afbbe6cb759e4f145096,869,e86733dc85df4b44b0c8f44005504ccf69ee0d7b4ba7ef142657dceb7ece6e2e,0,0
bdda8c253405c1c63c68f949,4502,686050c7e90f5a6a571b0929e7edbd1de8c4ba4b1594c521f20c653cd3ce5684,0,1
70582081f43920a4e9191b5f,4159,b07af7c1eaefdd37be6f2cbc01c4cfc8dd5fe41d3f074f4c5353abcc63dece32,0,2
0d36d3c6cadb098f5ef8aaba,198,c911d41570c7e63bea05735ecaa4eb0f46933dfc6f860a213ef278f8d61652a4,0,3
de41bf3f7b0cf12a758f2d03,4077,3eb7b7fef9e5ee38459e50a4d9b5aeab68209af11bcb68e1d7168a92fde40922,0,4
9c06b8750431d4d80b428154,2706,a1661998fdd750f64dd52794fb7200c1f156d146d9ad04dd74fc1c23ac089954,0,5
7f47578ebc5edb62035f54d4,4214,b5483a2b7af67147a52628e4d0e6650097559505a8e17e7403b7199df16ab4cc,0,6
b7c6f1ed5c7a4c93b596a0f7,6635,08c87c0c6efa6ee7a8dbafbf2c353d17ee3c41e6533c0883e02c2e76df62c5b6,0,7
0f7e980ea27761fdbf955ad6,3583,f20eac5d07e84ac65c13dfd2a4e12e2255e502a357c4fd51402ccf910aa5fbb2,0,8
48991318fbaf26bddf55759a,7317,ae846fe2e78be93f37466df80221115c99977477aea16fdde62de2f1ca9ac548,0,9
139165cfcf7457a1bb18858b,6613,7f9a31a31557f3e446acb39b4d345088f530b1666b63dcef4ce4f93f1955ad18,0,10
c8cecc5029653b6d89548fb6,733,dc44c539aef46bb1ea804aeac500f820ed5ce2210e13b0166fdf6692dd3feb90,0,11
3f810ce63a81ad6b84ee69f3,7084,0d25045d703feab1ab71b2213102597d7b9dce5996658df25765f391922d2c05,0,12
ed6b5c12bb9aceb27e3c8f14,3291,dc4fd4401ac6bec70ee0182cff5ea247990b5952e76e06f5642f23a4bd5d21df,0,13
40b8103652912806b2e8eb27,6224,ba1b1847771de1945ef07eeb1c5a6fc648dc600577ccfb687e07a8dd3f5b8b0b,0,14
ffc9dcc8730fc59d39a4755d,5182,7428b541f00aa1c384a616560cff09dd70aa54f3312bc2fd7c250697b1c28ade,0,15
47dcb50add562e84c2238542,3191,39e78d0282f6e687276060824cf2a60394a59dc15f1e3dfdd11f68aa7e613a48,0,16
5e39470be62fee9260514609,1984,fc714fad1b7efdc6dc7568b68dcf02e2d3d6c69c582b0b08244818227a3c49cf,0,17
be3892edb6840d8850970a17,644,a4b324ecc2df756f1b5972fa5c9adf3f451b14d1fde905538f22b8cb36be1f89,0,18
6a081794e95183b19ca935c7,7772,c50ce6ebffc73cc47be7b250938ac408f955bb13062c30c60b3347acf466891e,0,19
10b040f37d64a6e68e6c4f20,4001,d02eeecca29a73966a1312a63632e834b4c901b744301003fe58c9b080326d3f,0,20
3b0a569c44d44cdbd1192c49,2479,9875840a34a94096359e3eb1d6430d4fb5b0a44854b8b0fdfc483b060f18841e,0,21
5a20102501b22209be006cec,2217,9a74bfc168e4ff909ae34e8438ee65076cb6ecab004884d2844ce11fa792a529,0,22
64b328a730fb3cc77cf1ec7e,2708,e330bab5d55295ee0edbb103b98c8091133a72b4af04204c47bc4e5cb3fea98d,0,23
82327bdf9e8dae9f025b5a8f,5619,e20d596c710a19e4bbfb02451b4f0ded8767094fe31c538c10732ed194b83ff3,0,24
b28716748d8335ca71eac04a,6719,000888e3bf79618bbabac36f302cc6ee31777ded2f64b45d8987a346795694a4,0,25
215a6f1c2c331f8b9aa6ad44,6232,7cc61f66e313b858ee514349ac9efe4504433a8d88bf547be37f58edaf27e3f7,0,26
6c4017553f2b9c40da3e23c2,7692,3da5324183f7dfe2fdb7f278e2e42866d36d948dbe5d15b66c1cf1d5cd5a41c1,0,27
2bca935e10a12405f2cf4089,4085,d9bcebeb7f706c45087265cbc3c93213341d2a6d0173657b4704f1089fbf8ac5,0,28
16870b8e8f2555d38d82de9c,6101,936159ba95a7c46c7c574337d30152b3f568d4e633b0141f3fa35857a3d219d9,0,29
2bf4643706278ef732ffbf87,1213,284e6a37311142831c8178abcc6e855cbc72562219bd648e7349f243575d8c67,0,30
540ac8ad213e7876328bd918,6153,c2e276d4f4a26e901c0f619902ab188acbe2c76a1124758f3df24394d511171c,0,31
0f681e8ae993a75be347ab3a,7916,15e5742060577490f635fd5f7b7d860739f63e0c533c4dc534987d50cc764c4a,0,32
085a4c686122bf44d47f98e5,7008,15b0688e8b3a02b67bf577a8ae2270880eee1e28b8b8ff5509510f9b691b8cc0,0,33
77d09aef790cf07f2d98c369,6662,37739394912aa99ae066bf5fca4223819e78c11eb69bc1756bc9680a2fa8295e,0,34
bd019f9128de317cde7c4991,278,207c7a165ea9f4a5c1b3725283f87a33e3a23c290ce8e25880f9f0a2c8b33dc3,0,35
8779db34bcd185508b4c6c4e,2256,6f7b2509bafb3e7afdf59188eba90963fbe00275980c8bd1a3d74ebeeb1c1ab0,0,36
7911b309d6db7c614337f6ff,1414,67af04689c46133943fac62b134408ba0096127279cc10a597a39083ad9cea24,0,37
3504797e7ab60c100a66930e,6717,a5defd09af176706edfc502ad877f578dbb946129cc8a29b1d35b05af81707a2,0,38
2e013a37c46080bb687df01f,7342,0c4ccd31b7391cd8ec3a372cc9cdeee0ae77921afb59ae4678e712a5e0d023dc,0,39
6bf27e5a1f954cafc8b68f90,4180,557ea192aa65402d855747c797744207bc89b793294f7eaaec3b4ad75d2127d0,0,40
1ffcdc144c35fadebaf954b9,1204,277108065965fcf09220be8a7a18dc3074429601ab206a9b1e4c44d3a1a94ff4,0,41
e074a0eb3de302c71a3ec2b0,1727,ba82a0e57fffbea73d462e1d71db1e328ecc7dc351fe3ac687b3338d8fc03493,0,42
dbaad27a3658a43fd4916699,3083,01ac4ecf06edebd5b2c4e03190e1df0e707c7055f527bb98ec852535df340510,0,43
01545f90ee1a807d58e53755,601,e3220ff1f72866b51e171ecf2438fd9dfd49af62ba75963323bd056be98ec6fd,0,44
db5492ed83c11d47ec728559,4769,a5e8a20f52bd7fb81cad0ae75068f2c99cb55694ab7f2e67a33796947a4e155c,0,45
889b3f0784af1e05079f36fc,4017,a121b6b6e4fd9ece2a058c1b2b61d5a875a61e6a658caf9be3f6cd488e28f06c,0,46
fb09a473b71624889d1ae387,804,ed7d7b69ed2a48e4c8ec37f762554f18e1537c24a63ee37e3434d0201f76c7a7,0,47
a886a6c321c92f9b63236a88,7270,052a3f4267519e04caa01815b4d5b124500eee1109bb8670b81daa821f3f612d,0,48
7fb0ef5d08439feee071d1a1,4715,f88e89d6084706c97c8ed4d5c76e768d0b435ba7f09a10713c4e518547876a4c,0,49
4acbe8251ad806f9b7fd5274,6025,76f690d36f3abaea2cdf35350e9cd64ac5ccef0057db149a505a6a3426d61173,0,50
62a852bac98725819a149a20,305,17108f0ea3fce2e5fca6a0f376ff6e8263c8378524b724494d1aa791955d5cc7,0,51
03e7ae907f1e06f0f27281c1,3142,006b71bde985c5b0e9cd0586fc7f2542d5548b936e9e27817955bf6d547fd600,0,52
4ab2ebc84544154d1b77ceb6,1,ab5260a6f0b6fc915d5e092617571e47d8e1caf1602decbbcea1d102e14d1d86,0,53
54cc5497051372dc78fd3b7d,4123,854c41682c1c73678d05eaf2b4131f44ac8f0878ee421629c5cbc633abe40ca4,0,54
59a6b7b541f6f2cab381d9ef,4507,005a172acab8d3aa60b815f42507e9205646bbd3029809513830460fda109bde,0,55
e8c376bf6b1b0a09b5a8f582,3136,873e3177082e4b6561d3ceba9fbb4df618e79cd18cb22b0a4ac9ebd48eaf5491,0,56
0be22c03914dee8ecd9ecc99,5727,6c8cc98bebb834a07dbe041744854488458f274aec61cb71022b54f620010c51,0,57
8caf5784b91863f3f421b45e,2720,38cf92e945bc9554af10520526bf3010b0f98463249150c6b21d69b015707623,0,58
1885c5492f47203d14853bbe,7122,45974f6b6b45457b2c10bc82b09d2281fa141c6840f562474095789ab11c890e,0,59
ebe3ec8efb76c767cbf4e41d,6875,3b464857104284c99f41c6a3028293906f40c252233561eda4c964d0f55b2727,0,60
1d5d3bf964ca90584f581443,7394,62a60d05ae534eac388b0ad60bc5bcc591e2dec817c8a709db52bb3517e92ab6,0,61
9bcf553400269f8c0c327140,306,2714bf427565239aa786669ee58fa082b557d47e8095bbce2f7fe3b6668f51cc,0,62
46bb8082d9b06fb0f071a1dc,161,b1794e1472122cd88e34896fb381b5f10f1b7c7c8fa0d568f926cb81b99ba7e1,0,63
175909647a29d4422a90fc76,3251,0b37e2b06f169480522254b02bca3cc68362084d42fa00835b3ff55629b27cb0,0,64
e85ab3aca78e19428215b74a,3743,1ffe177ba7eff526377fc1fec66550a48d8681e641a0777005ce730495762fb2,0,65
d1b08406accbf1c474f6a168,2007,530ae8b61f6af4150260bc0a3bdb9b2df923b86f32fd2b7ef27e7da06be38e74,0,66
34a47b9632f267a8c27c593c,1373,f3224253846da1e5dfdea9e4ed5b48d89049436e94990330f3ad1dceabe1144e,0,67
b369163e9b87918c4b9f613a,3547,4112f5e766f46d3a01762df0ff2bd0789873e992d29d4a9149901cae3b2da71c,0,68
52534e1aaf0c4fd2f19b171a,7865,e88da9594757fb9ef585549318daf9442e6ae77453802dbe99a12f00ceb26890,0,69
32a3f2a5ae03ea7dbec0ba21,986,98516de24c30fbfa5049f19d1d2fe35ee35d36796d2c74b2417c02eea12ece54,0,70
b730d3e11763d77e92c7de10,7897,cf489b0d782c0c63a7f67b347dd950681b7f52ef4a1460ff53d205dd5fc9bec6,0,71
1c32c6dc08858de09c6b9cc0,3524,41cf741707aa65066f7aa26622bb902d9a220a27adf4acc28351337bb25e67ec,0,72
501f69ad7b411782d3287148,524,9b410b7f8a2b43813052d79d9330b8aaf3848acde4c2c23d783d7a4a349fdf77,0,73
769f11905b197b3a54bee4ec,7612,851c92cbb7143875e14d56516bfeeff791ff77f2438490e70d7c61cddda7193a,0,74
1faf7c4e142c4719f5cfbb53,5033,99c9688a590086fea20d0fdcfbb46e37000376888fdf66ae883c06c9a6521214,0,75
4855994a1a904658defecbe9,7339,f43b71f5818c4e3ca61168441e28c86f48ba081208c0627d94a5e14739469c72,0,76
36329e9217b43c25392266e5,3894,93055c2d43ba8db744d3fa3fb8a44a25d32f1a5e389c70eb373ae79651955fdf,0,77
06ca0ffae469a0b1dc1c0e23,2386,1c8f7e3acd7717e20cb0f040e4cfbe0bb05875ee57ffb72a0e967882856bc6dd,0,78
713f73a74eecbaa1173f2e32,2627,8579607d45acf662c9cb5a8b5109d0eb16af1cbe5b6637a48ab322b0e9957e40,0,79
8f4db3c252339958f1f39992,4728,9dcea70fcc122efeb09219fe7e70db8e186ee1b4b6b568fbe1106b002b05a784,0,80
77f1324559bef55894bc3705,6982,5ff8532bdfbca99331d736eac4777b777167d409699f3bdf2b77d9c15ccd7e49,0,81
b95a0855b09401635483f5a7,5645,0454242fdc91fa847bc1664b838697d2fe7290fcc951a15ff83fef8eb9fdf59c,0,82
4efd1a47e712520e793e3369,2478,f97ca3f6f7c65dfeeeb6907a3d432d38a68b18cb2bc0539e0bcbc1f918ddf0a1,0,83
fc150bd0f28e97d9d9f51c0c,6184,889971d5f07501ee4fbcb0c4db75a947d0e1484518914e5b86fbe75c363c9758,0,84
ff08b73fcda81ff9a9d0e9a9,1312,235c35597da59ab9fbb73c38acd75a16950fa3d3c488efed08f3b077fce27e3e,0,85
afc76d256b0b164a0d13efc3,1445,e580d19ceda8713ab04fc7ed7e5d101f75d73675d77ad3598573c558849f01e8,0,86
1aaf5bf24e3cf234bc1c640a,1426,ed43801ac64d6e09db838e1ec9e2d3b2f8acdc537c92046186058672e6cedba1,0,87
da9d3a600840049bd3c114da,4381,eb1c70dd17732911ef1d626c8b60616598b5ff6f54c8feacac23453b683dd357,0,88
7d71f0a65cf942aeb7b26911,2268,fc3fe28bb49302e26734f03169c7b3d238cccd5c0174da9a32ec2e102814035f,0,89
1b344cb5987524a6e8335477,4067,799b3d5062ec28984c815b5a74b34cd9d0ffdf0712f29545b77ed80873e6daca,0,90
7148fb34481daadca62c1f58,7168,cb6d4580a59ea360e1a0d122c768a62a2e1c1aceb88161fc041f85327763f04a,0,91
bd2f0e450ee60553ce8cbccc,7542,71bb15bdedd847ca6c1700bfe3a32268b48c5c986875cb1e1d0f13eed2cd4869,0,92
44a7eb2d024482898d1ceb60,777,15ceab446637bc4e26fd861fc38d3b0b3e2fba6a99f9cbb6b020329d6af0c51f,0,93
262733a2d227479ad457fa4d,16,c75d3f61f236a46bd4e980575fcd70083c2adeca29ac4645b2e342e24eac477b,0,94
24a5b0f0522b9c338fe11960,659,3210ca021e1337569ef7d6f0f576289259a343efa66073dd6b932937614b5caf,0,95
892a9252751dce74d95be73c,1317,58f9e861cfb6b0f69bfb3f8085d0ac77acf633d48bda798a8deba7358f0978e3,0,96
4e81a935a34a5f445950e461,7573,614ae1fe19ea3b388138e7f20124de74eed12cdbd919062ad6a5f21fa93f8a21,0,97
9ff1581b07cbc39e27f26b2e,3926,2f86c071d79b5d69621087c89a671bf5d8b1423ddc822a25fcbde46e0a83274d,0,98
9a23bfecc4f3b8f1727e5f2d,2067,80217bf8a7c6ef7a14fe576586f0eec53c4937aaad67ebffc7a2f6c7b2dda924,0,99
96bbef8189aca4c7f1869506,2110,61bfcbd93a79dd6c5fcc4e0c120cdca9848d3826b5f111270bfc726e72ebff8a,0,100
a2fe55f4f7dc953f41553010,2654,79a59a5f1f925679ea58e3284255a31eadd417cb372ce381a17a080008e9209a,0,101
e5c238d6faaca6b642d59396,3403,3d068d66e92e58bc23eff519fc6b78a8451a5e809dd30b014c44c3215a8e5bc8,0,102
3d40d3cf73cb95a91fb49b90,2990,20dd4a2fcea697272e78774affa5d53bdba2891372ed704344503100928944b6,0,103
904b827918446b5ccde20b73,4469,d71a003d8ff01f67b125f20ea409c21e969b34e9fd5838f9112f0120964ce928,0,104
2c9891dae1934030409d6eec,6545,5baef1f0f7d0dbee4190aed34458cd22c5730feab2eb261aed2ddccbb151e862,0,105
0c1feaa899488f2cd4c1e4d5,7094,0f0cffee15bfa64c38b7e1fd420386c176bf08fdd060125888630fc46b28ab61,0,106
8095caf50042d34f96010750,6750,35ab26cb2da9bd215f845a08fd24e65792f752c9395f621c46af8f167597e0c8,0,107
5102703275d7994b7b9b150d,4428,fd5b6c7c25d2734e6dba2e43b038dcfeaebceef4209a2c1ef455f223bbc9e94b,0,108
364ccf6aa25ed3304d0ab6cc,1957,b811676bf9d5df7023683aa6964e9b63d486d8ebddf7a60283641ed232be4ddd,0,109
0ee68e4cb8b1c1e26af32a26,7902,d9b774ffe539fe9e369139950e78f3d66126b3585c5a53ba8826fa0eb5d511b6,0,110
d206dcd1224d42ee8fbfa60b,5331,565cee95bb9296e3c5a7cf58a2de7241ded43092aa3356a31acd7131a8d5efb6,0,111
55336d4119faccf610d58f3b,735,63852351352dcf6a3b071dbb44277fd0cbd5f431aa12755bd27e6a42683b4bb1,0,112
f5787bd9f1a146e4355f0ca7,7919,7ed99a665c12f8d9d034881a74cde39a5c257856187450fc131e44d4213a4f4a,0,113
d7f482a8c2b9db16aaf17673,3500,1fafb36290ce3458aa9a16536a01b3aae1c3dee3f1b3ca037b2f10f642f0596f,0,114
4b344a5d52444558d9ac824e,648,bc0f327eaa70d076e4af9ec6a39ca23592c9560ab4b463b60126d286f15dade8,0,115
f57d84d2137f094f5a9bea9a,6984,9112d2154bee78997222a15e9ec4c5e21b79cb9c171ac5b1b11fa80cd7f7817d,0,116
887ab8c880259fef3a4775ea,5257,50afb5e8fd4e8b0e750188b16775a42077e73eb3f5d5005d07b83fe85ad4be0e,0,117
b215d59b267e7140ce5666f9,5536,024b55cd20d2dcd47e9c91aaa7f9351566a153a4a0de47323ab90a5261cf952f,0,118
543ea8f82a1d6e599404863a,6602,7d210945aa4eaa9e8251e08e4e5fa3bfffb3108ae5d78062610a713cd8b34c65,0,119
619297578b2b75b0186ee0fa,5778,e5b92d753a4652029dd4241d6455c6a2497fa03416b1ead8840374ce5f77cf8c,0,120
daf0ba3017b4b9967a55eeb4,7880,a20be40d23e638bc12cafcb05b2c64febdfc8b6fbfa6d82d979a25034971fb35,0,121
8d9b7e2fb56a9ad29abbca4b,7625,ade8833e02a2c8ae08f9c0cf5a3ed65fc3cfebc4989fd1dbb8a255c0c5cb36f3,0,122
0ca2d236826dea953481bcb6,1528,a2d45155e34b4118417d1bfbd1653b94f6bd465b31f12ad3bb664b6dc76dca00,0,123
4a6432512f2eb644ed95f0d6,6762,f4845e30598e69829cb9831afa05e9cf8a8d1c1c2217d7ae27f14912b9086753,0,124
b50395dafaa33f22fba7b804,5029,2e59fa056443d0925d91e896b38b981af94c1d1ff1eb1ba0045fc292e6223c94,0,125
5a976bfbe3cd1a4b6d23e017,4592,4d2bcab9142dc062ee359508d12675fb7d1ae0cfc75be290227060bb37eb0245,0,126
514163bbb8cb8c02102d107b,884,e8dfdb4c112d7bb1e2097f7e43fb0e4d5756096eb34808588c9ccc7f6e7300f1,0,127
902297c891bbb7e2a1bc8393,82,14878acce3de7ecc712bf678468aaa9de8684a95308f5c9fc75872dc71760b07,0,128
730dda839084fa0b13a8e4a2,2692,c4c2e7b3e0f96c21c53ed01828c0351fe16b5453473b1a9a504828576208fd13,0,129
d32dbf939693a10d21a16545,6467,009e0ec6ad9e60af4859d6d8576eecb4627e986c947136c8c97f6492e3e50d3e,0,130
873066520b738837b0b343f4,1753,4f18cf404cf91e3229876fd67256ad966c7993766a030286b38da7f8db1d2f47,0,131
cbe9ee134f56cd86aeaa4db6,4366,f90409199db739b743ac5b6ea82016129391ec6ce550e39f4699bb1165c99c9f,0,132
b44d9daa38491456bd12a53b,5835,642b1e9cd889ef8f0b3ca899b05c3d14d612ec1d808be19bbff8670c5959e832,0,133
5cb72b636054753070f12c73,6128,92c928717268ac48b75c79ec0bced8271f613279fda142ada4dacdabb8dd55ba,0,134
53f97b2f50f543d022e5dee9,3406,189863b62df31c43f46b6bb83a114b64f5fa86e379236be13389ead8056a262f,0,135
c446d47f35112d64477e4895,1082,fdfef7194998b8184b488213bcea04115853523e570952b3d2158d0d12f0026a,0,136
fdd6153ea9fe1340b853e64d,4691,1b13bb1e52c829ad9c75dba0b04a113c3a7c20078ba1ca363e8698b232304be0,0,137
be098f61dbf3a7f2fc7a701b,5711,42d65a2fd34851dc841905f669109dc0280ef9aeb2467cc9858625c814890d31,0,138
97e5ed9390e2921e71ae8075,922,2407e14eff40281dff7a7e4fdcd26edd886c7ae2d7245c92287768a799be0ac1,0,139
c73d2b30367f7f3060b316b9,8053,f8bf75302a58a0ee468b7125feace3a1b055f3bc6bd421dc35588c67289f44ca,0,140
0bd11d4e608bbc5958c593c2,1335,959aed1387bf3a2b2884741773392ae001c7f50428e8743a984ba1c3274248e2,0,141
803cf947558c6319331db130,3492,8313e1ae5eea528c3d78a93c538d522c4b4250d3db9bd95f50bc1e39aed3695d,0,142
82e8f7975353f5d75a004407,1407,396e9f774cfaae551419976c9ef33d58fccb5ab65971c873a431af16fbcca808,0,143
9acbfb448514b40103159a67,4255,13d2bf24acf765cfcabb7cafba3564ab33de7bfe8f9c4023b86cd301acfbabbf,0,144
9b6fbf7a2f89d34cbe2109a9,3388,afa109267dfd131d413416a6ad8be6d105ab7648c7960a7f51788a73fb6d88dd,0,145
040279bf613178a98ed0f713,4069,8490338fa40f12487588e12d7e3e6e1e0e14ad07c56782481286924345e95dcf,0,146
45cf677c7adfcd0758ed417b,6404,85adb85ca27d09c81a30004baf80b2a92d319db76b52bf333f7f4e230b1abfd2,0,147
761411ef6bf127d65a056f6b,5389,fc48050119c8d6832ec13840e1a953028d82606163ac0e4db7f9d85865e87969,0,148
e88fdd6d68630132a3b23b64,3780,e5135d152df7a6047b1b42cf56e658bf670b76318e83ea79f14aab9aaa9bb8ef,0,149
3e296193e83681c74b2c6af5,6324,d8cb391442152addc61693e7fcddfedd6db7663f13201bba7d2666e19de978b8,0,150
20689247c20641c5f4ca7594,1224,fae7909fe077af57ad66dacafc87cadfcd42c20048643e543506c8ecfa38645a,0,151
bb88a4f26ba37cd03b5a1ff9,7272,67c4413ffc535b0e3d91d27e72e3b811191d04453adad5f9844d8eddfd055700,0,152
c1dec3e83f4643ff22c4b69d,6638,86ca23fa34ce36fcdfbd62cd1cc29ed510da44422811b0533c3899c0846543be,0,153
c7c6576794a6dab7a72dc1e0,6266,191e872e18ad3d0fd36d72782b58024cadc4dc95059632fa83d675cf75f9f88d,0,154
7e40f8f8614f1d5f3d56862e,1053,b522074486592c3a55dd08f2016cac23fd99446fd40f90f165374159f13eb226,0,155
4811053db87a01ebafddafdf,534,035ce87f23491a0ed85d4e144e6256ebf424e021210f4fc5799806f07f1ad972,0,156
b2dd323b1bf5b9bf8bb66d50,6351,91dec1e499a88843502ee21d13bb3a3bd1d98ad4a8d333bf7a5edbb28076b484,0,157
448fc4303090e4dae02fb6f2,188,4ca65a1a31530853f84db74c47f68c42755623dae4aa60c037c1cbe8ec327136,0,158
d195e8ce7b7a1582b08b5f75,2745,14218e1ad33ba8c6d1496989cb66c73179dbbef525376024b7626e0d0ad8efc1,0,159
5fd85d4652ab6fa8420fe75d,474,ba7f993e29edb57c1da427211ba4880767bc847287de3e73a4bc5f303c0169f4,0,160
b9672bab07a8f186ae4859b1,7089,1e1b698b5aae984121c17176689990731d599f6364432433566e00d45d0d35b3,0,161
e7ff8d0bf66903fe13fef477,7263,d2333520e686bba17f3a16d0f43e36b326e95d6b59d1bafcec36b1d7b93e48ea,0,162
0b69adbde46f8c70f3bb755a,5938,0b3d043e456edd7cd7dbb4615fdff0975de9bf8dbed5075bfd7a86e635c8ccbf,0,163
555ec4b7dd404537f1f746ae,4302,d1ac354dc7734b6131bf587a6835b512a8df0bece7705840ddfb114aa9308aa8,0,164
c37c696155339d43ce1e400c,58,0462e3d85e7bb4f9379dc9a32c855e9ef900acf1d39c717659c2408f35ea6545,0,165
d8ef75eb1f89ad04d3064dc7,6840,44114847ed4f589f3a06ac94a4d7fcdefe73da8dbb6d178800e0056e29da9272,0,166
086451b9c8632d11e9798b89,2031,add2de5b4b3a60dc4ce9c1ae4838af8f99ebcdc80b7563ba5277ef8c6390aee5,0,167
459edd6b11f51c8ed3e5155b,5225,ec22bf93ab270c905c9032fc0afc59018225c79fe948f8f2e3d810c4f96f7ff2,0,168
bf798a6b4adf12608681ff14,3094,37d40b4299af6bbe350732c655777edd2f33dda286b9782ba4284e1f434e8f38,0,169
4e71335cf4bff15f2038b9f1,5351,78889889b994c4738cfb78b2703cee9db57dab2e004f68074ef05b5837229714,0,170
45a7c33db35a8abb8f6fb26b,5118,4eb479b1261c560675b2abd731a3e8442cbaaf3d0f7e164287b70aefc723e6bf,0,171
8bdd0b3923dfac12ca8ddea6,2932,2c05f0a3eb36f5144e38e3d2a3dcb350773bf9b46a18b5b169cd32e796a9ce23,0,172
cc85062d67c70221b61fe180,7804,0a026555dea8a1016d0c6d32ccbdddd863609e9f71e2faca62364508a46e67dd,0,173
a1cd8c5837aa9be20484456d,1555,ef68d75b7a07bcd99f5d5ac4b6694c7ad5c828d6c0a8ed2eaaecb4f406c78146,0,174
7115313c77f364e61e6583eb,7267,1adc9c959b4245ccbfb7b75f59a1fdf3ebe53aa63409f613d2891d18329d2597,0,175
9197369c1676e38cc3c51297,5089,8859889c3776c6d0ac20ae829b20b7b0d065b21545ab1dedbfee66d49058b103,0,176
e6a51b12d77bae257a4f994e,5016,6d9e0802397693bc1974e6ed031b74b29c90e8e22a143e3233cc32a0783904ac,0,177
dcc3ce5d129cd1fd4f1daf22,4968,d908f1e57921b315dfbcf9628263681225db0667c1a0bef3a55bbdab3c7a7e60,0,178
bccaf4ced623d2818b817d47,1167,bc94123db60a4a6c9a8ab27b3201dd11da45a8dbef3bfa9377071296c857d34b,0,179
a69601c1ec0d0ce3628d3ecf,6430,45d645b9f37aba7998bde9b18f532c26fa724af64c19d1b7bde9ec3254e0474f,0,180
abc0c27ed46ac8327dd2dccd,7077,87534b38dffc464bc7538389d70715f2368bffeacb6284d34f4be36770b17fcf,0,181
589e7fc4e1930759c29db8a9,7380,45a84ad7b026df2320e69ff7b92369198c08ecea68a85aa2a0a1fb714527aca4,0,182
9213284ffabcc4fa3acd4b82,6732,6c2dc0024e54d9409ddb719656c27040983ac3701d9ea4168d74595ba28e02f7,0,183
e27e42f02d23aa8b7ec15d62,5541,fdc82956db12faf06fdc1801a36ec0d3923add3e503aea934d3e0b89ad884d2e,0,184
7499ecabf489b0aa270294b4,7335,f38659d3f7c507010a87a5e84165c002297e897ac9a70f41c8437bbb40739d94,0,185
66ea69a53889d97a1fa121c2,5540,9c0e3a347c05eaf7599ef40a8fdd89c918925124798a404bdbef853df06d27c8,0,186
3100a2ff1454ab11ef92594c,2412,d5ddad07958a99b08d48562da54c22a216f371a5c3eed1f701947fb8801368b5,0,187
0d3cd279554881ceb14fff05,33,c7a822eef7cd5044c3f9058581ac580e2a5c97795db5d4b2035f55570a299616,0,188
2be1632698c489a44de61802,584,1a5b7145ee77a3eb8ed346516e045ed90112c5927c85c77fa642d15da87165b3,0,189
f158f311a819fa6ddbe4e383,4422,ecfc08a2966177b5107b850e375ac0f0c840fab5203558f530baed39d903ebe7,0,190
db3b7ee8f95528fa0b771e3d,3131,7bb9816fe88975ae2ee7614441531db401ac3fc76169299cba8c2e6e58d13cad,0,191
9acf89f06487024d7965e503,5161,716ed6774d2d5f05a0897d3f56d3c70e889aaf3c53ffd5a2590a88eef827cf50,0,192
935031cb95a2ac08ae83c8f3,5926,df59ea674924f4b26457d5ca5049de6f943dfe01b51fd9782c9c870db5bcace4,0,193
63c81497cbef79202d7ee20b,3429,85684b528f8e2b93e775e2c81508e08dd5e2d9345373d3311339a0253862ad21,0,194
e6d7eea6ffca58cafd1fe866,5630,390bac7ef1fa7613099796241556e850a429f042863c60f1958762468398ab03,0,195
3256101e4da7a2075b36301e,7230,b5d41ca8036234f057496d976b7c0e1ec0810eee3b7d7efeea01a0307e12f466,0,196
e2b1153b835629b3397c3733,266,732c04b010b1e3e1271ee11ec36ecfa6cd3ffc53cb29d364f3ee4680895762fa,0,197
c60ffe24cfcfdece22b68636,1766,0f6e7a283c53be8262df0f77e70b2a3decf9fd24e98332ca51fbe939ef9347e7,0,198
cb09d0b5bbcbf6b750f176cc,2850,71424458f1caa208ac1f5f59f43667b15ecd96daa5e5b81974f8d69b4a1bba3d,0,199
57df11aaf030c4ab47d87735,6321,310cc97cb1dfda3d3e5df89163cafe451d32c9a9e76af5137f4a7d0b44cc3109,0,200
eee1de6eabe618394e507845,4007,946598c5b08d7d50e3902f5e1c1acfb7e8a129c35d95ea26d1ed8879bb591398,0,201
951b8ab0926e124ef7b44e37,2321,f71ed34f2ea4cf02aa28537ac4ed93e0f782aa2b5a8f7673215ef254e39d6c62,0,202
1d97d68fb724f55591084093,4247,6dcd2922a95f7a50ae7d2b69af77f03487d246f3d42e0102afa4688322aa18ee,0,203
7117e027bf040526545b5246,5997,8fc6875d935599455fcc887cbd8eba318c4d2adf49fbac3f4d9dc7eae7d337a2,0,204
fb59e8f9295fbe2abb10a5c0,7205,516ff23e3262fe362828048319120c8065198633ac480b754bc90498229faf06,0,205
bc0fac689c883dd5f5915a9d,1362,3d8aa6132a2bb82d4e766e6ca3091369eb492c6aa0abdb82dca28c23340dc62d,0,206
e97f9161c616b5f46dc89f03,5349,5215a1dfcc9824f3f159f6a0932cbc48c13d6bfe5046d4d59258f2e6c66aa388,0,207
b70bd899e536da200d2e1903,1345,28b7884a6c1b915e94d2bc7248f021ac3b4011c78d27c2acca630eeaa033c864,0,208
663797dceec27b77cb898e21,6278,1f374994d054f94270ab713c8351f111c9dcc13a1ac7f127adafb05066ef0b88,0,209
cc7b30028d4b22e79fa8e366,4125,9c28c2d28bc42ab2473fe47d6c95cf8b1516ff277acf0ace3269db1a9a703b34,0,210
e353f2311f855c20c6ae3617,167,9372aad9e602bbce3eadff97c6029773b741c73b0849b51df2dddd9274dac1af,0,211
5f54d97cb54f42c953b7d218,2354,d9f8069b5f716453c38ab8c11566cdb4e62e2f61fe86060ab9f3c105d9b04335,0,212
ed06651d6f41f474e687ddb3,183,1f94953e228f68a43379b1141a688d0002f2278d5c9bb05af6325243a62baaf1,0,213
7da3f53748c9bd8a95f93b3a,5184,d0b5665b6ccee244145780af0eb0bebcd0413b769431800d167ab73ca40d5aa4,0,214
16a2a1201105de45128f2b6f,8036,240532758bde488122cf5753266d6e0f09adca13f737a87af40f0fda4f45ca2e,0,215
93872e239e9d76fd1547ce3b,7884,c5bf6b1838106b17ca28d5d163ecca41c2716525d9a6aa6eea342e69f4c81469,0,216
0fa5c45b3b9de601f53e862b,1029,c19f90e44ba6ad2f0a3a9b8e7b8c65ab1607dd607eec706e2ee439e673524596,0,217
0f837b8d0b86fe8fcd3993d2,6273,0e293c022ad08a78d034627eafb471a06bfed30cd83398496f1dcf56d4d454e8,0,218
2ac18440c49457249097c892,7236,2d2d6644026054a45731929391292b29cc7588107be567aca4341867d9fa5e6e,0,219
c55ceb22bd16cec8d9d0fcf9,7202,3615fee1fcb7741719b4f05ff664af2e8a978da19e5cdcf5e1f111a11b0f6096,0,220
11e145917094bcfda5b6a200,7260,2e548a9e0c5d9428d6263853f6e385273ff73736d89a77ec052feeff3a0189f4,0,221
50774632112cb1dd72dff4f2,5911,37389f939fba037dc52db711a85800a4ebc8e790321a71d94e124458d84d7254,0,222
8951edc55fc2878115768fc9,435,8695100cc1ea3d0081f012120213f9bd5b97e74998aafebb9e05c46b342e60e6,0,223
802ed4fe32e957d56a1806cd,2450,50687f2cf7bf9877c949cdaec9a77dce116e6ae9e86a34a73586bbfabae614c5,0,224
5a856512a285b0c93c7235d4,6191,3c72b790bcacde2a33548b6df654b7d5bdcb3c200a23fb616c99b715463d8163,0,225
b4a5e6dd976850e5b4ca1411,7033,53f1ca2486231e6bb268f9069aea88468aea78732383e29688c95880d5696f4e,0,226
67f04117f6b2f865c47cab36,5379,6e01d53aff639514000976116b40235ed7df37cd60bd278cc0a559ef2c1641c0,0,227
bd28b0b3ed277f929fac7e90,1748,4e68c2296b1d08ec6adc7808c31164dc4df7359d25bd2c9e41f0820a0e915530,0,228
aea8c43b23088822e2d4c47f,1939,15c9ba29837e6b3f030e9270770b3051601851977b1935b84544c3b1f2862ce0,0,229
c8015d1822025b27037bd6e9,1352,f1fe7be9937c359fa5c6fe674eb6754c8deba81f166ec6d7c8b6c9e62c11b8d8,0,230
3824a652d6cf620d2f6e0802,799,cb620e6b46c4b484a8d93c2bf8886833f863c96fccaa8e24dad83de784d62b26,0,231
2267d4a8c6d07c57f4f56bfe,5680,51ec143453c2ece54a16caf1516211e6e223debaf845493a8fddd882f9494288,0,232
ebbd3cea64b021027d8f612a,2052,bb60f13fba32dbe3d4fcaca3c130498587f2152cde96c8c83dee5532eb460b07,0,233
0627f39b107177c2c53c8c70,6365,842a28f93b5672b3dcfcd28d2d5a58985cde7bc65968eb1efcc8ffa953673aee,0,234
1efef88df0dd184860d0d523,4322,951f08d69cfcd1ed93a1f33519e93607f6970e6aaf208ee05bc966449e5f6d33,0,235
3a6f7d46e74488ac270a4398,4653,efdbaf7435299a51da88f3ff3913cc563f20e43488fac2daa2386c08363fa644,0,236
187e0197e183a7ffdf821e2c,5610,deaa5d1f46f3f31952273b1e7591a64936f12167186c4dfbd7b6cb0d2c9b4095,0,237
c4e7c557658f9d6743f445d2,5568,ee914fa7772c9abf1bd287d13cc03c43f95602b1011ceaf6b19c65f97149d58f,0,238
056111f20ac7727ac3805f2d,4843,9e7af84d81f7a3723358afff5c775604614e0c99eac6d524c933ab5a01ee9b64,0,239
69c2187621a389ad1693baf3,3132,75f4c0fbd5a2d162181cfe4b8cc0afe08072054b03dfe61d3c7125962e3d3db6,0,240
49cdb023ba52778809397aa6,3353,9251c856eb5cde662fb0026be18056965cbbf9e67c29f7477277cf96ff7f5805,0,241
f0720174497a4c51ef1e5301,1431,afdeea52b7fcc1906f6c323d01cacfe9185af83435dad052e0fc344a0c736972,0,242
f928b9d837c8913194c7ab2f,2194,f4695e4a205b3102485ca08aa5a18fc1f10b678aca4094aa15bef53624241750,0,243
ec7ee11fe747552134f6868b,5591,380ee23cdde8ad7e061f4255eea3dbae2bf341d995f1153bd434a264334218d4,0,244
3e15ea31f7a1fe1db3bc8720,4562,82a887609dd7fc1d5e70c12a883d4bb86683c4b83970eccb2981023f445b4f55,0,245
7b7ac662d87fe24317ae39ca,2847,2d9b759952d0363eb2ef799a0db6c4255e219431d162cde7971a441de1318645,0,246
473a9c506c028df74a8e2fd3,392,fa6b2210a2e0c5d690f4f6a8d679b53b71505e303a9a3de5467cc9bc843c7420,0,247
245c5fd58c8de7a9a71a8785,484,b8551410c21169a28351a1f81cdd5b2adb813166253b576d31e3b9eb148dacce,0,248
6fc4dbb35d1587d68d1bc968,7614,272fdec2d2425b0bb333cf3350794d0416c5282a56b76f466df1227ada5c95a4,0,249
36b5c3abc5ea1c308dd13e1e,4803,8b838e0358de7fdaa595af960ec0c775a8ccae76cc79d991db84e66ecb5b633d,0,250
d9683f4fd33b9b10b9d00031,5786,18f4473490658ef2f5cfbd24269f274cdb8544bcf0fced8a23b6e1f0ee32379c,0,251
82b9809327c6040e1a6042e4,6880,ce519eee4fe5d8daada5f5da79adf7325a7793c7cb127bd0ded600afa0ebda6e,0,252
c585e9b968c562b9e0158fb5,428,fbb7954fb5b0c269c21a9ac3fbf46683fa8947bfbcca1665b3445c0ef1f8964a,0,253
ea23b95e47c88cdd3b13bb88,7096,a7c776bfd18696b5cd3c9056fbc3f5682575636b47baea2e0c1b8f4ae45a3c5b,0,254
bd2811989daffa73e3f7dee7,5544,6d952414c1bcedabdbb0963e089d0932ad67dabc9cc86321df1ae37a1ec09aa7,0,255
b0a1703ab5eaad0ad9527778,7834,1c5524cc2ccd0a44657468b4ec3edfbe236942752381315711fdc248c96628e5,0,256
630f2995872aa0dc530d66a5,4081,055c07367583f2120d4f554ba19ee4c415fa30358b1606a7e941af2ff552b62c,0,257
7228e0646d1c3329c5ff4a7f,7521,db33f59e180cd5024f3c2cb8b86a492b92af323dae065e57d29adf3fffb1dc17,0,258
319f37f542e57d266673943e,181,7106da6064958587f9dead9b6b0acf7118a85ddef22a6b285c7748c43af066ff,0,259
5a796b4bc69c8384c71badd3,2283,bc7048f67fcbbafbaab4f3584d56683090f381bb912ca41163fd1c8931ef0ac8,0,260
d0525860a6c6271376b06abd,5810,0e16ea9083f139f5643fd93ed692f5c8fcefb2ccf16782aa8d6557294e714163,0,261
a8302cc683726197c6a0967b,5734,229d5e9fc75080ff47627a4fc08ba79afb326b1e276af2aa9b2a76a958ee515d,0,262
b856ab35cd942f150e0d8a03,1243,cd4cb78c1d5ed3073d52b2cd07f31ea10ac5256ecaa2393af9908bfede0300cd,0,263
1666b87c5c4bc48d310da5f9,7174,82fd84ab26321239f09454a02fcd32060606e69b6a3408acc973393bf7b23728,0,264
269d3fbd6fa95e536f44bb88,7805,117cb60f023a38684a7ffe89a15dba7e75501aa14592e623fbe5c9e2e809388b,0,265
331bc073a5f5582ab7d80d86,7182,90783f20e3922cd6499031c181fe1b0efd141dc417dd48fe30773559a4d0d181,0,266
c95a53e954d04cebef645653,5874,fec737dd8a6b8096235d8c1084efd1aab40e848eed94ce61f8fc3fbba615e187,0,267
f7e6163521e2a10df823be39,6013,c15edccef331758cf9d821582e8f2fb0b3b79638efceb71c717add9446c22b45,0,268
d5fd23ae75a55dc2377ed558,3102,1b6bbf56bcb043544e287de69a2b2af70f8f2e51685c3adfea0d0bfbbfe2f45e,0,269
983724c4f9db0af684872a6b,1099,4cdc4f0725a51a8e93da40769bff359617aa9c6cdfcb8fd70ad1e295828d911e,0,270
58d3f67ff0144acbe5fe841a,2153,ebde255386c47cf968c462792311c34978d0c2cf452d1a5c12d673bf55246fd4,0,271
d17aa47df4e04ddd1639b368,6256,993746529054022f46eb43128d448ecf0dd5d9615c11895688ae6734cf0a7534,0,272
b6792fa4f47ebeab1c96a158,3606,9326ee505e4143cb8b53818b11fd23257537ea7ffa236593f4f3306dc08dc233,0,273
7eda316fe8578107e9dd7f28,666,58491739587252a0041c619deeafe717df0eddc9caf203e73d367e464a962c5c,0,274
348eaf126a65e77675f87489,5784,b9e3ca6bd5f3230c36de5210a159f4b7aa0de4e852fa279166c07ba89e022a69,0,275
05ee0628378eaf92e2adf305,5546,ac72c5c871b23ea6d386f4cefc73cf2b5249b32fe6b3bb245e8d2b97dee4ac85,0,276
a807e2d6ab81c442bd84a7dd,7451,7931ce7f251310825e34f3915addbfa6b18374fbf35bc9941f71250512afaeda,0,277
925bf147fcb8d92c1de79ff5,7163,b0a586f0c5fb6d2b0962092d733e0b983a27a60c0ab6d9a507b120e5d26c3a95,0,278
b74f14c3f1a66c2287f7f23c,7557,02ef8e67a342af317ae1a72b8447cc42c97a7a6cd7f6cf9d26658eea774bd74c,0,279
d1d288d70750a7ba4d5a33e0,6881,e35e0fcf67f9f9054d77179deec977bffdbbc70ce33e878b9bba105f64ce14aa,0,280
b0c32ee44bb4ff9f9f29e9c0,6845,0ac8a35685719e5a1c9a4cc287607376a18936e9977be4095059ac7a6af19782,0,281
26d6890b385543f0337215d4,4350,7ec60a8017054e9f7400519711448e9861ae56ea77af1e7328f4ea25cacb3b37,0,282
f125bbfd05387e6840e9b584,2977,5ae818ca680a771d5aba9244ff334243094599b328277033c83b99a92c49910a,0,283
532202ef797228f5dc41e252,5095,5e1b2e8335c2b1557b34dbdee0a327cdac854716417322c8d95fd0f42879f888,0,284
dbde2a76dc44593b656c674e,6222,ccc7da4b51fae62ea06c64e140c6304c712142a9b4b381d5b80be45148ff198f,0,285
dd0e26047d245d6519801ade,6284,edf328b42b606bcf3618aa749e288350ebe66f0ec6e69078e83963b95b90daef,0,286
b3576799a4dce5536fd23c60,190,8cbd144fc357efd1b79315fd09bf6c363418eacbf12dbc5c8094b3a7f0f52313,0,287
561df33798da31be9af27028,5655,803c9fd6ee980e1e8806e5ca6d64dc6e6d33924e949f2572dec9e7a3ad83dc20,0,288
0b937bcbdee12800602ff561,4599,e6105c2ac203bdcadac0de6dc4de0c31790e20832dacf068ca78a7ec41166cd1,0,289
61fcfd26c12a3fa039fbc311,4172,438a2da2ed4683c70e17b4877c4e86c4ee0ac0ea64df0f55851bf898ba3fddc9,0,290
002a8ae139e7210e668c4b08,2731,cf6121450b52d9dd9074fab70efbfeaf7f9a5ad91275a4f4c10e1c6f4eee25b2,0,291
31f97b3dad124041e82ab5b0,3167,11c4fa2f0bf374ba9dfd9fe6e447555e327eac4082eba0df2581670edb60dcdd,0,292
d36423ef44d86112f4a4a54b,2285,6bb04599fa9f35ed5c4ee4d402e81881e113585f63f1fe61e9b519a7da86e0dd,0,293
e38be9481d21b00c8d2382d7,257,2418be07e9fee51f3ece32e9174502db6849e5fc643b4a29cddff3819e0b0a49,0,294
ece3e3d508c1eeb3598f7ab8,4716,8a484a728a99f231837bb65b2037ff1ffd737206700682ac5788e48512471457,0,295
9d53f1bddfcafc36bfbdb08f,7028,a2a6a9a52dda83e6d77ec309d21d92c0b07ff19eecdf186cda6e221c130a74f8,0,296
5292199def2b1dad782b294a,6965,13baecbcf66642988c3e8e2608ddc46e1d0cff3ad35a69c94b522b5108477265,0,297
dd0f21c1f9abff03257cf043,6418,bfe7fcced6d5949401c819c1c2a5ad27291208540080f33ab63eaed8aeff470d,0,298
e611fc1fd747c99190f9cb10,3265,73da71fc5b0be3f358f1d7214d8867503aa55867acef845ef13f046c8b4cb9e7,0,299
7ca13db348055634c9b32a8a,341,d611a192da1429550ff083a914b61250c3eede6718343a38f74b890e8e8871e9,0,300
3ffa34f7896a254f150fc4e2,4236,3854a55a5ffe6e015efa5ecd8ffce409f3f1363c96fda7baa46da5bc00529b15,0,301
c39fd564728986681761346d,7162,e23a0e5afa0e331d424ae366254f36088d716be1859813a3fac669c661cdc291,0,302
13562dc05d42baebde3a27e8,6654,d75b358e369dc86473d694156f5cdd605f07934913262cf77f8e30f5616e9979,0,303
3b5de1208b9c7108a9d58063,4047,e81eb04c615755f3e34334b97c83f053b70e34bacb6fbfcea8a3f44da663def1,0,304
76e329c53a0919c41d9ea4a3,4034,29c76611b5c427c1ac5f933d861cd44fea528e7e929059cc44eccdee90c7b650,0,305
22fe4a62098b604e33675968,2744,b8ae877451c33576c9ba3bd396f9b7ce1afb4de08505456cf182bb58b0f1a003,0,306
3a5848264e830a87f1022630,3077,dbadfacf0542044f2b2f5fb744543b813de8fb9b1cf90c31a1daeba49586fca3,0,307
4584fbb60d7795d7b187e2fe,3432,173fe30d3e87684f6d64b3e403a6fa34770f6d6fc96c0d707963506434ea0a30,0,308
7f6d25a058b558d76d7efc39,2698,864c759dcf1aed4ccd83e8b00d73d56aa7c8031b507625bc9c4f55e4a07b8f70,0,309
12a097891fc923994cbefa5e,7464,b33841c63f4686b3da9e51e180c4c108d4a4c8bd7ef13eaa040fb02358868316,0,310
2800c1c9e939d9c795bd11dc,6782,f67dcc6d329380d8dcd2b05e7fdddbf86252f7e87b778256d6917ca365216617,0,311
3cfab01e50773cf2ac58d4bc,2695,420a04306fc58c32e81f0eb4506a26a657fe4c496f24569d4eae5c0a2db6ed7f,0,312
2663ed30b4347743e3fecf68,5267,91df9ebc68b99bd5826cf96f5e23856c5016da1c6ecb258449044a8ffff48ab7,0,313
4a5fbfa328f8deeba8141bbe,2903,13b2ac2f4c310850df24e24f5292c5b29f8aa45d9100f6df1dd3875537dd8554,0,314
effc9be2c0dfa0973c69915f,637,407bd0dc424a0dabe455416c3bef60574fac334ecbb1faae505686c62ce3fa05,0,315
fb669661746373e3aa28f3f4,5839,a2d2f83ada8b651c726393628bb85506d55a415cb020029f0f0290c4865f2b5f,0,316
8753f5578f27b3ef23142766,1886,50fa5ca779070d925a40c17928a3c889bf42e912b6e4715f6c1d2864f3eb4f3c,0,317
5aa74c4eca5fc7829f029d99,3185,ec911ac43ac5d3c2ccfe7784b497566d6a1202c718faa29433af6d91f83c4abc,0,318
45cca5fb2ec188f426b112ed,7295,64ffa82155c06a976f05405bc5244bb6a97dd0a495e3bd292ff80b32ea13f769,0,319
15fc497325ec25ee0104a5cc,6199,79c55b2ce849a608d1d3cb908ba31110a09b10ba83eca5f208af3b4f03d8273e,0,320
d459a15bb4f2ac57c0fa6c2f,30,173aab759688c4ebe1054c5f3f67928faa4b853787679ddc5bad13cf52ec68d6,0,321
2cf317c642b4a0949ded0c18,1327,6a6f62e7a4ef0d90f7ac1cabc2054cb58f205854b59f96386a8a0cd363eb8ce0,0,322
ec431f0e7637073dd22f11e4,4824,443c70e25d4f6774edcec1f940084a28c74063f32b7b76eb63cdda98740480d6,0,323
6f6f2862a93e11d0aa2ac92b,5062,8c96e709d32c553a618c2b10438df6abc133abe59cca03a84d5776fd40597ab0,0,324
46f8690232333f33b54821b4,4235,7d3626739bca6e49c9e912ebeeabdad88232c8889cabbd5a44bd0cbc8cd778d7,0,325
9570580e7820d91275e1b316,6064,001f175719017f82d8218fa409c525bcc16940bb6c5d1fd751c369ccf1f5febf,0,326
0d3cd86e9a9a6006a154977b,1198,1ed844ab7421fea13b56aab77a749c45d31d0e4bf096e1d69fd7f5bdca4f1af4,0,327
ccaa18c6f00c8f9a75c1072e,4913,b488b1a493f811583f5da0025704aa1b6da8fb400aba0e2a383be90e32cf9069,0,328
3f8c99aed20017111b5d22e4,4633,aa0ca1cf81e6b81aad75c587b6bd7408c5b80be9fc7d50770e57055c5606def9,0,329
6d02796902776e8ddc02de97,8059,2d5a2bd8b68d9fbc278c74913a02a4e92c2c3a213cc33f8bfd36abe32a7fc71b,0,330
72f2e6f54543bcdd85e0f5aa,5661,14be8e1053f5aaa793972f090fe8b2429baf01b94aab8d08923ad84fe0ef7b0b,0,331
667749d873c7cdc3d8ca0891,4471,30d95649af826aec37c853b02d32dbeea395eb80639b837ccd8f357f34c90c00,0,332
a488612c292b00be62bc8f9e,8046,a56d516c84dea9bd0cca63dbe4fcf1ff7d5af945312ffff2ba9b8f730f8dccfc,0,333
91500aa1d859efb23a9b9f45,4198,6877f8ac05f704e0330297ad5af581a45e93ecd5d7c731e5ff30563eeb4fd2bd,0,334
c99113559c3800b6ef00708e,440,10cf42c834ac36203b04047cac72521adce02bf876c2fee7765a928b8ef30573,1,0
f3d55e5d29e6af75e3e35e8e,1998,0407772a1352dcae772d96309a09138d6545abf78c1bd14d4fc5da7bc7ed0a5f,1,1
c76e0d8c5062314f7323c281,4659,785d17be6669602760675dc72173355ddaee65bd9fddf4f32f785f1dce0c5686,1,2
42911c3fa3ae812f51e0792a,682,4a230da3fa2f6968d77a33fbd1f38a9f9fbf7edbb16b15e0760eac4f363d9dfc,1,3
478ffc026bf8717edde2dedf,8,9694402516b68a4723190900e9b0fbb12138d4a86ce94ee9006f234fb6abae43,1,4
2d29393c08237e9aaaf705b1,2885,6db43f8a680c7c7ecf6a9a69d1b7e0196bdfb38e15be4df168a351e754391082,1,5
80472d3507c094bf5b293292,864,60ec0272b032dbdb7809d5c36b4f9c426fcd54e5d6631cd9d64d3bdca88fdee9,1,6
a3682fc7d21155a7718783f5,3346,9bca79dd977daa99a80e03e91247781074f2c9e267ca27989c732ff084c270c4,1,7
b3fb4e046840fdd854c51708,4910,2f0ea9b79bf883424a69c92f3e6100f27e9b5d4fdcb6bc9289a25fab64be87af,1,8
c12daccc7a0371895beb3e66,5704,63d580dc2a446ffb41b7560e86a312a624aa71ffbdeaf6edb88373be399223eb,1,9
0555217da40d4274da73d254,4708,63eca236f2a228ec48c40e8d39b630998859fa4ba452b23136065b9d553d29d8,1,10
0049ea44049b600518af532c,391,f8c494781bc0233b9b81cae9c184046acc6b2fe0fdbfc9094f0341af608de10b,1,11
2c3b02f890676feb5aa99182,4564,055b8ace67da095db41d31e2e0efe7a06377b913d77f0bfbeb38ff4417789bc0,1,12
827ac148a6b01ef826a7471a,544,93ab0b24d979aa677dd5ce4e78798c04744655c8e10247de15e598936d06182f,1,13
b3c6e932fabf47ea5936be53,136,4e2ef3a039d0d964a7b8b99e5923c124e2c71cffa504a9fb4e7a4f7df8afed97,1,14
42749349250e1a40921cc892,4209,f4314ddf1c1b27a343ad0f89e3041333dd912b425ad0785c0b4b5f6cab5e83c4,1,15
da345d01dd1aad9d6668ca1b,3272,5cab353d581843f91343c51cbbfeb7de5c09979be9239973c1dd908fb555419f,1,16
05c104fcb2c4c5c49a0c6b01,110,d4f2902d588446056cf2314f6adf6b19b3edcec42e141ae138f923d629d0bd2d,1,17
1143286d9b4428463d9a4ad8,7031,8b7a93ccc32dad882a28e60731bc857934fd98f76a165207f38f23f9adcfd65e,1,18
c49fcfa83680712c167909c2,3061,0ec7e02acccdc5908763aa91cea9ec2fd3ca8a13ffa4e310eee4bfb85bffe82a,1,19
c674cbb0138464e3dcf142ad,2422,f0817060e4d7a599463db845e76c6fb596f76d2e788c2a1919a432a85020de5c,1,20
7e701455c310098631ab3765,3899,dd5749146c718d0b32e39e7494280373676363ff108ae5a640e37ff5718d05b4,1,21
8ac7bc12e2a7a68e306bc8e7,4582,6d4fdb46851621b1c41f65d3f8287012a0c53deb9d6029d72dac35d01872a791,1,22
6181e50738f917eea124e84b,3222,d2acae4609d45ed12df7b80dc9a6a917b4fbc5255d012ad61d55cda343966d0f,1,23
e56be3bf083887d0392964d5,64,aa167e23f9cf48d89d9cb3cce23ef11d89e2612ac0e7b18579a7d4d5824fb37e,1,24
e3c83dc5a84b760507a35eed,5719,bc976259cbddbfaa1cb41886512488845785a16beced1a30b6f342dd0af37343,1,25
0ad19ed553bfb6834f2cf1ba,5228,a23d1d58947a6b52033f7103f45c9e23f2f3ba54d9c4b1a2fe23b7477e6192cc,1,26
ff9a29d1555e10192741aa37,6053,fef055738b304e4bb808354d8f2daf79d5e213ae8e49c7c7406911102a048c31,1,27
e95b13a5579a8e96579f3aef,5928,d4c7c6d218a6440f5bafe44bc3e9de436715b4a1bcbe5fb7d06d0891b290a5b9,1,28
863db376a77f657998edb02d,1995,289dd27ff7e1af366d4ffefb9a20d7f8522bd3928904d5b63f90e337ae3366d3,1,29
2ee567c0dbb4246eed73beef,3835,fed8fb9986edc0ff38032658a40ee9385b242a2fe6f97d313aaf440b1251bfa2,1,30
9c9a8eb842002870b9e2a165,4739,89eaa9d13a03ea0e5f2cb4be51e620424ca2adcf8ef36e935947179facad066d,1,31
0e470b584fc1ebc756d25af4,135,f91831f8caeaa2649ce17b6b45134ca058a033c313c59c0a3cfbc9556409332b,1,32
266f675c26fe28a3bba46c96,4179,634c8c246e89115874c44d3239dc0d5d70d90f29baed0cfe0cb5d92574044eea,1,33
447607969a608f672e07b260,6595,107a34492db84e0ca5c33dfe7527c48f25ecf146ec156e4e8de206470ab766b6,1,34
c6d1efe4de576e62ebb9102d,6450,755c1f4c4cca06fd321e10a42f6960867086c348b8f090a15affe946e934088a,1,35
5a89e19435684f7d507a811c,4457,5f2c048d3b016e7f6325fe86bb82815e12e88cd1bcf72267ebe6affa8d76e09e,1,36
a40082c10704cc23804665ab,5971,68de556193a161726311c37b250fddedadfa75f7cd8de5bc8a423e6284452e6c,1,37
df30fa9dbb3be8f58598a0b6,443,0133112a247d558e55ade592080f3ff7cdaa2379faca99560c2bc28df46960d7,1,38
9ea5036f9369df3a5cef8e31,2105,aa2c83bc67556d9beb59e8490a8f78861ebd8bd99c783be15a7c1affa80939ed,1,39
8c8fb76e54eedd0c23c39291,2184,756e505b400e934518a264b8aa7c4bea1d78161bbc3f9a1e631ebdfb2ec11b37,1,40
2712c66e30805730395fcd25,7589,c011ba95c702fac8cf5d5121dbe9507cfa9b9bf84cf3e679510f4c0a95d1dca3,1,41
8761035205add5f938549674,3805,7bb9b2335a0239eaf2eadfba0dd352f7519c9a5d41aeb3bc13a0483d9c5ee78b,1,42
f8bd365408c5d02ffd65ebc7,6607,40e9e9762573fa6fd2f4e0b7dc9f45e3af28b7693b73a27cd695c10c7d5e0bea,1,43
d67af41072f498f91f5d14f3,26,918c0880d1cf77e03e8d7d162ecf76072aaa677b4b8213466fb9cd98b294d897,1,44
c0665b307b563ee7e5d25ad6,2905,d1b7c4700828112491486f32183652f5b6877137d7076d6ccca0f2847009e8ff,1,45
f2e7f910c553c446314523a6,3903,ba011648654f8cbcc3deff6edb406a18df246bf7f3ce1817bb2216069fcdd918,1,46
34e2d37647838274718c580c,829,b45a9e01f98531843f0e9afed53750266c5ff7ad93185b9df25243155694db32,1,47
4a8d1d65c9998b1d353eb72a,319,063bec3fbd4be3fae6b433afdae6cc945edfd81070cb1df5cdf0ae9ee6a320e7,1,48
eaa1164782832d21debff5aa,1571,1244f4469908da269b9d39782472c42b5150b2254e985d2caa940f84ed17417e,1,49
58b17f88cbe3f9a6a9227418,5186,ac98adcf0266068a813902a9deb39cf7ea24983c609238c24f69a4a456bd91ac,1,50
869635fc67266bc4e5594ce4,4901,0deebb68db995dacf996497bb20dbb1e8e6d7a1881130b2fab5a7d4f7c209c38,1,51
3c26ec0b2136f3e0c7636f0f,1015,7190e7d79561701f6f55720511f7adfcbde335ec9b050858637c2f0be5df312c,1,52
15f9ae84a4230398041582bd,1494,5d3d2ec4832e7a568602921f1de57cef1a778abf3f5c262d66f263c3395778ff,1,53
5209da986dbf6b8558f55493,6160,57c7ebbf43b50d5acc24acd64366bb63581fde8bd80201bc8944ffbe6ec72801,1,54
3d915b906bcc0eb83d8142f6,145,3c497d0264bea9143e81a889cd8ec3ce376390cceab923423a5b380987bbaad0,1,55
c64d1b608a9a750d9685ee7c,3682,d88dedee7336226fb419263115af30ea0e9e71936abecc47a382eb783a94cb0c,1,56
ed808802b17da6f4285c76d6,3471,c81388c45ab16f7af6eaa94b5d2ff2e8b896684632a650b9eb184d6df4f1d36c,1,57
64a11a12a785d307362eaacd,2884,5df6427eed2826b6a1ad295c9a360cf28d14309fd1801c7badb1046b85ff0964,1,58
51e44a0713b99b6e643a1c91,5844,d362eed9bff058bef40de18ec16b3e66c2baf508c7e01b21c371b571fdcc0aab,1,59
39a03673cab47f4620dba8c0,1723,7283c3861f1473ddf599391a98f5c608ba83a83a6cdb6a3ad414aabb80d69288,1,60
cc52cd4a2ebdef00310457e6,3959,9ff7578b9c6a0e2719832ba7ff334717845438f5994aacc0350c5fab0ec81ede,1,61
98ab3037da56b7b4407aaafe,5924,82dca74645c2c4284a9b9d49efdf71daec2ee1a71c037d97d11947d55e262fd5,1,62
716ece56ed6bd8f94d553c61,7578,99cc31c13046305f91ea4404f05ec8470fee718d4a56f6f867d1662226295e8c,1,63
206da12b445a738daf6c1c8c,6074,db75e5a5bc5e13146288ede29fffcae2421c6f74c96476d4312fe4519910322b,1,64
391f13a16f3a95d9f6b72f92,7928,8345b9a1e96ea31e8435e0da480a8a3b89c88955f6d4e5c2656799101f45a2dd,1,65
1d410ad4a4d289994a937259,6132,8cbb51b8e3d95402d543e3e86f21b90391d5e2dd8a0e7d28893ec1c770145e6e,1,66
f19483aa50fb6e3aa0ef9a70,4275,d07498f72df72ba2b089cad59d26d8fbf7c974864c3bd1faba3e175432966080,1,67
a27ca8d48b097aea7a6a38a3,527,afefd96f81dc4f1a032eb777af14c99446d65f184a8a2b6f820b6552e8143b6b,1,68
418ef18882441a2fb3074f8f,438,149105e5d1119e67894ef8eb1f46726b3f0d571f9fc43a1e1640b7d6082adcdd,1,69
8861062114a0f967412a6811,7060,935f1da622e8cc5e75b0703d10b8d9708603f584504911b6bef39255bfb5c171,1,70
39c545a705e9a5743eb250ab,4863,9498a4ee7b3227d2deac7aa7ff462ff62263ac18075e49f0ddad3e610a8a842f,1,71
2228c0ead42e4dff805bbbe5,7233,bc9ea5b7784ca9b778fd8729858d03bcb7d9fd45f267d8d2bf0b1ec1f4ddf067,1,72
ede55f3c1247a4164efd8b27,7266,91b477e1edc1eceaa1956ffe5ee75aff52060e43eaaea7e4e653d72e64659fd5,1,73
eb1662775b273e56ac84c476,899,e3a956fbb52b713d6235e8765e1df6194cbcfcbf09ffdf20e6f591f1ad80d0c4,1,74
a1709fb9720507fc703af7b2,3013,8d0ec278c5411cd8cfce35207fdc5f266173a137b346c880298530cfc0ed294f,1,75
ca7a581d64392de24d7c0bf6,2186,8e3bbb333595b14f7774f121b8ecfe344e33f0f83612e84302f553373bea745b,1,76
db18e02c9d4f3728dc2efef9,1768,249689e53396738f8574f74f20f126012682dd93f3c215b08146eb3370a7cca7,1,77
585b5e53a59f8e51554ca002,1584,972f1579fbb0f536e228071db20e95a0ea5c52fc2ce7d751d03fa57e94daa3cc,1,78
26a0ce45ef799f78c6bbe69a,1914,a77155c15dbe209caf0fdf11057e05c5606aa5492fe35d6fd13ee89d5205713a,1,79
14cd06e44298628c1ff6e197,3209,47237dda7c31c6dd82b344662a2f56e415b66e224a8641b6d12aa76e1badfb20,1,80
0e353c31fbab44dc6eb5ce4f,4844,e4883425dbea36e5a18c8d2ca673f62ccea09aad9fbb568138d482994bdbfa5f,1,81
b9db2026259a521e6d749e9f,6885,10f158975952b3b865c5f06dea95ded608433f6ffeeb69c7e37b50e99811ebaf,1,82
e258e39420fd742638b6fb98,6393,7de577cf7ca74113a4e0f83c72872a3d1e2cbb058aceedd9b88e9df0c25bb394,1,83
6513ed6f6221004387cc5d01,6803,d399caf7aa0f8b311fd8d11d6da35db529c468a969fbf737c256a8318c0a432b,1,84
1a84e7053bcca850433f634e,1538,c5be0086ce66fface61f9aa0c237d54625b4727af2493442816cfd5145cfe6fa,1,85
1d8829966f10977a8dfc42fa,3516,26e7954d80ef0f01b548d48782bb500fbbbb50c15e1fe05dc0dd8fe129ed3758,1,86
f684af5a2e25476f057326cd,679,6e546c3d68a5815569f625dfe6d80d3c8c9e7a3f3a1f96b04f080db76fcef985,1,87
d817f79411ae07689cac78ff,4429,fe35a3309f069ffef19c7845b67af9f9c9524a271e86f789d5c3b0ef212bbb8c,1,88
12971af76c28c446b74bfef7,14,5e71dec351995ba31065b8edc3ae15efa48568a0359908285274688add445505,1,89
69711461d2a69ab04370905a,3217,c4c3cd01e04115e551542850fd350865b2b739933baa35da1c74569631da9c72,1,90
528dfe2a692883b9da99d817,1390,21c183dfca98c8b1b93cca9ce92a058cad0a913a4275d09084220b7ea5d1394d,1,91
a98a88ec18965dfeb54c5e09,6808,0b444072656562adbd7ece022d9f5ba61ba86212b34b7e988f4786cd89b87202,1,92
11b9454997cbb895e0483667,3460,ea0bc2b9448ea06578b364e68b6b788263e9e0e1a50bdcbd0a6234ef979c0fe3,1,93
793a7e99282711159db7c7d6,1996,41563cc867ecf243fbd989e03a2f3291556900cb736f59f05309303c374a6b05,1,94
3751924c3f472dbb4e6d24a3,3384,2e8892a6d3a2925bb3cbd211c7918d59ff3f9abb0a2a30933370851baba9d48a,1,95
d58ed7e65d97bd075e6262d4,2773,29710eae23de124a75f7e01223f11cdb3426cdff7b78f4c47a033a272ea8fa58,1,96
2c7314f451dfe597f7c90f2f,55,77baa09dec1a62bd50838c83e5158358c6d4e1968c7c9bf7ffa69b16badc271a,1,97
f5e24cf6eba1436413e80bca,2447,f67b7de6bc6665fa3242d289dfc2c65585d3d5fc935844fab4b5623f4fdb6f8d,1,98
2923e54e8af9e5788b8a8191,7486,30f97b9c5816aa847d02eebd84dfdf619e57b13f972ca5705c9b9673395dfae8,1,99
1af5bdb63f3ea40d5860a747,8031,4b04ac5c750ab5eb0bca146a858c66186ecf9a9e334f971532fa6ae184b7483b,1,100
c23f8d47599a0fe6ec22a174,6861,a1086e51e8a3f5f08ac9c3cf5d17cde1de4491b521f59c8874e04654e8ff904d,1,101
92593467ffdbb79e1d4d9280,5004,a3fbb8f4570b99d4ebe87638d0293818bf66fda9644a60e0737c0e43286cd565,1,102
758b755a5e59b8599ebb321e,7338,6eb04ecb1b2944d372b43f25ce44ba5e11b0a5e5adc0ae2227960b4204cea213,1,103
5b8068be706c3c67c469bce8,1665,3044f0aea109bfbe53c87bbb29be3f218cd1443db5353be21567d0b6408b03e7,1,104
8d8076590ea99771106dded8,3685,5a35cbffb7ab98fc31a57bb9a23b48fc186cc1d000887f6332a4e81d20b2c169,1,105
009bd2f822deb544bdd1fb77,6257,43712deab01899c62f8d5a3b24b259e9bc9ab9e5f1a17c714623f68ac1e15987,1,106
cb3ed4a39374bde701b3b1ce,6957,2a79770a36ae473a4b1b9141284f16f3c778e7db6eeb09b82b3d5ddf8866b3c2,1,107
9a5db121d5cd2b08a037339a,1861,1cb31ff3f23dd8972baa500fc24a5fb018c19a579a5be718efc741f36fdab107,1,108
9bcdf8326f35a3ead37a6745,6364,79c81b0df440f5eaac55ef0b6e21e8241a307798ee685f4aa8506e7d498696b6,1,109
7874850118acf4f3a08314ba,436,fa6188d89cb0653987127497d5255423615022cf45c6387beadb6a2dedbb40c8,1,110
622a594ce29e0ee9a9e20bf2,7106,5f83e367c73d86b75d8a64b2632d6e847d12a61719981b8672b97cb199f6e459,1,111
e6fcff3c85b650242729c4c8,963,c4877358a4a13f6f6aabe55d679c89750d3feaa963dff7581322173ecc844073,1,112
3161b325c70c007bd40e1f15,2892,c44d771f2e3f2afd18aaddecbd193a644ce221e2cc1276b0fffadaff6bd4fe13,1,113
cddec2fced5352acaeed1276,152,19c21bb2757d989f7474a0618bc5b7f35e2ed728fd29317d6e8ee428536b263f,1,114
21af95042a4b935cd26e9fa8,5516,4e58acde3546b5bb819162b05477fb589a29026ab8d16293fe67c16c2f42bef9,1,115
bd583f5d3e9bb2b0ccd13a4e,3837,980b05a474a2303a0c2903ba3513cd78f9cbdc6fb79d360e1b0e2cdace00d46e,1,116
c6690bf41973595e04d6a575,6896,b43ff521858025e1fe4ba258c4850653247e43aafe51a192c54bdf21d363090a,1,117
d267ab014f2000088a1fa773,2591,3c6120d47db3349491b68baa6d185467a7814f2a0e26a44f102d10b8f635c11a,1,118
2042e8de50d4c10134a30d67,7496,7b915ddfc6c40793137580998c58c34df9d2c8e076591e8e2f59c78f641f3e52,1,119
06ecefc30a8fd005e7dc0a90,2150,5926c23358e1e436da81b553f0e74e8a4055c0415a2ce6da7ec8c41d8231dcc8,1,120
539357a96137c34c51a33bc4,6900,a8e5ce22a82482cceb6c4207cf198f647e2126e10cc1ce405398f7cc891a8d5c,1,121
f293da76d345e32912da1aa1,5245,3e20b046249e628d25f4eaa5e98b29b909381b798db1094b29e6cad9656c2a1f,1,122
346c8cd316f4c20ddd8c0ace,8050,0f79669af8d096d7a4c56e09d79a696a86d11257a525102a6f4fb3c43f739b52,1,123
8c16f4f9245ee3b5d43b068a,6243,4ee1e4c16bd78f36c1fbe46e5f7b6eae830182a76e4e51554b5e636c300f3dbb,1,124
b91205b1c5ffb478f0a511cd,2902,92bea9f7f207d6bd8bee14d6cd5288fc120c88331384f0710e66b72cc23004ca,1,125
396c9239ea7be6c539c896c2,4391,f58a5e075bff8fa95609edfa98f4fac358f28fe4750bdeaf9afcb213f223f57f,1,126
e84c6743a5a80849477ba0d4,6205,9b8fb41112e4a44760bf0b7e340646c90768f4820c0d9cff0b4939cc70e74c10,1,127
0911936c2c08e997f51125bd,2370,42b04fdf99903f70c28f82251a60d00c0a091b7ebfc1595925a883c1fa745893,1,128
498ad7218df328229d784a96,567,0673a22cafef1de253c1fea391291d67fb3d1bf12db626cdd1faa8341224b162,1,129
f21c786da340889b7d817a4e,6647,2776b8d6063286edec6fb6d71f56b628f3004a2182c65d7cb25a25c631a08551,1,130
9d50efd46755756457b5536b,330,7ae484a61e8685d6514061f5601a792e03d088c60fdd2ee9360a9bc57027d760,1,131
753b982f75eb474ee06fe485,103,c7ef7a8a9705c57aa4fd689bac363a500ffb0332c056ae5ccc44c0ffe1fd037f,1,132
a366cfaa9e40f6cb1907fcad,5525,19355f2f2bf1278c242212e84f316c8307d5ada29d48f2fc802fe5a1a10650b4,1,133
62678e19afa1bbaa4b69f1ca,7538,a561815b848a59169ccd24ce8b23fb2131c42312d00ce5b193d1a6c39188a40a,1,134
daa7703f9b03777d944c8250,3507,a6b52b5724da420d7904819c31d5cfbb03d104ad90f6196e2cc19fb806be07cc,1,135
e90d3f39a86d37001ed649f2,5177,d7e0277edf0866d395be948ca7f0acbfde5a82ce312105f414d862a533378a6c,1,136
6ed4be7fbdca0418bd685515,4433,999e4bc60c2446df7b97723911dcd50b96a35cb726e59f8a8daac1754bcc2e4f,1,137
58db8341504b7d0c67b6f97f,5683,bf70f591496a57b52d325b55c10b46d7a933cb5d7eae778182a6ced92955883a,1,138
ff522dfb46d531a97f934949,5470,d861304dcc6af09290a390f9c48110c2767170f57b65fe6f150c65488c86dc1d,1,139
4ffba8ee5856df0b4a14c010,6751,48addbcc3080b10d69fa9a9c88f7c96fa1b05b91836241a2843f71dda6f7153b,1,140
b68d4101b7532f17ffa7238f,3489,59cb1dc0ea701930f47253a1d8f936bc4e85cf3dc84821a2ba97dc58e0e430bc,1,141
f55f477f57354aa0a9d76d01,3787,1add95ea544e392741a6b6828fb1527c89236d919322c9e8126c250adacdaf44,1,142
ca403fb7e4eca0bd25129939,3275,f5b8c35bb6353d86b6572dcfb66132f9f5c5cf8f6c9eddd0cea5fb1c0d7233cc,1,143
d17b5d95f9daf17a3202f665,1043,cc3efc41c678397c47f13a4bd5611ff0e0826fe6ba58c7f0f1846fdf22f1316a,1,144
db2dcfbd96a123ffbd455d0f,1942,b26a62591d635c811b930aaf21dcdeb14f476c39174fc1a17c7a939fcafcecd8,1,145
57dd2bb8cda4da18e34cd6f3,7913,fa971cfeb16116d713016be4e8b4c084dc71a0ba336f4848238e0744fbd3adc8,1,146
f3ae98258b534a23c9b63942,6165,e480d388d5169a47203b1c5a97adb4c4e10a09dc124de52d8f153c483e76c801,1,147
2e6aa87b132502baf1300cfb,7006,c243bde02306da2255fad27ec6d766e0ff7fb6e693d8f20dfb24f1275bec6ee6,1,148
caef7794bf6944d5c5954c6f,7268,e9ef0b3507d97e84dd9db29d366c069e889eb03b83b5c7759d7a7fa3ef5be1f6,1,149
79e6f661480dd39099aa3f7f,2212,b5e9a114ce0e911e6261a215fd8f2512e871356de9f70746d0b311075ed6e220,1,150
ff3bfae8ca48f786b2744cef,5999,1ae5ac3a536a0c1401aa62436cfe21f582127020f6bd60e63b65302aa074246f,1,151
9de9bd828ff020efdd6a04b8,7144,655a9e9ea46bc56e3aede3995f1aa20aaa25609e52c3975ad503ff61899f546d,1,152
6b3d02bc0929b23d12d7aa8d,23,33837304ef3d118759eebd6b465712d9f69651e5dbb8786f23e01aa98bb9a3ad,1,153
e811e3b0416174bb61cfd374,6304,db44848ad6f883f16ffc67fd26c903e9091cdc4c3173feeac8a9619a4fb3a165,1,154
531bf0ede1c3036a2748b50c,7701,5c973d4b8501bb39dd192576cbdde2b7a4a22e50a1fcdf655647e0203c3467f9,1,155
64e6907a3d693024fb3afc1d,6720,afc5afb017c7b545f21a89191710550d9ffb076ed2c017c84094bae40b1cdbea,1,156
e98c6f2403bc1319a08d8566,1872,9ee5b01dd47bed931156fc41870638595158e9ce80876e0d88fffae8120681eb,1,157
ae42afb11263d3d36a54d500,711,7443221d387487068c6b002a8af1fa203a4f74bcb337b60810e3b247beb07f34,1,158
9c7c7a6d8fd902c30455a616,2281,0656431671e6b776d691c8e74909aed1550476da67bccbaf09441bec492ffaf7,1,159
e8a925afffdfd99ec747c276,1866,74aba0408375c81ac66f6e70f412ff7f2f4886182f4acac36cbad2f74b908eca,1,160
7abb8ec156505b2cab0964e8,1541,76f8b5b58cec2a9b463f79e56056c68195bff049f248f5e3df964650e7606937,1,161
717bab0c6176ad3bda9a677f,2463,61716f933be13fd46dcadc4d8991474b2081bebbcb7ef0bcd2c269f63e721a8f,1,162
ee107e5e163efeeff591da0f,6174,66f523d1eaecfa07f25c761899613cc5b75477865f26c9ef59d708a261b3dc72,1,163
dfb2526188f3a6b6cec051a5,465,12778196220e3cbf77346a8d2d584fc5115487560672726282debba9bd666347,1,164
2c9673a204973f74e548063a,6770,85d3b2863ae944dced0b9aa7eaafe1d0cbee693d5341067d77f7d98c2fd93e22,1,165
255b287a925c4473474f23f0,2344,735f67052198abd34cb48fe90e6bca53b681fe2b53725563ddbd0e5fd9895c52,1,166
2765a22e823c8e1d9af4b57c,6555,092218a1cd8138e7162ca753cf2ef2cff7cba90d9e29da43aa18cb7f99d850db,1,167
f5eee25c258781f1bd941939,3597,4f04b4eba4275c89f21eed97832e789b65e8f3533df6cd6c2f68495b67753230,1,168
3259e25d814bf62c5b03ea05,231,422999095833a88afe25b473bb1610f7b73960e3ef5ac398f1a68fdd31e16b04,1,169
3e72edc7907af3cf469a46c8,1807,354269db8bb3944b4cb0b7825bbeb01f02ca839b69449779b86e9537d36ed76f,1,170
26a9a2a49f9c0fb1dde9ab39,4604,bbcc978b8cd66d7522940fd73ed421ec1e60f0b0da8f20041aa1b82a8354e59e,1,171
2b33c9ab160820b53a5c6059,4498,20bdbee85fdcd2d4b2b803a5b2218d54acd4ed6f4558fa31f51efb3cf4a08619,1,172
0fee5bda6b05706f9bde238f,7896,14ecbefcb3f7c7ae6de377647ef7abdf365f8de2ca71ee154142da10649e3590,1,173
623bb062c23150da218f6685,7211,59fdb1bf471d6749b172ae670381088852d0e15b4649da0de617b1cd8cb83f8c,1,174
caba0c161c2dbe7b3815f25b,7707,172a48db009aa2a69037f17bc56bdca46bbcd9c6b2ada03f14a9441b132d5e46,1,175
76d7c36ff0fa7e33c9c216fc,2055,ca8f63d2fa63d418c3fabe5501ea29eafe7687b83a4aa553fbf0a0ef4d496123,1,176
820326b727f71ac56dda2ea5,847,eb0e58ebf578e5c00b514d4ea0df942b63ca92367579a1d99093aedfff704960,1,177
fa2a027b52b7f25507d3c04c,6216,8c979d85931daf6562d3f97eacff424ebabeb3ae2a039bc7f63cde5bb88ef2bc,1,178
2f25d97c9ee1442bcf2f11fe,4054,31188612b8035bd21081dc04b5d2fecc2e80f5f680f04d6c85e9590e5c05bf58,1,179
bca495e5a40200c51ef5212c,4732,0f9d99e4e71b92fc23fe29d9435d3fe530899b99606f4a8442185cc2e393e293,1,180
f9965468ef90a2210fba36b2,4497,f49885333de65ce9d1f603ad212dea388d8fb63252f922b4cd38d24f36eef48e,1,181
7512069f406cef4fffdd7e6d,1855,48a5a29353cbf4f9e19fb74ecdf2a7a168a7b999b7a1d6df6c9107a6c5bd1c2d,1,182
08f1a35d4907c79077038b3e,7873,f4e6c6135e7de87aaca3dd8a951a1f798e144a1087dcb4686738d6d2c532fa19,1,183
c460473417982cb0e6916d13,5748,dc0d0a3e11996401be91ae53640dc1d91d5e6836b6d0198922f6f513b2495a3a,1,184
f400922a94eef08bbda339a2,3636,b3556bf341294582f4e1460c68111dc0525a79702754e107870479f40ae8e765,1,185
9083e785aa5c197e8bdcffac,6559,2a883b04f761ef913599168faf0ae57882d9a15df15c360856424891d93bc14f,1,186
49d453000b7905b8855d469e,1859,8d6da00d1f9a30f68213ecc890f1fc43f143e65ac187a9c5e409dc99ccab55e0,1,187
16edbbc937bfc89b41976917,2112,773bc1cc5df0b506f9233e432c199bd80fcfce7c66af44500cb56f81dc5fd4ff,1,188
5d40010f6a9669ae88fe7eba,6541,39e887aeeabccf7ed64bea9d24a960453adceccb0bfbf8b591e7896aa2a55e49,1,189
e5ee4c545427c92e39a22b6b,3383,498ba0dd7b82cdbbecfac3588112daf4374065759fbf92d6840086d468eb2776,1,190
c360f8c5d2a24dec9b15d0ef,1617,8f82c5ad9ec83b7c04638ae5cb823733d4244660f325f48863e79f05aa968aa2,1,191
5f9d188c334345862759f7f5,4504,de836326461116bf3e2e9d711c6668669cd5d3dfdf4d09ff05523800dd2dcde9,1,192
13035f04f486f96594f37adf,2789,09bbf44f13d18b239c28d22c70fd7e01def34c7ecfc737bc8f16ce5bc8c6d80a,1,193
1380658cb6507db157a8c410,7702,591d0412a26bff5eca30ae411b248b493764d7cbe187cf5c7a19221224433f96,1,194
073d4a4ac2811aeeb40f56f3,1399,c3504759ff82974ae8a290beb2998e689c0e6428f5121a4e478bc1fa08cffa70,1,195
44f97f9b8911609e91b548e3,6044,b089264878de79604469ccda46a8a210ec0d0aeb28e91232bda819d243aa8f0d,1,196
c3e30cc9410d0432b4267d49,7607,37c4e54082e6ef6548b3f77d03f64d494f6deb9681f855407073f7326cab57ff,1,197
9d3e6543d570d5820710183e,2118,94ba9a9a33c607f4c226e132b2e652284009ecf0357726618e026e0c48dbaa44,1,198
0c6c3a0f9569f4b936904880,7513,b0890d33bd0a11ad79e06a0ef3f1aea080d31eb191c9fb7202eaa01c7c675fa8,1,199
0b070197035789e669551bbc,7099,96fd7441912fbd73b52545d4758a532d7361aec0adac5a82cd88703940f2f29f,1,200
50d86768d1324569b94f381e,985,c8716bf370ccdf386901038c7bbb783000039b54e6e2c5b035f271de36b462ed,1,201
9fb0a393b3ea1ac885d83f97,930,9ca5501e78738dea3aad5c0f56cb746eaae9370feacb1ee1c7fa490693a305ba,1,202
a3b04dbe92ff24678fba4ac6,2972,5fd5d239bc57e44dd6aa88b8beadaac77702a42d7404597012186531911d411c,1,203
4c3be9131aa9f7b1d5ef8eaa,5442,d64e4a7e94fa91697a1821503a45688cc9f30aa0d988c506500f5327082056cb,1,204
015e6143363929a3a352773c,2580,4c10d16d89df04f0c3ed2e8b5a4842d90a43556edcfc5252af929a7f447b69c5,1,205
982563f269a51c5cf53f9c61,3431,00dcfd96926038d905ef34108ebd3313db298c70dadf60d296662c67437a1bae,1,206
d8c5462d98b6e0ff8fee2d32,1180,83c647f4b4f876aabf878a32087255eba7849dc91856719e81c276ce76c46c55,1,207
eceda995670ffe8830079686,327,d4cd214baab894e50ef4de2b9b52dc7333c63387d18823b8eaa1c98f035ba49f,1,208
c57755dd58e61515b87075cf,2094,eece716f37329dc80337103ae53d9cd6fba105572b13dee51da04fe301600a83,1,209
01e7351b829141c9c88f7263,4250,6d0843d03590a13001300dbf28dc1b43fb281c92b528a68d8c56a6dcd075557d,1,210
dd4a3213dfccf747bfb89be3,7655,2e9190f626a1ffe28d6de97bbc0ca285fd6a7437ada63f6ba7c833172f87b596,1,211
6400567e2c3fec4831d9caf8,4827,8f4ac57164feac8a09db0e62a9e0440149f057556b9c2ef431d0684bd9a7c691,1,212
fe4f1da620831a637b9c8d0c,1868,6b5d525a813c698230db652ff49e6b3115c762130e9a947cb0ddecab8aa0ae30,1,213
850f28b405f0255d72505861,298,b22c2d7aa60cd7b921172cad347ef28ec6e75404c251b9350b945e5acf38a180,1,214
e1f44642e5ce75c7ff1f7920,2151,792806af708ad8a1c8206303fe6f6ca682d78d68ee7f10ebc3112fa8d4559c43,1,215
c83dcc56e53e86e3481219e3,4491,8851569318c82c2d594169439472f6681b293937e47a18034fd8fac009e83701,1,216
7634d5561d8237dcb80848a3,3849,e1e78b00e00b1e0205d9b7a30c408706001f7beb92d2353301c18ce2f16e25d9,1,217
7bced31eaeb9e7e86b3b1751,1606,548a536d3e13dd8a4f66b01e192858bcd08cc76c77ccf6714a4312d9950422fb,1,218
f0dac4ca735b8f450601f004,5626,453dc17d317b3c121ee9fe306583e63e6dec2e7faebc57cd07003980b8a913e0,1,219
215670b3164efa8e7c58ea23,678,14fbff9057f264565516b52f3c0cfe1beef661108314448794b8099b8f653dea,1,220
b11fa367de6ab91a65312199,4686,4b0833dca2a2704f639383879c0224695682579618394ddc7ff63de74e3f0053,1,221
71cdfc663aa6dcd9ddb1fa74,4111,dffdfdf6c19914eaf113a2deff0cb499e6234e79343160dbddb50d5da5511b34,1,222
3c23496b5bfbcd4279d7b821,674,6faaac28bda77c5729049e9f9da4fc0b8d6426c35642d42efcce70922fb1c274,1,223
56aa4b4e35598fb51084dc92,7297,cdee7e8d7dedd3467f616265cb79a5cd7d7d632a9256dd213eaef5689bb4fa42,1,224
0f58f9b589ef2d13a7267cbf,1026,805deed0487b21bd3fd6505f2dc5155aa490791fbb61a2eb3c75e6c5b057c7da,1,225
2bc73074cb2bc7e631a681b6,1534,0ff303b0d0db4e30669ed7f702abbe8346fab6c0b916490581d190e8b7f84855,1,226
7353bd0fe6c26cf7f8fd44b3,5467,d765270f95509efdfc5e4d862d06cbfe77761368ec5034e28e5c31c1f7755044,1,227
0529d1c21e8bae3cfb1d11a9,5465,780b98499bcb048de95f9a15794c2a433da38dcad9a5dcac076738f7dfc90fd0,1,228
df051247587dc5c25e772f54,4458,4b4210ad4a5126307e577050d2167db7c1604c8982302465cda901aab4505039,1,229
9a47eca3998f39882ad2f831,5827,79dcfd02fdd8514e265c492a84569f78d20aa1246c41a19ed166cfba5f198abc,1,230
521713ae1b4620896f144b25,7364,117141020ab189eebec06892e7e45798e7fef110c4909d474ce25a39995f4774,1,231
9f648c4f7112abca52a7bb90,3879,8284ad3f332172a170f1e5fc4ca010f693b19deadd25eedab75905f0f9fa27cc,1,232
2e72034f1eaed04e63d67bcb,4764,10113264c4e5a5ddfe382d86355674e02f36eaa146ab803bad440ec6958a0d2a,1,233
c127de5fd977b417385c7077,4790,75b2042a4227f8170d33ec6533d87f51729c9293cc631f1579549a8c31d4867b,1,234
1281b7ebfdfaab1bd5c2a739,6190,c7bb4f20b7ecfc638119fecda795ea35ebd695136747679aa63e6c1f6e6d112e,1,235
cdb7a7e4aa4452a3bce22cf1,7014,4130c8a0c1d85d309313b4a69da91c102570a5cefd33126f531e6c12475b9532,1,236
436cd620b2c67271e202e3a4,6825,d194a3b89c437de710b2e83241393c7207cead7f4cb2ec4b3471fb1bf2609e97,1,237
a18518739d075cca53f1a6ac,288,7d20396c487336e78732a7c8800785415ece325d9dcda4c14c46fefaac138359,1,238
b6095fd88179c528e42e4d82,5738,7278a63f47be2a4af357174ad87363ca9332c136c437ac378013d92d18b936bb,1,239
830949a31c3295cbea946e19,7219,f16db660951b6193d41cb7e12c35f8b6b4994dca63c7e12544644a2ca534d0e7,1,240
df692a7a2b425bd84cb5ff5e,5194,d00c488bf182a19f2ffc34652c8cacf84b93fb74cc92dbe7ba0c88780567ce02,1,241
28cd20baf35028b67027e990,300,261734d59004265d024bb7b4d4ba96921e7a01ece5aa011605aa3ff50939e1e8,1,242
2a72ebc3b4b0b6d00599c5aa,3491,5cb5cf1c65e09cfa0bedf1c6967f0d302e6dc912a08ace612232d534a74781e0,1,243
7d0645d50ae8edf708d401f2,5981,89f44453e99feca00bcfd8ca5fc98ae65899fee2e363ea6aca686b90467bde7c,1,244
e3455c30a6539af6c29e8886,5571,885af4add29ddee7c8815b4173c61b3c848a752467c94c7b5a3b3218347842ff,1,245
0d93cc39edea3345cc46ee8e,6769,039a047821a04ae8447f73b00be71c5e1088659d93cb915e7f8976a5523f1654,1,246
245395ce75907e989421f8ad,6468,ba25b385c753d95f2c7a92a5bb2382f1653efb811c4c69648f37946fbfbdae06,1,247
fcbe2458c3ad092348a26940,18,8b8c74479d10a4bca94f12924fdd04abefdec1f75a2d32629f14f587fb16024b,1,248
2de9763bfffe6df10f557b4c,1226,aea565a51b5e82fc14cde607c93862bc875c64cd7c2f5755e2cc429eb472ae6c,1,249
420f25e64f895d547fcd40bf,2540,97562027c905e54fe199b03e0474a24ceb71b434ed725b02a80d43fd804cafee,1,250
aff4197009a5b5e3a4080a18,25,851988d32d1e523989747b2caf73556482cd91af9a82286a6d3ee943aeee8d72,1,251
c4b40eee811bdd9ed8fb96c0,2033,f9e7570af18d7a59880d3fc94693f8294d5be1d18c8ea94f3b3c2a76ae87e71d,1,252
ef2f8356dc5b3a3416e5926c,2560,8797c1855899e24988645d433f2f7cd22e6f5a434dcc1e0c78c022deab61a8d9,1,253
baf090c6830ceade400132ef,1988,1b250e3258e15b992e0c43c53b7c25b01a08ade5d0dae93676d2bf28d913c4b4,1,254
988e075dc17493d6a9395f39,1657,1b7f39f55ef83a0d2545a3c8bf4ef4ac8a3959e62212019723fd4aef0cfd2fcf,1,255
5b68b84686f2feed12ec72d6,1442,3524fa12dc61a3fd7cefdfe7b0bf01f807f5caaecff51b03c846129b3d99e3f1,1,256
418e747952ee1f19ba60c200,7862,97b114442698c8496b9f1f23682daafcecd743670a7450db2660c420cfc159e3,1,257
70059d2397591ff6cafef5b6,3053,882391385cb98604b2dc57bdfb432cb81e6893a93f6205e0e4dbdafbd1855283,1,258
32c6627d6b51d7ec70151cbd,6023,445c11d4c5576fd5c666ac8b9c57b9ce6aad48292514ab8aed97d60d2fa2cb97,1,259
4f94f71f3bb648b9bb677bab,4833,40a204afe798af006dd92fb4d184ba4d8f928dfc0919f33fc349993a88e5022c,1,260
873a17e340726bbf38932e1f,4253,08d9b8c5a3bef740e22109b76fc14a84a895065c43af0b7f87069f9194663547,1,261
a2b62358503ccad9329e3ef6,5272,7cc29643188582cd2b1b0ae7611bdf5634cee1ee4bc6c6a9595c5eb80235328a,1,262
2dbeb86cef110257ae4f6850,6188,3e88e5b30a23cebfdce506810fffb67b5a1df935db6c131d8fdcd7d9890bd5fb,1,263
7d6d77a2801a13551ba1ad65,6932,178b5196691010a31c67d01ac89be31c0de3339186aa106f4ae078b5c8f1123c,1,264
bad71c4d4e0572d4c9faf681,472,cae240f2cf2caf7cc59e526837c0b2c52ebe6ce14f817808c5e22fef310f053a,1,265
6379330e7909d84d30f2490c,4353,972d9cd93f54311851a8f9d50910f29116eb17c15ba9fc3e710825f06a8acdf3,1,266
a3d3d60cb4ee2a50461c9106,3804,f83d812f457fbf0021c959d7eb25911a3cc05a3c06475fab1a1e42a25e5cc6b6,1,267
6f32327e071eb59017ff244c,7732,6e8d08d8b635912c1e155586160e26f951739fe4f16963089937e7eecb9ba3aa,1,268
1770e78f99693067d5f636e9,776,40ac1beacf3da424544232c1812d878f900bb4a867a59c34be879fcdef0a91a4,1,269
9b92d1cf58989f0aa4dbb5f5,2900,152670fb442e76049429d155fd6331490455ffc5cc13b11409d3f171f80a0751,1,270
c61dc1bfcdc0b6d5fe20dc55,6491,ed5fa81f16216deefecc9ac30529a8bcc0bdb3af786e3782192c038c74a9622f,1,271
5e1b6029a656df4478cd2deb,7407,7f525ca5645916a106d2ed9d63cb7ea127c40fd181c73e5ca3156cb4619b1849,1,272
2f0dfcb49474305a09dc427d,1241,140684a92d40963f3b601e2b2c7c7ce8e7a40f73a46171753d37f7ac31b67a13,1,273
03d7ba46720620f0c946f08d,7347,7cc06bb7279614e8692f5e5ab173678bcb1ba99a33f5f5bf19fc6de4d62e69a5,1,274
c94dcf1af2f30096fd4c5fab,28,1de6c66b6577e21c0e24f9d4ea13f7b5bc56bbb28f4a7c81aca7272be9d2d7ec,1,275
e227dbc67959eaa2683f9b0e,3308,3fbd0d2f2798e19d2e4c2033d74c6d597d443be3ee26c7b4911cbcaf1b794e3f,1,276
73b65e1a95d6138b856fc0b3,6963,0bef3f7169d1d7ec51257e7f7fd2170c2809f788d6a2bb2b1a8aa85b43f9dd8d,1,277
2cb00600fe77b46503f50508,4212,4f3ce536f137ca38e87722440e89cc6497ba4eadc4ac6bb968ceb2dc948122bf,1,278
0be32ea62f4762fcc37762dc,2326,f4d0c65917253691cfb7fb33ef73e50fa2c8e5f8b3d1e9e4340cbd5681e31a45,1,279
9faa580756e8416e83aba109,4360,8b15419fbd3305753a054ad2009c2f9b4ea71ccd58636465d5bf82e5c61dfb31,1,280
6643fd079c118eeb1afd5396,6499,161e52df8161acdc601352b7576b00913766ebab6a838497ea3bc37250fe01ef,1,281
769e6cbfae501bdee9989925,2841,79beaa4573e885c12f47818044ff7e71b5dff8b544e1f77918ba78539d823b45,1,282
47df719c580f3ac63eff8d2e,3160,8e025297c90df65f5aeb4aa6e6797744b026b51413615863482cddab9b8e0ff3,1,283
4cd82da19c4a3fc08bd2b3a2,5959,c7a925cfc0243b99ab3d9d5cbb66ee8dca4b6da70bbb3930edc759f49ab0c3b8,1,284
cfdc63bd27c3fdce4cd9e9ed,6099,a5f0bd29112b79ff4990dabc5c2cddef42e46cd3a6cc49bc43f43a9018d4f9de,1,285
3ea4f96da36feee84c813f1a,5322,290f7e3cad461609d7269c62c40917d0d92b5be0dd0614d2867ea36d9f18edf9,1,286
855d2accdc73eb88fa96850f,705,249f27ce5c341a046cff7df5971cd7189340469f7686da32bfcc11df47d7314a,1,287
cdf07d74b3a03b7410b2d0b0,772,bad78c86a207dc7c688393ddfdb58590767661f0158338152045e81c67adf6e8,1,288
0cc035aadc852642f72edc34,4525,7e0b6ea95442f72de94fb5b76465c4cb6cd27b1eb6a1af46dc55e1b565cb5f11,1,289
facc7a7beda63d34caf93c91,3311,269f9c4b661b5648355eb90786cdc19dec1ce0eb03c3df4cc20426bbd526b157,1,290
944ea55258e83c7e2817974b,1133,47a724ae7ca48f2a01f28baa61248eb012535ee829de371b9fc474b0e373f732,1,291
8ca54842ff13ed40c1a4a6cf,2061,88451a4575adff3db687098ea06ee81cfda08029374d9eb388bfa3091d34afc4,1,292
8314f79f795da168143e0f3d,355,f6820f9250cbff6a90a5520c36501f19b4bdef0bcf258deb08344361bff2d984,1,293
2e5ac6294a4e12a91be02e95,6206,f69aecce73afa2923713544e9b91037cae301ed3090575a917e0c619a1041130,1,294
b4bef0e7d513e69e9819f280,3322,a46cb62aefe9fb0ed094e7993698b428cdb214a178be09677ce25fcedd3e7ea9,1,295
66b3d73710b65f45a4f79358,7453,cc66aaaabf05facd9256683dca0233fff34ba3d6c9ae66712f40bcded06e368a,1,296
a136e44f4f84f95df9dacd66,7531,b45c58aaacfd9b69346984e9d770e0961601d8cdb17f66aa7333cfca285ea838,1,297
6286043eec13235b262e22bd,3540,04c43191118004797487e3f0a04d44569001af0428dcba6ebc4d3c963a1d321a,1,298
029ce050d9a1a2603df86575,7218,8dc2772b9f682302b66692673cfcbe3ef43e4f2d37176f6bab902cd5832d5104,1,299
9ed74f524b6cb3ec2033dded,7341,45403d8e50be94cb3ceb4481b62b89760af6a51333dc5d39b34cb5738efe6110,1,300
162e584f76b103672b43ef8a,5328,d48aaf1cdaef056a8608d43570dd041cbc83c3925b0ba04d13abe9717fd7515a,1,301
562e28fea8305827090b080b,40,4040e4835629f1053f864e7c048bb8a40aeb36eea242f4148d72f6cdcb76bceb,1,302
e2fee24d89e5b582d1f43f08,7058,64f80398a8c26acbbc6fd1f42ff04ce3415c56a90015d7f990741afa11a03be4,1,303
5d4fd46422926338df84ad23,950,950d8fbc558975575ab563c7bfc3040a601d4b99fc111b7d4897a64b6c10a99a,1,304
d92a91d8ec92f5d91d1d6a99,262,0574eda8ee85a5c74e37a0f9d6b47430171f8d0417220ffec586f5e581a7cf2b,1,305
624e66aad127f09edd6944ed,1467,63f8e4caec945644ff31387e77487ec0a0a8220d39e3f71629a8e341ae74235f,1,306
fcaa6f0302423f37abe726ef,1787,1871ea72937255c3fc04d738ed75f1b4de580f4b2801bb205eced405133167f4,1,307
7fda800b5116dc3f26df7206,7384,23f7eea863732f6318198d8248d47b85164706dcad898bf9b4500b8f9dad6888,1,308
78b1dd582a05003f8b2c89dd,7868,a5d385742d9525aff6a3fd72f7e48bb3b889127c4664b8feaa54916fc91829e2,1,309
75ab9a26e1044fda4b424ee5,4618,0b623bc2be514dac0dcaf3c3838e71a005eb2a93fbf5982b7194cf531ef8991a,1,310
72b7c277ccf810cee5dd4469,820,193fa89e588931bb57a18af460f1b3ad78a539e4f04e650cf0277c05a14ce4c1,1,311
7986a4e22df66253bef9eac3,7473,9127ac4cb4678660df9f984209684726def6c762635c91a7448a1e5bbb349a47,1,312
469c23ffa7be3a06fea62e61,1503,633df8b93c5fff7f2e787d98296c6f79074362c7b0fffee32c9982339c265212,1,313
6214b3841ba71fa7f5e82eea,5694,53c23c58cee4d7d5c79ad3814eb036fe4c9ec9b180741995527c27eea6f66847,1,314
4807fe5211bab1fc09ef971b,2164,3840ff8a52d8dece8ba61f67ee277500af13c13895cc3877ae5e0b2467a7bea1,1,315
016fd60566e8356bd3879a59,4308,39e82776579efa34f3aa7a64319adaf482505acbb00c4ceb2d7c5c482fbcd08e,1,316
e4692c635ec45c8570798fe7,3070,be9b68529e4f5d5e5e360c793d8474410f118aaed98ad6610ea3ccf59def308f,1,317
772edb3da6dbad345558b607,1770,476a394b0b6467025ddea35b01cd396759d8d4d01a7f78eb6bbdf5d4ed0f6cf3,1,318
8fcfad32c92edac2bc071aa4,4810,6c2cc5ee678690f90ff68ff5fb2e83cdef3712fa71cf020e65f5c002dc9d214a,1,319
285c36706fa988bb7b6ec229,614,9bcfee9f56b1dd334de00a07d02dfa439012a3d31ab1c7eece9b5d4be18b301f,1,320
9885f8c464e948459a398b1a,3338,b575a21fbc74d6130463cbf9cc69a3c922bfc7fd7f3d021657c43d595d1d96f4,1,321
6047b18d486d0eb8970dec62,919,63dbf6a1c9498ca2d14528eb54ce4964b419d1878c091e999f494542c127ffe0,1,322
ab585b62dfce7a52d8f8b5d0,1287,061eb3b03e8ddc90126e908cebdb9e120116bd50c75f575fae7a85f0490ac08e,1,323
dee065b7e4ab680023cf3851,3007,b418c5d4f1614e3ed204ba8828e4ed567761ad6ee3482ade220d7dbe1f4fcfdc,1,324
4c42afad4c830632aafa4685,2632,d2203afa1e4be517fd3c69a3d4875dd2cef064561e892959123bfedf92881151,1,325
1678783abf6e01033ace559f,5153,0eaaca3581d9349e3f64d764430910e7a9fb9d8c7072517f3ed5ae63c3e09fdd,1,326
a1b9ebd4f15740475bba35ad,7074,de20d869bcf60c43a861a195bd21aed74b14287643cbb65d97f9399b72697e02,1,327
26165f4c9e055cbbf5758845,546,cab3f1cd10c22071ac1a798c8459dcc545339095db0d8f02af8e803e57c42fdd,1,328
147bc9a4664f113342c4c0df,966,472150af24d6f060f92b16b82930aee4a9c4331f9863d9abb73357175d856cdf,1,329
b3c187fce9d879c382e10be6,2910,d5e3ed727cb2de0f03dcec06311591c75b4a8b6481e47f1e7ad26e384e41000b,1,330
3f1347845e53873a2f641180,169,639a1d223c118b806df99c98eae1e6f58d1786789b2bf0937ca46c4114a37e96,1,331
bede5af6c71620ae3540137f,4883,bfc95de45bef6fd9153873ebe412a6b83969203e7da3b231ca68c6437736ce79,1,332
8f352e47c4e01b8ea25fcd80,2190,19cde81a74abc7e0c3417be39e40e6fff46eb1a86f6ab8f5b3f8bcee81fef0cc,1,333
0a9eb455d01b17e5bf72059c,2696,cea7ba4d93003c006cc91d6b3abe7971806431a624d1f01097498a56bd85d479,1,334
67e7203509bdf8ad2f09180f,3472,5ede71fba558809aadbd66ce11bacb3f73c6b6b15c878aa7e045ce1a215b5f3f,1,335
ea90ee5ecf2ecff8afa757bd,1305,9f806c76eb1c2fc49b65cf3b1e645b82172ad1ba177ca36805de214b4097424e,1,336
2bc089f0392beaf452a68c72,6776,614edee461816fb67b8d5ee3721b439ac54c720185890a521e7eb241bc855716,1,337
4eca73746171dbf00f7ff751,3674,ac04ea91facf7844f2e8dc6026cf2985a1431ecca6f3f9546211256a3bcc5718,1,338
f0b6f00581653983dc5f5721,1964,da1fe5433f9cf8155cb1080474f132fa16c8a5d1ae793989f450978fc51fd5f8,1,339
412395f193f14b03173bd4fa,3449,1c3766519c30c490d015b503896e31878e685e11cbdbae5b2afffa8a0a2f7a1b,1,340
55c92054dedbc6cc556e3d24,4156,368d3c0ad7049923835923ac828e97a4a09f36e4a1ee7c2f0de448892ea02a7d,1,341
b4df6946767ca062dedea86a,5197,701aaefb827433e79461b8801a1c19a3bfb304fe0f19dbafe6f544557701d262,1,342
bbba809515f36b15a34ea616,2837,d5bf32f6d5b5c6c68ee23144b6af1bfe0c7a9072dc07625e42b5049de4ee0374,1,343
72f90839abc715432473e7d0,1170,b4a571a7cf22ec5aaff6432e79cbdea36af0342f69630566eb17c998bb85e917,1,344
96a2d947b0160308a66abd6a,4164,66dadb664c54206d3ae210d032017fc5a0128c874fa66ae27f09a15b31cd655e,1,345
eb6caa689cb01dbfb0a52aa7,5434,979ea48b793018e47ce2cf0bb0de9c155afa1665badbd3c604c912544cc3e4e0,1,346
4cdc993615f237ac595f9282,7450,1504f8dc58e45fb73e37ad0d710edc7efa745379db0211f8fd0fda9ec49333c6,1,347
4dd59b92dfab7e95ddd7ba23,5593,769524160fd80328d843a4c10d48b0e119a2853bd0bb45bbf6779cd9f6161c2d,1,348
177d9a3203f31398c55c1519,785,87bbf749205c4b763cd6650880cc039ad400d45d4c5dc042595f27cec3462b1e,1,349
f21dc12d533cdf4e1ddb1c60,5034,298941fd9c4e49cbac0c5143d1990c970a3ee19134918e8c8b800c91fc70f3e6,1,350
ae71b7fff3337cc5c046d530,5149,e6e4c7d4580ea6d91dae865fe026d4823fa0b81b6ddb0a26f5bdf924556f3beb,1,351
c9a1ed7cf9f77f23d27373f8,6929,a16c70c9711fbe075baaad9d4b54127f0653788a0ec2751c319ba62016f716ea,1,352
ffc3f622cfc89d968e6c4a6d,1635,f2d55e3128ed569b2dc0b4f22147e679023c75bea18ccdf17f1b2cb766066aaf,1,353
4f801be8e66fd2a571e3a9ac,2168,1e6d6b8a32b1744f80b686e478ef067b8e725b15b7d73e8a60d5f019d692ae9d,1,354
c5399f07335100ddf4acb503,8051,f8be3aceaa4988c59e4d4fb492bf5f5f841c177d0d98d257590a0c2262808a21,1,355
46c055bab7613d1bf1acf23e,1811,a8be21bd98812c009b149563cfa78dbbb488a073dababc504265670717a96527,1,356
f560252d3f87497a490adc40,7379,c4fe26b39b403bc7c1e1822c69ff7af4a11ad0cf4d7634f8ffc402b7958f7d40,1,357
c3f8b2cb2240513b654895fd,6268,a3d88bf9dbe2c709e9167971adf411ecd18afad443599a27f38b891002174072,1,358
d31c88c829a5c8113096d900,3198,529160df07ac3eb0ab563dc118dfd35b13e64ebc8f1c16932bfc833aa2401df8,1,359
29762b8e1f7d7bcf521a9a92,6814,0d07bc8e2a4719e15b8338bdaea3d47b0f6dd1931670c874a1a342f26d2240d3,1,360
c9613870cdec1999d3ee4f5f,5887,3f83c8ea5a6cc8df1b915bfd365be046f663ec7b3abca96daa2c90ecfdcb102f,1,361
b40c73f1d15088bdb2190d9f,2593,1e08846f5c88a7fc4964232d9b8d44a4e882735e94bb50e1dbae511c8d383afd,1,362
634077d3967bf4c16a21d6fa,3942,c408bf0990325480da220179ebde8b3590c9703eab9f2bf4b437ed1f0b274b30,1,363
88db38ea0bc394536faf2768,5419,7374be4fe21480205b666d9e5ad712702f2e89c9b7c181e6ab08a2d5391f5f34,1,364
4fef3394bd2e62b11636602f,6037,df6d76564c2ec1074950d4f648b1d35e021d4ee98a45f3e2b30a3183227c5760,1,365
0adbe117612eb60d03f856f7,2272,a25979a221684598d07e387b1e8f5848320a223df2d2f4134624b461fe2af69d,1,366
5b2ce64db666df9e0d935073,791,c057eca3f4a5820cc6f0cbe5a455d88651ec6c51d56c16da323b4a57fa04600c,1,367
f993b675fc2a44c400352caa,5722,baedcff93793e5907f442505cf6e199f411aab2f5b1e364d563e7fb180a1aa3d,1,368
7c3ab076d648dce2047342f0,6665,f36024206289b3131c91109c7c196a5c0fbe7d53317f79eccb32d84e70173105,1,369
0d03b0169e7cc343c0184b52,1455,5e09badb952865f6951b2cbac841dd32ef4543fd29af4bb78ecf648d1549dd14,1,370
12bdcf258420a8a84cd075fa,7795,e9e1fe079902ccf13b1a3dd7bdd8967b4d6fad5f557d721afe88c886384c70cc,1,371
6016f8a43176ac2996f78f3c,4747,18022f44920950bd1052400ca760463008325f154796bded49dbd3811cec2d72,1,372
a2d9162d35abc9649747b0a8,2758,8a245adf215faf750c82e0a5862c40b61684750bf72e50dcf9c00ea0a60eff24,1,373
6d62b2b6b28ba6100a8d91e1,2760,481a627e581fd8249affa63d8d3c6265c180a48f0103c081d15031637c58eb6c,1,374
a8543fca438d69c5b8f4f5f9,3000,368b97d6b608642605199c92ab806b76dbc4a5c6438238497b8bcfa0bae73591,1,375
4c352c2fef3faa7debe65c40,1035,5105bac2158d97b1c18ce4a8d3dd199b86fe834783be074cff2c471f67f0fdca,1,376
2859040be31dcbe630ae3c2a,5696,42e5cb9d8e95968c9cff39d55db16181f82daf1f90c22e56b75464d4a451243f,1,377
647f5872da7618609cbe05e1,127,8eba7279c5f07c09512696c6d4d1778efff029efafa9cc83c2ed0086ff3bd9f6,1,378
f2f638f21f462a727f4ac888,6865,bb3cd6424dcd1034d56ae468f56b8a91496b3c0a7ddf4cc7b2ad77326a486af1,1,379
6c5e2bd76978a3bd443bc446,1087,e473892ebbd58c35ec5ae9a3c3ed656878f2756644c412d664650b4a544922ff,1,380
233ccf9d201b9c9dca193e26,3650,d13f980c7fb3b3b5a67b44c6650e6f261c3f3f2aea76748bfd86b8f1b2993f8f,1,381
2b0fb62f6e5a37ac090f54c7,5718,4811e541944bb2f1172bb48156deead6ba01606e931c4edac62f028486d8b414,1,382
f1791ea0c5eecd7cbc20c2e1,4138,30a17aa114568369f2cbeb9c85121b212217e85749580ceeb09e2dc815bc511f,1,383
2f8ff82cf612eb510907b616,3700,28cccb4f3f02c7f43f18f9b793613bcb30b8c7fc8b6e82fbe2b8b4a1115b9643,1,384
dab5b045965babaf5336512b,3068,98f2ceb5ee82bcf1f7148382d81af2adbb2631702cf34789cec38c8af6da906a,1,385
e95d9a0762e028d06e593909,3050,4fe720cc15c2b1029a66b52db4f291c387ab1dff8925f59ad6bdca96751ee9eb,1,386
f5479efb1e1775ae851c344b,2116,e7f7a6641cc741a5f6cc656b7d9791f654d7d82a4871823a744bcf22ff9efde4,1,387
ac45f1837172a2114b1e51d6,1702,5cc3e1a13f2f1480b99f98602dd0c2ded54931c57b7950d67d39aabc50dec0f0,1,388
0a404648dd6b698a0eb274c7,6309,478c6616ba4d6e0e1834487607cbde80ec209f9601dff2c87ed72b2e2b65ddb7,1,389
d99a88c8ae5d87d53f18bd01,5371,8bca3f0efc8bcb221ff60fa5a0d3a0c8ea5a4780b34bb1b07159101c9ccbfc2e,1,390
0806a15547ab1924abf5db27,7955,11155ad3180aaca18078d7a8849e441474160a4747366eae55c5b0eb5973abea,1,391
e719da3818fd548385651510,7847,2cfe28feecec5c630e86fd6af6ae701253805f93fd769dec72afba7f8aed48ef,1,392
4e4e7b1c39bca8ba48deb225,3922,c371d89d5de83d3b43996bdfcf3928a82e7c4427c9e7bf5f8bccc7ffa44a38f8,1,393
e1db33ccfa7e50019f3dc679,5369,eb9ff7e92f7509a59d9b05f91042603d37323d4a529292920aa54dcd4bca6f65,1,394
8b41fa26838709b5c9ac68aa,1016,de16ea0531f920289082b0aea2cfe610936dcdbd1ae441b4b386c5ab533cefea,1,395
e03a7a7fec3983c4c96e47f4,5334,4bb15cb0b26c26fb9443e9beb4a6e1e6d362dc98679249438a6956f56d7fd279,1,396
780ea2cd3c86363778c5e946,1882,308a1af39dfce1ac4082b48c075835652f12c0d65e7497d812fcf6ec5769ff4c,1,397
96f49d4bf28e6767a06fa2bc,762,816064f5873952f01dd1a1e40a5cb5c051d45495cd8a2f3f68d075b740f687f8,1,398
b8d57524ddb97f2a64dd3437,2877,6f90aac3da6c0c516ab294de95794c5c3ce2fe5a9c08c3150e4dfabc6410e032,1,399
615d67225f7050fd73c0fc17,6185,0b69db40dfa9ee61e2658b58635c6b51e1fd1884a680088200c24d1ac1181f59,1,400
02c6a5d2a1d4301a5bc1f4a1,1512,d1a065a2ffa17395773c41dd5ae067c1603cbf9c687185d2b862551ca75b2bb6,1,401
dce8172a9ddc9bbf90074d0b,6229,d26fbedcdf85887247b45ea6376a5bbe95f83cf54ec910168476b621672c901f,1,402
78ab63265d10f191e2981e84,6714,68892b1de9c07f5cb8c0cc173ed542faf2720749b8a1f6779af2ee7b0dab25f9,1,403
902f1479c609b755c4bfbad1,7744,f9f7191bbd352a0b02bd8e80d17c0ed5bab97f77bd33c8394b45bffd34a8ca15,1,404
afbda5e3de58b144b1f42c3b,291,d2eedd3f925c935d6305764f3287c561362379aee4f20aa250052fa2a673d5b9,1,405
90ece6f442692cc7eea015f4,5449,56c2b07add0e242e56f6382cef09759ac6dc95e1bb231baf5988f297db40c66b,1,406
496696bd1289b1bad64a34d7,4241,520e0e85b8c4b6a51786c12685e254f7940b0ea450ded8f28576deac66e0abde,1,407
4ac0b9eae22b73727c4948ef,3159,8161bf50b206e049494362cbf4238095dadf9b2b5bda93e64d4d66f1e448886d,1,408
f41381169dbbf56219de5d3d,6884,49943e87d1afb1160833d3ed5ef43f29438df5d5a7d36708153ee8e2947e8600,1,409
c484b42e6595e28bcdb85a6a,8067,4c55ffdee38077f9be4fa2d6c410be4fefbdd1072413ab15b4e12301965642a2,1,410
72f2d58c470787585535e7ae,4891,81f4cbe163a116592a2f3929f6a55f2e6538b0b2e5bc765a96d7e7566379f160,1,411
d3ba970549da27e2712bccdf,6363,29753fe51685a60c1d739ad78fea85c110be9943b3d29581524be88d81fd0279,1,412
affebf51f15d0d99bec66253,3443,d215ca4eab8274948c699cfd622a08ba51f33b9d645d05cddd9c809dfb8a7d09,1,413
f8e38569373ad7a0a6b92898,8011,614b4ad47038d2e20a25c2cfd6d93e02812bd2de8c27126216f49cb5e4f66ea9,1,414
8c7ee1a5f5fa1171bee16936,6640,2d97fa8c9f6c9f54822e5b245726c373d3817c3b00afd44124677ffa8c000c2b,1,415
f926b1d912fa696de46a1b41,4404,723d675d5a7666cc196b9df4d8fc566d0e76b87ebb3ef45f81c4ee6017725ef6,1,416
e31ef39bf2f3e2507e89d7b4,3768,2ce1daa6ed9176a055c82a7db69daabb9ac72d963cf3c553e21391bdd98332d9,1,417
a4e20732da4bcdfa3c070b9f,4160,da322517cf07c56599d3edae8905f385e1acf3e3b9831b8a26068cbbd16e86d7,1,418
b7d3e25cc125b0e1771fc20f,4623,06d44825860ee73be4f23c276f592d64baea9fa794227a45f285ca49086f137f,1,419
216b262c533e8850aac11adb,2832,68cc87b3026a43d08decad8a8d4dfa83a2f4ab1efa54b31143602376b468fcfd,1,420
3e783da9a26b7be666eb89d7,7129,90f10fd76b1f635d58895967a1e5a4d53cd11de84cfb6a72ff07cd7f322fc588,1,421
1e4f0a59ca32fb7bc408f981,6539,153caa1f2e241f0965a127a459224a4f6a36f54b794866700d11512e04ab49c0,1,422
ec7dd364c4ed00ed3c3e6098,3854,f3f64c638e5832667f9d661ba08afed34d6a3749d11f9dd33ccdf134f7bd1e3e,1,423
32385c3ddf383a1d5ec7998d,2908,6c04b5f255063e18288c89e8fe0a954c377f1c069a1c53cf8e29a4b326d06788,1,424
bdf66b8ba6c568f228cea4cf,1353,0fd6c3c56e89697a02fef418af7dd9e88e969556d2e7edfd93cc87b29f53a111,1,425
985176b7987109cd22a2f81c,2711,035a125055dd18c6b35119b9406fa34b78fc1a3a06f9c91f9f7ecf3cb4f62844,1,426
3471202951d5c4c8c8e884c3,1621,7b9ae036ab052c372c1d69559d9ed92915194e2f027aedd1cd80622e3bfbb7b5,1,427
4b29a772a330c1af08ee0be3,2855,6c6481dbe63a7fed194890256f43f573c97628592f454928f5f2002516554ae6,1,428
d17f60c3c36db64613fe29cf,4669,3a9c888ea7f21ae5fc6ded552348f6d5b178dc6590a83f11697c81ed1ec3d8c2,1,429
539d5e3f4f11d403cd22dd13,2589,01598594b86a464edad755d289c78852518ad957f3d28b90b99a458a75360d4a,1,430
e4a89c82b32c281a27265243,3347,034688b4f2bf8d7b10ce29aafc5c9ad8102623e205ee89f4d2360b1c46d470a1,1,431
b287434aa5e4689a014f83d9,6689,1e6fe5b74f7d0f1c086f0f4134294c2e8351785ee33aad485ac8f6b38f6e7737,1,432
ff0db618531cb8678f0a2e39,4782,87ea800604427d15f84e2589c35bda2c8743960749d62cf3d6c74dc8bc97eb0a,1,433
6a9a5745511cfa57aded6cf1,394,9d7658b33af017253d0dcfae96600ceabdf29eafea25136868c9990132771f38,1,434
dd5a64f16c7cd3ebdc5c0957,5487,0312158963628ac24c5dffb6b85a26d0ddbad41b112ac4b4a8959b8d55721fa6,1,435
7781b2fffa6de644fe6ef90f,7514,6ff8def6d6f0a67a38d63aa2dc1f8ceeada0751f282daa08fb23e7d33772abb7,1,436
52cc3bc14a9c6c2d329b5bbd,2131,7d54bbb4c130441d3833711576fc85df5b46c748306dd69665dfab9bbdcbe08a,1,437
5919f43268ff918267bccf2f,2888,4b2ad52d1470c677d38b28d718a231f935ba07d10bb853fed6c8dbd3f4591dc6,1,438
36c3bde8f677d907e4be2497,2312,ba08f3d3a93c9bc2189ae0f15447751880561090c4eb9953d36bea368343146b,1,439
f796206c740431856371db3f,2906,30bf0e523db6fa1b67d2fcaa86bff529ca3a93786b009bc83771d6af1996794a,1,440
4046c2547f9b5bc04b499d60,5401,dfcc1b89a5f6d51e52073596c9636e6014500d6fdf5c9d879507944219db1b1b,1,441
c712cbde401bba67bdd9124a,1694,710569aae7a1adb1db70447a156d20bf89673179a336b82e28c18f64bf07c651,1,442
51161160a7eb2dbf82c274bb,673,3feca7af510f18c39e489c4d9f6fa6bd1933ab73b21b66a4ebcbd1231377c671,1,443
c831a36b4f6699b221f25c1a,1701,8e161d98746180f852c20fd1bd64af83e5484db50f256b9423c266cbe63683f1,1,444
db67b22c0a4661371b82dda8,5657,f48dbf55df1b0ee3b2fe653ad417ab7cd8986b3c7cb76e9d9c9eb79d701dd3fd,1,445
56338a464d55c517c6001a98,5699,76077da37cfe860787c67ecaac500408cb293b40b1d9e87d4602d9c8c33a35c7,1,446
6fb868a59cdad34b4b503b38,5706,e39f47b6ea5fdd8b1fb19ce7b44b1004afd8c5cae95ba16eba02bdaea9da9ea4,1,447
69c488e618aba89f81469163,4965,ef13880b8781675442fb72ab9371f3729fb2fa0009c5366b45c3c8bc213b0a35,1,448
8ea9caee3d9ac5b4cccaeb59,1098,ab05bebd187cd2d9c1cd38135d853a79858779f7be0ca686fcc44afd4421011a,1,449
dcfe88507294faef211186f5,7933,099640683e8c40a04c1a7d2cd4c9abbe79413b2d42a392d3317b5cde22269ab3,1,450
90b6d11d1673699b0fbf0b49,7819,5bab47be6831a9e9548091377ede54476555e0205db766159eccf9fc81b67876,1,451
26db629adcf546382e5b9972,1504,e5aa0611ca4e73f365db0e14099daa67b9467e2cc08f7559c505aed5a0003089,1,452
b1384aec6e20c5dce028f13a,2341,08f2c646c34b9310d9a1e4170379c8e84fccbac87646530b2dfdd4e13d594194,1,453
38f89fbcdee4482d481848c2,7544,e783602bc16af6cf4070c10ee3b6254cbaa1ccccaf21482f536f22e2c57bebf3,1,454
550dc472e114f15909d1d439,931,360de0fd39488ae013f61d3d6e9af4e99a9c7ac3378c7bbabf9d9b3ab1300426,1,455
e4f88ab52a9d887a6d325550,3807,579fcf6fa16d9afefdfb926444dc811d82083c68a77eca5462b78c1aa757941e,1,456
dd291470321a14c15d6d9b29,7052,9a366b2cb1dbed7c43fad14957bdea87fb28344ec20f70960d083f7c9815626f,1,457
201aa39372a3a7c62fd9a1d9,427,8e27dbf85740831d264d1a95bfdafbb77c91bbebfc84b8e09b95b35e5fa15409,1,458
2bb71c3d14ac8cf070382f16,1346,762c8f4b3a3a0bac820b2b2c764f6a568ed3b27911032eb446a1b87142348941,1,459
fd2277d7c3909552d4941759,1280,042d2b8ac864565248ba781f7571dc812d05c6c7886a537ad3c333af81529e5c,1,460
d753c25216c665453e4b793a,3221,131db5bd57b10bf2c668167f86d189e75301ff3aefd8fd1a27db92693cece874,1,461
b8878dc250af7236f42933eb,6586,843c3e620139976b4d62eadaff0b45cc4356baee3bc13ff2c20cd74424e46598,1,462
dd4d098047874b435c2ff2cf,6157,87f83c2b0b7fb7757e300387ea8c9685e736ad47fc1efa8c9e9f3bcdcd195559,1,463
44a0c305cb70b3f17631eb7f,5067,b5e335cfe871f92210b372e2ca033bab62a5b2cb559213f041d6d02129fbfa7a,1,464
fbf5eef3f36665b0ad13d16e,6063,638a399b99a5decb1ab995a53100739459df4e2fe3a517f6426a58bb16952292,1,465
fdcd8447cc16af58a3b9bc69,4130,216befdab5f5c165c0799f4e6c145c31686b20cd6c9a98814e75fbd460b66e14,1,466
9e6cc609eeeb8bcea7c7ed1c,1819,c4ea217880dceb533b515c4c45afadc67241b163b0dbbf124d8e3d1cc211da4a,1,467
1d2cd42b42e85c010fdc13c1,1396,0eb1cee80c4379dd4e6c1166990418bc84d5500e87e93e4a514668a9c77a6a9e,1,468
abe818f61cb38d4b9178311f,6378,bace4a8e30d96473e019cb0f0714c9c50bed8b949f3e3b1d0619327e5ac95b90,1,469
192d717ce5732d8f99bc5bf7,691,cb724b375bab5bfc3ff34cc65969490f034e004a23f9ff23ed9dd754528eb57f,1,470
f57dfc0a78a24f3411d47578,5980,42be3ae1d386eedfc6538767bcf71233088c6e729d4382b96dcf487cc9764bd3,1,471
5b6b85d9f782c06f046f113b,5790,63f584fec470eefe488bac40900cad30a21018dbefda53a3e1a700491903bd6f,1,472
9ddfc2004705cd5ec30f1537,1600,2850cbc4245b222cb3a69820cb43f312a05b7d5eaadcafec655fb7c31c8e1890,1,473
5d59db949936566a2a43210a,6594,7f121826f8616107ae71df22abb213ee11f8b0305c8c7201032c4f137a8d7eba,1,474
58b2b9a4043216d04a43e98f,6213,0636c7b7b7eae11c49a8bd76d1f0c4bc89f1b5d103380961b97efaa07700e290,1,475
75f74cabb0696c9be0360394,4607,ab1bca8fa597b8cb39207412c7058dc8e2260ec064010eefac1a72c2b7fec484,1,476
58e874d6dd05c9fcc07ced40,3459,13ccd512ce9a7295c183aa03daa0baded71c9194f26cee512e598f288256e7de,1,477
d6cf99db8ec61985bba2b562,5209,13b6caa5a8177100fbba9a51179b3640a76c2a1545cab7c86cc66b472366c56a,1,478
dbe87a13322d47290bbe2000,408,75736bcf0b95be9de7c8bc44e6427ee9c8f9b0b618e4615e28661407e3a6a817,1,479
d41c568cefba9ab7a49b6b61,2804,834bceba14820c3b6199bf9cfd8894d569a05611c8612d7284c10d2b080fd035,1,480
63d4b9f6708b657f8252ca30,302,a87ab138f89b496b8a5d2ac94ef46f126da93041504fde84fe4efe1696eaef59,1,481
b7a01526d544bacc7ce86ae0,1779,086225924033d32a7e45543568e9972f22d7325b8e9701b0747c11ae98702293,1,482
c40bfe754e8b136affdbbcb8,4780,99dd1e71df73aed0b6198d5587f07a2e786047a09359a1c5dd8e46b4f4936ae6,1,483
9778eb6968bcfd6af6728d17,3483,fd4c8b9e0db0cb9fd5aa9e40fec4cc6d5963014f10711cb2a070067feb2c6c9d,1,484
771334401779400f23a1291b,1599,f267896a4d46c79b50c724a9dc30f0ce295864550841141d13282199f820925d,1,485
406ed53e20a7857d0d18e7ad,1638,ca291f7cdf12f48b807c3ce75922dd0429e7f9be848cb3c1c78d2aa3efeeca20,1,486
644483a11d9736b3247227a5,5244,2eb7e4c55da572e4a9d8e0342972b6604d2c5a46579b9b2582238cf9137a709d,1,487
114763b9e06d2422e5123c28,572,a818e79568434babaa5d45d19efc1a37fbb81ac4f574a3333d3f6a886d2903ce,1,488
4f9dac10af8b56389d8fea0e,3373,73c08cf5ecdd84b23fc1071720a629bf36a9093321a395a179d461b1142cbca3,1,489
db44d771ec3cc7d0dd46864f,6747,8e25e89e78faf4185d55df2261190c74d2e2f47d9e9f1b656291e08b951235a4,1,490
fc0b24b26141a61cf36564de,7848,28f7d39b9a684050b50a35d4668fbf41c92cb8a3d85e57da9b2247417a4edfe8,1,491
c36b7d5ff883985e5848ce6e,4664,c6811a690df5793ba13dfab821a79ed6494ccae820227ea158adf4a3587281d2,1,492
5191adad08422474ea7903e9,3728,f683f16c5ad3509eccd331a1b306340db0ec1d602c3dbd543b7871efbd95694c,1,493
13bc355e1187f6d2c74fff6c,3430,ffec64d3a86a2bdb3d089610fcc6ae191950d8e8b03a0411e2679aa50f35a047,1,494
a44686dc2a33cad11689205f,4019,99a730184561d8b90f6aa75572834e2b9a59b3a391d09884c7891698db27997f,1,495
26efac228363a3475a8df4ce,150,6edee9d6cf2e08eebde9055e33361152a9f9bf71ab3ca809d20c56b8ef4a9fda,1,496
88ea2445d615f8d8e495ff09,4024,f6236682769daa03ab45fe6d1aa3a8a8ea0ee38cf3018df5e55c6f6222c38107,1,497
4edfbfc3e791a14c3a4092d0,751,af01303bc4e235c7afba59422c2304c364bf49f4bce88b15809f1f245752a800,1,498
f676fdb522e8eaa8862c8bc3,5036,17876cf4f36ab5b238c2a4005701b9531b9a7e75de640b90ac048c53aa4efc44,1,499
2347eb7018123aefdd8241f2,1808,cfee9d5ae1029bcd59bc49422c41fc7e63cec9435f53ba9868721bb92550ad88,1,500
e0e1705c2b214a6b07ba3c08,6002,15d52414ddd00948a13cba20d31d65c3ec2ddaf538b1b01bf70ced59972e9247,1,501
e5fdacb438776e70b226c8a7,6788,3b65042655fd2e3aebcc5bc92e02134ebd1c973a0d337045c055e5d7053917f4,1,502
31ab570939a21e668edc34ce,90,a2172b97dac65e05a3a56ad4b1e5577c8b2dcd9601d4be973adad8f977cecb31,1,503
b74c5715b6e3e5b50105fa37,1476,b210df1880058d568cfe2a5c03275bc9203e627dbcaf838527bc5e418754e56e,1,504
0cb2acd0988afeb0442ea87b,3422,a98b929f84a62e3fa1f89a51a81687af3db9472a21459412f1173b8210a24cd6,1,505
fedee6d177454b196cc9ac5b,4272,11056801cc032d67fd1c6d16be56686cf3d31fb41c4f4f7b200971c407a50413,1,506
e4abac299e15ddfc6a57acb8,413,917171b9bfb8072743985f33d9bceead535933db41d9dc8c8f9216aa03a81357,1,507
9de0def086915c386f1f5d71,843,862208b144ebc1b52b40b6bda228672becce36b868b2b7c093e651f02ebf26d0,1,508
a249598ce32b173199d883e4,3756,9b6a25dca43299538921c1a7779ee2b921de450f80c17558343a7ffe9a77b54d,1,509
5b3b3d0a3bd4c4d47bb585d1,6615,40e490fb6b360a7dfa1a53759cdde3202032ea4f710e6c5064e660fadc597b64,1,510
7f9f335489e62579a298a992,5415,b60cd4c11419bfb9a21e1a8ef52f7d6c1fd4eb2cb3d1f913ecc9c5a7ce5e9530,1,511
c414e50a7ca07feff5760684,4337,b10a257c1cef370d3251af1780afe7edd9e102fd468e04aa53cbbcc0a1c94c6e,1,512
21bd5fd926a1862e6fa47883,4424,a85e9a9e9b809f8f65467b0115a0e723a3f856872c1b66fc7e5cc8d5c7738e56,1,513
ae1087fbdee62cd5f7399b12,6644,6bdf187e2337c87d1196a2b90f42748f373ff345419c20329fa32180f42e4740,1,514
1b50cf13618603526a615c52,2718,2cb73159f7434f717ff840c3e4b9f41cccc06e1e1424b4f4810bc0049408c029,1,515
3832f082c431dd7ab1b386bd,8048,54086079badd24bf62499c0b1941caee4bbbfdd113bd34950afd7d552958b158,1,516
7beffb06f6c0d1fd11baddd0,3379,b09d2847a404ced38ff01e8226ee01e47c3a2905b3da31b588b4fc12f83108a7,1,517
8f28dd30e92faacd67efc892,7522,34c2dd9b2ef71dda4e7f0ecda68c00d7ddb87b2685abb0f54965b57c18d88733,1,518
d8dc2983494d2f1805b9024b,5484,3a65153cd3ecfa54bc3f4a57610bf803964fd183e54856f35441f431c447fcc5,1,519
f55291cb170b912d4e9adcaa,3356,4e1776c5cee6a19fb0ce355ee3846a1400ab1532d3026750655e38ccffe69c6c,1,520
607618a067cc520c99a9f50e,4931,596d306ee37396c5c06e05814daf4171c3274499ffada6d19fd09a4217d8c332,1,521
5a5fbd380528f7e838b30af3,38,0e627d24f6e9e7b66b08f13be65da404bfc977460c07ae30f4f17e27c829efd4,1,522
22e15b2b6360fd57da619369,7748,9182ab4048308656ea249b6e2f8e0a27cb272dbaa5a5fb92bd50bebe8d02fbfd,1,523
583b5ed80b6b45f320f106a5,1912,425a76f5d330aab66ac4a77b48eddaf4df05008652aef1df1089c57a79c28279,1,524
11404e79a55450246f685f64,4394,b0acbf6224fd0c0fe3b0de6b77fb606464bb273925f14876ccb8ce852296dca2,1,525
1377b089f1460cfda4fcf25e,5355,024b2ff07c7058afcc972ac1e67e8eeb651f280c62d2eda97442bd5eca530866,1,526
2f2e4eb4d7c579b9c76aa3bf,50,e4b6d7e95fe6895d6f416db07e6ab3eb5f6bad0a62c2e295b49591f8d6c9d729,1,527
35cc089e15395129f2e7129c,6742,3fdf940074704594571802dd60919bc1e820c1c68c10f90734534681de591faa,1,528
01beda2da98be88306b92a5b,6625,f1d81159303c7f8aca3aefa395d8c4aae98e3d1a602724764f47f9fd23c25a68,1,529
c1ae9fc778ee8b93eab66572,1545,005094b5e0e5d5e0fe1f97b776e9693c78a4ec0f2a0d7d35d0513967e81fe7d6,1,530
e5be3785648d3ab7c77d0a33,5111,c65832f69f4f341f33b296def2596bc0bf730143b891e1e77223c77472b48aad,1,531
fcea6b7c73e8af110c0447a5,48,96bbfd76a232dcba5544747df08221abc593b19813bb7cb871f9cee030e229af,1,532
c21fc26c514f84a3bdf319e6,4434,d9919a3b89bfa189ce45049f1aabf81f08e4b7a922bf8ae79899c9aa8dddd8ed,1,533
b6219789fa5dada4084e770f,1513,5d5d94204748dd7e208cdb9ad889668a80ff467742855c9d99fde2295ab2ae09,1,534
48fd63cda171c804dc5d4631,333,abb28328df2d7de7a175c4cbb7128f740d853654690fd1d9f4da364bd98b9fa8,1,535
dfda147bcecf08ddd283132f,7449,d938027c7548c5fb7b5643eb94225c1774b75daef928086412bf05a0aac38da6,1,536
a7ea1c2f74eb8be7e8131810,727,52611507541463ea6d31dea230176dce615426f024aa9743a1a01bd789dcdbe9,1,537
a1caac73610c041508293195,6022,868f57ad9d1e76ccef85404c0b739602fe757e60d59a4333220098010ffbb0b3,1,538
e9b7bfed82934a9fd1fc859a,1392,6b865df1b9d95a844eab6fa9f5f43c574955726a0680522ada1e8b2874c24692,1,539
99838819265d41e6d68dbd9a,5714,81b3c43b5a05059dcba0db1288f5edc10398248234e3945126b8a92b185c728b,1,540
7f3aa9a719997faa301e9d9e,6244,168523d07df66c2f1e7de4fd155c1f4dd1f8b59a72087897961fd94f69d7b6dd,1,541
0b37572fda7ad64913e2ab12,7806,11039586e0f44cb361f0c6a83d1f4c7ffcb44db5a8b88ccb8400f6fde6379824,1,542
89393b1f64e1cf9a96ccc8c6,2417,edf013942dbb32ebad406277ea6ccf51cea71d3d24f66b26dd666b1b7c1d987e,1,543
1e9bb7ba48356db4ce6c12e2,2771,d8d630d75112ca6ddfd3f2ee7831c211dc218d50a42a5f7c928a2297a67105c9,1,544
39c88433e85dc8076eff5203,2278,0e80892f5103aaf77dba47ef00176659a10f4a575a9fb2bff949736e21bfda67,1,545
7efdf915e1f3ef86f9c60c12,4233,b59752d22d75ebd5c783500e9df3c20a90d90f61144295563dd1434f09a38e85,1,546
c1cb66c8f8719d58b8e78be7,354,24c41c4d29df3ade4f438fb1a778d98529b0fb285e20f93d3807dced7dae3d7c,1,547
33017ad95c460e274f54b223,3424,bb7e585932cf5cf18f3fe8703c7e877ff22552b9a6e88a7514ea47a32e0a9cad,1,548
962a0adf4e9bb5ee8cca89af,1236,6a49364eb1d5054f68c7b5a656c07ed1d4d6d7bcf17a047f866295c2648af53d,1,549
bd682c9d9612ce554557a3b3,5174,2efbf90a90e50d15aabf96ea92d23f27fa99a570917cc5573330cf1b90c71f4b,1,550
8607987692da9b7fa7d0dafc,3980,792943cfd37cefc3d02a68c90e330101e21a522d889ceff6e28c199be99dfc2e,1,551
03c08858e0188c580c94514d,6362,26f0d5063d0b1fcb16b1d12ad27ec62c95d97b1658881c506b5f3ccbe6ae0b91,1,552
0f9ffa6625ccaa00e8e9759d,1378,e07f005c9bfba657c7561f945eddad68efd236268dbedf29c84e06047166ecdf,1,553
092d2b5c7b2032c60f6878bb,7197,299832c501296f758b681ba2ba326515f599ba2041218e3e770def994452201f,1,554
e8b98203903e9fae660f62f9,7809,507e1a0e1fe1f3b796d6d3fbedb504c43be8063203df884768bbed8bc6899b49,1,555
6568218b7f7b794cdbcda757,1428,23829d59554eba013c76e50c111987ced7fa0566c33ff96f2392b447a063a952,1,556
fed9c961d477ace2b78fafcf,7378,1eedfa4c3767ced240142bfd58ffb235bc032e4ed9911edb9ce442ccc78e684b,1,557
3db97728ae818ced1a9fa998,3993,049cedfcf4b245f8dd83f1e71504fb7f1fcd7f5c9cf811dab94505883c011acd,1,558
7e1b99fd59452fe537339851,7821,5381390b8e60f2267bb40c379bbd49785e292e101661b1ace1678f35f65e89e4,1,559
9ba59cbb4e2816273624563d,1387,5ee44bbd1e6128fbfd97afc8d4fdd2b9dcd87c2dbf38d1d4992077ff1cb3513a,1,560
90b48a29dfab1ebde064ffe8,7745,73061fff110ccb0dc599ee4c67abec7798a129ed1f38e52934206bb6636bb37d,1,561
ec5dcf011366b8a2804ca3ea,3955,bab3a2cf2908362d2b5134708be37ceba2e36252670bd316ad62953b0e3e32df,1,562
e69d71cce53a800e0510e4cd,2211,0aa2977b7ae5b2ff58c8ee0ded6e36754041320303ec57f16e147f69f0758864,1,563
c4ae55581990e1089da51eba,7626,70212cd75f44d57326f6da1a2111036b97f63f700429b54612751c08c00c7baf,1,564
bac45da34ff73ad047465c2e,2770,65425987ccf6aa3140520bacfcbabbf07e1e6be21c41801b016bb309f5127119,1,565
033ac5ed1696ff493ae69c90,1328,11ddd2b9f6902b36904074cdd2d3fe980e593fc49af05191b529063ca119c3e9,1,566
fe0aabf0af54f44379278b06,2780,1dad01de44334ac92f1d38db8dd2899adb1edce95811d06ecc68ec8a3b605d38,1,567
8f88654d7c7b49fd7363584f,1340,b7a21c98ff229d2661027a4492793a1d3dd323ca08272d9d3d45a88566df9170,1,568
c3eec1ad29f6ef3831b8c906,4031,ff0720bd7865fa8936d6ea8701ef57ff6cf411f022fe1a720c8f53d5171555b9,1,569
d639fe2bc764ee76f15d4344,5288,58703aa5abd5484ae23e5519a41813ab5d2e2bd67301fbfb3169db81406eb942,1,570
d00e17cb04a52b2293d5c307,1163,cfd4c80cb7cf96b9618e29216f21662b92e2cc3ce85ab492e78c6c88ab73b84b,1,571
10dc1cffee38919235879b98,4222,24cc168462cb074c47ad0e74102269cfb1b09e8ebefb5769f4b49e49ae1daed4,1,572
225c8c9614796ad9091bef1f,65,3ed84ba69a1799758a177b913f8a49f57a9f8e8457fe8e399b2f5712cbbb70d6,1,573
b7a794c391cf0bc01b22c2d2,2539,a2f9fa523b66b57d21bd34fdafc3e0d151559908c7ae4d6b2e518889c9de51c3,1,574
eb540c4e763c25e33a31294d,5252,1cb8c2c5cef2a620b1faad0c681920bc134e7ee6cf20064d853503cf3def6c92,1,575
3a491332c2f0916076fe7caa,336,edd00eb30af6cb840fca7cc28489c1ff4f2e1920750eecb0c467553158755a19,1,576
0430671cbd00355b27b31583,1057,fffc69e91f05b7fbce5daa8be6e5556cf022b42aa95b49051e7ffde49ee52658,1,577
b05b41dc1b4e95a096ccc1f0,397,42b6566235f1df47f0152ffebd48781e6e94d0b062ede95fcc07e33cdc81ecb5,1,578
e46958431943e017ea48e349,7980,dd62ee70fbfc78cf1d1ad22112997c8632238eb92e1155031e16cdb9f8aaa92d,1,579
badd39297ef7774f345f8483,3647,ced26e6c4225694ccc167804ccc6a68b1b8411df064fe05ede9119b642cab71f,1,580
3be512b2cd6c3168891fe77f,3885,174bbab57122837f5abd2a71164360c411e55f92e8389b9dab437176dd507ec9,1,581
b2906b4ce91ecd1a14f57751,755,87106d33fec3290dc999675ebf2792a63123f295724e0fc5bc05d26c95bc260f,1,582
86848227c1d3831043e58943,3511,c860b1b8c39444cf89690976db9713c5aaa13a6a02de25749216764fcc852a2d,1,583
7a3f7a77d5c39cbdfaa1acfe,3844,578f23a2465e907aadab410704d8f86088ad78db01392a443e419ca921e9d16e,1,584
27946310523dffc9ad464c94,1564,1c81031e4b3aac468d0232ddcea8bbde8b7ecf3e3127c3904b19213604063d95,1,585
8fca19bdf58dc66a04575c36,7389,e88ddd5856781d0d1a2956b07e9c909de7e12a4b663845ab133b7e6a1cf9cc7d,1,586
e9e7f11458e18603e5cd332e,6883,5c705cb58b334dbc8de68bb06fd9f0577534ffc751ff4b1c0025ac34c52752b7,1,587
3e171e129b014a273cd0ca5d,5643,0116cfa1be5161b1fa534c6e6296fbc5477fb5830985f494cffa4cc5effdf4a0,1,588
e4d61a288c37a1266195c968,7152,1b1b7f80349ec709969123548b7b340b50a39ffc4cb50120066d93888b2a139d,1,589
d459868a78eaa1a455edad33,3913,59180b330f0c21060fbe0e81d9ca47c6bf1bdbaeb5d19d37efc6fb41d307e11b,1,590
08166b179cd3e4dcf0a05ba8,3608,c2ebb1f7dc02c0b872a967bf5cc00fe4f6348243d5c9271a8bd593f65ffc8d0a,1,591
aaacb6ae462905e85be7f21e,2581,d1db0755cd758255a1a18f0a42f59866bd9b637cdea402e5e717c1fa6c982ced,1,592
131c39849990354816d9ba70,4378,4929a7a34ebf8e1bb2d68b5c8fe933e81e1f42f0dfbb1ddd90f752ea0571ccba,1,593
1ce6765787852864156a4478,4635,c3413092df8f9b6310c843a0e7a518f64e48b1af636624d9c06aa590f8e705c7,1,594
9705ba323f7cbbe0783d3785,3206,fe0ee46b1599c9606ece17af2b353617f9fc13ab06b21adb83f724649e8f2cd7,1,595
564236e38539af30a4070cf1,6055,d2b9c11b950924508293d44754a1f47e97078e0b7a4a15a9c71b8cabc008c512,1,596
76ef94ebfda0924403d831b8,1234,e139d712cf04712f0ba46d59e1d2329e4bee9215a3e3a061618e12886f089a7d,1,597
c4a59a2754f30e54fe4d3547,245,d9ac8d734bfef4915bfd872d2aa7c07f2ecd76a93d589c2849d3bce147e5defe,1,598
73ac6abdf55b7af0922d287b,46,6626b97ea51617eb4f1750087b5848e7d3724fa98f98b48558e72dd834afa8fe,1,599
50fa5cf453a4bfdd2db97132,2612,af6063b0780538bbfa64f117454b67df48cb688849c08cbf5d004dac01ac7cec,1,600
ef872cd43f92fa65f99aeafe,3441,321fd5436d48e7404399c8b656d4df49b10c827293cf19a88bd84a84b37b8fc5,1,601
6f8c6b84f76773b7bb75d106,6926,2285ae111079989cece0c90805fd1fc905e02f2a90377e98e8bc2eccdfbf007d,1,602
569106c0b1e0a33d1c2c410d,1242,8e3aa23b41f57a713e33c8f686ec1c5fe5cafe7a73e0940e20d07c860f9d2b54,1,603
55dd8c1ecb350eaa56a2bdf7,793,93c359b7d1811f4548ece6b6bc6bfa516cf83697c963d8c0bfa419f1a98f4198,1,604
da21f2aea3f88f177f23c21c,736,7cef1fe9e2b3721cfeae2febc29d696782ed2d298ce878f6b2c3b42994070832,1,605
fffe123a1655e1eec7619550,4290,847822c23457a7a3f95f5ad32d7cdbd897119bb1975fbeee1e9fdc1d6c0db37e,1,606
9f996f933f70159f33e58be2,938,42750fbb42766e442b6ae02540482e48430b58478b5fa36e67b947095be5355b,1,607
d3aa8959a86418bc510857bd,3946,f3f0c96348a0ae3d1d861922954bfb45af5461ef00f472acaf6524f73b2f132d,1,608
6e8f34f3ee5cf459ffe38cea,3573,411100865ea173a8464f4f218f65644a3307cbbe3a710a09442efff7e84dddd9,1,609
54d152ae25c3d1c402a800f5,709,f86ef11bdab8795e80a2169ed869b9a91efdff3b693d16fd9b5222ad713975ab,1,610
01d464f3fb5cee0ec19757db,5374,5cbff129e867dd442acb460c7ac9992b33b033491338beb6f1fcb543a8120d2e,1,611
51228ee042a4fa73e7040d12,8007,b6f767d5a25e4d77b44a45ce252c18cde3eaf1ff410c75c9f3ce0601e0957766,1,612
99c00e024aa538787b91592d,3057,aaa77de10423d2a6b98b577fd5bb3525b1f0f113d1567a411b44826d6ed7acb7,1,613
a108e9b1443e3fb0e75773bf,7576,eb25cc04757cad812d77419fec5e282b5ffd10133a1e6c6210c454037fe8cdec,1,614
4cfb9f64c4514e285d1a4dd9,7854,762978757882d13928fbb2412900d33b6ded8ae5ad3b496b9fb839f3f2b24f18,1,615
e9e440e13db305b386f5fbe1,1905,47b76683babeb5bd8393738d47ff0d79eff2d0b4a41ac277e9eb195038a96b64,1,616
5a8e8489f69ca01db0deef85,4375,03c8faa47202a523f492b291ce72672f73d7fb967084822016fe3ed35410e6ce,1,617
cf2121f5f7c10149d93d1c0a,7866,ecf24b2d1dab8d9433bececfb559bc96889c8ebe206b20bc11e30af4621ff466,1,618
a88da0679cd524424aec0502,3042,ec019f6d58ec5f6ff1f90a3817d2efdc9dcdb9503f33db37255a8bc0c5735e0c,1,619
19c92519a15375307ed4017a,1678,55bf6671914fc714bdd411e2243227d5d2e7e3647385be2dc4931f56901040f8,1,620
90fdd0bd7f84e4503547bf6a,6154,073bb2ce073b900c2cd1aed0697acd9ad8dee2c0661de6684e73e8fa807f92db,1,621
3aff25022981f0eb15e64319,4703,61f49e6bebdbac6b5a6697546da34ff96266a92acc44554908b98a2b38b6993b,1,622
3c2c13c7296b35db785fcd51,4395,38469a06b848307a5bef9d05921f7341af6aa25f120f6bc718be0bcf08426bc8,1,623
6d3b469fd804ff8689971f13,545,992cf205229e3074b4289f34373844ff64dddd875910d2310af599b9280b5fac,1,624
62cf628faf105d0e48ef1b20,4802,afd4d8cc6cc15cf0c303eed96abe0bc608a8d69f2c1686da93f53a4c0c85a0e2,1,625
5a883889e16a6e12d7691e65,238,49cde5aec2d0dac2955621df338c01d9bdc61aee67071503c0834c72a702aa92,1,626
64cf34c6bc8f4dfdd37188cf,7395,d5f3de69c113e385e37450467c51b77431ca391f81f1d02f725cee6ca6503aa0,1,627
aceaea21fe9576ce933392fa,5273,41f7d554f78428dd16a4cc894890486797863f7e44af7893e9a0ca8725ea91d1,1,628
de28264b77e4d948104d8bcc,4938,4d5ad054c3f825799d9e308d1549086dff979d39d88a0d37b8a9bd6145c7e0c0,1,629
354da0f2d25aade40fae80ed,6942,fbf0ca57351187566711d8d86880abb69486d3c51dd7799e5fbe5c973b45301b,1,630
24b0bb643044d2682a70454d,1682,b0a8d76ee0e544ac9237bd23842dc998f8c7375ccb9282835e13a50c74092e26,1,631
fafe88aade64c71370c3be94,311,abd80edbd4cfb715def479f2487ce9b2745ddb9b1fca9d11d0d3ae77ac838ce5,1,632
257ad009a484213a9635f10c,2987,bfad682ed3bb8d6ecaf976e69b30b3bc40fbf144691bfca726e2824768c60645,1,633
31aa6ff3aad1f02d41233e6b,6556,8a0d091b5ab27ed7e7381e903eb4f9c79d9859a9f726a11c7bf6ce54450e64b4,1,634
24292ace0c1f2040501cfef1,2635,5501d645d10a6c1d8f8d99dc64c6ae0850e2f3ffa3135608f478180efa6a6075,1,635
75ab4bcec4308c20808bce87,4835,07d674cc408000770a4cc726261777a3dc16d1a946114c490a24c29634fd7cb9,1,636
91a99ef6d4bb5b2e644eb819,6766,b0ced2454e26e23edb76319dc96449213649caecd7ddf5bd4ac7890ed5a95bd4,1,637
88f4d337cd0669edbf52a48a,4752,2f3cb3926cbd1559bfc129ff5c2fe6c2d9931609a07259da6593e5d85219f935,1,638
3b0750d730f5c62597e42c76,5584,f70050a400ae22c70f4355d2350da5ba9c8f86e0880bdc5efc51112a55c5b8e4,1,639
63fc045991e54d82e3c04b07,1926,5a16df02a6320b93bd0ad166a9d279b1d0eafaa0c861a9f36a87466a9e281077,1,640
3bf89efa612d7117c00f6f5a,7664,4e2d926f389109323f9f8df1fb7a9fc3f0a402737deaa11aac5e95905e87e9e5,1,641
4801a770ebc090882eac14ff,6345,8317e4200726a871d15c8efad3f06a1c503e4aa451eb72f323aec27669a8402f,1,642
f1d7c3859292042466a73bed,6743,f42a18b3c5d46dd25bec7ad78a7f84e416482e59fce8dd020520af360d081e31,1,643
c1573b38b27e849aadbfe631,321,908df12a6e051d7d3e57b197c6a060f6214389d45508d4ba2533c626d45e4aed,1,644
ea7f5172a40a0ab90d8fc15b,2319,1c42a9bff73e8d5d857be3595406c0dda749e1a8edccb48ba8ca640edb37064a,1,645
e03b5a326ebe985bf1617660,688,09356a8b8b958a7e25792a2c68d916871aaac569e1b3439b66e4156eca574b43,1,646
b85275e9e84688600d633168,4858,26b1baaafa0d50f51ba9da6b5bf8e1909fbe60d5fe580494635317760f53015b,1,647
d0a207c6b5bc487142a627fb,5958,4334c9c5148b8ce5af573ed3cd7bf3b18244431d19e9e950305e59fc80241054,1,648
8d92b3791b5473eb224ef10e,3304,41b77f1a5a3f2506908aeb7514d67c040a149506f71030c4b38deb10d29ab1c4,1,649
a9bca85e57fc474e6aaefac0,313,f9a19da7fed12ad6eb1c93851e959ef75c59d171bd46577bcadffd3a9da3290b,1,650
c7ad9cfa00a619cfd255bb06,3577,74c9ee27b25604290c99d27cd6c2d87e288167119d7533d25555988c47360c16,1,651
1be78709c9f85e995c3fe390,6937,c9e76f3af1e388016c8925aeb5852c6b450237f4d2c38e98e34aaac4d619c7bd,1,652
c2093719ce220f75767da447,996,c4e9ce58dded0ea2c224317f6eb41a41deaa00b6328d51b0fe097f3f8f30122c,1,653
d4cfcd74f10e2630a3fb98b9,2562,befeef6cd60e009a91e2dad83b57d81eca6d58669ec010ab7c7cd76e46ef7247,1,654
2fead642313ba768694de1ae,4637,522b8a2a5878874e367c8cb2f8505993395fe6bfcf86047c652bab3ae3f62e80,1,655
86c93644e15b207f654dc525,4682,48e80961183e5bb38207dc1dd9e1c46f8d462b37244ad58acc37e6545e475113,1,656
31ff853d3fa0e1ea99b27cba,3109,f437f1f26c6321859e8438d85e586b888062248b400a911ac1544c69b07d8be9,1,657
05acbba9c037b4690cba9f95,2757,9e9099e407b882d4413eb8ee075750f01a03e5c9400d65c241799ab6923f1971,1,658
fb8b1c6a56ada9982376e82e,4323,a6ad3e41fd5c8f4e6c34b1d85848eadf721bf24e5b2cc6dd94d108cba5418d56,1,659
0135af4bb74f1768a3859596,2873,b24cd99f946861ed59bd9cd5b8ef7f11bebe19bc76198ac64e80dca9bfc74c4d,1,660
523b7a6bc632b411bb356157,6643,96274ae4db2ac7d1136e2338aa9b5610e5b38b039b98143069beba139a677cb8,1,661
efdc190bebae24f5042c2fa0,5782,bbc4c21584e3688249258ce7fbd7aeb4597d065af3959056322f26254cfb7223,1,662
fff871900403903d6b517cd3,7165,7bbe7531ae024e54066295b75a8fb697f723af16d00581dd2f8ef672e47fc8e5,1,663
50edf933d5cff827fc539931,7177,5d61b8c4f1a3b104901148cb1689fac78d6228803f87a0d22404d47e125e5a56,1,664
b7f7c9eac96f08b9bc3f42fd,1367,8ed3edbac27280028156a95bb0e479358d2d859014dc087f0268f6fa4b3e5c1d,1,665
f39621f914c50a6efc69e097,5083,2e2a0408a989aa62bc5a87f16f4e4d5b2c6b392bb5b87366f6c8d2f30a7de2ae,1,666
28fb3ea6d68fadbd3bc195e5,6408,aa03ee08305a58002946a5c9849c0b4076e0ea69c6d652c577f31bd84ae6b653,1,667
ceaa4eb813b8f738c91cf652,2470,7212de0ae47fdbf304beacc6668fcdfcdc1eb471662f2dc375018a536455952d,1,668
47aefdb0d33cc97f70bc947a,3802,d71912bea6545cae7b6aa932d2480b0ef6479fb81ca376ca96f153fee9efa5b7,1,669
09d930948a632f9292ff01cc,4874,ec5b26da037f73a59755e0ea5d795d005c048c3b278722ef755156cd6ecd6c4d,1,670
8f3250a88bc758103381b2d9,4704,61f540077da46e6325fd9a8a4770690dcfb8b560c94ed75b85d408cded817948,1,671
046f620089581fcb57601be4,6552,3f630c584d89015d2aa78a98a72de793b3b98e7d062cc77ed5764c7cdcb647c8,1,672
52528a53e3c861544795d86f,1307,f9ceb35e1e73c2e1ff5736398a2c8287edeec8feaf90166b80467acfafd21cc8,1,673
a84b7c4a42da88487d9d41d1,7491,ce278a421320772d1a41b0fd43b5faa7b7d1eee6244fb31666aaffaf9d469aa1,1,674
251968bf601daaa4ec8fce59,872,9eed18278e1bbf048fdd2454cd85abac7ecef1c565d1c145c2fc76b55ffa30c5,1,675
3356e5bdbab23167dd63c057,4296,d53906d9fee825b4285556be6d7051d0cecd25475fdccec1a27c774ad43cce31,1,676
8a170eea3e206424f44c81f9,5685,91fd65d134896043f8af0297ef5e6e26f1a9c7ae75f48bf6c83b3d69f00e8a8d,1,677
0001c6c69cadcec3d9c5e6fd,7654,739c1e27cb1458d4fbd9b4334b83fbfe4f5c697e888dbfd7f6a523d3930365eb,1,678
c0793b8aaa0bc382f7e24b58,7549,4b2203af5ec8b57071ef0f6b289a4f3781ba8d14237002ebd39313a027e66fd4,1,679
17cacb916b95c319ec1dc572,5724,2be1f212efc9a8ca168ba3bd15e3d716f1014ac40f1f5f7b8b266a53d080358c,1,680
0131bc7204b4859e3aec544a,3876,6d2ba6145b92fd92e464674f2b3ca2fd20e09a2cf1cfcc0c025c2501a05c0978,1,681
60c3c8800268f34a3a197cc5,1413,a47161ded7169f63e1f753b25bdf750b19a9c30236002ce4dadbb0e2d35baed5,1,682
9eb59f7dc11dd24db15c917f,3696,4557c7d63d26fd9ad77c7506c2fe6b71d8b47240dd245731bd79e8c2bbe375b6,1,683
f304dff66a8c84636cc6d271,1794,cbae47f72ba8304dc708469d12746e04c58467e13b0dfe12d9b977339a60511c,1,684
e83ac288df3a1648e850217f,2025,33636d9fbf8814295e877505aea0d42ce2ca5839187cba72eaf04f01d1bddc89,1,685
664b333a82bccdb6209ad733,2854,088c01898d85b8a24af517b74211175f20644ccf733bcdaeac2c23d66ad15ef1,1,686
6df0af19d7395a92684e3084,7628,320cd23ba267aebec705ff4a9004ef59cca0f95b0cb0ba844a6116009f7036ad,1,687
603f873b11d02ec3c926f157,3181,90a1a10f59e1aee93f2e100b1431af24bd65fcfaf4cef9e3807f28bca1476799,1,688
53ef34f018a9f62b71c8d44f,3374,5b340f825c4fc98d2793860866da27e426ba8e88c52a4b211b0d7c43f7562e79,1,689
9b346c374766788f772c38ba,6670,895108d8330f106493c27f96bd03b35677cf6353e5fb631ac8a903ce2c2c6ad1,1,690
ffe702fac54cd5ee5ca07aef,6805,aaaae0551e4e29f05b77db09e1461c0611df27c869fa029a06f67d11af57d1bf,1,691
ac79dd8c93e96bcf23fcd8d7,4980,47930aa107f483f3be8bd37a3cda158317ad8692a6d60ba141bd406272797173,1,692
d013a6345aff72db5388ed58,7212,4276fefff49d3518ff2b510b1de5108ccdffa6ed5bcddb00dec5f6c6231a0e7c,1,693
7a0cad2f5e4882e0541b347a,7945,d1153d0b97618d2c582b43a86f416b79e26a1af8df1df7a224fe7b2037291412,1,694
10e0bccbd69a6940ca36ca6c,421,c67eb9ab1e256392e9840673f27e13a083bf9b6d0a540a2e311fe1d54030318a,1,695
6731a604e2d870332a562905,2474,c38ad21c5ff799bae4f98e2b87aa199a9dfe8f1786e5ed407f693880b3e7a6bb,1,696
d064ab6f035475cc3760edee,4359,d09bfda3858f8ddeb0d4cfd0f8257dac9c4435f2185c16d7ba58dbd095010711,1,697
fc615e11572f9ca8e5261044,5495,946501bff0b0d35584a9e8b5bc0bdb29ed77931651f8c0ed0b76b6a18f11ef18,1,698
9a57ef266c2e7668750ffb50,2909,de6bdc3f370b1a5ea8bfaf93b9751819fe6653440c1fa633b3b6abca9c142091,1,699
bfdfc9104ccbc0b1640a8439,8000,28ed37417e32d4ea7bbc133340147b615c1b3ad6e8f72cde74228e9ab24574c3,1,700
ef785cfa3c118716543f56e0,2142,e40359409849b815d7ef11e07c2cc60ad53240d482a4749026fb3d8028b83dfd,1,701
51795859cde0e06ef020a614,3316,ca957774e4c2c12caa95d1343864bcdd4e6b89646da7c64f66b54a44372fe879,1,702
f512a08a396fe8815c3dc23f,2523,233ace9d127c1a7f54f0aefff3013e8024a7f4286020e4cb96f39417bf6b1a2a,1,703
ceb2828cd2efd13566233e1a,1574,7d9df4bd9c3f29b1ebf8760ca9c6c73c3f2af5b1e24731ed02bdbb88ffbf4ce3,1,704
30aeb8f2fef6bc585b811fda,6397,ae70b32fbb74fb92d3e75e7113d39ed05727859d525940a1b720034c8bb03b81,1,705
c6670bc2d5510dbf1cbb2f53,4184,564659ef41fdb2dd6b9cbf5bce4168791239ab9bb4e51d58f54c3bbd2d12986a,1,706
a559833863389aa435d561bf,7462,cb9d1f06048eb13307888c0fbc42179525f5d09edbe7423cc1b83582e27c6cce,1,707
6bec4121a6e78736a54a44fd,59,cd62addbfd813d5487dd3bca4d6a67aceab26ed7c834d38f4d131d9531676ee1,1,708
8683be6a962878679a2338a0,7471,8ce4018286ae46af2859fb430c7b25845d41c61d1b164b8dd084d31c77c0c078,1,709
d63990967c88cd4624bb984a,7560,6364a7bfd6dfb9265a85c8482017495da8bb04184dce67695e5efa032048b475,1,710
ccc242ba9cbbc56d6eba651a,5976,550fd59833acf8bce188e5244740d2f81feaee407b27f73ac03dfa7bdc7946e4,1,711
5c22d7301e8973b1e108206d,4361,63ba833e9828094cda119df14a50d9591706694448c5015f9f748f1db22ea07c,1,712
42faf0caabe55dc931b0d9d6,7883,b5169657f631850d364b7bb578c74662e6d264a6b31706b5a4436c768473a5f9,1,713
5cd7eab6622bf49a042d217a,1252,3123037c964b80de94f25bab00c6993dcad62df8658201140ce8faffb95d79dd,1,714
113da1d646c860134574e732,702,5d48bf2eb85b11ead8b9cf43e171b2c823f9982186da9c413bbc9312e9bf82ed,1,715
08b289297be4d640057b9c31,7926,8d8f76f2d07504b6a5468840fd5aa863f3df28576c51db6bcb2da7b68e688c4c,1,716
20cedd94783ac21c488abdd6,1438,c399a1afdfd5dac47cffda1658430d66f7c5c7dedfe35e504ffe35c7686221b7,1,717
aca35d3256c75f0e9cd47e6a,2736,cc076e42d0d809288a28276c4d1751f98d83d15bcea37236d6983e00de36f260,1,718
8d30a5aaaef2eed9edd806ea,5532,50b6b4eaf34de15ae33b16f383696a17e34df70784c0ca6f01a187979b9382e5,1,719
174c2c1ef1baa9f7e7c24f93,7476,e1538bc6b54368d31141122af72eb83eb4ee1df45235feb82b0892a59feb521d,1,720
f154b37d22f43122f55dc80a,5475,e4f94af2db550cd6b0cbd79703d76ac0b4ba372037ab9bd44a85569b0a02fcd5,1,721
79f413dd18149d6eedbff375,4814,304604d8554879b7e1c3650fd12a99c662f20d696d3a354a630c331881c7d3d4,1,722
21da082ad84a7f3b7d184983,1969,bfc7fe929fd9eeb1b52ec7833df03946456a21cdba6ab07cd9f504575f7a0d75,1,723
d2d7998cb8de600fbee031b5,2946,4e5c7cc167c2d5023ca3083eb63fc42672a5c5e8967e3399cdcc753a25c3649e,1,724
e2f46cc248899eed7c7914c8,6967,260a21821717f54866e226099667095a7311dcbb19ccf917fd3584971a0b9f0c,1,725
52cefc30b0b992e1a3e9145f,36,9ec7cb59051fd2d5ab7894445ac961c8ff8995e7d5af5b30e0f6717c10824fc6,1,726
068fc51e0ad778f53d789255,6609,97a0a6b89e4b83ec44a804fd788ab0c8fecffd1f6e5d985cce021328c90099d5,1,727
7e26a0117346d88b98ae7dcc,2985,072319ab564ff60572fa61cdd6269f2e70a45f89c70e3c253746be56a157104f,1,728
5c94132e35c758193bfd3b20,197,5904c488136acae9a54581df5b1afc04db31ad9da3e5e5440b2149796cbbe417,1,729
ecdda2f83640d9d97948abac,2307,effcc83dd74fb4f2ab7fe2c8ffcac5ebbb53e821bfb44ee549b94c731f819f0d,1,730
a9f5baa6b7da648eed653d42,3687,7032cf5f18652e424b59c691edce27b58136d8d859a7332811630b76a8fee553,1,731
460243d263efb2873d55414e,6494,768ae46360f253295ec7929e930956c7fd76c1e7c3d94dd32be74c7d63b0e06e,1,732
f8d593168851be7d1172863e,6813,b00b6165e1ba0e4e397ad25cc8d344437edcdf2f665ea879dc61b7e10a7ecc7a,1,733
1de069451e8af4be60261bec,2065,21671565f6e89994ac2c510cd2ec9adbf36b69d1476f9e228a97b8958270009a,1,734
51b003b91145413df4fd17b7,4714,1807534aaa60a93364cf9914b2897b127bec20020bb738f5cce0b8436083494b,1,735
2fdd92d0ed83cafdf46fb12a,5802,51dc193fe2c3dd39227ece845d942d9b8e6c6b4b014b5986aeba9db2cef98164,1,736
d517821f97f2b4d9511a4b9f,4746,c3ca1636b35808906f87e7994fe27fb4784b4d994dec44c51fa1f2bc065779b7,1,737
f0e5d4d14ce5311ead0978fa,6341,320cd6952d8bea3cd4caae564b0e8a37d927b16c047dbbd3910ecbe90e6f3aca,1,738
e87e3b0bb0e635ea9ea093c4,7003,b0d194dab07994ee0c1aa6c639cc5759fd1cd0e9aae295eaeab2eb96b30c8cff,1,739
0b486721dffd20faf418428e,2764,89935c8cb80e272ee7889746dbc78b694418d5bb41844b2417be30efb867c231,1,740
676d4a690aec04d21192567a,1643,1e6f864a6e66e61477f791c15f70d12d8ec65815877820c517a92c9c283a0c7a,1,741
b5df4c024a64cf4475894cc1,3952,60bf73953d5010e554b2131dd8209233f7a38954f2f8f97d520252805dcfb110,1,742
72045416904fd598a4a96f06,349,9a26a8b35f5f7792c5a25d949d743de700bc96cff1f6678f25bd8c78728f739a,1,743
19ccabd1062db9827007cd11,7629,4165d8b0a71b73e27b025ff4d13934cf8b6da151ac175c47d762ea84b98037f1,1,744
c4c160f43413d0ecc144a63c,4758,cdcb1df82bcaf933e2f0b0fdbd709606d667c94bfb3ff37561da9ccd0b9aab3b,1,745
fa8daa230e8e402b895270ed,6267,00af6c58bd6351f8851bf232344dafbe8147c2e461c8469fdb3679287ebf403c,1,746
f1f8bf552c5944de7fb1e696,1086,1480c4e148e3324ea82e6549075d2b6d18d47f1f09f6f920e2e7cededc38cbf9,1,747
f8bde64ff9b61746b9d7c544,7158,8bd07cda3c3b7ee2a0667a610b8ce7d6fe7625a2b8ddd2cd18187ced46cad51d,1,748
03d027a348c6619ccadbe536,1364,606a56f445ddc5504c075b3c3f8e4e3f6685cecd4388b281cee91b4ba7b18bd1,1,749
69f4c145e7cf3cf66ff6e463,6585,c3a7c2406d9ca63f594e9681423ebe92ff394a3fed1d21a79b6213613b14e9b6,1,750
73066e856742295841411313,4774,e1765eab296d54ee880a42637314a265020380ec61024049691e1bf9e725e978,1,751
98fe1ebc0ae7a15e35b8aae8,1607,fe5052507c04884c9b473b92c94fbb33df23bd5cd03e4c0fee16fe81dd06a2d2,1,752
9234d81e8d2ab5bbd3b46a74,2681,70afe9005a2183b022ee55f50fe20faa4f9c065e037ad8eb20c636b92521a466,1,753
e238e19e6008ffe30fe98b12,6024,1bb938bb6a60914d4db0911c31a5586b6e2666bd3a10727021cf59d8c9bbe141,1,754
573304ca8fe42f50a41e69e4,6331,52ae358ec0ddfab2a4597873302b2c18d76b62cc9424778aa6d88708a9f839b3,1,755
4c9285a03c229f583eb7d5a3,3055,8679b6eed7822170e9c57532f342607fdd4480e41a1efa72560ceadaabc36ae1,1,756
dd337ed7dd2a548f5d3a3bd0,5801,05c4bcecd010e240a5e900604547cf1e67e9010607ba1b8dcf7b3ea2c3f41532,1,757
726077e70a7a8ac8637b27e0,194,bf9a205952fb2c6f40eb4dbbc86774719485c1944855c743de4776137bbdfeb6,1,758
fce4bd4ec4e584cfde33cb35,5428,4ae335d0a65a6e0794cc6f4061d69be914a91c3055b75137ee8da25b4e2337f8,1,759
1824b39700a04b8d2c3412bc,7498,c90740d3dd32ec7339288b83990b5039c0d5c0f704ef8aa5af57e45b59c9cbbf,1,760
0cc58477ae508db4089f9ba1,3536,aaeec89b392b6e05a0c26f72bec3e75a49f5b7541834d32ccd608eb8c1a1782d,1,761
9b88b54f831bf96f72c9a1ff,4063,659ee58893bd446009c1de61930e90e7887f81d6d020e282dcf3e62eadccc3f7,1,762
14838ab8b601f4f5f9c285c2,6306,fcd45301ea013715f42f4a3546addc168777d5aa70c9e46d2251350ad5e271a6,1,763
b4ca43e35a4c7f5f15d64dfd,3427,51c41035962715b25766f40bc38dcf254f534d49e7c9cf273f140ebf00ae96e6,1,764
2603570ade0aa98c6dfafeec,2293,dfa3677f5a10be76bd697afab46cab6a6a2f9be506deb21741f10d2f5f33e725,1,765
0b95a241a93b6a8967cc1883,156,1919cb2ff03c080453f45c247fec82f746a4cb98837f5969e0089162210d8cdf,1,766
4d874630d3919a62bebb99ca,1011,a278ee64b4b159416c11f57e52174410f31a60beb63ca6b861db0c56fd446607,1,767
9e816f19b581dfa2867ecbe1,669,76005e7e748ed14327c7081ec2a96b35bf7d96445302a49ffe92c1fc0c294c23,1,768
c2d373a163ca875f7002764f,5578,de35469e3ae03fecf573e6b204eabb997227f74a1b7807c5104608bb1bf75d1b,1,769
3a35231237ff92947e0cf3f0,958,af7846ee59d0ec79855919796e376b9e60d61c3d41b8d593a854731923c075e2,1,770
c3a03b228e3af629a0476544,7906,bf2875a1dfe5e56aaf63d2067defa17ce5c818f49ca504f9a7bde66634bffddb,1,771
6ae3d990267118ca51cf593b,4161,a36fdef5717bbdad96ed93d400191b7588c47b583443242d2d7c0e1235a36ea8,1,772
8a5b8529066dc99db6d4c718,3822,15dd8e76aefbaf07f4320d45bc28fc1b4a950b8dc61751aeddc6b2edf9238496,1,773
75b4295aa4eeedb95ac9ed06,6675,637b018cb248f1da3d94c648192ffa987b78572695c2192f851124b121cb0ccd,1,774
b0150a26a0ac3b05082dc716,6435,c400ecbc9fc9cf285140556fdf82847224bc61e1630f2af56f13f1c94911e62c,1,775
d3759bb595c127fb7714f852,4242,bc2c972862f3e316a162b773ecb298f5da2cf5cc882b6c8c540a2cf45a41ad5c,1,776
96aed4c771a1ee869d2d0732,2893,ba5baf8bce83889b5f4231182e311a5821de1deda9829834552b83afb3bf932e,1,777
0731bb9b0565f6166eac470f,8024,a62539b88ebdd01fa86c02263457df0a50e37588ac7bd39234bb7eaa5a1cf92d,1,778
109963ba986cb451cd5b7b55,2376,8aabe193d957dd5a82e8ce592d072aa90f492d39bf40fcee8a9bf9a789813855,1,779
8f4b486b375b2f74fbb88662,5900,7807acc4454968758cd370528ce6c624a287cac5a271492f931e7e6553998fb5,1,780
9e25b7a6b55960468fb75ddf,1572,479caf56bc4ee779ffc007227febaeacaa3cafa6a5999799d08e9f5ff7584445,1,781
095bb67b9e3ed6a29c976aa7,6221,db5e017c7214ba81ae1d45b92dd2987f91affcecd896a60c2e71afe4bfbd3363,1,782
6de6c4fba45c1db3a920db27,5856,636411af41972140e5d4251d4fe52a425e3ac6b3e60288bb8bd330fadc75aa6e,1,783
8e7349fd6e29bca9078005ac,3795,be55752f5424c74c75838b01f91a272bc196b3718dc1564cdca47bb8c4e62c15,1,784
9488923eabc1cbc78096b2bc,4420,3acd83570526a5f84ce52f2a106eabdabfb8c337f9eedec63d508d95c55e6655,1,785
e6e3b3d290fcca70c1a37c8f,3584,8f7cefb8542e39f7461cfec06fd211ff58431f250a44c4ecad192693a21e9f67,1,786
32a1110ffbcdc52f96ce09ee,3233,fb27122dd9d063b68ad8ec3688ed9a8e4df80cbadc3689391406b875aabd7fef,1,787
487ce8ba50f2709686524747,179,9efcf3ec12e4135490ee22a32bb49ca458cb892eb0cbdfb6dafdaf05c85294d9,1,788
e5ea08201a7130082c96a22a,6057,2c2b32a7a43e1cc52e766f7c311d773bf22d02435ce6b8717f71cae7c94912c4,1,789
571f2c9836cb083a53d91f9d,7412,6ce1e0c41a58956a003839eb2d414245bfb99085e62d43496bcec53471d9c137,1,790
3eb4ace30361600d6c9f43ee,7457,c4be1f159e91c1b89b64106234a2624bb149f661e694d59d6eb95e2ab4d16e96,1,791
f1206a29a4ba8b9248d0c651,3841,d8e6db82a3fba19a5214db0129134361e0c918cda97cb2b48d52d6b55ca9c567,1,792
c30ef63c39643f8e38eb2f5c,5530,6fc39e37de275c09f11ef43f384d1ed386533b4404657b93c5ac037a0ee3767c,1,793
b44ea69600b94a3abb97e7a2,2275,8807447f26f77da88a37377fd212b7e545626837ce89e12d89da082c188c57df,1,794
53be87e388b380f94d60292a,5215,cdf5eedcfc76416b6320d0f918733c4ae67cf3f60df210987b73bd8a34015a6e,1,795
474f4c72f7d142239ef58fe2,7404,e30a2991ea08f711c76752ce7f942dce46d5b5ef54d1e88c822aea5d5c8ec3ea,1,796
2440c0f371f581cf66b0ccf8,1070,7244d1d063dc17dffb13890ba4bc194cc85a9dd92c0140d22885589be12753f8,1,797
b3b02aed91a886e0cde0ff7a,6292,f3dbb118c4f6c2f79662be308dbab13edd97fedbff55116c567d37ade15b26b9,1,798
d287a1248602198ecd8288d5,3018,af157130405ce09122daad1f60df5b3d521f90b892228ded6ffca889ed8ea2d2,1,799
4db0c9acbff4e8c318cf9100,12,5ff82b12cee0a58ea96bc6e8942413404a2bbb10778f5f8ecf86e56e24572e4f,1,800
10617d1bba39c7a816448d70,2668,5af0cda2160d16f2c5d516de0cc691188e67c983580e39a9c03395c6d465f622,1,801
e2e01f17419d33a58471c709,1825,83d17e076c4fc46dc708d99a44e017d8d9dbc0a3ed877dbfbac73d20c4da63ff,1,802
dcb5c4572187ff2735bd485d,7791,a4264cf30092fe6ba21de724a38b258b3a40f4206ec83005b6820793e94686fe,1,803
d6ec55ad36490c96bbe8c77b,5640,c1005722244ba136a867d61526468c98313d1a8a1c671365874c4f5672f60756,1,804
5debd6d3b11a48b2fd9e18ae,5710,60a747f3e64a6059aba1dbbd3d6d97fe4f7f64311f5af20b4ec4827907f401a5,1,805
4833614cc66dded02c4d46e7,6486,8320cc666c7a906f81e695b8b7998873596dc49667f3aa14cbe96914f2a34dc0,1,806
3c6ffaf3221a44acb01bc461,550,780c36ef39d1543b22b17a1ecdb224d1d523492d020020cb6c1faf8a843cc59a,1,807
586c2425368d475c32c93563,1724,0010b28673343c51ad4d495ba64bd3600e4be10becd7f2637288db722e5d47e0,1,808
3fcb96aba844d060913d53d6,6610,a53ce1e4fe9eea357c87e83c1ec1483ce6db10bfdb29550f8d446846084d98f6,1,809
112b480c2af0a20713279860,2452,f284a954c39b5d949e6a44053d8027a75cb7c2a1a56978f246bf977be77c33c4,1,810
418d29026f1c90f7781b5d46,5301,529435df78001d4899361d5ceaedd228f188c03fb7b28a91db1f5ba712e85e1a,1,811
ee6f64e3b01bdfd031af7e1b,2896,0624de1c2631486ea097fb848a782a46d2b978c2e730c76f8b3cd76a7362ce10,1,812
a4caa5ee51cf8612dc3291cf,3086,20d42e6500ce61e89cc54f692be8fc44b41a9376afd782474c66cf7aa3ffddda,1,813
3108d953959f99fdac926ba4,7231,0af0a925d15789eb3df9cf50bd7265395c0fa5ff9d52092e3400f88a415e7d04,1,814
f0bb011584eb8d8664a2cebb,6398,b6a99c0209e123d87627e79c2f6057b4715412ae18c329b09ff9cd43debf546a,1,815
7a792c064717af5d047866a6,7943,24141222c34dc78ee7d16e26572e13c02f406f8f9ff1beccf20ad4b7f0255768,1,816
915325a6b9b2d6731a41046a,1033,77f4399bd6ccbb91a5e0884c5146c8f3782136926ec8a8e02ca86593d0e2bfbc,1,817
d3a3d9d0f9d230336e51b33c,6873,d0a85aafd5818b7c542ec3910bddb968fe1f67ba74e9f3989550f70680b74c84,1,818
2357b7c81a34efaf8a94ab6a,773,6a8dba356e1b17bcda179fca11fefd97a68ab2d00e18c36b94f9edc8c8cd4e26,1,819
0d174d40a47f35d4e93247bb,4598,877f421b146e2e5d582537d44224545ea4a745bd1476374f63160a2d521e4f4e,1,820
99800d7f519f9e4999287312,2657,f3a8de535b552344c7f58d35854d2395993c4b2233e7921f6d3afebb26f3c451,1,821
d358e1b66a542fbc906d8d1e,742,93061ecdb5c17ca77a81d0ef2c53454f6026830f57fb8893d1f6b7595768e259,1,822
eabc59b3061ba047e76c7469,726,068dbd0f1b9316266c568fa706a00a837c8ed32f78801cd469fa5cf7f5577463,1,823
c97e5bad7bb79332b266b508,5800,31e9d95a922ec3c76502f16476ff4a0c4e0620c66e7cfe5dd2bd8a621445c124,1,824
6f6afe8ec4b6ec763d539a88,6245,2638a4f0ddb8bc7af55f10613192c70bf9f9823a57aad7a8e853799036236945,1,825
2501b219ac60121f1e17203b,6899,e33fbea47190d9fe06cb9f6f754bc0211110e1358f0b8982d3f78fcd3063454f,1,826
23d5f384ccbc6a1a998a1528,5811,3b141d235d3bee0f9264f1420c55c1f1bc4c37bbbf99ff1e3b732a13f94be770,1,827
7a5e2e504fc39f44e5176cb9,4976,9611923dc9ac99ac896af5f7aa29dfe50341d3d8cc0fa06e9472f143cb5a7115,1,828
e150efa074b9d616cba82475,5707,96232a5d0e5f598fbf220044a11974e81bcf4ff478448df88f8a712ecd737b26,1,829
76242dcecdd84771a4829a8e,6588,6a19ebad6667c0503c276189743a990d31e2b1a4dfbed96f8731741003198f1c,1,830
699b27531abbd5aa3d8b556a,128,44ccaf8e2a058a6dc7802925889c8af942817ee6496caa4671dfc8a8c6d9f193,1,831
b6c71d71919d1424b992c6fa,7678,865e4c19e2c3f106bc254090ba619a2c788ad930d3db9f9c1de644bcefbd3ea3,1,832
42475787779da01164230c2d,4690,0afd6f078ee6d0ad686291ae8dae7bb311a1bf0a4f8596ddcb553aff0682c4c9,1,833
b5cac7bb22bf71dd231a3ce6,6850,1d01a7538f31c0de5ace4321bc9385156223cd3ec6b3f54457312c92d73983dc,1,834
b1edd5d4d599cdf9f7b63314,2659,4d3cbd0f4b776abb1d3b89640385bab3580d352567e8de3c933ad5fb12182d42,1,835
824ff2fef9dcf594f9cb8f31,508,e3ec7c2a350c145d9ee367e29310e864b6a811f3a568e6ed39a63d10918f292e,1,836
eed8fe7bc4cc98ac69deb3ba,4147,c331819d4b15172ed9bc816f1b96c9b517dbedc058206eb3d47f0b68056b8b5a,1,837
e0045fce4115b1678db3fd02,2227,d1761f4490eb6db70be7d951ef4f17d46435c776b6920d024ae55c59398d9d9e,1,838
43d837bb10e3e26b4d238da8,901,5aaac3a1305726831c78de160d62ee467113375fc671d73730a61265ddd8ecbe,1,839
0609d363a150a1e49c3bb69c,4080,496deb92925af17f8d97f36638937fb3cc8821c6f0bdcdbf1de84d3f450aa7fb,1,840
7f7eb9264819dccf61cb3bab,4998,da555a8e302ed91381c50e446b7d72526c1e4e6ca111d94f7d39a96cbed576a7,1,841
667e5fd87c18b1397efd0519,3386,e5d6eae89a0ef32572037a3a5f1acff7a6214ebf01a766276377202e03d8dde1,1,842
09512eb4ebfff5e6b5c2a659,2858,bc1a43ce5e0866f819b2a122ee506057b1944dffcedce7cfa042075a417cb657,1,843
6f0ecd7aae9f8340cb743859,2547,f18f39cb34839899a4be76f1389251c2f918251b243afebf6c571ef9d91a0eed,1,844
77854261ab88a8c59bf7633c,6417,16a7747f0d97bf12a5a52c4bb5e136cdc73bfc24791cb7386c6721c515e6548b,1,845
cd0698a8a002241dc65ebc02,6301,8305f558a1ee06f9592ac5035b934ffe083e5f0433a06902703ea670031e6c89,1,846
88ccc3cc327bb7635ec52a53,3664,eab5e4ab4118792348f05d59592adfec61ea770a416897a83f15a0bc6b45d075,1,847
ede0c43e38741d5360723a26,83,787571355115cb658d891176c56696da5f8c37151141b5cc403361e437dd752b,1,848
9b94eb0870f9c5a23f665a8d,5875,5be74969657eb08b51e84dc2da6f07ce3bfa0342279fc2ab9a593c528d74be96,1,849
6ef54605079321c36a25aed7,3186,954e6ccde6aa686c1cacb95e457c3833d8bd22acb96150f1b013f8c47370afd9,1,850
bae80e31dc958b27cdde6b48,6382,334adc21aad1eb0f2322c4860427656319858af5e037052ef0b327ea0e7c0c75,1,851
50e47aa4d1c4df9debb3ceee,5903,b636562a33e9ae52200bc8550ff9220087e00199cc45221aabe45a369ac918b2,1,852
d782041d5a980a51131b6f29,1498,ad1621d890c118c45e7de4c00cf43cee0475052f6710a712894c5e94a134c58c,1,853
0194475bf7e27422658967b8,729,16b66fac2c6d681acf5e4c89c70e932baddf8aac01901b3a2e9cd50adeb9e215,1,854
7311b1e51fd444d8d9468b0c,949,3b920217b3b70f5e9a41b288fc8c37ebc8033ad91953ae28988181a5b17ebaea,1,855
59cf9fe051a901ae762b8bb0,93,53acf8eaed1d5d1b107167e4abb1ebea8d02e74cc7fd2c4fca26986fe2244acf,1,856
b89abd355cf261495396f897,3845,895dc0ef4d9823366899df1cff1d7555771783eb6ce839e68fb1e130a230b08f,1,857
ef857d12a03af5fa669c19ba,2059,05c95778e13a32f4e2054746c554aaabf46caf31c70d9dc6f27bf0ca05f92a69,1,858
a1de6117680d124dd5a23bb1,2337,d08f86af598b7869fe1935f0bd05b0ff4c4ac4847a17ad76eabfe883089a0619,1,859
87cd1dcddabd3dd79795f0a9,2122,339fe37ae58d5aa75f025edf80aa372ed72575fae25fd3a62ff57c4c5d6ed080,1,860
6b414f7573b68f02a0da49d3,5296,237aa7a8e58b5903d67e58f7e7af27a1e788066656ccf67a763a3d954d7577ed,1,861
cff64dbec62765ba91374aee,2966,5a1780e558959f3fe3a71cbbe209a8af289e70385df190d2853d0149956e75e7,1,862
f4d965b7f8cf03dba35222de,1288,834515d45b88bbf458859477b5e337759a148f39c58b0ac15f272d56aba3ec1f,1,863
a5776472407e7974b88a1879,6070,e3748c53c3727b6c0b0140952bec53a291f1c87d6f6efa77eeed61d3d3cc5ca6,1,864
14f2cb8f961e175adf469387,4548,53eaee7f47a13870bd405c4ceada54cbb595efef903b58ab64ae7214673696a9,1,865
151864fdb62acd3767eb2580,2477,406e224e8406b0b1513d4bda763f7716921acf07de34ed9ff79b0c4789b66b35,1,866
bcc0b22ba5367118e647d8bc,7288,da2b9b190fbd47bda6461d166a986ee01dd5da3b0367a20d081b2c418d2c445c,1,867
6dd5500e284fa4d09f7340bc,1064,7b2d521c4bf8aa4c4af1522150c0a2489df5ec94e0ba94d0e88f0a675711c90e,1,868
2210bd670a8dd778b6165a9d,7673,7f8727648cd59d662bc2241d62559c5ea8598119d6265c778c062749ae39c56b,1,869
382f5e0f9fd020127a887d66,1716,e9bbc5861c354a182eec0f2d03ca8fe23d0a6d9967989fcd8291321545606b65,1,870
722ad2fd1c16c5b6065257e4,3310,67bd7d37f51226cde52f31e78c005b90896dce9433dc00e7c01dcd107c7e558b,1,871
bc8c750e829adad254763406,4663,4a66cdad1cd67dec5bf3a730047e467bc65b2fd42b98973b8229d15a994d60b0,1,872
a844f6e2ef713b037c85cefa,1586,c3d089342ec78a79eb20f671d870f8ab75d8434cdb1096d87ca4e33ae62b9e40,1,873
6e563bd655e230cabe8e53b8,4902,bba45b91625275969db2439d3e44fb1e6d178a297a3673a18a673f33d2e10038,1,874
7a7cda6f460a35b168073ac7,7278,7425cd8a5d495e13142450de9ecea4d0bc488e933d0df933b38f983f26f1c59c,1,875
875a2c4dbcf0656e4b4bcfb3,6445,2d457cadca513560424acbd33e77c5854f50d7b6e200473329ee758cd3adfd83,1,876
826f8ac95fe6f3728a17a398,7253,f63cdcba7bf8b54256486003d2698c24ec91b2271c89c91dbc3add92714a8c18,1,877
ca6517399195c9b3f32752c2,5321,cb9bdc8c6891cdb5b89cf615813cc760642b1fa9467a3e9c62533f68f61e9b39,1,878
74ebb91a3c61d2762020aecc,2317,ab29aec55db48fc741845e87c2cdadf871a854456958e58369702f89f8ba4d63,1,879
98a0cf88350628b9dbb6ddd0,7435,589c23df620bb5d6b916df291d64bfb88fcf35f071924aefb6175a27e47cc803,1,880
9631365a61c0c045cbd2b98e,3218,ee00ad530cc58525b6706d122816d960cc6d1be9d523de7e78dda80c8f5b4212,1,881
a3e216f77a1336d3ab874ad4,4137,d2a1d12280d1dd4e5601f631f69048d55dbf82c9e4e300c4864d1382e7bad657,1,882
91a189d049fcba9ee4a595b6,2951,e44922794e7865920ddbc2c763e2fed8a1a62b3d474eaa05b3b8092cbf9fb27a,1,883
e4c3baab218a83a6c844bfb0,642,4b973cecec36a1cfd3462a4fec4e573565151118da5d304ebce391d1ff559f41,1,884
3c25273e7c186a64d166f13b,7966,cf51b473dfee0d3084e6680f9259b3b812b239a3f25ab0a8e986db72c91a38e1,1,885
e2420129a64a361ea20cbd0f,4876,82c2ea12c60ce101cd5c75d203d8b4a7909f9c9205be7cdd2cb7b9e633954e4b,1,886
f0d3324fc7e455cd502a7465,2740,10449e8fef56cd919de7e11413b3278f2a8bd3455e328f7df0de03b5c1e0c80a,1,887
34195be43d31b8ce32b5cbb3,5791,499f01b7f4e68228e3e59dd2ac459748dc5e6894dfa061344ef1bb6ed256f148,1,888
1fc1f922883656052b29d183,5189,c09a3e5bf1f9a6a1a842005ed8292c93582762b1fe64e4c4c329c5990e769b61,1,889
716fda408f1e2661b844394d,1798,71d8a82841d78322c43f95d6654de4b7b64d1d3380790f3c8e8ebf0aa5261893,1,890
e714ec1015fddc3d50e8366d,3103,0a8881f2bb72e97ab140e521a0e49fef4bf5947e71353c3e57d1a08c6bd62f83,1,891
357aad5180750a98a44e5047,2148,0a3e4cfdd10ab428bfe9774aee6c4cc93f73bd84d19144fc64e0c193813ddd39,1,892
42305e003b8356683d3535ce,2097,e9355865f7574e196b7b4a6e1b9fea00f16dd5be2f27df190a80f2d6d74d14ee,1,893
fd2f49abdd3150395d434cb8,6040,71f34a72f50c743eea4f1496592ead088a31025d6bed00b862e658c62b6457a8,1,894
c8dc76a369f61e990ecef2a6,4196,f7cba30875d886acaaac2fe7e88b80fcc1dc12870217c747437e9c07ae0a6d8f,1,895
22642046c2b537e675ac2a5d,4652,378bc0e6e2129929912b7fd44b8dfc48843bd90f29822de218415f8208348308,1,896
ff575a75295f3785485f3781,3062,bfa324078df4e13c136cb3eb27bcf0ca0ea07077041921d067b2d770575bb657,1,897
cf89550bc477dd33681f2f34,1832,70e1b978a8c046b04b3bd6e34a2ee6096cd8117fef22af47ca6cea48adcfd8ab,1,898
da7760f7a66d0b2c9b6648fc,4850,9e27015515516a5884094c8ed244878f2a36830be400106f650919273732e93b,1,899
52d2a64d72fe7239a05cd718,5551,bb7aaaf397493323f4c32ddfeb0eb9febde3e72df3ec022fde1c4f48fd10f87c,1,900
86b5ae6bff3ed7c7e4f5eca1,7035,ed02940c056b82d4abe298e84deb26c8291a26d91d6430d84692812d17a09f23,1,901
58d65c8e7c69b2abbd790481,577,197e6ccf9b7258ac6a9bd6e6a8766b39c4a69e7a65823e56a2eba9d3ca58bdcb,1,902
483dc5d47b5957cd4b226058,5254,5d00d3512b71a54a00ef138f1e594ddc34aab05d6ddb80867f9f04aba7add8f8,1,903
830f74dd12aeb5cea11e66c1,5684,b9232bdf8ad4188789bebef3ce509f257be2f82b1ed5a678fdd10467cd8083f2,1,904
8a9c091ebbf5cfab7fbea9ac,2596,cc0868c000df45bd3a3d49f8d91e74dd46ba5f1b040c4599d7985072ccbd6b43,1,905
f783f3827100865346258241,4649,ef1b5fbbcf642c5027440d955e41fbd0c2803c8cb8e49f89db6bcbd24c892d3a,1,906
845edb67324c4cf2d220de69,2625,39f3ed516eb54b9a470f99b13ec3033c91a71b898188838d1c9ac5ae9f32fab6,1,907
357028df4036ecc9213a83ea,366,2209acded9c9e66d247227766f20f50398f54dc4c637f8c849cb557af84554e3,1,908
cd48bad5acc2b224a12cc109,6839,0eee204494bd9960da29f7fcbf36b10f8fd39afc1c2705dfcb948a908760d8ba,1,909
9472c3b2a9335511861020cd,2726,56d18e8c95c1939489808ffdd600d13eb2a0680982a4efaab4afa0866bf4e0a4,1,910
75ec04dbd66b228870bc7de5,2448,37b5f5a1cb24df06cb26b2835219b0d22d0d639cd7ac302899a583d298b2feee,1,911
d2cc4f684b32afda5e3a3eab,7238,50bbe924dc69919dfe4ed809df38aa29e7b96bb2d7a5ef3598e17671456bf216,1,912
6d9a4ae496d32efcc5466028,1322,0508402b65f3c2ec11bf99fdeb42fbd4045cdcd8e392b453e9a73ac4f8879f3f,1,913
96a18fb197695c3bbbb6428a,4869,cae852be8d2596adf11fcdbd9be693c95cbb4d59cebeb21003954af6ae5a1866,1,914
784d5a9811e0be8d769e1ba9,2964,54c7c748d849a9830f9a392247bba1b0c8856df8cf4291cc8910ccd8bf67d867,1,915
c2af1c0bc852247bca88a1c5,6120,a7917a612342e894ba1e7b9710de648f1a5d7d08df3a46beb8a08e3a6d1e73e0,1,916
a738ce36f6da4b3cfac75428,4207,d52b71e65415b4fba6c3335c2adebf3ed108c40b099cfc87cc60e25b6f565b49,1,917
749e804eaea54439c1e2355f,209,ad05998cd5cf9e1f057e5c2f1c379a613b834df97a3dbc29e0bf2791a754c663,1,918
ebcbd39e689ff736e3c70d0e,170,5e8ba4128dcd4381013ce122944dea9d8e1c32a75592e99390cad3098445f473,1,919
97f5850bcf3a2ffc95932946,1758,03386b21d9f3a49fb5a6934e51148d825d715d3cc3eb632d116faefd5459b1ff,1,920
d5231e02af04f8f56a59bda8,6088,7550751f45a3626810152f333e4ccd84a477ae26a58a3c4af397ac8b4c3950c3,1,921
1ddcb45f255125e11cd407f9,4475,3335b10071a3646c28ab10e94724402f4a54520dbff214daf1baa01f5ab90307,1,922
90da05352a9634eb2926ab5f,7500,eae8de53631333a976498e33dc111b8cd0c9762ea17c5fbe64b23477feeabf8e,1,923
b2d13014f2dc2e00f83e198e,7333,e9600a2bdebd55baeaec6dae6e936fd374b82dd9edc0fc633ab56c98e1fd7ab7,1,924
b37e14045ca1baa9ab84afc7,1293,ffd01cbdd544906ad988fd858ea8adf4af186a12f00e56e891f333bc6e925451,1,925
165e53dc9d869cc1a1114bdd,3546,45aecbfd2076394b016c72e09189ab968f4a3fd9eeb2d570ed28d7940702c264,1,926
67dcf74a9694da9aa961ba5c,3868,81156bcd0c3b853c089219dbbd2ee6fa7f6a45ecb1dff8ae78bc6b74199c4962,1,927
01ba975e4accb0b78fee8e5a,7970,ad16d52832abce93dd243bbc7b72b7cee83b0002ae7cbaca7a51928b4fe52603,1,928
5c074bbf021134fe12e3dd27,6746,d35b8a8aa99218103e85e3d81dc66b98692a34acceb8f581d79ec777ee360c85,1,929
161691e57687bc971c58ea37,5841,7042b060974de249efa75c0d9095c7b461d2c70050a11938ad9e4a1cc77e0333,1,930
bae4d8a77c49d0155cd10b53,1177,d54013d868647ea82b09fa69b84dcb4ae3e5868b9e94ff787738da77f0c8cd89,1,931
eaf6ee7cc81b99cac7e54a86,3984,4db26b009a0fb46664ad5ff83d85a642b133d2e46276793b07714411fb389f0f,1,932
f1a430ede2deb0ea14e24e4e,6208,d8a324ec03fcb5a48832aa6eefd45f08f7f4de8cca5e3e60dfc8d9523c001111,1,933
d1190726923d0f623578d27b,1166,9efd555e79cc25d40dcd019b6d6ea56065613472bf720d7272f1c0184e151f7a,1,934
a7e272aeb0d997d95d7871e9,5617,ccb9ec06f8e9415edca226d4d42244d4a15d0cf44ebcea5603102f6aa5bfc1d1,1,935
99d9b7e7d69d092dfc61101b,4268,8834b641d1ab4557a6467d9901ee2ce92ae408333ce0bb1b6dcc4e6770e345d5,1,936
1b16c13b11a781699863b025,5011,bd166a8cd21f10ef3788ec2e47369c436cd446fc93bd0cac07c8f8dce7da54b2,1,937
3f711c90eaa3a2ed25024630,4875,96b0321ba72c4a425ddf51513b45c2d88f0f49ea3f45c60a5b0177b8374e062a,1,938
b5e5c8d420659bef28702870,6904,72c8b7e6404eac8b8496aeb1c7baa56d8dd0c6bda86a09cc8662dc3c558b2d91,1,939
ed2a518f08e002c6211b7190,979,e1cb90bd99049eb5852a2c27fbd47ecb28efcd7040361fea1c15215e37840e2f,1,940
ea845a26c00bd55262fd0739,239,9c2940ba6d6821447ad4c12ae88b40ef2e1ad28b52ffcddee3807c78bf9fca88,1,941
ed88cdcbeb422eb51ebf5d28,4959,dda6564192c9321c9b7b96e17208bc5004228ea21f0373d44c52aec822057632,1,942
8d3aec7b88daa6e7b1972f4e,2710,c6c84b71b6a3cfda9601b8232ac193deb6aa74a965296ae0ce0b41c1d3b4d516,1,943
8f2bc6884627ed459d820871,4423,ab553ed2f02b6ecf582399102920ac099fb2273360cf1d6a4bdd6d7540ed452a,1,944
56b2e3223cf9698545784567,5188,5bf34d54843498396f21cafa4718e2ef7e9b2120e771b0fae45c27aa63689a12,1,945
cbdf3a558fa4d9d75b2c3067,756,62ee8bc51eae52a3f40018dccebb9a64b04dde69c45c9104f6b17b9d5534de86,1,946
7667c4534478440e688423d9,789,68aa9a7ece6c6c1a0a5bfe1b50f27fe5d9bfcae1f7b185dfca562e1ffb825b66,1,947
fc27090d19e6b2874b1e5f24,1321,991b738dd6245a4ece0c4ca49ec55b428edf5e1402a598b78d150b1b07e6bd97,1,948
fa39a25302d539b6a56c95c5,4431,c04a1a02ff5348beebc1f2326eecb4c9bdad62d17845d1c8bc66c0207729c75b,1,949
b41a5b96eefe24d560bde79d,1454,3a2001a7b67a0f520151871ba4ad3fa408fe237aeefbcbba0452d48fc04270a0,1,950
acb9211831addf1d891c6fac,586,8d69a02283a457aa9f86c550c6fdfb536f2141b936d30f4bc14b8ab3092636a0,1,951
76845f2c662782c13538ccf8,3681,7c35c68caebb00d4e43e97d15e8b97b3a580d19cb4f45346e0e5e350c46ec38c,1,952
605ad233db687121056824da,3271,d1935a295dd227036ab1d75e08214df8ccd4d8b81b150f2495a21c94fc390e6d,1,953
5b9e45597792e19f9f89bb56,66,f11180577abfe9942a015b809d99074cd131fea3ff53a0b32b9b11e4372139d7,1,954
f19068cc064199ad22224cc9,6046,41400057ce9a0f3d7b01bd568bc0c8683a64b9ab95a63925a8033e6bf9d8f4a0,1,955
655d8bb29fb8b9a00216d9bf,1313,a2c2b3b15358d18a456644368cbd4411f0c6c5297e0406e679eb4681acf95b79,1,956
f8d8f68dfcde3d8bb82d437b,3210,6515649d26b9e879c59c38cb6af8ce8a1008c6d79a162802370dfb7e60ddf130,1,957
9367046f04d6e5e264999939,928,2f2cd736b986fe70bc3b46dc76356a41d3e0d5569261212f1da567062c8d3c69,1,958
26bf8c2155908ac954b94149,29,361bece227677627914702b0afa5d3aae7cf4b20ee3edcc821ef6e9fce831854,1,959
f0f2b17454c74b82f2a51af3,2152,4b6b20a406b414dacd785923633688092a5225be54b36fbf229f6f3c53ffe72f,1,960
c1481f9fcd4c4535151d7c01,2206,6d81ed5bdeb0914709d548360dbf0253080bdde7fcad3242509fadf2400c3b9d,1,961
f667e8f65d21e5589876f8e2,661,c9aa623c42275ea7e4ee7d1758242e8dbf28fb4c59c46462e3a930aa702b7440,1,962
cda455653473797973cedf85,2400,8291227f55a0710a0f542bee9b29b07b0e42a15fde98fce2d749d330c3d07e9b,1,963
111eecebd70e2158407f2263,5282,000788d34c3a1a7f83d9a1a1a1b1f02faf5571c71f886b8e4aa0763ffc81fe64,1,964
1e8969686dfeea69ae193a43,562,d8e0f9c9362fb3cfb5a802aeb95c79665923783ac9d520e05c4cc818918d4d93,1,965
c2af551b02368e4492485f1d,6846,a9a79168d514ce53cd74dba44789420fde00457a8bae4c3f8faa3c74dcaf3708,1,966
9cca86ce53806ef9c4b87824,6410,9f2735b88df4dea68c97d43bd2164e736c3f0defec2b2ffe6b772687662abcd1,1,967
543304ce82df511cb45e483c,3999,e2268136a11691cb44e921efabda0ccab82d891ed17c5ff04480e095094e6041,1,968
5fcfad3d3c696837b1b052d8,943,d5800fb81be3bda78ecebe38a8605f263247e0080d96c2f542e66a5219348565,1,969
82095b5b1d78e7a62692bd5d,7760,eba0277d72284543adc17d0c99cc9d5c8742f1b3a5d75ddcab8890f7aeea5dc2,1,970
ca88f016517b5b126fbea947,1734,303c3bbb1a0494188f77b80a914935f871937266a2117b13eb1242773c13ab77,1,971
497fbf8341e8deb9e1ee69b8,4201,d355f05915319b0df30875cd03de47dc8b99680d34fcafc62f790727c62b8057,1,972
84bbe71413321859b8200fd7,4566,3ed2a6434154f198b2d444c5377a0f59a4dcf414656a2084458219318580038d,1,973
575468fc6f0536c44ff9acf0,6014,5814c61bcd73b19a9b32244d4ad81628a7f522b7b1b9a779180126d4268ddd45,1,974
254422d977a5c62d473bd6e3,1418,5867fb54585c75a0fcae6c0233d267e036c58cbf6ef0b47836a1587aa3d7e74f,1,975
d2792e8119f9f9f7f1255356,4737,f733a3c088d54e89e92c6a972b38554aa4c26058cbbd135c54409ca6040b8b6a,1,976
b2fefb80db9a7342c2c2c382,1102,8444a17f5804d1c1d36ed03b3e86d3dac72e3d1430915a2a407ebbde0e3cfa43,1,977
45af9f685dcbe51dcfdc25a9,2894,eaec1241cf9528920b3850788156c01fc3e4380e0d6f0d1d168c8670517abc66,1,978
58adc431eed9df7ca4191b42,6069,f2f4e3f8b57b4b2173cebd2fddfe65644d8936ac56eb89746279a3da6494b0af,1,979
c0e686f823c241d2de1e00d0,2514,e047600f7e16c8314cc006b214f51e205a3918a165517aee1e2baa4c2da55339,1,980
33fce252ac7c6a40574c03a8,7611,66c1a9fc00d4570999f60773bd20c966eab292fa879b11d1e5798883034206d2,1,981
6998d13bd9237e9c916cfadc,7460,90412f1a246ceca00687ede4bb9bae48a9622ba6bf40b896d048cb9f2fb0a2ca,1,982
b4ea13eea6c9a731920194d3,5422,2930f5b9115b07351ded0fbfca71e47abaf5d74919a1bf12089a33ef8eda4495,1,983
bf4ba83450c2037f23829d36,6519,9abcc66a34f676e7636f9822986f6095ce4c0f99a8420510b847137e98e138e5,1,984
2f81411e438e96ca66dc72d1,6936,103f02f1320acccb222c673bd144c64d84c14006509b39ea8d70d450b438a09e,1,985
4e10f8424cff15455d05fc9b,3453,cccf4aa07d0f3124aaed278d31a926ab027e1df19d79503f0c0e24763258aff2,1,986
a649409d844c24f0c59b7c4b,3371,b50001b07d430729d294bb078beb45dd905dea9973c5325978fee1f235929205,1,987
ac8ae8d7c73490e3b2de0148,4608,cc94a6baf6003e1bc8a80341959274aaf19d2d21e9c075fa892769f1d11b0c46,1,988
f31a8915820416f9ae9e4307,2401,d5a0b79115b5f38900045fc34f1701c1e98345cb2d769b067959302ddbea3e48,1,989
525080b287c910e1d2187a0b,592,6f9b6212321ee60792b069822c727d2b9a10541a71e944a62fd8a9c733abbba6,1,990
93cf41ab5d6a3e5acd31f53f,1899,a1bda646429946c9e925a99f206d89bbf5b82717af33996ab28b38435b98574f,1,991
1110825a0981d2af07cd8e7e,7108,a51c48db7e3679206aa1bea931ed08684a319213384ac8d0f68f64927b8ba4ed,1,992
3dc8dd911f38cf1c0ed2d1fc,5946,ae94081af0c2fdb3c8b1f8f466795da0a34067b5bb99d1b09a995af20b711a99,1,993
64770b09b0d3aec555b5cdb5,7107,f5b248f400a8a779ca8eb8edf4ffe29383c92c12744d38b77ba191460a1d1dd8,1,994
da16e6c93a1e3beddc358e2a,180,0cdf83127448655e23da1c98680aebc3864f277f693c29b66f82b2d080999319,1,995
dca4ab50fd86592a9a3c58b3,1351,c4c86da23c23ad69e06484a795a6202c91fcf1383b3683213c00670e8fc257d6,1,996
bf2eee7776c622920c0becf7,102,0be28ed846870d1c5240f2a5e1b1450666ac42aaa7c9b902cd11e1c29e865ea9,1,997
ee6bb0bbce777754a288710d,5260,dfd04832938356bffb6aaeb1a41fdfaa586e4095ae858116d0d00224b9c121f6,1,998
b27f5a0c7560301a985d4e74,7325,64139a3aa14193841aefb40a83afc4acc5a3c9332697d50a1ad5de5a054880ff,1,999
9ff865e3a5b7ba61457ae570,3553,f14b1bc25d78333c8ada84884193ca576801c1a30644535df6a5e5b701aba12c,1,1000
877d9cb71c67737481492c28,4535,c14ee25085ca4a69b77247135b5b483e1692856d3db31bd320160bfcce417ae2,1,1001
3f1c75eb8b6ad4c95cd913e3,2280,c4b6c72e7f61aaa319b0eeab901f6ebc72617ce6bb98983c20e96ebe808e2fac,1,1002
fb9f6230d71e97a52919da99,1973,965a5fee1381332feb67d3597cf4ab827ad147e96fdc75dfb9da98db533cc952,1,1003
c29ba10f7e8fa0d10f2bc4cc,4440,46d578e620df47961938421e5826e97f58f236cd623bab05a87f88a255afe772,1,1004
24bcc72b759334465064b62a,2015,3ade38b82f63d39ba6d74a2e55ffe31fe520c468d34e5bba0265af6ac0e89ea7,1,1005
4cc4bed3c0a10a9905ffc0b8,1835,cfb7d0cc39a4f5a97c0d69476747cbe2e4f3a613e0c285cf82c945f4db1359db,1,1006
5ad84a226f67ca7cd1d67b3f,7315,986cea9873ea987bc56ad9323f6720383a92d25b79816766a0d933b39f8ca026,1,1007
f38a15d76f9beffcb24ac8fa,6741,86041a8887d8d5528ce7d35f955e8d7d0f73485a84adef6c3d9577572f893084,1,1008
bb83a1b0344f4cd064377ce9,5796,c78cabfbc8f4c5eaf1ad14118ccff0c624f8f2567067ce4222c2c8207fa43a85,1,1009
df3d50e245a394edc27807e1,1196,9ddf39db680d33ebebd1ceacc3f7f5e2d25dca50a599bbf557d3c7f16f7fcf70,1,1010
b1340ee2138b4ccc2f8b0783,2774,219a97265a18b3679abbe044f436fdbe0e4acb3347ce502becbabaa3ed07e508,1,1011
c62d3e30a8a7d26713089115,7346,0198298cff8ba248c945e59be10413a6c5b3ffd0db4182fbceb56856442d5cd0,1,1012
cd601f20ea158d2814f31676,1699,cff56f0d94252c4f1d248c14520525d73c026ff8e3758ec4a8772e26156be21c,1,1013
1cad857e7b2b0d67acff6b59,3458,f64955aa43b838d6f02f523f171b032e97096cd0b628cd2a4cebd0410549b693,1,1014
666ee63899e46f191edab29c,7207,9babcd0a65183e9e78d46c1e0e889bb26745af1d267630d550e8c254017591bb,1,1015
1a75de868ab5ab3fb0b35596,2958,f0da29e753b302cfaa160f95c6badc64c9ca622227560e82d7b4577057452dae,1,1016
6531c3e0584338765bdec811,2859,e613844f42a2521a873dea1ab44d289692c136977cd5b6cb033138870607867d,1,1017
ecad63fab9d432017f73c07f,3702,3a884426799ca0f5983f1b7f82f94e31b2051207c996ceed839c8d5eb43d2b3f,1,1018
edb86dbf14f8b862d2c29161,2445,defd32c2885c59586258793de2329c057427bc98dfc4cc29a9cf961ecbcb509d,1,1019
1127c448cb48a695262fe065,1901,8356d64f7e93ba0af5a3c2831c0d29e419a5068ed9af0d1e8af8ea9b3de20d88,1,1020
48627161b8e8023b4fdc07cd,7480,e14d7374fa5d6da6486c9ea2137604dd6629088d4816d81b72247d5613a6b310,1,1021
bfeeefb5e936a53c55ec4fea,5166,cdcf99d39827f4ab042dbcb8f2898dbd6965cb5798d2fea94fc83c3cebb64891,1,1022
3288f6e33eb86ec91aacbe48,1277,603c86709498d0f9b03ccb929b3e9b4d5e0b7f20e236b5169720870dd1ad84a4,1,1023
a816512de73ee4b0324c2e52,1489,aebac633c9f0361a3405e1b182221f02b6680ebcb6db259ba39bb3281fa55703,1,1024
96794103a437c3951af0c533,7602,5fab7fc4923d083d71b0843d3171be98bf4544e00466758b263750bcb3cc15ff,1,1025
41a9bd4d514a8d8f3d32f9ad,803,e37c69985e0208d55b22c57ac1f9556c8fc36129f98c2253edcc66a22d5b4fde,1,1026
2518628d9e2df3c75e06b055,219,a6f58df318b64a037d21fa5ed294ac5e04726de1c944b4b9c46ac62e325c10ca,1,1027
1d085e6922350bf113ec818c,7181,2b52ead008cdcc68b1d68a1e553fce8cd0eab2e80221588d05805ab908829394,1,1028
4e7c2437f91217355d987f0a,1094,fb79184923975f9b23f93aa9a65fdd3f005031fe762499cc6d42d1afbf3e3625,1,1029
9d6ceba3c6b1022b129443e2,6711,f382eb136c01eb7a5f20c7f31c1b57f213a2fa595b4755fe1f62f2cdf08ebe65,1,1030
24bb93a97616081ef6a5e99f,56,b3e1b6b33d03fff26b16ce0d007580f6f4d71a55ed655293b0ffc5217973b59e,1,1031
135b41db8768a052e4a6bd39,7408,c2d77518d9172cafdf52e19a14f2c6f3dd55924f187a2c4ceb56f77ea05cab66,1,1032
4b902733e9344684a475db41,6316,792694e4dcd00c73b76c0bb5488063ffa79bc2d15197fafd529dcf0c46e61c54,1,1033
5c15661009115745b84185e7,7302,22cb07c7fe436e7de05e3aaabc1c445377309314daa568304a4c19f02e1bf7c7,1,1034
456907d0e6f1c31e9c0e70ca,3794,885f4adf1a3dac53a19fcbd176a15b00fdd020529267e269f4d2a940f5687344,1,1035
73941ca92df82e0538fd3ab6,4846,2a7ff248469d27b90df6599b3aefaaa92bd79a8f2ea44be187c430e9cd5ab192,1,1036
d7188fe00628888a61c0f939,3703,1aa2bfc675cc9b529cbcc7370d06a597461e2a73418a2ec1d9e5ff468cc32cbb,1,1037
e202c82762dfccb5ce159498,3215,7a06d648daec30bcfc060a9bd0fc5fb708d2e5854712b30cd8d0fd5fea878edf,1,1038
9a3d0f2c09418b41c5f69778,2289,d93db6fb490653834de5a224d6fde68c8c75f16b4f28cf52f4fd0b51bfe34022,1,1039
fd423a356a1f8fd448c358f0,3752,3c454630c2c3f697fcc722931484df4981c7340a0f8308e373280127abcc03fe,1,1040
a87b6353a8c6f9d92a6eaddc,4741,b534b76c2a86956197734740c002d1002bda0b00b7546e208c191ccd5f59b74a,1,1041
f5224252fb1be3e49f04df22,2297,54e2fc01988da88ed63889dec149bec2a4edbec39bb79478ea41e9d89d446e4f,1,1042
4fde1d1cf8d8008dacbfed36,1777,d2c1a3b50894e3b36f44b79d5defeb6211b109c3e55ee32031a6c32234aea030,1,1043
7bfa80cc9343e0d32516e325,5042,c7274743b0e9355b8fee678968a8fbfbfd4eab87e4812dcd615465bea2cec293,1,1044
c7cf6ca5213892c87bd72c3c,731,076d538e3f4d58b91c0c36aab2dba584f7d854b49b6f02311a6454d9a62058d6,1,1045
ff42797243eabf6cd0a6379b,2716,628f96443d03a0ddbf0c283e44ba4a9b3ad1f1ef463cd059f21af4e4117f6f18,1,1046
8f0b46a9e89bdff4b8260fe3,4730,aca2ed50b7b54a09aae88261feb0cd99a1d0671c24bc9d00465cced83cc2f071,1,1047
fea43264edf053ca24c654b3,6307,a196b993ee1ccc6b68834628289ae1b1f4f7d8d11b9faa09c6c9bf90b2f4cc20,1,1048
62441b4ec1daa4c1f591c4d9,4299,6398c372016f9cb4d85016e1684b6c20b974dcc6878714f8cc1de2c7281a0bb2,1,1049
f3f3b4a8e2412bc953f5d5d6,5653,9c2cb24ffeb00d69633391a648ad4ab504710e3ef1ed08c198e5b85e7696ed03,1,1050
6974dc100f1a2c4d0ee5352c,5277,add30271f0fa32a4dde87552b0e02fe31ea43d086bd36b276b38bfdef58fc743,1,1051
3e9eaa931b43f902d38f0643,4795,996772de66624f68caea698aee73f771a7052e50bbe5f36fb469c209b9adf55b,1,1052
b60b53c2fe5eaa02747ee5cc,3411,1cad2efdc716bd373052ff871bd508c23e291bb95a2b78f7a286ad73931f4d9d,1,1053
a2ff4951ea3ae515a809abc6,2014,9b20c899ce92338df4216dd6748be558fcc363f94ac1228c2dfeaefa063f60a7,1,1054
02c041f56302fae782351d9d,2410,73cdebee7f177d18b7423b6a0f1627b56667326c72c6f66c089d464425a5710e,1,1055
5b85f61926a58c5e50c8c332,4291,36237211efa327a12f8776fa997d2ebd73c42d920272e0e4de052ff243dec0db,1,1056
7649158c80cbe8d95d0af098,3303,2562d6291d56a99e973be5a25eb4d7aabfff7c12e2e3e901e3b9c2b536fc25e4,1,1057
edfb0607baed17441e2e0afd,5834,ebb940f6f241712b5a8d703d660a867039b7a7764fc0784013dc49c9c2b6a6ec,1,1058
ed133253427ec1a8d2d56e54,49,6c3a5429ff6716c4f3cfce790d7593ce0d248314d31d4927f016bed8d601de7f,1,1059
65bfbe456128471db648d666,1879,91b94660bdedebe9c075d23fade37aeb3676b8fc4e0ede3c924697fed1575e48,1,1060
6d19d5abb1ec4b7fee02163e,1281,8ada0761cb3194ee81971a33a0479997ac28a56fef11557e2ca9aae8fa0f73df,1,1061
6ce66dd682f5995e1a708b99,19,a8ebff1a8df942211aacffbe6e87c1abbde9a11e9b78334b2856e5a390575f1a,1,1062
65a487cd29186be9b231f633,3425,a63d533c7fe22c36d1e5b1ccf7bb34d20185dc328861aa1bdc6b694d9d876a3b,1,1063
b1bd0e89f49a01934476a021,7444,eb890c5f41acf61e05b430d975d3e2deec066419668326594a96398d6a4dd6c9,1,1064
