row_id,_source_row,_text_hash,label,bank_class_position
0acd119d26c6ff20aaa8ed7c,2131,a8c6cb389603517ea854807f0534bfbe41f479514408e23557cf68e8a4e6f5d8,0,0
4654de8ba20e7264217d0d33,3367,bf47b40ed08a2dd438a5753c0f9a046ec0c096e85ad0012be214d3bc7391dcc6,0,1
cce4a96f3538590b9a6b6eeb,3929,21cbab99478a87ea30c9670f75ad829015d78276b929b78eb5f566e4411d3e88,0,2
81c646703db3242fa8e3e223,8949,f8f64f6fe308f94d6b0e60c2983691dc509dc912a422a3b207e84d85e05b5039,0,3
112043b432eeb5b0cdb0d5dc,5568,4800dbc4b2a1ce85ff7b5b8ad0c79892c381b990d120cfc5ba1acb6ab2f90fd6,0,4
188691dfad81e4d2ef86131c,224,4c5975a8465b7914790a141e24381178ac8e30b6bf6e8581504165d8e8e67cb3,0,5
703b3ca7c4b2eefb684461b0,11063,9de8679cc644b5e2332322b07a82c425311d02e464630723a14450e6eb9ac5ba,0,6
1829068427ad6921930d877f,3724,c841b25e701c0691ff529b415340c3669a8f2dcc843c7eef7d00b7cab07bd30f,0,7
278981755cb0f240bab74cb5,5859,badb83c82bea113dd9a95c518e682a174b7442e18b3a6d2d207ddd1bd3f23688,0,8
c57745f0f404e39e1953c2af,317,5871fca5f541a63b3d25269df61653b661319d7deb5873edd01f97c0a35eb1d8,0,9
be741e921e4bdbd5ff50c20f,2556,ce1a6e4d9b8c62b29934fc5eac3d1436479e0c1022b3a95568ac4bb3cac8af95,0,10
df61e1332c930a90bbd99661,2427,2c701215d7e4424238b8adc9376eb098413316e752ec2e17a8dc9d4f8dec8fc3,0,11
b428f958dcc142cda41da8d1,4899,7bc8553a3c7d61b3dd9898ec7c85c22634b2863b9ee21f3e6946c6cd472b08f1,0,12
b8135f3d7363bcc347e0e531,9870,ee5755d723f9fc8951a8e6116eff3eca0e7fd978bfdf0528a925b55019ef72a3,0,13
de44f0b2433b80620d12df90,344,2ac59e626cc6ae1c06511eb3bdf7cd2e270eacd3152ac575dd6dd5ddd6e24899,0,14
547a7c5c57a56ea0ceb6beda,8556,5912979fb04fea04440bb77139ebca1d3d86fb5a99de5812003f1b73d9b702b7,0,15
ff470bc88554e05937cdbf09,17,016ab996e364439dc9cf8f640da031e5114565e5f2dc0e2fd19accbe2f7e5859,0,16
620da3e781ee0afcde918b05,9883,4e4d9b593f55740cda1740a1123572091534f55004789ee3018a959d20380c2d,0,17
028e3e43796a321f039bee3c,8704,b91685227ebe1403344cd29747d6ea62d7c096243b928bb3487da66853580e24,0,18
88286fd398cb4c2464ea6c1f,7529,0ced60018244763258fc253168b32be2270bcd25ac27bc66ca8f154c0dc9ba0e,0,19
e2d261d6ae970b1eabdf2617,9063,960fdba57799098ed71fb542109ef4e7c5f8ff7c673ce3528c692dfd6f6e098b,0,20
ea916ed17c765800cc67a644,382,7123b6e1416ec8cb7336cb15bc2dcf91f534c2cef6b9ab1fedbb515e0fa665eb,0,21
385fd10f1a0743eec71a5eec,4723,e2591b4e8800143c7153858da1ddfd522934a56959a8c50911261a012bcd5e05,0,22
27717d3858ffb253b1b772f6,5911,126f1831dbe27c6853c0b09ab7a16298c28c6dfe8e02d1e5487b3b2e3cbca802,0,23
e77f3739cba1fa1f5dc54825,3289,b5c0b63edfd3d814366a905b0189d1b80e2bfedac9cb6061ebd2d06c297eae59,0,24
d22d59344b16e0dcf48a2f70,50,d9a02de3581532c243c715d0bdf2d7b71f5292aed2291900faf467663a75aaf8,0,25
e25bd969ad83274ed247e054,676,f30e249427c8e844df775bf53f7770db53338baf7b66aff93b39da0a2dbd7739,0,26
17a76f0eec4e48e217660afb,2187,781618cad36d63346652f3bff167adb5e1303672771cfee0c3cc1760e3cd57e8,0,27
e695638b6f80ffe5e88241e3,4923,31a17c783a13a68076947666a2f42ee59c155d24a3ed28a97dc6ae963fdaa523,0,28
cde6c3a5e3511e69c0175dfc,6912,da7b697cdb400c46ad6568ab834cf32276fad78d8f3d5f905abf4d31243cee4d,0,29
ec5020159c8b037d466553f0,7159,1f39b0bcef44fb4ac82d1ea0d99fa34bd0112aa21acb76fae438054b78ce2d82,0,30
fcd90bbd264dceb876d827bc,2873,438971f91ef5bbdce4c131b717b08ad07359feb9149d7f05799ab24790b34052,0,31
5b0bff32b25ea5020d645458,6971,6db1eba19ec2ad2596a866cbc973cfae6cf8a52bff6a745c476e3767010a4385,0,32
5a48ca36d307a8343f8e5822,7383,18a7de2ad01968e7be5e54744b95a59d9b61a0b81d6b7060aa537d6a14394efe,0,33
914057ca301a46c0c1df330a,4631,9f89643ba330a7c81e2337505db5449b18a620a0d4a383aa80d206989c81c1bf,0,34
e3afb46ae21eff5d22061313,7510,00839e4c6f545226b5ddbb32a57e5120692808db6d30c6d42e338f7f8e60e7a7,0,35
89837899f94aee246be57950,1815,9c0082daf2b9335a7a49f9b9866ae6835c79c3c9f5972557924e3e2ab752e19a,0,36
d9b6969abb3bf7dbce057e09,9241,950b601075a9fc1425fed51b86f55e90f0cc8a46374f9a794671f2f1df77ee46,0,37
22ca5b011edd138c3e018efd,8085,afcf9b03a655e48c6db211652f6c7a72c04f7506ddca43d9be3ef72c6fb69607,0,38
246fc0147b554524b387f83a,7747,3a7d7297b3f97e9b6fff6bbdd266d22b40082c29766f242f9b776dbae83445b5,0,39
7ee4cb0a6f6df957ee1feca9,8324,13472ff1012933f117bd97b59004c48e8884d364bd601d7ebf94813868af5fbb,0,40
77d2821da5aa275155f8ef5b,896,399f644bc3b4d878adfb6188c7e3c7a7bd581e6479c7b514ceb223fdd724f5ea,0,41
bf0f771da8366498baea2c42,2574,57035e3a1e3e982bbe9106eaedb739c7ef268954fe611412b920f35f1e2b4d30,0,42
82c9862063cbc26fcb2b3130,4227,ebde01945dbf81196c702b6fad8be8a2754c6fc664ddbc2b58403f0b307afab5,0,43
9cfcb47dd44c344454f0fff3,10731,75fc14306c057557420b2ad2220d8f478d91a3d1a44b0e5c1960b85d09dadcd9,0,44
ab54dcfed0abe6bd586f6c5f,9897,eef88db11c015d18928cb61ba83ea865e3c9412753499097fc800b195914b3c8,0,45
3e07ecd0aeebfe1456db6758,7567,6846e1938a697902c96a67352ab705563c45b665d81c7c631c1af1544f373800,0,46
4305183535961cf3e5104366,5152,e9f718149bc2596a893dc4a824c1177fe06ab404b6238413dd7a4ea204ffb7cf,0,47
8ed82cac95221a556260c93c,2800,4e21e85d757e5ebf43cd84631d88eef67b3c2e6392149fd8fafc607587cdf886,0,48
ad0da52259d45fb23bc40160,10634,42b5a01831b29dd2f8e6ad81a67f2944ef6b389d43db6bd253279b6eea2b68cd,0,49
a5e44980123511792106e579,3971,b2bf29c2a893328bdffd6371258ed2f3083afaa49473daed5053ab99a528812a,0,50
23338ce3390fa9b2c00d0b70,9639,655ab5a8f6cfefc96ab6bc7e87a58139e86fc65474b4e80c7797423bbd29b75a,0,51
9d6f6e4a6e78698caad0de8d,8257,2648de8af3187fd7fb67adae1aa62ef8bb2d30a7f6386fa2ff53d30742d6e926,0,52
c69e39e0ddd5061cae47d232,3594,3dc6b2801807eb635f776acc8d10eade7bc91ac4b415e93590b0681eff02d04e,0,53
a121697daa6ece3cea33deae,10693,269d8ae6e423b55df0f82fbc8e9739588774cb85ee4becaecca5c85ec66fac6c,0,54
76977918399d1e6320352966,8621,c6e71049c229c81ffdd50c9083cc9845260c4c587215a5b56c19f1265c00c1c4,0,55
a06f9bd44160aa97f6e87377,5978,58502cec77bd89fcee1ff9a5ae4c05368bf845dc7b71a69e020d6c17d89e3f3d,0,56
bb8b0433b19248ae34f8de6b,3344,092619404a8eeb9fc53686672fea45afb3c956adfe5131b75d50699ef2d6e797,0,57
04ea897ecdfa455d0e28efb4,11135,70ef4b903dba0f71ad2d2ae901f687952444cce72f3c3c380a5d1228f102cd8d,0,58
3150cdfc1c2db3a444740355,2552,3d325df14c84f5961c73d13eae4eaad151d4fd2348856a02c3202311f7ccf224,0,59
e43da2a3a0291ffa470041e9,9024,1320e21a7ed0bb0ce330558effa25385d9aafcc20120136e44e8644038e3d251,0,60
9c8d79b02133448aac149b44,2110,022fdb28740a5326d30b1c88ffb6e75a15752d544693f04424c4f8c0b42b7a15,0,61
f15008c98daf98d1be144cba,8341,567b98bd8274f26c8fb87d7c0854a25f887c4a980edd89c7588283dcd315e351,0,62
a0350d7c73484d1ba05643ae,4662,658d908b87415afc1936127a8e61af4e100c59bab0e611ad0312f9a673b90a92,0,63
43c6d4f89e8a5a05c824931e,8138,fb9dbcf8fea72125fb21269c261e31870186a9090a9afec62b98be6a0cffc6a1,0,64
c78223ea0a0ed36943c9a78d,6885,c87095c79bbe65c09940fa4e711e340cf2e2189dafa1c7740114a0d2ec65a569,0,65
df1687085681b01886f54740,914,212bf40924e5da75eee8e275a1499bb6baaa8021e0c927688fb1980b79aa53e1,0,66
f402968b9c4b5dd247df0761,2238,80c4e510c66b8a3b88589510cf48ca099b989fe02145eeee59ed5a914913b315,0,67
3481d1169b90261abf383102,6764,866cb28d43752c6b5b681c17f1a0337c67933f00b971708d598088b33c77195e,0,68
a2ea257da16370c5db217504,4256,1c1111185e3a7cabfc1eee312e1c5176f0781921ac2da340b7d3dafbbad2adcb,0,69
1d0d99eb85293064608cc979,10498,9cbe7c02cf42e231a6a475cefede85b91ddd112061c367f7422a3ca75869f101,0,70
d78c2e2700d462ba7fae4bd3,8404,f3cd7cd864ade8817eb2b3909da75ca657e0e23b82bb9274c69bb520503171d0,0,71
062d6c24f36dd5561f20c1c6,1304,c2e56525b7b8af829bd2d0ece2574b5fc7c09034233d8f7180a0bcbde48315f2,0,72
d17097ea9920e47a8fc4cf2e,5266,5f79ce82318a49db6f7955ed585bfb1e757a6a719cabaa09d0c51dcd6ea8a90b,0,73
64283ff1309f08df8df950c3,5167,f890b2470b02d669651120a20fd166b61be849542fd7bf90fccb6f53f3bab8d5,0,74
837d589187541cd95437eecb,1661,de4f09c3fc0d7c2b1e1751146276e9e2a49f288899ddbb0acc69be8ff959b197,0,75
c66aa3d7b7c99e44c8c2913a,2038,68c912bfcfafb7a5ab57a8950dfb73dcff1f51a39652f4b351f5dd1a5f455c73,0,76
67d23c3e3947a92b30e0e0fb,4865,9693fc4084812056633ab043c53bed78d3f2b91864a196bc1e86f568ebbc773f,0,77
c83447aa1e64a6ebc9286abb,9996,e61f7037596f19426761491356e0ae4228ad4bf86a601290b90063f65e795eac,0,78
412d0034c4700b89dd4e1d8f,5496,083ae09bc03c89398375793a496b3e152dae469acc4ecaafe4124558acc6915b,0,79
dd636408c89296bdf0936db0,2516,e72c413a5caa0dd43f39254113c5339bf2b6067af4fd88ae15ed8d93944d6da1,0,80
b3923cf321f2d488f8165917,1216,88a5a928f52150264a93e28e79a1bbf2cac1851f430c5a92373148e762b1c510,0,81
77cbe4dd2430c657307454fb,4121,713e1fd77f936c1b742f35aa3c338f155d98c91e82910434a73b030b77db1a6a,0,82
dc627eda47ba30e0873534f2,3030,6ece09e755f5471c64bb5631b0892e78d01d92aef4eee0b12c6fef7d3aa91a14,0,83
5696020e5886e1f70c47cef7,7938,203b0fda825cf834e5f2ef9f1136bbceb4925efbc939d9234b5fb0260549c836,0,84
1f1304fe897bf9416d8f17d9,9007,54ccddf3063054bc64b7048b8b40ddd102b78500bd0c5dc0ee041eb8d7d8c493,0,85
7567063c0eba6f018b74738d,5956,af4778d1093887845ff3a250b7ee5317730aed2424c69643c2a347eac8074318,0,86
4a8fe5500a2bf7db42eec7e4,7608,e6a68d029dfe422e6fd86427bd76c75401c234766255b7acc93922f3d32ccbf4,0,87
4763d42b4016e8a18c1390e0,1934,ed9cbd84957a432a98f273b37dfe1cac24dfe6545608a3d4370055035d86603c,0,88
437f66a39adb9414b6514569,2830,c423d5f3e10471be4b0e08ecc75a59cbf4b28031e4b2926bedd06f3b7df65f3a,0,89
97c11eea3857e5e631b30d90,2565,3bc361a93a37ef1fc01b9f935ebf55bd8034cb60da8b3a83c27e62900c9b1291,0,90
810d18e3ae1ac6c3a7f3c8c5,1744,6bb2da38fe23599a8573b101ee2152f79c4dec5070646ba6431c00bfec3dfeb4,0,91
fdc3fb5e66bc4cfed4ec21f7,623,96196e3c37e9f9719ce79ac506953bcce9e1e9181edacd0d3e2e52c901a0aa0f,0,92
cb93f59c8f3a92ed5eb23423,7221,1eff3f26dec23a1f13a95b267bd4a1b89b0b32c1b2701cb2a80ee2ee39f0cc29,0,93
a455535ab8e7fa4184cb2f49,7854,204c09f13ca4fd73932af4f9a7b53c83f2115538322d9e36bd674c8789135ddf,0,94
ce16113385adb83ec6c56618,4168,29b80610c56dfcedf9875bad1444c8930cef8f3f110e628cc1dd0479413a0dd5,0,95
b1f469ce5efd572b49c90536,2267,fefbd1badc668d1be41285711971a2c741b7589bc6d4b69391f168b9732d16f1,0,96
90c9007ffc4e8a7547618a58,8425,3c5276618d3cd2fcaef111d9e6e0110a231bff86d394051f1bc5842a0f4fb411,0,97
14d1111b5697c7075270c73d,10190,c085998f41518b1598c48cf70c7377645d612bf3b9545ace62b5d5a69f1e7f86,0,98
7f2a322d247ad4e8932cf51e,8172,b81ff864452148ed47271250f020bdb1817d8afd6c162d4436f497b954ef659f,0,99
fdcc880b4bfacc38fa0fa85e,8367,77d8aea9369a64e67344d377dfd1eccfbf32f05547bcc2844a089f86c92e6bee,0,100
1b399da5aa7001693ca51821,2084,37b043eff19ce3c7d4f6f406aa0cf9845fa4168fac3d825401fc5ed714fbfd70,0,101
3850e9933f8b28335f0cd8e9,9368,2239ebbfb625be2a9e37aec938559ff9a9c18ca5ff286b3874b90e95d842c287,0,102
4f1f1288262de5298b41e693,3865,3f97d62eb621bc1767e2805252fe8b4afb0bc9e3de7bc8619ef347bdcdbb6ee4,0,103
bf51bc6f90a140c7e1abae27,10044,8551ab6c5c28b22dcce7ed313d4eb375c093114cb728bb3cd8cb3390e637e99f,0,104
4446e020d3cb0aa02b3866ae,8109,3ba14e494cc0f133130cf105f958e6867798885323a64254b6012d68d1a83d97,0,105
75f631d0e91acca2f3ebfe4a,6696,0b475d88f6bb9b44765f839bcb005af0534ea0f08f4f3482146953fc5efdaaf1,0,106
6be3b721937e054231b3e6aa,8001,837bf849d3fd71d8551eeee9e5114abfc37e7968accbd23b50a5ddf6ab618fde,0,107
81a01190548b219e997d8b0d,2862,8a10e12bda500cbc32bb76293cc138687287a5b62be9d1b66de4105d95c950b1,0,108
eaf77622222bd8fecec2ed42,5367,2f268fd20f197320a6d7635e7157755ab0563496aaba3d26c78194487c02edf3,0,109
4b07baebbb06a3a898f32e15,3873,4470792c298eb8c162ebd55892fd5562c85bd5663d09fcd9721b6cc77aa0442e,0,110
788733a17fd9ae91cc7a8031,2892,3dd67bc742368253672811faa39abdf6f654c05a03478748206f622478d1a4bf,0,111
b66c22a34a9fe5729fe60da5,695,c2e52f87cea8afe01de02eeaaa8cdec3d16de577e9a2bafc9e2bed522c9545fc,0,112
4ea6e557538f6208e73bcce1,2324,901a6f930bae58d1710f8aeb417d4eb3ffcdac7fd8b97eac2b7100507f1b4571,0,113
264bad633f55fcda64ebb5da,356,049941e4aaa42370f602488c2845b301ec1a9e57022f2490e90886de68dae84f,0,114
382888b6ef5c4e86febd64d7,551,2c97c24d53f31cdc3435b74a01fdb3274871ceb2d7d36b45b4f779bb37dddfce,0,115
6d3dcaeea54d8f578ed761c3,173,c2a4d2d221e17d575201ae04e82a731c78bbca379af9ab72b3c66c8618bcaeb9,0,116
93e3c534cc820c9b722960aa,2890,503d9b3e4ef92ba550c3897e4fcc5e814c3a7191361ff3ac66add880651ff0ac,0,117
38846026e4e04bf9e250fb18,2483,ddea596fff0e9bd95aa3cf40237d1babe3740fd807add08a81c49422d532a86c,0,118
392b7326a22e3c40c98aaf80,11158,5b7fb5d9dea4598e2ddfc16993d46aa7b602fd8a71775a086a7467bea96afb3f,0,119
5d31508e46914263b2caf17b,1651,177b2b854ec5532c906303e7ce315f7f6a4a2e38756c864c95d8317cfec8cfe3,0,120
8926914321fd57b3d5080688,5443,d42f9588ce4914bdf90d18e0965f6aee9000088d893cbafe18a5b8fdf567485c,0,121
74b382066b44da72df26ae82,4656,3e31c6472ae91f44e9c5cf004e6cb745e58b1e077bf246ad0c0283464576c48f,0,122
4b468a17483de69d11b4a4ca,4216,09ce43fa3eddb651030f0e9d8df4f80090603518bbf3843e733ff4ea73a5f93d,0,123
c2cb286df71dba9ea38ee9e5,5569,a0051dfb36ed97d6146a1b49dabacc54d57d622a07ae3fb1914f740bddbb0cc6,0,124
61eb0ef1500a258addd502e7,844,605273e014eb4411a93ec325ef50042ee802a8f2abfeed3e73ce3ac7fab13168,0,125
9d4c10ddd54d3a79403f5398,4454,b1a8dc9024616ddc0b5b18566df887c96f7e722ed105bccdcc16723b0922a694,0,126
fda8e73a9a0ba8130b60b8b0,6357,fe0d6beadef0f8fa83edeba692418d315f14ef227000e92395b3dbcb7da4c963,0,127
602c2f3244036f5504c6e279,3095,f889b065e9139c7f32daba36ab40381b6db7348639d67852fe6126486b1bfc41,0,128
ca8a0dbd04c60efdf2c409d5,3331,3df79fd95d3582a3e2a2415c952191c821a00db475a3f4401e1247eafb3ac7e4,0,129
47e106e90a5f8b5d63bf9a95,5771,540013a47baf57b38a426c6cd4f2891c3a19d1fc6ca5c002b88cb67353211011,0,130
b6d8f439ec9a01d808c5ce62,6429,2d76506795469e05ff740ab4b9284421664d87f5309e57b8577253ef655c473e,0,131
7680bb972b05c13b9aafb1c2,9701,19caed71cac517afd8f9391225991a169bde9b1787e224c5105bbab1b551b14d,0,132
df81912efabbc3b0c86097e0,8140,1e5b5b014c71389ec0ef441c9e733eb845796e6c35fa4a9ec54968c8def1a8c5,0,133
95cb44bed83bab364470a604,3170,e3a37fc2e7e8ea841dc5fa73e9861e8acd4731926b29231d352b3d040a1ade9f,0,134
7b3f0e1a9cb6039214dc1d0d,1359,2b1c2c6526ca511598eb50100656dec1b7bdcdd08817e23d9f4016b95c20c4ed,0,135
a0851aa5ff228c59cd3d85d1,1787,c86cd199a941dc27571677866ca511ed83cb16bab1c824804ca51674a9e2c948,0,136
b2cd407f0e81de16a43c0791,7321,aacd53e10eb4479bf38d88e455b9d13086fadbd22972cb0d3c2e8771e8dde9b5,0,137
98311e885749c7938e61b7c0,2938,1747c281c03ccf56076d9e0ed0b884aac6c34128778192762d54ff5a41e8af1f,0,138
73b1caeb606c3a15cea813e7,3038,fa0fc443853a52d5a13f27a31959c49a1a4aef3fea0f0cab265106714fb6beab,0,139
0b74d6fa622643aeba0bb406,7202,7e6a29037d15ecc33864af5e08827962629754dd18d0a4fb000289ed9e02355b,0,140
5bdc1b10bbbfe71172560f21,166,9295caeecb18f8d23bc6f77dcfac62acc06eeb5e365cfa878caae4da2ce62573,0,141
ab76da5c74bb0d28b720b6a8,7558,6092f8ce85d1645fdf0e88116da04411648f4eca435159b3f014de469d1e44da,0,142
40855e0299f5fb3b8559568c,2488,eff0fa0ce54ad6a42842c02e85f5d3510ed9aa7a165726be0f2a04f4188b60ed,0,143
ba66a97100209b2f321a67bb,7495,c7a574219c791f52860c263515b407717fe2dc5120f2c8e3188fec9fa76adf1e,0,144
1058072b82cbc77f6788c7e7,5948,4d8d14215e3cb31510bc36e2caf575c0c4b2abbc948c0e84603b38e0177aa415,0,145
081903ad3ac24a6a0f7dc1d7,6372,24faa294f97f30360ce2cd508692ffa615de5f015af9312d4e4dd9d9b6ea59e8,0,146
32e0033e481e539dfb6f9b87,1064,fb4a7b1cb290339ec21fcb40ad10302b76615717ddf5b432ef05bc4a8609bfd6,0,147
379b682a0afed434c87bb320,5801,222c0da3eaf4c9d19cc778c646d548c33686a56fbee956e1ca19cb5d2800f67c,0,148
35bbf31368220bbba35025ff,72,f1da638672db4a9ef2731c8e2e3c893fefabdc12411a0a892d58c2db86c672e7,0,149
cd8b21a13a8089f73f9f07e7,5023,c1dfd2c0973fb2fb3fa6868c4c1f53c41ad3edaa7555143f3e7ffc53794aebbc,0,150
114b68df149caea805b46313,4831,e724427c2400724b23d02b7ecdffbd734b4b5ef039681c4d5c258ec8da1c7755,0,151
e67145fed712c81c245f2d2a,6606,5576e7126d577bcb41e559f85e178b9dfe518301f97fadd6b6ef4e80d665d321,0,152
870eb9f90a87cf3ec655986a,7034,16a373ae9d25004d301ccf2362be033803eda18a8eb287c316b3a22c0a13f265,0,153
d9d82b0e274665647d4149d7,10936,ea0fc20d8cbb2b00763b6d75a5b79eac407294d7ebb4385d6c754509cb2dac59,0,154
9253651ad9aebcb7b8ab19d0,8424,c235e71de16b5630634f1d8fe265a9934f9d0ec4ca9495020ec31667101c35a8,0,155
994544be662bf4feb9fe44a8,11138,28eac631ede28a433bbaa1387c8d28e5f659d189533740f96bebddc8457e2b17,0,156
59bd923e81538e44b8e6cf51,2623,b7c88b627d99e608588980697bac849f2fa3d4ddbe8f8f2458ce0e1cee748f8a,0,157
eaeffc1f0bd2032e16e3172b,1685,1731b00579ce018302dacfce3e7aab1a770d150514b7bd620ace1cb316bd74e1,0,158
cf88045c5a7d087cefce0dca,6472,64f1860152e421314034d46e97f5be1e49053862c4ecba0a9131016188bee28a,0,159
db420adb992f47557f9a1e3d,3777,e599e6c145003d1bf69a02f20bf684faf5534c31c3e476e3dfb04845250d501c,0,160
a8fd5b42c383d880acf20056,3167,508214d849b9abf315024f0271493b297e911d6256d77d7401139ca7b4356648,0,161
2bb9b9b2edc106282c622530,2264,51444baa13db03c44060096533ba332fb74e2b6dacb1b99d6e6b8bf0e07137f2,0,162
25acce917bba88ef0559687b,8181,17d2c3b923ebfd6fa9a23fdad61b76f30425f595fd12730d14ecd3fda53b241a,0,163
9d6201e3c0e6e7575a457f2c,10110,032d93b416422a7fd37e42848d2772e4f372660c0870020c59f082917e098ae8,0,164
302dde6dd888fa0f97530dbf,6163,7266cd681ea24bcac931b5a45bd36598017a3ddfd3fa721c3d2ac97126cf8738,0,165
6df9a0150e2c3351868a034a,4437,bb478adbf0ca1240d19812b56cf7b66017309b4cfca5d5e425d467e70e49d612,0,166
e162d13c21d170eea7a82e31,5521,145a1e4f359040d9b83091f4484e80371c416f409df2bac870678afdf0996ca9,0,167
fac17767f1d221206d5b8eca,4855,37e2cc3b6f6f6e58faaaf011bd2be23510a367d7d1f8b555179ffe4a723fa0ba,0,168
45a52ae315493b689cb38482,617,579994e10518689043a3c1f88b108368faf0c853b6cc92eb57e1cd63d637fa28,0,169
08791ae3fdd3af8f7d10196a,9632,a8410e33d6e74b8116e2ab350f64f3493d4049845731395b43d9bc0e8556cbfa,0,170
c41fee6d922ea2f385732161,6166,728a9b9003880cc476cda5ea1c55bb7c92de299f32c2ccd4d6511b7cfa27a8e2,0,171
082b810d11f6a6016134f47d,7486,1dcdca0c90d9bf644573ccab5a17c2735b1c8bd6b32f307c611b92586d824c3e,0,172
5012e6e235db9ef4c470579c,3826,95b958d0b87590e0b67c7c4c2523fe8f257c0376062987240a371f4495ab4819,0,173
8a1b4877bf6dfb29445d67a8,2799,6db21bd5b69dc1d14e88707031249c58caffaf46b5ecf333f6df2208b930f8ff,0,174
670c36ec08f977b65c32a62e,5504,adbf737aceb1cff191817d4e425268ea2970d4c36723d054ba7bcfa7e9b86d7f,0,175
d1d09d1e50f6d5181468708f,10765,1875e2eb8c329bea2cc599b70dcc3ac5a32dd57c3a73f90917425fdf338fbe0a,0,176
c7d12450e58c042b6541e2cf,4873,dbdf590f43cb876c01015ea17584888a15824614e049e4dcca2077b3894ca2e4,0,177
cae843b2dba75dd04c601704,6812,69d08a312b1d55ac704889c573cbea9818b376b9076d776d766fd328f32fd9eb,0,178
9e29e7785d0d1027181c6797,9150,cb32b26271cfbdcadf0fa4f4e80fefa795c9d02141e84386848d621237b889c8,0,179
efacf2165c5b28f2427db2b0,7776,e1207867d5962123e06b33d1f8b6a108a71c07e16c0fa47a114c0f42689ef5d5,0,180
10d25e95146a76f27f70fdfb,643,65a18ed8ea2ffaae9454a32cc707b61b3647c3c1ad5a60e66c1333548d4c0714,0,181
03ba152dccbf0e49e69844fa,9832,9449edd8fefd6afc4ab02b0beb5993116af6c4b817a3afae178a66c5e986ad0d,0,182
a9977e0b0d8eec239eafd3fc,8234,0d10f2c078d3a30bf69babbc7170db3381f1bdce49c2e1ae385da5696294be73,0,183
84cb462f886fb13962e5df9c,10912,90ebc8381d7fa6e81ebaabebae462be31bc67344f83903984758e800da5e3760,0,184
9395aeb74ae649025c0a4aef,5396,193c63d2104a272b400e8c8bb4db72cad1f19ac817cd5b9fa7f2d4809d68b672,0,185
f164a50fffff5b37ca3ad108,9353,666ed548cdfa99f7e67bc439665ef333dc992b810eab6e9612e7f153ddffb735,0,186
c2aedbebf2d1925054b9dd78,4415,6160aa1025ccbe4a2160f97429ff08c4f549119b3325fe09f7be1f447f45ea88,0,187
39f9a42eec9ffa7e9878f3cb,1755,3cb5596683fff6f30415e648ce37f931d5f716b99741a64fec9e727cb134951e,0,188
33944c3da7526604d930fafb,6667,4f472b55657991ec44ed0439f114249d43e4941985603e747d085e050605df95,0,189
e6dc163fa87ac329cd12eb68,6962,76c3f56806e8cd9a8a4fcf7cfe31d5e0749517c6ede838aa7b42356484f04fba,0,190
4e9c7d5e7cff5b104d6d2089,9737,4b43ed5396f5de423a5062bb52894125ebc6e9dd6d9478c9d80b316d82eb9b48,0,191
81ca529506e5a2ddafea8e5c,11155,392f4d02ba2a217389a0a5ded8662f47cab4fc792318ad2ab61d0c0db66e92dd,0,192
5f6fcc8f3b56dfd1390cd65c,7488,61b9d489a7407c3c7c2288a9ad838015a1a03db1d2b5033249346050893bced5,0,193
c51448fbf1c2da693b4ad3db,2087,ac197b249adcd7b5d342427444412fcd4f0cc17de1bde7176626c1f333a8deeb,0,194
dcd23982344c7db7a03b144b,9538,2a99e320e80ff7d99e44fab321151838a157fb7012ee0acb7b08f1367eaff41e,0,195
9e556e4e5a3312a3c718c135,10002,17cc9a78cb8aa98b2fe2bee485bcb374354a58733b0a22ae41c33a542627e19d,0,196
b7e04d8507f1578554fc1d37,1169,46c40ca3df2d7bb485d0ee10793c30d28edc642f2d55eb70c7ef6f15bc6b43f8,0,197
2b2ccd0f7800ec217c194d3f,9371,88a6d5e8c3115d1701963e7f45a66b1bc1cde25c5ee7258acbb8e209dcefa44b,0,198
01335a5457666629f1adad7d,8468,c76a833315d9f7fcef0546ca1e16ea1433663b7b43c803365057a2672d6e8f40,0,199
c53d349d67a7b56490b548bc,6877,bd834e2388993a307d80c3dd3e2ff5284d69f0dd7b9ccd81221518bbfc1a2101,0,200
b442370ff7cfab60491d81d7,5924,f00dd75e415dfd2083ab6c69ff0f5c8d1e46d5a37aebb6b5dab3d9721fb88204,0,201
29ca028540d59e8ba322e138,5408,4302284084cd5ba7514cc40300927efad085de63e05216193577fcd4c6754c1d,0,202
9e7ec837f6499dfeb6fea9d8,2419,ca7eb2dc70cb80d2e485fe15c4e612ccd4ab3eac6c3cf993b1d243c3ff4a54d2,0,203
cc1870e7e207c0e1540732cd,2549,ce91426e7eacf66d552e0f711af07cc89aec5e7c4d1180e21245511cfdcea56a,0,204
ee5f15348619c22cbee4e639,3599,806edbe6c4fd5d222ec70432727fdcc5b74fd037c58b58db12714433292dc661,0,205
69689bf85ae60417c53e4fd7,2329,1fbc77e8dd64d4216b667d0cfe7d013dd897fd5c11b854bfdfeaba63946ffa2c,0,206
63816c6b8616ac901b860715,414,cde9a3227387f1898be122c2b26891dc8ce7a7744cd776a1919291051a3ebe68,0,207
d2e51b04db90f6a1808fb8fc,10310,80f17745dbbb4dc16d7f887f1248c8b3d2e3c943f4f4110527898ca5cd030a66,0,208
2106250b5e00c0f1ba42bae5,9507,f764f1feef9e60c0250225cc2c5b830f3d010674a462eb98f83ed415567f27fc,0,209
d8725f3e0e80991fc78ab5ef,6008,e0f7600944573cfbdd8a5ef280b4b8a4180e7096ead6ca7c32bd35a32ff31d3d,0,210
ade9988f284bf69eb1a2ac10,1039,bad3de12475081bf140e63c8a41ad0ee1b360ecef9d8f932637545e59656ee82,0,211
461ee879186098e0235750f1,4651,00c58ea50491299d92168e401ba17c962ec3033e458cdc7d54a56f6ff7ceda8e,0,212
f989b092fec46dfd07c11616,2538,34d806871f3ec583cfda3a828366fa1bf47dc83d8d19ed48612892eaf6a919ab,0,213
ac570a53360d3ca40545bd55,10060,addaeb61588470dd8ea883943227330692deba4849b6d17ff52768abb1b1b171,0,214
812bcbad9c98f8b9bc336c1c,8643,4428c2dd97e54277c4bfda17453d452f43ca68751b433cb699b194fb5c3eabb1,0,215
be7d832bd3ac25abaf882c4e,7494,16c696c938faf468b4094ad35c49db34fd19eeae587e95c73226459937f32468,0,216
b450ed31d73a0d75a7c08acc,11183,2dfcd2e250d865011c387c374ba8d3e81914b106f46c5820f7cd4097bc6699e0,0,217
f65d17e2607ecd93210c541a,5428,1a515ca770dc879ec4aacb63e4a4298befe603be29d6e1e01eb9e17845c5a3bb,0,218
9c3417df304bcf183aa1b081,7420,b6b920c72c5f3916548683c5da59c2f5789aa37c7ae41c7dd61748a271ba381e,0,219
0d7f8e03f75d0c130a1b9324,2227,7dd466e402b5d2dc8c27d27e43fc793cb8fb56e3a517c5536f09f9f181e02cd2,0,220
d3219620594d6bbb5e7a6fb5,1988,a900cef82928a33866a4b9d4316f14db7362993dd88a06779bccbf8f6153e603,0,221
728e45634244172065b3429e,9048,f617e472445305e6cd1d880004d7891170897cd5c5fe24ba809e2c1cc02dd6db,0,222
8343f2d5daa06c730b175315,2610,920f1608a572eb3078c8c63fbb4c96ae976618c5462ce8e08c1bd7cfba3783b7,0,223
75c6d404ce3d138d4e9b590f,3977,22f544738deeb0fa5417284151ae45d541189b0661e49ee3fc6823358f118db7,0,224
4742019f740ef069a895648f,624,4fed716f49dd5d0a973c0cbf96d9844fa99970441efa4c50add26ea0605c4e07,0,225
dd2c7bdbb46fd97a15baefd2,8633,942af7bbf7279cf1caec5db729c8de9666625fbc0cdaa08238aad70131a8798d,0,226
37ee58d5ba1a8425d620f5ea,6774,e354f5964086a927cb26d268e6f5349b52d751312d724fa617267887ccad801e,0,227
cf872886a1d41d0fb2b03c37,3618,b212d994f71107a789f1511ad22c3c1f109750477146ae9c087f0517d9a9b382,0,228
cc791087f18a1b40b9f7df17,4687,580e30c42f7fdab02aad843fbadfde6072b1e401c4127b97be2dc19a92839052,0,229
91618d712e4a7125153f94dd,4537,546719441aa2025c7ec1432ebb9547e37b1e85f8c4f2834ed5b774f12ec093fd,0,230
b373baf8f62c625f788a2815,4667,f7bb7ad82f81edfcf3157067b50a955ebce80f5d138043ebb306a81dbb2e46c3,0,231
c242d96824c4c0705f648396,3877,f5ba3bda07f74a9b4ffaa826de22e239ef33ceca1254acb73c0585e371177fd6,0,232
d9e8caf72fe13b180fd30f67,10133,fad036f3545cf407b906b79314b1d5cdd18c718cced5ebc59e57ac55feba6aba,0,233
a9d88a266245c1f394522f9d,10319,dd7d010f7557d19ad3f01908b3d17be063a6d68681846b6fb09dc5f72b5c33f3,0,234
3b9e0090ef952078e1f081cc,8869,1a6df483767eab261b800ff00717a1a99a80b7ca33eade6e082ffe42e397dc1f,0,235
88eaa9b974cfba0cdfc63caf,6130,6176d01ea9bf6f72bff1c51ac419b0da868d9d20c78d6df622c3f7f66155ad8d,0,236
86a8fe60cececd69c33e2e10,8618,58e1c0e5795be97cdf29c74072c961f2773ee1740384e82e27668d8f3e2ebec4,0,237
2572d7dcb827a13d6496aa2b,2073,a6da2bfcd357614ef492ee517bb7fae46f119f9249543aa70dbd3a3a68b12e40,0,238
2bb66f393e6f4af6458aca92,1417,e77b88551051e4323208a564628c2ac0c88e5254886d4d88417fe75c46f479b8,0,239
35ea2c2afda1f56375801546,9376,5664b74c9b8c398f368d9be50cc4313ffcfc3d23059dfde9264f1b3a86b55b1a,0,240
734cdbb2b7ce11037868f227,8398,d03216b313df33ebadd996bd7e4ad465b328692ae1f2aa8f0af172e403dffcfc,0,241
073991914e07e8e38303a6cd,8240,463e8175d8e37be5d9b503bf38adfbd3c653ab1b6c26529fead30f38833ae7ec,0,242
1073eb4ef185fcfa27d0c463,6387,50e67173d2fc445bd96b09ae350bc605916ef05d76b69d2df129a7258cccb95a,0,243
f8ab96b30a365ad23349f998,6379,ddbee229a9a354afc9f17b52cb6d387db3175759fb89bf5983cefc93d657a263,0,244
c4eb3f8cd20b5002efb73207,3616,e75878d68127d9e0256d4e4020e412eca415521529bb37d7f7dc6ad851e42438,0,245
d1cfa79833c8a6d208a52857,8081,170504714df29944ec819b71214f6206292f0509ee88a3975b16fe730834488e,0,246
d256f4b4b76f964b98421d39,9379,ffe6b2748b500386b6a4c631ef654676c352e2ca5badb345b81a8967ae950f86,0,247
c16c7a36248fd56e523b433a,11056,557a80e667756c01a6329fba5f46a41d0356a11a3ba6da7d37c4d8d42a97311c,0,248
b989ad059aef56239c1abafb,2035,aad4fae496917bfbc271dde4376ecd45649155757d81f8a80e21204c0fb94f6f,0,249
db65bbff1cc7011e6684a51b,5570,65a6cc8072b2946f0847e38863203395294b93830be320db45b7627180be4016,0,250
76b3fd8319304094aace49e8,2265,feb55f41f302b252a2c9f78885f5609637dbc9b0182ef840b9400ec95dbce360,0,251
d6299554a460b28af6cc62ad,6600,a6aa49f920e78266a3e55d34d3f5f678e5541f3a4d9160761537e3a92e5e3dd2,0,252
89e8e3d58241bc84d02e68cf,3590,5faaecb91719fa0e7c900333d76e2c2b5fd907e361bbf2b955b291b933f32cff,0,253
265346b14ff42f48f4f95332,8325,7eeb6141074e5dd138ec36bde001dcc89a70e8c078410f73e80fc44ee925657e,0,254
59b71368a1b12808439ae544,5630,07688eada86f668ae344c6c2cf9e120e3f8d1ab2cbc6c65cbae5a8f7c1ae74f9,0,255
0bab620671425e4e327d01fc,7053,a3bf3af25ebfb67260c5db5bb5f9ca711d92b32f1cbe496af26288b9bad9d358,0,256
537129c4fd7f7227d9963888,8119,c3876a74c9655fc3d67b727e8a549761da579c46c0316049655f2fc3b22dd600,0,257
d44100b9b910ad53797f32ee,282,ef3c1dbcd9f3790107a30071e2bcfb124531ba0c3019c07ea93c3fb36223b327,0,258
f9f025a9c4f5ceaf4e038827,8201,c06de137f8ac4a6e97fa86ac4e608efad87fb0fbb6c3a4e10b97f19a6152e7a1,0,259
b19bc2188f266abb6d23ddef,10610,106cc15e2983794ecd3145995a991857139e53c391af209eea9333c4a7a216f2,0,260
653b83c538f0b8acd1b20e1c,2156,32991f57a7dff87aafe8930be304a189ec53e75952105b03297ea1ef2fbd6054,0,261
d3b6adaf50fd28a4c4a0317e,3528,4facfde4539d740bcb50477803deab9c9124377c9c66196ff1b31192d1990e4f,0,262
16f935178af2c120fa9302f7,10577,7061aab8f6fec307352f6494549cf3c1f512083a1b8e32200787eab469c9786f,0,263
b8312fe27c3b79bed08db822,10576,7256a1ab386f4fe76f1dc5aa6899287b8f42a30c33cfa5145d85c8ec9292de29,0,264
b7474e98b7ed62fb9eb40056,7095,88b5adbbd8304a694fe64c6bb3367d135bf5abe67ec9c0500573f7eae3acf065,0,265
386c5d30fe7eba4d5f073080,660,e00b64a82acebeae145a81470b168734e26819e49b1aafc4461a85e5c55526ee,0,266
13c05cc36dc4bc1215371a08,236,27fc5bf6e12033af922d629f38d5948812129f68a11adb72a55f3239e8d0351b,0,267
d0bae6b538b1b6a92299649b,7101,d965b0949582eb31bf9847641d7883b97e51e0e3248abbccd6ca8f2ca0730777,0,268
e5acd34847ee16b9564a6220,232,cd81f46a17344a88e26a2e4d251d03c4d05f86681eb4acbf32c7a113e740467e,0,269
3f60aeff0d9ad67ef8a5a991,1823,c3e1dba555c1e93c54bf718ad279217e9e20beccd424f73ff5715142063cbef9,0,270
c0a96c9975a0121a0374374c,10506,3c52324e472525b3e4aae5475d1ba08b9445487726b8a10dc8f1bb74460fbff2,0,271
4f8f37c7d738bcaa925fc144,2633,727ab23160c1686bd35e8cf40ea42c2b7366a6746844b26baca6168de7e80eb7,0,272
62da18898b2c4b805e893a4d,9409,89d9cacc1bcca99bea7c46fcc85dec8e3a8e9b6a965ac1fde984b8dd3821ef69,0,273
eac480610d8cf5a7c7ca51c7,6976,300a8f70fa9f927468b6f629fc8dfae33e4f4765406f0897e832faaf438b4db0,0,274
0abf129b5bb9ae557ec6f85a,10990,f231698f2dcf965b87ee638afbeec894bfe6334afaf355ba35da3a090d8c19ca,0,275
b0a5589de83b24489c5e564a,9584,b440eb7f5337b6f741029d5714df2597406280b845511d6b48e6a4c3ed92a91f,0,276
f9d0f625602f28c3329aa84d,10343,e6234523d5f64320d201d5383a490d61607391fead0342688f07cf389e13de39,0,277
1869245f5d25652de32e0d1c,968,0fd709b0497fba6c736404d9058a4975b7449e75fd0604e3fd8d7eaac0f3ea99,0,278
cc038bffb8dabe1b7f127cb7,9878,8b76444762b40152cc1dcffa2921f6c14471640041f5896be4dd9b86e556a967,0,279
54360bd7d93c7ccf59e72e02,10132,5399a1b282f5bc89aa1ea1c59f64dd297395ea852f8cc935377c1a71b7de973e,0,280
98fad821d07e50cd6583f641,10620,a7297b1c0e850948d434fe9adc8e3e24d9eb628ca1ad3caa07494e823dcbe0a6,0,281
15796cd7e3a4c6133f48dc42,2350,d231da58b78c3f6d3fb0e4386886f24e45fe08604e7e21dab5624a5bad2e0238,0,282
64c5b36ef22b168a74b6d35b,800,a0b26bcfbe272ab5cb36573a9c14fdb8b0f9abb35dc7b5e641f535325f60d1b5,0,283
5f41ebc5e6dee4b0c4063ba9,6459,a73807cadfcee0df3d1b4e5c565d38eb177a47adc7fa6ff57042b1c78fd28b8b,0,284
43713aba84ffe0bf8c8979d2,10397,eda579b2b29c7a54dcf3eb63363b24045b5877addc33e47ed92a128b673f005d,0,285
e3273cce69230d550e325a13,4760,e8c3a739e89b7cc0f1c09904a61122a86de6a9c4150b45f13fed36125a4caee6,0,286
9a4f4c927e45cf660816aaf1,10774,63145ae07e9d4853280f4334b630973d6ff7d2e7d70e7cf7fe16dde4c3675c6f,0,287
8208a3614a2b68f5f78f2f5c,8519,0b56c27b68c79b6244e4bb0948b40b07550606c009ef4c4433b82157d95454ee,0,288
76e644a4b0afb538e2acdbf2,9047,879ab3d387f2fba0212f07499860a4c7dcdad51c28fc856966d7d13cf0d63726,0,289
de846d08041ffb0df1a79b2b,1478,5c2b61ec82070580b26a28548139c871217b69256c111aba6f1131fec2c14812,0,290
dd14a1fe9e628bbdb59139ff,5629,bed8a44dfa8bd847c909addb0aa1581d90c8eb33c3f22d45f626b632c2fe3a73,0,291
b888731da8599cd535617373,5299,36c106272ee40868bfd0c2f5939a6f0ad883e871b2bb5bf8c1c8e6c809af12e1,0,292
f4acf7604fccd3466d31f39c,897,6de18ca84e634daa8d0e7575845916920563d0b593c6faed8f83ca4d59b01524,0,293
ec17a2d9ffcbf2b9ae38910a,214,6f212773006e2f78f3b0b678dc09f787d2da26bd1911330e809201f3e489856a,0,294
ce31d161b0f0e5433e52bcfc,10265,c77ce726f795e477ab772be016f7544df980a885d4693266ed7fb157fa3981ae,0,295
ec213a954bcb42ea90b57af4,2470,6be3e4d7d3e430e998a1576e0172fd679bd4a03242720f398a8efd3e6035cece,0,296
8b88f48ee0cf1b58803947b9,2545,2d1339f361e1cb20671b9ad338419e52c431c9064a432220b02d0ad4edd847bb,0,297
4072876f12d5d726e3e14b7f,5518,6e78c484c21b635ec0d5f4a073ffd04afb61e5601b1f711128a93a1a97aa4d7c,0,298
f5b9dce645cdc546ff998166,8066,46902e7e3b950e4644b3ad5020ebde48a9a68ab15fabb24597e5f040d41b987f,0,299
ae21ee09e4f7b4ff3184bb08,5933,b9e7350c1d1f5274c3915afbcf46dce4cb1635793f2039bf269de4c42a10dce4,0,300
54753b4dabc7797696aacfc2,10357,af62aa81004a55d92b5e18c171d6d89bc36e11d86b7037346c551d966ce18f1b,0,301
2093e6024b678b4ad8118fb0,10881,b67347d8e6cac3ff547bde5b80e7f0189ab2e6134d0c76efa8b595cb46ba3ae5,0,302
0ffb18a8bf7dff7b2235732a,9909,4ba0df0a7a3b46af007fd2bbee695b66e0e40081864abf083b53439ead83687b,0,303
2ae51d9162bf6e4948bdf959,6336,cc980d9171e0430910269f6fbda2ace57beee62f902ce7a8a4ec15cc08ff18dc,0,304
b77565fc5ad8644ee2c976dd,2697,432c95c522faad6d9434675726521ea488d5a9756f620a93bdde6fcb235ea642,0,305
b8d50437cfdbba1df265361d,1416,d864d8dea2863d738f228f1169ff7ca2781beac5eb4afdf0c605d26933e4b14a,0,306
ff23297d7648a8e5f97d160b,4874,8f32a9e5887e8308683eb520b6fdf53c66033a79f2e170bb4019cb2f473d4181,0,307
c910d0e563f495d6a6d557cc,2723,1fd8f6a8e9b5c0aceeb78f3677a9a499ba9f837ea4ffc23f6218b4893dc49b64,0,308
f929413e8a6f48696c0aaeea,10571,c8d9a9d6ca2a4d9a4589ae23381f514761519dad4c2ba37f36db03b8abb200ca,0,309
963ad2eeb3b6277fc585a189,6868,cf65ee76b10e6c1b5a9515bcb53a71b93b1c34a29907fef7f3c9c95b336fd598,0,310
90d9c76e2c9bdccc88897da1,7812,b8ea35e7c6951fb365d3f28fa7da2440b75ab9f4b3cf1eaa18ff8879db5811f0,0,311
37511a405ceaf11f069a3939,6200,54d85893bbb031e0b217db224f49a7ce101c6ebfeb1f065fa28970b9592c8741,0,312
b985332c665b93c69f4af9b8,7831,18dadaa652303ae01e1b6f30d69299862383ab5a2b7650bdfc2b26091e35f7f8,0,313
b16a03ea90cc756470a91cdd,6981,0e710545ff128d9380a106cb374d824678c93f4009e959af06b47f2692102a27,0,314
ce0ffe15ba88bae08cdd02af,10407,22a8675a0fec35ffe9819f97765a74c6cc6c0e23a330e590dc0352a5484b8d8f,0,315
4813f0e808f17992a5332c46,2797,b7167cc76905fa48a215614a171e04e1e68f6a77e38adc4552bb18810c923ec4,0,316
7e8724a01ab4c7350a38b00a,5178,4bec6550f45fb5e9f4fe5212a6c14dd716f4bc4da05eda25b4194aaf581aef4c,0,317
9ba76b507ffff375288258d5,11112,72168609b57dfd8133fe12ebe8c945b56b77d34fc300bcac7562f6e4a553a2b7,0,318
5fc8318a348f347fb4860a1c,3482,03b8009c09d344a8ffa5bb26ffea2554166f04ff54433a495cdaab59d648a952,0,319
4de590be084cab095fd9eaf4,11013,707330ba0fa7e722981f9fc2509c681eb87c586e0f267e445581b27cb3135190,0,320
d6a5febe8098976e0d61f528,2807,129fd3f4704407604b6270f94f3b7c9d8930ffdc76090eb5c4f72510cc19ad34,0,321
5735c8aef0b7c73ec8e8a947,1438,a80393578423caf7430587039caa1b2713423e70dbcdc95897f92fcdc20facb7,0,322
8c45d980b6494d7f291e68a6,8028,7ea3d87dcd34889c2d4d5fb475f5069930de5ef8b6e1437e065a3adc5bc6df95,0,323
b7d996f2217d0e3c2a68ea01,1419,8f567e3ca63de9da9c541d3d562b2b956907c6f6f6cae23e2ffb8359cbaae79f,0,324
3aa11c50216505f477e53c39,8411,857590efca3bdb0f34d54edeb9ea504d778a54b39434db075bbe434ce0f253b1,0,325
bf05e573892b9474cbc70107,4517,e63aa810320a0c7c5528c16e5a73ba35f1ea05d58af20f2b009b926fb0c2a6a0,0,326
ee6413d3ca2306e7fb07e84f,1231,dea5ab81aa3a3d015510aec7450a6df52f4b82e1ef2e097bfd586ef58a05e4c5,0,327
1567e9d2163c72f3bfa5230a,9098,8f93d2cae350cbf022b835ddc9e39f9978b453e39110fa9af49d30a301c883ef,0,328
e525c1c6baf9b1d5027b8e28,3040,c56013127e4506ecaa395842d1e12bf668b02e7c0d8df794a868fd8ad898ecbb,0,329
1ceddb108bd5551f0ff8ece8,6808,26718c18a03769725c9f940549037bf5b4a84211215668582f6e8c34a498cd07,0,330
a13074374f25629767211aec,5683,bccde8f2d9548268c78b90fc01e9476089cdc9f29eb35e7260c5959325104a15,0,331
5de6b6c59ce12bfed28de0e9,7751,db50c21c08d0cc3cf67a2e9dc15966f84821eedc75c90e82e9c1c0c229a25480,0,332
c231edea9600721e96aa961b,3979,04ee1fa2df8b1e1b43c6187bc9dc64994117bba6cf75e6d9ca33d76c24d1575a,0,333
c2a12f7b792210026a2e26d4,4331,770705caf4b5e85e4e08d9e3ee38b1f043d87b7a9a26135fa7d883b972d527e2,0,334
d22a8748e8bb6640e71ea847,6791,cb6cd70babb0300380e88993b93eaae371335015000df49647f8a248beceeb4e,0,335
22941dc2975234f00d36ce99,2,761c436b1e7ffada27a082a5cd38f8de25961265fafb8bee2cee5710132e85de,0,336
399ccf797156fa2ad6dfef47,1836,02348b0646f95c99e223d0ed62c5b29445175702094744a66521a3d61ff68b03,0,337
f4a185a4bff083a8143c3c15,5294,bf0bb2c967d030c39b8066f70bcc07c46fd143eb8f65a9cbad4fc2a772da6ff2,0,338
e458e9f7e0a50dbad7bd7e62,7500,e4297bcc3f63e5ffd6f85c61f5bc12ee82ccddbab7fd95029eb4450e551ee062,0,339
5fe223e18d5a9c7d8837c013,9276,134ef1511edd7e71e70fbee57beddb9dc453dc7bf06a7097f61398e5a707d14f,0,340
e71a3dbfed031fb2948cd9d9,10286,a611ba82c9596ea7abdad2731f9522e294779619cd0eb7b7aca10203d1bda091,0,341
c9ff5cd3844e29fb33d4d72e,7196,c4e4c3bb51b933ea737479268acbf4b0055f5f53c97a6f05476423b45873c252,0,342
2ef27b194b667264ad5bdf68,1898,9bc50b1874a9043ed2b5a03669bdddcc6dadfeb44b66a362b31af8fc729b5e4c,0,343
56c6b573d8aedf12ad54d094,6232,f6c9c21b19537408ff3bedbc1eca9070f4d82d4fb9ad6ee46980f5e4d90a17bd,0,344
2c37998980064ac9a3fe5f9b,10950,be1a83143763599c1e2c297f5e4280428560834b4cb6d9f4cdcb5d1f65ae868a,0,345
097cfc7f9fb900366640fdcd,6585,c039aae237e64ea4489904b6ecddd4d55a58f2dd414130087637ae61dce8c418,0,346
f1dbfd53c282203464f9bf2f,4752,82e1aff9f1143f4faf71de653f841a4c62ddcadf9c7af559de3d645908ca3a98,0,347
aee649781815cd4afd4c5474,8053,b77ae2d3e333618af5ec4a6d788798e411679cf713b43800264081dc34245af6,0,348
6045dbf1c08d8d91feca43dc,1610,d5d4ecbad950abf10a7e373d0a8433a60d86644072e140fa457e42a6f37f12cf,0,349
da9787ba3aff6a665075eaf9,1749,0a0fd72517c6987664449e0b4a2a808458edd95e306cfc2eef57717539ea95b6,0,350
40eb1ffd7fcc012ac2dbd0ab,2692,39d3ade8022662012e85b617f4e769d8189d1c98f5b90d100dcceff957401cdf,0,351
dcb732cb05857ecf07d5d69b,1792,a56d248515d5c677ae09cca703c00dcf44fabb8274c99f0c1daaa82221f5a501,0,352
2a4e554dc66c49965e037ee1,542,d666ead1f77d64cdd731d183cabc26a43ee1a7f0f8d1d1f917c46af8b16d1d29,0,353
af6d81a6342874ce00b50f2b,10575,2c2985978df95c783c71dd9b003b84669c43b1f84782bb37559110c4ff95f274,0,354
dc253bab841a921dbd915b9e,4607,0b9f56336287dc2ed7dcee9e894578b5b4d8935f4b94e60822bfb48cd68704e9,0,355
abc4e3c07def64433b186636,7434,ac2aa70b77fdea6ac16ebbaa614414f1938945c9b4aac0aa28b640717d18cf72,0,356
9115ef7d01d5363cc5f6e3ea,11054,7f689c82759946bf8e51e45531bc720d9d8aeefa715b54ddd5c1c51acaf78e8b,0,357
87533478cb0b5cf6a1f1c792,3442,94a38999eb06165c007a031cb82a7235268fd8e851614efbd670b2546ef90a20,0,358
0147b21182084cb62853c235,5433,4c5d1eb69d0d49fcddd07fefb88fc43d06736778d8bff3e16b2af9bfb9683f0a,0,359
19fa001d235351cbff159983,5747,9a7d391a626d988674055973ce7210b8328b6ac593fe35e81d248af8a700771c,0,360
e82e80f33040f95c480ab03f,6804,92ec9cb83e76476d10ce226b9557dd8fe614245fe6f3e181f84b8f56eb1fb364,0,361
a74b55298adfa7ceeaba4071,11041,683c4bfc893a747a2281d20bef038d8a42bb8e061bd7e96e4a699780fc1c9d4a,0,362
1a83c8f36830f0b7d536a950,10826,c9302aa67781d127192de0d05b1540300b99baaff3a4b93b68dada37d8999c6b,0,363
62023c3aa75cdd1525efd3d7,7581,88d8ecdbe0720e438537bcb23d038559d930d89f93045e5455caa0c416a77e04,0,364
6a66ac0e4d349acfdd5249a4,2632,34e13c884c7d5a2f9cfd6fd428b19b819b6bb635105f79ef5591e8b1f616ebe5,0,365
4912b073dfd83030292f6c74,4911,693e9abb8088b3abb9bce7c66dbc777a3c76aa2460a8f61249863911828eafd2,0,366
774edb6fccf4cf29e656bc5e,1977,822004e52c9918d2ce8768a84e84c73ad483908edc253ec564e94653dc1dd8c6,0,367
87ef5681a0d3a68905c6ad8b,6194,856ba49e0e31ecf6e6da0e7beb01211a8a6176d999e46086578d123e094f22db,0,368
2b3865c002edde5a250f0290,4149,101494956168751b59c72e59207560fafa21ff65cd9e50eb3b687af746cb817b,0,369
4faf14836cd0d94eb32769a7,8371,4062deb16567fe0ccfde727bc71b2c980e70edf462bfa885d7fd72e48b2974c3,0,370
96ac181c44151ec1c93acf6e,4922,499b4ee3269af35fd4962db7724fe8edf7ac46d0b5bb6425a1564977e120915a,0,371
d6dbcfa064362cd677bc1ca5,7806,15efc15e23de2645ae6a72912ed02356c60fc4d218f8d6871da3eb0e03a1a314,0,372
913aa93279277f09fd419e36,11194,b3d410b85ae258dc5f5abb4d673cb7dee83edd43e1f4f9588551da9fd40ad66a,0,373
f63aa60cef20eb15bcb641af,525,b8d98734c6e898f19edd9ea809394d13b996e11ed0553ff533bca3c314bbcbdf,0,374
730f2f33ff18676dd59f7c15,8219,54a866e688d5b74517d411dcef3fae3040715cb8e86ca3fd7b04694393b5974e,0,375
65f79ccf1d9af8579376504f,4540,446d831bcac44c5ea1d2d881e6b3f6458c46348ce2284e33bc060f00f1cff15a,0,376
74873dbebff23649d47a5dbc,1932,619b5676871af23c04dcf10b0be5e3cf060a063e6554bf4d9442dd28dcb2e6d0,0,377
08ee55ad3f9c620e8effbc3e,3368,013a7e223d9c8441b8cfcd9f008ab994edfc00249dc5a125dc14f29cb83406d0,0,378
8773cb6d1674d2ecd25e8bf5,3312,280ba8ae1d920839a42907777ef708de35132ea4d3ff7776af29f54d1d952e34,0,379
5da307c58a25ebf06f72e1c4,260,eff0862592d92b478bd1e3ac5460609d79389290858a81f9f7efcce408bfbcbb,0,380
9b20769f1fb4aeab6617d1ea,5709,eb1bc7ab6b208f2435996d66ea422691d541673fa836c8cd9814b0ea0194d7e0,0,381
08af5d23cfffe7867b514d82,3669,83129eaa18379037efbfc7770aed9b5c9689b5b4c92e50655a03dffc74eafb4b,0,382
0e9d3f3836f4c65369fcad7f,7982,6d65211363f44f1c6bdebb40ad262b3dc7e1ccb59f35a62e376882b6399392ca,0,383
b7fbd36045bc2b638013813a,10046,3062031e99f9ca4124aaaa9e110db99ecd19808e2d103a3a7d648c542a64e227,0,384
4c71b9a4a54f58fe2bf166f2,2787,25736b70180271a852cae37edbb9c7ced0e89c43efae45b90d332150e6efe5b9,0,385
c13d2b4a7e62ed04f3c9077d,6406,badabce2903e90069579ab69953e40ed5f88ded6c1aa37f3e6b3380edda2375d,0,386
56bd93238300aa71717adc43,448,452e37b5fbcaa93467deddbc368ba5e47563008b5cf0041be7009719168bc7d1,0,387
64c39e69c14782635c74a92f,4790,036501303fa51ea117b967855c545157d8e8dfc815d5caf5200eaea547b8fcc4,0,388
5d8f91732339b90818f454d1,7908,b12a8c48955c3e5801348561b4c48455b0acc3b4b7c5b46820ea2837ec4895be,0,389
320056784fcf1c0f1d3237a1,8076,8e26dd41625f01678a2c3af6a02153decb3cc1dac9a387f69ba0571833723238,0,390
1ec7fdd6f5db087864646fd2,8447,714f726b6d2e0675bd3271a552d746a4cfe92266f2e1adb811452f41797aaf80,0,391
0ff316e04a2f46f72e29caf7,4332,c0b3ade384b0f8c68da40e82bdf1ad32778562bf9cfe63c9ac38e9685efad0e4,0,392
514b97e9a4dcfd9c4ea09f80,9864,edbd7e084585b95a93aa68b938e91c12361ef138c3d3a0cbac546e32dd22e036,0,393
993491ab78e6ab6b30fbae81,3804,c709f1471f5163a6214a25185216f5777c87ed5cf26184f365b68b17f1d1f583,0,394
0308e25688d6103b043e40e9,3390,167a67651296119297df21ae49c8a176cdf7fc38b0068c67eca800f92cdf8e99,0,395
0be5e04089b19060b70f4ce3,2420,428b0075ef2ec655bfac145b543c2f30fc5fefbf3fc8aa524f97cdf6f13ce9fe,0,396
36b9bd60b7403922eb6966cb,7499,baead42a2445426b397269a36bb6b82cd51f02c145f36b2f1dba0d9e3ebde095,0,397
f560bd3da3a6ab559b9e955b,9806,8405522919d3da6c0029069c24b6ec647bfb951d765de4ef70282eb8afbb942d,0,398
96a8c59191f3177a9b9a7390,5705,5aa466a1defae8b4ee5b89d74bf7a4cbbd702c5a02725a6e42e6f270c2de5caa,0,399
9960abdb825410ddd128cb91,6421,9676d79ebc6d5799fe5412f88ad189a9cede6fa37846ddcfce31ceb5f657f658,0,400
a5dd4f6227b63a0455ec4cd6,3376,1fdc2a0097cc0846876cefa5f605473c7d4ff668fe13c83e7595319469bc8899,0,401
705e632ba2dfa5007ffc16b4,2169,c40c0094b129efcd9405adb67a7c7baef0fc60aeb20fa607990b7b2eb80e1396,0,402
f3fae4db6f8e21452ac6bbb1,3830,7bad5be1590eeb72913c8de54400d874dde4d9b070dc17f40fd33af32fd683f5,0,403
23bbcd4ce0bc9d5496f79873,1513,831694aa9b28f142215896d5b6f2d497ca2f48e568f95831235fe8ff2f478c9e,0,404
840d0aaa1fa0df9042939484,7963,358047f678fe71caca71a3bcf6c7458f46aded205007eeeac2944af337432956,0,405
de234cc4915094b759762ca0,1824,5f431daf397b4d7bcc9ce0113a4e48d43aaa55a72288c71a6aa45fbf15d08a72,0,406
5fe37d751ff487beb1bd9e22,2114,e09d7219fe40ffa4fd753364e79777df16970eeec2350df4b61d66fcffae7dc2,0,407
537b6aeda7b84cef7a0d1e94,4077,b36ab35a19009af78826a8f73c4b65d4fdbc6ec5a89f4a4c66f4e6c9a2ecbdd0,0,408
0fcd9418d8185c38da079258,6586,10671775f7e514ff8c179da04c4b2c59c61ad03ba6a1922b192cbcd68beb7271,0,409
e2ca3552612b00fec9051f89,2277,a66aafe783e35a04dd4d74b01f1341a1c759893e387f6786073c9052da77346c,0,410
e2c44f96382fd551f4aa1a74,7122,21ede0bee95b9c3ba100c40da475f903f2dc84cc3ffc525783e900007b1b89ce,0,411
27ca91d634e90bb59c2c87a5,8154,3c1f9d28585180ba08c19ba672a6fed0362cc5f391a705173f3931eb6bc44a0e,0,412
2e81afe95797dc0f6a98ad23,9334,6806a309edcfd263746188364864d61e9b29bf8934bf1a6032bb5e4dd4523be6,0,413
c9a3f476f062ddef9bc2e4d6,430,aa06cd60dcc70e9190f6051e1d56d8592d0a0aeb42a2a52fa4fc078d45f1ff23,0,414
7466322fd43716b577e364a8,440,82f999ab31efa7e04e0b8fe7678d7df328900c93877e0fc227bebe7e0152e2d0,0,415
4ef28c9f0e7fd9fcf1ab69ce,8178,3935a654ebd7d1386362e0cd6cdbff935cf48aa801957a8662638b489784a4c7,0,416
b3c9d7cc61748165ea54a532,890,b3048faee45c52a809fd0372e1c7623d44caeb8eedba1675c055df6d50a867a1,0,417
8395bd5d670a0089621379ea,9801,127572f80b75fbaf938cde7d9ac0eb0d28b2c366ae5e751d6bad97ed4efcf500,0,418
9d9db3b6c4dda938144555ff,2216,5c4b14a07cd9c0c237dfbb6f8a6b855999a065db0e780f2db8964d5228af2703,0,419
36f6c961581a631e05213f43,3267,0139a8d8320a13e14018cdc1652adaed3bec625cd6d8b2b179cde24f7652d55e,0,420
78f28ce2e7c23ccb7bbc36e3,8074,1fb38a80203d27246a60735bc84eb09d5f9d09408c28ddd4287436c54998e16f,0,421
b733741e186352946d63c4b4,6948,56902655deb51f19aae6c03b6db3cd5abd758b58e897c351b57d915493db967a,0,422
13bdb1508b893141bb512558,3952,d64831e54a208bd3cdc46cb53be7a1abe17677712042e225cd8c422c35083940,0,423
c8d37dd62f32af7f4997ed60,9322,29f23ef84e81ff971578753fe879c60a9d5d06779104cb78b4ab79c0844c0623,0,424
1acd80d6223cbe7941cc4054,1470,f2fbf291df0ec0693977d5da42d5a8c4de001612e9a1dfcf1d5557c3e1c7013a,0,425
13c941674cb3133e92a2aef3,5034,3a38df1ffec2c3a71e30d23bf13fc02d0738ff4dfcfe8d03713d7e9e5bd0e4d8,0,426
fa02b5881e8aa6de63585ac9,6745,c99625bc3652b333d16f10dfc6b8690b195aca05298fa435411679f2ea10d85b,0,427
ca66154aa4db480861b466a9,9728,0a2406a61b71263358786e97080434efbcf656803e35b99e07460857ba8c3aaa,0,428
a3afc019a97e9fefeadd565a,3062,1cb7a4e6d8de18bd926900f0a08962d31af8671549e1c6c27fe03cd4af7f366a,0,429
d7856e80361e6cd25a7b7285,2533,301a3b024fb23f68da9ddcbe1c1a7d2c886b603434125be1c908f16a79025f03,0,430
467c9e3331d808db8a9967fa,9643,542e58c481a83e4d47f8d141cf9d597b995047e4f3f48308bb4224fc5b15cd19,0,431
7154f923677a0ae28d7a7ef9,9659,8def79d11cd0004a9e0cf4d07da8536dbead6cf3c932d506b20804df6bb3050b,0,432
928b117a3e4a0a2127de21f7,900,d9aa4e9c2c80fbaf088101bdc7ead7b5253b637cab479485e00e9de316df9fed,0,433
1c9999c86ad5962b956132ef,6420,d43981f7943fcf577765703d9b50c41dfb88f8baed139caa96709eb46dd8de95,0,434
51d6da414315202e3f22fcc4,10942,bb55df9e1c97863c77d6de9292f2515f286202689f46fc331d87565854a5553b,0,435
0dc6f65a81b08c9cbc919354,3362,377944786ab19c6fc964da2efc8dc425ee18394623082bdb9cb69d8575afb392,0,436
080d9ee4195feae17dc7fc4b,2536,11dd8ec33618387df303d23ef824d2cf1a3e281a6b50d9848cddd3691eb7a453,0,437
8ebe02ecbf7ea6a5e35fee8a,9161,28f0f7b01882105eda880a31b51f83a0c234e368d17e0911b5926969233ea2bb,0,438
0dd899c5edc8928826da1b28,3802,90982d6083d68d3262007961185b9ccb3fe3abccf4b291372fbb8a7012cd058c,0,439
e120b1b2a5ba8e5510b4c462,4302,a7017747bbabab7d5bde59b9e132f58a3992fe9ddecef0648eb04fbe29c77648,0,440
8d05073c2418290db15aa793,10470,606798bcf7cf15d75c55a9b8a0090cf3caf58bf0f0ba79702e6eb45b52a821b4,0,441
0f551f2a83070c1653408f7e,7449,cb5a02f0dd71319c7542d0759247dc1b92310854882f42d7b851409c2e48537f,0,442
7ecd0e96583367258c331278,1967,7dc60785241616385652681c4b700b835e0df67ea0a75b7eb3f6195bb2c8eea5,0,443
b3c6007bbc6450a6acc73a7e,9008,27ce86baddfa2ead46352a525633ebc19734e5cc0a3b1c503aafb13af3647d2c,0,444
57f5a3aa079d49bbb528fb0d,8864,181bec272c57a1b76b29ddfeee916464007ad691d9d847b3fecfa07a9bb3ddd0,0,445
ac2c97bad49c97e918647c71,1138,cf082eb90a935dd8f60bef6e0500c670871608825cb47337be85addb383ebdd2,0,446
42d5a340cf57def2f9991d10,1841,dd8afd37bacd24d0c44633614df085a35aaf502bc68c3aa9c627de9945dd235d,0,447
b558b073c12028027d48e850,5207,c6d0bd2955ce8c45e3c38c9eb54435b57c86a783a564f57d58e9c0385efa9a94,0,448
29320c7f15fa37ebc6c36874,3109,22c8b63af6460a7430d5e18e5ac30632dcc22e054d9ecf5d53d6a19a0c51e467,0,449
0065a4d1447eb576bd72a05f,6546,65fc79bbdd5a1c9959cb2bb8d696c819a13a8441d82c75d559cd4c370ba09a80,0,450
b0f7c3fdf88be3ba801ceeca,2834,beea7c47e307ad11c52ba787480e11d99790fc2cf891a42ecb8f442d871d420f,0,451
44f6cefd41a75eb0fcfc9534,4073,f57660c9d1773ff92de36c1e103b4ee848e0519745e6a0927d04f4b1445a6fdc,0,452
2db6bfa136feb4c06da8367a,6572,d05275cd596cd8a41d61becf8c91c77d059a6af276861cb5c96af74fbde82162,0,453
7c8e037a99fc35cf2445ceb5,4128,13c17aad358a7c4cccb62fcd592aa7c032eb45c4d88aa7b8938c40a95e4b8500,0,454
71b92da422ff7140a3e8fb98,3950,be7a4c07992bdd5f31062eb026d66d57225866c30a552e6f21abcef481526f01,0,455
52e7e323b999eabdf7acec90,9182,7634cfc402a24d453926ceca12b9d1b6051ffbeebeb56898086ecb43e72cfca2,0,456
5aef952e1e7e9cee78ba8928,3035,8304441baf8dba82842b2e7e7fb1464f1db80c8c17b23bd634b337d38c3912f8,0,457
f65818f971b9336395e24686,7343,e4fc3e1493c83925c29c2171ecfc48e7ce8780b006ad9dfd7561e214bc4b9548,0,458
854840b8e9256f98e30bea33,8824,19527fc34d6ee9af25176794d87d13fd367134fefb70590c8316c18f27c3813b,0,459
8d50895201ad3dc96d876775,4085,fef02f9c5f81833ba687420c13fca6fda243733b22f246045cfa3f3dcc841544,0,460
f7b4048be24e460a4db7aec7,9859,52e53debf61455e24b0b58fec2f214ee92eab7c45ded9a615b9d1c022a610a35,0,461
1db3c8303191f285833574be,6132,76286c3003d3b305add95d04eb8d424276104dc36201f4952971c555a342ef7f,0,462
6d028eff9c5849436411b5c4,550,a72ba02a81bf2f4cf804b167738915b08caadce0e2219f3f6f5e9b78fa684960,0,463
d21ba07dd354dfb5b694ae04,9943,e01b82bd043b17c650b33bb18670c088a05a6709bf42ed869007ee5565283871,0,464
cf14c4dca766fcadc7b993fd,9966,bcf1ef8f937bd619f0dbe4251df0b13355d8271d65882e1611a6cf1fc71d0019,0,465
493987f74b27ae507018f1f9,2660,0caa429dae283003f41c18500e20d0b7bad4f5ac1f3e11cd4fefc87ca8c495e1,0,466
ac186d6d399904cf329c3b94,135,c618505b499881280ae6d67fccb06c1a3a3dbd68e1ccb1d89b590fc89a8f695c,0,467
e700a51539f42edd7a29d077,7983,9f8fb0c1d9e1a53bc5a45a3c8058a19ce2cf9d79d8fccc4d7ba88820be5b8442,0,468
a4fadf9ab7008fe1c88a3400,10546,6ebfd22707875607b3c72c2a6e1833f552e226ae71e9cc451423c5af8eff78b7,0,469
401ec01d2e7da39d9643c1db,6833,4501cb3153dda6f50dcb0c6ca8c4a06f84d95b12bebf7257b3d7b72695785b0e,0,470
62a5bedc400e70318f3ba392,5020,04f77f4436056277038c37f90ecaa7cd368aeb9ea51785f80df240305ee21a3d,0,471
b487eaaeb7ca03fbb4d1aaa0,1423,2f9c8c41179e951386856910c9356ff6b3a90d7908ebd5974cd5adccaf12d1fd,0,472
b7584c95584214c488095a0d,10127,6c98fbed55f4de2e1a0acd6b16fc6ae9ff0a1db6bc01673d15d176b02cae9634,0,473
e823fa4c99ff936861465c8b,5315,201354c5683a569ef4c31aa102c83be7b4d1e8b4aa462ce05d5067d6bd463be2,0,474
1b628da0964817990ea1d68c,9172,f95517c0dc9832b4c2f49302cc96237f163f9e0c9587380aae9e130398a0cd98,0,475
45859619ae2a6b3caa21ae64,5399,228fdb909d5efbbf8ce474f02da29374a24db3e6f327e4c69c2b4311345af9ba,0,476
ef121a1eeae6da74f67033ce,9711,89626f62762739c38d51f9685026e19df4cd992e6ceff973fab6de8c24a29767,0,477
66565d4fa25ca02903004238,9930,25b255e576a7e175d8e9f6a515823799e34da286ab21fdd754cbc18d5d48e6c8,0,478
f3ee736213309b30578f65a2,7864,13b093512731997396e6ad1675389ce6ed1a2d7e6c2f91e924dd7678be02a090,0,479
4fb09765db91194c71fa975b,6016,bb3d72ef226fc8fe04adb1409bb339453d7a203a4b500c950f7b46005e242d13,0,480
ef3b3d5c2b15fb385fa54faf,6099,17ab546be977dadca6e01242aa272f720116f89bb4523da57ffa21dd2f3e7fd6,0,481
34ba4ccf7fe6029a9b86c0bd,1128,6d6cd3d78564f84bf218b01afa97ad208623fae05b72c09fe1f47ab2593739c8,0,482
3247dae2a6ff2a09117a8197,10304,7d770d8034cd52c1afec6d86b8335fe29863f18760a48a2bc7aeb7e184605677,0,483
a2ccd6cdb3abc64ad651b822,8739,587fcd582f62a3cfbf29043cb55f21d20303783b9d4ce867c5627c4fa7324bf7,0,484
7389cef1c3504271e037dd67,2202,09909491c08ab6507302a6225132171155ca69da0b3664519346b3c883849ccb,0,485
f5c5c209f24eb81c72b41ef9,613,69c1a2e4c65e97c4debe0f76cf0005bf7e8a439070b98381e5a58572d889fa76,0,486
bf96dc5f12cce32bae8c0b38,5545,be0a9c5317704c15bf31bd81d3ae802c545de6805a1e66a580ae6126f9f1771a,0,487
ab5f595ead994f90b361b8ae,7386,71d7c2103e17f6bb703600de9d8879ee5f671bc647aae8f2a9339d77e70652f2,0,488
978c1fd24283c7b6a5e9d172,1585,14961a531e8093e98cffdbacd81586fc247f1f128e60eeae5df64e02f436b423,0,489
47fc8cb53a53d125c10694eb,6911,91bf80a49b60919f2346a3d3d9cb569afe22d9f81993595fb9adddbdde49fb57,0,490
e8b23ad639a2fc278e3a29e6,2229,d38af84037fa1458b593dd43e38d2838e4e43b9267c666cddee0be4767ac97ee,0,491
36c1aee16ef13b657faaeb01,1308,3637b00db837d44f375e5e6da4191b70b6816dd43d105d34b520560c999e9572,0,492
fcfef06758073913af5eb564,9837,2b8e168eccb8b774f8a683a6a6ba7fc2ed58305dbae77d15b708ec580d0032ed,0,493
410988fa01ffd5afb202ca93,7066,713a3ab2524ecd1cd5285528d3f1ad653d8362b3317f7cbe46c572c567f7fc66,0,494
a310518ab8ef657345661724,2986,2a2e3e89368259e549fc14f81179593b94351cedb85b717ae1129c8cf128f2a4,0,495
7c3d0f434e7bd17a8d820c17,3315,51d096d80ba4fbd1e31986c67fc09ca62eb382d1ce114b72c19125f3a54b11a8,0,496
70bcfadd8140e09c5c56fdb3,2054,e2f03ddc5e99f54da6fc30a0e029d7ab8de0c33bf347264123962684034d710e,0,497
dec16dcbb3deeab1ad588a04,3236,5775241d5bac7f467339f6eb472676eda0f138db38cc7036fd6d9fd8e61d3569,0,498
206f88818c24e6fe099e89e1,420,6874c6e70e687640f83a5812f8642d306215b797308f605e8c794d15cebc10d5,0,499
96c03a32638401e76fa3394a,3870,bab98f0c31c5fc859e86ce434a081ca3bbf6cf5e04134e1806111f8d3f09e1c1,0,500
b3ae341265ef9acf41486cce,6114,d015af9f3f292287ea3feda73a90f96ad92b50109970349d22b6ab835e718452,0,501
3c5d234a636957bbe3358474,10953,29b2b404f91d7808980a7cc7efada36e706323a1456c35a9db327363adb368e5,0,502
2c0db99cad735c6f0ae492b9,6476,fea2a87acc5c8a6bf6c31c5b39b40f34807eabb6f8d7f8eeecba668895327549,0,503
a747ae36375d2d27cdadc62f,7742,f1df6c3a377a94351cfb5ec635fb34fac1b567058b63bc094fb4431dfba3ee65,0,504
da939a8d419a0dbe445921f7,5856,99091a2159f55c30cf78550e5bd253e14fe261f375574f5e9bba4e78ecd5a830,0,505
3c2e25019f02d9b5c8eaaaae,8822,585737cf05767d0182686aa3592237b4b0d949e1fd9f507e559c62f7755add0c,0,506
7639fc45ffc0739e7dead52b,2955,6419b0f2bc9d79245de8febac535b28dc77fc534d34acb787d6bbf46d97c884b,0,507
bdba74515fd5cc2b8f69bebe,1800,dc56fc716b39b4c0a130b431a5270266681a3da63dc70b5d6022948236a107f5,0,508
03157814712f3d40ea1a2343,8665,64b20e4ed8ddf37e60b829418dea00cbb8efc12608b994572bb971c6a38428b9,0,509
fe2cca34ccf97bb671810621,4283,d14386893dc23f58c5c6c38f042841e44eaf1d0483b024b9d7c44f7e6766918f,0,510
6b45d60a52ae50603f17ee07,6398,88cbff551a3cfd7c42c521e4b0d0879ddaeba90c6d3d22b0807f26bb3c267663,0,511
31ab4ee86163f5147ac706d0,1342,27416a9434962a9870744dc422f3a5373d2e2d24bd722c77028ff43c2679be37,0,512
5cd197af59218d4edde239b0,1063,a7cb18251ce4c0fbde7ee24de4eb944bb875c4004c2602ac25e8813af00b4378,0,513
ddf94b098e7b6c4455416f4c,156,ca781ada60dcd8432497ddde1342a8205cef13a5d75841252e1ece573f8a1b07,0,514
2d491453efa0b5dc4ca3b6d1,9069,bdee767decb69c64d927ad7247d5a491e72b7dbdbd61c8d1d776e11cacbe4f84,0,515
07aa45406bbea8d812e4423c,9032,75f53ee283673bf8321b06992d6537a74f971c152782213803da76a3c8431568,0,516
d0c49553c9cfc04ac01b1577,194,2cebbb686692a9b198ae42c0e99bd0a4a7b23e5575322c81fe407c58a9028e2f,0,517
0cf53d47d322a61fc19b6728,5793,4e3551bc05e10d154f452e56d48387de5588c67d15655eacd1d54841c246eb66,0,518
dc7bc304d69a87468a2868f0,6317,552813ac89a147bfabfa134cedc2d24f612f431df299f2be851a05ba412fc277,0,519
c458894eb632fa41fd560abf,3017,41854a38a4603843810107db41d08a581ced0c786e84214ede4cc589c5287896,0,520
f84c19f02ab1704c8087a985,1119,063016919617879fcd4177a7097545df831ade75180d35556020150aca13e328,0,521
7a560954215619bb66ade894,5165,178a7b46724aeb03636ce83c82135f8f2fc5363b1969f98f20cc574f1947c57f,0,522
35badef8ba5c4e6f3923c4d9,8253,757c4113202298b0352cf0ad5a0d1560eb00700a1f887e5b98b45fa6adc0940b,0,523
8fabae47eea8c40bb29815ec,2316,aa4d5bc7384cf706fb005fd56fccb62da3c8969efcf85b793614d313175f5bdf,0,524
eb62a1f26c14989e5a180d79,9177,cfc795ee2542f73f1c81950cd4dc82ab4f765aec5d9ce166c96d30ece676212b,0,525
069cc0f078209f7175acbf23,1788,c5e5b1d277851ed5434ee29ba135d1d683bf9d2b9513a4d6a171b75829066404,0,526
1f244fcf0d5ce9f8b99fb31e,4945,f0fe8ad6a587c509aeb298acbe1b6f95d4699abb3d819f7854075b6559da9c2c,0,527
9898482a762d9a5c26e3b20c,7711,344d754b8238038e4f5830567c830484ead9472fb5ecc6c1caa5fcca7277e65d,0,528
edabeafb33155df6416fbc61,7195,257d3a951c169f1a877986e3b703b109e54bebc17167a1af335ecb2363c9a593,0,529
d369f4bc38f4047fb6dccff9,6819,56730999a3d0c2369bc15f83bc30d4b0a5670a5df484de8bb915eacb3ab3476b,0,530
a490df4e633d88af938a0647,4125,74333823358498167d8447b99247acee362b6c90bc074986b2a354c7819b7eb7,0,531
eb1ab57017f1aebc147e1e9f,4242,a3b91be77dc579091d8441c7eb5da2edbd345cec60bfdca196a6e27da49b00a8,0,532
0a4642ae32ed2ff8b58f5ced,11009,77374643952cf78f7d53da47d447e0538389a3120b25186072bd80667f6d8465,0,533
ba63407e371e8388be8b52ce,4405,71e1328a6b062afdfdb8023021fdc66073092bd686444ced12b11c6088cee1ac,0,534
702239665cc627a519b9bde4,5821,83f62e7e8bf6293b9eabef0a081837678d7577c8b5a7a8eb74c89ff5036151c8,0,535
65c5bd8c735568d3abebadf8,6242,2a115f01e17efb1c2ca89e195b5371e0fa18a71c483668b040c8eb8d1d5b3b02,0,536
f496c5d4c9e5c96bb05d59e6,964,e57fb365cb7a9c9761ccbe0077ac7ade86403d6caf19e218ce12518536893da1,0,537
9de74209f4e1638102151d4f,9505,dc37c5d4e6491275d64ca76c5c55ab5897f2cbcb660b9b9bda33af63a48cb535,0,538
fc8ae18e857f2d1a749a3cc6,6339,6cc3750b05b57e2d588649de2564fa6fbad23561026292d90170e6feafc13c68,0,539
7cbceff7a0b7a182674f348e,5678,4f3934b2e51cbe3c0ddac4ed2dc7625ecb42c9062873876e1b8511bfbdec7d7a,0,540
777362825b7efa59e4de8c8c,894,b6419419cd70c900a846b672609505d63e140fbbda7a380d32b3389dc7b61c05,0,541
6126c8cf3b3450798eb96e50,8145,721e5c88f745848e037e9a7eae25c7fc71377263f153062cc26cb17ad2a17bbe,0,542
7ae727ad8ff45b9ce03764be,7801,85415b6da89d694eafbe1d665012a4dd0b45a72d0632ca67f1dca4ed668fad09,0,543
edfcf593700a15e80bbbc541,10000,e952efdce2a656f17d91d5e72037fa971928e767731c57d54f662fa7f6787d95,0,544
f2860217eefdb8564905df67,9492,0f70b32b2a61371cb60684f24c552a96b7efe2cb066a86e4470f38db46f6b8fb,0,545
fc8acf32f17f2f706222fbd9,2564,82a621616d96860453e525dd30ec0dc41ce0c47d940f62ca26b1054809174ef9,0,546
e888d6e9da488cfc88424491,2760,9f243fd6bc0ebe874072a6087a2b7c88329c2747d567872eea56aa90205246bd,0,547
78d68bc0733a4030790c46ff,6045,52e76b7da9f29a674b3526a7c9f0fbf45b28c472cfa62fa04ce963ab07cc15d4,0,548
657b5a2694f5b6d06545d362,8712,aba1e850d16cf6876e88d0ab967c4f5e045e8d2b64850b7cca784c6df6943f89,0,549
b7e6fa8c2ed2b3f05359faa8,3519,d7534f5c6acdda947b46e9c1d273de29ccfdbd88dd9b363c4bc73d899cff9d8e,0,550
f20fd12e13684ee6e4b57f55,4192,cc3aa91a99cbbbbe0c2725a8563d3734f43da9f3faf6c449c23d040bc7e5b103,0,551
05fba7263c7089bcc223d937,9855,e050cdef1e832e9869b9cd0d6f17adb7e5317543d99ef6e27103c65a57d7fefe,0,552
3d1d75999a8a184038db317e,7172,22c2c3b455b872b4fa81fd3c83bd4c6561d8c14a86ab60d5a3359efacf2abe70,0,553
8f2732e557486a2d995b07c6,9207,1e8c62daa28cbb8903fbfd17d31ac9f7cbfdd4faef079de8a0c74a05dabf87db,0,554
8a02e2d42daefd0c81fa1e74,1959,1a301cbc943be04ac430e9ccdb7956c21f225656385b8597d90f7a48c9af8334,0,555
2433184970c5c9fd403dd8bf,8159,abf2d8a11e17d386e7099dbc574c496c6c853082c20a7b055b92096ae92affc2,0,556
529f66cd4184eed03f305511,892,48b8f486a247b672cbae12d3e8ff517dbb33b62ba9574d4f9e94c6489dea02a1,0,557
3655a429d67eff5a6045c57f,9755,48f6e77debade45b65fb9e46b946592e8c75d140b5eac4e443449a27b523ee28,0,558
26137072ac279383dd4c6005,2387,9c804a6c607eefd4a9f96ba4282cd12d8c82775eb1fb02181920eb6e0443f11d,0,559
198fded69b4306f50d4c6ede,1026,4f9987bc1217bfe8344d22012fb11365cadb2352b40fd2b2a1075aa58cd5e01d,0,560
def3074b0c8a3d370b2a3e23,4079,9ffcb51ffc4bbef30a3e4dd49683fc2fc511f40648faa768f6c77794abcaef96,0,561
5adec58a172c00b1937a7be7,9790,456c5093883a88bc9dbbc3e8353feec1c749aac78194d9d379dc26d2f02e1108,0,562
192c561bf4fc19234a70a5a5,2711,aae89824671f008c9ef39aba40f9cda69f818ec4dc58b9fc2a6af2a682499606,0,563
3fb476cf58dc0c026a1ed0e4,7544,6187c38fb0a256652f69090f2e7de1c3842a247062ab825f6e50ae070f7e5b87,0,564
1bfb64e489657e28185e0965,1638,ff45056b286b98bd7c657612ce8b539a22e9ab219668ddb776f607622d21a890,0,565
2d5a574bcb30aa55bb31dbe4,6579,e36b9e990aaca92a805076a54b009cb31098533e6377d8fae973a0f8bed48a51,0,566
bb5a68cb8191a18e996b3331,8026,b396c3170aaf8cc8101f3f043bb1676e59d40a3cb3ca8f9dbe698c443dab6296,0,567
560cf0a90eebaa14ef4483f8,1299,6f9dc8ba5fea95c443977b61a86d1f96b07023a008451d859e23d480cfeeeef2,0,568
2277e67223a67d987e2e1f05,10757,82136445cbb760af5d90be1d1141e524b5abcd36525afdee548b0b6091330d59,0,569
94d3236f085119c46f446928,10448,b87e266566973776c398f2237364d0e55b4da8e445e2b5d23db85931edcadf57,0,570
2dee33d518263c888cd1a9e1,8378,8068ef8064f6c5a8795d7dd99201b776cfb4f60a44175ffe3f9b669d3a09f988,0,571
e2ce3ef8c296f8d0914c64bc,9575,782a900401fcca3b14a4550de3b69179f00c4bf0b97d69be1193ba82b6f2d164,0,572
0ff4af3d3c10eb828316340f,3509,65666ae5ebde2d934a78247b1beb7afb25b3cb29fb842ec1874d0be6a8d709de,0,573
752cf66b908996634a1e381b,8226,cbb35d308b48774ef135a69e3bbaae173c41c07f02dbf9cb73d6b1360fe17e4a,0,574
91d770dc0fc22ff73ebd06a0,8058,7fee3782d876ce348d42830fab7f4885c0f22223a3f887c8072d44b7c95cae9d,0,575
32b05f57959fa55a510569e8,8495,78fd8db51c9eeb82b2a06652d9c6f36d19ef878307c7f12a9647319d6644202d,0,576
39904033cb9008c6f693fdf0,10120,37a6dfe94b19f46ff72c8d9ae5e13dae4d21268e193eb26c42e2a43e5dd8238d,0,577
4fc1b2185f1b1bb7108e18a0,8727,b3361817c468f88895314e7771e9b8759812eed533897b7115bef0df87a9ae31,0,578
eab484893d97dd8ef3c4e2c1,11201,9275abeb787ee5323e01865b0abf91d6c0b6747836386a74c67e6fa6973195c6,0,579
0ec40144e6820e452ee1afc1,10799,569a04515087187c2ce8b075165b35d908143b78dfb8437c1d5563562453f889,0,580
7a096fdf857b6d4556d5d621,10026,efa79199eecd43b3927962593d64b0d10d1a1a92589dc596fa95d093ea5d18d3,0,581
5f322ca05adca8d48eb7c031,2831,42a91ad3694f30a35682bb5f9ea8f8845385df77abde0dc55088cabaffcb5330,0,582
c0f43332b81b5e666e6aa9a2,8432,c22f051711211a7240eae8bdb9f03a6ff521b85b02e55bfbdf1093184fb082fc,0,583
81f3c3d12a7c530bb7fd4f69,3723,72a9d09616f223276ed1a8f9df5a25ee2d547bdd09af5ec98076bc0432c9043b,0,584
cb8bf3f1ca163854957f786b,70,a4a7816a12ee6b879accdaf65ced8e8670df954eaf649f7d9eb98e448f826d24,0,585
0c552ea6684e5db80df3657d,4708,f9827e8b64936cef0a3d75c233d094b0eb653d730c31580abb5f3ff81f8289e7,0,586
289623c84f936e6982420b43,9169,b44833def215b45b3669ca8970ddd9564385f406e4afba5d0df65d522bd9f44e,0,587
342e48603cd601eb0ef29c7b,1200,dd44f271bc3364d3d138c030b2819ae84d2739220931ed23353582e71df75daa,0,588
c51b11179136e12a80e56602,10062,1c5792e84b511b7bef18fd26ccd476dc9666f66c99f305c1e93ab8e9045cfd08,0,589
1b0bb3e09f48a436666f6bb3,3922,cab6d763d9a39d6dfb48e56698e17c0a5ed0279497049058a660c0f40ded3ba4,0,590
01bcf731386608fc96771004,564,1dd1426db44965be839e07abc15bfab33da0e2031dc9495ba256d1bf2c595abc,0,591
4530f5c1d5cc9c2501712a1a,668,419c16f1a020d99c2864794c3ee8a83b64d6934bd77ef9261c44d160f9e83a55,0,592
9d2c0af21f2360dde4935923,1075,04b79b2248926416be4863b583753092d768e9f0536417ebd0dc043ad3e78faa,0,593
8a28f91b373881190beaba00,5252,d879c2c045aa9cda3c2f1d1224de35cc8338d98795e9dbc539af0152dd1c9c1a,0,594
5e2c112dd62487f598df394e,9160,9624260e45603d64182a9931dff93ff7cf46666844eb048c108a9de9ce339273,0,595
471825c7ccd1aa3eb99d8f4c,6733,e27905e263e6e6c2193406a6270ce90bed316e5f28b59ca88cf27b04dd2ed7eb,0,596
ca97da3bd385920ba5eff31d,9619,7b8a72d906d677368421c277f155f30f4486f8c503a26ffeb6343a4f581607e4,0,597
ea6e2ee5b4b3e80bbddc61ac,3291,f4ebfff32d50285554494a97465909fb3292f2de47358d381f4e4f20c0579f8b,0,598
e598137fef278e5f8d277d49,4838,de2b940f25c1936d311c3df8d97f22a8ce896da9d947bc88273699131fc93791,0,599
515f59e3495127133f3c6ba6,481,17b456d9b3c33f45bddd339b08d025ccfdcb45421b9329a6c48f0924258b18e0,0,600
0d9a9e8d71dd218eb8599386,7242,47f10281a201066b003aed0b1bdb44c02e330bf57e7d1264154ba79ba33d97c2,0,601
72134d5002a148e2979dff1d,10160,9fcc50812433b154d1ddb76bce549a737421f9a6c2ec83050a124b18f99d25c3,0,602
d0c5504c1cd22ac46491d9b1,9245,6f547adad1a3d702696cb1e4eea232a60c311b85a22dc36df6e6c231d4c2eff2,0,603
9b73a0e356b5068fc2ac88a1,5460,7f3a72602a3808bd8a7e201b9fd6762fa6561100ec5e52d5d9c43c5d29812c5a,0,604
c5b685d150aabda4aa3e0e6e,2147,10cc4d54a8c332b72b42a86ca4a28af8e2ea6b68aeb6854fa2e5129424672355,0,605
1e3133772a7e4e3666a3ed68,4084,50ee678f7338df4d047eaf8d9c649c2893d3aff72738376a985570000350935a,0,606
370482679245934343b484bf,10684,b5d28aa97d9c018e8e00c126298698b6bcd9177080be21f224b86d40d7da40c2,0,607
a36f7cbe595a1cdbc7fa954a,10566,72f9902434f059dc612ecd1cf733bc044bb6f48b49e57075dad7c81266a77d11,0,608
5f974ff652306f4f90b76ab1,3597,0ce7fc56709401b2ad0ddd21a6a4d14e0dbd7e4537b876041725218756aaf053,0,609
3cfe40d96fd9ee6b561a2732,638,d89a8c1b62a73d3243ebd9e0d42ade565d0449d23aa32498950abf18eef98f50,0,610
0d35e556b06c409ad70cf9e7,8750,4c80ea967b11b9baa87975dc858952f5e8845f729a5ef21e62ef1b52c142f7c5,0,611
f31811a0ead3dc878354ce77,9531,67152afe97bb71691db4cf0d4bb7a4eff5b7de617fe993e542e979c9bb5916b7,0,612
cbac7ce3b9f5c254ed062eaf,6587,faf07649a76282f48eefabc4871e6c2ed117cbe424190c3422cb858e081976e0,0,613
c80aac2195a47273735fc893,5494,91a228564be5d1b7470d557e180be7d35cf8dda3c92e495c384e1053afa72752,0,614
48c89f718779f81c6cc6dbbf,396,da442a3d18d3668a7881dc383367350a7b0fd15204b6aa934b42435ae7e092e2,0,615
f893a74e8bbcdc6ddb306f3b,9721,e9d9817d02b3508a8b81cd734c8e26cfaebfd2d54169d0798af30ea94b9f605e,0,616
2328031777a96f8ea6ee2c2e,10260,f73a462c773f92d7ecc1c402a972f9a599b958647d57344015b4537a45ad1ed3,0,617
281533296acbea6470c8e143,10699,4bb835113259e6c8ea0343111e61f316a1892aa8ffb73d2625a5b9998804d3e2,0,618
d1b9ab0f2e25d4d607a61703,8729,863d3984644958e31d2337027e9e7b7f7a663d2efde9acc39ee963ea4571832c,0,619
03eb14bb5b94b03d9d8888a3,6000,7591b06e7a03d4f6d410008bf0f87cfb4f020d8dcbe2a8860b69938d19123b12,0,620
6f8a8d693e73a5eef4d81c26,9377,5be6f4be3afebaf09977c2c36d2440eb15582cdb8171c2924baa7b007de3f0ab,0,621
36b5f174485e6c13a05344ce,5142,0c2f0f40de2126de654e02e2d8d788d237fac44c2705bf837e8f10e2af8d2236,0,622
02afa765cb86f75387cb944e,10619,47d2e0e8309d5207c896c9ca83db3603d6b34c11713d7d8036b955afc0a10796,0,623
933d4f79fa79a909016c06af,4905,2c1ab15d9462a5c84b1376ea4c96fe19bed2684ade65c0287b883c9d284a6c25,0,624
08dc7b5f2c696bd4f9d66178,827,e3ee42f0c3cae44835969e557843ccea4f2c8bbfd67b44432b0a96302635d897,0,625
7d494d607ffb70196316dcd6,3044,47984d1f62c7b9336c5f6bd4aa55036208ce9d99349d50cdb9f34d302e082415,0,626
584bcf3d829fe9aedf0125b6,5112,ed12e7bd5d57514c7bb7c6654421e78cfc8dd56ec905bc57045c616ac00bf766,0,627
9edfa203fa1a1ba8798ae4a3,6277,521fa0ce01878a0f75a4cfe9ddc81452022a7d3e4e1dd51af142309d04d88dc4,0,628
f1688f66f9ab265e2a522435,8571,948fc94df8e20ca37f1ff21ad0fb1b06b52c529dabbe68a2589f6af64eb07ae5,0,629
29836296389a522f19a05266,868,532f88503dab3b67660caf3fb1e3602026e0f4e8e520be10c2f555ddc7d1963f,0,630
13df4ae171f210a6d5a85e61,1853,6b736b0fbce9903c132acdc63c8d960a1e14cac82e49faf4925f379c338b99de,0,631
fd3a969fe4ff3b6a3e5b8f56,3375,40140c233b3996f813e0950fd0a0799c722d6d72cd8b89d3ee7a90dcec44812e,0,632
520f6681cf902b5a270ea89e,3610,a2f4939e51f70c202fa154f079a84529b3e6e9895fcd23a5d4bebe3f1e90ea32,0,633
2561c158b82ae5b31c44d0eb,6248,9856d4e3db8fcc16eafe562021d061dd6ba7da7fd083b2d380c4779fea5c3b02,0,634
a0eab27a49ebb443dca9546d,7110,48d977ecb13dd4ba9189a711b54f85cf3970ed716e8cd0582aac5c90d7bde815,0,635
77937c0312329c7d48fa9b7e,6651,2eb394c5c0cd4dd5b05b5f2520f8119436444149aef7f992a29297ec77043cea,0,636
c6854aa905176cc6f8d1c3f0,4538,34105e22bbb5e1ee1b657d5da488a1fe085c66a80e8527d33a5e0407bffa4351,0,637
674abb047ad4e9b922a392c6,3862,ea094980e6667eca49802cb6cd9bc90a92ea09b188564b5cd002b52edec8ecc6,0,638
0f9cdb3a8f7f9f0f75d42d6a,3539,ca1f4aa04f48907d66d31c5e66d58e31776451ecd3181716f9a8f297d1e0d887,0,639
61e23f240b658465be8cf18e,10968,29f29291365057bcf5d0a8ffcf23bbd486947ec1303a617d966f5086a8387a85,0,640
634e060a543a3457f37dcc10,6204,ae0e6214e9c75f0df5b42b1d898d1333cda1825fed6e194109480f602ed20076,0,641
eb1ea11a4be4b9d5875138d9,444,454dc028c52a88087420e053ee81041a062d2b73034fe50436c33e8b93f5ac5c,0,642
0e2d5aef6be23d9089cd4b84,10568,dcc342f656cb58ff4ed0edd3a6f20c94c155b9da4b3f32acb1964aba0576091d,0,643
e7a657aa4165622f7333ff44,8973,1cb9193d519bf5af637f8374f4fdc2cb5ec898e055a92a6439c40d3acc3045fa,0,644
2d29d6a1821a8b2ca5c9d853,805,46d4409876516ddd4ce80b754dc60ed4eb884093b6d448b99bd5e94a1adc982f,0,645
f5f6a33c1f124301fd3c964f,4890,c3cc704e574659274ff7682112981c70355000a7763b413792da337b4ee35e6f,0,646
b571ac1daaa779833cac5dc5,2279,cad9dbd29fa713acc1e40e74f1b2c8a03df6c8d8e05e1a742235e0f008e61d07,0,647
cd6007bd5ead100d3d3118ac,10227,d8e2d433726e0d6be56e6b22da017ba8e330e811cee222e4b0fdaa71a36fd1c9,0,648
83d5c462c8e5dbe6bfe8665c,2863,b1885c38a0085417cc230aef238354049d585fa18fc9999981911dea924d5b66,0,649
dc7fc9a542db7606f1062181,1156,d504bdac31f22c02e933231e357f35e1d24c2f52159e970f7c31cdbabe4078a6,0,650
3a6357416831d4c028cf501a,1385,78693cc12800a3234a77ee5aa7f478cb8c66cf7492a3b51a67b44b709345f313,0,651
70818ebcb5dc284b74185cd7,9991,e8fa7ddeecc7a19e61aec50c3bc6223616b33b43f419b0b0ccbbd9de9390c8be,0,652
6ca6f87e73e29971c68ac04f,4289,583694cfe7997b2c3d03b427de4d9d2fbda4cadec1373f1e9aaf7bad4effe43d,0,653
cc71c964516a73a1487e218e,4430,adb5cc3da3821557c94c84e35add84321ce99ea1a05fedefd214a9d867e35633,0,654
f97f17b9a6a0d0a472b3052d,4142,929472373a6e9dbba77fe20f83e9deccb04478d408d2fb6d529b20c155b55e47,0,655
c3bda99a0ac28a55465a2d39,181,55ce88afc3e081bfad92f17fa4ad24389cd178f5b9ac813bbe18421b0a9c4462,0,656
d7fca3a623f2b4ac0f5ba5f9,2361,cb92462984fed990e8b599a2a116bad04f47c400cfd302b3e9aa4c1cc1c449b3,0,657
bf0512ac5c01704a1b9227ac,7189,7c8b00e5aea91cdb677d87c6615cc7ceed73ac1dfa13bfb621597edfdb7df93d,0,658
1aacd9f0220666b94cdf902c,2984,bd7905ec5c9e471901ddd448776bfc34577293f76d6832ad3a8080cae8d80e83,0,659
c5142659311d3d1d63ab7fc2,3542,9092ff71ed1651515c87f1930050c96dbb3fdf2a3cd9b2b9ddf4b38a0f7e1b9e,0,660
a8798efc07bdc6d6834bd8f6,8833,28ee12673866f3b32f802d182055f990f589c99211c3a976569d2f175b9a1d23,0,661
748b5d029044242cc8c58fb1,2537,93bfed9146cc33712bb3300288da4853c7a020ea99ca328c6633b57fada2fbff,0,662
c4c43a20b0293a61501b6b5d,10653,b8ee7ffd22fa918270567d45f4b3fba15c53590c3b205ef1250eaedb788adc8f,0,663
dd0c7771524b996e29d1797a,5284,79b753ae8da6d371e07135a8ff4956570faa0f366d6fcf6c641a0ad7e8852309,0,664
320c7447650a4d087dfe209f,3268,7998f60f012319fff7fac789a2efd10188145cd08f8ed0c9d6f4caf53ec64e5b,0,665
a7b4d3a70cdc3f0762a9e5da,2501,754460240ec503af3f4b627a5574e367549f6260623713807c949762afce6d7b,0,666
41f308bf5f943473cb098eb1,1433,e3fbbe5385c7e632a2ff826f1829fec49753e6c62d98c5cd71e428fb910127b5,0,667
07f569e685b4f2440abaf0b0,5096,3b88565d685042345f8d3508d3d5bc32b72a7e6ccd4a0a45567c2677a21fd4a7,0,668
5e68a4e2dccc0e0221d7f2f8,2944,6b9dd2593decdaaf84232e94a24eb49b0d4e1d954d5637cd0828848f3b8f34d2,0,669
a47024a2a70b53d06280b457,9092,4f7b086b175fa6e7001d985c958f2c9a851753152a46cb76dbd4ba79aee4c5a8,0,670
c5fd595328648572aef90d82,9762,278af869f9be884fdbf529c1eaeb018840d0f68d9fd4f8d031091d8b441bc7fb,0,671
793d33ae536c91a2c921d288,7314,2b1763d3e6112c91aa90b70e1386259a15fe5abacfcd424455f62cf2c88fadbf,0,672
32b4e3c1104767fde5f76fd1,7300,602acaa9bdde726d4f8720d9923263f4302b19823366b5383328d3f43a73ac44,0,673
34963f20a94bc424d439a14d,4849,35b8c57321f88e999341a7517b63efad1996988d26993f7b911541504bdbcd00,0,674
bdb0ba13cf54e167ce713ed3,10555,3fbb0333220813e954f364bd464861123779e66a4b8f04060b3bd30888acd00e,0,675
8c04523dd9ff0ea77ce47473,2251,63b05597305140d2aae6d25c6dd613b20bf4db75c04f84026e222d6f0450481d,0,676
7abe4ebc35ce679b882aa146,2080,09af937fd4805e35e9cf7946f79447de8950ca293ce6ed5f0fb6067910a61c0e,0,677
168ffd98204226d6998686e1,6806,9461f29c5005f828033356388ccd226c6ae147e7c9bf8511a4d415ef84675cbe,0,678
1fa22f1b5f2d639488cf468e,3743,e5fda1f287d025dc08d5dfb21a478429465cf49d1c300543136c80e0b9357117,0,679
43759aa1915fa9cf606500c2,510,bc85111b39feb9fe2de8595bfef504e91779d398f0baede45e0fe24fb5ced1b2,0,680
cda9b7b484266751fd454ac8,1663,0876292e582fa6ddf1cdf326e8af77a5d34f8e872cb2575801ec3936303210f0,0,681
ea28887595545de03b1dc725,1939,531ec337f0dec69010f81ee710e8e7193f50238eb875d44db5c8bd6e2197718b,0,682
b409ec98bc24db9e797ab47b,7333,150849cf425a9db086f6762631b0997ff9fdcc7f1382e9a249805e4b2019ada9,0,683
b3d6cd8d50a2cdc8920cb4da,11154,8c4512f143638c593837045f6a3324882488104beced455777430f2e87c48ef2,0,684
025a14ea5be30df837af0ce3,4375,68d886ac794c7887590bc39dcc7bac973577bf178ca94f0f8b2eec1714f3ad07,0,685
175ab0e7295529768e6dcefa,2119,6f9a3527c57a8db335865c36a121a6c49fe5e72332a0a2a83993e608e9e80b2f,0,686
c34f415b326169f911fda0a3,311,d79a143d59fbd3c38d1fc1aeee3e0559085133e7b8f065eea042066e6d465cb9,0,687
9b4c536cea2426ff66a4938f,262,a5f3fa4fa5323c46a3e2e7f1d58921a0dd930b5d8440a6472b0974d06f532b61,0,688
3bd5f7a7b965f97519b69828,5005,c151fab2e6702ab432d0897e8c6ddf79a5a9df777ed3b3ee5435f7041176125a,0,689
9fa4593a3777c0e037f39670,11129,354de9de92bce0949bc09e45943c83e76e72c1acd5ca74f99187beb821dc7eca,0,690
1debd31459003915acfb55e2,10728,97bca7b18d9a6669f1f04afda1d2345c379eee4978438cf0b256ac9fd4e558a1,0,691
a4c6c2aa0d9ed672e77b9b66,218,daedcd53868940d81f8b26a9b5a1ac3d0f280c1bc19426b1d96f2ffdf9463cad,0,692
a2b2ba82b6781f67336601c3,6952,648016b8ef58896f58818cecda964e9878f90dc6293f615a75be1bf12b902ef2,0,693
f0f5a767d6058377f90873c0,4620,b61fc579006e014bf5970f4d340fc3ff844345266a49e57309274dda386c98bd,0,694
1365801100ce134ee4696b5b,1406,29abac4221b7172d61f9608f26c38dfb99453877818b29e06b6005baadb37de1,0,695
eec936eabe414e4340ca150f,2044,0f18bed4f759a6e398ba7912622ac0f0d8f72bcb8017e5c4d9bf4f56cd691393,0,696
8eb2e1208989bed539b3dff1,6448,1afc55d678c4f2265ce2bf5fa8709179e9c0a83604d0ad02969bb8a9d3556b50,0,697
843559b2bb13819222e7133c,5893,e1c1ddb26645b6e6a07f4a026bbe3c580d2af18d29b2a407e44d778578e17689,0,698
aaf7986f92617fcbef92f5eb,400,13e65ee688be18b24ec42a905eea222af00264e7637a3858ce77e9e51885d8ab,0,699
cd9591979f2aaeaf002cd44f,4869,0e61337c23db162b99e472ecc40054f2f6ac795dd2c27a65354343d5b3e05dde,0,700
4aba5741b0b7365767d437f2,5697,1c3c1a787c0c9a52b13318f343b6b43ad703ccc5f0779a9fba870d1e5aaba711,0,701
4ef81a78d13c31cdf2531643,4295,35ab2297aeecc155a85bc8878ac82717ec9423c8597d9dc87f2c9cb1aaa9b8f6,0,702
8574843843ff717bad145b3d,1536,c338ff71c5290503fee8c236e76d5563b8f9e8f1e51d35ef99762d0d16ddab1f,0,703
b30a5a6698f79c3bf22929dc,9202,c507ac967776aa974c8ca50e615910f68634ef3ea3f29718ce8473aea4ffa80f,0,704
6d39ff92e1d0ab2e458ab8eb,2096,d1b0753cc229c7e936ce807052a2da9b434f2d411cb4aff034678e56b9775e9f,0,705
2aa290a1fbab8da1d2d3e395,6199,dfb551b488ac231f5d7b1a4756dbd14fd68abcaad1dcbdbcad5668d4f876816f,0,706
6757640c46e2708446d45afe,2076,3360928c15406459be67dbe7a6b68a4bd8e5baf13389db8ad412bc9a4825fd02,0,707
b3f74ab77fe97fd4e455b1e0,1786,219dcbd614f8ed01b59a08cfff05f735b0127c349b2fa6040c8fb61612b8752e,0,708
4d051fca147bc1388870888a,2413,8378de1db12bf427d548aea1a5d095f22bccd144b4e6cf41fc4a0210a6c9c78c,0,709
ca602a59f1f04b5602381606,8718,b355c20965a70c0217af3843600b3a6740760c263bbf45d55a5a326690b46e34,0,710
52947fc1b0a379bc03b2a2a5,5835,6c730ab5bbdf1bded80f1f282afea1a2ccda97d7882d453a3157554d1df8e00c,0,711
a97f3dc1f293d782516e0ef2,9089,6a50a06a69a0505d080137bf4330c077a6d1c0fb2567c160752d11b6d3910095,0,712
50192511b8df63f2b88d67f3,3935,03e5e686a990be43ce482aee52317f9750e0f916b0675afe960cc59565455296,0,713
f3a56ce199c285d2114a2075,10472,281dcd4e26a72675503ca4975b0463bb33428ac32f6a59d7e05a1900399a08fa,0,714
a9d490a7424c6efaf3c7f0d6,8010,6e1d833edcdd042782b6fc2eb70b176adfc8d07c66b4f66000e996f319022b93,0,715
02734f7e2fa994659112fcef,3603,1763f337c37097d9ea9b17630dde8f28c33d621cb4f308b4a418045f91c67e82,0,716
9de62d249c0bfefab5b40310,4825,c928e2afb0dfcb43c6d6c59a55c5e4856b2d2dfe32bec319311c468b3aa75888,0,717
b05e2f0d8e4536aa954d4d71,10091,1ae28d65f184a2ff8a26fc91406d15ccf6ae4f08d8f519c8ccb92c676bfa81ba,0,718
39ed979d40d783ef86bcadbe,9262,66cd32e9e0e39d59cf1f2b3918189285e3c8b97f82aab221478630d525048fcb,0,719
5366f7f5643573bf0a05af7f,9614,521528f9f089260880b793bf1032ac57a33e1c39fddf6ae859e07e431c6a9434,0,720
c750da2968a496e07682a97a,7997,34eb66155ce9dab9a9adc5ac700887fc7c1a210f9f021f050e1f8d2d1fc91c7e,0,721
1f01661b7b2442b433201b21,853,cbf37b641db58595024d53331baafa9d43b9966267cbb49978a41dcb898cdab5,0,722
adf150f115e4f4933bd1da42,10834,e01d1820510ec17164d948a954362b3f8354a5524a0e2caa1b0cf55182a02ee1,0,723
16a8982fae9f9fc10dbe453d,8329,f3208e3b33dbffcab6d795e2664fd0d86e82d3b834c39d44816da02cc93784a8,0,724
0c073ee429237e30c7bea9b8,5551,379fb4b78ab7c53e94f857e88840e9671e00990a1376be61da0cf7d57600b64f,0,725
0efd185988a5db334f678d43,1011,6ff5f92a6f59c6220c8ecc497b5f80f99635b6855a095d78c35ecc12d2fb8d4a,0,726
372d0fd649ccd928f709dce6,4448,bba5e888bd5db213d69a58bd79b8a7beaddc2f4a82876eb4f7913ba92de926dd,0,727
b1c7f715084cd03e1be3e198,5883,ef7fc642622d40b7f06beedb4810b8190ee42b512c10fdd6a4eb0b5d564fa584,0,728
658b12518f3380cbaeabae13,8382,904d8dc7abe27e347498ca9a1a24506455d692c25d8fd24a3bdf6786edd9f3a1,0,729
81073d04070e82eaa12519c0,6537,fc5bd788cf207e27e4bccd79a31a34bb836c98f57ef2d849a2ea587c9a16b365,0,730
e11aa61c1df831ea6c242fa1,7446,8836ae5c52d54fd94fb7ba01202cc5bc495e578749aa3b0cd354aaabd6c08763,0,731
c18b12017894795273ee32d3,7093,54eacd81bc4fdab674f13d6f281f8e7853ac3bcfa5bfe8c144ad0bb6e9e06a57,0,732
c95e05a9db8c9625ff20fbed,5369,973e5f046278358f641e69ff88882222e1e0f4cb39bd0b335fdc004edbe3253b,0,733
95f0e00068ef276d340d013b,5019,5db0e0325976dab6e59dc8b973c020b64bba5f95d9c47c51beeca2d5bc05a7b5,0,734
37093da9d129b3cd360b63d7,672,3ed40784263d54df4b6237378049e708c4c5eb1c886a680fe23fdbef66673aae,0,735
e3c4a254cd2bbd2824cdf8cf,8625,c9f4e7a2708eb416d7157fc273f29c5f62a685eb2829e87cbea0f5eca8f38e89,0,736
9ce42e00a64f02ee7b199e44,5271,d0b73662c04af02bf0939bde6bd912f50cde42e4d56de248b30ba6a103ec966c,0,737
e43f7c0594c468a3facc8e7a,1929,ed2ef6875a9a63eba1bf91cc1a562e6f71988efb0bc97ec9cf321be2ba0d54ff,0,738
492e3d53233a2c3b061add8f,8303,2992b7cc475f91717c8431b83720f3e69f8771435d63ee99fa628a4cc1f00d4f,0,739
cbf7a803d37927c46c8b8d9e,582,311306bbac18851338ac427b7dcf193bbc2bcecbb626b4d640df5ebde6df9ccd,0,740
7b2eef8298a546e7800667c4,10179,6abdd5f228d03f07f56d02d7b0c0c5117da3e6d560133e462f7191a776d9b25d,0,741
c1960dcb1e27d96a295d939e,29,6e3dc136b497a35ecc53346304ee8fabdbdabcfb2132aa8057225283cdb52b77,0,742
6071283e056aa38e209a560b,7793,cd44bd538a3bd60be604bdae20c8373d740ad6d9c30c14e360049bdc265f6fa8,0,743
ea6f94e06770a2903c7b042a,2174,d23fcd79de0c9ad6065a7603dc85c27f64fafe49e80adb8bb8395e2e1268d281,0,744
75e52207f02034529224b3e1,6500,93e5fa62adc1fdc27df7e04fcf0893f3fea92d59ae936b84524144fbe4cf8fe3,0,745
15bdb6cb1398d9509e65fbd0,3018,84c5e9f4fda3316d2ce1dd258f77cf28c74fa8ceccba969785c86a6bdc45b13c,0,746
49a4be504608e475516bafe1,456,af647b7e78fb4e1ddf5deee627050a22ec0639bfed1cb863d24eca32e76d34c0,0,747
ab4b3e76bef67c9592d3af56,9109,46bab0a0e34ef8167ca0aded28b8d00f437b67bad4d5836b2af456fd5e002d3a,0,748
340cb6d3d2da6c445cc2d6b7,8645,4fb10d148512e6f6bc98e3f20a9492ab52c0b1b0a4baf091abd8539fdc32bd99,0,749
6b54f57ea5795c3fda06a2f9,10021,c5ef7748d24678d5d84ab96a4dcad9289740337604bdcf1aff05660c866f5687,0,750
a7218809bd6b3016696106e0,721,1b1ade3baafab41eabab9ee5695c637fd0ce3f92761b58aeb5dcbd2998e275d8,0,751
45460f0a7403020bf1527d30,3455,42624e175c7bd0d527e98dacb6acd8927332e932f7c1ebd08dfa011c3cbafc82,0,752
17ec754ac18b5ca2f820de9b,2378,e7cab848372db3f686e8860128bfdcd23e53955346c2be2132c8545e1802b6cc,0,753
f22f365cd5da6ded1843ea36,6918,accb21ef6e0d07397c7e012b5767328fbbd49209253c5d0b2bdebe245d18c5bc,0,754
26eca141ea477d68450c43f4,10173,556188be41ae15e842b37581d5d467ec22df21c1bcd8498525ed296cdf2ceb95,0,755
0888485e9e1655e027207ec0,2209,d710231935a9f78e7ccbd9b3c63e77e5d6c6f4472edeb01a29e77aa2f9297f4f,0,756
11c15182f8bbae355072ac14,5031,663e7b5fb86110599664cefadc586c868286b80235872bce8e13b16956fdd565,0,757
c09fe321fa61b3689eb4b312,6474,e4a9b65514ac5de3eb20db1c86372755fdea0bf11e589ec1b22637ef27b7cd9d,0,758
0cea857c22bca248856dc1e6,9223,424059a1568f5b07acaa830c9aea4e468889e62993110c9f8c3105399aa106bc,0,759
d6a9ca4db1e104eba741a18f,6934,9688f475fdd07c31bd08733a47dc73d531476a858cde3aa220108273d81bc1cf,0,760
37079bbd68b9ec9931306fe6,1782,3bf692dc61bed9ef9f003fe2c7a7f679d3b55c46be82b2423b900c30d2a7faab,0,761
698e6155934c1478cd641db4,10157,9f6d2406d1dc7c5a544d6f703158688b7622428e77e01830dfa18e138c8a480f,0,762
02cf6493914d7d09f7d33b54,391,c66b01514a3feb4ea7010a244b624fff6d694c0edee9b98214f3a1b8b3170697,0,763
c264dcfb71c154770ef9e618,9105,5c775cbe4cdc93c66e889715553cbf569d45b95ea640d1aa96ca3fa39372c84d,0,764
fe437e00d92d4ea93983add5,7287,a404b796e06c1f9b595002f17d83f4da23e9cb47d37f0f19d8ae1dcafaf12269,0,765
ecfe98f084933dcb7819fa07,8626,635a81ec2f9a921a41bc9ed09326607be7088374216c56b616cbbe1b3d680c0d,0,766
da18a2296f4288431f602994,9086,9f1107160097da0a496586d8b7b9d5c5848f83918df45839de31d467b5413eb7,0,767
07bf7cbe7bf0537c13202a55,6903,693bc0a64f2cb5734113e75553db6d1251bd83e2bb2a91fa142875b6c76a9e4f,0,768
ce72d3325ebda513a5387d4e,8209,18ece9648e21f72e9d0fdfc761b3ee358055135fe4eeb9ed06900bf6963c8193,0,769
10a669ee07dc1043eae16b70,10446,50cb71b61dd409227ed71347a470f843f23d02df74df8e679c0f88b9b3e3d38c,0,770
0516c5df25f530af51e72d5a,10459,3f7d41218f9175a21b896467c90bc42522af213428888b7b4a71c9783bf8791c,0,771
4eb9efcb59dc5503b58ff7cc,2425,ba7c8827b8aafd34b30830ee6c891cc5f7ad494d0015311ab299ca5e2fb7e926,0,772
70e9633fe55553fb3bb0bb7c,8696,d536393bfe5d9529b099aff1fb16566f7d2585d732edf4436d0a25e769fb23fe,0,773
e6c73201f4d79d14b8a3db94,11210,d033540773dfa59e410eb495aadb13d6a108e8c79b0e6ecae52a6e11265b9644,0,774
81345c653a892a29fa2c0d95,3892,29d78e6351223e2a4801250eae6bd824d337742d6a98b63d279a5c2efb67f5c4,0,775
a9f87babf77b0d8baf9c092e,9037,309f138d6647ec80b39f92da5ddc532b6fc8e96cf5b7581e765bfbfd5c1a7c66,0,776
8779f0758684d56d0c043e0a,9646,e44a108ac86bea278c45b33fbeae3ead3be65dca9c9aa5052f87b5ca3b8a849f,0,777
cc38a1bda6ceeb8501275ab3,10012,e638060c90b21d174edaca980d4a470b84492e760c99995e3c41603b0fd5e35f,0,778
be8f15a4538b631975568219,10137,a644c209a68357169f2dac14c8c4a79c82adbde37e9e40db23aa6c1e9d103d0c,0,779
ba95f86c760610c4b3ff59fc,11114,67edb7319b105afd787563dc5071d16f3c275c969313eb77e213d8cc3ffaa949,0,780
02b4b0f3a018bc975ce4bc57,4137,b77f860462fab5bc7047e1f024a3d7d83796b1f535961c1b70a85ea980a593bc,0,781
46d0c172c22389eb0947af76,5867,ab7a16931cc7ea315addfbf57fbb504828261820b84ddd37369c6d82364564bf,0,782
90f7e920cb33b022ed5c28e8,8926,3c98e37f1192fc60ace58f973a34fd3b487d75d78dcd35ba70d5bc31034692c2,0,783
811ad5c5061263eb94612c2a,10551,80a6f988f412183b1eb81e409e9ce0fc88d074c527d85ad6309a943f95bfffa2,0,784
43e5c37e6710966ea578e526,5613,e2cb6d79bf3bcc2dc47be5943897b18ba2c172acabc385633ccba9149112829f,0,785
8fec1608a913e10d503c37cf,9090,2bcd6819e93d87e8a5c671ac87c7950e6a05c2c9f52f8da751030100c71114dc,0,786
29a66dd089e6b28700a0ead2,10593,46006d19f4f78db328b65f1bb36c8d304aa3cd1a3b5ff934e6e287bb419a2cbf,0,787
b1a875a1aa97ff08335b78c3,795,7b50fa76aec874e373f6849252eca070b3c4f7655aa7782b49e221a3ffee64d1,0,788
1bf5476007ae829bdf0916d9,6726,b33a156ab2d12c1b3b438895e68c378a58966ef3a1ee7703622c4c52cf013143,0,789
07f6af6d541bd26dcf07301c,8387,b82ab8b981d6cc571f7d37fe680f67ffd53c1d65d2fc9b1d9019e72dd7567072,0,790
53eda3f57b385a18c7f77cf9,673,f8700816c5608db53506038cebefac69c88d376cbeb4e10b5fc3ddc23b4d4ca6,0,791
3d10fd7c80eea17672e90e18,11092,d043396479a6b8ccfb0e179c6b40cac94e4fa9cd1941bbb213abb51987d8be50,0,792
ece0a666503a0f83def3d65c,783,781608e65a603215e106d0f96210c7376e1ce4ca760668f4f7e555dce264870d,0,793
8a85a45a44cec4183f433f3d,6709,4105ba8db0b04c5821ab1c2754b45066b83e2e00e47a9a296027ec31cf2e0dda,0,794
5c94916edbe0f656f4639f24,10093,8835bddbf652f76d2b5a31856a823a6304b3a5347c5e3f453fcb7eb319ee4b08,0,795
c0cb7bc4bcc7eef678c22d9a,4642,eb725656c995c94a0b9ae575623cd47bec7154fc80c6514d92f2ef51f68acd30,0,796
216cf8503758861295ff4948,5661,f49065f5c5556d00e41631d259c73b88acb51b3cc66e7800dc02eabd4c242b3f,0,797
81b35c30f65e4dec6da65e35,4456,ad1b4f44742da6f1023b1aebdbf4dbc4847030e3e8139e65f7032100fd221bfc,0,798
1e91f88940a6de3690a68cdb,782,d12c2d510bc294b7e3cd4d36d8940a3cf293983597e4084f273adb8ad58b1098,0,799
1afdf036bb78bef2b824ab58,10215,9007235cb5019b585c14f8938e993690931f8d8513dede11a746be36c559d0b1,0,800
8d9b5a6dff0884f038050837,7255,deaa1704147c9f8f0b7383f063bad9b862b2fb983944041784ae80bdcd38f530,0,801
4d85d67fdd299f49e66368a5,6164,f918ea2fc8c46ba762cb0a9cc015ac47b8d823d983129649b593b1eaa200228f,0,802
6708e7daef93aa8093b12f55,1954,30a25c82eb0a4d338509c81453b0fbbfd776005ba67c6f970e699b13765c87b0,0,803
55e59593a284b1dbbb585907,5626,ec7d1b7e14ccacfd88f084baf580f7c2ee9a2bd37fbf09a2a39093c2f94f23d6,0,804
2516dbf9729ecbca26f86e37,10764,3363004032dc7f442355f3458a491c5b51be9c7d68f1c5ded25a7067303b2211,0,805
8d3d283fdbf5dbaf4b8a9eda,8507,598c2afc3dc2c9f9f226a61640cdd77845ebcb0d232a616ed65435a64d1d9389,0,806
462c882cbca2403abc3b6a36,9633,5814479263a8415298a30ccccd119815a7999ce39ceb9fc23922b13348b0ca76,0,807
42e14a66b4ae52f61cb10a1f,5817,0eb638e450ec21cab2eced24e02eb808e301c8e233ff68a942edef7301aae72c,0,808
89f661178782d9627dbad409,1025,ee5ae4bbb462a084d253f2ae97f071c85920350d1b2111ec1d74031f8251fba3,0,809
e3ceb9ee52252adc5ea97946,6914,3ed7516519abc0fc3576e136bc06b652ce6c15dd720df4f37f71384c84651c9c,0,810
653de0d37bad8e064581b7fd,4025,7ac0979e7f5652a678814b84abe8b0c11c7ef60e48d0da0332c491dc91d19da2,0,811
3dc0c1900abb09c42f6dc0db,6477,1ca5e5aa083826babed332ee72be7f37bffc3b29a3d89795d3b84488a0d835e3,0,812
0dd5173b968d85b6ebef6c1c,6064,456a5ba090d250c36bc28044df76e6d699d5bb8691d624569653c5fa7275c077,0,813
893bad940ee6bca3cb131ad9,6515,526f73c37db08aab61172a905b22b00057f6cb16138d916b202f9a292ee65cb3,0,814
630c3259b780703f902d748a,2752,597ecafea3e854e5bf8b7da80abfa435277c9f5576a792b7bd9667beb9ed096c,0,815
3670224d2f2ad986e9f24e4f,1907,12d33f8cc9decff8a6acd96e2e62ba8e300e223eb34a3ce905fefb76073de3c3,0,816
7540e6eaaa8831fe699e324f,3238,efd0c6f4671c1d44b24ca74a3cf40f4d95516322c2739a21dd1202064887ecbb,0,817
dcc5ed85a6683133d009eafb,2293,0bc223827a7e37eaaafc83ec10d001a9e06cfbb32f39a84097d4c5ba73c88a3d,0,818
18e389d94b32ffff25032cfe,8709,cc5db401bb843742eda2aaeef8852133f827af926ac9f6f3a61998eaded481a4,0,819
19cec4af1fbbcd6fb44952c5,3003,9df7fa3bbc9037f9641457d7e086b765fe954be2a61c68464af9c67b965764da,0,820
e82b660637e00d142df593f5,4818,7faca092890657dda5e2a5842693cba1b38066aa0bc75a0da3eb38ad44bc1dda,0,821
80758a4343f7cfba157141a6,359,44b7782639c48563979eafc2e534a5ede473901bcea1c00ba61056adf3e4ad53,0,822
d6870edecb44f11d6abbc2d5,9965,642336c2d7693a38cb863a8dc6f1afee7615d14d3fb8db1146b758f4e0dc12ec,0,823
b800dd18eaa0ce237dab20e4,6782,90fec6e871fc064122505a272b250b4dea9cb670a087a43de3a3cbb9af786d6a,0,824
98e0100d5a06a52e36ca431b,8373,ca711ef49b36fb70d4f1d049c1f6864b1e8a87cb2e25bdc3afa34c8c9e6f0807,0,825
0325f34119aaf806e7831b78,6619,a73816e205b1d76848f414ce3c988a797963107f66204ce9bd19b65d8797db46,0,826
c6cf5b0c3683bf98b652a820,7282,5319ff9bb7d8b45b4e1e3b5afe694d1d086c8e062f35d1a5b973a60d660818c6,0,827
3a60ab75627724d2140dbdc9,188,f9e768f5038030018e1c86b4ed9e2e1be1b627738d9274b8d526c6a5dc33e684,0,828
cae07550d747b6fc0514d5e8,5062,74ec35706a3bd1cbfbd9e7fd185f796db1230b516dc35c32098b115dc41a1816,0,829
df9234acb86f55e353348578,8759,5f215cdf6a55d8b2c089914d0b6f814bbfd73b0af9937e1f9703ae4b6d36e67e,0,830
fce40ff8c5b249df0026f7ee,4900,959c526a8cc79b76411026506cdd7d8240cdda5e214f9fdde862ec9aaf70516d,0,831
d3e970f2a99765b678402d64,773,0d298e6b351f06762637182f766248428bfb8c850e67f709dc89d4b924282c4b,0,832
de46ed103854e374f628c8e5,1397,9241530f10632d99b79948cf0bfab090a9b0a4521a79d2188108d8fbeb647eb8,0,833
7d167dd791de54f9d2a3deda,2471,69ccd4284f6767d00ae0c6478a9794bf8c9b7fac29c1b73dea696e5df9da8c0d,0,834
73e97c073fb8881955d3378c,1104,8b55b47e7536014a52313ab6c42fb7b165a05d2f9a9cf76c55d2878026b34890,0,835
b41793b8cb6604fb234ec6c9,7914,7fc637b876e2ba81c3c18ff7b0fd6beccdd37748aeae7d4eab665d36cea669aa,0,836
a02e1f10dff4b369a51e41fe,9889,aaa7ddd436b22c155f522ba7ae223a8f8cf49089ed8911c130ce5138193cfe88,0,837
2ece770c67c33fd15200dff4,520,55e8ff48fa980874562047e0f9f00411fa52a2c12b34b9e3b7e77b3de7602f6e,0,838
192ad76e5b2f362bda556ad2,978,4bea93010bd661b253d59477550f964ea80055ae72f1c56c7ba814d61e600103,0,839
481760e2c7477ddf8b1886bf,2634,ac525098c9d4bee1a4c68094712328a4dc2556306ad22cc3e87abd9ebc06da3b,0,840
7245c837bfca5ae709c6fb1c,7859,5d2469c93c35ab002344b6e9ae855cbbaf5072acd98409249d76e03d2a940254,0,841
6c9923c54448a4ae7af4aaa2,4684,4a20e6ac12fb386077bf91445e55372c2ddfe6632c5edc2c9f093d6cf5838adc,0,842
b1108287c6c950495e2f55e6,1162,1732098813e8d9ded4722f5948e22b856bb92523514eb1b4c63fad1239d8c9b9,0,843
7da2faa094871ab9319dffa1,3975,66747b2c033173f00875460e92c72099a0ac76eb56048e1ad2f73a22e41de9f3,0,844
d121f6d1a8a2ccc7dcdf76c9,6958,9401de47fc8379b435b97db42bd488e995c909aa0aa374c0a3f4bfa8319f3834,0,845
2eccd634545978d12c15bc7f,4354,7b33d79b4f63014ca47bdf9f0f47ee460b015574cbf88b8e15437f60422c1f5b,0,846
840977b3d4dc7b7c5cebe7d1,8780,15d91a8fbd685cdc72227717e922dae2c81628fc58860de6f293f2381dc6e500,0,847
13a583ba345b5feb478a1786,6798,bd1b0906fe7892f27730b4a05cc71dbf80ecee37a7b7d802135710e58a463585,0,848
b610c21ff0b71c958aa7c0bd,5971,91ded8191023b20e01aaa01ef4f968553766c66f5b9deec151ffb080f7f10f44,0,849
158e06936e5c96c242b0a518,7599,741d51c6a60527d8c02b37924380455079a78936adc1459430455f1c78cd8428,0,850
57d66b5087beda2128968b2f,2848,d434662f6959ec1b7e971c41943b36267d19885f50681284f9e1b4821e6b9e2f,0,851
d3a4df3d186802acff4c9fc5,1543,ff250d197064e1d13c5a303bff7efbde74b55f5d4af7dc68bc546911d993367c,0,852
98ccfef0f801599dd329545d,2609,bfde43dc6324c7530afb2a0e819a48cf5ae8b727ddc2106283c1ed8d6a4d5d49,0,853
a9613fd818941fc1a64ee3c9,4553,1f148d08a1614d299d40f6d8ee924169b9c787882b45fd595caa894637f9f644,0,854
18322201e2c16fdc386ab469,6945,cf9bcd1c6e5c7ebc9f0099f218baa4578f3b93183b3c14bd63cdf74afa0fb42c,0,855
43012ae8a406de95c80d39d9,1910,0950ccdb0e3b6805bb6f38eb7cfc75e8e1fea7a2b7944465231da4a2e89c8933,0,856
9a5b9482dc4456a53fad0c8d,5738,da30b730401068465294613075010cf5b5bcebb3c8153e9434163ece88fb7761,0,857
2613d7323e52c00d36714534,4835,a14c2fee18e9b4b33767b116142e3588285df88bc9ad049cf5ebf6cb6a3bcf62,0,858
b2f8b5dff7763eea2a3b9efa,1580,135478bc5815ab406f8a100ab911c4fa8e9bbe28160fe7cf8ba067498554c4c0,0,859
207a209a8b4648ba65cd724c,6718,0e457d52ce8e9a8f43a2ce4ab311d9bbfb8bd59ab700258fa017b5ddbdc521ea,0,860
f773c134d3577a83ad566933,5269,07738f6febb79747b78df529ab6cfac907694ab753490249a7f90b3537c96c3f,0,861
604a52d50aaa96392effc16c,86,0176f4c825ada1498339efd6cf9b5501c6584c22e4514385dea446e2dbfb3094,0,862
dd21ce20490dead1fb627c01,10906,e00800a675ae0b8665b0508553a95f0483595eead237cbcbf7620da5660a35d4,0,863
0682b2d833ed3794ac411695,6521,846046dbe6c4719d4daf04130c6d1c5f893e1218b66917109cbb9de6e0961dfc,0,864
db54463c229668c44b9e8df2,5514,62707a40138b71df47f281f29587c96f30ec439f8e8c17912547f7b60480abb8,0,865
dd9d0d03f30b2fbdadc636e6,4326,cb216c54616316714408e4224c47f124560293fe5d9971cda70cc85fc906888c,0,866
842540b1b77a28b8b741dbcb,155,9c3857b3ba6130872eab79473145949b13f530fe49d842374a92628b2f8fbe2b,0,867
e7cd0e2057d68f58c65bf620,6828,b5d78310b3b2d32d56a02d711f886c56934d6fe2ba1246ed4811eef0a579ed59,0,868
c53344cae51d7948ea8a7736,4546,d913456c1cf42b041764419a5141b6f0c68f32f429438e0c988a64ab39bd1fba,0,869
42c7b54834b5f6788cc750c9,3550,d66ec1cac914ad136b736d4603c9bb56f9fe406f56427b040b063dab0b5f8245,0,870
8c070b6aa6f9d40a721e0e4b,8388,2efa20f1f10b9d031b02dba4e89c873d0410b996a6f9dc9a1cc57b444e96ac60,0,871
bd238b43662c21fcdbd8a499,10114,b087d75270573e43b5e4cad0d670f651fe6953bd9473c1716922bd3282acca1f,0,872
054457f6dd44d7f364f5950c,5450,57b4389206caf10e460e4305c0b2d3552c1c18f65cfcd7470f76986fdafb6155,0,873
4cd73ebaa0967c2947cfcd5d,9250,37ae886c649d0d3a46c4a445acbde16a2246df4e1315e07193101d1c3ffe6bba,0,874
1084c4d95e4c01b2d7147261,7327,9b1561e19afa04a1b96d471555956e6db908063dc795c30a038b2608563a0fb6,0,875
b8dd45321e0bf7d7ba613dd5,7442,ec3cf918136373057e851b76368aa1d26a6261287a8e98073cda7f2ecfd77d54,0,876
e3741e51f4d97bccb99d1402,4857,057a21d5990d1ec5f21cab1aaf24ced732d17158b7aedd8d14392b731d2a2b3e,0,877
7693c6d3e07a27b7dee4cde0,9539,de7c0b4cf47dac98a8f6757e8b6c89321288b865cb9897a7158c5b6ccf4af9dd,0,878
29f33abc095398c192e98eff,4529,995558a064d657bc27d1c4d940646d465853535d4b49568857c7477796c8f6db,0,879
075439e308bda4351372b6ab,9210,ce60b6ebff178684793d0de6a95b32dd2c2a303288eb5ced01c26966ba00e335,0,880
3fb6f61722e37b74d27dc5f9,6056,58a1cf335df9d7ec6906e809fb055b7d4d84e409ca8bc67168d1656962d21ced,0,881
7a039ca98a27be1a24be2942,3750,ff40b8619855202cf56c9d71c2154ce969595b97f4a15a1638a6365ca7610333,0,882
3e91452b28ad723a883add9f,3380,0e64b9db64379958e3ef0a7552b54e46bbff8d26c93acce563b8704d183d35f7,0,883
8b40846862af4ce4f13cbe5d,3651,704efd99ac75e08f3efd157d932ca1cfae1cbbd9220121192c2b859ff26b3341,0,884
f955a09838e52db7cc425364,10287,d1dd116927a68f80092331159dd7ef71d0fb386e165008263a61139c486b5f83,0,885
81c71ad3058038938cb1d2e4,10723,799ae69f57e3d1e37c52a8b7b8c5e466ce7f971ad76c9de9fb86343d70d66d76,0,886
9c5e438846c1af320325619d,9457,a6258064b859ec23e1f240db3b2eb13786c53456ef326678b160eca156504fcc,0,887
65d412dbef04caf7eab2f53b,7252,83a7bc1c5adbcd974e8293c510de8ca8c788f76618211aa303977bd61ecce30b,0,888
040ed6eb26a3609201294a6b,4341,b843aa49568ff04981952e4521afab374ca83855e3df8689a6a8afcc4e298173,0,889
2e524690fa5e519db5401961,3712,2e791ded53a25e272ae196d8289850b00c9f9bc47292c76e6d6213dec500e31a,0,890
ced8cb2e891787313b82e58f,7540,f37d37e1359e8f511c2ca73b9c4db75552b36b548b3367f1adb8d09df2578ab1,0,891
9777814ed8130d9dbc32f9bc,11173,9d8a0bf51124e536c2e188ec3fa7b503d556a51ff2a6cfb36283faf9d13265a2,0,892
ae02b9986f7960905bd3182f,8047,be322c8f5098d4b3dca660f77e5a2ab57a6c102d7ac4d854c99a64ea68f51e55,0,893
04c2d7879e5cf50a1d026564,2817,ba3d35cdf8f9aa9bd40206f75265d869224c7795c5ddcedbd03145274f3e2fb2,0,894
0a09b5e4153e220e31fe72f9,8374,e18d0ea229da95250f0c89c40a1e1e26bc3463ae58e234c934ea00d5908bb950,0,895
29502169a751252ba2ef4a22,1326,7b4f90f8b4f3770edc988474807fe1533656b7f4617e020b452866faf92452bb,0,896
cf4542317b1edac16759533b,5157,5fe3d899989bd85e2b6cf79a1aa0012e83a93bc35ad52619696cc9deb75f119c,0,897
42e829d346421e2cee8aec48,111,64c6df1796debe823cbe8adfcbc21ec86d7461797d379a5f4fa16c3dadd6bd43,0,898
32022a2f441a9afe4d3133e4,9236,24f11bf2516f961ee5e4fb8e61d0c311196b6cb1e64943696e05c2e5b528903e,0,899
344142970e31f928cfb866bc,6622,07ed84e76393ff4e14d4b4bbde47af60b933e5ebd35fe79ec2b77262a88c2153,0,900
434f78678e166d517261a248,5273,2ada5a5f9672d70469d5d5db97bdfb7b64e2be3c2186e90cc8571d42995d57b9,0,901
55dbb46c20cd582c214de01e,5715,f7759eab1f3f053b4f6b4348ccf8db833def5ff1d184e26c89c6cb0a63a844ca,0,902
aac338f3a496ea226f03a3ca,1692,0ddafef14cd92884a5f707d0e60bcd85c4ad3ccb73c700d8ff3ac23f7fe5b908,0,903
94f5a5d10f3c5662ca9b3f83,10284,48560a057310d876ff8f0390f65b11774763651888b84bfb8f1047f174f631c7,0,904
119ef8b41c520995ec51801e,5711,fa6ff06e52c95e5313e5c8443ffb937f0791d0bbc1fab101a815f555b9fff242,0,905
1e04ce909b5e02c2d9c959b0,10502,f1fd074f9dfc02e03bac7f9898f1a0b201e5aad2d7b54d4ba066dfee64ae4828,0,906
9be45c24a01faa93a17fe1df,5201,670f647d14a9ef36a3bfdd0bad701bb1c77735c84e66bd53f6af3a5ea7e1cd20,0,907
08fd0525d2922979cb737a48,10466,9d594920d3a52e183ef4b95db03d7c4d979766dcd051a7c509d79b25ec60400e,0,908
a30b2baca848c0fa81f47b7e,4751,8fd360b7d7301105f5bb879e0829d2e33a4e8144c0fcb04fea3b59e5b6585af2,0,909
f2129c3c6eab1977e6f44150,8763,c351ae830614f92bc47ee5ba35f569d0eb55719d02e34fb63056d6a3af395f5b,0,910
007fce0cf206275b0f6c4554,1150,7ec4b0ecfc6935538ee454a7420b1938c31c4ea8d4fe2a1905529ac4e728d285,0,911
6797c5cdb6ef58f9501127d1,554,0ef4568e81c36e0182f5d810a37fa296b8b7a8c77a538231ff4be8e59c39a15b,0,912
8404370e65966e643ddaa2a6,7738,2e44fa566a1d25653988228ba42f8e3cbe10e0b9ad9c679474ffaded50a93ab1,0,913
71c3af927c03b070e3c5b345,5671,907f9fc493b6da57412bb7e0a6832cf91f716aeb85db3558282c03d794815c0c,0,914
48ceb3324ad37bd55075b6a2,3361,408f521cf4fd50cac46bdee31735258a99b84dc1e8c5a9638a812a56c6a2db8e,0,915
a50992a22bc3526aa247f518,7786,4426d6bb5169f286a6a47d3f4154e5135180444e8b64bb4e0d962d906bb4b971,0,916
aeb050249dbd33b1c68ece34,2655,113d9cbeed2e802258f7ffadd46998afecb2e55c922ad1652ac5bc1c31d90d95,0,917
e7e989583d3600e22b01187c,8020,1db22f040ce82eff3e4c98ef6310fd19c08271db9cf1c23449df11bea1cad46a,0,918
45c1889599e4f67c957957ae,1724,dd945f24324e0b1c7a5624b593790d715651225d234f3ae41ad5e1d1c219872a,0,919
682a5dd23e7285f51252dfb5,1979,f5a627221ebcf34955cae15cd57e11f1915dba598421db117f88e2dcc0a0a48f,0,920
d253b4dcc45888e2a60b5b72,3386,ced3c216c25926a1bac5a61703674b2b12fc7b71dd1207141e49efc7ec3d017c,0,921
66ce22be1c37a4907c7178b4,10776,89bac35cf98ac90a1b4d844166ce7bc4cf751e053bf1dd87af5fa33607120fde,0,922
728a6de34c67deee019be54b,7680,df753435b93faf6e5018ef501a88bbbe646de20d3fc3da75bac0973c4de67db9,0,923
6c6626569f53a2f0d7abae44,6704,376bed5bba5089688bbe0bc42e4312f8f537d065c7f375c0eea2e471eeec21ab,0,924
45832d9b8df0125cf5dbcd88,3313,a31503a94dedb695d9a7f29136d6645893e5cacea6a868b330a5f898146f2015,0,925
ce81367e820705a3e5078acf,3861,a9b9e2fadd378af32a994310e5b9d7ea090a448de1cf7e835f5b6ea5b28b579c,0,926
ca876c3ffd4e4a7b6ae9acfd,5773,376c5091667f1fb9f3f2b84642b70b8071b20c7cfef73f2b950f3f4fe4ae4f28,0,927
d3d7c1b9a3c0b2385f0927e2,9951,747d20d2977feb862a203f7a1bea3850f16b6deeba56115b6d30ced1d6d5bed7,0,928
be913b9e951e6b69a7f0275b,2372,498d7a37d7c3b24b4f6b9e47e67ce425133df253d37db7f999ea0c8c43a1a4db,0,929
47a8db0ee2972be1f4c662d1,10403,83918e5412b02082584538e42381a964f661cc724e78af9c630b380d54f68f53,0,930
0982f677bdb28f9abd8baf49,3213,f463d3e7f47607ce8deee59d3f54b53e0deb47490093fcf528da52dfd3941e21,0,931
7aca035f735fb43920135983,6679,cf4084af129d4768e64c563bf3f28cb0e42edde5cb5602c17f2f86e524e34312,0,932
2b8f9efb92709b0001364d91,10980,737450746f252f49fccc33797f2422f25833d91ffa7555fc563171ecea6f5f75,0,933
790e1fed47e3fb5ca70eaad2,5030,7c52f606bc5c3265fed1e66d885ed80be771b1d126e37645b10487f0376d2e71,0,934
2801a6d8560c2ee8dfddcd18,5016,1ff883691cd539b7e6b3d14a0d05161cbd65e04c4524d49f7d2b6306c3391f4c,1,0
c5c3f4121b2711c6d98ccfbc,6629,9436a43ac85be09fa9bfb9d5e8526c6e70439ec2a423f421e01d695e602465be,1,1
2f737e1dc0e163ca892fc567,10713,5bff6c04db5216c673f8d90c6f83c43eb3455fd11848ab149253fa036a8abbe2,1,2
073fab3b7b88f600b3f5e68c,3694,cb70bdfaea430b1ed3f3a6fee6aedb2d4044e48c1ed772ed4ea68f34347114ee,1,3
898ad9a6641f420cbb75457f,3065,6b8fe05bb8a8550b1f57765f723f9fef137f2744c29aa0b2ed53175bbc50d866,1,4
3dd414c6b2eea83a66480758,1676,d561eb5683d54254ec84c6b76a3ccb10de03c616161db9c57145dfcb01e8254b,1,5
7c671262c0e6744b17fe7e98,6906,eca98ee0ca94ce292e2d422c54b216b2dd2f8e86f11ef0a404e1efd720cfd318,1,6
a2c415f85fbc63d70e867f9c,11039,74610680d727fc04c4a13d606bc742a9af0d6fea9a74fbe7088343a76b8a7359,1,7
af3ea9c63cec682361b75460,11008,c0bdd0323c3d6663cb0a1db1c98bbafbfaeb94fe6670ee9eac440ef583f94ae9,1,8
11cc108407018af2e6b38b2e,7223,8ac51944107181f40e5e914648b0c38a4e7be8926398877ee97b40382281cadb,1,9
2e214fe004e8e760f252563f,5589,30fa8196df99056c359ac38b0040d9d7b858762900a4194bcb5947f13e59b8ee,1,10
3310583915780242842c7689,4038,cca098a60634e5978a6a2a230d0985bdd350292649d4eeb538279faaaba7fe69,1,11
3492141c4d9f53e0da21d504,1854,960243fa0e69d3f3c52199cb5873adba4848a8ca888113cc4218eb7c88bd2e8a,1,12
259b981539d5bccc7d12b81a,5701,93dca9a99f9ace75474918779f4eefb16dd89c79156cbf9cd0fba405b5f8c230,1,13
ed82ae483bcd36605d494fa2,7055,f06bf921de951cf808ab818b7745e8b50f09dd3a6e3d5ff3f367962780169076,1,14
f768c3fad979179852afef66,11000,5b5f5e1555cb1316ab789cf1e46a75519787b1f265f3efef1e0b8d9409aebcaf,1,15
e634372c9c88dc4183bfa7f6,3419,933c917d02bab35b2b00a02994c5e57e81f9b8db5817078f01a2ff473e717435,1,16
20f079263ddde67c27604e10,2492,00a7bcfb860b2fc240e24d46ecca15306d6fe52674a6709eeeca2d972f1a06ac,1,17
0dca48c8009434135ebaf5eb,5765,d883acb9887a6455f4f86d242253ddcbeb5e4662dfa49a733bab22001a9c9786,1,18
293e703bb5aa4a2015639d24,8770,cbdd4133edb0864bfa05720ed84ccaa7d76d34191555ed06694b268736935712,1,19
fb983a984e4cf4065ed8e956,6590,086bb03a9e8e522d38dbedb265e01948f451de12d1d1c6291a059b6effcff846,1,20
cdf5181a7d045e7ebe270181,10720,59776d890df6e5f4be3bf3b9dad7a4cc1dd2edcf4ea9854b7ca74c2d0c8a5330,1,21
31b0dd0d8fd247493890721e,10007,25e772202ea5f39f421a9c4c2dcb5549af564f8d4b85fda2f727e4395e22bb38,1,22
cca071b679cf84e86f2db1ed,8430,e8f8bc84f9e46667f63c9d00bd2ee698726332fb7ea46809d7dc25e0063e5bd4,1,23
e187495d32e40dcafa0bec70,3144,e1fcf0851421700817b17d0a7bab4b4fe26dda608a27429a1b8598dba7e8315d,1,24
6cd5e06d0c3b9d3dec869538,1485,f65e6542aee90308bc95039adf5e4198456b3bdd53123559c2dc8ff514adbb48,1,25
f2c4eb8dd15e314c52adecb8,3753,d01a2c63971cb6e8c2260b4ba9a06b1e890fc3687e1234b8d9025c872723549c,1,26
e750e1bc35b0ec33ef9ed422,8317,79cacb2f39890e68c3c2d52527f3a4c3c5bbf5dee0bd59cedfe62bd649abac68,1,27
e12b04979908eea66df05b20,6951,2a316a4504141a92f3500b03461e831b350812bee0ec66df9027bfcd36020e42,1,28
f1c1b39a24b0bf8b5327bdac,658,69228c4847fb1ac505e719debcf6fe901402907f6ead35fe85fa72126b8d7a1b,1,29
ffe0f7c7af359e45bfa076c0,3502,1c97c0788c48d054b6271c8ef2903d780af42d32feedf75a92fbc014dfaf7565,1,30
46753dbfd682cdd43fb98442,689,c0ddf4954770d2ec33a38023e5c6c852481181f3078bc7c45e553f63b403a277,1,31
98f3a5bc08740220705419ca,2854,da8acb062300ba9b17237971d76c68bbaf605dc0f994718e9cd09bd05371ab89,1,32
aaf9db38a505d19fd3ff5695,3600,664312161037bf8adde10f8b6842d2eb9129485f13e64368f1f618824729d77c,1,33
7e6dadccba5b98e56f80a37f,3682,1e61b884985a2bd7309a4b77da04832d81845c61f2c89ab9ead60cfdce05035b,1,34
fbe8f06d6c355f216be7b17d,4953,9137e18a3649578e8938cc98981a432f6cd4d4efd30c7d545c0dd9ebd9e437b9,1,35
569c59fec6ade1d14adccfd1,3340,e2f12b897f291a480a2bc1a0eb342f16b78a0e20bdfff6b9b51acf56733a717c,1,36
aef5e6fad3520a12d9508360,2172,7cba3437faefc3ee633c54f8cb3155da765b48a46ee817aad918f206ac6d8e58,1,37
4d2cd31d71b279b18d0d9860,2661,56f7f222c2c75756c92d22fb00b82ca6ccd2342203c1f0f99a5642fa733c34ec,1,38
45320b6544f392643b8361c0,10842,29a6a5d10215252285456af65805dc188c4e15be9731b74342c822f4fe7faa1e,1,39
0809342fc584efc111a0906a,6174,ffb382e0dd76cd0b68017e1035241d1424e1466cb1dbcae84d524edf95119533,1,40
5e1ae11427018d7efc9e7434,5757,0b13e0c2ebc7a37adb38a815c8fa46b0cf6d03bfc35a8681da5a6676bb18c825,1,41
517764eb5eb0d82cd14ba0ea,9451,0ac6a55635551616c1956b51f09b96eee7379e25515c8d68c4a2908cdf77f116,1,42
4f30b8deb7b139e21f97313e,7394,b1ba7df770046fc3380529b81c2e42cd64eead966537176100172dbecfab22d9,1,43
095cea90ab637355b460962e,6363,d02e599a50ced082250ed4ee95b90393a342f4725213cb42b04ddd4343c6c471,1,44
c2e6a5634e4cf26893bd52fe,2932,d25f77f87a94747fc02823fc6a4b2a57cdb86648aeed3c8bd9be2ab92c90d822,1,45
a3b41ef31ac8d8b694e9d126,10447,07f60c5e49c502009b32a04ef32d6cf8b5d44b13505ddd8dd6657e605549eecb,1,46
0bbf66eb0cc974435f14ae95,3711,aadf94f9305b3d3c98616bf7ffbd397eb2210176e23fac604432686380ea77ac,1,47
2319e046b5e842427ff46295,4579,f7ba2625aef209a8deea38a847c2262b04d8d91d2755bee89d2d2809c1b0e909,1,48
65348e5e78a8c6a405967eb0,492,994d1b3e1541d025801ccd8707aae7bd0ed7d217e8fb5688945d355bee1bdbac,1,49
ee16b0ffb27213e6c2701f71,7860,c90aa13299a909edece0f63b650fd79cc53fd512a8df8bf4fa8d25999b2dc4d6,1,50
666ef978adb69bbba189ecb8,9148,77f990b2fd20bf637114639ac0581593fd51746f79e6c1cb9dfc01b9566a044e,1,51
ea86e5045b7c91fa231195da,6857,c718a5ded9258ff6959e50d733b290d9edce2a81fbf268a58f87046062db37d7,1,52
148c1b8cddd8b3f1dca65b70,2840,1791b746cc1118d680289edf2d89d32e9c1bf7c409d8a5df72b935636c0849fc,1,53
0e43c16169ad62a12c336193,2653,b4afd1e35bf46f93d9691c9518c416fb9de10ff03d9bff179e2fdcadb6f09a80,1,54
96b9168a40ceac3531087fbb,7817,8a03546206f6fffad2d1934406b80ade1fb5575b0172e981a84caea221f41a6f,1,55
8e1d5782ee2b5144bc7d7b16,1484,73af3716fd12a517611e84e348eaf714eefc1ec54c36ec273b20fa2fff38dffb,1,56
210f58263630b464e1271cae,926,d09a0e25512380cd80fab1889abf806b292557d37db3a8942c2fdd6a1dcd6675,1,57
2df5c716022ca217927b3480,334,9541a74d1cd381a540d4c81e2b2d67c8a57de535aa5ed17897e933051048c06f,1,58
6f0f9d9999e407a9e2b61333,4683,73a8a4e5a11c1b11557eac50037617100058aa419fbc3f1e6f3c321acafef9e3,1,59
3d8f56093248ea6c6be2d953,8958,0daefcb841574fe5386861948cf1f56f93fa5dd6ec50dde6b4b7449e7fe6e14a,1,60
f724d547aaca1fce73dad85b,5571,b4d74cdbc770e38d8e7b2f7c25e426dc0040b0e18f8527fa51a6cad82d549707,1,61
f8074fa484716abac37bc5da,10982,37ddad9263b6bb373b0aa59b02599a62b44c11e6342dad34461d29d4581972bf,1,62
83b231767c22c57cd6779406,6802,403a88eaf8c9d20e808e9e9e23e2ccacf2cd983397c8d28d86229fd1c82c1b60,1,63
d44d2e00d46c7f20d333fe5f,4376,472e1a63241d7a5376219d9804a5eb8ea04c548727013e7b7dc1eb4b34f1faf3,1,64
d2aeaaba64fa62527b1ca018,308,0a16278a894d09915c4d545aa47c6269c5d9e90e4c73b1b1b71d1b79e07d345e,1,65
1f85a3e159cc269415ee72c1,10279,b2bc8c9938cc5dfc58e8ca83ba9dcca951df159512a8fb62a1fbc0ddfcd0baba,1,66
a8c5f23ac85c641843a5b431,11104,39617322dd62aa05ed466c7601f8882a2c682cb8cd1604922c0eef4ef8b4fd1c,1,67
4d65230739953ffde49ab1fd,9949,1c3806c23266c1b69f01282fd268f5347cce2871717b6d1479f09e5fb9e58dec,1,68
dd5502dc2121a31960329afa,190,f0aacc15e56db2f428b12b38b94ed46f4031aff39f9b44dc79d9ada30b6c559b,1,69
b058bed06a8e7cf9534729e2,5132,4baba0efce6fec260bf8f5a1dc363550bf2add8fab36d623526dee26f2565e93,1,70
d18b73e62e58837946c210db,930,76d9eca6796414e8fb2d5c11008a6917e9eb0e07a820a432c3f9ebcc78596ad4,1,71
12cd9a3817f7300b6d77b242,674,3cbd5eed6bc986ff71d6c030dfc0d8ca4bea967226ea7e0fc918b7fccbb42a63,1,72
8d5c6c6e86a5171658629f6c,8980,d5eb80654b80ceb4b78cac83a4648788fa54aca349cb9890055cd2f908a37d71,1,73
b8a9c0541762b0e5d42b2981,3968,824f02e1b4fc835eddaec958f6eb4c0e124ba59ee9daa5c67c5b68f326da22c0,1,74
0bcb8042f683a2dffc87431d,6608,b298ac56417e4691af4117abc024972829b44b6a299b5c9741846c58d895e9e2,1,75
f6a34b3010a865f4bf12c6bd,8531,896571db8edc629959f7f19c1ecb1850bb703ed8f527f182d63e6425426eac58,1,76
d8f27a65e58be1aa4a19c7ba,7800,bb9fa9fa821bc7202fca46f0c53942a8a9c95b01d01422632ac1021507958e01,1,77
daa164a1dc7455fe70911f86,7562,4955c0bcadc7a8612a092a5169db68934c5cf6cdde9794fc6bc3fdd0e07d45c0,1,78
66cc03580f541c3ba24da2d0,10853,e87658225b00b22de500e76414697603b7c67463b2358edf26ae345e31118179,1,79
0dd7bc2ad55dcff330e634ed,9196,9379599b0b318d35f180e6cac28da833df2abf0c68417cd4097055085b47da23,1,80
19ba4c3e00451391776e64ff,6279,cd65af8a2092a91824ce34063cacc2f2e83b2351c57b338e37a7e3ca1a57d560,1,81
bf3168154572df17f73bbec0,7807,670e827fd059962f83706e41f63ed8e51818fb5958e25cf025fefc396f034957,1,82
b5fad4ab7896fc0a3c20df8d,3462,12c13aafb19a11d075c03442e8109b0e45558f653a78e4a81e34f2e19ace190a,1,83
a21ff4c924a855784aad6c07,1605,26d7c5b43adb71f186ed84bd949697baa3bf26131788a768843b65d274480cd8,1,84
93f41d8fc6c621eed77c00f6,10158,c89ee0e852be4b69673952fe594c62f144bc16dd0ef7da52e77e37c83f4f98be,1,85
7e6960297b31b4a979dfb35e,1545,3f47c3a6e34b12a61c50e9c4a2583ac42fa313638c2738420031e5546b104f59,1,86
5ca0cf190ac20b648582bc41,101,88340f4c7ae459caad4ba762771f83a7771c530006a118ed4d76e7b294956d75,1,87
410a3baf455dd4eb111c5b96,6988,c0d59defde7d5cdea828a36bf2e09c1270a5857e5324284c359be13ef4c9a047,1,88
7afbeb9614935282fde6a528,7808,76aaf9670f7a4439e9e477a6ec4c6ff3a6b59216096ac8dd4a18f39a8b15b81b,1,89
5bca65c43d5757f7d8ae6b6c,826,7703858b2d5070a1ea98f85f7fa1475502f05485cc4e0995c8b209a19d7f0454,1,90
8c104e5024374587265ce77e,9395,dfda9c454ba9fdaea8663e01fa1cac09202ca6c871fd5b5693bc450723382df7,1,91
0803ab9b75fc645756c7aabf,10960,232f9deab246da6b151ac81fbd7283ec3d20c3476e4a6af44e688eac8880703a,1,92
1103f1c4947e108f9f91620c,9899,a18c3a03f90606d4a1dbdf41ad3662f5921b64dc29743e5431e87163e94c2bdb,1,93
40f93e828e90971d1eab04d0,9892,f0949ae6d5ca40c05065c6d26b1a344d63189ef2886c1c0e9f30181fd6402beb,1,94
c2f5ddf249717a539d6148f1,9780,ee6f233fd4d5d01aa0f86c62f735b900e574b69fea50f3cea73183cffe535628,1,95
f6adccc536b514c3abd6b911,6758,4f2583a4a2837e17aeaa4e8e7e34668723c3bf3bc7f6de48f6a6029cbe0bc8da,1,96
9234d4739b86ffc86ba7757e,3406,f9614e1297b30ec300e3d1da5f03eb9bc57c9b195f6d02ba68d73f3df7908791,1,97
dff8a528c34bddbfa1a05065,11132,4a8f1fc812e2869cffe20ff0125077eecf0fc81fd022c5cb772aa50db58fa17a,1,98
3bb7813d2b8651d1ff3eaae3,11146,84e04355182e8cdccba847e20a5190551bebd60174cf99a6e3fbe69151774514,1,99
c488f5c7d8455aa2cc3b7ab7,1791,8f538c74ff4eab5c5e07fc70d9dd7c2f86018fa18686b97a220dad59a567d7e6,1,100
703ddf2ee906ae009404b4e1,5259,00fe3f581d5f8a7021b13c5fac644af6779db80333caaf624cb03c5c94e824ae,1,101
8807d8faeb2f13cdc3e386cc,8658,1c8c0f2be0622bcdefbde60f4e00fe818e64ad671a6e160faccc59d1d3f74bfe,1,102
3c412d81a686027e5d5a6553,8542,2a46209de68ea51745e7680ff44b3af4494d6fe1b5e865eae83d3499396e6f3b,1,103
91f5ce8fe7e1045532c1fcd7,1591,6c1bcc1588e899395634746f9206bfc310beb02fb40f4674ae3712b997dd5d51,1,104
bf52b1c2cb1ea2faab5cc411,6552,8832a40a19ea02f23f5f474df283b1074abf4e2be020b3d122e9bfe854c8ee31,1,105
cd888ea718922084b5690dcb,1386,c29439add59ac08e62e0c9342c8d1e5a97571d081595323be67383ab97814bca,1,106
8d7324c8c330866b7a94b3a4,9695,6157ef886a26657cdd52246c647e239714d39fa0f1e84740e6673124d15a4007,1,107
04971fd6aa504f4ccdc7c253,4134,d977be2659597ab2343dad1e34e17561de649c2743585f560fa708c1f0a58619,1,108
8136f0c504123d38dc0ff343,1617,3c95afdf3806b030c04d1c8ded4d75bbe713ffe00999823c6ae8712257956322,1,109
c7509a6c64dd9d5fcfc06aa6,1992,5b6f6114136ee16687f2df44ae0c9b4dcdbd6f0429eab80c9cd7bc6b525b97da,1,110
f5e696aff20a7b8ef1c3a4ae,3085,ebdf417e58f52a38485bccffcc9d29512db60fdd2ba5009f83a154cd2db0aa27,1,111
ec5c70ee4325dd3bd6189c24,4271,6fc6a1d4d6954998c7241eea7a6554282dc83208ceebf72802e25969e25585c7,1,112
1b4819c72957c11d28ed68b4,9651,9d7f635bb256d1fd3559a196e2f40c94f4120c086a6491771ccd1f4b0473c64f,1,113
3fac9f7a959f30344e086783,8967,21a01f620725980d07a4f1a6e98d574ce208cd1f90c7b6ee653afe2c71e553c9,1,114
0c556ba23245ce96623bbb0c,199,abcd3e9e317504039cb85dc230d489d21a7dedf2e7bd1a65a0892feebfb2a643,1,115
b5e2b7155d38af3455c1fb89,87,c1a50b05167459fa19209154ebb8bbb2fb74b4f8e82c381abe5838c7ee9e79f3,1,116
d69071bb1125cef2b596385a,6100,757e434f9233d4ac2e30f50fd15b6389bed6e5e2e50ff4aee85c3a1181d7f09e,1,117
2f708ae03262b0d4031d6d0e,7166,3ed58514bbf87227fa712a20062cf9d326868bd4603e26fbed5e1fa92ba72c04,1,118
cd35c65b3bcf1738e11a6d73,4188,a6f15c011fc7822157c4f38e13b5250ba8b94d68a1003969337442518d159e25,1,119
5e5bf9d1342028d783a88849,2847,90648a7c38110ff611970564c7938f607719b7acd4bc1ac141aaa1d73c0e07ad,1,120
c7fb50f8527d3dfc7d67b147,8685,63d391c6aac447c2136b822d1b5d126240a64577b4fcaa3d689ddcdbab6652e3,1,121
b5f18babb5e56869a1400e91,915,36b25e4e59eeca6bfa429102ea38101b5645ca6d1032451957f29b0c28daeace,1,122
d6bf1c7987f08f3e690dd3a0,10362,50506f14388f3c7b6cc4d4d0ba301c03e0a966c43235afd6f7444e82a118a436,1,123
2d8e7ea8cc1580e5c447a97e,2859,caf60d0e001b7b53c1cfc953db2d97e862489d08caf1e594c8d536a39e737f7c,1,124
ca13f66ae1bbd35244f5101c,7276,1e59039c23cb55f8734798b00ae2aac3e31767e0fe25a08121eb77d1c3457797,1,125
aeb3926cc261818279574ddf,2064,f7dba5ae256542efbc0507621fded1ede2d6245f78723c2b727ccbacffac4887,1,126
68df8725cbaee6baef75b4bb,7270,fa651a6abd2c909a0484a031f01d559d1389d769a92df38b14d3150c976d5112,1,127
a35908e127b3bab94a05a8c0,8657,fe2033773e76900b95547bac5583ef4013689b3f8ce338d1f5732fa6c460e09c,1,128
0dbe24112ac5b9353da6001b,8091,4f31daa35007939216fa52ac8dd895f2b1de8c83c5f95e8f86bb14eff6f91227,1,129
9892d496b624d667d133961e,4774,7ea9697bfa537139adb4637eb72bb908f7ba8bfa617e5f67c1132861eaf5d100,1,130
7f3d87524e1430ab83d2a726,2170,c98c2d65a92e5d339b074f9bfa96c0e9a9aa51435e38e789b3b26268add07ac0,1,131
f1e0fa21572707464639c59f,8929,ec9e9211f303de41bdd1ed2a8e3e26a76f65fc575bbc8786deff4e8f49e7ae91,1,132
f6ccea8191f592712e873e99,1732,82e190e961a8f362cfbabd6ddf55d47c647b007eb65f4322e5d464b0f1f12b24,1,133
abd4eff74e84b61f4bc8670c,4611,e931c6733119cc6b366cce4a856873da595e2f717a86b6a588a3278ddd9d7a3d,1,134
63a94ce476e8f8a26602a796,4715,6a384a4f288c4eda66fc3557414d2d5bae4f240df07b4a16988dd20c385188b3,1,135
ab6a1ee076deee9ffc753ece,10058,c45c2a457ced3e5f28d9d6c44c19ee8ab9c3f04cb71e50e528cfc817c812b14f,1,136
43da4c5d54105d9898298e56,10393,aa2dc927dcefd4e5e1b0602d2986797d2f3be7ce339a9b0539b6eed0a205b444,1,137
8d0d612a509fad810a5ee016,9190,417d01bcdf4142676fb1401db0627c001840f8fbfe6153558bbdadf12fe860ef,1,138
a0ce677a402af546b53b0d80,2015,3e3ffbd782ee62ceae141dc1cdc7ba564821c6e4a0522492d4df97cc065a9428,1,139
b5c07575a6a3e3f17e335565,4534,32e989e5063d2f169caf3220157d1fb54b375d39a0a67c5eb2ae420500ed3848,1,140
bda0ef7f91c26ac043f57d4d,3680,452d5fd2f7cb328b1c631fc1ef7256e16c66d878da456121d3e94c2720753962,1,141
3e0bbcc49f2ce5256bb4aa3d,5089,ed4cc69f0644c52cb1a74e9204bc10b4bfc3aae0927a54af8eb1a43934bbffb1,1,142
14fba0d95042bfbe5d7c7d9e,330,f9e37ba6c457ec969270cc6b03f7b1204479f4daeb978668b64b4c97719677a8,1,143
e17668179ac7be01b21439e3,3780,cb1a367b29f9b3c1fc7a6efad24d28bb204ea6837775fa588ec6bde97acb6b13,1,144
78d05a3ceb82fd9f41b6d2df,9017,8f527039db686192746e8d1cf2107155bb81b7923457c1765982f6808f748909,1,145
ad7896e5105d4ec058da8bbd,1965,6487abe2d113c18622bfd900a087ef25fb73a945f3827683b571e3408176ca15,1,146
351172210c47a3131ee9e93f,5278,efdae01d0c971780686b57aa4051350427c39bbc156df5be5e3eb33e5b210b23,1,147
cda5872aef7e4006d59b43f7,5080,68737eb389cbca6b76ca07753865fb29851f9fd61e13b6c7dd4bbb6623ba6827,1,148
3909f0800eff4567380e26d2,4836,3dbe23ecfaddcd2543d765dadea9ef323747db1de15a3886b394d43a9d3d67d9,1,149
4fa084d84ea99f72a0e16e67,9261,5e5eab322ad50646c240a5e775ea36d59b8484578d860b56cad37f4d77e2f174,1,150
e5df86d20fe3007a92190546,9733,2f0fb95e3c53bff182b36c7a85edcc2835ddf6ae6ef6a70ce549142d6c447b86,1,151
02f27364ef1e7f812e00c42d,9296,068a318ed9c2f02ff95b40db26449daaeeb0b1437093a8d7523fa90a6bd14d17,1,152
897cfaefa0a1d278789e5725,4182,167b72c8bf9d6b39f38c9e45d8f6f288a0801e71ccd0b626c5e7c7920d5990d5,1,153
50ec5777a4ef0857207a125f,4974,c15f796dbf6d48bc9c430cfa5a4df9fac7b01157612cf7859bd12171bb4ab316,1,154
ab7af934ac0cde60b5958b54,2184,d869b92ddd361b21c5a706661b6429a78fcdc497ccfbce4ccf957e10f8c86982,1,155
3e0afc969c6878d5ab7186b6,6642,ac058b73f776c63fdbf9da5d47d7902b6f4451784a04ef438ae4a429b8fda323,1,156
14e2d221d98f7c1aa6a9bebc,11011,ffef64a50023698e3ade2ef03918eb651cf75ab4c5d9e0c94f43c7cf8673c670,1,157
786bf949fe9ae79acee2ec64,7917,b94076bf988565628fc3689cb56bda89f0aabc9e51e9c7100977e9b407a427fb,1,158
25f6101e27c0f7e465eb702a,1166,8ea284c8e57bcc45f4c32c019db525269fd3e34e4e3d281ea222fc6f4ec02f0b,1,159
4cf7470c01889a0d50885895,5713,8855ff07d34d9518c7ca3f2ba77052ccac46f9b7cbe9e39c3452fe6b45722716,1,160
4d2f2b360bbc1bd5079cbd07,819,602daccff04c37734a93c54db6add3aabf8f6cdfd96f4c238614f2921b9e6254,1,161
3d6b14b1b72dc2a30960d451,9611,103767e76410660cc811e9dcfad097e9d75981f63416ab621b9846e2c76c593b,1,162
8fa9e27fd5fbc2e18fcead43,2490,c369790cca27f32e02574a555838a2585e7c40cd9eb6b6cce734e0ab8a6424b2,1,163
191ce461c298be7ba7f8c512,692,9c652c8194a1f0dba6e4efdeb9890bec2d573a3a1910b92e1f97858bc9e31598,1,164
8d967d16a3e7d94b7a926537,6256,9a46d40bf60162226de547ccf636a79d5eca54e5e5c30eb32f5ddf7a843d5398,1,165
4f5891169e62f293b7ea3d07,6367,54a2d1446c488f6454aaa2662d1f49e90613d477518014400177b45c8d8d6b1b,1,166
c7c5852473da79c7a8a5bafc,1593,f4a030ffe8220974c9ceb75c6106cd97a2931658c7ce1b61fc413636d0a421a5,1,167
586d3f244cb1e1823c7c2be4,4696,075f20dd34508e5614db2c4b95bdb280b99dea878f5577d93cc95f341c1873c3,1,168
bea80a4feb0a8ae357ead107,7266,bf4e6b8fca7b5c8e1581075c30bf83dfc5d6071f64be74f9ac8733fa771bde8f,1,169
b41f705b20f188fadd7fa826,4929,91db6eb01f258ab6ed7d179ef0f0d03dc6030bed96a8a09cd1dfe8864520d3d3,1,170
3a77b3e4d666980e130b041e,76,7caee91a8201b7d60afcb47328e98c11cf50a5593a18c93bce7b85e03c5ab42e,1,171
41953012ac18a298c2664b17,2404,7b1e3326e1f851cc534c9f1a48150e1218fcb14808bb82ebf7da650623a5e878,1,172
c7f6c7178cb83b97a7351faf,4212,fee64d6d35dd91e3a921b29d0f594c2e94476769b49f08b722743ec0ecf53a0c,1,173
f815f38858f2697124e34705,7658,58eec9164f5aed42a7638bd9a6f8a1d487dfded69cd4a1f77d390666abc32e73,1,174
9519b8f102f4e450ce49061d,7531,a022c7d2bbb0f01dc923f40cd48a68ab6884efe7879275e268f251133fa9a19e,1,175
8c059790328653dafb4b6278,9793,be99e5b7116f0758920fab285f6906fb00a7adea06474d875daf10fc6fc4f402,1,176
c73f1d1741e7b01a20f5a83a,8079,0abb1605e346eed847048291cae52452f3fb65addad9cc0fdb900b4c0d845691,1,177
f63c2fe2eec882f7ecaaa36f,7187,e508d3b4dec168bbdfb42dd1e84eb3647f3c9e49066df00f56a1f9a7860ece46,1,178
cee25c876db4456725f434ec,3624,469002af698c991f99d0523160c08f7b89278963c687e7d9debd32be19ef2bfb,1,179
a725d221983dd52c554eedc0,1554,69cf0f97567d7ffb41f3da154fe2d881a47418d037db76b881e22bf57fd0b60d,1,180
8d52784109c990264e7adfa9,10855,ee7c859b1fc27458b56dd75ed0ef3baebf07e8f5455b3e9736787c4b23a0677c,1,181
6e797c3a5e67d52716b58721,834,b613107bf5a17eb9c2ca5b697ec2cc11b3ab44cf1bb06aab9e59f90a99a3d1fa,1,182
2da5df9857684033ec82a0e5,771,c59b29e8c8b61f88d1adb1b0656ba05ac0a3259c40607be2e0a3a6704e902949,1,183
632492c484255cbf8f6800a0,1145,d456a6ed97c2dbd57fc608b172c13628d29f66aefaa6b6a53523c534595a6184,1,184
1d91b2e2d6571236929a0fd3,10298,f959c06c45e9b58fcfbcedeb55e5604ee8b37c00522c4366a5b19b91af3e2cbe,1,185
f0d5b38886dd6b29b942878d,3288,2e787fcc3e7af2b4083984d7f3b3eee343bbdf359f1a2497af284f33074ef11f,1,186
88f7a171506cbc90cf6e5d4b,8024,198524faf7f8e9cc8808ae31d78f0321011f0a1e1d7ddd6a555530fde49d0c68,1,187
1103bc6f9f1491a9ed84df50,6759,ad1a6b867f0479f6cf11ea8632b65bd44b9b2bf8f7a2207599f7257aa45e9940,1,188
373f8cf3115de9efacef4a08,10494,8435f79bafa1de9d7d6689966eef4cfc7c596ab7534e642e5ae90658bdc0b668,1,189
042da750712494864eba4b01,3683,0667c29df3bf1e6129e8c6d2d94ea77d478c99abeceb53eedf04b1b3122ea460,1,190
1beefdea478afb3797fbfd6a,8189,89de3aea720f977a6212c46c329305f07dc5749b6b8ee426a65c5d7fc4da4c36,1,191
25a850c59b9c915f028a4b89,7563,f4d4c373b7b4772f609fc5c5917abdcf50089872f2363dfbd9973f17d4d13e0a,1,192
e485102333a9ebaa5cafc226,936,908457c221fee8c3748709df95426cfbe53045e3acba3705d9247d7fa2344b8c,1,193
90861058408031b73d59a708,3656,8570c948a89b46cbfee02874ba3e3cd0198b5eadca670864731cf062291c35e4,1,194
989b1397cbf69579756868f2,10371,81d36bd6c012f6ef1b4afa8ad14059ea705d6ea7ff3309febdf81ae21158de55,1,195
d08f8758c7588c6bbe96c00e,5721,30df8c1fce8baba8bcfee6d69e275f68ce0af8ff98eebfa601872858f3ad58fd,1,196
f0924586421d2d1ee5756625,2491,ac93ad48991028b300b987fbede0a0b3836a8c4922a844385f76cad63c76d54f,1,197
8d47e86a3f72acde5bc89417,4309,b2e6e06d2c4fcf16036850665ee101fa761f589580d84c992139cfd095628da7,1,198
da17acfa5d1458a3427882ab,6653,eb0335b70535801d50fa69537d21882561538d904c648ba66fe51268eefc8fd2,1,199
40eeb0f46d6c39c412ddfc9a,9888,0566a469a14d700bf03f36caa44eac331d643554af5c81464530e227bb2ac55f,1,200
b1926dee1d95f62ffcf65d4e,5930,706cb28354a45f07a7a0314faf0d7635b5abe978806110114ad839be42b2133d,1,201
fe8085f6326d9a27cef1b2f8,4154,a7e85b9c97fe5aeb9093be57c24b36ad5fb3b85f0826ed92ccc2dd62471c3e48,1,202
9207c86ddf2fe29c48ed3ae3,10183,8dc15191bbf7edb6c358bebe3a75c2d77adbcff1917cb66bdaa166f9aaf9aa69,1,203
b471b79dd1b15e1c4d57a036,710,8f0115a673a60c3e5e3694510216a319da5e8253bd9c5128b6a04119844e19b5,1,204
f19c67317d4486afe94c33fe,6985,f026612a8ba5eb034e7fbb698b8ea1c030f873266f79ac5400b85eea21e3dfe5,1,205
8ee93ef4da6741618b6ec2d8,9760,d8b0006d969da7399f76e5befa9f8e7572b3f6ee3236273b792d128b6f79e280,1,206
689ad945bfa6229c0bd0da3e,10797,0bbb1e77118b8cc91edabdf1709aa6f7281235ae80b0c268ede9d79394691d48,1,207
9563a8a50d5da1392807711d,3372,bf1f9c564f8166727a44f6fbdc5f3b012c2700a279be9ad8fb9a6e1a922d06cc,1,208
50e7849ae8d6b933d2a56779,9554,191e0e85ca546c717d847b1343c68f36f5f907bbcfe7e902948279aaf1a42fc7,1,209
2809fb1ac31fbf5e0a8b36e6,7402,bd8285f8e55fd7db038b8ba2911d20b83aacd4e5f8340e03947e741c52eae8ef,1,210
8ec05e2f809e110658e5ca39,770,f59bf48f385c831666a9c3dbdee0211337abf25e75d9c2fac71a01d89a3530c5,1,211
3ea379e4c0402583f43ce19d,5993,18725736a40b5866c69837cbac434743589264e8d211090ba9c3922f7c6f1881,1,212
4156c2b12ce49ea6ff364cb3,6535,92eb5583698d773a1e31d8bfc726c7cb9a3d93a35bce606fb20a6ed31734b187,1,213
7cdfdca4d5c6062c62bcd453,3696,00f5d55f9b2eb420803c7d529f63cc211269a0309c62cade716e148e926e4137,1,214
a374bc968297f659f628a28f,4180,22f90b78ca4a47444f9fcac850d196d16e343f207bddd1388dff4710689ba228,1,215
4b49d30201cf8c2cdf990ff8,3766,c0b12370947d7383dc98fc9d554c72c45ccfff1f6f424a266f8f9aa56bc6b348,1,216
bf11cd7836789b0103e300bd,7367,df52d484b9962957fd943acd24ad21c3704f30851af25da02586a0828f0a4976,1,217
5d9cd60714a1b0675f268c27,10860,327ca3651db9af89d0db4b51c03443961a62f5a648b214eeea712d6ea1cc92bc,1,218
ed7cf579834eeb4634f7c6e0,10054,e8eba715e10ab66eb5284770a7d4f6d0ba8cd4b60aa6b660c5f72f1c8a11ac34,1,219
b9cab0f33f25def35ae7046f,6785,0a6641b8a07b23416745218080e8a71e191c74315b0b948521fb4a18c251138b,1,220
fd7707f73424ec5da790e6ec,4162,40c3fe954b61ea526f41dafa493e075f58df6279101f1cc39ca1d7d7fca0b48d,1,221
fe4fd49fb65c61482b789990,9174,2ded5730c2aa1936f5ad023d9aa85608c2ebb08669ad8fa1d20ff26a763e9c37,1,222
2463ed93ba0e5f1080ed1ebb,2588,cbcc09ad0ae05cabc48de90f1588c0ea2d6f34239cb7052e238a735440244632,1,223
8e15ba5ac650b759870f147d,5118,aa30e4d677b6372f062efe987415ae53d288a3c0842bd58a7cefc61633c62514,1,224
0fd2f0001eeab7f82b3e37ab,7761,c21e7f94e63f4b1b3adc4464600f079966d233d93fa0de5c81bc5bf22d93a043,1,225
2a5769bc812c5f98fd5b9be5,5616,5745bfeab9d73c3328c85d0375add5c060dd1deae1f89b5eebb8b12efd5f478c,1,226
4f4083cdc37260f9e08292de,1480,13abbfc4c2a46354080edf9000ab784e4039a5180e16b0d2c4572113441d25bc,1,227
e4ba75392d481113f2286421,7299,0a6b620303f55d2450bdb7d7c25edbde0dbc0b08a669960419a4a1da5f63e7b1,1,228
265f7a49fc72b6d7f2e64f06,3354,8ac8165c67ecff8de59fd0255c90151add4778330541b628512574c462e9b629,1,229
3368faaafff8457cfbd4cb41,4697,b6d9b4a0afa8e9e7d3531e0418d5799a9e743aabe1b7d5797a2ea807e539bdb3,1,230
8012f27d51061636210d8d3d,5120,dea7c99974a60422ac50e5971db4fc3e59828202abc518a15e179cf04e24a4d6,1,231
291495f29a429310ac7915d0,2825,afe2b57e3dab6b62ffa87b924fd60bf7394690612eccc30b1f103daf461fc5c6,1,232
6c76b6d1a6cd761a6cbce27a,1595,b1b0ab29c37f846223c63e4501ad9ff208cb1bf2a4eadcfdb34d0156c775e10f,1,233
9c79622134e9213b45e1624b,7490,f9ce50eab0a305c67fa83ac89a12e6fb751e251da513a1a3bd445462317ac8ee,1,234
127a1ec54c703231f521b571,991,33221d2e3ae81233ef7c208568cddc7fb18a913286612f0650b5fcb9de13af14,1,235
fbd024e5046f0d4967d04c2d,226,babfa913a68b7ab6dc8431e9585b4879c4e5d3e9303a4e8bd0e1079b59d7de94,1,236
74d5932e4b5a2b81558b07e9,8211,759984bd9c2490988dff7aa1368068ffc5029aa445cc667fa889e8c61119852c,1,237
3e0073bafeeda283c8123c33,6328,15eb673a5c7bbdbca05c9b5d20e39e6a4efcd8cdd4e3ce1ec575cbe0f0ea858f,1,238
5f1e68efb74a585dfd4a6f3e,2802,5943c7955aa424b33314204d70983bce903349aee190259062c983c859196962,1,239
af0dc0e92e5c65fe292ed856,505,340b1961615b17ab573bd1c956775579f1fd399e0fcb6d7bd1bef3abf86e5559,1,240
6ad077d871708aa34467bb1e,2118,84396b63fd3ad768f2212dbf48dcaed14ba51c9500bd4fe4a8c5d04d42007d03,1,241
0805d1ace6d1e516d5b91042,6769,1482a50fa7f5ac9ad2cd556b407e8438cecdf9da8551a46bd944a69f9f27ef1b,1,242
f09177069f615c08e6387754,253,3a7874d9de9e69f5a44bbe7666248f490565ccfc9ccd557475193cd7ab0512f6,1,243
67f133a471666cdc19e6eb4d,298,5b5a1d0a28a20f6bac4e57276f296a4db16a042bcc03fc22c74819c230663191,1,244
839f93ad2f3069549a2d606c,6841,bd5732f153781cfa6ade3d88ccabeb160746b4ff0e9e95cb951f514f6221b96e,1,245
df4062467b17bef702b21630,10947,67e014f947df011593d463653765b96d14758d8d7f8a50af4c24bcb477c8230f,1,246
986f00b8057dfff4cabf43b4,2153,998bae99c794dc360a9b8115e19456fccf15f615d583e334094d88cb4965e62a,1,247
95d54a6e6acfbdef83c5b615,5424,8952f6d6ff3d8ad15d99c0c53974a9e4439f03c112c4a281b5201f415842193e,1,248
c99d5e9a7845d1652dc166bb,112,f7753d78f69c4efc687a0db97ddc73495eb53bea2e967a56a363fdf7d0325c3a,1,249
bd79928adbe92c854b135d47,3741,4c10384055608b943a9d1f2d86ecb12f6fe269d9f3289318c7f6c7b44e016dfa,1,250
2a17362864ba3a75c3dbef63,3923,6ffbe032aa591e293d40a5120e5f47bacfa71ad6ed5ad12cc3fd7b6b62bf570f,1,251
88af2f87dac0a237d1aaeba0,2453,fba00ef5b1111e30d0a3cffc8155fa6cf241ab31473be708eae870a672667c02,1,252
746284b417ad53a61ffed3ef,7975,4a3ba826f0fed46c0389e3febe7018f6f6d14f398640c0b310762343e5a5f6b3,1,253
0ec60890f400a6c8f6718ef8,2225,0dd46d84bd034b207a699f4c247fb7a2ecc61fdb5752858501a0c61276ddaabc,1,254
89ca01de545364e2697d2ba0,7796,fcfd392cbf853daab01e1ae06b0acbb2d986df89abd6c5d3b027c51111450331,1,255
2fa2ef76c5d6d4934408f1b6,9929,667d021d40f29b53046f870fea378a396b84ef032fd788640bb0283b7e003eb5,1,256
a09403dc94d929b8286ce1d2,1257,9441a69c3fe1a0874713aaaa4b3521744f54e86e774aba2df63bf14ebe5885ad,1,257
96de23d4adaad11aeb73db13,10752,6461c010a70efd08fcb5845d3fd32a245a17398494d819f039c2678db07a62c2,1,258
0c42f731a7a26e327e968a8d,9925,8722e37fac9a39f586b158ff802c119eca9ac5737a302f0ccf2552b2993b8900,1,259
3174452c588cf1e953f439bc,10013,d75d07158a5745f89d588ac6b751119d1d5670420300da3f121a1d9e943c984e,1,260
331e72667f3388ec703f0f17,9735,19988de735a14a20ad1b7f6a89d39103dfb67be7d001a6f8120bf2831678f835,1,261
d361269f9240bb4ec91ab5b8,2856,5b0e9ab33d1228f26745bfcf221081c841c62a4210eb1548a26fc8e2a6873224,1,262
827859e13cb039c010776d6d,3064,cf65db211896b77e6272543f61fe3f40652af55e5282b82d628c1c1b7a5ce8be,1,263
2cf84305544e67a3aeb936b9,3094,96eea7b24132c549db016a0802a434d383cbfd9686d2fddcfca8105aeb4da008,1,264
f7783e09d3d4b86f980dd0f1,8505,12aa5807cd39c339a3d0187ce12e323752d3ea1aaef454d16498e53a541c0d52,1,265
c818759bcdbc06d677cec20b,4236,61e8b4b0a9c74b0bedfcb13598bed0c6c1af78e8a6007d8cbba5b7ff1165d8d3,1,266
4c36e450a9a18fd6342d5c81,724,eff729d429cf67dfd82c2cdd186922e00a6dd7b0b61775fd228b857a131f876f,1,267
b198d211f0c62b7d61d52f8a,345,79b855b1395dd12d1c681df485fcc513733606c7c7dc22250bb739b6bdd8f237,1,268
788f8aa2e4b1e41592aaed0c,6087,a168ab7c1bd42b56e7ffa0bf3cf0566813609e45843e269e6eeb12df069da06f,1,269
7a3eec0376332abd19032f8b,9926,eda0430955d0d98770d3e3ab77167596128e0db29586eca75a85bc908bd19b94,1,270
0b62212ec574869b014b1a37,6836,d2b8e246754a4b626927efb43809100dd6ef295c1b5ec6ca675233b41e620fce,1,271
12b302fbe7701178555111ce,5422,cacfa9d541cfd649b636759b89dccb0da83c2964d622aa837edc09a3251c46de,1,272
cc5e1701e9c8fbb48da80021,1102,ac3e4a91d5c5cf8cb932952e6c9eeb763803c6a48611d8005aba0206e94e813e,1,273
670534969ec68edbfbaa32b0,9040,e310979adb4663c11bbdbf48eb6f09f1c176692c0902048f27e4d6b82b0e5b36,1,274
48fd70989cb0f78e3eaa2401,8055,d2b0eefbbe4d4382dffd22fd4ce30b5cc3d15528c9b999834b464c294dddab8f,1,275
79656dc27e22c9b0dd0de6d5,7378,c581d22c7c7c7beeb0079f3b86236daab2018f48293efeab1a40a88e0b7ae988,1,276
a38abcb2a932f6854aaed08a,1252,5828d20c30fdac5015a5ca6a72eb26073169a430a2a4d7c7319f17694c3d1540,1,277
6d79c6afb63f11128b7fe9c6,11170,243886d5dea6fe94ef55bb7088084ada28600cff1c1079e128397898098a22d6,1,278
aaafaf53ccc8b111fb5c1e52,5026,549bd5600ff45fd3ecd45aac39e8fae275ad377d606a454b28de639330d56e63,1,279
fb2317ae450062bb04b2f896,2715,3d6790efabfd745ebd02525f8b638e9ebe71b34290b7c4f5485318bc84a13003,1,280
e7502b8233b0f8fc97826707,4388,6ca29a5cb629f86d29ebb079cf2afd73cb9b857b2c1007e99b57e9559a65b5ee,1,281
8630fb5ea1a672731459a4ff,6635,6a82e924d089380c91dd4d1417540c5775163d342551a45cb262937748e6e372,1,282
2a84f8f6b26dcf956a359a3a,355,0854b6930dffd0448902d2bf49043396086053cb3b2c07d4926d3735e6dde82d,1,283
274baa5b2bfe6eeb4cbc8f19,5411,4868a3ee551697537b6f9dd68dea5ddfda8d7f95c0af5494e009524ab41d25f0,1,284
e776fc0ed17086015ee040ed,9610,6591ad9dab2a9f673bc27d6abc107158f80109593a093cc97f06e07009571e07,1,285
ec5bb0cbc308ab39ed891c85,4133,65193b98850005074004628cb9f93487c54bfe7090ae819ae5e19418d758006b,1,286
bb991ba45dd580886a8f7fa2,6592,24a95da920c4d6ac045fe83ae8ca8b6d6e6ca6f8614a0e6ba5f842a343551dfc,1,287
9ea1546381bd122c7c51742d,7619,0645c40c2f6d8d43c3bdc54533b36282b9f093c5b3f4e56ae77446a481a32249,1,288
df501bf9433aa73ab054a449,5649,50bbfd980b014ea2e4dd02a3809724c4d41a66b92da92fd9ca7fef10379679c3,1,289
a83f0c47e1d62c2100cdf127,9005,7c46e9181159e35d30d3ba195417ee90819b96c6785830fe6f12fa79347f3c38,1,290
c2642477e2ea902444eeed86,787,a65ee9a86cf64031858eb57d618f268c32a7e98388f4bb66d0e51141edfd5cac,1,291
6435a96607073a05db2c2706,2345,7f8b29c7d15e39041d4fd4f73842d79bc3a78af460992f79fa4cdf4585fa96b5,1,292
e1ec4a1f46de57ecd1c67caf,5431,f7c70cebf764c16d16b2225428ed6c01e66c714fbc1f2953f9fbe21fa13d7b86,1,293
56d46b6a79cc265afc60849e,4592,a3b1e73d6503ddea4fcd8fc5af4ede6be1d931bf6dfa24ffcc8be4f1d3354ad5,1,294
d40114bd2c26b2ac5a671e71,11176,98e2f21920419351e6c149896c03fb5cb2fe644f52abced1ed3d168a306f0cff,1,295
7c90b4131ae53f9a57388e37,9140,e0b24534622ccc008de3ba2b9ce3fbd331dcb6a62579eaf50c291fedd2aae1e0,1,296
84f6882e91f91f757a88f389,1987,27d39bbbfed3d5eed3293134438be3ddb6cc135e5ada66b9d5e32c1dab81776e,1,297
839b1cf86fa25806e4b9abaf,5618,972b7c0077f60b3f42c349731ebba16205ebaa6c39cab77c43216c3e66821f42,1,298
ea8d7b376ac25fd01d171371,4603,773c76e0d8f8b1add5b9fe64dd7d9c31e35fee460df9d6ade41e5d0f141652e9,1,299
5a354d02c3b56063e2b397a6,6407,72d0abb96caa66603129eef3dce553cdd8c93d8fb222e77b9f5b6a524c695ea2,1,300
3a16b735921b98bbce0efc3a,5352,a6c831300733ba7588fd0ca8753e9595912161a78a845b78bfe2303c5f439e9e,1,301
309cae95c1fe589ed24fc2a0,8143,75b0e1f4a886bb0d6660d3398d4d04dcad22a7ddbd5a30effed995b8deac25df,1,302
c1d2c678b43495032de8ef0a,9626,50b2cb186b612aab06a56ba6f88d1f94d3cbb9355a4cba574feb8712f0d401bb,1,303
afd7169b9d37c6d1539940da,3145,9d8f562f53d035bee55b32b2ec25acf777bfe4c4397630b4653021467891dfb3,1,304
b5861286fb6f6e803dea4b2d,2656,5632ce92a859bf83b4124bbb4b4b9e1fb92f2ed2f9767937d9d7015cbfba1dce,1,305
607dfe0696dc4243a2bcb18f,158,10efe0393ecdbd7d1066e31a172db8f4dfa07289a4997bf1aa16cd137cef2df2,1,306
9399e2a32674808199feba28,1431,4a72448fac254c49f384d12e4f2322572235e6d9c992e9fc371b8af3a64a3986,1,307
0937d2425ebf8a6c51ec8f1f,8668,b08f501b183e5e604f76bfa355bef7067c66d307457435bdc852ebf80405f9c8,1,308
4b496b509f942868068c2f18,7431,1d67a2b1b69d28887085cc8e3e55099c888c799bdc639d836ba87d05f608fe90,1,309
fdbd2a5668a17a6f40f35499,6450,22b08410de05cbbecf3bc4c9312c1738a4c4c4a25015eb5f3095a2bfef666bc0,1,310
3b045c578bd2d62618563f5f,2663,93c6be224f3e08e816b591bf157db8b5e19faef1178d8d249f2905cfe92c36cc,1,311
852c8c73072556e2110795f6,9812,7466c7c8c0d4c7b85bd7ddfc7c2a9957eca23c6a5032d4e8f3fe048e8128a889,1,312
331c0c99c869ef5e36e279b3,7348,7f8d0d1cc07a7ef5c211155dd245724d369668ffdacaa7426b83a4115bfce258,1,313
348c088cf552a8a69805b24d,9960,c126a8ca8d792ef29b03c17359d91dc2f9ed2f42e73eb75bd1cf5a339243a6c9,1,314
082f14210274b30fbba66565,3101,d9eaa4a4c766192448e21b7c541328735e71d160a13721a8fbdb9d39126c3d6d,1,315
bc299c56eadeaec473f4d9b3,10248,064619428a017a39f6465128e4a2518a8e2d9e0019064557a2f7c2714780bb35,1,316
8b324bab39c3d9a43e291ed6,477,c2a94e733f31e9a7d775c2007658b52db039f831c934b01de64bf7340962b302,1,317
082d4b9c9a90a8ae2a8dceaf,3176,62a28160eb5c0523d39775bebc0dce29e26250c4742cf68fec3bd6f172bd920d,1,318
eb458ea74ebcb0e5dbce176a,7714,b4204ecf6192a98a3bd5a439aed3eda68975d143c615ab8a2cc0423b6cd99870,1,319
218a77e7a775c3e6c1826718,5895,e437a95844ffcab05419d0ddace1e7afef971a8843c6c6f3ff9d9d5852134a26,1,320
2faefad6015d280c14269b7e,3058,8f607e27550674e03bab677f2f3d4c000fabc51f93fcfac54c6f1d52ad04ceab,1,321
9727dfe1bc78071037162acf,4431,3a92b3cefd9aed29c34b158a60dccaf29e2059c08d7647e0c1efc3b219107dcb,1,322
487d454126ffdfa830741960,3031,ff5cdadfd9750263f1c5e06acc9690789412327ba45986bd48b0e26fcd0a66ef,1,323
33381777edd6bca9553ef729,2726,e57955953ea40deddb2913ed0a402ae3793a889b054c5a8c7d66adb8d0405b04,1,324
1cd27893cf959ee5d4d50d21,404,b694bb3364beb8d3188b9121a2eab345e34910039350be998ffc1eab7d64f3a7,1,325
6a8144bc2ad8b4348677f779,5415,f5676ef3e2f6ae0189f3d9601ed6533b6b6a519e895a754c4e5ebfd8ceff1b23,1,326
241ad3f64b53773dc3f4f2db,385,4d662f6131e4688e4af38dd74275419a1f86dc72350131be03a498b21ca7d118,1,327
089c5ae2b65f889223778882,749,cceb53b4ae607f83ecf443982a17d5bc08dc40378f1e816330d49aa30a13cecc,1,328
f8b42a3e7b53c4bb642c7f96,9133,3bae06f909e41dce48c307ed60d2b13a1efd19b2bdc8c1be523c8dcf20792160,1,329
964309d0c48c47e3b12dddb7,7215,6088fd460eef9e8e0e95232d039dfa49a36fd40dd4aea1dc722f692c2c3fe46a,1,330
ab1a47f833044acfba403b13,1504,1beae9f26f75106c65e1f850f5ad64abf48862651e623e5a625095725ede882c,1,331
3ffa84bbcd0f5fa13d839cd0,7897,54c4d4a004b87852712bcb36cadd1f3b7b77784f29e5a2e55135620e19cb2e7b,1,332
0d71091cc23188f3fd2caf56,2008,6f3b8b5144f05cb65d04b75c446b668199ac87f08df028ceee831f98386333be,1,333
3bc6dd731eb91265c3935e5c,8048,628812be84f24f6e40ce34e8e979b0d454d59928e1555dbda64cc7e1fcb12c99,1,334
7757fda802125bb6f53b4287,5770,10b9dae849429e698fa8e45f8ab82194edec5151654ed4d83e721f08769bb2cc,1,335
fb5c421506dc39f0ba744472,4342,b1fc313c781a9c2bc24d420e543560a0e801de1de71197cea76a03c2a231cdf0,1,336
96b0d2997e719d831af35a79,9306,27206b6e0c0393a37de4621d427298578975c891b158efd227a2fa43c716f037,1,337
ac0180117739060373de5ad0,10083,02f2246c73b8cbe088d54293491b6922a4be07ef31ae982c4fd0b168747e9fa3,1,338
d8fd7adb34fab6baf7cdfa11,3371,0e51e6dbd44a6332a67941005c79278b2252ff316a2a6ff319f3d8ce86eadfde,1,339
b74081dd32749f20a1c8c8a7,4105,dec7853f8e0e7169aa2989c0ed61a192e356b385ba4ff176bf8f2abee2035b8c,1,340
57023ecfb6869467fad6cdb3,1726,ce9ca0de1179c11197f2924b81ce2102adbcbe0093d8e6d15c5047bb15b25c5d,1,341
ca4f0d7d76849fc00d55293b,8184,28669002fa2c2150f403d16016625fbe7d55175d8e926486875896a337033311,1,342
dfe7b3f75f3d580c92145be7,1197,0b1fea839fda2be95fbb814bb2ee906e42df5638e172da822e79b61de43b516f,1,343
cf804c68a3a01eb2eb898c1a,8044,691bea43aeab4dd51701ee9c4c8f51c8f5c762ba9d27db06253fafb4ac705dae,1,344
dd95dab310bd1ef1e9fda665,11089,a4f2a2251ad62819489bc6bfc6d76608bbc2d4e1e4274add0ba6d7709d1d068e,1,345
86c9e7b49ae1f32a1455a020,7773,b4dd88037fc5c7366f0ea27cc300e9cc13dbae8d1dcff12b7cf6b7e27acf0689,1,346
429a039cd10ad8480ec58312,495,40d21732b214bc8b5df61db95e602813eb948c0cf77bdc67236b0e8e33da82d6,1,347
7a565dba684805fe8bb6f02e,3082,c453e74088ee2ab0358e4411ac9921f35cdbb5b6aa6852d7fbffdb715feeb0eb,1,348
d1fd3c37278411499ffcc139,2869,b860cac9dd66bc97550e271df6e37465da605acf86b7cd8284c858a19bad448b,1,349
76751c491c8aafcdc28e69bd,352,42a51e17a1b748a7be61386f28c38d566f0edf49673e70f7f8a5ced049281f8a,1,350
dd5492d94eaee3ad968916ea,2600,e118d057340543324a40416f3a72cedce96f8ed66093106c9fb4ac2e8239e68d,1,351
2c104437a15afbfc3666c887,4912,edaff09bbe550273f4502bde720c8897550947881ab01879fb27e412dcf2fd65,1,352
5bd9b3ca2c097e320ff0aaae,9902,24a898bce4f5a0944afaa6f68959fb27843477fcc47ea249e5cf9c9c9ac741c2,1,353
aaf61e3852bd9b96017be826,6013,09af380a1451453bd6cc8041437836915c8077f8b43d6c9a2d20a6f0019c8259,1,354
209a0788b844cc5fa9870009,4369,1b84cfcdac550fcdc165d305dd3a2a70ba24249a52f4a8f0d4dbd6eacc795249,1,355
e2d588ffc2ea98556a8c5618,2344,681e64cda78a0500bfbc0742184fae781b8b2b1302076ee0b04829cf7b20d486,1,356
763afee93124f9a97f4d75f4,4284,c8d346cc823eb6d90683a90f65887f72f6c4f2ddeba9b629f53c6c5c56789ff0,1,357
e9ebd7bc48a5900d52f599e3,10768,aad456688f4655e45f45a0d49054e095711bbcbeef296dff3d2d532afb8b8a8d,1,358
94d5f0c885d91fc3a9a20758,10851,6afcd1e8bddfde07f775de07ff9f3e7e8e53317ee5c5663f0fcb85f4176744e2,1,359
575fd29141d584621f49a8b5,1383,8de5b6d701399e03e247509ef76d7cb26a8fce5c1252e72d47756eaba4fb18d2,1,360
6f2be539dc22c23b0975cb36,10623,d9e589783797a7932ab9f1f0119f35fd68a5e37029155a6e179c88d53e6e5ec5,1,361
5636dd753adc1f618e962669,863,49d1ecc84c99f7d3e98c2ad65ae40e3d9a19038e7d8b276eea02ca41188aca9f,1,362
2fface70e7e55c9b0fea0b48,283,dcbdeb1f34760de792ba39486e45c4d82d1f0225d5b614be0d1b41582e12162c,1,363
d1f4745c5faddc673a514f82,6021,cea08e430bd814dece10053929b638f3e6b492dad26c4ea0cc74e2b58d868fc9,1,364
cbdbf640dd65efc1a97c360b,11174,91ae82fa613b44d74606df6333e5c8d521ce885fa8ddbb9e7e199483dc83baa1,1,365
94cbfc65ff21450b0341bf01,2189,683ea16f78c2a34f3d9f2a04316f5964656cd0c7ad987dd19353a8b9d40a3eca,1,366
58f151e39a65c6450e03a060,2558,5757f2ce6994b6e1c564383560818874648eee1c5879592f33a79a4f0bd9f1dd,1,367
67a096afec644d01fc6cfa43,3330,5e69d11f88607a9cb3db651f5c299dcbe7d61f744c93253f980f4fcb7bfdf6da,1,368
c4ebd11fb68478257fa8bc45,2585,131fcf04a98dcf4458ab6a866f01ab8d3ee0f7f7a85388eb2b064424c9e0b278,1,369
a549cc7e422e8d91615d65d6,7089,669120032a603a41f78ae4464fc9005558ce0ac7d90b4936ff0fcc8e09194183,1,370
0a6add2036a1d91b1c4f221c,7918,75d62ea293fffee47058d80ecede68fa515ae16e8e742a8cde89b956f207419a,1,371
be0674e2dcc9749d1df6eff1,7013,4cbdb91fab539adb9be03896951e38cd7e9642e641945d064e7d459fdd9713f0,1,372
1c95df738ffac6624c1d57b5,6244,23035297e9db90a611fa53f9818843daee45a09b79f28dc2e8e05921ae7c410f,1,373
6676c531a2018bc45b61afc9,9959,6930bf0fad8f51323c133c53be7ce3b283b49608ed5613125989ddb3f4c21752,1,374
2cbe469c59ababac046f0593,6938,5dba7666cf8060a2ce1e08b530ea92d09d3e16121fed2d2667415a6c168ba4aa,1,375
1e35e7c93688532297674b81,4140,21c57beeeeb8bad975d6991fc95e3f782d640df8e08a6a1c1e3ebff4d7a10f3a,1,376
40597b6f65e768ce6b8dc9f6,5983,ce713a638dca5a227f4041612077b818ea9460c531b76868b3be5a3680bd1c13,1,377
8ef315ac5ddc102f44d62ac3,1473,c95d211ec8377e67106879bb9693cad97eb74e1f245ed1cd5a26c034bb500c15,1,378
aa3c08def18295fe4b3fd7e4,7921,461a709d62d8051719d8666edceab12e6360abe8a1f57a736d2cc08183430c08,1,379
2106733d59ed411c92b55509,9382,35d27fe68865f94a492fdc2cbeadf46905c131c8dc1f28dd7005778fed3ca485,1,380
fabe7a890fb00aaac8a405e5,7293,0ddde784e3f5a3a67d84456a05311a5b1f99e627470ff969ce09d79cccca31dd,1,381
8c7cac37807412ee0a00e23a,1125,2f98302d2499537fe0023076ba56c11ff6a8a271c0ca3613f52bcb3daddfe8a1,1,382
45351f4647884c8b7e9ccb9d,4350,9fc48c4b049b3bb3129596d60c1435b8c33ba4e149eb6e3e5bb00de083bf20ae,1,383
d00e6372ae57b07bc402b432,6719,ad0f72186616064bf265b7c8fc2a5a653b3c6138f4e06903dd72b20662f80492,1,384
54542e382f312d9fc6dfd808,8534,73c93c5ec3c4796f8dfd1e2d60b71bad251424ad2623329264cc7d8b8d1dafa9,1,385
b9a743badaf9ce3084c188af,4668,7aebd115c069014129c92278d178430971f99d53778151166f2a1b453d8f3794,1,386
2274f15c588efb479a0190d2,10163,bd139f126c8da00538796f98ca501124c21915625ea838b9e7c5f023701a2063,1,387
96d8360f4a9fcacb44ca188f,4466,8c95e2034daadd7849696595d2a357e651b04e03b1dc046c0be28ac7e62a8ce9,1,388
cd168ea8a3e2cbe630e78003,2297,e87a074b3db21fe257304a378bdbc9b4611a1a6f2de9810366eb7be11cd030a0,1,389
6726fc733d05a631daa0621c,8289,43ba6379ccfaa880bc043b10a502695efa32539316c115e9550b96adc30f4782,1,390
d42e99c61119ec0eba026058,4539,9cda1dbc0d0d32305cb2165e0d8b0a17962ad11e386359e51f0f6280d2b1b10a,1,391
0552a687b461b3b38ea10bc6,6561,3ba108953cc0be08408fe74b041b4928a9693515afac760ffa406b6d7756530e,1,392
7dcb2e7c4ab0d9474b985ec1,4725,953fd825affdb7a23b369e6a11c858ad80cc6df92c6678d80b3e247641d810f8,1,393
0980de047bd2c69c2e7288c3,8457,168c76ce22d8a173f49cd14a82088ecdd13654df041fbbd583f5d041abbbb3a7,1,394
230d4f3a89a3e56c05ab729a,1106,b1bbe7c282ad12cf60d60d2b25954dad6234796e801f60d266717f8e1764eed1,1,395
ca7a4c765246b06dcd85c3d6,11018,fb7838a74e242bda2fd3478f33faf4c2cbec9bc378bca8ac0dd3e49bd2e33ca9,1,396
8598a5d62c42bf666081113c,811,c3986838469059175fc7589085a23b173f9723363b6ef4b5a8e183f11ff44b9b,1,397
2ced54e031c08cb09ac0efe0,7473,c6fe8775b8bc70dc6a140b881cd60a34f8462ec677969deb3722a210cabd3819,1,398
51d9d1830bee3f92feea2725,3649,f02364da20ad2f72e1b970d0ac6a43489e58ef307e97a34eb63aec6c66bbbafc,1,399
5b2cde486ed59556217e39d6,1,7c72ee704ed476a7cb579373543acddba9dcdaa161a5b0b2d662b8a416cae3e1,1,400
465022a79cfae61ae1d48503,6562,148e1c0ae19491c77fe496c0d4e9118266230a96615f8fae95c8e4345b06cb2c,1,401
50e00b4468fd8760dc3485ac,8939,3c4b3140ee353d6ccda0a47b9e5693d2ded1f36609c52b826fd4c98192e903dd,1,402
78610da56bf79c8de40f26da,949,cb614bcf259aee7b4b88be6f0f8d3cdbd6eddc5e80228a2bfc096c87e9bca94c,1,403
89ac7b46b1ba34e559a39530,5920,f1464c43f4c6bee3475b9d850ea759d9cffe3022fa52ed6cd963b580417411c1,1,404
e729d4536ce3dd6c0fe8df7c,748,9173ec9f3bf6317832dcb1b427a5ce7951f93c77a9b03cac0f1a347a66cd48f8,1,405
c482a99feecf851605a95ab4,7815,871b351ba2e1c04e438748b0da3f1832525ed86291f21148ba7f7e3b9233eb4c,1,406
97cfb0f6326537c55a98069c,908,eb7830436754c766cf9e4f22167434d043d89f8e20c6b58cbcd068216570d1c0,1,407
5e5e1e563d67cf3538df1644,2651,014e9b263a39f2df8cd3b07d175bc80b4415cbf3d7b12f97e1980fc14b026e8b,1,408
f5d586cb2298e41d3f5dc9f0,1402,52244ddf3b1dda3dfaa0926d2035902a4bad0350022a4fa31be727e29e76c949,1,409
76cf46d8c29bba7cb0e26ac4,3991,fe433c444583fdcc7089ad041d1b624e9fc07dc2692726a98e22b62774e0c198,1,410
dfa29128ebb48fdfffee30a6,3634,f29e604f50662a20599506ef902aea40fabf762017aa9f332245e983c615bfad,1,411
e1e9cde9dc78eb8d208b08c5,2019,cb9e2b1a838afc2f040bc34df72ce1ec3adc122906a68a426e47f7dc79565474,1,412
e3564991559363e8cfea2bd4,7132,b09208748fb976c6665e2a2707f86fe87b170ee71541cc94f82d2a2ea35efa77,1,413
8656c99851e27d41efc20b6e,8217,7bfb8c6ef573a6caf46b1090cec9fe6a9ed6b0c179990c2ab169af05d7140e4f,1,414
c269a8d16077ffe5076ef034,10589,a00e39a447acd9114099de365c2fe0b3429eaf7df3b291fd322b43f241a0a213,1,415
52fcdb5172a0c0b58c432c2c,10974,6e178bf0beb7b7f519f7d276965c331fc03026bceaeb6e4a823946c399621f9c,1,416
11413e7267396331c7cd836f,2742,2b68b8a7e3c5aac64c8a213c198051b7ae57419ce9deaa2bfb42938154d0770b,1,417
5560978c2caebc1007f6ff2b,1497,5a3d9995f3a2c8dc108f6c9e366bd60a1521d387a4f654eed67bf383bb2a27f1,1,418
82ad802ca4ba2e427978251b,2775,f4935257845da1dfe9d0a4ece30649ca606baecf1f83874b596bae01e4bfec80,1,419
9d14b96e33e303431ff29321,6800,4ace2258a9ffb09f25b0b4e42e38f217dfe213211824e704ff0b19efdba53323,1,420
dd81b040a8c6d0a03863317d,10071,06927f3ff0fc81600d9b8fd35131a533c5de5cc1b3736107b26ac0772e34f323,1,421
f98609d372d30f86f90217ef,3619,205d50c25ef0c734bf1d17c37c74d635da7af4393dc0bcab1de11b17fa46a08f,1,422
7963dcabd41f86b7cb5644a2,7217,1b18428c9f9cd370f60f4001bcef30635db67511d296f03d6c21b128eea7a393,1,423
bd3ad15109a3cf92c99720b3,1409,4eab86e701d29b05199311853afa2af3fd02cecfc392e042a1210195f51899f6,1,424
75bc7ea79415ab848fa67b7e,7721,97df7a9b44e4497774c9dc1da7f9ea6250f9e70fa8c07b209599b944e4cd7f43,1,425
cbc49926f8c0bbd16b06ecb1,4368,d3ee3a65975381e2f9199f505d40a8b071c7815a862e7be94c39c70c86d3ee1c,1,426
c24b69bb43e6e1fbf1283f9f,4599,a3f8f94e013d713b7afe2e5f7ce8a4e04ca6e4ca900e04a6e98562e56491ec0f,1,427
effa98a0d93ef8ad444bac98,3397,248863024c81b97c782522a54a2b9bd1a58b29af235f3c6099de2e4ae4d059e3,1,428
ab04b139610255880a3225b3,7733,bed4b2bb615de3f634207fea30a352c15f0dd3276092c0027bff98511639a94b,1,429
2a241defc8231545b49f4995,5010,ed71adb739a6715f80850ab89f017053c8e3d4370f3b83d5add3bb648b8da9b9,1,430
840fa79fa24eb2656983c119,5838,5e34d1b385b64f3168273ab6e105ffe3204403b9d5359a56e5b9ff31e056df6c,1,431
69b9e81d49fba10989440957,4624,bafcfc60c0f41129858641699cb2120ea42869e57a0b51351fc93cda14c576fc,1,432
ba41d6876f4ba0a2942e126d,9078,8a4d4f0df4780d98ce5b5966279889b1224b518a7e30e308e2ed378ce1a6700f,1,433
10ba1fe144bf2ae582470c87,7778,29cf4fe4196bce52091c82c7c75e82d192744580978867d25ee4bfb356a5574c,1,434
a021f579a5f2c59ced5bcfe8,595,853ed802fb98fb5a5d6d6465ec3e995fd8f9c49993a562095d0b3d6cfe34ac42,1,435
30f19bbf9335a563bbea0bb4,9129,2a7a13f1671680cdb803152292f24772aa0d11a6a96a5c35bbbfc310e24c46e2,1,436
460ae360c139fcdfc1924638,1722,e3ca1d30b393655cab20a2ce31b53cad90fca64232996703515f523dc0d830ec,1,437
3690f77e5dfdee9a0aa385e4,1741,46e6677bef2b03ae094c89e3e2c5bcb3db90ffde6e9caf48347ca74e8e8a9774,1,438
b64aa0199eba68094f107229,5414,054d53f24ebf5c628f0098221790f4e881a5fe5c8105bfd907b1977ae14be5fc,1,439
09b0eced44b92a5f4c8b6bd3,3089,126c5dfca97a35942f99fbcc91cdb12bbc13d3c6cc60f8f3b221e061329c4ca8,1,440
bfe7304638d8b92098fa00bd,8617,ccfee5014d01ed1ebf4c8152869a07bad689675e0c9e10c8f79c9e250b8aae51,1,441
1563d172e8899af89bbf312e,1542,2075295362ae04e2611ef4dc814105656b8eb63cacc086b5a22f6bfe23eea02b,1,442
191c0e287ff0cefc2d2d8015,9550,6f241ce57588539566872c906b189ca3d9c87388e19a63a2ea9d2e4a5f2b9aa6,1,443
2c86464c98de0cc6d71a2f55,7262,ff2f6ed830f48373591a1c5fa998fdbb1d386834cef52ff20be880680ff24976,1,444
2a897d62ee0320a93bf4f461,6915,15fecc53cb3ce4698a71c2d4a819223c730549adeb13c8e8f042857fc6665e96,1,445
705c19598e32e5e7e957569c,6418,a125b9100c053b77fc9eb297218b93dd85017e29706972258f2748d89cccfef8,1,446
5a0232656b99b34fb9ea4d45,3693,fcbb3ba0cef035e017d79f107d4675fcccbd2826f1a2aa3fb60ab0a58625135c,1,447
85bb18d54bb84249c5c7e851,8723,c4f41508332c6f7ea0de4e0e4c9ef3ff58a11d1aea3d9737b76c9bb0dbb97b80,1,448
e77167f0c531d5f522bb3fa6,6749,ae06bad8eb84a525f071f142d1e76bfdcd199da45aba299f7044e37c326cc42a,1,449
a6c4cb814bd4166a0cb2ec48,4798,6b09b8ec245c89977637ce75c7f1b50c02ca2031fbc7fc69cd55fe0b5d933a44,1,450
390e604fb9c7b2a5310c9390,9813,daf69f8cdd11fd828edbd4a6f3e5e4ff28b63b61291f7e1897b3c9b256226db8,1,451
467b0667323c05dfa2bba53b,1087,1bc481fc6759873bc80618c26c5ac52534d6d3097f6fbfe0e9cfa50a2d62f513,1,452
832cd8d4e0afbc46f9d510ac,2529,599e5fc484fd1f1d9e6c90664cd78c46ff9ff9a1eb9a407acb1c03f774f99f3b,1,453
7b3b45bbcb9be50dfc4319ec,932,ec2d4b6dbd00ab2a885f53fd14e5cb445e834e8b3db460af7e014dd9799e5183,1,454
f4c3918cd87b598ba6a6b325,7071,35c68066a22a80038ddd61c15fa9b2f4a8f3a1714d4e540d2eea7c937603a018,1,455
31f6f129020e37e20055d8ee,1569,1c736360778f6fc69c5e147f37422c2e3a90c26354e7687d3ba05b45484b9106,1,456
577fc4474555cd4f2a070c57,9423,37b82b86036f24a1b2ce16a522676e5e8feed8c63f89e741cff76a3c1385daab,1,457
41e53e080505949a71675167,2526,bd11d250c3aeef5ace30c4c0cec30fba461a77b6323db44e89b4b3e48981a2a0,1,458
756fdef1a7d7057c806a9901,5839,baa9ff8ddecf71a9526d22d88a74c86e822913371b802d5caa6b574743638ab0,1,459
7cb715fab8f30dde669d27be,4461,1adaad6e0290ca42274b66b246c8151396468dab55dcd6e08679262d73776479,1,460
6a8eb64a9d64f6df4a95c3db,9411,b96f5dc9b14f6cec67cb329a08c1a0f33a82de9382c2879fc2aee302c0a1aca1,1,461
a4d3692dfab8f1381551cf0f,8322,1f4550b5d5c19259a21bb7cb84ec514a616e4e61cd118589799ae430c96d8f3a,1,462
263967cfe4d84d9fe8570eae,957,98cbdc436d6906ab75172f9d7fdaae16247e12c2b9371a65ca869d935b271984,1,463
009cf604e08fcdf0cb11d183,3637,27c56d8085750f8d6cccb8bd35ef5f618f328bce34239e4f95a176cce4ca5c0a,1,464
