row_id,_source_row,_text_hash,label,bank_class_position
4e744fb2f5ea098ba926709a,99855,f742b903f0e89df988066cd7412997b375cd36e83f138074413aa3139527277f,0,0
1efb81cac11dafa411a87459,59905,f77e24d43d333dd4a7c695eedeb9644b6e551f1b28db4e94df8493595be61bb1,0,1
df4d3f993b9a99ea3b20a7ad,10637,c286f43344a1c56c1136e2dda7f8c8f978044b43b024b5a841f5b1543122a768,0,2
a99d95cc7c0ab4d1548f78fc,113098,529ba396e3a3d0b1c698e7aeab11df4c40965695c3e0bdc9625ab627dd5ca8fe,0,3
d1ccd9247b4b5b6afd680971,98752,a0db029eb96abe8375013cca7a673a036e155f3654d4f440517d4082174a8aab,0,4
be27e6916a9142cf40474ed8,76348,75726a1b7b5ca07d6970ced0ddc5d9bd07c2d44bbaa88b5fdce62055aa2e5cad,0,5
240a47511b477e4fce19f3f6,49206,2224000c76352988c73a2014a70ec1a87fa82c8db775a38862ff9545a4f2c181,0,6
b5ec7037dbdeed487fb5710b,104536,7d694620247ae8887551dedc9dae3e754ec02cfe7ebd7fb43bb194c69347e3a7,0,7
1898a291e2fad8954f182ab0,90258,43e931a7aa2b5aef317d7b83b64c0aedd9edff21b696b30ce1a9f99e6b93079c,0,8
b80b8b29d5dcf06fcfb61dcb,91460,afc0ac4adf9f4298e7b4df237555047b75e63df09dda991defdebbc582f1e68b,0,9
305f746eb965b49b17823bec,63283,38f5a1e638e2443fccc1b5db6c32ae810e6bc04860f123e0b43fc85086117bc2,0,10
d9842b27943325ad44ae6e69,34350,6cebd72a5cfb7db6a70f4a9b2bf85340bba791c8d4ab70b78d460fcb3c0bfb08,0,11
4ec41cb916b7c18fa1c902e4,54238,a06e8956bf17f87dfbaefe479eb1daf3a85de9bf89286401593b23c79efb1798,0,12
3f9bede446edbfa71949abdb,81986,530cef89213379b614fbc5cbf38445f8e17255d9047a4d128623c81b2b096a3c,0,13
21a482fde5988f4248757b46,79817,b407af47f5c312581f3a14f36de215a1648f9b40ff737ebee9151bbf482abd5b,0,14
f39d2a099c1dcb785224c6a8,93164,3e711a607cc9994730be54dd0e009e45344a0abcca5cd2814008ad1b3d6e924e,0,15
44e3542b1e88e3ee70fb57cb,21746,408eb7168ff200b50f6eaf69fe560a973bc63ff61f24de718bc05f431abc5bce,0,16
8273c06ed4334d535a2e2db1,109049,98ad50a6a60498eadd72c7bf215a7c8f15572ac3d185a0659bd8e303dd132254,0,17
6c79d8898b5ba5416874d162,99274,0f47c8da7bbbf1ee45332057c408421d04b8ad597732205169eecc26a0318aae,0,18
fe0189adb1d7c6e8724d1425,51047,60454b943e3168e411672c973469b04860f795dee85bbd33454bd0106a3a5d55,0,19
d8e2de4073b5f0ac9de9659b,114231,34e31be2cff06685613d198c7a430ffe7da1b5937ca0962812484e0975da7617,0,20
3ceaecbb166dbaf5683c8336,11718,2a78864403092c1f95905a62023df27472911a0a04b949817a5929c95fd8ca30,0,21
4b3e07f657c6ee2829a190f8,40145,8f8851cc3b83d67c4df5b1a0ee3cfd3b3b23def1907902babded0cc476c44ae5,0,22
fb8b7eda6d9520d86ea623ea,82733,4ec360d6d064dc23b3659bf0fb2e03f4f60908614756b0135884e309c80de36b,0,23
d7b0363b94d74ac2e5795762,107619,b0c85befb56d3f9874ef668c260c94c1d00a35ed2ad69f7e9e1e0f63ae768e53,0,24
18deb777caa32fcaca78ec3c,30046,8979b07224edcb8a6d5670409c034df509a8a38f09b1fe982fba3cf881dad6b6,0,25
e43b013673d7884ac2dd8139,44164,5f5a933ffa74e1fcdffde054d07821c4a83bd0fb5ec53a19ed18a251150db0bd,0,26
0a9d4c8e39048b132aad1994,92636,8707c77ed754cec8249fd95dcc93ef72803605e0b8d44a82b760d1c2fafd23c5,0,27
0988ede476d004a2d80c6044,22288,bdeb7f4064527153d6a8b87824870f166b4204d6e3999e63ea0a1649ed3bd3f4,0,28
8194290986049238fadb5e86,19210,3a48d199a1fdbe21d47bf392433e275c2dc5e69b9f5d676f04dae8b21e0fc93b,0,29
108e43979ac4e0c709ccd52f,93239,86b94952010cc66e595fcf879936d702aaa618834fcb9378f4b80bb61b26d7d0,0,30
5f16b05a611722d04ca3f542,24885,64d739e6391bec0e3d4c1787c1324ec6fcaf1c882c77be8959d16f6a78b752a3,0,31
ecf177bb0654ba643b3a1436,115362,810152f52f0a6ef31376e57a894387505a6165d818291977dc5b8ddba98b1e1e,0,32
a17480fc4b6c068ecbbe3888,121680,f9d97f60571f2eebc5729eb561395824d36d1e6e2dc59107719124db3cebb841,0,33
1c143d7735ffb6391dc82776,113433,cb4e52e0ba2120d98d6d1aac2d13a58f447efeb5b7c18fe4d57e070394807c0c,0,34
f88b0bd46c2af9b4c6a28ead,23394,b44d0d1f820da62826ce2528e3c79b14e3a70b1e893adfff9ea0e4103a699d11,0,35
7106db9e4f639d6ce7c3b88f,98812,867e74d4e88df4d39f29eb7cc12ecab5a97e8ca583a1a1cab5e72c5cc1d91ba9,0,36
559a0302b0ccce16a8b0b673,65986,da695ace4ac25c47b5e19eaa1f1489ecc51d1df88d8825b3277f36ddd7ec2548,0,37
4517c1ab9b5949ace18b5be7,88998,e02becf24ed6f37d2a44b01c4f4da348968d8b5af0f90e31eabb161847cebd57,0,38
5f097c3d719583e752fff363,101265,cf6aee0223aa1efee074326b404f91caa1d67ac4a9a7becef344890ce40c1368,0,39
0bc837027a2574421fba586d,51753,4d2e465e984cf54012bc01dcba25a0249b4c869ff316eb5a56f440467bdfbb26,0,40
eb3deaf9776f17ab9b5c20c1,92384,912fd7dda830e18c0266c7421ab79f6fff75e239b23d438af7e15f35bbfd7a40,0,41
b6a9e0c60d6f648578fe4cb3,18373,3cc67366339e36eb66eb68bb3fb1ff732420ae3e93a711067dabdeb57b7021f7,0,42
95a05872e2f47bcf3d0357a4,15006,1ce72ebc0dd076d0b73adb67e58afa938115bc64c42edd694e72f6326c8da5cc,0,43
a6f329db72b889f5c7a01dad,92692,ac15f26b8a56bc82f402d4141eadad3622b8776d556bd120fd280d2ba0452a02,0,44
0905324240705ac963ece5b6,40195,17d73c4298dfa6c175834590fb31730c5d51b9284943a2bca4d8b2c1d5b1943f,0,45
2ddefb95678c26d34905170b,12202,7b483afbd14177c8c248f331fe6f5a651027835e24d347a0db07361bf64d7270,0,46
0cffd11c771991a309afa471,47296,22d293fe7ee883fc8a0742f1d4261d5c2ee7453da4721d9f01491776d28cdf49,0,47
8f8922fc2fa860f4ca5fecd6,79869,6a788af0c0f2317bbf3eaef498ea64eca97c793afde46f9066778977a8538654,0,48
34031767ad110328e04665c1,13793,2222fa52d4cde4b2a6dbf3a696bd5c87c638d4a93c9adecdbc16f35c89191f04,0,49
e44bd54abb8139aa7cdac187,100381,1c5df7858a086dee96a915545b71261621ec6013861e522cd4b64ffacd4635cc,0,50
b248a965e43163303c7ca0a6,98511,f69b59980fe06d11264e5d6db5bfb031484c77289a60176981c08d30771c5c38,0,51
81bbbc378643104946283618,34545,2edb791749e2402aa466268860f370b12bc6b5741e7c08f1261f47d9bc0c5af5,0,52
8f8ccb849ac49f9260b2f3b7,62658,4ed002bdebb4a8bc05a6263df0c3df1dd32dad21d52e91ea87a57c55bfbc19b1,0,53
711b3f24850ac3c9c5999265,9597,6bd1156977fd91457f6973e01587af35bbe3598ee725209c4f18cea1c30b3e8e,0,54
6e01791018c59c0ed2acefa0,41199,a15a455067cdb4259513129976b26627df0021c234d806a85819a05902472f0b,0,55
bf58b354a4e0c42afca4df35,32461,b01af0e6782f78916b9819cfef85008cd089e846ce7e01048eb6ed24d046eb80,0,56
d0848f4c0f04ab68a1a2fdbb,70119,d6c13a98dd42437deba3ebc610c82e5356a1b33616cb07ef61f3042ee98a4db3,0,57
8384194f1dbdaf24119aff82,100622,a6d3fca6ad6784c33bebb4f1c34e6e8512ebd333e93d697efb8e90a61e105ac7,0,58
3381b4c7e0cbaf3967e9a0e8,82769,914f84e59f5134286601fb8b4f2fb177501a6bca8634ea2b50a6916dedaf98e9,0,59
b696f9afe042351a8ced765d,104304,484237915f30cfa6dbd33690110cf1debe6c0488e0e8a3f197434c2d098c6469,0,60
8e1ee96527c75648af8da13e,108264,b20543e0caffa8dd626f01e572217ce86929310e6394e698313a77773121bc3d,0,61
45a10215129e45a908db0bbd,95632,3052a56f31df2ae89f91f740c754a6679496b481c04bb994fdd605bfe541478d,0,62
3d5dc3dcaa679c7a4c2aff04,29149,a65b6a8563db238feea564f9278ad79feecf7d7709181a8baedcca53c8258757,0,63
78bd78434d5ac0fc89092ffb,76255,2efa486dc1fdbfa237d644709b73aca1962cad676125298f2a0a102c74066121,0,64
ea4ffbcf0a378b724772f82f,37012,79f1a4201a8fe3bad472f628cecb3177f0d141a843d7a124a350be5bfb2cb8a0,0,65
10a888d22ad08384988eec5f,5461,0f1cfa5017c1d7a0986fb32fcd24a5784daba2f99517e89be80dd6be5d210819,0,66
cf5f6d06f033e71c539381ad,76550,b7d554e09aaccc32091ff5863b124cc3846f95549d596b94b5e7cf2751a9267d,0,67
e088c1fd7bd88dd328c7200a,9368,76863915c962d8c40a2887fdac8eb131710566db3072fe35e96d6c5303f2bcde,0,68
0fcc960533c28a3abed5d254,7224,023d38a08e39006f29e39cc7f229490e1f219c0e0a71ec4acbb52c15fab4b438,0,69
88de82c7e9e5f6298c52767b,74180,c4c66a475354db36eec9cea42effd99532fe7801794813aa5b7b9a105d99b08e,0,70
f0c140618b3d231bc9b5e8b3,50903,753f7cec62b3179688ef67a0fc0262c769034a3ce265b994e9c4a4c8a6b13ebc,0,71
3c7ae886480ee2d40e968bb8,2889,31fef7858918605286bd8dc876315129f121674e62b0df1fb3e99bdab31b51de,0,72
49b3fe7427f95081abcdccec,109961,fedf9ca20cc348ca0c461cbd2d35a660615a167017ee6200d9a808164631e341,0,73
62bf0881e82087cd534b1e87,9423,d09fb36a62440f6f37e543904c705ccdd744f8ba4a936acf3c9f52e73e537973,0,74
c51217dad4e4f580b1d29760,115180,2568a4e8e57a95a723f9f83d315f128f4444afdb798e0d734d90d778833725dc,0,75
f91db2e5ee2da0d3c9414c2b,45974,e30af1b23ee15717f501161bcbd68aa0aecd525538f821c850f5d50536ce76db,0,76
b82d18b1f90228e529e37eae,58447,5356cc511a4f11a25b274361202d0683f9839beba086533639e4d436310eeb3e,0,77
c5092c8f328a9866d7a6f11b,65924,62ce3bd34c142da9d95720273b3da25eb0755e26ad007a613400a49e21e15bcc,0,78
69fefa93f5d49f69195affec,51769,849fddd474eecc841484e8dc204d773841c5a697e98f6bc537939d74826ebfbe,0,79
306fb8130c7599a523203524,75497,27245d76ecb890eca222c184c78868173d6dcac4e0b5653011bc7394226d3b00,0,80
10fd1ef1cbc2cd32089bf9eb,16817,9f3bb401ae7a6df13fca77b53b80547ad9ccda7c7c25e1d1d2b4a1c5bd0bf49c,0,81
9aa254830479f84196c8ef0f,49378,7f57afb8f24efe71f50c3b22039803dd08718297f1c3777d45833a96b4491169,0,82
001f477f2b8750b4489543be,104560,c3ca5bbcfd37ce0656855116bf5c7237aac6aa54ecf340db6e53841180004100,0,83
31d01f06c0f783a8206f9738,13745,24fa1e8875fd598e97afbc46db247e36270ffbc89b8a250fbfff0235a88017c6,0,84
2d90367400772fcd34fd158e,123469,2ce10e6cf1df721dca3153c399fd13c97157ae53190b4d690f147e9992e98e1d,0,85
a7b1d634a652ab1247df737b,79327,3b4dd4f65abc025c2fa41989462e8e96434df3c570e6419f9e7a67296607f8c0,0,86
015c2c8a1fbde202d554a332,118201,437ca45d6075bb65d2d23fadcd9cf58bd8eb8ca71919d951e943abfbab0853f4,0,87
b24c5655cd4252cd423ec119,76269,429c5bce9aa5555592bb19a09c920a209154cdb697fe20449d1c484d28336ec4,0,88
68e0e7e3ffbeaafc4e9a5612,82650,52a2c6247a7118a1bcebed2b26ca933b271dca8fefb3d15beafa63e8b1046ad1,0,89
2db9fec51ad60f701c753206,69372,8542c2a33e1f02db88541cd3e225bae7275eabdc3cedcc5dc454bc47a8cd7561,0,90
18c8d14911628a1e102a252b,44344,714290495a2c57643af99c9a5e28e5523c9fec1e13be9ab775a9a46a50043ce0,0,91
0c4cf27bfd97001dc0d9a963,40159,801dcf9afde22ec6047055a4e0b37856770e334d1e7c1c335df8190869bef82a,0,92
d159bea6a8ac726ea13be271,69778,6db6c82abe8eb1bd337018da3cd57aa1c3d3d9c0aedc1c647a8bc0bf56d2c82b,0,93
5428b6de0b476ab5f2f36c0b,97194,8a9fbaf86b7bd5c3e02492e00847e54352d4398b58f8cfb97d593b79a2fd914d,0,94
fd1cd74ca7e81d46da839364,19012,d81a008b7321ad45aebfd7404009deda7cd7e2d0ac16baa733e1e069f884e1e2,0,95
2dda5af62eb4d339dae07793,103933,7fee2c53593028c92f9ab0a2a4ca5773ec4a7c9979a57bd8540f3ed7df23bfdf,0,96
b30fe73775d4951595ace306,110796,21a8a84e760867872165e1537f0ddba06dae4add0562c32325ba78f47722384b,0,97
a4d1087ff35953f4f4177d07,54797,d9ae5c2200fb01984a8e403bdf5d1e8d43c9b8a02c1ce62aeb3b09e1abf92ac6,0,98
1a0470e8eec072786bee83b4,113983,cb727355c071cdf6197b442316e663bd97bda6ca6974ab5d98cae508ba9fccb6,0,99
d456d2b392e53b850024ffd4,29383,f9ba07414398f14fead47533da62d2554d67355ff6f6d3fc084d15f0c2b9acf4,0,100
d03bdc5eec994c05c60d7ae3,52687,e61cd3a474e787dc60df5a37491c86e3d246158bcad74e6c91808e2e06780367,0,101
42415682e756c01ecea59991,26083,a39a875e6aa47462a13e7938324229ac70b9653b6b73642d3817350b98d09b40,0,102
f2c72ecdd912a7c871df0a3e,112798,6a9358030def38841e875b6d540ca0dce7fcce3ed8938074a8cf6b347952c7fa,0,103
78d6a033092643ebb28433ad,114850,9c62dea4653a9cca6a43a0a71a2ae8f9f2a1535954721734ca044a7809d6fd76,0,104
bd1c241fc385887e04595708,92378,30284a538e8272f91de209142264fa24c003cc1db15953af556dedb83a77cdba,0,105
5407fbf20b8d35c83a5aee63,108941,aad19ed89b16408c7dbb9669fd6ae568cf94633b1008ab0c2dd00ac8119206a5,0,106
7ea6fb7d4defaee7b427c9e9,93017,f9b602ea6fc6a4fb66c9e8583108912da9177c293ed9934146837c77b2a4c1c7,0,107
38f8724a40e260940c556570,44530,6ef59324ad6c0044aa7ea7672bf27657a356108e1bb3b9a77f298ac95b0b53f5,0,108
26cde5d0232d01e901570bfe,59851,ac5e954c10b5b54e1f5fff7a0a3d827629959c1455fcc458e7c726902d40fe89,0,109
11a8892f40eb8cffdd36ced7,49365,43dbf5c4c132936f4970d27d88a54fd9f082077b13e9b0f015905920ac928e2c,0,110
29b8f3ceb52ab9864bd8f3ce,88417,9970ea2e41f5a1faba0aea4157d518ae901605e25b8c466fd96ca04e79cb215b,0,111
35351959dc91a0fd55934281,72980,596e6ce5235ca7909d80071aac74ca032485acc1664c9494a9e6e83ffa08ae96,0,112
dee6c623fe401650c3adb411,67681,99f0f9b15bfe646d0e84da004a2a6093eee20abd3220cbb984f194d64a1b7316,0,113
457080e8f7f2c13b8b412938,46090,cab925c661304464d5886e4ff1e39d0776191a564171333d86a23c605d48b48b,0,114
0cd259fdc6088aa0ad1af4ce,13858,11a679eaf8a3ac841b24dbf7cfca259883f4f8ccba220d542853231ac6ce30b4,0,115
0da09e159741dfe2c0d55103,22361,786e1dde1568f5794d79e16ed252dd11e1f5d2ccfb5c61e09df8142edd35a14b,0,116
864ffc53c31ad3983fcc07a4,3620,09ea6dc6b95424d89bf0607021be211f0d6010efd8fbd2b72d9f226cdb646588,0,117
bf86ef656db28cad4878c3ad,56402,cd0c03a99cf5d544c2dfc347f3252e0b4f97c031c23cff4e5aead2ff696d9140,0,118
54245df19efe5d0402537c1a,36541,c50558cb5c0a732ba2244263e04f366103add1679cc7b9b1c800b664db66dd11,0,119
d3bc9768ed10121551c7ec4e,100979,11c108af84af8fa074e4aeb34f21c3021ab9d7bb2db62fc855a2560dcafcd6a7,0,120
c22231644bb22c2fe945140c,109477,af2978415e03a65f636c969f9938d6e33502a887a5c32c5cf669c507c2edc746,0,121
067193aec57cff206b5cab21,15816,b49f69a0d1fcc17e7668290787d89afd730048a352dc35b6b12423900ed4addc,0,122
6ab97baccf6dc92a6d65902c,82196,a57f632e3d589edabd55664a0bcd0f291dde59c5c44f6e7000e7d46a17b105e5,0,123
8aea2f01bfb72e34ea1771a7,89325,be60fd1b7808ff2933845dee1b2a0cc8b493b15680499f17f3cab823dcf4df52,0,124
1dff45291ad84e0fc84701fe,113743,a1426bad34353d29e4379653134ca64077dbf47d5b3c17ed673d81b534602439,0,125
755ab51a520f915f52f7a488,64427,18440c80022787d8da3be9d66bc13c12b6d0d2456d6655ef62a567d06099fa63,0,126
2bb63b2c51b37eac036c55ed,21571,dfadc7ce79f31d5688c2704d04254155d4aaa45b736de5fb62aef2c8f45604a0,0,127
a83119db597c74db019c36a7,1008,d1463e84977c7c8e53c281921b6a2cca06f4d9ae89b65e65fcfe1b576f27d140,0,128
efdac7f76f532c188b8f16b9,83222,6661b05e40f635b7295de9d93c1e828b59df32e5c484da52256979d4011b6ee5,0,129
c81dd5215ef157970b7058dd,71970,3e21b99b0a8265302d0ce4ed0d47bbb321c817911424e3dd4234ee132ecbc945,0,130
a8e0815c37af5d6687a428be,111709,32d14a48f286c5e837c1668eb1da3b93d2f294a6b2b0afe1f666d2806be3ae4e,0,131
30e48b62c11454e8ce0ca77d,44922,bdeb0524daff9a20fd7a91b973efc8075e0da1f3beeb815ab2e2856b33344e12,0,132
a1690f79251731b22e0915a7,16340,a928e20f3dbfc5782c0cf234881e0c66e58e91eea2f8acfe272b3b55502608ba,0,133
ff9c10adf460b35b240f6c3c,95583,e66ac8b23e524b00fdc390614561de3f8e6c25e1b67d33d08dc7f9235794c3f7,0,134
b742c7d9c3c792a8c3f50338,93533,3b6a8242c917850feb7fdaf0fa3cb3d5faaddc0511e12d8a5c44f2289196f20e,0,135
d0a38daefda0be53f18c2558,79695,1171de8c1da2916410762f68f18171c4e555f785e6645a9e8981485947fb806c,0,136
edd00ddffae447a5618b520d,92719,b3e503b4e645328ca4365d21f411ca9eb8041bcdcbe357bf53c0e11439848057,0,137
32a78a251b7c2d2642dbd479,85796,380dc7aa814e4ad3510d769be79413a47f0ab5674c83d895a25fcaba20cb5f4e,0,138
d9c157a57e8b254565ebac22,69040,996d01ae6657080f467ddbf16d59ed9cf961848e9c274960cad24c55899112a0,0,139
6d40c7803715fe08b12ebb49,1552,7e6477b907c182142dc3c5c3a991163f0dd1858ef1ab151870db76eeb33cc866,0,140
d29b477a6038cea8c8bea1df,28901,72d7b4564fce9ece6b76f6e69bcfc9523f76473df37d2ec16e6d0c67c1c4dc0c,0,141
6bb2f6681a74fcad0644fcfc,87377,23f9980eb3335d6182bcec4e1b80dbdeecf8f7d8ad072f189b5d11f8d98655c2,0,142
85cdc84dbf2a4b5980b5bbc3,70768,6f1ad59b933725aeed0e086940f1baa2dac86c7812e9fa1dd4d1221253ffd020,0,143
8b349b8c3b7ee730c268b077,6596,e56eb378f29dc293b1b07b846880626809b3280ae71586594e5128611da1c941,0,144
e8e4f96397036e5ab373eba0,93879,0bdd4d97b5c7398b49bfb56ae595a214eb4635e03b2b701b66ed424ea7a44c2a,0,145
c2711646f65a01ab65b32d26,118778,ebaa21881a335a09de0d2a78b25814410e52c242c92dd8c22deb9e210f869f25,0,146
4f48420b9ec3cee196c8bc01,74687,27c2734a87004239dc0ac1b317bfb520bbf7f92ae4d98b1341d14e8116ea02f6,0,147
47c5efd579babde9c2a2b1c6,13026,027b90ea6ad66ef1a48ed7002cf673d6d96e732831612c472bd77766736600f4,0,148
8b2b605c66427022d98d8dea,34310,07517f2a17b600b23e831dd81141808d2da77114fa184306c1c36fca4e697f5d,0,149
71ead0653972c1e1dd799598,56038,9e369016595df05761566f39ca596f094ef395678b55e755c25a9f91c91f2d62,0,150
ecf558378564d13fb33a0816,66117,b3f79e5b9c7d9ae6a73b7db319cef46d72807f12a7ccaf39ad3735c131e9bc2a,0,151
0f6a5a3cc30c4f051ecca1a2,72909,38561d3ba52e3597b01398cba4f84ac945237bb59c8275d526a2fea652d2b9e0,0,152
87267aef9a9536d438468d01,32786,2d8c253bd16d01abd1d207818db3c487e4b6343e469223a85083996d9916acc6,0,153
a2eaf586237e557bba1b2c3f,120283,5dcb308cffe9c2dc38cf58eafa5d9247a9059705c7b4d579472146880e58ce30,0,154
53c7b16c7d7fdc39c3502570,122905,e77a19f42e6186dd34847786f7b99ce8f354f04cf4bc755b058c6fe28d5efd67,0,155
5d6668dbc02f35f6c7dd1115,19593,8f076a95eedea8193c9d05ff8975aaf0e9ed62c3e4f039780610a2ea5b9090fd,0,156
c0e9874dc04d4c114cd93a8d,107516,2c33154923eb0475d96a333c850d29b228dc35e2609e61e1b821ee93b2d98197,0,157
264d80e1813117bc97c63631,64632,1f424a4d87789ec0f3d8958a16e465b3a2a931d67cd434518c20cc8d2802d156,0,158
accda7c03ba1a66af8098fe5,24312,fa1e5bc4575cecc1752c2f6aef5493045f153dc15e37a6fa62539c23b6c3ca61,0,159
3dd7f696d0bb61f2368af1f6,118130,f5d6938f9e1c48e4af6aaab59eb78ab1e4ba731a2d6d0d9048a27cb04841c2f1,0,160
2144743f0837af437359effa,27030,1b2c956d700aebaa59501c9fab70ac71db3e5222c1e23775951f69ecf443cd96,0,161
ab466b7925ca9d2c786d307d,146,7a5df237cf301d5ef7cb899c2c22b4ebd58f7a9817787d98fb42771d3a20ce16,0,162
9c66644b851552ea8be25ff2,2571,e67b121e5f0bcc64489381baa64f91933cc073994c29b603fb7a7b0a4b4bac06,0,163
a79ace8aea148c416fe2a7d4,105591,5a186bd2912b283cef2fc709565b5de6a14dc819e967b751a7cb9666126ebee7,0,164
decf701ab58a18ca38fe7852,100,173670c75350184e46cb66ea82d0328ef0352827f486b23a2e551b6c6c26a613,0,165
d3f641647600b9c2c50bdc94,37500,8c9e5dabb0d1c7af957a20ad38d8eceb60a3a43da1c896b32e5647edaded41b5,0,166
7e6e573593124aa61d63a67d,117699,160e679034da2e07eaead0f52430cd8d70848cb1767f8be5598c8ccedcbf12a1,0,167
7f0d1af8ba0801f73e8f8b39,72362,32916adba0f31fc78a2448b405cfaff72057a32bce24997ff1ee82bb674b6b9c,0,168
b370f8a3307c03b3db532f08,110702,31423c6ed72bc39a542689845f61c2c46b44c1a2b3685e0095fbc941b1124a23,0,169
3e9d02c3dd96026fcaa1d185,54452,d836af2c047613804e577d08bc4e10f6d01f0231b3bd6b9d03f9b6569cd11f24,0,170
b14fdfb418a10f90783c3349,120861,a4143c35b2dd7225249e5bb72075148af8c62b7b1125adb2bcd6d0382dfec764,0,171
f9512d6d8d7719232f12444d,12013,6b524be834fd166afcc41c8492346c5ec98e02341338678a0cc8c2b84cfa5b86,0,172
89cec5571b31f98de557dcd3,28823,c8cf0a0db8bd3ce23e7d6eb48d8fd461b9cd201fc9f761f664e9f379600e88a2,0,173
22907f41f17af77ba81086cf,91263,0cba246b94fe5fb2cbdc0d06adf7ce8c16a9301e815e4fcd3d20213b4ab16cf8,0,174
5a939a8ab03659db2f940d81,93864,4b0849a3b1fce89fe4d0480fa9899d9360f60bad8e384c7e30e8c1a237b85120,0,175
0571b16b18706a72d7dd2e99,37737,6b53368c13b616a1340b292cb88a9f98605b99dbaa5ea924dcbad8604a625779,0,176
0237472a88884cc660d75f77,26960,ead4f0556ac14b28735422a737e426423429a1bd51b1a016efcdd76e8fdc7ceb,0,177
27a55b9cdfcb782135967fb7,54316,b3476c19024c476e66f9b7d817a59682623ca2fe1e9dfbd1299e61f23be55556,0,178
623befc14cb697b778e0cded,105740,994d3b85929062d3d0e4e9d2a2270e9e3199e5a8215fe9c812d7018c6d50e23c,0,179
51ae01def28945568ed96dec,80272,cade0e371eefc5c4ffa8bdc267976f6583ada44759216236f8eeb8ad8f5f4f1b,0,180
5e5c1666c50701558893d825,103738,7388cbc0425c69be82cd78e8ca2656fca4b1a1f23b099a4e63f2686adae0c780,0,181
61770abf0af08c54513d5f91,64480,fb03a9268c1e3f8ebeaac655eee5717469cb783f1bc88a91f5aef88a85bc0afa,0,182
feb54bb067fd43d8ab090b4b,64399,5d34a661753d3c483a73cf16299e474f1bfd06650faccc01cf7753bd9e8af0ab,0,183
ef3ef66219a0b195b937f92e,72005,5be28e4f12869e442d8eed957c88ca666ad217929da0ff5bb9c13c839371facb,0,184
c3d5bf8a236da0c0dd1b92f5,43313,6c5d926f3ad090e756348e9014f0428ca9e2c785f6f4cad90c21226df3f55654,0,185
49580b75c694d3fb716a8778,68856,1f7338703c530d0a2d24cef9d1d8a4c669a69c00ec7573e4b3bdee95700f5cc9,0,186
32429638c60d1ad7b635ecdb,55715,9a31bff62ec4de42360f35785dbd157cc43dc5ee395c1e16cb2cd573371e95ee,0,187
e4f5e9d7c7b49c07c997c1a6,30306,45e149b4c651ad3987b312bec3806243c59010e77c19a898efe6233296dcba70,0,188
b054c3f39da25e913d5b850e,12900,c8f1e5abbe144f003ce44b7eb6bf338e12c979bdb9e3850989e726d73d9fd805,0,189
709ab3a03e6b8a2f712baa33,118967,b56e219130d38c0a41eae82c486a1160bc816519d7585ab744d0cf7c9894e811,0,190
ff7adbb097bcf1d3eeecfd09,118628,e0b9ee69886b36dfa8f5f3502cf778488a7dde8d98befdebab15485afb5107c0,0,191
f73702215b13d368948d430d,77739,f65e4042a5194318999b46d395c66c3c0bc6aa4a5d6262fcae28329178bb96d3,0,192
db8bca2628c75afb4824fc60,35976,ae811dbb564f1107eb5477f4c32b6cb01f097fbad1634d7da869ba981b018b27,0,193
e5ddcf11b2e0ec06c56302aa,59800,390ed2b18d38287dfc7f54aa870bcb0d994cd66d7df36be479a5328c5903e6d7,0,194
59f4744749e67a4189493f8f,46503,f682036cd48fc7e83f9865fbef3ba05560af47f8a10e7c21377b1d8b5d6e400b,0,195
c1054a8d48c8ece6ee84b5b4,23109,e1cde24c55b98d639620da98bedce3c2912a78fee44ad1bd0918a43409eac724,0,196
7c05959d1ad789707e38dde3,20768,892f1073f2d6b96d3a8cdf2c66bda3df234a44b88c3865363949fe5a200293db,0,197
e3c3fc317ebd66fe327332b3,60186,04fc55c7db93698502c31845de536ab3441eba1edbbb827199f07d2d509d6fbb,0,198
b3aa4798d4e65d150a8a39e0,76013,edb0e8d2e5066596bf7a0178505436b666f56ae73f794aecdad1aaf8bdc61e28,0,199
2de0192430e870c49fc9c849,98983,bc0f55faf4c3f58eb84b54f8da9cbd643c3be49f03efdcb14c516e1c580ffe9b,0,200
1ca7e2600e005e429bc34917,89635,d1a732965ca08e3060ccc421284c2b009127dba8cc92e4e66dc7b99445a4113a,0,201
6a17e2e8ebd85eda1ec5632f,4306,48fa2edaccb535555632ec3471c543eb7bd4e64e1939c7231d7fb7f71a421ce1,0,202
8c0b245f440679c1f24ca460,13158,a225cce2fc93d48a09497bca5c8434b9ee32623a5eea38648de294bc1bc2545d,0,203
4f000cf6344f7da36c16dde8,85618,66f29c722184a7c483d779bd64696ac38d9f45de42ee1c24db8533028ea12f65,0,204
2ca7a70b412cafd65d49be2a,53372,651bfe867c572c2e17377f48cc3084dde2cbfc84467eed37d31f8408bd0c37b3,0,205
254d089eb81edcbc2ea5a868,1761,38e8f0eb0bace117719b2b730b34b7fb49d234810aa1486c37400ec5fec9af63,0,206
d121ad38dbca00e2da2a7752,39988,a622afdb6574850899674bc19c18a50678a65de4dc8416f4e56e1c0b8fcbe61c,0,207
e566451ad37a21e92f133a5a,81599,55f9bc92e7699de6ee84c64c595bfb7e30890afabbe34ac2216ee1a170d1ecde,0,208
8fe807a305c731c04e58c5c2,69768,859202a0cb80d5b5a91e26035b4d3116d9c83fdfb7372021935cdc7bddadca78,0,209
cc11be2525ef18407c0cde22,118929,e68b4bddb96be458c3f2ed4e0419fe10356f795a62d2b4b6ce4333809eda3290,0,210
89ba98de503982157dd3c965,99087,f262f7206ed0ade69997f5fd782c822d6b2f1589353c2758ffa2c8923938fa70,0,211
a07326f8a96346d48d7ba55e,94361,49711ee2916e577875c4dd02a839d4e7b6e4b548cf7acacb2c993a4a9cebba08,0,212
5be4ba36c5f1d2b01031d23c,50733,083d261ef0aeab43c1cf3dd25e0d4d8039ce04ee143c8e613a661131e6a7d4fb,0,213
cbe704b38c49fea8e507368b,104436,11866b8d184e8bc8ca30817789092c947aaa0acc42c050e6200023f2c26e2d42,0,214
5854df7f3fa9df1d37de6a63,121612,d7cd0dedb248b29330e39546428019f0935507b4a669fee7333cef146e9bea4c,0,215
c26c7ae9368ef16808b95dce,102777,d0abadb1b110ccd149b7c962fbb40c6aef1878ec280294dc9af051bec6e0c871,0,216
e594fc8a87241996d7da51c0,83842,f6a29cc5cfd09e112c7885dff7388a50fabf42eb4647486c614fba134cdc8c84,0,217
42f61ecd25d066110aa2f491,114274,2d78fafcd9b8a7dba688bd9e575dd6598ea6e3d817ba6d91ff10ddc343d8c00c,0,218
af4f9f484d479ab8e11001c4,84317,550252d699e02054ed06f26035ee49b1b3ae760b219261911b62f6a145b7fc3b,0,219
294a5015d9c59978c6709550,108188,6e933c13d68f95a1b6f070b9feef90a499c9fb0042f27aec0b20a4116ee78900,0,220
6e1cc9984089540fa461045d,75970,e2faea38e0b4b363403c77b2622fade541abd6ea76389eb7946e5844853bc4d1,0,221
662a0652c41588bd49038f80,11182,8da3c86c75af9fdb99edf0bb81f394b615048411265eef1ceabeb9cfa4358be0,0,222
0c9f0cf96f9011967afea85a,38821,ac0014f4dff7a13b155c248c1afbe3aa1bf6ed5db61c3327d504e8863ab26f72,0,223
f5762ee076c6c21e8ac8fe00,107163,d930d76fb4a77819bbe10792609b13e245a42a6578003a842071884a00756070,0,224
6257bd5a4fa2c2e139917058,69260,5d06c0850e013a022f23e613fb03c674fb849ef5c1578e2ed7de39eedfafbf08,0,225
6f9246c2db66e4ceb5428d43,22980,062104bf9e12e411810e3c6b7f1786c3973e968c37d01a24ff72ef87afe4af2f,0,226
15d60e0a2da2e529c82b2a08,8100,ee038e679726712a7a632084c49a684402bc0d5bd7c54cce4619558bf9db5651,0,227
9283db5449177c3efa3b7b93,16765,58a4e9446a0458b2e0451322c0a4af176590f30aafd9ec48114880ab00ad3170,0,228
941a6c2bec21e3b13c90b82c,63703,7b1745693113ac428a0bc29d5f912a3770188d7b9b3f3d7a8e85f92d012b42cb,0,229
1207449d84d9fa74d3ec4f0b,59847,6cd2ba99d0ae2ac778e6e88cf82ab78d0a3e96951838fbb897a24ed231fae093,0,230
4e68c6f7de259624d45a651b,35255,9543292fbf1b7123467d924239d8ce7a5db999979aa462317e0fd429bbb315c1,0,231
d28bafb00a21a6f3ada123c0,37964,703c314a1f22b5ca50f87804ae7657c6f96e84f5c7f8c302edfade0f02f57da9,0,232
f439fb08529a76daabff56bb,120296,c9865823c4b73c41d670cc638b86028b594b91b7c304e2f3c6aaa57ab8090ba4,0,233
686105e5153525828bf53342,42158,3e93c96bdfd10160e319ca2688cc50c3ccb9cd8fbc213a6fb53271e55c067480,0,234
6f24a2b7c84da26c9912787c,4776,19dcd2a28dee1f86f790b91146ab31e107a67c61c9f343b28dfe9257732e74e4,0,235
e84ca8d536adcd58fe47f84b,11286,467853ac0a30b0776eaebff1df3bd0535032ef1af4fc9b128bd8c476dcf91b0f,0,236
c24951a94e663f6d4594ecb8,100903,05e89f35fa5f26e6d42481460b9a985469c98d5844252c6e8229fbed910dd74b,0,237
f4146d9b0a93201b494e648f,79851,a6b8c466793f30ebfcb2f84bf5eb930d38d750a01426b8756036ad87b3e8a0bf,0,238
756aa5a7ae4d0bae3a1c7527,119370,00c4d6eca4aae43d3525a6a7ac37dca867d74a059fac7d9d9a9ecfb51c8ef335,0,239
32159edfbf924c6770a95f2e,5508,d88837f049848c1dcc82c118625298677addbc9c4d44315c0a6c1c980b484445,0,240
cb0ffed0bd9ef99c498abc26,38088,97a49e292472966015c84db7cc60edf338e5ec19280acc8cee50c30e229cf85b,0,241
8ac7e3932da3ebe85b61d6f7,37585,a7ff66c7e3fedd7262679a1fe1d093b6b6e0085eb1620f5c7bd0da35c6182264,0,242
3fbde23fc7e0b7e9e3bb0988,71770,2204751a736e20fd14dfb2323dc86d308034629f14581639ac177e953bfa1896,0,243
18e145340cc846276b45be32,88090,c1ec83068fdc2c2bb40cc4bdd6c71c28fb1f4c0266aa140c96a9d66fc0dbca14,0,244
d6e2e3521dee53cbf9b579ba,33105,b4f9ee924558456543066fe3b3f8a3578aefa445be2358ab5e5ae045a3a4e476,0,245
20a1c16674f21f9cd539eb56,67216,8589b14914c7f3da97248ef60f6ca12bfc590e816d971ff922f3c659875d75a2,0,246
f4121b0bca333c9f3f0d659a,99718,559870398bb1c4026cc4c6331938513c72eaa55cca3b9142ad8a848b72857aba,0,247
aa068c6fbd8527ba05e68ac2,31164,ffd07e8f89a2021bce64ef62be94dc6dcc1700e68826fd76ee64b406f2f182d3,0,248
712b82d4c7fb00979537d04c,38674,c3246730e3dcb9c6334d0ea26801dbc6bbcb6dfcb8758a5b7b5e5f2ffd5be853,0,249
d24ab703eb048377c220b94a,55701,db71b4e7acdb87894eb6fd7445efb7a279ad2a59f0be956ddb3a74be20506d8b,0,250
44fdf513ead1895579b73b02,35838,b309c7ee817cabbc0d6d7800bbe5d8833167c6df6bed5ef723404ebba78820b5,0,251
21e9b0340f5f1b846cc51c7b,28974,ac250cd55e667b879c9b15abce276056ef38a008ee246b5024991333056e8816,0,252
a8cc2e5c45b5fc39877ba117,16248,9824d4ae78d33923aef4e1c179adeef715bea1113e644d7f2092a3fe58b4772e,0,253
aa51c564f906cea1a49b2834,52028,9f51c53d406fe36f3b993f187044d00543cef90c4e2c7783ce7a728c35003cf8,0,254
072bd4c169c3bae59610f122,41484,f582d99a16740d6ae978f84c43097a05abcceaa907a42c825700f9285375c997,0,255
11e71bad62abd04642509e31,11120,7093e223a3cc9fd2ab50f8178cae8774755dc52a14da9399e5ed5eeb5da83da2,0,256
26d7fcd808dd53694421e0be,89095,9cab6be13442bb7c45fe2605670c7de8c2c1651fa867af12b81ccb1340951f19,0,257
33bded8d1710f19ee5ec5eb5,110254,52efcadeca752499e083cf40aad41a28193d13895561299796a5a10a3ddce0bc,0,258
fb766491b335680a512b62f2,90897,12df028e26a78cf05a0b70fe3ecd068d62eaa0f32c78ebf5e0aa1587321e8947,0,259
747d8f80395ee2b619d7e2d9,28305,fa36f0096e438ac81d6b08a29a9ee45b0819b167fbe0aa98b9b0e0fe9c066ec5,0,260
89b9902daccfc7ec0e90e56a,86633,5e66825f26e887e552c17dd2c982aaad8f6a5a679873b229e25ba4b78692a066,0,261
3dc436094d49399d1ba290c7,38370,953422805727c0c9df9d9dc7b1505e62cbd5bb2c2f0f0ba984136e9433cfb28b,0,262
96d4a167dae9a5346a36dce4,43089,9fb5aedaa11b99ffc2963e734048009bb92c121274c404a3a8de0cc83664af30,0,263
6ae8c3ed369cb5bfb0dd4638,38267,4859441fcfbea627e6e2ef98d466970dae42bf5dc28d6bda71d5a893c36d71b9,0,264
fecfb6049229647ce19257ad,46809,cdf5d004496139dd95d83dcfc44bb656320c48411458c9ab10703c08c0fb9c13,0,265
aa79ddb4064d96f177739417,113335,180bc2f7fb4e756dcd06df68e84222cd1d684680f676ab798bbbf73f6a8aabca,0,266
ff89537e55680c61981169ef,98831,9308155fd80ce4e5558a05f92b075c2aae4670851b570f4413a57c979af765f6,0,267
9cca7455033ea91053d65e6c,38406,4b16ebe212986d2ce3fabe2f027a373c0d2c035b2b8d81da6dcb1807de770dab,0,268
af353e61c0ae66ba7fc77ecc,44103,d54f34be8a6957193a2b2da1d0fcd7fe389ebb85193e9706bf1de8e7d99d3d74,0,269
66e70c5d1d91e00e70fb70f6,100897,ffe895e1c636e94ddfa89665531c0b187cb1b6271ae9b0766e07a72266460e2e,0,270
2e2ba5f2d656ca04841aaf6b,77481,87fc232d831463de20a45ac60b3fec590686ea414c347a5ef81162218c139b1e,0,271
309870a06b76604e798d26a5,113015,4c48a44ddcebba43312f58f90fa2e55287a321966d2efcd8b81ff773275bc284,0,272
5fd749474f29d2589a051420,116898,a75e75194b9698d74a48994644e37e2f0811635e7e7711456a8685e4cc23cefc,0,273
588b6304026c845e431526a0,119780,d388e86e70777432311490ce0d55cc8980f123195304556dce3b7ce04327285f,0,274
a51dd85ae817df1e2525e5a3,9411,f662f75d70e8b3d41edff22ed23d1d15cee0343525d54139da01aeb2c7f8e7f1,0,275
f9a7825d14b10239056a7851,15346,8c6f99bd0586ad4fbff0b6b8a4c31dd44e7b88261fd459f8c7933cb9a3419726,0,276
f174864c58894a816edc4e29,112122,ae768d364e7d6034c0fadb094b23c1f7d8802f224dab43158e668e07bb1388e7,0,277
59a362cef51f49ee2ee9b98c,46120,83573fb6cbf2fd51bfbe791ff4fb75d9d5fa02c7b990252e2e4fbab21cca3a46,0,278
c677d53f1a4b9f8d58334456,70191,75bb4e006e17bb1e85bfaac52e0546655e41ac15431734a6a5db648977977185,0,279
66e369fcd09afe6248f806f0,58000,1d87f1919f62c39e54b5ea7c3a4550eeca8cd9aaad1d5328b81558e2c0d64f8e,0,280
91b538569c53f301e001943f,84455,98bfdf89e6a25a21a11968a5dcc7020a27f19dc33cd467655b4c794cc732ac3a,0,281
4b81cfdadf94387fec1b88eb,11322,92e4fc3a1f41b4be5a89f1801479afa0cc08a65ded34ab4ae22eef7a9253935b,0,282
0663bcfbf0e805d6dc081aea,3394,65e0fa99913582375d5f88bb10fffe8324d7afcc71f12ab6f66274d1f4341b7b,0,283
440ddd171707da16f3873203,22403,d94802bbb0adadd4aab4e1984e28d1db768d999f2dddc1dd5b2cd772e382f0f5,0,284
bff33462d15dbe89c76406d3,70241,e80499448a33aef05d515fcda616fe9d78d17fa19491519816931812cdfe4ac5,0,285
b45cf5bd95cbb9d02bab15aa,112255,d4bbb9cd2e3b34f2d738631e072781423fd60c0f5f6ca476218f3402719bebd0,0,286
7679f3b68dd5f583fd319aec,84751,363d364e5af179a08fae891e834488885af3213081b06b36476e1fd3600cc348,0,287
e2b6a60e917fe35080f47b3e,83587,9360eb57eadb723d01a5724a45d73d98f6881ac94dda40e69b4bfaa36a75dc1b,0,288
b1dc76e17bb671bcee97f06f,16969,0fe9df286927da8b4a60ad4c48f874ab0b46be2f21d55facc3e39c199d6905c2,0,289
fa6b666c8471d410688c7518,76792,c662c2fa9d10e17e2fc84a68d704f6741a400f01c8b7dbb77690e9221dca4e2b,0,290
e85df0b2e9c45695dfa88616,113597,021e573dce7e528a47872ae8fd790008e5accbbf467cad87df6cc6d8c5e05014,0,291
415379ca21c52d1876fec524,42553,6c5ce7df9d807b4c97ae0cefc4245d6be28ee1def7ba69f56b0cc043c03fcaf6,0,292
73afcb722bbec8f9716576dd,112269,df6479706ff7c35e9248510ce9080aacf465689b9fb65bdab720a73e5d949133,0,293
0d65af5801a469f07b082fc1,42712,9998de8166b472778287ecc517713975df029b9736ca7c58f9349009f2ff99aa,0,294
99d7b4f66f1814b3621e2c0a,69052,a03c81c4d20dc5a7ababc13da992896a17977d696cbafdd21d723100c3f261a1,0,295
2efd472ed334c0d45c7194ac,105811,f4dc98340f01d51311c3303f3b9f8a5cbd29c5fdb520b00bc045849858dae1d1,0,296
4a98d39d235546104b468b0f,31432,341884fcb6f0d306da6652c65a88ddfe4186c9ee3398e804aed14c7fc3fd4873,0,297
6585b878131b6af935c4008a,116939,4ec8e3f4f3c17fff61fd082602249962161d434bad41746d1de6f862fcfdea80,0,298
91f50a21f65232ab62eba14a,27748,4ca0791a5924083e1852963725fd05a99e3effb909e80278692d4bbefe1ef495,0,299
760dca5a9cfa1a990779db61,11749,655f1e32d4146a09d777e27fce25848a83e41201e11bd847a4ea86612a984cde,0,300
d6ccb678a285111ec18fa2ee,72619,1539ee72ceab1f5bdf0ec91b5299962f242899eaf5d2fdb91992a683d60e722d,0,301
7a65ad3923f196fee19bfd0b,104288,415faa7cb0eae1adc4d753fc1d77ed481cc06bc6fa22d038194e288b62b6b38e,0,302
6cda37ab7bdb3e7bca4b77a2,17378,2f1f5edf9d93ca831f0841777bbc52029b41a8724028d235d9bf0c73a4e7114b,0,303
714879a03dfb2c4e97706f67,118994,fe1c03f2c8132c9b76dbbfb1dc7fb4c7756f0e55af422e37fbf4e4fd60490bd5,0,304
99ea7bfcf609cf6109e39af8,120462,fce72019782a74b4d2e96ccc8a579933ea2c082c5e03e1d221f44f82daf8f42e,0,305
7a584fb53efd65a0000c49f6,61773,73931d57753855b962deba3e828fb8dca9cb24c3ccd6ad381c3bffefa8a9ae5d,0,306
e996a4f037c1385d64a3f683,14742,8616947b00b4e503f0b5a47e488129521ad41af08639f8c962efd1f387a75299,0,307
542ca83317f10a9f34a7ecbd,115794,92f74e0852e4f57bb9967e07bd938adcbbd732eda2c8b6c0ab579bbb23f1597e,0,308
c2a0eb7c5d0b79b83810d6ea,81827,3d9da40179d32d2c98ee4d89ef499aca13eb4a3e73a1ce3104f26c549611b279,0,309
2b9ecc90db5f9768a31750f8,5100,00ee653611e05fe14d71b831513a353cc1154971bcf9556a80db94b3a183f3a7,0,310
dd0ed4b7068f7d223f2a663d,75234,89d99ed96f6e55dae00aa4c56d43d1005be25df48d705159fb59040c04fee966,0,311
cf4fb5e8daccb2a901c4d07d,83104,674cb6e5e2fcd20a4581e9e54bbdfc78e870813c0d492e6c480a9d536a84ab57,0,312
c035c55d74673279d8181d5f,5979,df1098b0c11f2665c5a9e269c15bd6ea94c6abee096169838887042a6103891a,0,313
d81e2dc5cb16ba4a9e6b0008,114229,142f6713af6b28a9016a025af391d6820cb3a206e93b46d9a1133ca4f4c0dcab,0,314
e5e5103e2e6d91f5ac53b66a,107893,e10721b04e03b7bdfcbb9856017b48bd65d49a657d8e7ec3cd0c56abdd01800c,0,315
e8a1fe93c8de5e109a75419b,44169,583044682e89a9e65d6f5b49bcfd7605f0949a94840ec5b81e65d660740add8c,0,316
6d8962058a413cfd56079b71,57401,0502797435beabead9b320aec29e25f11220d47318c152a33d0eae6aa800246f,0,317
89bb52ca29ea54a0123533a3,67124,71d75b8564a5aa0a4e678b648421075d705b55a0e35ca38f8a822259e0419cfc,0,318
c4b969376550544e2ab2512f,59331,3a8a91cec39e94e63910640cbf563bb0e54bc7438d3df13189b56a6d976a51c3,0,319
41d56fe30a99cf8d0e158127,65085,831dbdb802660d8eb53a1463d365bfef55a383c6596234a4b8b6ae1418b471f7,0,320
9be58f869924d8978da5687b,68561,67002b4640002d2f624b46f1206ddc414e781d8a98bc41fa086a3a31e7161006,0,321
0b1de361cfa9ea6f4067c688,112740,b127d53634986878b551433feb188599452d70b66c7d18f8295bf116325c784b,0,322
697809c3b51d581dc74155c7,115460,3b9d43d86d80f3ceb9fe4267f099bb4667c9953d3b35e253dc36238fe47a3672,0,323
9e5842ab0de5c53f763df492,44899,c198a9d64a0308caad84e000c7df48641bfdc886a361c4d7793942b3ff05a4c0,0,324
34e30a645278feee1bd3ca8a,52172,882b0126d0cbac14bcf85f37aa89c691fca89ffc98b8111cb024cca1500d0743,0,325
2a55f95271803204708c5603,77510,65f287fe061acffefde281d43145c833afb7bca6007c23b5dc3e717287d20431,0,326
ff2263897b3373b74d2ffd55,23240,71bac45a82ce317cae0fd03c16b4476068b56ccd103da4445035aa8989218b4c,0,327
730ec312c3984374333ed5c5,98856,699e27ac622547a6e311ceb142aae04a7aa73b7a49025464eb3436711466b193,0,328
2d49e9113435234c116bf1c4,7933,9d4bc0e0ba9b107a8ddbd62eef4c3c3e710cd9cb4b7472c9f2793400c7127299,0,329
f8dd2cf56fb00898a72b2e9f,3285,fbd79d0928a551e52b5acfcfeacf31115cac4cd46b29d542c79b9f4f2bc40e6c,0,330
b6365ec5a0da6a44415d19b6,68786,656a43b3b5c9a277553b1502c6b3d7d7b29362a4793a5a7f1f9f60e55a281d73,0,331
9a095aba7226dddc08bc545e,25494,c34026870cd35fff6da55dfe8ffc016f9d5430e344a45b2db5a674f867359df8,0,332
24028b853d11f7456560b313,36566,6064da9397aef79898ac69e7c899345b5cb4003f066863ca0dbe36426f4bf231,0,333
0665f02d4bf285d33c5ccf30,122645,6e2c9f1d38f5b6a7932fae202a179d1998ff6dfeae663e1fa403618f264457c6,0,334
1b4933d4ad59a2a67091b61c,28697,a4faa2de2c35dfcbbd603dcf2ba2512579a3f7cf7873b68bff0cfdd796b01b5a,0,335
4b5f1b23b61eb54927a0b365,16120,19ce4739fae906f00d2c76894d2c42c9c652c986070788ecec55e6dacc7edf1c,0,336
55571cffef311805735fcc5f,89414,7154c334326027534ae827fccc307bd3835be59e0ac4a0fe3130272941ffd105,0,337
4503bf6945728f8663499d52,53916,77bfad2c03f9c330d2ed4f11eac890aec9679c533ca894278d1db7652e71a942,0,338
9aadaf9e047371ef8ecf0911,40980,4e35cc8916875740f42cd5cbe1122700182bdfe801c6698c0f5ee0f41afb5c24,0,339
2e4d631ffa48cf2156261518,25075,3cbd5efddebff411684996f58d61be3d1571dae50205252a910c75eb1cf6c48d,0,340
202a04f0e9b72710762247c6,101453,ded66684c908df942b5bbb8babc4bb6f27fed0a059b19574c30a25182c99a000,0,341
cdeaddd762d4847a4c779885,62571,bec9557d6160e6c1b226ed244f172c3aad6edf82288e55458caced2799051d03,0,342
4988820359b4d8e4f24704d0,107509,d4431fa9796ec1d42f1c5c18ca730c69fbe88f8ef24d88180223993c2ddba1ec,0,343
39d29ad6d321afd00d686d25,916,45558538e0f415f999cbfaffc5e096ff784afb4a089fccf55a0fbcc48193c121,0,344
f233e1199e3767c7ba9d9937,42669,9d25867f024bae5b1f460beaf5403552b23c68d3029ed63176930174f2aded03,0,345
cb4f67266038dbe84ecee4a1,59954,9226f0a3bf0db029c2f24851466ff0ddb208093af15d5652956b9a0436417067,0,346
932e0ce2fc93ef675e6b7ab5,103224,7e8a74ea186465669c99c7d88ce879bb8c8563e2d54d23850b736c3864d95705,0,347
93504b77a9a75a99909c6cfd,112973,aea6656c6be17ed9f6e0bafe779a67a185c074d2a0ada4917145f0fad5d7921f,0,348
1e5e1ee6236ab3960fac9acc,72764,4cfc5627f66bd2e107f587e9847848d30c16b537b4a6c531a7f88552cbb74200,0,349
b8955d5a1eaaf6e0dc91cb79,62704,78253cb5911caf66aa98331072e36858c3bfd4f53a58ae27412781bc30606c36,0,350
631847b7326b9dbb1f2f957c,15525,b7e96087671b8916fdf55f2b0e134642e2c8d5fbc64e0861063aed697544fe1f,0,351
2a5c2c5b3e1edcec06f54747,114736,5c254b10371c76b76e371a55607a112595806b64d1c67ed5bee97c79049d2c58,0,352
e0ffa81b5cd50fdb331a43b6,109360,308c2f7ab00eab8b286281f4355e88d56eaa95f41a8ff081853e305e2580705c,0,353
adb744ec5fcca024a777ab1a,114411,1e14d58577814cc505c8f5f889396e605614b676708f280945520ba47f8ec2bf,0,354
cf865c468e2adb87d91be4f8,65886,7080ad2e7b7f09e8f2a908aad2b619d815823ab44ec87410b44ea6024b1cdf6a,0,355
ad03848172724c3da81da94d,46047,38f06b2cf65e7b30aa6b04af303cc898d2ef333f103d7efe85c31e2637b0a472,0,356
4ce216bddf67e345b162b4d8,76133,c249d1f13b67218e684932c6a9a8be59cf19112e7bcd6648ec0a9c51a02420e7,0,357
20b2719613257bc0eb133d83,21657,8f6a4cf441794f4fe2bcdc06a000425cb9c6382747243b87378f9db8bf3378f8,0,358
ab9fcf3e1b1fcd3b3279a495,14107,9d13e3efefe3d07b1fe4b723946e1386a6a6763fdcc826584fd72fc38369a084,0,359
04031cba71d9b9593077ef55,37396,05b545c8f1dbf078dcc91b1175953cf2db37f4b78c77a1634df1a83033cbeef1,0,360
5d4e6905f5c0e53f56be22bf,43941,fd27022ed5c5bbef867d83644a72c354a7a19250f5c09bf3d8f4eec8467de1aa,0,361
53271cb15c82243cbc353dc1,121176,98357a27581550370cbf1c2250331af02919b6391dfad35b05de4240b44f5839,0,362
dcfd000211d72c9a60564869,61811,b2a5f54fcc937c28ac194be5b2b690256d3fe05d1cb4b9ac3df6e600e3207170,0,363
02b85e36c5df8ab55cdd34ac,22407,64b985f59a612bf74e0d23218ad70ea49022df08c8c88770fbc35d64f7e9f28e,0,364
5675f21046644c5e5796aa14,104483,366d0fbf943855ce27aadb8fc77e373ca1ee1d37741fbbab3dbc87a052a605d3,0,365
1cfa1284fe7645de476e8db0,117979,5ba8b278c64ff21b04b33151b996ef44934759701e65fe80f7bc4384dab3c664,0,366
6e4cca289236ebabe06153f2,24592,a560a7726c31a121300773906841c1f06d05deb6c1065f393b66cd64625cb030,0,367
5cf002ec68c3aec1000aa669,81910,094e3a199e91da6804d41187cf9f8865f58024f424d0d7ea8fe6290173ea0d51,0,368
f5a4e815096b6de8db445066,44889,4bdd47ee379996fda14c4c9609023fa1f0faa231dea262e54684a11737235d0e,0,369
8f69230b91ee3e2c688c06bc,38303,7bd7fb8ea75e95cefdb9e14751f1f19eb319abb430b591d862b5c28e5e01666a,0,370
8dfc912a561bb9dc33b67186,89384,07963f7375be686109d73a9a9f02b59919ce332b427d6df7129ce2ec0fae4d64,0,371
aaac5dea99d1817b3dcb5f24,10839,37a32c31e08b479347153eae4d4e00827665a96c543160e3c8dbf9b152c6557d,0,372
40176c749ec15045d986e683,29493,26e584bd6b204c7fde870a4ac9dfef425eb3223ae843fc60844cfbc8a82eb9ec,0,373
91c7a2341cb233586e111ad4,23532,ff46d9348bf1a1c7779ca42d172789ca842026a120f20dd56fcf4f9f2ad770de,0,374
059f04fdf63dd6688cfe3551,45878,09c27dc335b8738765a634b1255eb22f5f725cf73a04b9fcbb90aaf7e8cddeaa,0,375
73d8a9e7c4f1610f81932075,90443,e8c5a741829ece555a8ed639af6b4e286eef115d1f7a38f4e9138974b43a82ff,0,376
ca90ff081579362665ce9fac,113777,c00f94f8785fb04d1c8e488dda2ecfe9a50b0cebf577100ee22dfa0d92960b83,0,377
4e363c64172dfb5f089d7285,60417,820663190c10494182c29d20e4a41aa53c660802814a976441fe232fa53cd272,0,378
bcb29aaaa9be57d9fbe9b1e6,54950,3a22e7019e3e2120ebfcee9b5b2d2613c8aeac4c452721dc9caff78153d7a795,0,379
de97f2816393782d1e1fe7a7,12836,bba0a874fa0ede07dff4cb5fa0698df21a572f6a9b3c77fbf65d735c0fe1ed27,0,380
f8f6c67de07e82c4caf51002,47187,731119eb70f291dbc45b1e60e407f465c41b368911b43a9c016489b1c4341401,0,381
db257a3b0be8df461f173822,111161,6fb916824d6f64b54fc4655a5cc43e629daccd493738332feb29612861ff4265,0,382
dae030d2779995c48d49aef6,82027,187cda9c81eee0393a9e735bc3b5098b187e95d3252b27526bff09c04b4854d8,0,383
d16a7e790e8b5193e1f457bc,108279,c1d1a7dc06741c46ee858a6fbd2fc77db1aa4e5f638ac0aacd179aa8b074e73c,0,384
b78dc68eb55e639d1274bd2a,98962,7d473036b7b1493bfc9f7428dfd00b34819e996b285a2d7182d4c73a24ef2512,0,385
784830e0cc3c1a0140ae16a7,22759,318d7fa8f98928f71947c79a975334e5a64a4e694b4c6a611519555f24cc2ba2,0,386
7e344a360710efe7c06a1e4a,65400,c5dc6c546ac5ababf13ae984e16961d65f23bb7eecb64ff8a694b23ffab2eb6b,0,387
6588bd9fa68e7d6b5850941c,63130,5aef54ac732e2cf2010fb6e86e45b8703e146540354d4d699fe3be5106bf0956,0,388
b975e192f9c5a51f22c3029f,59785,8ddbdfb39d075e94ff10f03184a6013950faf1233714e076cc2f3a5ae97ac7c0,0,389
14adc0e4be536dcef4ce6e52,51492,20e79903e8d9b02cecc3b70ea41fb20b26a59e1eb70ecfe26485162590e90c71,0,390
29543c4740ba607aab5e23d8,109351,5914494f5ed682efd33cc64ffd4790043ba88a33b56b5056831cd4a8be4a0730,0,391
7342c5b3bbb1bb5f205f3d21,96752,9c488fbd918a981f8298551b44e7f14b2e80b86a4dd57d27d1f2f47c1af93eae,0,392
d833e18458d08f2f473c6f9c,94759,67cb3d11c6cc176de99b54fd4773b1f4a8c71964145cb5b559d58ccd7065b9b0,0,393
23204317aaa923d84a69da06,31354,505bce24edefd6b909bac6a26c58e4983941ce40b7a5e18f6882b5e5ed681361,0,394
f9c3cfe8c6dcf34e942ae6ca,22236,1fc07659148056437b80da438b658e42e4e75dfbc192984823b914e6a658eda6,0,395
1dc7484840a0041483bc9d65,78114,e7ff423299befe3f5067c23f2f695f9ccb8dea7cfc0d05e2940bdbf8770566fc,0,396
6b9d1f7f26570d4ece10effa,2126,d4d7b2ebbbe83ef1337dbb40577fda10cb7342c9785b6c714da113168ee3c53a,0,397
65451d2f0504000116d630d6,25978,155c8329901b6ee5d61968df3df2b171bb837dcdf2eefecaa2c436535e673da4,0,398
5f35a8e610ae1dc80829c5f8,102755,a1e5e75fe2bc28d50bd23fdc0b7cea2807ff59a7f697313c0edff6d8daf65486,0,399
12eee8d105bf8a4e234a5ef3,76268,a419b18d96e0be477aeb6ea509988dfda9b6c4ea73799a302437bb590fc1b732,0,400
e1e71eee23f938d740abcde4,57951,e3fdc6e343c1f0451f05e720e4e29ebaa1e0d601f61bb8236f7332f221dbb3eb,0,401
c31345a7624e0545198cd14c,112326,a33feb4206c62c51b2902be905e7b0cdadbfee2d722a19f9b4d79b0d174e88c5,0,402
b72bf90ae37858b29befd813,68310,799b2ba6794e2e9a27cace1255c4d8490bc994c157c1ba02ae62c63beb8fe92d,0,403
4f2d99e16f69f876c0a4a4ac,7049,1e3ed89d6a5430c2eaabc19dc2f10c47bbc81854d630bc310dd384196acb6cb1,0,404
b22675b6dadf89fe7ac2bb21,54257,8cb311b0992f95daaeb1e50840e4b1ef53e2c92d2549d312a873f8444daf6990,0,405
c2c273b8d2ad8090412ed0fb,29761,1de7ad84594af46156661fbcfa7e58deff2a4b93055f53fbd246aea8eed7f22d,0,406
b4fc941c7527109aa1a245e2,95101,2ddc56923cf37c7479a6e5a47ff4739f942432c8d89984eab86a6b6185f6df7d,0,407
2aa09b3125fbaa5b00efecaa,92463,e534465241dcb6ab5f0d55d0ff389f195b1ceaea96a908bcadb07d26e35a7ef2,0,408
da6291ca96a4d9c26357e6f2,104396,6fa1b346711cf0c79650f708aefbb35521798124218572b41db07c69439e3202,0,409
4929e482581bb9d964b27869,112659,fc8eb33c28a7007306f724e6185a49fefd285a2e0dbf77ddf06fc0127624f63d,0,410
62653091ca1272bcda470dbc,79389,e045f92465a9ad8005664134e47aa5857a7211d310238ea5525fbdd837f0b955,0,411
ea26ac3c1bcc8a5864f0f3a4,79947,850a079933883b7245686271edf2a06bc403bd645e648e989f1094c5b403f43d,0,412
615cecab32fe1118fa146a2c,102938,4d7e3ab6fb7c24a30cd71c0b2d83acbf32bb6d16b9acaab64c255fd56c6cc97f,0,413
4f32755ea393a889626f1634,54325,0ce073ba568fbfbb6ed0f7c0cdd514058fff8b66fc3547cc3ff4ffe2340c0703,0,414
7b429f599b25ea11510bae0e,34111,62e3deebf8ab81a586860fec65d351ee0f06326c4a84d52495177f47a38b5644,0,415
54325fbe0a682bde7c67c27c,10539,a9ec93a293df55d444801da3cb5c67870f9adcf7a1a230c5d48a739344ada8ba,0,416
00c2168033b7b68db28c858b,50060,eff5ddd623c76b2f4a5932d7db06ce6bc88e41e5fef8af025b1a8ad163bb2760,0,417
2b7bf5c25b7781b12a666446,37390,cf809cc0119cd9ccd516b39514d4c9d6c5ad5d9f48ccbbbebac8532091ed8535,0,418
35ca31449895d527f45686d4,15339,df0b3f3bd6c6ea81dd13ee59b6758fa06ecf1461c6444093f0191337442df82f,0,419
2e94d75a4a77b0133c57ed11,57354,63fbf4c37b8d9fbab2d5ba3a9eabbad59d9285bc3c2925ce897ee77262632751,0,420
eac2b0db035380c8d329a9f0,25012,f080e0862aaaf90c0e58ea4a18b1f2532e63486410c09be4e85c8ffbdc7b8237,0,421
9aaec42212c7d553b780197d,45472,6111e58eb431514d017ef55c538e66d2ef2966af9c55d10889c59a8dcfb080a8,0,422
2f173914299211efa83e2e12,110942,d2075b055e4921d0fdb2cee495f117d37716c492919621fabae0b62aa05cc74a,0,423
56a3e78ef9d5826998801934,116115,d2a407fdb650b8c11fa81ca61d47962a06698b6658de471380ce31c4e1b1c543,0,424
9b73d0553c535c92d031fdce,29050,3e92511eda3bd2c7d74f13b8847b56d1b0120900a24328ab56e4f51029904803,0,425
a6e350bc5c6d031a95db7b73,55907,5fedebdfdbdb6006ae94a3a67b51bf08ebca3b4addcffa48b08bd2b0c028f51e,0,426
0cba5bac5093ea01f06b59c9,21003,65a95ed367e71f0c47d0a792fdce7582c9fdac6d14e965c3e907c265462ea4c7,0,427
35820d17b15ded587119be5f,58488,481453f4c7b74e4d9d8ba3746c3bff71ea3bc1ebf62b0a4210f813591f2b3e75,0,428
d54aed52d14fd03400eb0ff5,47490,54ecc47729f58dfb96c33d5f2cb1f94ee15c70200553df62f4fec2d7abd61980,0,429
b47a9d6cbf8b14223524ed79,69944,302fb5eb4861ef04b1aaac3582a0022cc3616514f6f31c31fd7416292b2b3f39,0,430
28e5396c3002ad9c85b4b621,12046,97a71d680afe98b29e721b4bc681aff550e71a67c5d4c727fadad185ff96adb5,0,431
078b5c63af891b23aca8a1d0,81501,2e0c9badd01c165b61d4b9cfc9d065a966bc4eea5f135796908d6f05b3031381,0,432
173e94a6b65a9a126762100f,77466,12197fde019cd5c7157fa4854aa050da1406381b86ea8597872a0e7030c45831,0,433
3a577b8983e72bd36fef8e6b,107063,d4657a0079d3ed9f543ffb82927fe4898ff6116e5803413ff9a84ffd4b11b48d,0,434
c1d3aa520a7f890105a99dd2,75792,3cc4f571b174478fa89544a6f7644834d9065a9a952575f179cc1c52b3a93535,0,435
0cfa08cf715789d4d76d2f05,25908,12d72060fa38fca0a1fa11410062b1ad780b297b04e5ce1ff0b7cbd9f829ec44,0,436
06352b11122250134f6ee9da,102463,f793ba8efcd33f06a5b2f74497c32316bb88fb59c05c55450548c869bca04c37,0,437
0b5b454abe56f97265387723,5284,2040de6b3bc2f6fd063426c9e491afd2133bf761832f4207eb511b21025dac7a,0,438
902565e8b02da32170817297,66450,c59f1af4f26ebe84104d48818b4198ff0f72f3c0c014b6d2aac274aa0871080f,0,439
f44a98e8852507d4917efc28,59906,bf4bab3fd2c407920e367381624884fb5b310b0a3ad6c33f94e783da58ab2277,0,440
579fee5c44dd81f97e06a8e9,101962,873fe87354179be77745ccce65cb9da077d6f692b2b82a8a8bdd6a9abe4e24e0,0,441
706bc7978fb120bbb337be7e,61056,6e5dc52bedf098bc8ea1eb9cc7514d95f370f2380968d1a2b559aa5594adec85,0,442
a37a380f9e14a4af278c8623,77218,11d41f4c3b950a48f0d5ae720429e3a94fe22e625600a29647d0d1bbd07fa3e3,0,443
f4fda2c7e1373d63ab886400,19174,c9fb5d25ffa1381464c8bf6f795c693e5984044673bb4e4cabeaa9577d6ddeec,0,444
6d05b5894b64ba2a2091f8c0,14294,80819913c19c78e16bd9d1e8465011f426e07c9a907a86730abf7cc55a28c950,0,445
ba9fb8233ecdffed75d77a67,41364,ab5d96f41481f63bd682de5ced05f2be375f84ca1fb46a29190123cb6da89dc8,0,446
dd1078b95596ed8c2ee495cd,26217,564a0963ca067f3bcb9e4675bf2634695264fbf31484493c1b553ca1cd60fe81,0,447
0e70dc22e9c02c05e40e0396,90687,7a76944a04292f377424aa6dc09afbb0dc5aae12a45b7cfb19c2ddab55e0bd3a,0,448
1f61f2abfc2d0ec4eb98a5ba,64255,718c74bcef85f23facc387d7edb625b4293577185912250bbbc3e5384ec4e044,0,449
959d4438f36a616213bb9d38,35361,7d14f0b6c3ba9efeac36ef4a8a9b0c70a65a176a08d2de92a78ab4e1555f621b,0,450
34a4eeba08eb66f1e79fab6f,7407,91e8cbc14ae38021599ff3ec1355a051b45a5fabafaf7a82cfe7a04ce047a376,0,451
cfdfe21677874323b771f515,63680,e6d210bb1d825d686b4bb47f11a4d20a65a49877037ae4f3990c7d7d4c63ba52,0,452
77e579152b3e1a77e6eaeb3a,8025,5a22038595df1f34006c83ebe6ab654534143be72d7df7e2c35d0032ccf732c8,0,453
a8f85ddb271358f9b53aa6d0,33558,0acdc0b138a5be114af4c65eed4914d8e295ef18f09e0e9ac70828c68e6cb463,0,454
d362f20c846fa4692a6d6223,92934,717135691d14c3bb7cbbf9699ca546557b02b3f5e2ef64de4ccd7b7578a71801,0,455
e72c37224a0551a10dd4a999,116447,1ee52cc17072ccce1e41f468b1a8aec8d23ca7cfa47ee08fb5a37b3bfd127a27,0,456
5d6703499007e769238249a6,40575,3a25fe619e5580fbc696470f4091b5595167b6ded38c73766a7929881a482d5c,0,457
c8ffe73ccba80ceab13c1ebe,15334,cbe2c63f1c52a0f23c83aa0d83ca53a02f43e1cbe88e7449a8eec0abd2952f5b,0,458
755dbf9763af89962279eb20,6075,98cf267fdbacaf38818d416671cb81a7caafa19affd58d887eba9a51ac738238,0,459
d0060d4a2fdddb123724f28f,70524,5101e448f443da4cbd4956db9073a588f6fc240315523f9b2c1faf4b49670555,0,460
fedfa67be192f1dd6f6e18ad,52794,8c72f16ef5ccac034a367b7ac4f35c1a812aad2a504447e9eb7b9e2bbba21b0c,0,461
59a5e299d852cc5f0d77dbca,53310,8884261d01f70b71784b431662e6b6919d4cce015cddbf9806aa66cd73f9eb07,0,462
a533657d2ffa7564f7125a28,1928,53ba380015f143fba75fe2914b70e7bef2b5b3b64229ee30407d22e2d6f737a1,0,463
00f6ce9bb9fa52ed676757b8,95985,b0f77e110100c70a7258cf7eefa475049232fa80fc823f08802207c87e3fac52,0,464
811f83e8963ebf1faad93555,86826,d924ce4348ede40f759fa3373c17eaa98fb3549dd3a82b8e9bb2317fa1e90712,0,465
1737b220edf37abceb837d33,107087,b1e5215ad5747dcb44ec1ad52db690c0dc413ce5f912534d3ffe003c13ac7643,0,466
f7a00d5512458f7bf67e9f37,9901,c88fa25a51c588634ce18933f456d2eb627ce9bcd9df673d10ad6d64b723d83b,0,467
cf91d2cd4a146f74383a4fb0,106961,23f8a9ec41afa67d8b56e2f240c69dd16e1ddf9924bf6ad6fe80dec25da0c3cf,0,468
3df4d6e4936016adbbd2d024,52334,df671166f44f298c9455f30f731c0f9d77205d53619c5482ba8ba3064b37b0a8,0,469
f5864ea587c7e1962776604a,51941,ffad3b2e79aa1dde2eb357ae31d9bf306f3b95eeb864b5b04933ea3e9d20c2b0,0,470
2dcaf21525e9141a94db3a0e,107752,3ad68e6a398940e3f8a694571d5485d4858b93c72c276f1045051aed0cc4bb81,0,471
297b7e1b7cfd9872fadd6766,31628,8d7d5f63db56d5bb8c232d8a40fb28d17c6af979f56d484fc5027f10e3ed989a,0,472
dd7fa2912f15d130cc7bc65e,68619,e589eff7439b28a8aeb172fda3a784eb398bfa4dc105401291ff0edf3f81c283,0,473
75bb9ca8d49571540a8d917c,80359,e1e09c69dfe77eb6cdd11b7edb7cbe43613f025abdd0b77ff0d85b9c1e64f1c2,0,474
d01c008c6a3bfc06ae7326e2,15033,aa5ea43928c04664042b8791b02ef152a74a36af7b043e0d39047cb0fd01d2c7,0,475
22be1cf588dd3a55b7b00539,84834,b5567ac200398cbc6303bb36a9c62c2831896dfadb39dca035ffa0f9e210887f,0,476
19f0c1b117155e5a3167c318,90538,084a00bfe0c199d7df6bd75f2c21babecb2171f9589a050a00d29232bf4858d2,0,477
da6408db7d6a5028b75b6fe1,75251,437212e8aa4c3b9bf95842c69f8022de6787f82a88cd6c22183cf16a35f3b843,0,478
b284a22fe44569ff96d64a7a,15378,37635a2b4ecd7380a91f43d5826d9c9b37ddd3776e1fb088002d2c066ebd42b2,0,479
edfe3df57ed8f12bc7652c0d,100144,90789218f64ccee0d342d1ad5713101b88f8720088f17a18931ce523cd0f9626,0,480
c88582901578f8c9dc662908,13368,22d2d295d7985af4c769817cab7d548a65bf3766a2be43ad3436a0845564812d,0,481
e0c74f7c1395ec03071ed278,63306,f89f004c115acb19425e7783819c09840e285e39924a2ddd8bed1a1e18fc74e8,0,482
280b5bd93fb5d724248a5f8b,33994,cde96021f819cde72dac4285f3cf85803559add6d3637b173c8187cd55db9192,0,483
833aa893894f65fa4b5069d5,14348,b0a3190550307eef6a7f5fa346773455fb2e2f6b63fcaa1014a625a491553691,0,484
f2ea8d988911b80201384a83,119837,58c65510f7deb5364705a81d9e1249d991b0407604bf8e87e07750284fdf11cc,0,485
188ef270bb73d969ceb1979e,96177,965d2e3ad57b4ed5fe5f9c94ddad855842375731c066620e1f4433f36e68b3ab,0,486
b785f0e810bfd4421efd1c7b,120109,a166b20563e8d2d5123d680ce710b57747a6f2f69d74a581d245c91811411660,0,487
e666141e6d1f98834aeba6d9,88386,83eb43947425b18c12677f04f9735ab657347aaf193ff87fdabe13566221ae02,0,488
60b918230ab8c72179e67f1f,67910,84040ce0992ff525341c4d5a27a8dacb5218a5a88e51aa31d700db939b08710e,0,489
4b3a54c05a4e7022cb2b1bd4,33370,9e7a9496b0f5735ba945249f978783a89eeb69576aabd56fae197f7740fc0c9c,0,490
e74969bde3fc2bded6dd9360,108845,a9ff8a980f3ff9b56481c3fb01d3fbda62231f0e6fe3a678facca07771a7e185,0,491
d37a6572d70e3fe14b842ec0,54703,2ea4c2a6447bca2aed98fd91e5306e9d2f29d81c4c3dea57173fc74c4393df60,0,492
f2b251287a02cc0fa4215c31,72491,d14b4ef4286909b12e8d13d5548a7f1ca3bba6da53b66b8f4e71c2dd443894f7,0,493
0b797d9f8c7836a7635dfd4e,87023,24e1faff50c097f199677b6d6cccdc70e13c60cfaef02d02f7ce8463d86e6221,0,494
04f4c472cefbfcf843e9e279,82007,d06191c6d78908e236422120165e846ceafc621317a5d22822b302c7b31fe474,0,495
dfd27c85a3d5924a7a210d9d,118542,249a021e9e37b917311ec5a89d7c5663d59ca40ec648af5f23b1cacd5e7e474e,0,496
603d22233074cd451846840c,92367,e600ec6204c9ed44a0e3024fe87f0e56597eec68ca5800e5b818f76f2999ff53,0,497
bc56d05ae2978c3b65c1f9a1,111124,bf3e5c22dccebea0d7ae4f8d78570f6603abd4f837052ff7de737fd6690f9ae0,0,498
691c92226132d731d7512be9,92498,1713856d1aac293ff4d7206625abe2541d78fff975764824b687ec39dfe93ae6,0,499
7866b7ae4596541db1d54685,106724,54936c360fa76750198518adbbc22375535168e576c322aebec6721bc9620fe8,0,500
c183aeb271b78f852e6d2ecf,35092,ee9eca23199056b4d436537d2e1c95df773b6737f994b4565ce028ece556ae7c,0,501
5ebd1964f00c0bb67a8a08f2,53054,ce4dbbdd14aec051565b60b77d2ac956ef769405d54de85c1203f761381659f0,0,502
6cf76c27bafd9c237499415f,76622,8e5eb6924d32a19c4700339a5d59529a97a6d55d7cab032e87dd632351571bb4,0,503
db8437847f61762b6d07abb7,97861,89fba53ba1d861f331be217704b0fdd5edca736a399ca0fc95a3d368f4280756,0,504
c51a26cddd6bb2bc9491f073,105224,1d44259ca7a7cc2b788e9ecb5cbd40be977bdac8f5a83ba7c79f47768249b198,0,505
16ebc506692bc1f0f8db13c4,34583,dfdedfa61f289b63473af01c217d3b23deaaf059cc4a1a710e20322bf1942520,0,506
6ecdcb9fdd818668a0219329,30350,c2b3d34d755e92ffe6b9c503dfa4e406bbd93d94a058600991062678540057e7,0,507
b0728014a2edd63934792e00,29741,538184e951aba22a901e38e89040b4792a38ce2aa411619051e070fd57c3e4ce,0,508
1a02653334364647bc254459,104597,65c4a9e1ef63b3569f24c65967a2b30d4d78fc5ee43b60db4429a7e0fb8afa25,0,509
29c32e9f3f0d1c5f538d72fb,95340,cf6270cc8c71d9dfc9eb9ff82098e5e579c2fcb97f11dd1d93f605c44fae3f1e,0,510
84fb430aaa4d504fe55e083c,68941,22a472e90ddc2834cf81dfa896d6603ad97d03ef14dd95ff2a66ecd38f6c8f56,0,511
8364bb4062fda2a34ab24428,118621,e1d386dcdf4cf98f6bfcc40d8c17b5954308db8fac45a01df7ae3bc293009153,0,512
08ba07d92466c1757f983870,77716,32208000a7cf0cef8fde046828a059c005643d904b4f2134c575fce7c8a92b6e,0,513
cfe43feea49b69191a944306,35132,d34900db4982ebcccd5606116a9c2bae15e1109ea4b082d3b0c3e37d5373941a,0,514
08753c3ae42edfcc4ad086ea,67221,164fd2d765f3ed044751693475a8c1b56d63df7d42b2ab0d5b389b65aaa1ebb8,0,515
47ea7a9f28493f0589727497,58827,db1c40ba70970196f68635e5fa647193cea50902b2b3373d0d994fc0408c87b9,0,516
68e38daee92bf4398fe675b6,84738,68fe8138c925d941d41ab3d56790cf11dabcd58d792f758aa02688573a42c4ad,0,517
b1b997535ae3589b719f2a77,61124,41be032d8a2227dbf02f18e0b60d3ba210164ec4622ac55ca01e18729298e682,0,518
1335b72d38e32a87f76eedd8,78255,5a53c70ef6fdb83eb15869237db413b3b7408895549fcd38ec8fbb7e859aa8a2,0,519
78c817c4329b8bee08684450,29905,6138d43fd5903dfa15cecc75b5696cdbbb1ef302fb9df5355c0bc5e7ab0dd858,0,520
0909f70a256b98068e04e086,72551,ea7acbeaaedf0004897d0778076ab61342e27c6b729e3abd9a86246e3b25e63d,0,521
1d24f33e1b67d06ad9ffb371,49559,b985651ec9f289a5175985066011b0295cee718348433a0dbbc877df86e11d43,0,522
82316d403b44b1fbe6d68cf3,111993,f081904332fbb043da18d6a11d62001c65eaa31baa71a62aae87047065adb2f4,0,523
602ed18d4b95feaaa02a74ed,5126,e5a621ff37cf167d8b3107c2b8fedf934c413127079e31ea58ce425df174b48b,0,524
ca62e487984470db1d9f025e,58014,3a4c8014f213ecbf1431943273c450985f0c99f5a6766509f641aadc71219f4d,0,525
a5839234cafcc6be2642dbbf,24291,223cefa5dcbd06a98ce51883424932729dc2ded42440f54473ac6e19427ce5cd,0,526
8377a4dbd73c8e6be5c56556,100544,ec42b20be8222c128bf001cf7c4858534bf835b5bcd21a80f7e0eaabf5bfd86c,0,527
c5a539c0ed18e0ede94a7f9e,78684,53551ea6a7fbd498e280d80ce398429e50c021d1568f9f8a136c3d76f17b2f45,0,528
bd439f4da4a0bab794ee505c,8221,9a0cfca9f68ac14e5bb0386c11b20deb6592493044446b35e09aaa0df128b202,0,529
34a9d635b7453714af439ed5,118537,ec6194fa2f070eb432d87159cde01e6ab9ece143def0d8c6a18c466620cc8785,0,530
472280ea058d9d7b892ef512,53322,2e920289415ea8a95d03d123028f70a0f5533373836020d4b43a07d96498e663,0,531
a064c49d8cd3356b75b9c163,120535,9e0ae39d012bcf19092d4b3651eec08ac426b0960f1ed323bdf8b6cacb406aac,0,532
22a27a15cfee72a470347886,35833,62be447229070e625a04944ff1dcd15dd74dc57002864e9cfa584dc9be497007,0,533
4444e014b0e8f2fb99e96d01,44056,3248b71a824f5734c12bed4fc17b92e2a3cdee7af66a580e87200248586e73eb,0,534
13dd9aadbc0ed2d5d92129d0,17905,5c687b8fa335e3e5f67c949d68ce813c13c13f33ea6539b8c4273d22332293dc,0,535
f966d1819f7eee5df33d8e3c,10797,e9028028b4361a604870dd2369897cf979e1780f52c037279f8f698ed77ab463,0,536
4abab9a89b8eb5f446cd24ca,81590,e3ca2e054fcafc1ae3c82f5ea93221ff2ced9ef73bc1a6694fae9b8788f524aa,0,537
09a92897a7f0ffa950f3fb74,83440,9b15ecdfe07fdfed0322952bbd6e7d6da8b056551c16fd2fdf0d7ee6a134ec24,0,538
3c478f48b56f6e44827e5ec9,53677,0eb11262b8366fbae72208458799ab2c9e68e693daa5a740dac95d6c8a08007c,0,539
c7a8613541d333d1414604fa,61619,1f55a307e0da47de34c329f787b586498c12ba5105b9deac76701054120e9508,0,540
c7123472957a383b3c95a9a8,55742,cfc3374950896adf07d90c6f0979ec45ae0b4a562a647466e14a090f56b5d409,0,541
d1b574ba5ca4a08c73f7f364,36120,e7bb6b86dcdd7b32c6556233dda7f0a6ddaddd103f1ee096f3bdb7a946b884f9,0,542
b228330ed29c7b4199e307f9,27064,3bc5c6dd29ec42b4f854d30475f535fa5434312fd02f0a589f09ad8dc4f8a004,0,543
9899b87bf8201f7cdc253ddc,50705,dc7c7412087119b077b4da377cf5198fd2affd49cbafee27f7554ccf07ea47a1,0,544
b56924b795a8500c4f1e56ee,80781,b88348caa7cf798ea3c3051130b28bfe66511a4925dd7483e95bd635150914d3,0,545
b57b690ec28a2643fb15346d,95354,50b258a55fabe1a699bedcdeee6257b98b483bf7ef2d055c9d13f08dff4094a5,0,546
f6c8c8125599f9fae2c00f9a,48582,82af970370b4f012cb5eb7c8af9c1afd9280d3bea091a530ec15dc707658592b,0,547
d70051c55a1d6cd6db8dd00f,78962,902ec4a877cd852f8bc33c87c5a0a40b5897ee26dac32a286d16328878ed89f0,0,548
4e7ea30170b77e82ddfa917f,11580,e44a8934dafd1ae564dc8f29e98350f2f2f41e845f13ed96a1e1f7adfbff2802,0,549
de943797c2363eef63f97bc4,66690,f02c81da5d568c74ebc371b21de6618f6f29911ccce35947c79e0d4fdba1f2e7,0,550
2237464b6a9d12db851f7cfc,29541,1875eb0c8e176cde1305b1ef54dd05cdf2afffb105fa7b85506d44865da07b8a,0,551
afb13dd05c795ebeb087bc32,120285,356c85aab72b8760e6f10e4273c1eac5bc949716f924c65b6bf75cb339815b59,0,552
61dd0c465da820379a34fbec,15016,f7eb63dfe67055d73db413cfb36d775f0ce161195e24a60baa3fe0165fe117f4,0,553
2f8abdc0cbcbc988cb0d5161,47556,8d089fe903b235f2cbfed46964f31f97d09a7290a0ea49048f1a947d57077817,0,554
cc5cb0d103824616ed56a861,5513,1d60fdf923bd3061cf48b79b0c8ac598161e005ee6f00de75a9f77649bee1c94,0,555
e0a5384c80825d50f843ce61,41496,4f0ecba470787762710c49dc758756e19affe8239c0b670e41164fb07bb32ba8,0,556
c8d54a7d90e73af48ec543f3,28318,6ad06f9abb27ee65c510ac9f16d713b52150407dd50743dbbd49759d43709449,0,557
037ce150d605c3fb58547172,108387,e8e4388e365b608f15a3637e034cd8e5d6f99cc3f1795c0740744526a2ea6d85,0,558
73b33f0e65b2680134418c3d,12527,a02e8b4ba4495ed1aa89a71dfd95d922e8ed2acee195ef8849d246d3ceea1c04,0,559
89f4564bf35bb73ad00dd439,79996,43d19d07e3901afedc771e65a11fd810e3b708567e6c6b9c6a1cd03f94c04880,0,560
96481beb60015cd9de2678ef,96706,1151157ee7086316d13065b4261fbe2ae5b89a39c8bddeb22c8c833332654863,0,561
098f94103ca52e65b409299c,77289,cf4b5368f86191486439c77f8c9eea09497fe8dc2a69d3b06456e72e6d6c208a,0,562
14073dd625470f80545c5f67,57963,fe904b425e4393aedeb4a3e8fe837f388f2b01310b99696759b3aaf339a3989c,0,563
46dac0deada548c0ea21a317,42233,7285cbb2e4c1ae8fb3781fb9e42fe4785f7981c941206022214862a44e653541,0,564
02fbc2f86f275ba8bac21dfd,17982,1e8854b02c8f5c8aed36b074613351a0de678d3c112e2215edb022c8ccb0c08c,0,565
787b73553b1dabb4ef618438,100357,dc05752d2775f3ed5f64dc82a30a89401c636d80bbce6852f4cc946eb86ca913,0,566
7a7aed6bd5af9930d4ad2a79,70638,20adf16acfb7318e228a1987230d865ab4b3eca3667657e9b3a5ae9261304501,0,567
dc1a525338cdbc2ed3a5de03,109032,6a89b78ca6522f26b926cfde36de8898e4d367c5be31ea04f773acc6ed9bf303,0,568
02913899a31e38aeceed5e5e,66045,80cb766ee83a49fd034f0a91ef229096ee75a4e7d60c26d43c93b1b46d9f6dde,0,569
b0ac4c98858092b7e305180e,76610,f3f806c5b9d21117d937427229fcbe0f8b665de7b7e039cd5ac8da9c93ab42d3,0,570
2a45585592947ab09d33fb9e,77211,60bf575cb7866af13f3236484f1e4a1e56faafdeba87cc05e12ad7e1c36ef871,0,571
75378a39d2b6658134d50fa8,99679,36f522fa374ce25de973d2b281b38ee34e94b0302c86d41e09526831b568d1af,0,572
a00684e3741b366bfacc0233,49093,fc6518d3c5e32ca4373a63e389600eaffc6daa2f703e988372b0ec7a9f5281dd,0,573
9a901d300f6dbb75ade0287b,66076,2ab3a3bac1ea9b536e29051bdd38a1f6ae66b5f708957a91783a8f22e379ac3b,0,574
b9a8ddf08b8677e394391ddd,81945,838cfc807b196e103cb44a4cf0836b58b80b3f51906414a62fdfe43fec418c4f,0,575
ffdc4650da420e8cc583c3da,55579,a5aa0ef60c9ae563f7cca393b534fbad9cd7e39f7dfd1eae3bfb56ec9a2b2ce4,0,576
a8873ce7f84dff1ea34f78b6,2952,d7db445d8013e0b6a9284d95c928af956bcb04d538ce571d10b8629ebb71acef,0,577
870e87056063ea838aac0093,77081,b83a357dac96777e5088ae996bd4f829963b15236c0c4c7c076c85f793c06b28,0,578
a2605a89429d0c2da035c56f,7321,514bc37bd857b9b33d0d06f555ffff8a41764ebe190767294df4c0c5c1f07a61,0,579
cc1abe6cd3df77a8e86f79e2,28281,94cd92781d1c49c549d74f15e4a7025d8ce921c66b3b889c934d16bd72c3657d,0,580
9eca4f3d16e3b37605f81b7f,67415,1240726b2fb73673f78f5389ea526991a88e9fca9c1b8310d2894307da456445,0,581
7168620b1a01093502c7624e,83520,c8513e97e7c3efebc6542936fb1e6b64dae5afe4ee9ee84bcd9fda224ef7c63c,0,582
86a8d3d7df51c4a8eeb02710,67898,9351354381b0878d132854ce1fc7905c2a931bce06efb76c9f8c1cce033cdddf,0,583
f31a9e0914880a0cde669aa6,97361,9bc72bcd8c7dc7513fa5d5386db59a3a68e5ead85d533c962c143bf898d60e9f,0,584
2a4c4da18a161139a469e87a,61641,67a9f5711d08ca3806d99eed038831282318a25dc195d976eab5c3802dd02493,0,585
8715d538abe843321e0ebcd0,111276,69b0d225e44f300215127ba53ff16e42b66ffb49a62f3687e520ab22b9a4d41d,0,586
67cf7385ceae5de45b4e6f6d,3680,fcb007e4732f2a8e640edf4f7eed45f331690c200c7637c9981efef7efc9d230,0,587
23d2dda0e5fade8c985a9182,41838,10ace6e1f6d90f5b764bfc91ef161c9a128b2d9d6ddf8f8b4dd85696fb535764,0,588
42295921d6fa409fbe97263b,96393,3bc0efbb8b6a698d32236f96f36f08931f4516880ea5ad1d7f129f42f59e2153,0,589
8260362f05094c82a8e20a05,83765,991c17df909c762387be5bed4c45a688bbd2c30d81fc37dd43ca510377d56675,0,590
54c2d0fb5c593894b59a898d,119901,a4e264f71628251ea47902936a978381a0cf5ebc72aed87604a736484381fd0f,0,591
2da6de6e2c2e71dc8170eecb,37658,b7361cb6e616fcdd2f52358e80aac721d75ed8d9e8ce8eeae1979c0640a88fd3,0,592
eb2a834f17460dd408ce3dc0,61184,9e9009db4a360eb830889306f2e01dea00c6509e4237104c38dce360b0c72a86,0,593
730f05157b4c081b295c08db,2204,59012096e486b15e018b7f7cb41f347aa3396e01813983bde14c34d327bd5971,0,594
f675381598046c1e91e282c6,38806,6d26081ea3829b8f9c9cd1ca2ec248c79331a7487e47c66320b6512032bf6960,0,595
e82efbe4f4955e6d705d8b1d,31344,4c1ea90b2b8100f972e23ed94cfcc8e51aa661de4ccf3a7635bf0c5fc9b45d08,0,596
cf8d7fa11b3b8a8f8f6a142e,76570,8cb7ed189e4831111ce2a629825116d600b40c35bce88b2ede259849852db790,0,597
0f864f4adba25aa4dcff2124,116875,aaac406a4c655d41d700822943f63506da82e44e01622523a199fe1bb40f9bc4,0,598
09dee592a0ba366a31d904af,30246,eda021476c2b141a21bf48e289e6621c0f02a88ddab6ad07aa465c0f64a6ed4d,0,599
f9a26dc92dbd1ee03710e909,66693,082415fc8635e6b33d81d53468cced3084424ffbe61743a8637c5c42a8d96b9a,0,600
f9e8f13cf8e1afc7144e7130,39980,37d2abce5f8e5286b287371d066b421bd96f41cb1ea38510503b3c14fa555f92,0,601
72961bbc912c2a3446ba16a4,100492,d60038573d4d918a746b89fca1c07a9429b67c24ca7d851b5f5cfe47be34231b,0,602
7f963f3f6031e1c06e673765,63766,4c2e167c4fae1d31c1befc5b350593e19ad12ebf302afb7a3d9323c008bbfea2,0,603
2c7e38e6ff3a361b30b7a836,59577,0f1b17272b6d2e323e4325ce67048c7441c7f8ca55de018055d5e5804a1073a6,0,604
59713b5c35942696f5248b23,27155,56a5243ec4c9e0fd93e3c9afee90f0565488f128458b953e29420415726cab0f,0,605
1de4d6764f3a99a3d39ef7db,67628,3d6e86ce10bdce85129c2ba466e183ab595ab30098c6866b3a4e84b780ec2ca8,0,606
4e35b8973036f151189ffda5,35231,8d41b37f52c59cfaef9a1281d83946dcf91a11ba940021f2a24c8771d7301af6,0,607
438cc7ad01ba0d66624c8f93,92006,5818caa0bcc8f59e18cf3be0970ed0a68b20f70aa18c2b56bb35275bac861d92,0,608
40ffaedfc33f5fac6c3bf647,60184,753011f2e71976894c133803f1db8bc0e5e34c1905e7149cf774b1f38ef5997a,0,609
0f8fd8baf59a10251fb66798,122179,054b350e7c9c58e879928996c5604e92768793b4b4e35e8d708de9030c0386e7,0,610
159b9c235f925c36fb665a4a,101475,fb2b9d61ce291f3cfd68735e39d0f2f64e0aae69f8b42d8f7789e33e6f911a57,0,611
a4308c3e708a326ffb32b6a1,119391,d31dc2dbed5966d6600ff5edb5e3524a809ef1401c26e1d27b0e31900a7b1adb,0,612
35a2b3ad26259405e159bc06,71408,8834f15890af25f19e8f487391f9d537461dbc8e4fedc43f86059a4a956164f6,0,613
73622c97d6d1672bda72189f,120789,4d58fc263a7310fb9fbec2f15e04f5d86a2a6a65b6228aa367cf344363dcc98a,0,614
2411276abb951777d49878af,13038,d19e39407fd8c220734b2943066c748f0b34d120ed60d1976ab8a8630ec95737,0,615
84c8b6f5c4e35edb6982110a,51346,71d4b3ae6fcc6d68e8a6466ed9501e339af5e8d27ab0759f5991463f1e0fc61c,0,616
57cef8524303453b904f2325,56352,725dbdcadb594a3c41510b11c11246935892902aa93f63d02808120550adb1e4,0,617
4b31b81113296b06411ff2b3,95737,1559f62c4d9e4836c4745538ecd8331e923af5506bfec85be8f6456796a5a4c8,0,618
3e2bb4cf594cee3352922d27,81442,3430359992ae4c435d114a417efa352e1df2ad6545173358146a78433f0ead55,0,619
5939ca7f779416389e6570b5,2617,c68f6e61b16290fc8bc055eaf812aeff252d5390083ec88a127cb5320f3caa81,0,620
368c78d96c9709515acf83d2,18894,cfe37a208e7566198be0643efac8a5695c621ebe13bb1327de882b35cda3e3cb,0,621
5632704b5aa9e25993c3ff3e,53958,cce14d896b580d0f161508b18c12468fe46387c33bf386735a8eff465acf463e,0,622
aab7738d51980ec023449a3b,34957,96398bfeb139d2a58c19af8d4a8042d18f838a91f72985109db578ec1f3eae76,0,623
54cb7e2282ea0397535b2f8a,70856,1dfb5a4546d5d5379ec68598258fd765427fdb8372ee041785781731c12ceaaf,0,624
85290a73d2562417f1041494,13774,ca0b83f452c3cf80dc182160bc58c44c48be31017aa6b48b08fc4304692de7ba,0,625
8b23a812f266253a7b4d64f6,88165,949819ca228320cfec64585c824e178e2121a2177f62b35a594f483fe5e70b88,0,626
13313fdd27bc7580302796b7,22030,a5b22f1531de6ea3017f70fb0ed7c087c7ebe560776ba08b667d60c863033951,0,627
616b270fc61373decf7f5a9c,13130,5b9df0db382a7c5856f24546ee8d67497807656bb9196e5a360d03305dc31c75,0,628
e73d4e3b3f1b7a54c8803673,74836,74e90c89a7e67fff068eeb7f741e306c34992c2ca143670569fdb1b68ffd9518,0,629
9d6a520d3ecac8e06f4c710a,58590,d74ad83a1bc388d72700c6092e9dd39ec8cdca69c4eb63d73f7e4c325bbe2130,0,630
6d606cc3d005511feb4c4347,75508,a694bb93996be0debd03b2253e6a1ab13a1e3bd54f388728f707fcb10caacddd,0,631
2664bbaf5681afa298f5c86e,38742,9bc92d3e5103ef496a5ab63f7fd9533b19a7aa2ffbafa3bf9e95a1b8c37a0635,0,632
902be80785380a150a2afb9f,43136,1bb2c34e724f2d52ddd17e22b810de0cdd528bd58c4db5ea0673e4cae8eaf647,0,633
b6872bfc0128914c32b61938,57605,2fe218987977d94c22856809c1303a8c9cc8fd6539986549bda9ad211751f146,0,634
be6a2751734676d6f293bfa0,108796,a64f627d95b97b63f7a384dc29839679181858dde1ab100d66599983bf89ef59,0,635
345ec0698dc7e89bb7b13d63,25529,626754305fc264484566af2fde43c7036d274f2e3bd8173ac4b9ea8784fb1118,0,636
1e7fc4b31d58aa53999977a0,58892,2ef58c0e422078dbf3a5ac435e0aa1dfcafd77e69cbb7cf9ebe0a7b99c41fa61,0,637
daf79b1b12b05d3b7ad2a8fa,79880,d4d95eeedf5302cc61468d4c5de0c3f7c49a0d3c44dab8d1c43ff6f5975c054b,0,638
7ccba7174e964fda46727139,67509,e1ac29835e57ed93a0085d72279b3fe4ce74f694dd6d093c170b25d6fb311140,0,639
a74fc568db32ee14dda299c3,62282,b065fc2eb09023048a05aeb286fee77c07bdd119acb83115cfa9a1df910b675a,0,640
a09fe7e0cea3850e7002f7c2,94042,1a9f2457545dd09ceb07d5bd44e218ea5e67cd0521fadf5591e56dfaee5bb867,0,641
4f543b26283fe335619ef0b5,115059,4acd8b478cbf8f06bfad0cf53f50689c51c3300654ea69a2f8e8dbb03dd34ce4,0,642
5d3fb7190b3ad1eb8d6298e9,64650,155672567228023faa99560b3b7285aa37eeeb3cc0a689a363142ae0c44f8816,0,643
1e35f7953d9b3e26adccd5f4,111809,6d38747321c833df76657c9d189288735ba68e31921b8e70af74d8a920d8dd7d,0,644
c1b7197f02443bf5dc0114d1,73192,c19c7127b61322541612c00b7a78ee7f94f39070d1d6f76695fbab6694d12b64,0,645
017d870400d02e468352711a,64758,666bbc0ad906df1981c04232d9461a14c8f550e9bfac1954f7a9f76e34e9e835,0,646
331c35560873698ad30eaf7f,47465,174b5027e64bfd4296458c29bffa1071729851bf50d466f6c169af2e38c1d5af,0,647
4df301654bb67a3056f7a1c3,84877,407092308038ee98119936c67b4befb592a3a505dbe4ab647d24638530621450,0,648
26a8471b57297bbbdfa747c4,2005,a86b18ca706b03d8b6ac6b2dcc2a2f0d97ba02c978860c2dfea9d4ec5858ed7e,0,649
078cdb99f5e63e9e9d7d7194,17914,36fec1dfd0bc0b7fdb29d87ed1b4d85116dff27acf06de19d0926035b9a0de9f,0,650
bbbb7347aa4a6d7199cabbc5,73925,a2515f436ab2e00052555625dca20633ff08ea25c7a5c87074785049a9d2afa6,0,651
35ded2a95ef258f3edeab828,81807,aa62ad33cf79c4dd6bc26e3475730c86eb63958dff2f90380fc5a11fe2992220,0,652
5166a7f326442df819c8bc96,95580,2cb954a8c6cdf0238b0103f9a9ce96601fa26df8d7361bfd78cea0852b0e4b75,0,653
9550f9d606c6ecc9fafb53ee,122198,d095565fd32d816b6b2bea517eb1e914ba733144b4c00f33c38954002cfebad1,0,654
8f463317b588b942d89aeac5,60816,73d524fe5abac9c561a7524e0d25f5987953961a1cb13fa7c7b23cda8a1f36e5,0,655
d8baa7a465f1453828fd01e8,26541,2226bfa55f9b70e9da5523d5e006c00af64d1b0abf55fe47ce230b866f37ac4a,0,656
3bdb372d6079c4a64e43997a,107938,b0bcde50da5345c94eb2d1a349df2b8267fe04659d33363a0b964c7c6a5ce1dc,0,657
ad7c5576caa530acceb60ab1,66672,f4cdb4ccb1527f9efa6802e4c4002a576b8be2758b20cf949182b9420f767ff6,0,658
30dbed5e098066656c4aaff0,56751,4d2f4a240cfcb4237f35ef5b1862a194bb09f3a7eda8520ac4615536ccacaad9,0,659
9c443e9e6078fcac58d54e6b,75387,e7708122797020377c5738c5b72bcdfa6e7bc4356e8168a6bc4fa48f6e00a37b,0,660
8a26fb51997c36e99ee35e8f,70547,ef437632da5733a6ab9466597e559d2358702d765b16256ab97575b2b6fdda2d,0,661
2777c8435d8ac170bd198d1b,6162,c92fb95cc2871c78853aab26034f6674d9a140ce288e0f014f628c492769f2b7,0,662
efd3f3434718be64e7c12361,68454,9292d2f9207222cdf8a869822511883806dcf1d3bed2a75415a555e549ed7b0e,0,663
eabd5005bd657e9926974273,70214,329c940e2e6e2a83574ffbfd9ca6be24e8b4411d39abaec1b8416a2110e67913,0,664
ee0b08d5b4cc5c21da87c8c4,98271,7adede206076a40e38c6482219639a95587879b91dc08b7d526b8300862060cf,0,665
f32390ba97a74462cd09650e,55572,250a80462d00365fa7f5822a39384cc84956236e6b1deaeebce3bdf6780a32b2,0,666
bd0fb8da79d63e5859ce2a31,105771,3af08a805fc9b517ca8b092ddb990df8da599ba2d0b3576505b0e8e92dfa4a5f,0,667
6c461bf3e0b68f374e876c5e,7452,5099910875ef24525d22b3930cd92acfe8406a1c010a6ff9f81992995ca5c340,0,668
d0b8a1929040973895a85276,35902,1e45cd6879b5b003623fce02647e2d9960cd9182cdba407c2e8672390dc2bad0,0,669
55cdcbdb60b899d6b1717772,63579,f212d6fd61c191df1afe404a1c8cc5609c66744ecbe5d2c780da659b44353ab1,0,670
a84eaed5218e12335671ce9f,92571,ac97fc7fb037a99846ec77f707e2ec6f295f63ee7ecfdbc674c930b2f040d3fc,0,671
cd9550f7120cb0a308fe65cb,7651,be5d6ae62841b83951e6e3f6486841048364b427f1fb1936c31b1ade94fd2e94,0,672
8ba1733b45d8ee67e5ed784f,42003,becf49e928242eb63d488a08c69b16f27b02620bdacd86c0e76dcc7b4efda3ae,0,673
42c9f28e113af3a10523283d,50762,d6f26092a08660f6d616201a41a9b1e4a2cc1b307cc1435ae0e393dfdd5c6d40,0,674
8d044409e4372c69208c9829,26246,567bf0219e74d17627151402701f94dec400335189da030b6f9b5ae786a73b04,0,675
b7a42506d7b431f19120caa0,15081,72b7a48fae046ad23e8cd660b728d09c07011cf3540073d7b54fefcb0440dfaa,0,676
3cd94bfda5f684b310d844fb,23358,1a9576d63134c3327492291d1f1393ec64858da6b7d3e3d9590a724d3b2ee64f,0,677
318c1ac30e03165309e834e7,30345,66e9d638eecad58f87102fa4956d43060c13b736c0bed002f9773d05f66b5a1f,0,678
21a733fedb528ce42ba5f8bb,37085,9a7176edfa9f80edeaa3568091c691621679fb97e64dfa486fa7325695441955,0,679
7b3f36266c3fb37f72523cf8,113712,e177bee881bd29045f58870bebc2cbff46ae8474f9fbfd755c3f5dd0b5f406af,0,680
193a6432f9821f86dc0f5549,102828,484aa72a972f81949f5b86b6909a57479fb70a3d2e161284302cbae8d13b8657,0,681
5f79c2071ca97b7d91b1719f,44649,5b8e8448e7221617a869e36e4c181ea4bd84d5b311ef733b7ae1c494f4ee31d0,0,682
e914bd2020d65daf0432d64c,75900,5a25565932087f89ffb34041f8206dca667d4c00668c22ee03ea339ea8ca1298,0,683
fbeea279b2c49210aaa69141,42972,c861c19838f943bab28079be2f0d5cf78f3b23cf89c4fabc860e79041a044a83,0,684
ebce1c0430b57ec49956b751,76595,69ea2e0c508780844266797038676446c0c0ab2b024bdff81324eecab7c44218,0,685
a921786b8a6c6370b18c606f,70523,77ec25957eb5398570d77c5776c04c63043906792d14e847888be01755422f40,0,686
88a6de6deaf86f96befb9cf9,90533,3bde112bb86f57f8c4d14acdc5151f58a7dbb0dfa5d9a197972001039b47bbda,0,687
9104ad959f33891577f62758,69905,a5dc3513e98f5d4d4d71e27b0a6d4d33821b13ba388e0bb4b404f2483ef0f33a,0,688
38f903494084d5302c034c2c,37163,d30dd1cc5846c0ebb717f5739efc484419517d27d0e1b87d626644a3aa2c4349,0,689
131320be388a33ec29ea36a1,80978,4b32cf7d5eb072067d28f3d90bd38b8b1a49a25c9224b0d1bd5b748e378335ea,0,690
f4a12969ec7bc9abc1c50ee7,97508,7e9be77f9a1f8a3454ea647fed125441c152bd533b0143b8ac3f728962fb8224,0,691
e0538ab794bd05aaafe3ce47,77548,7638749ec9b13a3a9a3c4ddc423f03d052bcc7caee1bf19861514c737c460e6c,0,692
d9b7c010c7a4d08a4b3b781f,108851,6eda027bf5b4c36e44d46e51019be1fff484b00db3ee7027fdfda9620ac0b029,0,693
133416bfd40fcac98466fdfd,51055,ff668f8830157e1d66f42cb1a56909a7fc2d67e3c1500bbc71ba657214e221be,0,694
791b2798753b61bebf8d6d60,92840,4fadde17a8a5526fffd7b6ea1b7ef19eff2ebbafee3bc3340f7e373424c6a21e,0,695
6c15d52a92573c611bebb485,37707,c00ea0f61fd2442846ec778ff9c0b17e8bd016a06d9ed7db1681d036b24a285b,0,696
0d70f27f094b8d8f5c7acd17,57622,77d3c5dacc69293236616e2d9b63ef25a5652dadf742f462da1c16267d9ad7d0,0,697
ba5aab2f56a6e43a0ce7844f,53017,fdb4aa51f5cbfef790cd97c73bc86fb268f224585a58800fe35450b254635bd1,0,698
c0ae5fe8fbc90386b4b3ed72,86867,1403a21a0eb2916c0ecd6d8b9a8250f7f831db520fd36347021326bb5421150d,0,699
396c4aca4db39bd21b2c7ca1,24501,4c0f4ecf81bb95eb869a3c034a3d07b15ac727726c7544bf95246b42f2ec9138,1,0
a1845805897ef7ff7be1227c,58018,a2b417e6296131acb71d6e73e151aa83c1f03cdf4d492612b1efce61d64b0cfc,1,1
c6f3e3d384d4591d59dba285,32403,a1f85d0a41af2f03cf83d6662696a174ea1236cfc05937716e626c5eedf616e1,1,2
a003498aa38cc729a86f9cd9,118410,77e98604ad004e77a6b514b9e683d83ab8121a6496e2f716c1ea24b8d649e168,1,3
547185189b0570f6f90339af,68279,31f906db9ec3f0fab9c4a1d9d1a9b7b55f05cb2dc97fb859ad8dc955d6d06aa6,1,4
4e2bae5d1e233e8874c6f11d,122337,c70ee38e403fff013fb2bf6425dc7a579514e1a8d951ef20dde4ce3420344854,1,5
d1582961a5368a407e8c6b58,14265,f2d29493ec9b6bf6646918ffdbee963bc9b3e83962c4859d7ee5077d68f9beee,1,6
efe8e14777850127cae09f1d,14597,c2fdaf3225b1b1d059baed90be7bcf7e0b181d50802e2fe9346a0a8de14c9287,1,7
ad27cf10eceddc2f1645053c,50007,3642740fd9dab8d97c56f6d1e607d8c931f5d902c8f57d4b2b122e39fa907c85,1,8
a628a27fc23ea4491b36606f,3838,2e1e1506ef388fc86721c67015ff0661efb7d8670ec88ee5a5e0ca871557525a,1,9
e3392012fa07c20d7f901f1e,113193,eb4142996c224eb27b66feaa9153df4cb11087752396534df187559ecf05d435,1,10
c63e5f24a68ab80a97d5d08b,18133,f039a2abfee27bf976bb9a22308d03abac9f30bb85da3c3af5aff1fae14b48d5,1,11
372ea9395597eca40f9b4ede,32284,878cead5decf588457c66865ffa28c51da6d3bcbdcc4e70c46b97d7f82fe4029,1,12
012759181a2dda5216419e3e,103,2d50d5d9ca4f65167c56ea2b8182f95adb372c69705098f9c09077cc2957e848,1,13
6b0d3f508f2e37ab938d894b,11348,8b11d12356e9ac4ad7d07e5aa265d70f2e3638db6540a13af48c8e9172624449,1,14
b1ea02d441e0034bac929b43,48570,802c68b100a63da12d247f63a8bf7526835d033af590d35ea289e2a9273b2b10,1,15
6452f8f5cb44d77574446c94,70253,5f1ffc30f2fd33b12b42b0b190575fabec9fce9034df0f34d207a4472fda4556,1,16
96353eae446190e16dfb233a,23748,0cbb0287fb5148a890290bf4e189d0d790c705a6b8f2d0587297ad098052893d,1,17
710e14cf7d840d970e3520d3,108406,fe465d742e89af461a03fae5e32e0d6ec1a403d024b07385da17a3356e316ac0,1,18
c3ed2fad16c6b689633aecad,102379,c4d6048e0b69a216c0ca3518dc77975eb024a51fdf32c4c52317a875879324d0,1,19
efcebac03862bae592228bbd,43083,5845cc2213929bc538f6bfb563dba3de746b08c50574b26559ea9765a0048baa,1,20
74183275e26faafde0f74715,88187,e2bf99994c23de152008582d347c94c63355061f7fa9d1356a5b7c8a38a4b919,1,21
233eef825224becc2fd69ee2,28421,c77826df2b7570bb6f4b9a8f5e64eb4555e54772cbfd0558c41928ec0b9f12e1,1,22
45d2a25a2366da035f72cfac,73540,fce884259bfaf2bbe44d1c656d7f77e74d416878015c65882ff58f04bce08633,1,23
25fa17808ccb435a1b9a930e,98963,939eaeb7ffc3de193f3fe351fdaa22ab6ae2aa29bb02f131f1a09e8902ff126e,1,24
c4fbd15cf21d16817f935092,20552,0cbe12e21f862099a0b17f286fdb063bd1325fa2eca72216080eb7b47daff27f,1,25
721b12dec22a661d55ece620,39796,f57af1e8032310cc48601b4abd2010cd58eb4071456f38e1ba0e45355195d603,1,26
2b8f55a1e29bff781540323e,12207,21bf56bb6eeb07032452b406ed2d0b44c64aa7bc5e87f252234dd8ee2da9517d,1,27
6667ed18bb33a0a43f164b1e,28120,269396f33a9c1a2c0f5ed28098e38f42e0584e0c028a264144b42767daf872cc,1,28
24a857cbb81c668221fa545c,18628,85a64c2c2fc415f20df1f0c16d124340f97aa74e8c5e5186814cd900bf66711b,1,29
30cba2e799e28d5f8571ed7b,81638,b9e8c0c70ded67f57499c019727003c520374dfb20f80f577678d7063b04ad79,1,30
c6f05230104b8d542f047304,116539,d36468a649dbb43f153d2fce77e75d0a08e24f3d3fa8d150bca22d67a19fe78c,1,31
7c7eb9cc1e5df243ff448cd5,13232,8ae925754c0788dd14cd551f36c9b5fe5133816696da71e95d60242e51b7bc24,1,32
e37ffa61e46141bfdee84abc,64086,70c94035da1731e108c86e30021cb7e9e444a5f83340c69809afbd5d244542ed,1,33
7967668194a11f1acb5e12da,61544,5c8417aea57ac82ca90ec148b141e6deb8c89bad74a08fd7d1f59bf95a69a227,1,34
aa5082449635404336972da7,93856,d917268db7a9814aede058be52c7477ec21a1dca180a2df8e3060fa4dfaff9af,1,35
67fd08980fb0466d05fc2970,99583,78bb872012d587684a428afe543f20fc0b6132ae7b1cbe72ca7551ec3ca4cef2,1,36
32abef53a55b900f62070de5,44550,59b1503273b6e1000a3e5ec86dfe716adde745996f5d69963db1f9c5e804f990,1,37
daf82b618b37546bc5bf4f66,100474,4a1b944e55101ad56fa032f957c8c87a3ca5dd684ee6243f851db7f2d75b4cb3,1,38
308770f903edf99bb57c12e6,74367,d0a1478fc1e26311e588ce3db89000893767be0d2cc25e263f139c027d8a1e8b,1,39
7964d299e596c0755aa85b67,70735,8cd37740d0c157eafe78a710da13f8abe505703bfe1350385f82804433762750,1,40
327e19b0416043d46ac2866c,4767,c3b59a434158dbbe358ca70137c099c6a1ab5966c2ef2c0625d5a23974084817,1,41
229ae8b5a8fdb9c7a987be44,78788,e9573139dc884643cc41c972e24827aa895502f836d3682b19522c7660348f2b,1,42
e03adaa5e4b12a76bbe20009,68994,8375f0897bbcf2b8a1f63634ace1cd8e3f15fd48a6d68b44b4925456fafcaaa8,1,43
9e5821433965ff7b38d3fc9c,104548,8b3a06489c811a5dbe5204ec27c06030c18912e91f2c12063a4efbdefa8e4aff,1,44
3000378bd42269036b46b84a,82993,3788f2842b0b27b5aada481d78e0f1c9d86a0a394a2a80bbff86ba6c3755e3a8,1,45
4a528407e1896f0c5a0da514,8515,3138911e613e87e83ceb4d80130b52bb7da007ed1cf91a5ef591ec5164612508,1,46
dbfe07039d96517c74e069c4,42563,d5dd97a79cb849b59109b8fff514e8f1fb484c766555d52413579dae2472e771,1,47
2f81cb1239cb053b7f2fd835,13477,9889eb1cc312d53812141401ee0da8c1ebb21fdb354e2422af915ee8badf88e0,1,48
f680a1f5ebd733ec82c0cdba,106278,2e9d8c48f00883d6d345d2b1d73f69aa0dbad55da3c0eb602b67a2231a1182d0,1,49
aeb2452ba0551611e8e31751,79170,eeeb748aa910fcd2131df38017b6d6e6754326978a05364ffdf9580510937658,1,50
5a8046c8f943799b2e97bae4,43010,b8752d4d3ec2c7c08d685e649cfbc7abb181ab4c378cf914fe42f1e8866b1bd8,1,51
e08450d1ac420614ebc54134,96265,1fd9852462ca9bf0a304928baa31c0e06a7d41f9e333a4515e8c3507870701de,1,52
5de5f06917b6e97dab075f56,97501,824e905ca0c341338347cc64816709a5b57bb82b320b15dcc5d02356339f1e95,1,53
d15713f0b397ec0378d00bdd,55820,bc1139f09142c1b4edd1c7ec7e15ba1d9f7ee1ea979f45f39c942f40464391a2,1,54
5afea54b92827b764e2ad010,12691,d4d8e1d78197b9a16081e63b71330d0817e59923ff7b23b76c49d4c066f26fd7,1,55
45e19f4f8a1d74fbbf7686b4,122295,5c14c30bc0d4bcb342a7d6337183fb9194070c914b2020e88bd22e1d6bfda512,1,56
f08005ab98c94e374a4fd384,12519,7b4aa02aefb741e184da7244994bfc6e93b356bbd42a958ff6cc2d3d6e5b38a8,1,57
30c3f742b5ccadac6dcad6c3,16605,bc60b279a9a01d534f4f0d4c90939e0480e772638c69a36494faf60a9de7691e,1,58
25d511bcbc08af67630c9180,109785,9aca55d947bec6f68a9436b3225762d3b667e4ae07963c6ce76b3c3542b50781,1,59
2933acbe2f72e3016a669d2a,69304,64ea06d1d739946c524463e646b23ebb3cee1e97b370d7e389f50da3e4aa49d3,1,60
060a129cefbe703bc9c92911,48908,e9fc934f3b69095cbbedfaaaeebbea2269c5d1e66348484910120953a5ff2848,1,61
65a445310a9df6fea4fb41dd,41477,4a744397023f59044fe000c1d65a6ac03dbfbb9787469c99a716d61b2de43d31,1,62
d82aa41f3124b7c114acbe78,13398,63b29b7c9038b684754f212c0ad8d44b61e66739d2e191f52d97d4548cfd2183,1,63
074b2e49aa7ad341d4cb2383,48696,0d8c03e94e7762d744071b01f87a07fbf9b4d639e97366d7ce44131400bcff0f,1,64
ef522e3b87120d8195193c0a,94089,6210a280a5349ae198b20a11e014077d7b7d56523c75e688608ba210c2cefcff,1,65
45027146101fc0b6988c6c1e,121665,92c9790f5cb29793123565a4cb35de5e6562205cd9d1cdae4ab5f630b1f954c6,1,66
f643efd52302f6c06520f0b3,80956,2a1a01a20c66c089d2d45277e8e4799e687f6248a0a00c2b713c9c767072831f,1,67
33897ae1d569761919323d29,65158,128c9fa6bc740ff243e3dcc8aa0b28f5ec812ad4502d4cbf36214cc92b8a8b02,1,68
e993cffffceb32cfade546e0,74959,0b681c00dc6b22f0c4338f03eca37676064af74a605c1e50916d240839105d9f,1,69
76b2b126671b44c71cefaf1a,12170,22f31c1b8b13c27cb9fcb0416b307967bdadef969f0bce435ff4a7b2057b02c3,1,70
bcdf9877b8d5aeda7600e0cf,65931,3ebaeb2c32f0d9b6d788aa3afcd8b89f0cbd016a9c89ea7c65b335f1abf3c6be,1,71
95a7ffde187d5fe4586bb261,103665,cd771d2771948493ea8c1f14321ffe0c5d4986f9d8e4c8c64a7c5e7bb4ec3228,1,72
7f3782d94e1066df5b605dee,9985,f8d380409dc6d0c6be0e66635db695ac6a0267e57ed2a3e9bfb3d2689676a6d1,1,73
b9d129f40095acba8ecefe05,83113,08da104041b5c44388de39481ebfd0b73df85a75abeff6ae785e60e6856c88bf,1,74
fb89d00c9a42f338767be105,73047,18b1daf2eca446db7d4d83c7cbc915e3bb9f1a8367ac17090ef92b5a14c238b8,1,75
fe2ab063d0f2149b1751ac9c,16951,4f978dca04e968405cf72b669d948de53398a2137b1528562cdb7d634fb47f94,1,76
8083cac527b0573d03523c14,73433,e6b45ee520ee3730ee636486eb5e58e3220f42725c182f7a0cff0f3366fc2706,1,77
68e0ef5f5f7d2888b34d2d25,77560,bbef278d5a8d372f6550376b017d6b81a020e5d0e21dd8e5ef05deebacf82a9f,1,78
f1ea661cdfe82406ce35e1e9,93743,0df6789533bb883e8c5bf18271e28e2e71271f2eaefab27a11eaee7c4580bd22,1,79
01676ba13664be381239e980,118189,c611b21cbbab895dd7116935470a62cdfd6f1f660eaddb82f3986906c788619e,1,80
dfa84167770b76fce3752265,58510,74adeeb9db839c627d665f7340bc050e5e11b4671c7e0b6d74b0e787bb52143c,1,81
2c1c0d0dbeb28986ead8b073,21388,dfe1fa8830be480db4f0460da30b2c9585d3157ab53ab383b5e505d94f3bac4f,1,82
f19f60edb58177bfe140bd2e,92438,d73726ed664f1ce715ed729742efb22910710637377c46909fd4886dabc72256,1,83
a2194cf3b01168b9c542be04,66380,f534864fca67e5c04400f4b84afd850f9e60230ea4a0cc550b37184ffef9cc1b,1,84
e9adfd7b3d5def850e7af7e7,120923,2dc6f992e324d153599a546b695727353388ce28d09b383a8b163fa29faf4200,1,85
853245b628bbefb4b285792c,42532,93d9aebe133e062f3bea985d77c4a9c0572ded9a3eb69b08d28ac2c8193a7e51,1,86
5f8707b74d84e75363c0b79a,50858,d1d263abaf51a1004f44b9b21efa54f26c15aaa3fa147d677df8c28d678b03fc,1,87
9db88e45ef0140e446462f48,20004,85a22799574cba44fd824bad2eb4ed1dcec07ec54d446ceda80d9a1451165b16,1,88
1db96651680836bd74f5e3da,103597,db93058ad1d2dca7e2da3084f84f1ef06b7b898cdd438b84edffe35df48e3982,1,89
808df1cbdbe4e1b3b3d84e84,6234,24fd27709104827f55d75f2893ea8c733627c898dfb3b395f0b62d6e31b446ca,1,90
8f30f3425ce020f5b03fdf35,123057,001b9c03c8a10ffb29d8aa3f2847e5e73f36448e8be4c0cbcd0af928375c17a9,1,91
40b0ffc9dd6d938354bcdb5f,85381,5a471dd933ea8bbc357fbcbb20a98825ed860e1641bf677595a4f23787fa11a1,1,92
1e74c7ae3450715e8d218639,54619,6b5dc8dddfce9fe0a145fc523e605f53cb229ad6820e7889832a989ee26473dd,1,93
22a3956121c38ee0a3ff72f1,31811,ee4fcaf956bfd8c695e5ad4ce15f263229b0f9da76b9a56ba8dace437913ace8,1,94
b3fddcb75ce7f6de8c0fbc1f,12870,08be34f03a84da695ddac131c1fb9bf34f35a08ed4c04184f41ac3ce85d60527,1,95
f948d9007423e1db31b1a8c0,122517,02af5acd556b354203140a2a956deaefd954ae10a8d9b303cf9bd8d419ffacf9,1,96
4c482b90d8f2b33ccbd655a7,58405,d01ae8ef5c4a558b39109296465191afb5761b8d6598df25b353da4c7f5d2c13,1,97
c996eabec61b5773c2422dd8,121202,97cc82ca3627eec283058c988179e04d8b0535f781411963f1250c1588484a1d,1,98
500b1a9f62eb3d398a558377,32104,6f77544d3e04221a5e8e14f147f39e6649746eb03c098000c37b51a87f5fd01b,1,99
c7d4a3d40286b4246ef066ba,42694,544f222c2027816b9a4020ae6e5ad5e2d0bc3d138c23d700fa3654fe665e1cfe,1,100
02fe6ec945a1d6033406d872,51602,ff3e778f067435dbdf3dfdae8aef9e461ce0ddeb6740afe901d1f8a75b471dd4,1,101
b67fb687a957819bdc9ea8e4,73500,ec84c15109b26ee1f4eb5afb59225aee8715b23ad557aa6f2f7b17bd7f0c47f7,1,102
280c959f71bba18d4a52da06,113403,717c95dcee8fc29796858fb9f628c162554c3f979d57aa8cb461c8d7a5a3d1a4,1,103
209ac7c8a0ab587e033db303,8075,ce7cf96bb31f9959335f98e6c2c963849f0f3c606f21ae33193849f20523e17c,1,104
ed15820fea10b0ef5bbb95f5,99402,1148fd3f083eb8b39328e2b66721e31ec198cd3a1329ed04437741dff4b74e05,1,105
69dace26115ba220bf6e1290,70126,89f217311f7247e72d32620592414c94ef10c717fb1fd3248eab83e57bf566ef,1,106
2c37edc9dcf1116db4119218,121886,5d19611df2f3d18ba67efa3513b53f946e99abd8e1c66ba94432a02663055e89,1,107
93fbd2e7e96f0883d4194a9f,68627,b941687c5bad26688559097e5cb53ed9d7a7e6e8e8bc0a22f2cfd720defd2d05,1,108
81faccc84fd5daba063457c5,34571,49dcc8080b4dcb1ef3d99db1543cd60911eda66d6e265b84e5cfd828d072a401,1,109
155d5759dcd9a3d65010fa60,79421,afae9da759df87b66ee6be6fcd7be1e6ba4d39a216bdbee4d04483c1198c3d3c,1,110
ba64bc949d071912808fd956,23536,49eb70a5f18315cf9d965e7df5b73ec261c7f8942575a32381da3ff49a944eeb,1,111
1f6d567b5b3254b2e75031bc,64330,b0f5b927815a58646c728ce7898ae5580b233d35fd80663331c7295d626a021e,1,112
52cb9ecace929ab43b41cd6a,92429,62ebb9822ce24a15fe49e434db084005b3f1b09cd2357565b5b89a77d9b7265e,1,113
c0d59592210efa96c2170059,34838,394eed1f1c39f5e90bda1b3d263a8db748d1d56bdc7abae894d8dec65390d7a9,1,114
a9da1724ea8decdecf3af51f,66583,46b9fd15869ca817681a2256eae8933500d264dc447c106d66ab7d732cac372e,1,115
04344d0aafd63e6e7f0b1202,29301,3f745eeb1097db3723e561b05695a1a2c4b61325419bb23f6589cabdddd435df,1,116
da4a6fb92ae915d80ceff234,94764,625c9e909a15f16f0a966b2a2bf604aea9e5b375c62219f67aa2179263bc37eb,1,117
db30844dc63fa7f2443193db,15761,46ec519bbbba07ef86660a01ebf5b93ed0a3065a0dcb621bf533693e715602b4,1,118
ec9f4784142e8ed647d7cb22,27144,7e072bc676ad3ae258c9769f33bf1133e4448464c84c906dcac5a4e58cc95e8d,1,119
b69f798ce7775fdaa202ae65,7467,1edfd9abc995a46ec264de99d381e7aca6ff2470eeb68383a5962e7e149f964c,1,120
4791d6c0a09ac10e5ee93753,60461,fef769666b54bdeb87c05194e2371cbf51a62bf634b7490f6c90fb5371ac5823,1,121
10aa5f0cf69d587588c499e9,25157,77f17bdf6e82806fbba3320ae5a34c857f1069130bc594df30be7d6a42470322,1,122
574092a428caaa0f556d9b04,25477,65608a878a6c7e38029117aaa16a541c6708277c3f036b0204a0e1cf7686b6e6,1,123
a512075029189c6b24be7a57,85250,f34c918e353bc4081285b0aec2809e1058bfb9fe419dfc987a98191bc770c460,1,124
db8799c1399545c29db9e541,1993,a2ef3647767152b2ee0a21c78724e5a5ba1739792f8505f7407b876db004cc6b,1,125
127d37a1759e04c22e641a91,111098,37c74868a6c1f870a50c2e8aaa2d36a02b072ce8f25fe3164e1f4e904f95aa5b,1,126
4bd1ae1836ad92ad20841fba,46056,7cf00456b66825f5e734d8e09321a9a23ddad4131db871063ba7d0649ef6fba4,1,127
fb1771c9ec725458871361a7,69773,7d39372414597ad085e7c95c7ff4d6189a2bb21875d9a5929c60bf95d2e70ee1,1,128
93ca87128c887f6dc7b38b32,78990,65d52bf17ffa4277e07dd60932bec6e3a46b4412e02b2152f10c5f0213d38e17,1,129
975833571ed36b25589672a7,87082,cc83467d782c9bccf783ac904b9205eab80d8006c09f9c0854f0b5b85c6d982c,1,130
5988619f40c662ff179e7389,43631,544fcb976d430e30a2b5ecbb69f36b71055441e91185331511780983dc8e67a2,1,131
b525638a86423dda8234ef05,96825,eac51aea408b6333b943853a42fa70e5488c6b3916109b37efa45c9a8e829a56,1,132
77451d49a05debe3db1c3074,51449,b2fea116e6e428f19352101ab7cdefa6540afa45e5aa616a83af43c31bfb0e3c,1,133
a464bb46223fd2a03c7f189c,5417,122d85c2f6244c383d124f273e8cbed9d0e9aa852917c1c20410d1b510f25143,1,134
04e60c23f3ab119ab85ed420,77506,3be259ac35dd770036c9f02b6d60f74b8b877e814f546ddda0814504930f5db5,1,135
30de99705a054a85c5eaacdd,97684,932f5f631d148ecb46c0b82f3e1dadf47dc65a628da5aa063665c1aec088359e,1,136
3d46ada347779c84c7a356db,86535,d171a942e02db3c6bd49d7c8fc7bc94952a19473c60f7f1403275fe9e1c5905b,1,137
3770f32bf28dce76f6b1f50f,19805,dd1f544ab566c63f34ae50d243691435836614fce4317acd659f271a0853fce3,1,138
129b9099ed0e6c5878964a01,13272,a5fceeb2bb173521907d70af1e50d7c17cf3b4544161680b464a514762ed73f4,1,139
774800054e6f97dc20b1d6c2,115186,c952726d683e5198c7c972ed893376b7969c026781497a004ee7cdddaa623797,1,140
85e5aca707a99b6c93553109,123443,d1b5c462f3ef268a491716c1c929c96d5b4e184edaf3edaf4e2232926efd9c0e,1,141
c66183f3a16e36ea62a72262,98688,7f9f2192b1026a6b93be3b9840f52eab57721fe880429e7cde19af1a1da81e60,1,142
ac6aafb82f4305c87d8d8985,8288,84727ab38c33d9bb317b87fea7ecbf944ffb580964f3375dca04e6c3c8b58778,1,143
873778fcfde75a0e24953012,28324,9b9d0b58136ad7d639e7fb4cd39a26b9258a9a333ed5ca16ed7148b0104ad689,1,144
40ccf3f5400d654d5e3bec57,113324,296d6829d883dc126abb01907455b71b73163cc910575c4aaf94a74934a023b8,1,145
5ee50bf2073880d5a8883856,98457,ed3ac817db685a5804d4de1f384d5ac11e9f1d57d388133e7e1fc567bd883631,1,146
d1393abd99314209721a2642,18315,eafb7444b99508d438ea26cf06643a0241235d57c11dfed09b67e6a014e3abff,1,147
f78f7e8712b1afbc40aaf9ed,10386,997e735bfa598407b99adf2448ef5c33323e53020621ef522a274218ea098bb5,1,148
0c0c7d874feb1183afeae9a9,21895,4bc84fcccb11a5fee7d4e527b8711a93940ffa8d55a9a947719125cd6c9635a5,1,149
bab2038bd438de17f52e3c93,80081,2cc039ccc42922e4cd25ac714ccae803201ea2e2ae1b6f64011fcf2842b6ba9e,1,150
050523f283a2abbc438c4e30,77110,18bb8d75b9beb3013b30faaa61b79d7abf5f338cada8caced3ecfca1e11fab93,1,151
be26382e2d3d7dbc1bf9700c,50607,74123d3355926ad2be9779216d1e93c0e725d6302559d8898beb7274e1181926,1,152
0b47e7310bd3dfd0144c925f,80598,09fc894f438b03cd19a1e061ab01da76393c32998aff1f6f609bfdf06ceb8232,1,153
fe9ea069037cacd6ce2e2306,78744,e64bd386c121c5dfe1fad39777547d5c73d1988d7ebe1187d35e84cfd8391b01,1,154
080eb6c560d0d413d4256d7b,43929,b0e43b912658a4f65ee19e730d95257d6fc60cafb47be9f349c26444d25a52e3,1,155
b56dce781f924009e3243604,80558,bd07a999d6b30cff31125a078a322595f86be51274eafd7ce75153d947814a95,1,156
7d762eb45f2b46c4e672e951,108155,699cdfad9d646da20a0e67aabaa33e51018c1be86ed31a07529655ef53098ef7,1,157
4327bc4a5f75b34e7d0c16d0,8777,a606457565def5aeb0c1843b9ca0e81e2918b6ad1cc7d1b6909088be31dacde1,1,158
9ffd1d308e30dac7d03f8fc6,73459,b52e27ae4b337c9137b0599c29ea23a77829081d41bf8c28d0d64a0b64b4ad70,1,159
ce5892f89207b76cc94b4907,67274,57cb00a8bf337627230d706d8cac5b504e59c6db949ace28dfd11ccb319b7904,1,160
e5ae6b3f6f2166fe5b7e96c2,58490,53efbde7e3d2b988b67dcbe2eb1765d15b15fe4969e45e8abc7d90861d348c78,1,161
b481ad0ef96392403722fe3c,21931,e7409a12d37285ca92532bdba5c9f26bac5197e07ef42bef8400fe6861a7241f,1,162
a248192a941f5c63c2c0c0f3,80062,af78f922c8176019015d0147205b653c785e01aca7e19c4cbc17e660bc86dab2,1,163
bd986644a8ee612f3ef45fe1,22762,71fe2d1bbdda52eb7d325e1597c640260b817867fd4de34ed96b7321108e5d69,1,164
d41dee677e6d5aa0054ff4a4,81414,273bfee80b95898e3ea45f4070c8ed319d27400c1688212062480ba4e496342f,1,165
4fb2d6450848badda9b6daa7,30542,f3472d397ab460f65acba5ad24e6591e8515a806fd286b44e4f98d5202a8e496,1,166
b24222112977b603d45690c9,40004,0e48171f49599e1bf29a4c15823f8b59652501c6ea1f9976cf45b5f4423da7a8,1,167
2dd1d0b8916cadedcb73a952,46172,22da4fbf66cafb13f5d3cec7f7c642c9c7d202bc2e6b6d0d791ee7a346cd4418,1,168
042f07bfdb0a1523760481fa,5812,96fc257f8d90d366c03451b132dd6ff3a402bbec7b1d2bc185946c22c5c3206c,1,169
76d8080a7e74aeb8df03e9a1,27185,b13a6659c3cb7f01ea3259a25056aaf058411d14667fb6efe46d9f738a7f7c8e,1,170
a80dc06b7ed00247ad1cccc0,99693,d37fa4cec8eba7ce7ea16af617bb685c2b92b6c0923c4b7535a3d742c00e8553,1,171
717715e28418f5b507896f9a,10387,e2670bb6c6c3f086e669254bf8e8866a3c889f75b183d54ff1e993c8830528a1,1,172
cfa36af6168da47c600da2e9,81402,56eae739a72fff3328a5df0990744116b9f9412123653e4df97f7775f6fd67bb,1,173
8b9ba2c6502707668de0d1fa,91558,10485d483e52c99cb062baad11946e00cc79c8de524f80f6cdb798cd7fb864f2,1,174
0d29f5fec7e7fcb539fafe79,83656,354b98cff6c2af32d505a53f9800a81b692534849b2fb9b869c0f5b3b0ff54aa,1,175
d1fd8722720ba421900ae176,70814,c2894bb2c41fd166f6a1b070b5e099a78e3910e01d524cb1e399dc0013ac4aba,1,176
bf890e248959ba438b43c61e,37671,91060d629613d40ccce4c0b6883afe3923b1eb93fa9b0dec66c8bedfa74eb5e9,1,177
148d4c00d970805250f05b61,122910,9f12a5798c5ef7813f8460797d5eefeeb9dc7a471036cae490b2ab6a33ea5422,1,178
52ba47e94a95a00ce4392fc9,44212,afd0cad746c7fa6c717d2602fa2059bee5a048a5071169a33c72bcda023125be,1,179
31a6bd41d298e7ba6f2485c9,69477,587877623627d7daf95959050922a5490598498c5972726b6ad10355041c5fe6,1,180
f8aed7ed2d654f006bc29c29,27077,9718b87c6f340935f88babc148d06e2a6cb7ad25a6b54da1cfb900156dac8e2c,1,181
9398810af0e99f6ae9ded74b,69684,a16c800777781dc240662a529e40ceb92f42189c81423403919132e7dd981181,1,182
f55b24e79bf51ffba3e01305,46611,1ef140c5b1cc96e07ad777ead419b88ffd092dafed48363aa0dba938c4c4aa06,1,183
29ee04995c350a2d459199f6,63755,9f3b3b6eaf33a887fa8b6778d9e4420636cd663623cd02585b132e8511dce04b,1,184
7668bee807b6d15dd753fab5,115827,de1bdd9e8bd30190f064fadaab6b34777898fdce2710ac59132799106e4d7d63,1,185
43c365837f91a87f3fa61e04,22508,a4efd889de170b9cd1b3c76666462c975df71324901b872aa494e199965a5e1d,1,186
14902eb4e2b5f77b4f6c9790,41786,7c7800e67ce97d71f6a320408af14e51388b4d9df4a483e7edc53764f4c22c02,1,187
2edca80b3328b9ee87f9ef75,31397,f32763840fd6f2fda02e94597c5d9459e2fbd7a1b0a4a6551f373958cd9d5e1f,1,188
68ea7414fcd23fe2adf0431a,77015,a8a6b8e3f8cfbc248124f8ca458ad2349d58a3a5f59c20117ea4ca31769b4b2f,1,189
885933f6486b84045984a35b,102500,6c709407b60b61a3a7bb969441dc3168f4b9a4a8580d282074ca8322a4f3944d,1,190
9e68216ed7ecf86a1b09a710,70959,13076453acad18cf84104df92ea92bba86f98bd8ebeae3d5a929dc59fe4faf09,1,191
5b0eaa2800075f98ed6d5d0b,62430,dbbd7faa898be5130bf4304f7666c43e2d99264eb9612bf715cbcc340d5ee84d,1,192
3f52d36f1172d46e66395f92,44960,37ae296e2c7b8e7aba1f5c16c5bf76f34b3c3dc724b38529e5902cc96a9ab835,1,193
ff5feb87b4aec17279d6fec8,98289,2d103ef602ef125e0ea319452a59029c4136d18d2c3dd7aa234ddb9ec8dbf8c2,1,194
cf1e0154b819be0cff4f598c,97172,fcfc3a57a76ddc74ca0ad6dc346a65cf21878a28931b6eb4666693946057b55e,1,195
4bf02320086ea3f3e409c555,122524,3756f0eac20757aeac53884777bd91e7147619b5f14f0c5dff6ff598767a0d1c,1,196
94f3325ae93b67dc5e53bdb1,97550,bb5ede0a02ced833cf4ecc7f7393c1b4e9369b77738856afcbd7cf8581be0ebc,1,197
52125995707e1a30c7cebd44,13621,ba197a0352d52eaf4d51e0162316c4fa121313a23cfa10e6a1b2e59eae6792d3,1,198
c9a50b0ef095eb048846e6e5,86872,99fd5b00b788d8150b2564107fe91a0bc5573320a89cd794f89a668845e44a4f,1,199
918992e805b0a6e5ef87d592,58746,e3e1fd5529e321cdaa0eca3f8b6cca2d02786db69416b3b6ce3a027f5002d1fb,1,200
13eca0ae5eef0b6fbfb2b34f,112734,b092c03e526aec503e6edbd76b33d36d87697f6128a8f3002b405ec4cf69356f,1,201
29f89cad2692c6235476f1cc,13716,70d455ea586c65bc1dfa4e3172e2f8ef6aac1368d9007f2235e4ada2403bbda5,1,202
4bb1f651b5797eb692587472,94554,7b8f06620a8665b0477fc9e0f20cabf50797fcfb0645a9c1e768b5695ed7c693,1,203
f8f5426fac38f6278cf26fc6,79685,8c06179788293f6e9737f275543c81d15481d545181070b95dd7a3583ea1f6a5,1,204
b8104897de18017220665e0f,80837,fad6dd3b5c84b0ca06fea13512330eb800a60b5c6cfb24ea2027d74aac6453c0,1,205
8934ad0d97bbbee897c7cb95,49623,f5d96b8c704bdcdd5a6f91cc65c1c515387606efd188b47757933b0f06e8753a,1,206
bc8476de715495064d6cd077,93716,4e1196d4fe604decf86183b7aad1cc9fdc78ea80791aa318fbc09dd02c707e34,1,207
c982ffc8d62010e02bd5d677,105231,8db699ea0d12f037eaed926c88409693cfbfa5849d347a4a2d6317f612e2bbc1,1,208
9314f9bbb7073eadd2683132,110584,57f91d5a96aa5d361a659f860fdd71109578e29ccf9247197591c959aea40d84,1,209
c066c10e74c8d1ef5d3a8019,90348,f0b342a55e96afc90cd317d14ec102973cab1e76a282edd36d8092eda02a6a89,1,210
933adf1efca801ad70e0190a,50361,3a525d2d9340064f35bdb42080fd165df62e159550c16c58e4b72be2a41c8035,1,211
b8039a6ac4fc25431a8559b0,106279,1685b82b38febf00c0188c37fe4b8a7e6da94e0aab1a6fb36215cbf4c5bac711,1,212
3a3e59ad9150c320bfa0e581,72973,ffeba90f065788c3b4e35ed7728c45a9eadad093cd28081e1832d2a4b2c256a9,1,213
dd19ed174b9311d51518a92b,87468,d1801d1d0b94a2de9181c7ae678d71f177986dcfa0c250ee77c3603e2f9a5190,1,214
614248251c8085baff8f100e,49369,f4094cbadd86db5f496084ad2c833b356973bf48c85426ab6bb9034c9f96f9a5,1,215
50f25978e46b9e6dc370849c,82927,cf1866b2a6d77a446d6fd27bbb1bc88c6efaa8df113f15894bf8d5d6e8f2fbe9,1,216
e79be2bcbedc600f21571fea,22931,15267e841ac95db4e8afe2a3c28d6949281dace23390eaaec2e227c4c4b1021d,1,217
b32322ab2b98aa5cc1368fc1,57682,1639bbe8353bf2ff2b7e12e3743867861db8ad256c970fce35301c39aa6d5f54,1,218
923d730f7d922166ab57dfed,60495,412a1705297951b5730125f521e38ed91cac64e6ed67daa02510b0325cb36e04,1,219
cc7f2c8c368787366c28c1fa,42687,207da470b5d3082d322c0b1bfa36e4b94882d4caba3baf747ad99ed89a18cdb1,1,220
c7dc6ae77211af082118ad00,63590,909c01c28c859b1f78f20062bdf042ae5aadaae8f26b7155278ba9fedcc2d89c,1,221
93fb0f317f86ba2f949b6479,35600,aabb7fd06d6464ad43c64fdf084bec7d2243e47d7801ff30cc99205ae809f9c6,1,222
f6e8f444f3be0eefc651e26f,30121,3d29a7a96dd5efcea123a9bc4a2c34d545a72c876d48a8ce1562e358f6ad89c6,1,223
7736c1c6e0339882715124e9,118574,858fa6d23c4d07791c1f26ed23ac5129b2aab2fcdfb05945e2596496c41a26cb,1,224
9a28d902e7636a7c0dce861a,27374,7652fc36b995de4af2ed0811b769ce5897b84f9a4377d72ca27dadc812f47b39,1,225
117b6ef49515f5428bf88025,105793,0d7b776010f10400f0cce64d3f0675a6f308505db4ebf8c2142f020b4c46c3b2,1,226
dc8856db2286fec9db331a19,87491,b702c4c019816e8ba1ebd984e6dc315e522861cc48635af6fdbf6ccb5c64517f,1,227
1f121846975b46f0a4b80b3b,98241,60e45e2b689f9ec81e4d2269ae3c9e903536c5e827adc6a1b677196bab404f0e,1,228
d2a5ccb5c5d58bf7642b225a,106625,42b6cb03ed833fa3dcba5686987e00c76d35f97c8ac6b0b658dcbcc299e55253,1,229
75c810f04e292d271f01e0d4,115639,5b1b6332107ca9124af9c12789e4752f450af965fb41d08df22ca4aecb187ac2,1,230
4404d2d860bf65425899a2f9,119807,3ec8b828f79d70dad60b00b7c642657ecad822136b4e69f7bba7bb77ee05dc0b,1,231
c4f44729b24532eb17c8be21,101353,0becfd50092ee3dde35e70caee83ad00f264340a0d71c9565deabdf004b9f78a,1,232
0fa605f9c4a2193b086d7264,61879,18ecb049eaf3e7b50c9dbb3b4e90a4d7250558d1dbe1f6f504622577d140f95f,1,233
fd9318d7c52d7c0bbccd5e3e,45570,1c432c9c3a1da354eb8a51a3e3854cbf209276615bd4203ac7990e0d95143ca3,1,234
fcaf9333ed5e6935e89167bd,71064,92bc86c04ab0fb73fcdc35f854b5ea91d1597745f8ef12aa46cfc5fbd35e2931,1,235
ddbcf80c43f35707e833d9bd,64912,dced5b86c3e8a3d19a80a68453000173b45e7e31ad6098f0496465533b1d8095,1,236
08d448545a763355446fa409,5425,7ba68678687141f504b7b7ce65bd82cca57432d389a3a2cf895f62b3e780a7b0,1,237
56d2cf3a4e45bf34b9620d51,96305,91126a0a2d4005ac61633f41299549f3eb7d284df709625e6a161555aea564fe,1,238
2fcf8a5034389bc0a19ec3b9,69664,7fc9557ea26d20f117c1d86c5db96a25d91752434024d3fe458c331153ab800f,1,239
2c371ec19a2f30fb70ab410f,47950,00b42baf32c6152f3bceddd003f9ca0565ba19c834e434181e7feacc8897b26e,1,240
bcd557f1efefe10f15d6724b,21961,e81a8bc46bcd57faeb9faafd35d0062ad7d78c0c9bdbc87ff2b2392166008894,1,241
5d14178ad42cab8bb7f46f91,69977,3e2b2abb56a29a8471cc7f6415e8d9709065fd394aa9a4348aae709143418265,1,242
04a396422fd5112946650428,115464,484d978103f938e12538aadae9a5d528398c0d565dc27f061ae12b5e672681f0,1,243
1570a642940ede5d1050fdb5,70308,b4a9fd01a35cd8d1a2bc8bcfd4c4ac06489d8b3dd0dcc927f3947d1a833ffe59,1,244
1e86b7ba3efabd718b7e5823,92633,6226bac5d24d02b2a3e42f2fd6965b1dc56bf5d42272ba156fa51dc245798322,1,245
6b5fc0f0d8f26f2c73440073,78152,8859a928211f83ee528fff1bb90f6c01912670225bd535c5686a099c5f6a4263,1,246
17549c37559d1601b139a40d,86549,ec92a44fed0ed3a0a02d3af7f1da7ce6f3421ae96ec317c64feb32379eb504db,1,247
baa1f42fe3717c5aa0ac0108,97461,9738002f1cb31704d95a1514c991ba6136b69e599b605aec21f19e6c247f46d0,1,248
1029100a7107533fe3a28af5,109335,a659273330c0e88a90c8fa724fa859e70ec7d84963d02a18adfaeb549c521f79,1,249
1c2e0714a5f640b611281e77,106579,c3e13c32826d13fe95f9a0d0fb39d30c2594470b7230959937185ce12437c746,1,250
c7ff8343be2d1d5aa5ce105c,24679,be480396b4060eb4cffa75502b1683721cd4eba977ca4d4388c7dd9de27157fa,1,251
4cd972ae933c0a9bcc15669d,70994,6da07f3dea72e0d4078d8899cc8e9ca9f76c598138b40e6fe52e08c7a5d090a6,1,252
348130d7edf947cacbbae1e2,48932,cccca56c150601aef41239a2034ab2efec99c59d32a3ceed05e7ca52ad17c2f1,1,253
36c1f1584310a85e85af962c,8670,25b7f812f9d59e0bb0fe911c33138bff7befc9c6ff5edc99ff39eba92622baea,1,254
47fca9984e73574f0bc843ac,64939,ea79b44ea1324f25e00dfd744bf25f93f1f74c3e566c772d132ab3af44db0d88,1,255
a0bdb0e47500dcb7829ecef0,31791,99ff5bb795e8348c4fb33673c6a9cde4f3cdf29ba0eb52acffaaf47eaf98c8c3,1,256
4ecd996497aba496e0060d50,119673,5e3d8458c22e5452863e2e91f3a311880ae37ce0a9d8d7628f221e78fc77f3e4,1,257
a73275f54b1411b79cd3b397,92391,6ae9dbd7f86beed7bc35f9a6f687a02341175ab336366aa3a206809290f5f8cc,1,258
a93e4c46d6137c4f3b6cdb38,31833,e17159dafb2e231f7d357bbe558785b304eead5e72b85e18e4b1150e5730a4ae,1,259
01160d71b40b87363016e7ab,35936,025e398bb690c7acafa79730e529c8f5a8f6c44eac111caaed79497e56c1e12f,1,260
483399898c0590354c167f61,9861,f4d213237ecf3575eb04b8717ca681eb1417ee9c194979a211e39fc60ed33de9,1,261
5c845d57050b86375a8b1cdc,22458,b53fe3c825b480d08536ed3669cf7205e236764242e2db4bebaf92a6a1669a1f,1,262
b74323ec7cc39d1c2e447c4e,109900,9a3109fc92b83963dbb21cde1f1b11df25ee53b2da662ec07d8ba6f1e69f5ea1,1,263
768b11ce17de25fc7bf718fb,88767,ee0481608ce58de1dabd4c06680e25138af1d587268787fda0b0c740840dc48c,1,264
215b5b6f17e0db07b091f936,45491,0b8b061b646ddfa025e82d790520eae2d255e82483602f14653bf60a11035e36,1,265
9c59061814261eb91848c1f7,94487,77a05985bd6be8188bb680d8db777de8e57f165bb24dfb4fdb7cedb414b1c09a,1,266
565d1f72ca599ef40b0cdd2f,79100,32ba396a23f4d42660f4cfb0ace9d65d3539914dd4f8a2178d91080cf5e0bfd7,1,267
fd606a9b1ce11c2d1111d57f,56824,81fe91337c50365cad1f65b03e64dceeefdf6b28a1e48ec0e8f7cb3726d792e0,1,268
c5af0897f6d281e681fae9ea,17727,9ff1623b410a000ba0581738cfabc29601b3c60d928eec53c2e532b8a2693948,1,269
82b2016cf89fe6ccd2a8602c,31125,7fd76d63015625006b0ace3a72fa697a2a28c86d36d284b8ba3cff5e79553c66,1,270
9345852549a149ce7db0c37c,57478,62f50bc741a721fc50eeb4933c39d328652785946206ec482855eec664db4c66,1,271
d131e80b35a455a822cdfe32,75940,077281e73279daa55ac72f28c2589fe8440ed56c9fd61ac86bd354d502a6740d,1,272
7530d18cd84fe516ed864eb1,48846,b97dc12a2750ed81c354ba02254d702a86af07b0ea093150fd502e62cee6c514,1,273
c2b7c76ce17968f77ce1445c,110972,0fac44268da6f9d63e659d1f00cb82225d34aaad77904114ee7ac15606bf2842,1,274
378f6cb698e5965cb520c624,87975,265c45abcf31924a0cbd9da08f95b43853e6b4ddd56e49c31cafdfa9dd1e1897,1,275
8e5982ccbe8f88442fb02aa9,102030,b59fbf38b571ae49b9869c89440ee1c9fa920d220392c8a5221d3925a0289531,1,276
a2ae3765dd0f489aa16aeb48,77587,d623fcc8f54920f98815a31ff9cbcf85fd5a850155aa01443f91af74c3218120,1,277
769d42c9aa4cc6e12210ba95,62390,008af0e69e5621c0f27ab81b57c2f2c16fb0e2ed42b96765acea11f2b1dde02c,1,278
cec9a47f5ebdd8636056a69c,60141,82b6d3e9d9b2392abb43fe4640504eed9032bc0b61d0ea4ce7b0491ab4805290,1,279
2b70b32cbbb4d280ac2447dc,113667,e3bfe85dd5642b7305f0977795e721281133e3fdeef3539086e899030f32898b,1,280
0cff21e5e31f5c95abd7f3d1,69053,606deefcbbdd8e0ac09053ae604163129085da7c7b9817e42895f750184968d5,1,281
f83c43cf0582a62314d037e4,66747,8542ea5d9f364ca0f66f060d066aaac7eae22b92e26520ebd9dbf4306d16165f,1,282
873177dcb6952712ab32da2c,36473,4c4077e02079e80586bf845aa13d5aa920728fe3bb42379ade1573851e0b86c7,1,283
6910bafdc3ed44fde97fd0d7,35057,4587062bbe6147a11af21a00c03eccbf070d4cb04b23abd91e6e3a5137d0675b,1,284
5d4e8a19626c274ae67cec06,11704,7dead3efb335c84e594d9c8c502f14daf8530ecc292b2afb7bad30bdc2ad924d,1,285
ecb04ad787e304b272d12e22,70984,f4c7896812196918da5ceb90845b4e037ba222db1777c8a098862e2dea6be0a5,1,286
f4a3d66358b44cd15b926acb,1600,adace45c26e3457fe1284de3e1dfb5f3231772fd9644eb6ff8067a5301180e8e,1,287
a1c20f88f904ad25bcfbc80c,29445,a466e8ed767d8e96666e21ff3a349c18eeb74e07f2620ac770bfd088b3e8f35d,1,288
a2f58aff379b561a67d397a7,90233,0caf0606afa3b59a06f2bcd111e5652fad4a2d8700175c5d5388478ac5c2cf1d,1,289
507b8bf49066f0a1e4d6ce4a,99329,fe5727d8cbe88c128f75e0fed320d9ac367a2ff0822563791a6b63e9e3d72af5,1,290
036d98e78871af0469dd4880,20899,65a68c5159e3082459cf310c1a238a95721eed0b851b64dd48795e410bb7438a,1,291
15fb8fc56bab16ef322b3611,84720,320820e2bc22402430c4453314958a6cd39758c92b3d38e1e16c879a74765deb,1,292
e969c7a5a90a831eea394eb7,27776,9029de334882218581fdb232e3e54daf5e75c9237e549cf36446318c082904b5,1,293
82360aa262423824c0b6ed46,61096,d3e86faef6c0b73a32383968d7c0a0a9b43433e6c0ac16cd4e68b41b55d674f9,1,294
a98374f1f84f6e4b33e10c9d,27338,91e4ce0622cb09cbe7093a49fab021ec349d2e904d2aa62ffff80bb06357982b,1,295
5f06604197de488cf263ebdc,63557,fd24d412dd0526a116f2d871e97c4357a298738507272d4e3ccfa7dd99b259ba,1,296
005c3d2e248d122c67d685cf,63837,76059fdadd149a3fb18d39c8636389e23c7fea301499abd12e6e3dea9231690b,1,297
db832ff90d7fd2c2c31b4d23,90933,850e5372b82b49e5681f197384ae398468adc3cccb29ebd5c11d58a7c98e9c7e,1,298
db175d93e03f60db5a18fc05,10621,8130606e7d5ea96d2802a77caa2781e64e4d7089c1d8d19b5d704b75f2c7eb6d,1,299
c0910a6b4d81d3962bee17c9,50830,29efd3f3e5ecb608623a5a31865279bd5149224eeccec56c092948dbba93d9e5,1,300
15c298b57817c35795da4a74,33208,d26a6d2af4715a8a27bc3bb74f3ce2df04a71d09b38f668bfaf93e2b9b321ace,1,301
ba2315588427e8b07355868f,35034,80414b651ae2614190b07349124a93b11125fb59dd2642a6d5018f8d97c18724,1,302
6d13a47c703467693614c955,18454,43044ba202b30a6969a303b366da9856f55118a66593bb1ec4a28f582d5303af,1,303
8e74bd9c93cfbda194e9f2cf,101864,6bc2e53aee8b46aae0bcb9810df604b7023fb121bbf53e818377829bb22333eb,1,304
c60b4822f16e56078885af89,64917,93db33052779352229a8bbb664b8257f04ad4cf34374a5c82929e45907ceee73,1,305
3cac3616c721f142e004b5bf,3690,d098b477c936ad340c3823b79e684402b5cc4e7540c8841ab01c0cb6c819f68c,1,306
17ab7d90e22125bb241b296e,120305,ce12ddfb8b0f04153d35716a97559690e5fa3f20a490d46843a649ba697808e8,1,307
1404a02c0971ea185381c86a,66902,e598b22d924a4502e744f26ea8678b2a0c6eea1e5a180942d1a476d16414c495,1,308
fea5ce8f7b53ad3c7ea036d3,33508,9800b1565ef181f1bb627249bafe9b9d2d2244677ad946783d8aef88d092869a,1,309
18ad20cedde8720710db7e4d,12168,81e7a6994000208a836d3229d620934720ba02fe2811286530e6ed7961d04caf,1,310
1dea37300f5282bc1dd3b118,94448,78c191090486beb6173705a1b8ec69a474c5ab95f589fa594df77051fcd7dce4,1,311
dc4feb8d54e8a26362ef86a2,22824,625cee584bd5c2278ae9d609bdd86577c91844b59b32db9c8b2e7b00cc1216e3,1,312
14a5f6c04f9dafa86d849579,63239,27e4e7042f9ba1d12358c32788b308b8e3d8ad4184ed66312ba95dc62508bab6,1,313
9e9ca6c5c808a274424197c4,46133,57edc0eb89951011bb02ea5fb5bdb8f6fc7c818abf868da03fa12ed9d8c7c216,1,314
8452386ae8c33e21247e9494,38613,a551b0d27c477686b1d53214bad3e9fcb71a9339f74adb083870da78eba27d59,1,315
262ba3ed5536810031209112,112392,209b1571b5d152a304979962b0d15df4aeb8f3e2c877a51b4c8d75a5cc594334,1,316
b23ad50c5d81f1c90324d721,88244,c3cded007f8491aebe8d05df1bef6c9b1fc1dfda448c2fbe0f27d1b128147d38,1,317
209d64699fa602d22f9a52cf,81800,cf372852b3a0682abcea14aa309dde9fb4d5db57f5a659b4e8fb629afeeaef37,1,318
79f894c6584ebef59a054c07,34808,2c07dd064a1970c3493305ed7a0b616d13bc9a5a039e650176699a9ffee9d62b,1,319
7567e54b8ff4443101fa03dc,71854,11851413dfa34ab25ff98b269d912e268189db05e06564b7e811ba5a8e100525,1,320
4294582a52a5049604f1b5e8,9110,36063f367c0fd2c92438985b0343cc8a8e78e418a1bf2c173b42def06c2be667,1,321
d439f5b8fa9214528c7de0bc,21271,83234d0760a80133cce2f182bf8d28461b9aa08c5ba915920d2dfc63461297fe,1,322
c1befe0f4e9056a584683fa5,28865,85536994d3f19f1cc13d079de7024792ebb96cda4c1ca4ae2860eeaf0de30ec2,1,323
3cd467bd917889f9522ad82d,12723,365e4d9fd7bf9e47acb63b15c4904cb14acbf2bcc219d139ada1f15b90477c10,1,324
634a4dddb9ea1c433c32bb4a,123444,8607b2b69d9c04ee105e0fbf6239e372b6546ee213357abc8c9c9c2c1944b8b1,1,325
94bfd3579840f30818591f42,23207,6a515b692fcd9e4b4f7d6aa9c0903c645b6856e449decbbb863966be0886ed8f,1,326
eee808bc480358169a18d624,84032,025e170ee3836236b135c6ce7696395ab4f6225c8468b0b04f1d6e7671bb456b,1,327
03c27bda29549c7271bfe93a,118416,84e2996c54de3a5f3d9343a31db6488a56db83de81fbb3877ee511e698154fc9,1,328
76f3276a339af3e8de8dd105,48539,5d83bc3717ff829d258d5022105b7543118be9baec32b3629b3ba9f835800bb4,1,329
fa7d6df35633da6130116abd,14026,e4fadad7b0e652047b01d23ecf319a2d701ae67cce623dafbcd0bf175b21c6e6,1,330
92331c01db0d2a4fc42ff640,95907,f8f202717b69ec8b2f08d3db8b3702e841c084a1d405c0d3c4477170a3441ca4,1,331
a43fcca0e11d25575757aa70,85000,1f1bf04da96e407f8f670169a40b311e81b8caf408bc02ad60f5b3aec1dad6c1,1,332
79e0de96f23dd88bd4c0ab36,39252,363cf700708d20a9503ba00692ffd65e66b6b459aae6d63b43a3e6be0f37864e,1,333
1c1e6e2c43e845904190d423,63440,64f75fd9c77927bcf7b8d302bc14024f3251e854f08fcd3f3ba4325dfec207b7,1,334
2316672c1b7c818b9848e3ee,94893,d811985ec80995f7b6f00bd6a6794895a09db998bf0fccdc3de3490e118829c8,1,335
b587fe3d61b81305cdb6d5fc,119585,9e718d9a1a595cafa6befb0e16ec4c49fe8417fedb4e60d6511a43295e97bac6,1,336
7ea5534a6e30cc49132d9895,118930,90289231ce5e8fa5ad8778ea74a9ab93a7ac29d1a5aaf87db5226dad9ec3922c,1,337
e5db03ceeb4eb6d8e8fa206c,36343,1efa7a217ddff8498b18fd2e0cab214304839a3337187ba7ed79063abbb87805,1,338
6b0b19fa71f61e3ee32d3e44,90618,4386000874122701e446d47909ae68258ca639c99ad6df3bed07b8ee10423c95,1,339
f37f3c162bce506b6dd993a4,70101,d321715520e264beb05a3cdd841338995d8c218651d6be858eb267805a2d6ebd,1,340
7b9d88b3cb39646a254538ae,3251,3738e3da1e3f5bfb21bf112935a4c89a97b513ccceba2e8925b9ec9f50b32ee5,1,341
a2e0c304c6192bb2179b7c5d,41388,d00a05dc590f12cac9560d9ed29338ccf32d16994733d6fb1759e44a75d97883,1,342
e9d0da1b8a236ba7f15761a5,115501,e510604ee659ad9a2062cf9293ff9334ca4eaa558f965bf249fbd7a17930ba7e,1,343
1734c835e64fa6ce35d2ad3a,106837,976e3ba3c86bcb094ad3a6cf6f964cf00b119e02f1bccea9a2ad79bd06f0a304,1,344
5c125b01c6313a6b11724859,33523,72f7bbfd10a088b5c31f5601a0d434687cf5f75c40492b1dde2891b369c9282a,1,345
d7a994234b838da44d8e5057,49666,4c7e7059d35450bf23786475437bbcfa064648d1f0f1344ebf550d229c5633a7,1,346
8c5a25d8d6baf2ddd4bb76d1,12010,b05a83cceda9577b5397de4cf092fe1c636a6a400158ba831b8ad3ced2cf91d8,1,347
30ab33937a0cacaa3bead62a,18167,972dc450cded0776e05690e65d81700a78fe90acaebaac4c4b9bb4665abba573,1,348
f12f32af7a8fc4cc78cb292e,77967,23e7e53ece5eae8fd9e75fce303867b77f43b5534040cb09852f955d83efcfb5,1,349
0a78d55f97338166c4de09d0,91224,1b49ca25a06ff3005086461787905aef4cc68b7b5f0bb9affaa66a9e4ed233ae,1,350
ea3aeaeaeb08ef0e874e3c25,85779,0852c49e16612323d9fb71e5c2972f43118d972c3b086c2df38aab4f0941f121,1,351
e548225f384f5e30850161e4,19394,10d0d36683a70df8386b5bf0dcdb9fc1156750735b0007fb382fd2b4ace2ba72,1,352
33a43c1f3dae0dfaaf396a3b,53992,2d261a6b59e6aa6729b800085559f238e981f41115bb589e4c8fa1195b13b87f,1,353
72aef8e284947d03b1996b9f,23680,0e2be7ce7ebb1229288be8ed97a211748fea4b234c6dddb126c45f4d5efb550f,1,354
6de2bbe60e57e88ec08659dd,73598,1cb0cecd447d7d7532f23a992c7073135daa837353b1baf57a2641af739e40ce,1,355
36d29858f9a1c5bab5fa3edc,70115,81a55f45206e2be5171e59a3e471988b9a47dab76bce7bd47afccd2779ff2907,1,356
7c4a43b147eff02151feabe5,87390,13c17363807910c7adaccc43353363a6c7d4e799fef0cbdfe2164c9241186095,1,357
27346735890cea7a12fc607f,43270,7572d234ff9cf8f9cf9aed46b7c1d83eb2928d514c7b056c4b17d1d5d6231c89,1,358
c93d3db82264244c2f638cc6,8889,ffb7fdbcab84f3e3623e50ee012e8a57d967de1d1ca8a156dd567318bbef419d,1,359
fdb996ae4d30af41b40b9b5c,116513,925abe2fc825a954178ae712846adea1b2b59584af6d47cbc4783c9913ec07a1,1,360
4ff74744d6792fd963bb754b,42115,65af3b4d1bd05b98f389e37c2fd6ac6dab4756c9f7b35336b3a79627808aa894,1,361
b9eda18aa4a31598f0c76a85,123450,670421a3e6302910fb5df3cb0cb8753aabbd5ec6d7c8e96982730e2f87150066,1,362
4676c580abdabba281066f7a,47441,023198afa0dd877d14df8958f46aa29ef13a54da52a28884fd44b5a766d5e5e5,1,363
7ee2568db025d0a01583c8fe,26796,0291cba1c292c64719576747b81b42af33fa5fd6b1484abaf0271ac939b5a464,1,364
9f82be1f92992b2816200eda,44371,f1af058a67f40820a1fae18c32e33d6311374d17160f8551159a7b9d25d1797d,1,365
f86abc4f091d3c00ee099e8a,24192,73d175fdd9743731bd2fbec962d246bb6661226a3d73cd80a6330bcfc7c59b1e,1,366
bb583cf90487b1485fd9878d,79686,1fa3934822297416c4f88c53678832c65d99e5e74f948ebe6d5dbbc9a4c15d15,1,367
a9853392c27949d3a8251f34,48460,8900ce86951a2c20ba99167cdfdc7e1515dce704f45944269c036e9005a84a4f,1,368
ebb638ac915a0b52dcd4772e,31196,48e5f54f4a53370710b3f937e85256666cd9214df5bb37c02a1b11d962132706,1,369
3d19aa1f6ccadd8b0c52c6d4,59214,e7ec98effad903e42a8ccd4cc8c664cf94972341379e589c9dcd5bbc6bb70605,1,370
eec1aef9cf6f25b3190595b5,98853,55a44d6973428b7a9dc43e5dde11f2fd1a123c58e968ee56333b39a8cdf63079,1,371
210a0a35573d1174525ad0d5,70193,b8b012bb79b32ef75b277ef0103da70d15f670c2ba0c532ec93ff5e778178578,1,372
2b9dfe1b61e03dfec9502bcf,72697,4ad76721a5102b2330f19aa5472d3990d5e1edf3aaa47455209983a3a46c1ec8,1,373
aa7626e1a3dd47f58becfa11,80298,881bded051ecf145906e6c80b65fb67e0619ba2d9e19d4dd351c3deadb47550e,1,374
8931beeac02201a8b53cd2ef,104413,bb513ad6a27028eae4890beaae84c95e9100977c36b18e8c6f833b4c4aaf8b30,1,375
614d68af7bcc526767e2e151,60414,88eb1689e0eca6bd401755c6d033fe43a2889c97c49e31e652310ceccf162b7b,1,376
ca40ca83e49ea2f1c1d9c3af,115616,410a82ca38db3cf4d89f8e313997fb3616efdbf154810b70a6a86f5aa853adb2,1,377
71e667022e88a8d3a550c9c1,63031,6c66a4c564e2a69b50a5850020d57805dbe4454c053c3cfa515bb9d583ef26bd,1,378
6b4783c76deaa5f3067c184b,112490,92255d6a0c6cc70e4eada38ede09fb2a1f8586b39d1c55958df2726d75481818,1,379
473751ffe2ffc19a1e50fc92,53751,20de3ea0e06ed6ddbcf6171ed9705bc42b3102d884265c76b2d13d7c56de7b4b,1,380
b3de68ba6eaafaa051c2cb5d,68499,22cdc802a3d7ff4d412c38f26f17518dd7d848590413c1ef44a59074f492392f,1,381
97bc63879b1933c92dd71b1f,23433,c9b4c7a93a6ff80076aa15382f8edbd68c439f777647e9816413f1b7339eeb2c,1,382
4bc57cceba801d7cdb8b8710,26891,1735ca95250cbebb01d90a9e35cd594e3ff2a83a4e8e468efc44701ac829c36b,1,383
3e53ccc9c9d6207a3a4ac497,74665,786bacbbfcd01784729040a5d5ec91c0b83cd6512593273bdb9ebfe56a07477b,1,384
4c8c2af12cd993604eeed789,118835,9214063be2bfffb3d7b2c3c68817256cdd71de8837016d1e8ce2ed1e84d8ea8c,1,385
334ef74834aebf76fdbe1f86,49516,f98f1a87b8b7621f2a4d846176c67bb5553d53a1e729be3721f816e354b46ee0,1,386
cffa8834e8309385995ef3cd,32272,012f0a568f593aa2c2232adc1a548edbe71a1afbc0eb3c48d5b2bb34dbdedb1c,1,387
fa323096073e6b0be1805957,95891,7bb3f90b16a9c60ef73e5cfdeaaee4ed70f161f6383aa442eec74785828cecd9,1,388
568858e9bf05d8a3104f85e8,1302,acc9f8a561d6dc142aafc00dc13dc58da64c9724d1e500edd9d81b2050c0de26,1,389
05b779bcccbb2dd31209aa22,13713,8f1c6e3f1bbf0de36cfdde161b2d200dd5cf8741cc25dad289d56c97f0cac8ba,1,390
c1421c3fb2534366a9ae80e2,70847,2bcce90fe43d6079403fd092805f34f0a98df421a29cd8ce291b20e06fe44719,1,391
cb07b0606e615975b270670e,55228,37b0ff848856b544057c01aea36557af029f9834db27a4b4e8d63b3b83654bf1,1,392
59200845998d90a5e30eb9fb,40048,a0b95bee71e81e3bde6b722d8a6ee2d00818118d919f870e8ef67b159371a2a2,1,393
b99d194b65aa9d4c9c8e0768,38706,9015122069055ae1b44dfaf8b139c070754a6da6e7ff2eab1507ebcddf6c6f11,1,394
558285c06087ed799ff00f04,103994,3aa804c8716353534f511340aa71fd188dd4caae1c5e7f4f2dc830482d94a60d,1,395
aca05f50b8913d25c6de7a74,32355,a0b758b76f4a2b504fb410cc8fee2f7a9fa2eeac8dfdcd60c74d103a0ef3b335,1,396
fceb6a8d1bc1172cd808d8d9,95660,8c148253efabe5be95de8b367ed9630b5a27eedf0c7b461c013b42f976585d25,1,397
4d7267aa513557edd3421c47,13828,c558b554186a0189d68dbab0108dc9702a2ffade9a555f26614a0f526b0d1e86,1,398
dec6e706569e4bb2ced6cfec,47127,3da83a6b101000758a786f81f6052e37c0b331818bc2e35c4486ae565339cded,1,399
888a7e1350b09274b3ad7bad,76972,4b38875340519c49d8ff87eaec2505efdaa38b0d74ae6bc274aa479abf89c662,1,400
c34e198709ee664b0f1225d5,85197,1c4aaaa14f163133e9bd18b0da245c23c6afb2437b594fb451ac96e977d008e6,1,401
d9ca7375fef9b57f7a19baa6,52661,5753f23ee4feb607a0a2ac28d3da75206cbc5428ab6ac253042a82a7cd0fdc48,1,402
4853d2d99798eea244d91b8e,121048,fc4945dd6832cafd4c8e99749e7c4e87e7d0c051a94e45863b89fe6d61aadb52,1,403
02cc7459deb29aa041615328,119280,4c80c65db8420a713899d39d78ed34ab8289969c62e4a4daaf37401ddd5bd671,1,404
d9fd4535899ae771d2d3ef43,92651,e13b0cfbe923b7be051b9b10e099f0ba2c88a624f49b16594601a37a8710b969,1,405
4b13582998748ea0f5cc4254,4696,0770412929be61c469876721456d61a2379ce835eda751669e4408d93a6afc0a,1,406
4e2ea8317bc7d4e92665ac17,90979,6e5adef19b97e29ca460de01a287107adebb1cbd9b329de3ff29f3efb19d4895,1,407
98dfc7cc90d91371d89c94fa,89685,224449ac8caf9eb8f11509f2ce61afcef7cb18e379c671d7093248eecc9ecbba,1,408
f3fb02aafe4041e9ffa246d8,21146,095f2dbc386d0f024f7d6bf5bffd1fdafc6b1ee96d7cff596bcd69d5e60438f5,1,409
b23e88ae5ade36bef2844bbc,25179,81aa5eff102c9c77d55627c55e097df1df8f3a96b800972aef1d8419ae41a6ae,1,410
cce3b17840d4d4b8dfd89142,83630,d97eea3c14b06dcf59097a0a31aa7d5e4e68c3edcece5a4c167ad3774a7294bb,1,411
1936e75cc2da5aee53c59f7c,3466,c47d0190b79e2f90df7034c10d365bda1bb8973cad629ec7bee71964acbe2fe1,1,412
647dc28f816c1926bfa6906d,46956,3fc09baf514fbb4a4821552b83cf5f8d4dde109f17657539995ad465e773625e,1,413
3671b90fea5be591c00733bc,20134,6cb506fb6d48627b538a611f156a386953adfc54d001afac7f4c1e25d4407830,1,414
fe5bff73f43437d5f9e49f5e,96533,48af04828bd4b8ddb1f283a1ac513ad83096f71870f15af3c49cf8ce5081a228,1,415
97b35aac0548832dfdd820bd,16092,118d63cc9dc03a9ddce286393ff5e259f6060a17af87df6428ed5f578ad6ca76,1,416
b2a48df0eadbdcab5d37e1eb,18329,3ada2069c7bc55ba1ffb00b77b902e56e48d1a8c80bc5ba8c447acc12239eac7,1,417
205eca476c311901b3a87afc,109419,73a24b5cefbced6ebe55e338c13d9e70358e86144aae00f16384dcfaa90e40ef,1,418
23e921596aa952d126a92ab3,26395,e111dc9b7573ec05426480a09c032fb65870828639b4eac7755d680ec51e875b,1,419
d9dd6bfe40c2abfa785027dc,20770,dd0df5ef89870775e8fca0b2fc09ebc786b8386cad68fa43f72bf3dd9b29e80b,1,420
ba7a0f74a96ca7ff226f36cf,41297,34ad2823821667bf1a2cff79f59fe289b3d43cd6ed26e8c00c9f1422fcc0d402,1,421
da53c267a974166f69daee7b,93332,2ea456d2a33fa7b095c7198d88ea1a0a73c7b43a8cb465bc21b0c1fac25367c9,1,422
0a37d27a01600fcb5300f18e,53743,929c3dd4c24975b414bd42130caadcaed50528c992931b4d9927f9949fb3e9dd,1,423
a83c453e520816c81c5ed34c,50363,c5629f7adcc0d690765d3058b065d1bcd498ae9bbfd6ae4de3bc8fc94a148eee,1,424
260c0574b28818ce44b4cc49,84263,3714f1a7a076385af87b470ce92fdd64cb3d4a7c047322407398a00c7c364b89,1,425
399d2c5956a3d69ff16ae22d,52833,decaa14d2c46f0d1565ab6d966ae1d897c3aaf45093690d6673efddc0f6e5187,1,426
4d01f0b6abd0b2ebc3ade63f,7423,3bff688387bf5fbc1a49aab7ecf5c4bedcc9a8f8e411f53615374bd7b77dfeeb,1,427
9aa1cd84b42528a7fe3cc701,26220,6c9931ae3937468a79f70d36b9844b6c5563795030deb0e01e528837a5b9197b,1,428
729d73f0cc3743bf04dac6b4,67410,0f1f5a28d33ec4687f22830897c691a7b7ed81a556b98106ec4d5cd24aa315c2,1,429
66752d1d15985074cc16995e,113551,6136599777328fa0a01d596cf2221a58378036cd4a6bfdf9c4b18cd122e8b8aa,1,430
ec35e86dea59032f8bde6146,30420,867b60d38843b4d4e2382abe2c9df4af0495c85950c7f4c6cc76f1a5ce62cca2,1,431
f19fa64f1f9220461319d902,12925,a9a84d7a6912e4ceb7d5d08518c53c2dd659fa9ba92853fbe7a4a4ce8b27ceb6,1,432
60a94e80f6b68ccb35de3b2a,5566,1c3e29d32fdcfa9af84d09ec33458e39d7592ec3545c648fed198b941f235642,1,433
262268d851817e955239757f,96751,33cdcde61708f666c1de09903698ba1ef8cfb49c73c6d87cb0fe66fe26e8cb84,1,434
52447ef257803823d8caf1e4,110105,0d23084ea99adbf8b113a91948170753b42aedc110854848b5c32d0a4adcb029,1,435
ea95c3e44d0f2e7d805ccb06,109258,42173a88569db5ee17d4a894d2e2fa1f90ce8e8cd905a91bc2ea0fa91c2eea39,1,436
940ac6be03f6ab3d07223faf,98859,9d01b3ab09d97aa46d6cce6f3af07be2f43868508fb956646278ccb8cb0dde86,1,437
116003f676537f1c4f4a5de3,22255,26790e30b6fc016b91a08dfb4dcc1048dc5a8615bc0a9121d28b320f823e45f7,1,438
a505059065ec5fa7909d6f5e,112845,39bcfaed36a2e6ce833b98a917b9d1457a637b27dca3b5ef35dd75ca8e8327b3,1,439
3a83ea8c1fed49dbc44196c1,15314,e70ec1fc5466a8fe0c58c3e689de8d4616f92b59bf8f82d89ef4b644e6ac72a6,1,440
42312fedf19481be5711cc3a,62165,a996116c886edfd64126e3b3aafee234b7cad12d68f08ab4d169f4c878ce905e,1,441
052d56e230c95ce70c93b8c9,73028,92c3429ea8efbccd6a4989585853aec59cb209e4c7748372d0199eab3d4bf1a9,1,442
8f1923e1ccb8e48a5bcfda9d,119184,c5b50fbee27bb9863f806745230a815cc46e27375a4b50923f910359e7392736,1,443
0d50785af8977d451a9a659d,47206,5686e55d5233fd517a77c0f2d6e82511f2be056a1fc909e72bfc287bbadbfbdf,1,444
59018171dd083f2a47fd4c80,94781,7b1ab8f95856d42ee165ce8a658cd5ece86b028fc4afbcf1709305331d435cf8,1,445
ebf0fad1f5c6ce009617870f,33720,5f6f4fac91755eb631f46b75c5af388443969985592f2b6dd370fa532dbb2090,1,446
f0843f59cafb1dfd73f99921,29949,f21ae09c725fef59426b3c26d49b877bfedf5fc74dd6571165d6fae97f76c98c,1,447
5c65b18b997c949d5465ca82,38428,7589b09525b345db7604330c09cbfa27e28c110f0cf366cd6fc358a3f8feb2ee,1,448
1b119f8b54b82e583c616375,46812,5609daa30e30c2de2648ea5088aafb4c100bdf810c94bdecb7de8128b18a665c,1,449
3906129b91c6e5386aff4fce,71802,94e0e3d9153ce8ba74fe019b239ac29606a38a3403b8302cb22ac9ddc7b11888,1,450
cf7ad84c95ac58d7313bea77,47293,f59f74e27d1b2cbed627b72a5e1d84c0aecb69b485da5602fc7ccf7704aaaa80,1,451
1870f9e978717025de294a20,88259,4fddbc89f8e436c845dcaebcee7461b76963d57ffa8850093429611a62f0c279,1,452
0950e927687d3bb5bf4637b6,34905,bed780f3a1165fd9402ee1186e96a9e4baa0af44f6962a31031ef9250913ab1f,1,453
0b9050894aab84de205be312,80699,de9d53f20b85f96a7bcc50dc8405da879376835f263db684447c9c37d5982fbd,1,454
0f7c40787736d8e913c75302,7431,84e168be994c142967a7fa9ef8581d0153ec17f87038c2fec0b849ffcfddb331,1,455
fec27b5d726ef8510b319f45,119831,54ff1505198b5ef78050e038560da6e3e436d96f8e40d506b416787f19a5a06e,1,456
6eb05cbd08f2dc8b28f3aa85,32689,f866bb5810f8e9cf77605633b0458efbec574c70cbe3c9cc78b6bfd884c99acc,1,457
79fb77bc1325cfc95909c4aa,47776,56f22a28d76cacecd2a1216b33c3405944e498e204abf34efd11286fc6e3c3ec,1,458
1b1ca38dcd665d7d35098279,66348,d38eb005c866de183eafffc8d31dd25c3298724c4ce617a73e71f7cab172e127,1,459
64c3de6a0b3fa9bd68687cd6,104990,641c428f46b457a9e0dc0f4955788ed22a3289147edf35ab1df64ca2d2227577,1,460
15f76256b5c5c0f7940041f4,60648,2d6b8965b8603094ece06ed2ff129b9dee6afd563c5f39db3faca0de583e0acb,1,461
032bc8f136f43e309fb28fd1,56885,fde84c2370d64ab2ace34ca3398a750473c6790a1f30f5a18f00ab688a98f8f1,1,462
4111b95200961ee84e0e3768,431,81ad5fa8c03cb974606550007f182ffc19072fea6fbe89f3ed4d29ae05fabdba,1,463
c642cbfecf3f0d36488511ac,18340,e6572944910fa54745caddae4a28aa22d0474537bbc7ad2ef54855f56576c466,1,464
8b8da00ec425d53259a6fd97,31676,9957379ca0261e8bdbdc073623d0396655512749c12bd3fefbdc2133d81bbd12,1,465
b427fd9b6b193b99f7e10ddb,52864,6b0dd98e5347bd8335e0977dc5a245845aaebcdb0c1980287ecbf4185bbd4f9e,1,466
2cea0cc13943e1c2d762a0f8,15109,f1b4c7c38dac02b5d1f4bdc2c7bfd5f5e6c747ab92c676def1daaf0ab7d7563c,1,467
75c594ba7e3c27d1b0165296,13508,ed444a2d08b0dadfef535f83fdc94f4854fc7f76a857941edebea462717afb47,1,468
70081463f4875f3d890d9796,86819,86b9fbe183fadfe905050427e19ef3a501ee490ef11a7566350b1b9b7cfe1b18,1,469
8ce2151fb59c6e18704870a3,18448,15c739c813cf96c1918014e1275ee9570acafe3589ee6114cbd77b114db40b10,1,470
1baae1c9495235a8e17dc040,44361,830a200553588230f78a26cbe6bd92bcf3bcfc6c613ce47bfbe3921119ddfcd1,1,471
573d1c7797a772a886cb3fe6,11781,033c7c07512c9b51fa6cfde25cb52842edd7b98259ad1bd577cf4a948d00d07b,1,472
1fb97959f7d488d045a57c5a,115693,41695f6b1ddb4bbb6e2d0d6c5b4ee20a86d35030b8d6686263a5dca438e40382,1,473
7b626a7b3dbf601027f157f3,17474,afcc42ac745485c32e8162db81a9271c9a5ae0e57bdce7fa09e88d84d3433ae2,1,474
37ecd6b8864a64167a779f3f,12429,37ef0cc83e4d61e0134bb01e6145676448e26dea2a582c68fa13b45882638c73,1,475
ae6f05ee12e89daec4347d49,104147,55026c55c8107a489d780f57a1a30577830bcba4f370c7faf61fc8a44030923c,1,476
c18fd52929597a883d3f814f,78048,f9c7d6ef1d3bbea9b8f3e30c9f65395d1c7b8d11cc37ad2b00a97e388bf8daf4,1,477
3b7fb8ddc81cca53c09d25a0,25682,6c279e77bd72c82474f2a4b3cb4180fa32a7a56bfb31417d3dd8b539df08b1f1,1,478
9e6f3b1027040fc517b2dc67,119739,b3bba88e30ff439351b7d0f2baca2cc33b0a0353a784b33564656bbc684c6520,1,479
43283d6fb33e2ee63fb00d48,90822,3b8662bec1d9ef742b2c1dede4a08c085042ea85d772b257492672ac19dadf91,1,480
d67ff00b95de166dca3c08f1,95987,4749bc943035b13ba6508067f363a608fce7920952237ca635b80b0747d6039f,1,481
ce607a5f730f025412857957,105228,af4a1242db96182040650e38d817ca96bc8f4c202dc14594d5f33e9c40367574,1,482
7d159d00b322c579e74d8e3a,115430,c2415bd5c5f1d9f05ff73e4f1acff90df950d3c38dbb081f8f7e96714608b630,1,483
832383f15e9455aae7f068e0,26975,27fca883f2bbf84cde486ab8dfd556f48b11cc799394629825c4603e93d8224d,1,484
3c2d3dfe5805a85bd636a7f0,69151,19a55fc8a652d1919aeae2f3c1e0f549048a81bfe421fb1f73da996f84b8da25,1,485
caa27f8c998c427e56fc29cb,57825,0820f5661ba52a00ddcaca7163e7eeced41dfd3ba8763161936031dcab339312,1,486
2d076bbce81810c5eb8cd5b6,28398,bdde069716037ff6588feb9261a3237b8afd886a5192f4bc129e9fd93ec0e429,1,487
cb0934f36b687c729fdf7de0,49513,e890455b9608e9b478661ca488589112332103b2390166337bc27c74ed3f88f9,1,488
f934124f102dea55259f0214,37047,dc9143eb6695e8c86ba6d72eaee8b575270eb56c47ea8a572aed2f56fc5ceb59,1,489
5c4fb4b36c6e8fde4e74e775,103184,76961a74b1aff5b66fa9f08b81cb430321a09c6f11c72cfca482979fca6ac388,1,490
861a8ded7ff954b07b2218f5,117766,1c1eb8ff51752f7824cf472dcdd6f4e4d77b05cdd315e39cf4da8901075ce87c,1,491
45390ca00e02d72e6b6f64ae,1914,8ff1c721425bc5a45bef214abb0b405df3610a721f8e8997eb2e860a5fde44fc,1,492
558ac20ea451085374d7f74b,116912,84295c6579a5224617fe8bb97a8603318f340d4c951e63d56fe34e315e3c2b0c,1,493
879e111c6b35bb4ce6117233,22149,1b3b034d9085bfe9a35296836ebe8c5876a97f59130a25fd661888f5d6141221,1,494
877ab1e6e4fb3b749385f27d,7184,95c21977c086e04309603244ddc223bdb3e97a8626cb84052233d36693a912d2,1,495
fe5766a5620f7cf4214e3c79,78829,16b11ab0a556ce1dca192cc123f9adf9164e0d22b07a336b07251ffbf8cd4cd6,1,496
24532f42d307ecea46653f0d,117616,a2e1311a68d66d4932fc46f9fd33270fdbacf594fc4c3063485aacf9c5e26528,1,497
23d121c8595a144bedb925e7,121116,51dde31e3ddb3a7feb1e79c98a6010786117d7ee8cf10526ecc260647be84d31,1,498
6fdb9eccc3af6878247e4b63,2094,9d9832efe6345f4f006997fd7bdac49914f115b32e5990809facf565dbde3c35,1,499
df27bdfd5a6f40e85c153dd8,33101,ac3e6a5830015891195aadb65f89b5cc85638ba120a3b865eb023dac7e141da0,1,500
8546adce46fd43d119166dab,81329,9a625d9a6659803fe14c1066580549df8c6d0f974b561ec5d81a76bffa5f4724,1,501
0fe234ae1a5c5e43c7cd2c3a,26915,6750747b6da1d931fe2bf4b3d76691575e37f9d081b3040ea7f9a194a74cff0a,1,502
d1679e19f0904f12dadc45a1,20378,5d85fda4d7225cd8bd4ece721a1bb71e7726c02767d6fcc48b0aee2048370515,1,503
b8f40fd2b569a662b9e2b205,45381,ddf1eb827d58c333ae7f056fbb6913e188cc1e74601872cc5b94f5884ed4707a,1,504
dfc1ff9e41d11792509dba64,41071,baed39d7e8bedb284cf32a41d2806bb1416775248c8c1d85a22dd7e25d74d813,1,505
93752f1c9c026dbc5cf68750,115409,82c6d89fa40e6375545f23f15eb2fd2d42cbc9ebba6634c3c287e34ff11e5f78,1,506
574b7a68cc6709a7a64de835,87811,8854ff979f908e0c60d4061f135dd6b204af1789bf94c5a7efea93c15bac56c1,1,507
7895aecab491306da6d7d0bc,38475,be1b6dd6bc6e5721627c4be10fcf5d7ec3efe14c7d65db2f928c0ae793b6fb32,1,508
c809af814209553c8a607b6d,51847,72d81ab8498595451b65149116f4bbdfbddac0e7641a4b2a2f90ffad304f752d,1,509
6588d16e8aaf087b3800a808,23630,c3b1f51d3dad3dcb0062d28d46c112f4d25bbfa577c212300930047803a79022,1,510
3ef617845a8f8cd7c9a13c63,122610,15ca39c0aea86549d7f6da0c55027e063e33d0f4e5d43d6eb1750ef34fd0b1ea,1,511
6628dea4cf005f11494707d2,115231,a54e97a1cea7133bcf58d9b52c6aa25f0ca5df3af1cd493100007d789c9b5067,1,512
519fd047d7c9c0def12d8628,117509,517909a38c01fbf1100cd31c813d55f85149410f00abce9dd53f63478031cf3f,1,513
790076bb6d61985cee4b302e,62580,7467572133a7ce76a54beb7f49fac44161fee38e8e94343ebba76b60a1ff5eef,1,514
72602d19349cd5f0d5a21c07,114617,7d9565b04b78d6236b1031da48af51b446d1bc7db1bc8f5a7533acf1f04a717a,1,515
0ccd5cd19442b3f31f8b0eab,56327,e2805b940468adaf3cf9f7d317412168216834cd1629d7363cb50fae7a58a27b,1,516
3c8f6d5758fa5a3603396d26,48715,b946a1c14f0953f2cf6c44f513f9040e9d13861222653cc0728b0678ad5c1f50,1,517
72814710a8d9915916609f25,34105,24ef5280fff97d87f31be0f5682f8ee49b169ce42178e9af35331ef2fbfa6ade,1,518
f517cda6a2a306e6b76f0345,45832,3273a203cc5570296175fc5f94d2a431dd4aec46e51c42ee76deecfbb7b758c6,1,519
8a4739149520fcdbe48db58a,120764,c7ab68d662f0ab674b54555d697d155e7df692209dbe07dc12a662c6a270c2d1,1,520
d1861b05d629ae5158fe5f9f,92328,d889b64bc0a58ddf8acbfbe1eb5b33f84b42552c340b364b4aad8e6948f6b663,1,521
98bab1228ed6ea740484e95f,37435,4fba5439d94f7749e3b08e0f2c4c539b7cb27bfe68ed23626306df8d7fc36b21,1,522
01b7c82d5b3374c915d40173,54515,bfde8f5962bfb7373fdb2378a9c9de8b5e7c86aaa0abf3dc4df362685683db14,1,523
80ec571bc7da416857c61b8e,95365,840b25b54ee690571c32eece3e252382917a0b1d4e24349c4b8897837d4460ab,1,524
b064131dad86ff8e5009ef54,12082,b23b887213c22cd534a468a309558eff2db62e6bf99eafab7c567325f7a1a25f,1,525
6df82d5805e289b4cf25b26e,108328,5abf4fff61d861a324c75e555d8eacff78fe021bea9a276fb100c296a50b0c3d,1,526
3a970f99e5483a6dca3290ba,16690,e57ba8aaca767d83be9d77450cac7561e109a62023d584f8316972ae7cb28d4e,1,527
7291fed4d79a08147b6cfe2b,102677,afcaccd47e13317523742fbad84fc6b4db50bfe3c6c0076e1db50fc40c3753d7,1,528
7363235d8b542917d12a553b,45153,5fe7d5987ee419f9a8da1f9d2204dc1258342a75543116f1db47602c735f15ba,1,529
c69eab35c127c4bc718f4596,106856,02c69f3c666b27d260abce6dd011a2a80449d3e1f685d55b504f62bb4ef856c4,1,530
2d10a19ff6ba9c5c179cc447,25866,a801b1b43ac05c76155ef26b13fb7afc2ad4b1f1fea6894db817853300f78cc9,1,531
1c5121113e6b886c0ce174f4,101639,55db55a89d8be60138068dd2dbf2f5dc745a7dcd70a38229b823604ea4a804d3,1,532
92b98ef465e7750d35154d19,19268,2d300f73b9e04b7ad3675a64f8749d2b3c2b077d722dac59c1cdc141424b3b02,1,533
5c6cac376a104b1bab64b38f,49059,5158d15dbb2335086f09a37b7b13e7784c51ef8104fba0a65c84790bc29df42d,1,534
3c4b29ce06ab0ab3691dca49,70852,722bb1505f2faeb22a8cd16b334fa12225c1115afd6bd6b67b8416389c20f815,1,535
f16565a28702f4ce77e184f2,57633,ccfac23eb0a81b48c1692976bcc65a2d0e9143a43a57a7c35321a4e7fb83202c,1,536
cd897648e646f658779b52ef,101991,07378c61bfc88cb44b40f080dbc0c1da580af5f62f18caacadd09c8d4f079d2d,1,537
efc068fb7a546b802014a70c,87746,7871c1e599e0d114c49714f4af5ae99dbcae73b0571d3d42e933626a4066a270,1,538
58f00bbdae88c1f5ee86cfae,37303,3f566d3c6a3c8769b587ce8c1c0199e054126fb77f0f49a83b21c00959ea8ec8,1,539
ed797df7aedf22c3d00a509e,69102,8683fdaece22a54bfab1f7eafcb1617d202e3ca72ec2ea6cec4ce53673ffc7f1,1,540
0e70ed018eae5c978f46f478,115534,2b8d0cf4409963657be34a72c06e287378462511fdb0020e4232c5a1cefd6a8a,1,541
608e889250fca9974abe14b7,83761,50f6c5fb1649594e2c984d0b6925d314ef0e5876df4d22fac8ad39a0616242d5,1,542
cc95eeb013e5d31ca29e4715,9276,0816bc96cf26de82759e1c630cb586bd70f06df5c453042c7d69c2f171ca82b2,1,543
b08024193911a67269e6a1ec,84928,8635107e79ff1bb20ea09275ba67f4062af66813ea6d54cc599661f2546e1202,1,544
ba992f784e0bb255a3368e1f,34671,2e51e2bb91a163de1f9126ed01d4fcd2ac27bfec3ec6e9fc5af636a863fe9904,1,545
10010538be7f3fdd998b11b5,27930,c64f40269b0caf673126f3a092c38b1db1d6f6b6e2cb8a5e579502ab0ae5c92c,1,546
57ab97e468fe2423d080535c,8190,01f989023b06ea68796cb859a4af959169d7f6c1699f5d1aff4577cb369b8766,1,547
0fc04c0037b0bc5d33de0c50,113591,36f66142cda6161b171e4b7245cb7660865cb2e58883cb4f8022135d27fec6e3,1,548
212ba59e183886c901e6dccc,117939,d8df28c734d61975f74f00d4358055f572ca067480db3b746c04dfac98ecd905,1,549
68fb98b1189fc4c74472e409,106737,090c96b72247a39c9085778d87c0cc7d2e4e07e8893528fe2de5fe30438d6194,1,550
8bde64094f97ef88e5e8dcb4,104109,dc1b190c8a1e990248e59b569469164957b191cf0840fddc6eac71b26751f317,1,551
6f18ac4993d551427d1ccd2b,16890,e4353fbbe7e2e504ba9d091ad69f8ccf072a02452f7c89fa1a7ac5bf0a9f8015,1,552
e15d4c194c88995ff18458b4,71747,08878d427eb4f3eeccbc070b8d7efce5cef372303fa020e2266c14575ae7f344,1,553
c0600632979a1f6d1cd9f8d1,23956,17f0fc7250061cc0a46c8e9cc72874d84b5ef0865a7e4a3de4efef75648de88b,1,554
8c859c1910cd4efae3f424c2,22881,893b7d88a999b18737c487eddd72d8a76cdc79b4b12052ae54f8411464d07e7e,1,555
6ba589dc2a7440ceb1a3600d,84287,3d1f61c66332a6a1cf21206616777d6c3ed57f52a49d76688604309ffccfc258,1,556
ec35389210d8fec0fe34c76e,109263,b3faeb906170bbd42def7c62b90cd6b6f059931ad20087b72fb16f3952ffce72,1,557
76a72d588c3f68eba6fa5250,96923,27f6d4ff387346b3cad15483b3330f4d16d7b7d9b273e37babcab89c06c9b8a7,1,558
0927c014bf2a3255f97d888f,62054,b8d748dcce59787d655cf9d2bccfd66e1f3d5ac81cc327a4dd621eaa79a6d62d,1,559
e8a164337fe74df36e2481d4,15163,3a212266acbb38dd384614a94315a9d47da02c175113230c2effa170dabbad6d,1,560
d352672a3682798d7df55836,89132,a96405fdb2aac26279b0f0cc7b3a24a6b3b21e1fd540474395bf6ad455e45e98,1,561
489e43175e1575e95e113026,40091,b8540a288aa4c7ccc47099090c94122f6391bf1b4fd26bbdc4ebbc25fb8c88d8,1,562
fc84c9bc5ae3943d2167f34f,24015,10d8a6f071a824b31cebf4444cd0d209687e181b11556cfd0de76ef428bb1227,1,563
8c102107223d884214aafab3,73434,d29b942eeca7f85202be26ca0382a6380c7f06c416f495412eac83af9f68a746,1,564
9f7622e5829ef268d848ef02,10007,256d429e5f27b44c7f9e2debdb815dd1e49badb65baacc9c642444def4663b50,1,565
e9476278a018c40f8a00af10,120166,c8706d993aa5ffcdc64c312bf73d66de8834c8d85436444664afacb6a3f222f5,1,566
7058dcfd1b75b634b52fb440,27598,af1ecf49dd08976c0e505f8eac1caea4a7d8e3f92ed41b1ede52064074048070,1,567
eff0a3176488398b9668e850,3342,7352a009216e942ef18294533882ca0622294820f4d7e7f0a5219ff78eae7859,1,568
8b5b0f80226e7b514dd8f067,1145,9023a2436a8e548b09b2ef09734f046331672f21031bdf322de257202558c7ed,1,569
e68ba062c6f430a49289aba4,6092,349a1f1aeefe70cd7362d6f280bff5bf9e82439d99c58904149cb43c912eba71,1,570
85de5f0396ad4407fcd5b38a,85111,4ab899b9f4c92547b605984a417f82751aff62b15c0c7d37f1640ad40393f362,1,571
e42fd0e89bc28b8aebca4f0e,79077,8cf441b220e0a23e720d6eb3da95bac271bac764dee3456d4fe84c4f7d7fbc98,1,572
315b3db26a062ebb05958f46,69363,51164c9173f87dd54b842b245176ca7a2ad75ce53eaadafa0999e1b72c55aa54,1,573
8194e1ac670b875a83d6c7a2,22533,908952114353c2ca08c97fe44586affefa13c73caee0520ea238d5d2d48e4235,1,574
9fec9a9f63bc01f9a2402580,121007,a5b7a06f039aa37683588d86bb67e834e207c17392c97ace26debe76bdce6582,1,575
6cfd0a82e299fc882752daec,7794,f604bc29b25c4b2fb5e2d370905c11f7b1baa784f8a6c3b06102a939590bd8e7,1,576
11130862171f8595e59681eb,122042,e975ee0c22440dbb0387ba01b0c0b4a19e71f324c90dbdb9e64a5b7ba11ef3a5,1,577
4cd4cfab5093778c829f3e21,17563,c44792dd823d997a658aabab0caa7e4894a474d37968f64c9b938d5b759b004a,1,578
9031291a19354d98404cd107,116811,a463626c94f0078e63507a1aafb1c88a5def5367821d6bbfcad1fd5ed873f3a1,1,579
5cf8e0fa7c23e376b3b1181a,87283,4dd93fad395bb6f2278ef33250961ca73800c3cc1e067043ffc3d6bfad76a970,1,580
4770db8e290949a359649b13,80511,5ed75ffb8fa94b502fd35401210cc614a4fd408d3590165ba2717dcc2d4a426b,1,581
3fe876f2aa0090faf381b6d3,3398,aa3ab53563b36770ecb559533b253bfae76c9efa4c9357334802ed5217d61e9e,1,582
97cd0c774e7dedd95f8327f5,108517,204827e89af52152f9218188b2b7e2c4e24c5cb9476a14258a5db1128a62be07,1,583
7d63e2e469438ab68d7d4776,87070,73552eefe8a49c88cf042b8235db24642957b4acca862629099c9324e6a8fb66,1,584
5fee467f5011e22501f928c8,79294,6dd99a15511ae3c8979bfebab485be4399efb57be988e6226495089da2659063,1,585
ee7be40c71426d90f50bb3c1,34303,ac0d197fd9bc8443f1daa4b581e677b4df649a31a4ba8d9bcf96546541f43f76,1,586
ff845f371f6f21e449000f02,97106,85a82bc6692ce06027328026f1566d95ccbc252646de2512b4001933fba1d81d,1,587
54ffd69003b7f4826b4fc351,59292,2ca8a5421767830b2bdc9ad8fa67d31658a309f5517c6099bb7a6587ade1c7d5,1,588
53cf57f78db0a31fd25500d1,118774,56799c69d0d5e9dccd3989735d6cfb93ce882f551c0531f23a6ebd748a8d3ae9,1,589
db67f7b605c019251e4ec17f,115728,10dfac6e1cf38786839edad68a69f3cda62daf2654ce84c8749e8bf9a2ea5518,1,590
efb510446834d26707c2c789,42216,a96ed5096c331088f20529bb73cf0cd2af8604b216130cbbf435076918a7dc2d,1,591
3ae7a26c7d4d9c30b06876c7,59440,478c4f36baf9ed22ce0af899102605c76e94c6a70ebdd6b8bfaeb62f77e98e8c,1,592
8614409dfa6047f0179cabfa,33710,62b30669d6e4b42ba85032ef2f72fa37df048cf4a9181e14eabac5a1a41eaee8,1,593
258dbecfc32085b727c6acd8,71565,fda4580ac04bc640dde53b67a358c9c02def199d3817c577d6d0a71d9e08c42a,1,594
da0f90202252d0ab33761a01,106306,d18b9d09781aa391a0b55e25fb9b8dd16ff0248e97a47046bc9fcbf387856629,1,595
0b49fb48fb9ad70f2d57bd63,27067,e06a63e91d31ce860d8438ab6f91f66ebd9d99587fba8e5db6ecb434e64c4ed1,1,596
2c695eb8c19ee55e9b30990a,13873,f347300a327b7c5787c49066e18950d42b95f911280f57e411eb793eee742d74,1,597
c80476093c888ee9958ac320,109585,91f7a69a27edb411c140ffb86dbd257ded4208a3b6d166fb6541140214bf0367,1,598
8ffdd391c7bf2bff75776397,112212,b4a282e3e0453f35750cece97dc29a2ca6623715c53f5b84e3b4a45fee037b52,1,599
f5d08efa657e2e345adf3a11,108987,485e92e8118e2ce4d941d5a0b993a89d6b80bd3fa3089ec0115016cf408c3f7d,1,600
b97068598aa1a195682266fb,106002,52474c4d1c72c8a5c2648ae53a1ee43a44e0b33f89fdb0740e91cb76d093639c,1,601
d81b1ed886b6becdf3b49968,100062,72fb1ed4353159a0d953426eb8de399d76a88fb54e67e61290394ababcbbe58b,1,602
fb21ca31b1d7e161736c850f,12741,fcc09065e69db48780464f7249ba3c8d662564123c2977ac57d9b714ffd8241f,1,603
fb96de4e51b020d395539861,114305,36ac312113ead73886885c6b2f42383f308745c3fe93e49944c176d51b0bb9b1,1,604
d575281c76b4b6aab69a51ba,27711,4b107f309bec1888c564b01d994481ab262b14998a2f1d57b14587ec5396a2d8,1,605
b9841f9ba33c58c92995d638,48520,d2df953cec6b94a318ba6845c772f36744ded7e492ac8461a4f955291c8ba461,1,606
8a16003f365fa93367d4bae9,11479,3f84282e07122b12b525b58afe5046fd5aacf9340165071f2be4b7fe529203c5,1,607
f2d11988f0aefa10291190fc,64589,18ff60c70395c6c009fa54e054bbcd0427cc73ad8dc345cb2e1aa4b8d380b6be,1,608
1b7fb8d785b1c29f2a5618e6,114118,0d75ca759acb6378c19171a2da2e879cdce4773e304e6800bd9493fad353711e,1,609
1db624de86f7b81571e1c6b1,75952,b9a807aab63a69c6cd46656976935beceb6161c2dfff650b643ff3497e312538,1,610
4f7f249bf2bf57c3d56216da,4362,c759695b636548d795d39477f41e18f5bbc2ce7f0285085a021878507d05961e,1,611
5b83dc5dfb9206d9be20c781,102367,d0d238fd3822baecc49d62515984c7a22ce9373baef10591c77732016ffa97f9,1,612
063dd97b816f81a68ddef70e,5929,073c04769948424046e555bd855428ced3548e755f7a0da19d85c02a8b266b48,1,613
20056be9b2803356c6b7343c,33836,7ea8404e910e4292f1d6b4cd0b4c80022243504071cfcbdd31316f612e3668a5,1,614
9d2972ce7988330e12f247bf,17556,1562b5f3f4a6b350b37d5f05737f06d91ccb47451a6ff20ac637423713b37020,1,615
b5806760735d9ece4cfdcb60,109186,fae46dc648b99aca7a52c4b9ebe18798bfea0969464bbf6243053f6db2e9f4bd,1,616
d3b4073d6f9f6a4110cafe62,112159,6ac242fa76aff909bfb98a09d86a19c11b3fe64f4504530146e98d40ff606702,1,617
f2737f13942ac859caba9944,46155,c22de14a9b33082263bcd79ad6354407812163e448ec7dd83828f5f7c6851fbf,1,618
dbb6090214e38b202d9832a9,37492,948288c8799d8aca08e7a5dbbb200088258a12e445614fa4461e1b5f3e36fee9,1,619
d4260626680ef1d23dc7a8b4,111774,a71a63de6447fea65eee975f90d2cdaae8f1b2eb38b1f79731368e5abbeaf0fd,1,620
cb5872d970aa154825e65277,64117,06e151a2b7f2c99f5c86e077077df164852bf2e56c62dd7a1cdbf302edaa96ef,1,621
02077200fb5ea35606fd0890,55622,8d58f14cc2d16488cf55f470811139a91cc54a009543307240f0d20ef8c5e578,1,622
d36f6b672e3c12d22942ec3e,70708,7d4833393ef5980c036ee0833a54660fb3c69eec67e854f2cf71a7668f79b84b,1,623
be5295af67bcb797d461b799,87626,441ff0ead5a2a38be28925ed9a38c6562135d53a4e6a5a312819c2213b353100,1,624
91ed3fc229997813ce65fbe7,58111,5ca6dd11b75ebcafd4742be20c7caecde5f9f06811ab548305a69ef3cddc41e0,1,625
ef30602361194944a7886d9a,88559,97cd2a25db68d85db903fd6d9d6415346028b075aeb3b1764c438fa9f5773e64,1,626
9506f4f3623bfb496e3022dc,70822,40ef9b3cb646408d9956265587a75792c62eeb9ad03a0d008a0820c2f49c852e,1,627
122e4e339255d4468e3a2186,73310,4e7f0230bc6589130612955e4d8e04ff506f9319ba9f1de211679b2b4c7e2184,1,628
1a859bf195da24f1206fc20e,43694,c8b780eab0df14e406679fd89302b8836f1c356486e29bb58d6ddad7db7c276b,1,629
9d12663a25aa0da0bb7b1f42,72334,1e50b2801da683b20358203cfdec60a80acbad52dcd68af5127f016569e8c4d1,1,630
25762e127fb59c58d1afc01a,87230,04963045acde6f1605521f9c09d7a6c3a99d2d988fbead48384d474f69faf789,1,631
e707df0a6835e6a487bb30a5,28209,bf8b18ec1b8232fd9c2d81080af8db33976d3b5050bfa3e6577fb9d1097d7e26,1,632
5050a271d9aedd154cfb56de,45378,400dc732b2be78fc5aeb68c049813b27a956bd66014286c35bb5e07e1bbf4379,1,633
fa19d77d866df4cfa1fce1e8,31820,0bca2d06e39afe735ae927734b462bb576b7115e36c628d5b45f5e808396f5b3,1,634
dac315cf2c22adafefbfd0d2,85396,f38968e904def1c47bf79d17438bb61509564e15e2b6253327fdef24bd536229,1,635
023260fd550157383c320dd4,98253,040a08f3bc8f315ab2175a1db9d9a459c6f664c0b20c61a5e5963cda5045fd85,1,636
990b76e49bdfb664493d184b,21822,d19348c5fc50a230a20e9b656a981a328b4e415588e51b15895e64591250728a,1,637
c6cf15c09dd0455ae6ccdeac,20169,b24080fa7ede71b14c11d71c3946395bcfe55b9f3137b3764759259a3cf5c1f9,1,638
5b0e3c629fb2520e04b974e8,31218,8b0eab6a5da97f44368645e223b0e2f7855e982c4cc5adeea05735f64b5b5b84,1,639
2e51c2c628cc32fa08e9fe72,116612,0f1b68b3234d8252363d8bed4b2f6aaa5ff27fb3c903a4c7430b5e18ef7418be,1,640
63a68a6ef63908f4e0b3b2c9,27369,2081ecb8cd552e74f025ef1d617746b10775a8e5bc382a9046611988d7c6dd47,1,641
1897166a4b94374d8ebfdbc0,105606,c5f508b31e27ea5b4ae4a99617ba2f5d18dd65bdc5d3fff3fba74cba64136500,1,642
973eec70e57475d54b4cad03,98205,a4e11724ce32ee5485d74c73c3b996f0ed30db80190c802ef35cc8a78461631b,1,643
615adb3a859cb89fc7831e0f,122581,68532c66a1cd17e25ccbcf4f01359ba0e6b6346ccf39fc8f72454c5d87e7ae3c,1,644
718d0d28ac4b27da34b11ab2,20421,d1567a43b6f4ce96abce797e59ac2618df1d1045e86b5ebdf78b1e3c24a317ef,1,645
b73dd41c509b2d6ccd875173,86892,eefc072826ceed60522a5addf55a4b638003f5d6682cdcaad5380f3d670757af,1,646
b14e98bb3979778d65f8a691,69670,5e99d20e6784ec590f3582dbbaf5a96a5faf28b0fa071094d41cfc35b64b32d1,1,647
663589faa6e957fb446cb4c3,84539,fca288c0cbd4ca301624af68b79e11bcc569924f8e14ffd6feb0cd152442f564,1,648
5d9fa01ceca91974ec9ddbcf,121761,5682bfb9328a33972ab324e14f6c08fb41450918334897f4fd9822ce0961fa04,1,649
39768af33eb2bef455412f1a,79857,f956a7c4287fba114c3d9a7552cc2b94243a93bde6a4f59de1581c4fc6c78e59,1,650
c530e2bdab9a0944e209d383,23877,5690e7b299ccf81c23d04be50148ca11ca9f5ad55c3af61cd26664734f52ca7c,1,651
d96650fee27c3d8cf929a5ff,75482,5c5c7516cf111607191846da7fd2371a957fc7c7f6b8676590587305acfec869,1,652
0d4f04163fcf4b719e4ee376,104176,3b94b908fed65815cb2a6399b5dac3a95e8947fc37d7ee1f78174e64e5e8a93a,1,653
39273dbf7db66f573019c450,68571,9922fc83ed308b536919e6ee3a0899b241188afac50055aa6b7b0b9fd22a412b,1,654
4eee2cfc540523e72ab7a99b,112766,0c79864beaae532ccbda6361ee575cdb0cea3b3beca7ca4674db1aa9cb79ba2c,1,655
331dab53fcc5d3afd59dbca2,41313,8fe4c45ceca99fefc233c53bf78124a44ed9835bd0c5232d7adac62f8efef9e8,1,656
4c36d19f30565ea837fb1198,107628,b702323ff612ab0d0d2f20e5d50c1380597ed15d2bf5cd3b272e1bbdac19d1cb,1,657
55f865bcd12ccaaeda370193,5559,94ed44f60fbf165407bc5f54e314fa969a3eca24845dbac8fa3b973f333a4012,1,658
c52a8218e89e46d581a85073,22750,89969f2bc51a41012bf70e0655d1f787b807df51a0ce30c59d36bb14867e24f8,1,659
f25aa01023fccdc439b07fe5,43645,f96546f5081da8883a137167379f745f05072a81c3bc877e3ff731b7cc0811d2,1,660
e03bd56b17ef87b98f6ed831,86978,d71a1af45d1832edd4bbe409cc1fea51eab2082ef1f84ff9892f55723380d219,1,661
85774a34d06dd8fb191b136b,60294,679587ba795f797105d8b8c23f6463cd3e918681ab6158ff3ede8130a4dc3030,1,662
200d145cb5b99e76b073a0e8,5871,bc8da3e2de516729f216381e79cde363684c503b3527a1d63896cde671a411d4,1,663
630aca00a65246ae17359087,40636,7ac690e3bbb39da2b42b86b141de1d1e014b398f8cb886fbbbb48bf477e71e74,1,664
db4d5cb3657b8f695caa3595,91730,6d0f3d0911c7ffa1490227d9fb2d20c1a1611e04d2dd199326634a52daa63eea,1,665
6588c54cfcfa1650f33ad10b,27291,78a36807d23bb50996b19f52b8c50d731ba0600ac23f443230df136170a5507c,1,666
f95d206c44c4a365d064bc7c,78571,1358211d014f9d8f8ff00620d3ff06846d73f6927829f0d17e888e83d5e5bbc9,1,667
d8ead109ac057a67b3d77279,108692,ea48280d53d4d212ec94e7262c6019c4e5c1b55e1583a035620f3d260ee846cb,1,668
d9a1c5ed2413db4e738f2a79,100964,d2da984ec1b169e7610f38a70a0fdfbe1a0833448cda7f75f8f2c96024d512c4,1,669
56588a3c660fc80a04597eee,22514,147e2ba8c34b340a4d86fefde7254366d3b95bab83e1e53b1f3a9b8ca0d738bc,1,670
57ce77c8bebb468a73f8faff,75245,94fd273dcd3e771076f41aa08314262b9917eb3cf8bafdefacac3a74f5fbf782,1,671
31e23961d809e7435be90f08,122143,4e6237c653a97e549ddc8773a7b5aa9150a83f2e62eb36477a4197b9ff909677,1,672
247e7e33ef486a7e3f47df67,80279,8f0c7392284b066232c1a811dea6dea7a9886fe8b39792037bba2fe3e9aca1b9,1,673
a92275fd2c78516aedff7782,95288,68fe81db626253709bea3deccf390f332b11093983bb2a1efbb3ddae64ec4121,1,674
6154b35864a272194ab1a01d,66471,f5472e94298d3d1f5530b173d46bf47ef5655d34aaa5c6fd7605146c4d01368e,1,675
78bcb833e2cef0f0a7c79ca3,101912,872e438ea5efef29cdf8d330b69856acbdf4794ba84c40272d71b88f16c75afd,1,676
34debf1cfb1e297dba590f0f,41964,302637e7de9804356473eeb47c604e99ca4887630a497b112f600c89fa86e88d,1,677
407be08cf07cdd6d8abf2417,64844,c4a1719aa7637d052db3ece3e7f38c7f82953dc478bd7b084d7e8a18071411aa,1,678
cc1f66f3e9526431188cce23,8988,4daf1f64689ae3da0ab64bc074561f4d28850e6ac774535355a4819a01b01570,1,679
913d83f2ff77149e022bb037,75856,e8a6be6202002e46872ab5021dd45868e2440faf771e60e059434935b1a4428b,1,680
69ecb9da9cb37fbfd85c6126,106229,d59625227fcec4fc1dd747fa1ad320066b1c640e18b1708235cc014f69f9a91c,1,681
3278e021895ec1b34b23e6e6,108753,07439ee5c0a1b0fbdb57dea4c69a25162a8abbf244470ddce8f7555cd7fa6973,1,682
8108fe1c8d90c73111230cab,90562,aeff54571c6108f937237397e935bffe7f29dbd738b0a143b147ffc3891e8ebc,1,683
105831a9ca4c47fa65c2fec2,84167,391dc6cbf9931b846c882edc33ae6e2b7cb32e4cd0daf645eba904ceca285bb8,1,684
48df42d59229fd63212d7340,93982,cef176edddd9dbfd53d42ec9aa7cfe41180a0b20de5e0812840c6efa009519d4,1,685
9a50c5ac8b2eab8095ce4892,61687,38836b9f5bf1887ac22ba86322d24ee0123e453990fe377f638fbca05c2f7c9a,1,686
69ecff3da9df3b11fccc3853,102814,e709745ade8dc77ca70178ab4ffd2ed3b1f6d1381ccf75a554e333fbd24a7193,1,687
eadeacfbec04abe9b88ca286,13698,773d29d99c9f23306bdcbad97ee33ab723f4e09dd6fda8bc5415c795807eaa57,1,688
5f8f06b080c7a7429c03e2fa,83738,afaf9e095c4ab8d8ddaddfc124f1ad4e6ff8c90c6cbf3c37d52988c23cc962a3,1,689
fba13d66b9fd57d98f84d93d,81372,a5ac600109c1dd527dbb0d02be99a532837ba4e851972020699a4789ffd403a2,1,690
4533ed8770e1142882a6bfb2,26869,3bb3916ec34ca48b8e7aa2e6a694fa091f5fb49d8ae35dc76535a0493fb37b48,1,691
1646c4ef236c963566318ccd,76804,3cb9d3edb260d4eacb8b997ea87fe8f56ce825165d1f5e85cce1ee131fd77e40,1,692
11f2b7afa16bf14e82502ca8,45452,a868bbc1a40ad1484a134edd10866db22d0ebd898d4303326f33b887073dbcd4,1,693
ee86a6ff1907949e5a4aa135,61846,2c49fde50b730bb0b172dc9f8d4af3109fc9d994a6becddf49c7856e3d7ca6c0,1,694
001df2039c3cc24831e0773a,10993,9ff362dd24a1017ffffb9b1670512166bdff359af0d73e6c9d38283d49ca1f77,1,695
1a999288dbbdd63f702220dd,42223,95e6485032d98f0d43e755de2ade8c44ae2fe82775c3f33a2cb24fc3466c6d73,1,696
10c099d6414a9b549ad00c5f,73194,8badc23fb145cf2c27a429cc6a2a8f71c41eb09bf7d6269bfcebd88561279381,1,697
3917766a21d4bfe68c52c34d,1856,f0ed14fffd9d4ae96da70ae99774cf08a8b00fc58fc0ad57a1c3a1ec084b4572,1,698
7b06c2610c100d7677f1f687,37668,88e4132cb7bd5f2cd3c7f16cc196451af6f7c5022bd2bb4f0212aee0e15217e7,1,699
