row_id,_source_row,_text_hash,label,bank_class_position
3688ab8039fa09c034087dfb,25936,68eb21c3ca20f58bd0af4e39f387bd22fabe935fe67200f2f427d01933156876,0,0
4d2c2961a4e0a5e31ab799af,5096,5129cabf9d34b2094336439c2d4bc111f07b0963dd3f1b9fe88c3c2c6ad92a0f,0,1
24db3ea2de0fa5c02fd6ec45,14670,4f2b33bdb585905746b11a409a9026e17dcd5178b2199cfcfa78c55dc4408cf1,0,2
8018ecd3872e073f31bfa0fd,11412,a088dd2ee4531c8ffddb7778f103a53695841854d1dea844c6a8bf9756d41ae5,0,3
6394338dfffb0898251e2915,25993,11fe652adb82b3e4abb1ca46d817e124d2c0f66831b6e024a75f9c9e891e8feb,0,4
dbf87ea0f17a2540528de0be,13050,ea1397e63cb7604a7eaef50bcfc476be7757483d3d47c23ecd02fccf02357628,0,5
88a2f87e4cd49b5947600ae3,5124,a178d4db044077b1d65f62b04150e3d50ebdbe40225946bcc41ae83f21767141,0,6
4348f3dedf09f7eebd071a3d,25721,16e8c3a2116a90b66f0d72a0ad47ee50953a3c26f0f2d452a680122e64fbfa92,0,7
c3d5d62c7ed4189699512076,19798,27f03a6e97aef37f5f0cd8b26187d575e73682276450a4f344110230900d6e1b,0,8
dba45347115c655c92b1a6bb,17517,b14e789cf097434ffb3ca60fa9572bb8f1295abda5e4e559c912946c01ce1a54,0,9
07bcd3f206e3da8a5857ecc0,25593,c4fe3d8a02afb80343b37df93a6054092ff47587a3adb63074e567ccd544d45a,0,10
53037b9bedadf36096a68621,9795,f7b985f84028ec779a9492042fc26699e834155554af06020b4bae8d4d9c2a06,0,11
a6733f2eab48bf9024d470b9,7340,61f285d0fffbfdd8fe1e60add1ba72996cdc111286166921e195660d647e2ba9,0,12
06c83ba3128dec01b8ad50d1,2999,e21c878461a3d3d13b2e707552a2f3f575f72a359603af00e3dbaf8314b077bd,0,13
42ebeaceb95a961fdd4869c5,21794,428eaad47b661d98500ddf27d5e9c984690f2a9f548f7ada40b413fde05d2262,0,14
2e2b448a0f1cc38998ab07b1,27012,cbc60300dd61cc75953d79f6edc6d31925f7d28bd5a5e86ed858a13e444dfe5a,0,15
7753661772c086ea5ff36175,20131,b182649173a06cad5409e6c419ee695b6e2451132f59951e1a85c77ab6877ad2,0,16
363dc13023abb7878ab6b852,19091,cb18189df02ae411e819f371a1a805cfc081250f90e5b1c16321631cda7327c6,0,17
aeb0854fe7cad58cfff9732c,24628,03822fc3ff2d9ceeef2534c568c0108a5bc7a5cd60b81197d882428c8dc9ca82,0,18
959955d27ee497c4633f91e7,19095,82bc0937f19a5c3ebb0adb54db741afd0c00acda1962dea341f1f14ece73af9a,0,19
38845f4500e52929f7c64538,4198,a1ae09dea006f149a15f2fbc1a1fcec29e9eb9b4f80dce197fb794a73150134a,0,20
cf04c0380b3418d279d0e848,18698,9fd37b5da33d8467d48e64f22cc2eb25023a1d6e99dd53e131b38ce88d54e65e,0,21
d01001c1f315ccaf8279a628,17324,b8698d23ce87d55ad91dadd06d979be38235909283ed37bd79349968f403ca2e,0,22
a3a11ae70eb8e250bc7a175c,13237,91c9dbadd90ca40916d0808f2efa4a3b5933f1f90c5e3f086ab387f5fccf3bc0,0,23
d0ca737a8b326f53e1074765,6709,02e1d7badae620210124db45014b412bed72ecbb4cfedd871135cbc9568f4bc7,0,24
dbb5a565d48d339fd7edc3be,11209,7553b861fdef040d9692c2a2494335b01c6d73e7342880eacf9ad2fd2a8c08e0,0,25
7af82469f812675c899be206,2761,b0564e2b351f412291cedea6183a2ce67132509d5de685522125db85a51145c4,0,26
6d700609316252a09224fc4c,26731,eac463e3428413cde95407c8a8549ba385541d54b95001de0f114cf95590a859,0,27
1c729268783276799d0f96bb,23782,501fa32b10825842a6d89d56259d4ad5a9e0490dc381a7d1183e220846d83fea,0,28
3ca6861fa15c47b9fd73bd94,23029,9723c07002258856ad8686250bd05a585f1311238fdb4f4d1db351086fdb36a7,0,29
de222f4b3543acc2c2affc4c,5792,c8e95770dbd2c5c387f0c82dca4673c2e40edcee1b611992f281f53b6215b7dc,0,30
10c2405dc8d8873714b8c9fa,1114,be835ebbefeba64b65e74403d0cb03d724d379e053ea381cfd88482150d255c7,0,31
50ec633d7b3d4acf4f85d8a5,27125,24046ff6d5a5cb550cf7d641564669a328e843b3f443f5da26c9203d074cdb54,0,32
13b6a6d52108abcb088d5f05,4612,79c0f2d8437778fd2f4c29ccbda184fb20c3e797cec768fdccd35fcd12064bb1,0,33
c20ffc8f2cbb2a25c7122eaf,607,f6c85ed509a340a6ed803efbb38d10cfd673f9bb5afdec942ac94f81771f15b4,0,34
0901542defc3e0d1ed71a5f2,11377,392f51a132d4e6d32caac6802c5849f2299e9c4acb9c5358d16f1c4e3030a318,0,35
0dbd4dd6723f3ab6914ca520,20374,59501604750b4937c8d88f7cc4197d544c2ce2f02ee3e5e94b8f1c085d9cc803,0,36
e0cac67211eaf4bd3459f2cc,21643,ad2a25ba303aa550904ae5355d0157481d003e00506fd91d99878e4429b30ed1,0,37
51e0fc2489caa5485c43a172,3880,849ede98b223afb05c751097c6a5ed0df6b482e296ded30c43aad3d224c30bd1,0,38
e0e4204d424de191fa9a1e5b,4543,82fe8dd695e367c652f8300034dcf4e454b3ec5ac3bc68f78c7085a157a187ea,0,39
13e37f49408c8e9ac2cc53fd,24316,7c9a2202226c6c67c6e3ec0c825c9818339e86da299cb60ff031ff8a621d077d,0,40
ded3da4e8d69aaab63709548,8168,a6d9cddebba7a60d3682eeac74084d9c8cbc1dcd36a73946740e9f6be382a8b1,0,41
86140f34a2b23da28aa51226,4613,c6bddfa9c8d56329ffed5858672693598ec0f6b98fa8d90bce6883112e10dac3,0,42
c20a80c55469d827e91c25ac,3593,f6fd67a84ef9195e2d64401301c73ed86d3474c81391a3bbc3b308ede3da7737,0,43
c840b50a412a33018634da86,14870,52a85d8ef02fcd2b705b9463128185fe8336adfc65a65e53c872dd21ee3065a5,0,44
33568ee2cb14243f1d9711f7,10636,cff2940a9dbdcbdd70755e105bfb54e2dc71a81a07bc1439023a35167ab2301d,0,45
a6f2d04526951042ff3f1996,22378,40f1dba5676bf14f7052331d925f2210951ca3d8a2a23d59d23597bd7502f331,0,46
dd3a6156055fb8d91efc5bda,26475,70012e68198cc3883b8f1c8fb8c4687fd51fa27daa271e116448788a0b108111,0,47
3fa6870130b26f96a0523db3,1279,a41e8cdab6b13b4e2c8bbd980ea02165d274b44e5cd8fc6bc682356748cb58f7,0,48
253749f53303b8ef3bf60a91,20204,21bf263413aa40d05f5fb0419ca81b6f72828c13e68d8e8975d67586ed71d30e,0,49
e3944fa01fc12101096506bd,16851,cf88dd97ff7d17b8e1301dfc269664cf7e9365df1eb87ec962923546903a79e8,0,50
c497a145e0b053f8ecfb6485,21677,5748ee54f5f09cfddca99547b731280d8a16f7f97288a3dde760e10bd6c78144,0,51
3b3d7b1748287b58f2dc0387,10923,b68d907b836e299730f118f84fab4a09ac7593a1950607b28a1108194dbe4544,0,52
763cbb13464f6aa6900fc7ce,5009,08f0fa05056242782b4dc1075a7dd33aa5f2fb9a8c83538814c55c685cb22d37,0,53
568b388c1870f94cea97159e,14498,00570233b667147ab6552bbd6cf5870ce7bdd8e84f683a01b3b3fc3b7d475da9,0,54
9f262216d2a3d242d800fe23,26097,77347b3edd72d88017120ace585e084df6026c1255a26be62a683077188ebb96,0,55
923b6bc4da768cc0aa3cf039,2563,590bb26f27da869d13fe6ad0d352721ef3cf7bdaa9ef4ee086794b4ca2d26482,0,56
7a877e68a470b5c4c23d40f8,22793,5d2bc3acc77260717d6b2a64740ad74d3e94d9bc69ace22928cd422f4c44cd51,0,57
1e94a8f12911d4d349c599ef,25501,a06165819309974e5277cf184521bb4b1aaf10eea7e5b52459a26d6005146e19,0,58
a0d25b5607649c971c7cf634,17729,dc731295dcb5d3edce54188b0e5578987645f376ea2175a1492e88ab2e8c4b6f,0,59
e5bd196a0a277a542b98f8cf,28077,b03a18211e1f2a85f43d3b47dcceb01851221505b36dee84d353f48981c67374,0,60
9a0c6de03e50baf5d6c8f498,15371,8ad5459b71ba0acad1344e015ae28974c198b65fbe934bfa74bf039c57983a2c,0,61
bd846d70db6f425f79876efe,6006,b07c1fd65f205c6317c9b39564e3f0efcb8065ef067a54cd31450b2014c512d4,0,62
627642270c377c0d6b19b791,6790,90ecc063e302217f3265f5ef0f2892f38bf962e9ec20e503859b775b187e7a79,0,63
cc8340628741ddfb5ead3788,27815,2a10e4bb4499092ca9be53df581f5cbeb3e26a4032fc2236cf4cbce1133422cd,0,64
bda0fa9841dc816cd18c124f,26871,1bb06df44c09d83860c1819e561d2beec211a194ed58d9f3990f7365afa2f523,0,65
703f337dda3c451643fae061,5326,25357f3241f1a2190784b84317a051d5c9b64019529e6a0f8bebd2f3813ecfca,0,66
41c83445108897861eb193c5,9633,c32f6371fec78c49a5f597f5c123b958783f3c9048ebec723107d3b53d412b18,0,67
6cde596d32847dcd7a38bddc,15369,a5b401976c196605bcea704a00ed206fe83afb9342b5237d2996beff2696a627,0,68
a8f5c9d123e5a347b7d1d692,24970,eb3089a55499cf093857d642a1ea9e2083a724365e3e0aed32db89230eca9d18,0,69
bff34fdfd95b12cb6f8c96f6,7274,1eb088fd57bde62a8ac01fcab8f19de6e6b2500220a6c7f9793f1a74f1dcbab2,0,70
46b170a545636ab8834f96fe,26577,24c16ac0b456c56f556c750d1ba606ef4f0d6318af00d3e703f44b2940343443,0,71
900dbf0148ed145c19ca0d1a,25551,14a4683b7b4fc5e7e6c306ad9d5aed35c6a1ac52f501ee4403df865785320a43,0,72
5c49458de1583cc46903e34d,9290,2a5b6b995c14b0722fbd79e72d750300f831be3963f08e6ada516ed299006abe,0,73
23172291e293d30d288f5ce6,22957,5d9b3e25229da275e26f428d41f6bdac7dd5d7fe0f9253ade865d2440705e928,0,74
6ec61108e489b4488ed5ddb7,11587,154d9dc3610a037fea3939728146f3481e5c4d1344386d888f99fc0c67b22aa1,0,75
9628d4b70fdaa188f776d8c9,2559,8712778845de87b9fd8bffb6297a8d6b8465ed80bc96eca7032804a644705484,0,76
4fd55f99f0b553bec8756e7a,25763,f37d3e7f049973c9c2543cc38b66dec2dd91c8140c9577db241428e5b71e5b93,0,77
bd07052f23a65aab66daeace,19007,f0bdefa4a5170cf3187a3e74e5002af4fccae6729192a27a13320301b0b5c665,0,78
06d77e5e85f4e2eda01c2af3,16275,330fc48287b1344a42a02a402016054e7eaa86804e2b54cb7d2c350238e94b36,0,79
0fa4ba803c03695544f67a89,23683,0a30c2101bef3ad604c18a4de9f3cf007e3d605b963e1be2b5891bcf1de31d80,0,80
aaea1fbc074200eba7850dd0,1568,32ef79279989373724e3a9298f2913042a9ba9edb6cbf2f972175766240fcae8,0,81
8b0a72d0a343b17f6ff44ba0,16051,bedcb200b1f011899dcfb2f039116e2a70e27b7fc4f94136257f0095fc2830b3,0,82
72ae0943b1f4a07f5bf8de3b,25453,f44bdf42cd195d21770eb37459db871936cab70fc88984c4133620bc0fda367e,0,83
2920679c1a28eb539f28a4e8,14350,b6c9ca8ed52312dae6c7b513164bb7db3f4bc98f5605343a1e5a4a59f93e7c32,0,84
00da0aa43224ee780ee709cf,27412,61d1b97522d605ba13d1a850619cf0be2bd6cd7b24e5018af38e6c1559b95a97,0,85
b1ba07ad540fdfc07e0a459c,11319,acbe695d0e26ccdaa8dfb6a5c47bab20c8fd9d2456d99af7d16587246e318b49,0,86
2190873319a0199ccf10d5e4,1425,def28567303da539c95aef436bcbf016d2e85b5b9211eb6784be6cdbd92ec9e3,0,87
0da4163ec4d28998113081e8,146,fff92500b02f5147ab69fac798f092371f60fda7a5b954ef76e4dc5c9535db23,0,88
f0db2229584d1cc519d56b81,26688,f36b1ba750a88388e714b32736c1c2a7faa9bc645ab5a09056a6c9ba17ee8018,0,89
e330c07ca083fca74beff1c1,24808,d9354938f1478d327db7ddedddb138b9b2b717a756b7c9a7c2b13efbe10d2d17,0,90
0b3db0e313ac0b48669c469a,24902,61957a21292ddd57bbe30c1c073d90dde660c3a7441eaee4b00e26367d770d78,0,91
2d4d41e1bfa13c51aa4fe91b,28021,3bc3352ceecfd2b13d66057a62410992a66266002a046b4831ef088c2ef110ea,0,92
a40669fe141ae9a2dd27d60b,5781,5a94c93bcb272fbf475d259034ad04abe6780da67b90b5d55c7c2d5fe0b41b1d,0,93
f693ad05b1c6077ebab63263,20105,37b120141e7c248c5a970b98c81b41a57a0eb712aca997747150f95a6f9e3959,0,94
44c378f0063836f92ae66a84,10411,0cefd0f3ef777cac3936db354d6683d967c0dea6b91bd4f4b78249cd6200f193,0,95
6be89d1cc80f48de453af09f,20357,e9669028e1ddeb9be452f5733498cc6071042dd64e5d86aa22aee8df2d2ba508,0,96
b7ebd09ae2e685f98b7e35b3,16099,939d2749e4fbf2e5101285a59099a76f74fbd4683874358ff27cb13d1ebe5aab,0,97
66d7ddec56d217203fbc91d4,19853,a565ef3e4fd4bfd3748410925383b321d5e275ad9c29c346089a197ce98209d9,0,98
341ce1c369b3281058d2ccb6,27471,7369aba8f99303fd205a4cccc8589fc1cce7e3bd623c1e53e4520a0a8af3a940,0,99
f1e082c945247e4b1d0a434e,8738,c70d57de340610720cfc8d202a4430abd0f8811ac0e7d9aaf2b8221de476835c,0,100
1f88a4b61835e3716924c6d5,16792,96265f6b08cc16598e269d37e6459c4c737a7f1b79358d15aafdf252d948171e,0,101
a10856b2a0cf9d9ff26cfa99,12496,fe33c0525f9cf796c9817e5d8173f2de2fe20566f7ef9d36fafaec633c518547,0,102
554bad1aef74974e38413b96,16635,e532682f7e5f3c20ce0bafb76dcff1ca0c7a5b81e931980bd52c02a4bdc5a758,0,103
30683065f87f7d0f85399ecd,6334,f2ee2b197bf71bf0b33c6e3393011ead4e8bba4d8338548c3991ca5022f06082,0,104
3d005f1630396dc35372b402,13786,f1e8dc9a5e7e16acdfe2dd6642277a8c2168477528b43c5d798cdf45b56e5bdc,0,105
c5c52a2034e8f16cc629a6a6,10002,a311d4ce17f08195f11afb050f4bfbab536ed3bd973da448837c2a31a7022e9b,0,106
4d8a1d3cc2b87f5b3f5bd3ba,11966,29e7e3c1f75be897b69bb1b080e0625d679b1fe1f220ccf0162b80ae5c5e9f37,0,107
a6110a1c96130403ce5f638c,14746,774bbac54e244bd9ab2c758a6710d67841c029547f9910137185f7a4d31922e4,0,108
805cddc5010bc9e96ce801f6,20657,bf411368c0800ce4f89d282689e4d26b62c8e936e1a240f0f6dc8cb345464436,0,109
62f126003d63d8de00e41e90,6729,0160f0a61e462aa52fde2324ed2cecdb383b6ad7438873a1d4d25c6d42e3b8ed,0,110
8d73cbcebc5867ecccc25bba,3415,b966da20aa73900340f09cb6294d706b0d3d4d4e3338f9e3d29e90995bbe29b6,0,111
99284e75948ec28d45ef3689,639,f53efe7fa1196a173af7d08223dfb855ef3071838014063298b4e9c5fc5f2d1a,0,112
c89f3667e5628472cc153c2f,14579,0634bf660c7413bd5435865515335bdb59b12e3cf17f7ffddb203ed702027aaf,0,113
f36e4c5266a9eaf394456440,14351,ed55899187b305a30f835005898d15be10c5309d1783b217e4844fb747a181b9,0,114
7bf2f7865e22d836c6e6977c,7244,412bd0ef174bce04708a06dd14bc209d2e85c2a478fc752b80c0e6dfaa5eec5a,0,115
573ca054e5eef0f6b22cf216,12370,c964711f6f51747007b7497681cec2e90e934a75228a2fe91def695b9d2a12a5,0,116
0ddd33965b7515549b4c3eb4,2350,107c1e23134c0ee92abfd891a57081860c3ce3c603ad2dd4685dfb4accabe6bb,0,117
2c0cc0f31e4c6dd54983988a,21142,374a96d635e30e519acfc4e37d00d4b885c54a54da4564df346dece23c72c376,0,118
269d3123c719aa0ba08c43ac,25892,8c4097dfa4be32e004d71df9e1364b9c563ff42d26c032d36fc956909c015150,0,119
eb895a97584c290fa6f1fe8a,9103,04a4ba8b4c5e208c903625c1c6bce92b3455341902b63f6da0747d65f0531b61,0,120
2fc0e4b2b99a0077edcf711b,18855,621b8b7571961c5c390eaf7fbe9e7a2efabdcf8409da58e261a0481d3864d5b0,0,121
591a35b959413ac7bad92684,13514,8467e9a0682653d148dfbd18f1644d5e5ed131992a24a596bd20609420dfc6e8,0,122
903b145cb18de57ed5a9653d,10950,edb72aca182074264c78453fb3d74e4423e1bc29037ef59cb79459f55b31599b,0,123
18124af43582c0a7e6d731dd,22108,f6ebbbc985913206230350b28dc9782495e05bcb4cad30f9726ddb1f8e7dbc3b,0,124
e0bdb14287135f366ca0b3ba,19536,e1fcdb8f207c529131ff98d2069c0c4041d081259c67c2c1b4ea6a1e0e7c7c06,0,125
7820890493375ebb8f6a193a,20270,fa16f2c8d4a6753d78dcce3140c20df4a7f2616d2af7872baff7c82d9dafba7c,0,126
cb8e82ae0be02b1f76f2cb5f,19750,efb41f2f564bae9559227cf18458b58d52551ccade10a95a1d059017fe399a44,0,127
720d71c82347812ec988fb24,3897,b93d040f8aa16f6f8a5420dab4691538163212fece482720aa75d6d1a7525a09,0,128
dc8706e1c54fa43851b702c0,2889,5434c96802ebd48c087f2bc114c1b6d484e4d185aba66af2949f57cdd87779b6,0,129
fbc9dc356c047367ba01780f,2743,f578a8cf6616159fb8897bda77458e64d4acc09907b73bfa623cae145e2884c2,0,130
593f8902fd06562d74caeab9,1098,9775658bc1f49ba9ef06c6117ae7ab83af7451ebed0300cd9056d74508b9cf96,0,131
93f9dbe43b633af5e5c02473,11696,806952719fae46cd2136aca4a02751274ab4d6996672ff260d790b381eced507,0,132
2941c016f73abba062846c05,5703,9f7ff69f93486b4c393b670e99fb4d7a611eac2db84cadfe5fd1193ac89aaed2,0,133
67bb5d05eeb1f3a4fe6d5e30,6831,8a1dc1d1f45f98cdacf03f93b143aa413716e8c49ce3ef83555e679350ef47cc,0,134
299b3d852e730f3ec88cbc3f,11725,b52c093f484323a9d488290d12ab55f5f3c09d75c0ff73f881b966f5cde55ae0,0,135
8ea55a1785b48ed2dc5e57f7,13350,b51c8249c466cfe742d6cc0f25719b1daeac54d50e22605e0de06dfc6fc946eb,0,136
82c77c6a3b70b9cc7969982a,13726,3568e26313b9aa1107bcfaaae0f0da251375ef7333cd7b13a0c9cfc277274b78,0,137
6349b48bd8fd2f24a2b3dad7,1594,af84670267dbd8946e45a8cbde11bab0645fdb5455423a889911a229a5431976,0,138
e73608ea5048b8a09f397c48,8648,f0bc97f3114a22998f6610f7f3d375100d7106a0ce7c4924ea3ede04a90030dd,0,139
a037a0c431dce66497422a8b,22261,f70c0f14572e31723217ef6231ffe378f41ded9a9749b2685e6b54e1330fb595,0,140
48112e767d0020313ee75a22,8406,b4d9241ea56f83eede10d17cf790797abea2413c372ebcf304f6c4bafd2aa0c0,0,141
9b3446acdc39cc8663f3d33c,5191,c5765f8ff202e1a78f582dc2f1aa496787714c06c9ebe52477eaa9d3e0f81864,0,142
a2bb4bdc476054407d2a4785,18661,87e8e49fc01d1555bc74914044c3c603f0f55840d4ff298873f43f5b4304ebd6,0,143
1ae4c4a6451c45b3fae84189,25074,36ed3219fc4f6709f361f5925b31e48205c02512d03f31197dffb1de6a2efbc7,0,144
739bed3dfad46146be61eb99,21914,9d2cecefc90d21ba0d60c829227d7f3936af9104a8f1889070c97648b49f5406,0,145
c00bad63fe2154b89ac2ebbd,10794,9fd06df52bd5797aeb39631d954d76ca9f6a1cc90a46c5a9760e78d0be55ad2c,0,146
59be0d91ed7eab93d3c9975f,1722,b9300314e692f7f9049f09e0c99c92825d0cfdfb2bf866630b3dbe4deaf77b34,0,147
3cf58c3f63232d9872aa4a70,13471,5aaf51bc475d1de6e41ea7a2cb40c873e822add585c9c0771ebfb2a26a59018d,0,148
f04a5ca4f698b0a0ff1e644c,19767,0f6c268e881e488183b0907f19d435470dfb9824aba755100ead3946d4944c8d,0,149
b108143da243318e7c44a576,12386,440bd561d4c7c3e81fde527a6ad0772d5f5c34318040e9f066fe3864a0d429b5,0,150
aff903160114224c839628b9,9328,54af7b9e90de2443a0271aec992bad15b11862363f30c2c1cf7699c38c8340d1,0,151
1d119ce355269539a3ff0339,425,d1a1978fb653f5e169a0ea85c1eb881f520777209d792e396119a924983c20d6,0,152
d2278ba11450394ff92b54ed,12727,5111a18090e5dcfe707e82f8ee71b058d49dd3aba475befa42ad83afe8860ae7,0,153
724d1a7a80c5ba2280b1b3cb,18420,000226fc8539b56c3d9415c39af6940ac32a39bb9e933951408c0fe236af7bc4,0,154
6b2ea30b01c27ad46e169af6,20629,e16e9692d1f1c3c9b2baab72a6a10e108b9b9e817c4cbc2397966a13845232cb,0,155
5255c266429928ea9bad4cf3,5450,1edc9f03e259b7dc46981365f14ab70430b14de10e11e946dd1f4a60a7ac7f0d,0,156
f3e8fc0c2bedbad9b1b55703,10826,189969894ac49dbe3124ba7210594c7293f5bad89408594ec3b2cd8756a8297b,0,157
500e8c1f7b8c07def624d756,24011,66cc2159e0822100e620c50fc0b9d5d3a2fe71e5c1487c3e421fdae4a91026d5,0,158
47075fcd5dec297bf9eb17d3,11194,8ef54cc96a219f9b62c66d5bcfb4568c4bc51de88411cb2231b5a032f31bf84b,0,159
6f208e4bf369cd8a763b4675,19774,ce974c4371fef36ac97d8715c7d35e97851b93b94650164f67940ae49dd1601a,0,160
abf26c4d8be1bdee494485b2,17230,ba2182cdb7a969873ed66a5ead5d1f5741d557c36d9b6bbf19416c75ace24d6c,0,161
cb4b41c71cd3fbb8f890bb17,5037,76e31fb442640337da04681610fc4a917d15ad7d5643e183c93bd8cec18715b3,0,162
03aa9806de5ae90692276ed4,2998,0aab8b91e226f3225f341c1b7f12f7d2c5ebb286e1eef4e5ae96b8004a8351da,0,163
4c3ac58d0858e890684bc844,3627,93173a61a64fd1a6b725fe798a908d45987ddd6b68e9104d62c928a95558b419,0,164
2841aca71411747aafb2d750,13561,0f0b3879212c9bf52cf9c3225e45e25247faf0463224b77d18f79facb7692ea1,0,165
ea92c7f3cd10fddb26071022,22095,1463190b123621552e39e48852e21db516a54afcb78de593f93376d22c8c3164,0,166
ce0e0aecd1de6db3bff8785b,14610,bf89c3cbb65ae880fd32e09b85d59ea3988f06fb000eb371bbf75b59e8e9a2cd,0,167
098219b515b6d650f02c5296,20456,94bee66fd896431544de0afaf98327990b2795987dc47de3a12c8c42506c427d,0,168
3b94159012406f479ff63082,21282,72e7cc2aefac3f129089b075c3c306f667fcbd4e6c6167dac311c50b58a8ab61,0,169
56fcd60916d6fa31debc5edc,2666,8755502c0159d7bb734915452bc2af6413df80b6d63ab0715b2f7aa4b2a920fa,0,170
cdb14ced7eef045ff6122d61,19442,cb486a843256fc33135bdebed50509dae0e7d74d288827779dc2b1d4365c8484,0,171
f45a6c87418979950dbda7f9,22450,2b5c436a61b785234b5fddff8d1f62c9199daecba917d9f55fc3e93c8eac0d57,0,172
f5552a111de75dbb53ac77af,15066,33e5e81ee87217a2e9172a885aa4b50796bf6acf8a77b2891a369d9699253fe6,0,173
68dd24dd89ce1dc3230752b0,20982,202eec3b52b907780770ca796615e2c423eeeb6138a0adb1757486c3c0ba1e8e,0,174
d828d10f7f6b889980ff5a09,10578,3e4f4dabc184ee2b3aed007b9cb1d7a658e5740132a738bd2fe077ce104a3e8d,0,175
30a8c8d4f4598cd9a70a5c8e,25342,acc4b6afe09674475a10461c2bbd58b54f842931e823564e65e0ed73199264ab,0,176
7409e3f330a90aa2676bb0bc,3911,6227f3a8d4fc4d08ba264e173b43a957630f3cfce0d9cfe337fe96726562e6ff,0,177
2743882bb43c09c4414d61d1,25985,c246d9b7d7c25afede937f48790044f818055cdce1696ca0ab30a0b758edf4f9,0,178
35faf2fab607dd44cd021f93,27365,0fea07ea5aaa7af98c491fe0f7b32b7429c74a07785c07a01f5a9f17728c5c0f,0,179
128c21d690f880c3848ad96c,13238,cdc07291822993d12a9d425ac216beede62ba9623995180676961c6ccf670bb9,0,180
8c68865a77d565200aa84302,3438,953c05232adc60e46d4f25e6b01110951b7090f7b01aa56f30363113c78daec7,0,181
7f1c9008220b03effdf20eed,972,31bac78ac3f664fe3784cd560bac93b7d18311f35e6fe166a41d9a6c0e5ea568,0,182
aba4e2e7b318a832121210df,6719,3f2bcff7797c55148e056ca69618be2a2c6a90de24745e0f9775a3cb7fcf9e4a,0,183
3c3dd39dae449f079e4411c6,8903,3f801c990e92421cb0f2639602993a4daf5148cf4c7a3f52d2e83fbac0e5b77e,0,184
ebf86713d59bf485193d4d11,15904,dfdcaee210ef8f90acef248a6733fd0c09b58170e6e637fb6db88c302518439a,0,185
cc012e0cf2481016f0b8f4c1,4950,d9ec31501d4463aa7c9ab0981d24bc0054139e39a56cd4ee6e04cf20090e26da,0,186
7591e48550da3f1858bd8630,14348,8fa501bcf159124d03f584673a319c8ab978293b4e7a40d2351471c86d6deecc,0,187
6a776d7202e03b15532d0f6d,6664,1ebc648a8206d636bd9d0d75e71dc75a4f225a23bd3113b68cd02bc8c5f02204,0,188
e8481dc4ce735b68164ff336,21418,95b3abb49b32e87cb485ddd672f3d298b33eac1c4b027e6a290838f628191248,0,189
65c75ac22a0bcb4a925fad7b,8026,d7af377a8046baa128e7d7f69e7989beb915262328b20f1d320bf4b0afb03a1c,0,190
9bfc7dbd74e9f2361f15320b,9830,826eebfdd79480044462648cb521365fad7adfffd7d705a9bf05a0020776ad37,0,191
49ea59189e9c024e1eb7b143,19368,9bb1ef7ae4bad81af7c2a09e45d9cc56e9e321647988eb1edeb7700cabdc50da,0,192
98e038e3fd3e50d5fc421f01,24131,864ec8741f2d47981ac4a748ad1b5f60e36d1160a2c8bd7cae5678c2255a3713,0,193
52463de970acfff790b8f910,5982,ba37b1901fb8362b7b3086748ee88388df477cca3ae8c4c41b994f9393de659c,0,194
84e36af20d549cd42130576b,12381,3a12eca0d894d0544e733e572f727707a37257aef275e7419b7b030574b30f61,0,195
17e6110b481aa3ccc57fd15a,2210,a47523d9c717dc18417d45a164fb18b18144eeaf9269fea0c14b6cc93624a251,0,196
a69ccd84223b0c4168bd3190,9156,08d73471e75379f3ed2722ea678446d9da2c7827834c546c6e10b4b3fc52573f,0,197
048f2bdfff3a2cea264dc644,1031,57e1c8964cc889efa85a1e51160e98b4c7386a8363eb39d64d9617f2bb053513,0,198
cdbfb384c38d8bfcb580751d,12445,eb3cf1e8b303d72e346db306f79eb30aaabcb5fe20a0103ff48e0485528a1f8b,0,199
67c51ca6a46f7742112363cc,4954,a02c842d7d54707b6ffd8748a394a9e15702ca9f1f9168a3e140afccd5ab9fb3,0,200
64d51c0ed13d1a503d62eeb5,16559,e0d5af208ddd27ad5ba26ea12ee11bfaad23014ac4ff8c5c56e81b531139b69f,0,201
d7ec23c752d3e19570e17585,14608,093ec5e80c00756bcdae474d2be64ca683b858fe354bf1d64d1a99f9e3989acd,0,202
b8d9482e8e7cfa862e7bdcb0,18711,882c6c008669d7be713c6d9561466e1ecfa90653f838db5fbbf8ef3f86a8eead,0,203
a28b85a5b8f6576071b3d82c,17644,2c5d7c2b36c142f3b4579bc9645e6a6023a44c53e077e124b612c731234e037f,0,204
4446f6f031d6af0a651f1bb2,15480,a052716d07b49bfd4e03a2bdac75f7baf9fc038c1e4b1145dc5871a0db8e4370,0,205
59523e5f9c70a7c5d2ad9c4d,15016,de6a0cbc7bac2cb5909ed374dd7ee61fb6af2b1704e83773b5b0daac80d7731d,0,206
65452885da30c8af009b91d9,26058,4444066a9e47850b16447ca74a60c403d48f4bcb53de32a6ff07738c79e60967,0,207
2cbfa90d5775271eb8b802f3,18744,dbeaed1e8cfcee41168838b662e72f07398f1ff1a02c452e15b6130f5922648c,0,208
45e6fccd303b38742f5e5124,6378,5808e3f076699e40c7734bca9907f2253b8c8c2623e7ba953bc349d920102047,0,209
463f03af20aeaa858e69d598,11173,dfda186599b78d3ede91771aaac58179f1d7a452586f04c67992340b88b09c24,0,210
107676d72dbf0dd90305864c,19241,ec42a2d659f0e807a87aa3911dd83f6bce6f30a8fa3c4496d75400bb4704a74e,0,211
63531d1d6a12c5af54107fc0,9854,9f1815a248c6d45847613567f7e697e8220efca83e084c055552c0688ba3ffe3,0,212
979d7c63e3ffd61952d61894,25548,ef8b5582de3831f2f62fd9ba529683be695c9a77fb0a388f753ec495571d39a4,0,213
537c26d624b4950a65a5eea1,20591,a2432be9adca6dc4cac26d46de2e81a50d65a1fb10b68287fb0df3c0d3f1105e,0,214
474b1a9458d21eb19ee90fe2,2690,65a29fa91555d226354f15cb574b08dd608bdcb8c23a7717fc63cd18c693d909,0,215
5166e3f7670c7878a11fe936,27938,64847aaf8df3033dc4dcb010a2d606c00e8cd44b570ebc2c336a5eb343e7eafd,0,216
9fbcce26f6659657ed1cf421,26854,df19099754aaf3a593e38aaf1e4faf0a341c5a3dded678eb86269100961bd520,0,217
f7e38533dcbf7bc2d80b7fe7,17574,9b75782d35f5cfc5d9ef8bc955ebe7957d19a6bf1513c5331a8af78b47b90f94,0,218
0f13bafbfa9a0958c74e6289,26317,6b586f9e11628ce9de4b0093de1c31ee262c5abc5b755a14c50d80ffef47bf2b,0,219
1a64b78513b1bd9ed4eb8d61,27885,f195a3b3c25adbd322869f3372ec3264237b46982eefa7a8c6ff4007692f709b,0,220
01e73981de0ecaf6540a1d10,26971,345531e56b246ede5da7ae6104f3ae6fb6f7e15e46d718c13e80389d13599900,0,221
345ba136dbf87e6e6f57f3db,27404,ae560267e1342a3560103f642ea9640a63b53dda4b0c21a1c3e47057261a2c56,0,222
cd17cca166ccd1946617736f,21318,8ce8fba5595b3e5dd57d44dccdccd34e5e4b6eb94dff0e8db3499bf8afebe11a,0,223
8acdfefccd04cb6ba6aa0a04,2852,3d3c4df087521e8e543c605cba2e5d9ca25813adbf8380d715d8f242535058c5,0,224
e81279e047ae22302c414f3c,16352,80978ca01c1c29c05a9237c56ce11e6d7480e0a59c2248dd551a261fd44c5b4d,0,225
be65fca90c8d6f4332603d8b,4076,aafc66142adcc55302afa410af936c7f5a404fcf9fc1a3e89ed5ac8a2450bf3d,0,226
c132aac74bcca590c38b5b1d,4788,87d272abda8698625934a1e83b1bfe9ac14802764c40381aae565d37f57f7644,0,227
d5a6346df4559f66225246e3,6502,ac2c7e320ee60cb20117bce744e5e5b49bc9c996a6719a8d42ac82742e4e4466,0,228
685d7e25d21320b1f2da9343,27587,1781bebd5216fad77d7e47bc5ac8230ada9e865002350b7ebbd8b884e420ea49,0,229
7c6a5bf1dcc10f405c28fe59,12540,1ee6ff138bfc75f6f0d121bbd8453a98a810b3604b2d0d7cc5531a4f6ee8decf,0,230
1d1f9aa71d0816f50f9923ad,26603,72f133f206fea55cf6505ac3e8c7f33646a883890625f91833b35da057079d41,0,231
ec5defa647d6a3960f0fa0c8,21621,7842d20c6bfcabd3f628e31b28b86be55504572faafa4033276f1f1dd03ef9ba,0,232
83d995a22244f5657ce9f785,22687,f4418f5aa95a08e85ede52fdfae7ce593bb29ba140ed3c6f9fbcdbca8b8a56b7,0,233
09cd9d29d9a67a91315ee277,13979,11d507ec878bc8f9d1375c3bc9a4ce7f0197aca61fc473eca37bd39eab70fdfe,0,234
caf5565ffc27a7a843c5e9d0,18891,5476a9057eeeaf00d2efac65cd03162e379946a8bf17e56f8fcaca2b115f4cac,0,235
8eb9a1070925422ef67c48a0,7585,0ceff782d23fc239dd9f26bc671ae27624aba208ac82c9b7eb5dd64315bda24a,0,236
8eb99160a0f66ac24a25f58c,24602,bd176a0c128e58919829a5ded0ddb92279e507bd34c40f9c69e7b86fd0ad346f,0,237
060381077603e4959be5a6e3,13761,f86399d1ae52683b57afec34c0209f22b65d9e8bf33818589d91972434c05a89,0,238
688281923a5d9d8955f02ca5,11596,74006d569777062e21569b02e414e44bb1a149dab34d53cb2865bf151f2f3ace,0,239
72796df3d9f99bb2e44506af,6878,80c77f1e228fca46fafa083ce016b56f9421568e92231f1750568c335566e7ca,0,240
e35520434bbcfe77b7587ffd,8427,e4edc0118585b64e684209b37a3376f2d05cea2f224d308c92a79b233d90694a,0,241
d1ead3a539f3545db82fe934,11968,35bb645c763c89a5a3a95831eb5a077499da76a311d19318adcefe45a4f22532,0,242
1a1ba7e5f6b2797d9b4cad15,22514,885a832681bf625d29ca43c2adc9cf7eefd4326588e0f43f4a1e6a850836a5e4,0,243
6abeb22d877c0a37c94cad7d,8476,fb57665b63b69569781b507ca2b58459b45c8626e479878be7271ae19cc7340c,0,244
13805baf68bb8bcbcadef3bf,26141,667c6c4e5f326ebd99b8bc310c1ec7c1dc07b5446d06c7fca6ff6734873ff536,0,245
68f5b27dddf934cac29fa7c6,11070,62941c376873b6b3ee3e31cbfaf437f23a78c575286a5175b1e838fcc0ebd87d,0,246
10208f5e8fa702ec2fbbb938,5721,25db4574c075d4c752cb107e4722ad1ab82c49b02c01479271fca40911989fed,0,247
4f984a2322ad6bbc5009d26b,3653,aaf69a5f7a334848ef18c20ea4b8142a19303957a9f596425926d64da2142770,0,248
eec08e547cc005dd44b08c61,17695,14ab0965876e39e3e261b92f2477e458b8811a2e1cee43f810f3c30e7562048a,0,249
7b611fc2763aa737e99c532b,16307,5e6be4a3db11a3bbf6eed6838b46e551a21eb3a70f76763585194f846ba99d43,0,250
77ee9a890fe0c28786469dfa,4694,2cc3445094b4e339ceef1fa16ae28656fcf44cb5e3bb4eb6dc7e3190ce89a633,0,251
d59939eefeb2afa721c4a927,24048,1f57d2b001ae9d8a06efd065520fc516ed74ff5f3f7a34d35ebc50278317ba8c,0,252
202f4072f8645b392ab86d88,7433,1fed81bffa8da45cff614cc2d1cbc1f5269a2638674e9eb7ae2ba7fd77bfbd6e,0,253
6264c1c293d52285cbcf7e75,4649,1023288162f242a19fa1a92bac62d6ddd9de11c14b2682a2dd6d0152af93c138,0,254
e53a0f980dcb2b2aa01ef09e,2235,b695d6821c478f3928138c4bf69de05421842827167715d0f8ea6f92d0108fe2,0,255
aa2a629fff9eddc1e8cfa1e0,10115,aba08f4f04281059ab38f9b83fd2e9b50bd3da4bc923563c70bccc23989664b0,0,256
e7a537217bff9041785e09c9,20893,f9ff6d8d1b5a432c62de608d8e20c09c89d19e446edf2b8f464487f0b5e1bba4,0,257
cf27c801776483cde076e9a3,13418,bf75ff9cc8048d82f4e7b1fe361ff99dd63d98e3a1763d460f7c0ea251cec172,0,258
4d75905914522b1d3a9a1855,6107,d8e36a7a3fbb626845a77b95580c9a96d50209867df578e4b97a3d8fb7d5034b,0,259
1014018b40351d15b8a353c9,7082,779332d390198b3dc8ecc8737fdad0187d99e0328540efc4fb4934d767ca2eba,0,260
a0a66c6d54d8b3c4c65ef471,20976,b7bd52e35f9602c1ddba8b2c307d835c21d4af22ff1ac85dc5e238ea5e8731e6,0,261
29630b873e7bfcfd38be89fd,18128,f8fc193b1152b702b03629b66dd12c45bbdea6e7e1ea49b0be622af703415a9a,0,262
613d8965b93b9542831048ea,8274,1ca683e89a256adb1cddc5e25b3458b384c9be6baf64fd74636d5e8b192a750a,0,263
feedf4e10384a555a6f92a43,11528,a33ac29f6e033e43114301b20dd990110319249c28dc7010b0dfcc920651ad1c,0,264
c413755dad43673c641042f5,4841,471be67320462c40b0b6677ad2af33008cd6dd12cb1f153d022e964c16e1ff75,0,265
a1d33a424bfb221919a10cd2,1667,255b97cbe7bee86e4ddc59a1ed2ceb2705f5b8b6846a946c08625c6c06526a67,0,266
1e236f17bb95549c6cb40863,15676,083be925ea8247d715699009e1da4609172e73ba00ab187bbc0bfb53465d4a00,0,267
ad6dd23d4494cd60c52201c3,19191,271a73558a6c32257ace21e3366c1d4d49dfb7109cde0d9f9f1503b6d0534da9,0,268
904f01d2e646cf13fbdb46ea,11437,9a9c95879efd158322dce27a13305d684fa264de52bb4d69e6cc61f11fd322f7,0,269
1f6420952271d2ce4e4c0cce,7596,5427b832e9932e93b93a181f63c82c5998f22ef9c6ae2928534136d23e16567a,0,270
9e4472344a9e0cf8e0e6bc84,21045,d7256e4be631535b26d7037abcf4518729e095a5b60db3208c3a78a9bb1efbc0,0,271
939556e10d2dce6c2fe95050,8719,65b6b645711c4093d7a5eb08c2f93a6309a7c65e49e2bd2760387ac3c229c46b,0,272
7ec04fba0312c11a8076b1d1,27516,15d0d8f03dc13164f7d682ac71cd7eb820f4158f55d9d079f57021665d8ece2d,0,273
95178b6f1f5c4fc5ba388d29,13347,0c882c84acec86fc374bdbd3f1461d7292ed896da11be7b1def5f1c761ccbe1c,0,274
1aaba18183f3be858c96c9f6,12747,8719f296688ad4f377afae237d41c166d76eb326abe57cce535e465e67507cb2,0,275
c7e54f2ac6ff332f28bfcd3c,15999,4b4a1e2020711d5c38b15a9442c8a81917c31194817b1daaec9953c55ff6a696,0,276
57ca15ced28f19fa0d9b801a,1064,4f7ae94beb2f844b0fe9e3ed44311affb25851586f06441834f00d174169ae02,0,277
0e3773287bca54961ca0ce53,25610,ac347cc231eab01a39b6e8c7fa026b0d23e2c0098e429657a7d8ff3b07a1a13e,0,278
2d5a8ecc7ccebab1b2df78f2,22050,afe83aa06784ca4a186dd857c6d012410ada1f72358d504c58ad5fd8c6b3b73d,0,279
f6d6ee16133b20f20c4164dc,19818,2253d7bfbbec9c4a547db82fc7a916dc456625384309e8d0eecdf3eba5c06b7c,0,280
de08084a116526701c852713,18854,e02ae6b7c32d06b8913be964dbf0163bb52392d76a466c063b2ea8bb8b4e7620,0,281
cd3d72136638c26bc5721b44,3977,2367302438a85f6365c64b93435ac5ad69f4ded5a81cc8b3bf9629541fbb590f,0,282
775af1380330e30db61eeb9a,3994,7af410a078f869afc9ea7d324cb243b964b31d1f34d3b2674262b1a288c093a0,0,283
ed2d28abbd2454150225d0a1,16483,926775f36301e72e33b26f6a4c20ea15a1b6553144d72d664d958be9e30f67c1,0,284
a0d20095c5da08e723c6d3a7,11550,2dcbe540c8138015dc509afe0149b33ccac723dd523300a2bf0f8b7cbea5b984,0,285
54f4452e30ccab143e279c91,8430,8924d1aa5622c86fd1cd6ae94870251674e794704921a97d5eb03bde960fbdc0,0,286
fb8e15e7862642874aa5c603,12066,18e6e8b7e5c4258812d548f1637997baebbfdff337e642c49b7efdd8422b5cff,0,287
c994ff0b3eb794d27bc6f60a,20863,2eb379cd89753128a3444ba2a6a4da362f2bd36184fd19fafd71aac691e9da36,0,288
63947ae0317379e1d60bbd21,22991,a473e8e75df62bbf0df30de068be8b52fea88e36e81efd19ba382184ec55902b,0,289
4b0d9e4ed14e6250b658567b,15269,3c4014f424a20ff3a9f6c01bb465f50f2ca5c6b3fb8c3136aedcd6e003a58409,0,290
e27fa3ba80325afd5b683960,1408,4215801aeb975a04c170f69b131ccd4c9f1d81871b9564c0d165abb09c32140f,0,291
4ce7536a32a692472de3468f,14682,7e90f52b448788c1b123c2e5d4c63b2dee73fdbdce6610f3fe82a0c2f5461252,0,292
0be4af441944e35617642f87,6862,b5578ed3b5b047a589151c90500ccef901c30f93edfa6dbd14639a72886dea00,0,293
d4e1b8d34c85d7b07210f165,23400,5783fa7518e8519d702dd4ea043f137b4ade65f904e71d8d14f0581b2c43b907,0,294
4a44b28b5ebdfe40e49bfc23,439,e3fd2e01194970811da6e637e01753c16dca0419f955c7cdc5bb0a4d7ba1a5e3,0,295
14b7a06cb1ef1dd54436e4f2,25400,989b9ccdd8816729b96350ae7a0f98af823cec9aec92b749bd3feb875d3002a8,0,296
b91c2b080e49e3ce41fbeca1,4813,1648b1d54b292a4f0e70f4a34e160fcd42c24202dd9aa0a948ffc3fb5994bf2d,0,297
eb49052d572c59cf8b0a0a92,26986,e7d2679666ecd36bff60846fbe440e8516529f1d6c5d47814c739bc803a08422,0,298
24fd6807ba6dc83fe9df9722,11015,b6c7baf2e443281e37f6c2bf43a561b47c7c20a0a94bc7b420cb6b85f4a6da4f,0,299
3e8116346d44d4a29a0b133c,24607,b4783490625a46ce208532951e4604735cf13fd1e0de55f215b4b6b59201a008,0,300
1bd767657149eaab22238131,1499,55d912177abe31fd1d42e5dab9479f38e8ebd3ab6a7d215acffa7112adf14681,0,301
061cc6617f061f29e416a97a,23243,ad0cc4854a6c093e73f5373e77261678b57786f4de228c6e47b8f4aefde8a1ec,0,302
ff1c3375a9352501d4980eb1,10441,6a008f2a70a6991ee5efbf048964ec5c1a8069cea6a1c65cf47870793778735d,0,303
e2052a0a5bfe269fb1a7d2c3,11497,6af9d83f1ae7fbbd32f5640f4b01d20f9e735d2e2b1599dac9081d3222d35ffd,0,304
69308f35917d77eb1f975a13,16232,4a87bd7093b4cc2d059db0b40d4a108407148a00f9364007c4cd466d1cce75d8,0,305
21f61ec53749b1955a22838e,23771,04eb0d3d957bee437bf7ce38118b33b049868eb16ec7501ba9c8002bb099c502,0,306
0a9b95508963e25f40b093ca,18742,f50a25c362da93e1649926643d0fa0573064cbd45b7866093d276e5375f0b398,0,307
69582109c62cc942482ae405,10181,53811d6204f4c94008c4d4e42f8a2d9719ad6300ae932026f5254203c853f3cd,0,308
4453494e6832b90830e5e6e5,25051,3f6eb56c1dc071383aaae9eb4977e252df14eeb7d28e1fa10f0e430896102edc,0,309
26266ac320b7ee18e0f72aa1,13078,058a261d8539a246aae0f9cdc38b080044bcef9bca39d867698a9a7ccfb8b575,0,310
815d3f8c043cf047c8932959,15730,4458489f87c22c6b2542b6a64883db19314c8351175f3302c1009f46f3831b0b,0,311
91abd5fb3f3d111b9da34d8e,21635,0862f7ad1fa7c7bc0014e0fb9250619a53011e4ecc72779caa63ace10ca64026,0,312
f7cda2eeb8f8d091a8a158b4,4955,f81211459077d5a7df78871e4cbf48f12aa4773fb32ce61f9333b0f7f1d9a8ef,0,313
86bedce565c7cc2313aec017,22259,d3eb56711f713acbfa78c9438e4ad1c47a2ebc09d7b546bfcc0bb1bf98571207,0,314
90a3ec25872a2cb9119680c4,23706,2513ec5595cc5becf85fb23939c2d1fedbd84abe535b122496a91ac5c28424f6,0,315
a44e22a7f5151c0af445a6e7,13307,ffbc10d32f7ee4844f8107ef514364126527ab0422eabc27242f497674492e69,0,316
8c21217db487ea70b1d4da8c,26789,d2d914c28e6e13dac63ef1291c4d77694d73735c5090740b6cb7ba0808293bb5,0,317
e4e4a18faa7f9a240720193e,18737,1a0e9aa5a806bc7324bf94926361bc0a4c40f338790c368e1fab7615aed933f4,0,318
23504b535d4b5f5b6fd22cdd,21424,69c6611518b0b6534af03811f4de409e77cee3bcda840ff1193a693116b5fdc4,0,319
4c31df327920c613bd5f7016,25800,d90d73955ebb454d0cd4fe229010092d6be2ba1e297d1e0304f3322f2edc0dba,0,320
05c0ad144121db78a3dfc27a,15372,0ca7902571c0a18ce58a1e95a72a1603be5ceda0d944752d3cb8b9e23b82dd37,0,321
d087ac504c9b3d34ee4a220f,9898,73a6c4c43aa987a78fbbc8138df35c34388512a5f165d5403e271e26b2455153,0,322
454995dbdf2ae9435328295f,10027,3a61b444fff125565fcd8fc8c0b85ebbf94448e60d0b1644bd0529b6b3cbf4cf,0,323
9c61d30f60fa53c61b98da2a,9347,992a793c5970b490d047955236020b0e303627d1303dddc3b16d6b50383dcd10,0,324
032068db8637ce42a3abf968,3158,fc10ddc895961ba1a92170d5d44821d631ead4fa6680230831d8c9482b3bbc66,0,325
29a9fe67d5d362c909780c49,10483,588fa32714d0fc410140c558c3bc99c88517013ed9fde595adee86f5bcc9651d,0,326
497459ed68e9a47fa4bd213f,26302,a50626050a835278f99035c60a096d46f50f70d56a385d88a045becf0b63e8ae,0,327
a9f7ecbc4ddfd1f168c4ca7d,10801,fd5854fea31749f26d705fe6019243df2f31e70c6df57bdb698cd208f9bbff63,0,328
bd46c647a1c5fdce04584afb,10073,a5ffb91b83843f0af7dfc20456cb26dccb95eeb8c02b9f2e0330d217bd9e9364,0,329
007d06930d778edd8e8b475c,16773,862519096a9acc380d190b72dce151c8d25445b7a3caff34f63997bc7055edfb,0,330
4ed803156040d13cfd0ab641,21430,2e8d1b39d446bd8f9ee1c8faf8692b8290fee8f9e564f6fd3296f39e5e70ae37,0,331
44eb0b5d9da8fdecadb53f91,21061,961550c59325e042863a19ce60adc7cea3d1fd1c189474271c6bd32f2269db28,0,332
9b8815694d6726b50cf12c67,6590,c75eeb1f446aab51731ac829f8cc90f35aaf0c13196cbb9f9aca1ecd814d45c0,0,333
9c094b5f3e0b4ec3c4a8d3a7,14064,90148cdf64750c86513ba9871c6de1900d63e7b5c63035672939efacade95e6e,0,334
fdc3caaa327c7abb8de0b0cb,2549,9c0e976dc7cd4e6e53981a81c01c033caac490be7c250df58656ef698b99b219,0,335
8948d4ad24f4402ee3272c31,20569,f4a1f1d2148d185fc9aba808e1bad27f7a853850bcaf4454d652059f171158eb,0,336
1ebb95f75026ec39914b05e8,16467,0fd2889c55c0e05aba456ed117c677324517f73af6887cacb06b465c3b4d75f3,0,337
c897b72a420500f0136d9b68,23572,5d7666b4a70820903b0a228d21fea74f7d8a0f1d65428b86225019616fab096c,0,338
b3b07c292b300e8c1ad2a91b,22545,f88aed7691efe8c7cfbeb3b142187649f233cedc20dd25d235f4c9600d566430,0,339
4cb3e6762536a277228dc62f,21029,94905ba388c7f2c409cf3722f2b5e33aca882aa9c81af01377286f5d8e21d14d,0,340
957d0bc1fdcd4967975e7739,12212,0a2d880ea3a3e4ecae232c79a99d72b1e96f2c5b8dc0741c2edd8733a6913385,0,341
ddab242d81b1991e849645c2,6385,ce0299119006d538bbf8b5f5edb8805f1bbcecc9e0ed56cd472e7c07adc973db,0,342
ae2a386a0188899084eea453,20052,c4a948b07d710f6bd8f6c816864fbe69396b6f532bfad05c3cbeda634f877668,0,343
2735e44a1a97ea42c8318c2b,25836,6728f10d6c31685ef7ec57049633af3c31f9481cbfb6fa52df87ef38b9a9204e,0,344
b30ad5d8e535d0bf7db2c3cf,24259,3efde07de7d6ed2ff228153af14ab3908bfb47d3787490c4c929cc65ca48d48c,0,345
d18ad101df30e3c8292970f7,4683,985f4940dded0d05009a266468299ce19f98cc001882952e8d58dce75dc07769,0,346
b113a8215808ab278b0d8559,16258,6f52c658494b5a8ad9fc38342086fb6c4b4b24391998bd81e27a775bafbfec0e,0,347
c97b90a5ac72caa942859b2c,9556,5713b620d910cb8022c83d50062c02640311615414ab3fcc34455cb0383fc434,0,348
60b4e7a3ffe4df636b63a3e7,5431,5bb6f28b03a4dccac056a74f15a326ca5c0de1b7c26aea6edb5ac4e419e2085f,0,349
5de6742de47fb74f7384f9e4,18756,f2177b97eddb460cc1deae7cea76dd88931697b1094fd79c7648789bb98608f5,0,350
d4f42960a5263f2130e7e7a2,22103,cf13ea1bbfc2b9ace7b2003c0b877d0b5505cec51ced2b0c6ec8364ba76e3ca7,0,351
45ddf5f82c5c6ba09914e7d1,16260,2467a70fa5a3b99828e2c6786efcad817a3bfa05623bc5b2b34d5a324ff750df,0,352
da119e4cf0696f827ce06ad1,2051,9d296cbdc419194fcc4cf0eda70ad5f0507eaf87b9708a0682137567ca2c6f18,0,353
a7f7cb5efb9d9320b6091a5e,5178,8f0ae4860827f2affed34e9d246d8f9d9964e02383f623f7d1bd15f9739dc745,0,354
46c99c821ac1a44d97108b38,7801,44b19952348a403362c0d96e262192709e36eddcfe0f74cf935d6f96d81ea3ab,0,355
2551e7b47776dfa6b216b1bd,23242,24a5a4865355046520860941c703020c7af3e64177bab4aef5ca43cd2672c647,0,356
733754420e24f12a92d7612f,10147,6a4f7d91038efaa80126b687ffa8ee4daf337d963fd980921e271e0c5465aa0d,0,357
63eb75e000694145973e10a7,23407,aa39f28c4713f44c65393b684439e62c1bee0556b6e197fd39a6638d04d3174e,0,358
9cb3c0c5dfeb8734ce58485c,7615,948cdf5e9ec1d0d135259b50ad83066e70bae6c462dbf61dfdc3f613e38d43d7,0,359
8d581842ed4d33a8d2f4fbe7,14274,8f86a2275ef9d68c2ac850438678d1d7288094c42ace46a0d7a65e67c1b04c34,0,360
41fb834fe604e641c66a566d,18985,40654b4b9cb09b7a9a04acbcbcc1d872965c8d4ff60bd30439cca304144258cf,0,361
9a9abe36fb92f6b7c622c9fe,14002,cbc458d08997aea2da204341f54b34f9e2bbf08f195c15c3fd312c9e3d259df9,0,362
e752a499b50b10aa68a3a95e,1686,12818dfc81b1737525113e13c1879a66a180a17297af0af7b0477a644ccfe449,0,363
65668e3ebf27e7d306ae7398,14749,0f16fb78843f824608b0aa1d547ac12d6424e3f68b6ef263f21de0bc941e3c8b,0,364
6e643371485dffe450fa95f2,2815,031e8e43f40af5e280de6639e87e6de12ffb31e402a370f22bca1d260d916fd8,0,365
3122626639a96bb8c95bffbb,204,f8fd1ea52dbcaf07c7887e1e8ea6947912e2646d6233800a23b662bf9f60f719,0,366
6550cfb026f1fb4000cdbdd0,22773,acdd0ce0e58e63ea0c227077b1467744da3b2b6286d8b1df2507fd8eebdeb2e9,0,367
cdb745a8020ccf8380187fc7,5878,6f022ed8e469d0f3173bc1ef51db640d9fb697c14b1b36ef7fd0a2eebe47889f,0,368
8e009420d82dd0630b575677,5837,1b6897e10d83f6d12df85310d0c4c3d2734c1fb40ab2219386402be53119b422,0,369
85d37a9bedb74495c282afd0,25845,b69e26d4962763aec01166bfcff919da54a1c1e61db5782e7d5a9cae3f080c04,0,370
74838830f2afb6ce8f3783bb,26360,7054b66f1d058e0872e577afb5c450eaf1ce774773c5a21273ff6c11de574e95,0,371
d8306b20daba5e0e1f81eab3,2374,001d20bb50da4c39f100f8816025e02a2369cef7afceefe67430d2324df0a868,0,372
132f18105dedd83f25084496,2558,3cc61dd932747de22f05035a8c3794d644f2583db5998ef46f744acf8f110d46,0,373
8dde38e9654f11e15a0dd15c,20445,9f1303c26c864afff5f383ee7b7f3284c8ae5d282ef4707c56e56c16c4aef2c4,0,374
877b54e482ec61af007b920e,1369,701efd57cf1f7ad19210b5a59c530691c7773d132dcdcbb1fb26389f2b4a0ab8,0,375
c2c4a3af346ee0333144f443,24126,579f299972ff673c19cd8e69a8131edb115031a51bfc2bab4690f55fa6aee6eb,0,376
736a30ce7bac733672700433,6586,a06748d09ed10b9d81288aab72085c524b48dac0e3bcacf800f8e43eb3ba02c7,0,377
e5a360d80738c3970abe5ab1,5582,00b44209a39fee909ccbe8d0f5aa795f8500a58f3336ec490f4e0ad0620f45da,0,378
12152010eed186a551a2c218,23089,c098da934a2f312929cd3583b08ee59a600eea0c077ae98bfbae3d9258733a33,0,379
358a684110a2313fe8d9014f,13865,ae47d8c5283a98dbcffb681a8f2cc6a342ba543b20f9c4ec496babb410de2806,0,380
c231c2a144df7a7d91b9edf6,7011,642d027441fdda545055aa3e268e078bbfeae610700fafccfdb757d8238e9be9,0,381
93a3eacf6919ae53ba40a499,2492,cdfc81704f22a0a1332cc2210167bd41a4982b0e42d96c9ef8c607ac52cdfe3e,0,382
a7a8d5eb4270c326623ae758,17217,f1e4a94a10effc872db691ee95f2c816f3b22f461ec82c8dbc960d344ea8d48b,0,383
03801e2617fb1d054e6a4195,7215,7075d25e6cfca9b4e4ec9ea2d7ef1db797137ad6d8194911bcbe4e9959485620,0,384
21e740673e5da05f98f14e67,4072,9b4b8cf8ada9be20df5325a08576970314add57c8861d8e4f02b32ff13f543b0,0,385
fcdf49c0d4c10ef9a1ed1c26,11326,f842d57b6bae686400cf43140c0e19d858f91493bcc935ecd4b16d7af2a1e4bd,0,386
a20ee5046df3d23ff3634ea6,10902,7415be2fdf1afc57f89589fdfbdee23f6ac2108b65f5cc45c93c77a1d772742a,0,387
3b5297fa04efcf2c7a7c77ee,21267,0a87c31c1feec99b3016df07de284c778c755bc1b649349057915cfdb5d99809,0,388
a155c830ff583c9b7c499dea,11266,b2188953cc5f92bf9b514f9b60b01542b747aa4f27e4d312fb2f66a4398d23d3,0,389
b381feab5d95c4de25ea0f6a,6425,a56876b3648c340182e0d17276ba434180f6ec4c398d37e9e1ec1bd1cb82c218,0,390
6a35fcbac5f2999dcff6d458,27956,c5ccb7f1228e137bc5d26977bd78780fa83763a272ffb1c843e99178eba06c1e,0,391
574314b9ab5869185f4e55f5,12246,b11037d2633b6efee8f1cd4e445ca1f87e089d06c2a5e44e5668cbadcd3666f5,0,392
2eb1f95e64a956cfc036df0d,13213,e574d489de6fecef3539d96edd8f0fd0021b841b188d4bf0a74d5962d0e085e5,0,393
d471e3baf3321faa50fbc03b,21721,72535ce8b538554adcbfeaad1836f0c0b9ccf2c9afc42191700fab9f4f9ad0a1,0,394
3a82a4b0013aa529464e8df3,7317,bc7dffbc6b81bf0193e5db076f2e31e3067376bd06857a2ef2cfef16572dcf7c,0,395
3db3aeeb211eae7767dcfc4d,2952,d5db04f8ffb680387df0b15a6ad6c8a2fb9cade69836dcfcd8e30d430f78ea83,0,396
5641dcb8243d86386895dfe6,7368,fd30f08d0a4e2a3f681a37aa915839994e11e962418a44231ce88f203ad22df3,0,397
a9cc17e701026f11c27aee49,15827,81ff77b05dff7732466a042b9a20a10245f4665a3e0fa78bacb2025ba1a0d52d,0,398
329406db492a67ac48b99f26,16892,ca6d83d4f034a0672246f36e2bbef0075e76f4c0d2d8e23457f2b2c88076fc56,0,399
c6b78c3171722716dcb44aaf,21286,5f78d558444162f7841f794defb115c588218438655f302ec7c02641d47ca000,0,400
e662d0b88899432f1d105e52,19703,28a53fdfd2901eb1923d7bbe2a9ac78f500989f5c86a23b235dd0a1e2b73859f,0,401
161b00c268cd734f17457a2a,15747,ead764be002f4461a306311b2e78562b419cdbeceb1fc99531d001357af54ae9,0,402
866dded01ef85b452750f0e2,26048,ed8d5fe61df377a1c00c41cde5df47ce2341d5422a2062cd8b2f0075bf061010,0,403
2955a5a60fc5cad4f0bbe4e4,7845,3973691200abde6ab6b41acb87f4e696ca000a9d061eddd26904695c25dbc89c,0,404
9d627aad47baddb724069f6d,8469,6809170312669e89c448bdc1b1bb26deedf97a1726bd4e1db6bbe362ea4bfe61,0,405
ea02d4ec3fa10225e4ffd167,18498,0dad85d26b01a547ffa464ed02704e6f3e69a25141f61b55359a29b7bbafbbe3,0,406
4092ea8c6232ef4d72a871c2,6501,b95b4bea868c912c0e7d7d340a24cd658b46ca5217ac1295fe936a098bbce4a9,0,407
75420e117ac51cf004196163,7640,8d0e09d242b07df28ef25f19a4f789afe9251f616239fb1375b14f6ba4cf2977,0,408
afe9bb75e3090fb50658c523,26293,c220989ab44f34e62a641d65bf6b038a39ffa0d0a8011ce3196f130dc9121a1e,0,409
46800baff2d68c0f2fffc4a3,6487,b0666145aabb99792678cf02d06e1c20651049a7934803db1f45b3f6509c0de1,0,410
53149ffc7109ee50d8675ccd,20522,66b831b18e85ee377e0a19a01dad7466a8d35aca8c67e1f90cc5abce92cb3658,0,411
6944aa274dc936049efa801a,333,77d326f78751b77a6e20d4aef2cb802ebe94f35f6440d7d649c90244922796b9,0,412
13a7c96ce5ba8f9aa6892ad4,7249,3cd17a6817218cf049e38a9d6ffb283a3863b8d4be47835de2aa718dc62793e9,0,413
5416bcb2f4862a095ea5868a,21052,595300eae2146628b6a1aff810be7c25edcc74afb68f64e26dd66f1b9b33a9ed,0,414
f50a06cbcaa72094ef930d0b,18979,019cd665ed978294a41cdfd47b28af3700ef13e5c03ffaecf6accb5620e03a98,0,415
cca461d7829b3db74fc34d15,19959,a78f3fdb603247267e1cc9940f89c41ec0d32459fdb4df1cb97d167b0dd13b7c,0,416
836311dd35e2beef95602300,16998,9474d3c8ef147bb91994d13f7f3d3c184a755ec99b8fda0977de5173673f7437,0,417
aa3a6b9d42e2a221d46deb93,19360,af134977eef6c11e8be36f31f631f63fb886dab7a9e55e3e98861f72d77d03f3,0,418
1163d8821ac5d119b3a963cf,15854,2c910a1a9b0851f7736a9bddafc57d0fcbd4fe563ce06109e93d56df592c21a5,0,419
8ecfc15f08d7096fd4c25ea6,26670,b1f085cad7b9b660d6bd9a6e1a020634b370e990f41753b95645ce4680748a7d,0,420
ed4538346359746197ef4fb8,6715,72685575bc3638ddd26adf01e1b2178111d6401b7694b76e06935eecbabdd443,0,421
5b326a4ac73e42bcd34f7802,13943,90690c8bcd8ffc256ad90168f8d34c5b5881d7e156c1f0c0576f50c1e71d8d93,0,422
297feb8022bc35e89046f210,11994,35e8fa8d91cb0eadb3351a871b5a486e583ef4397540bf41711549f0b329b469,0,423
e7a56ac50a4ba91484062eff,22810,68171eddc8a17b3ccaa2d517934a487febcc291651f7bd860f1590bfb694a5e2,0,424
61c9bdf0f38c556c96c3b5d0,5061,14cad6b266bca722dcca11de17eff79ffc07de7ee29ee419c014332bba776205,0,425
55dd03b281eaaeaa1e96903b,15146,5ed7d3bd99901cb056884aace7717f058793aa78b9b6c4022d4bbbc3534536c4,0,426
3608318daf513fa2d6c341ef,11102,5f8a8f1a839975ec1d54c5d87cb9109492187f1394f3a5499b617965b00802a0,0,427
2a988d858c08a621f9e5d52b,27611,56b7838bc5fbf9ad6d6705d550543b191ebe1308647c1290a18f252512a946c7,0,428
58bb558471192e34ead2661a,8517,616ce76449de42ff222913e0f1ca30b0b83c58a99dc5fd6bab014be0fb2d98c3,0,429
d077b481542f9485ab4444d9,26474,ab5ce19c06ddf6233ece5eb0da4f06bf68b1c0234b7dc0c2034e3b8732b85fec,0,430
2a0af882d5626479b12f7ccd,6716,10c305a513e81b383ec4ffd67e024110c6dec0aa99c6a4493edd7668f67679af,0,431
40555d5af54f6cd0dd2ab5c1,13332,7f3342d019ed6661834a1ec6d3915a6711fae111c4c4fffcd5f5cbfd7f29406a,0,432
482846ac3beff0d486319f54,12858,ffea8a425b4ae42e2ae6f83acb5b1082b357c7b3cb350407ba35f22ccb065729,0,433
72d9d34f267ce43620d3e4a1,27196,5ab940a302a509f95c22021c338892974483d50f18f612d910bbac6802d50278,0,434
48d7935ace5b1a55202d3e42,23156,d24969927de8064e2fbd8f3c361567beec03c346d507bf5810439f1cc15a1f06,0,435
9e903cea44814196875668d2,26304,aa329c3478206a649af42b6dce0242db06bbfac9707ac739b7f48b88fed5166e,0,436
f0c1de3269e1a813fff41dcc,24449,cebb6f52e2ced7296a94a1fce3db303412df299700006898d5f84f6531a9f1db,0,437
a00227a9d59f8f865df034b1,6746,c206f5488ed8e7b64ee569d82e00462b6530df49ba9cfd3ce3970186ec5ad569,0,438
76709c5ec25d84b61bbc7c40,13970,63ece96585695dcb50e739304095a6db05f63d400610986e67c329241c9ca2c3,0,439
c641f071b4bfa510194d6179,12408,02f13b0a8a216cf8094400eecb9ee8294c8baf1c6e35a476ce7a6e5991c38ea7,0,440
243d37a93a76899821b7f21d,25852,bfd5e3d290ebab934e5ee865d518f24421767781c38a23b0de4a8a891ecc603e,0,441
63bb93f601b5a4e0a85d2a94,27080,7b8b82a9bae098fa6f897004691c3a3b6723b126da6262d326170da674706fdf,0,442
9c26ff342e3b75aa34294d64,22529,12fff016cf068c2c4fa41ea1fbca2b2dcdd44fb01b4953269b479e9f6aafaad4,0,443
1925ec4100bcc2a9c4e8a1cf,10252,e770471c5df268572432bc9a4d8b5087c5b71063b445b498ecf06869e0244b56,0,444
7ba3a96919484ad15164e131,21866,b20a7731b32a4cbe074e9da92bf103ef7f7cbd7540049016f54641706f6b4a41,0,445
7781806c79a00efa313589a3,13427,bfce26820e5cd33323f4e67a69b292a91ae31e6fd7020b3f505a79156524b3cb,0,446
37db6685faa1fee2dc3a65e7,26964,63acc8eef02c2a5f7a17271e29c699c19f40756d14f752009f306a62dfa7e2fd,0,447
49b756267d428dce1492da2a,18404,71bf961d2ef5120dabbd4a5ea252814cd34f376113e65207ef26f14d0da275cc,0,448
eb8ef4a8ab857cffeb5e3555,7085,0670edf52ec88188c310732970888979bed14065083ae1f25c24d4518cb46d10,0,449
4543bee4a6574ae8c0e646fb,11189,1d91a4f948253ad1a1cb4d955474cb4cb2912446c186ec41714dd0ae893e55c3,0,450
31b7df5b7bf2220840b0e55e,18356,279e83ae45cde429502520817a463da5c7608fed264e330a1ef06a59523659e9,0,451
c1fd53cd2b58218b9fbb19cf,22016,d83abb0e7ebc4be11474ff031d9a1da2ec9ba2b4edd5e531de0c0c8ca045aa25,0,452
cee2ec427a91c4eeb3987163,25618,c3c9d543f3d37c585ba6427b85c675098d5aee47996e110f448778c1cdd83a89,0,453
1655a25f4d592fcee34c5a5c,1590,073ff3a5d9ce7229e3fcb5c1a03067b9c13aaca0def022f07a2f78b100539b57,0,454
a06b6495032b34decf4fc682,15362,e43c451d13151f6b21e090cb95528e35784af3d19a2539f126190dd76c2e5fa5,0,455
59c36f4bc3c8c2937d2e3dac,16449,f69128a3c972f5dfcbefcfe79eadd7ac811350153857cdda49cb302e153051ca,0,456
c68d66e0b74afa6f647a4976,14271,db14f49c28b1dbd23677cee9113dd493ec7f6c7b93444ceacc84567362ff9998,0,457
d2a95f5067bf4a173fbc487b,19166,2413f702f99f8a84f40d13ee54143a435e42cb7a9e466c04c5a89edc976e3d83,0,458
190ff51e2a42cfcaa4aa6f9c,27490,3163ac33de53ce6ef985be73c0b95c6974c3215be4d1915b1caef07eaf811d67,0,459
a33048a93678eee29aadb574,5254,1c502a5442cdcb99a747ee04e9041fe620db41c6d55b305f16bca87232e39cf2,0,460
09a5fe1c5eacb21483f06d1e,24672,f369561e1ef424fb314b835c44739eac39683597ef2b67e9f139f66a5c0c6c7d,0,461
479612a8b3669ca4f328ab69,14310,955a328d5bf8f33007658db8b973ca1f35f578677dc63066829a91c3e809a4da,0,462
92aad423de78b3c36cffd4c2,20781,bcd2c594d7c1908198cc72a5f9167643baa5ca843a025652742dbeb9e1da7bbf,0,463
f2c2dda06556f828dbed1879,1347,43cdf4b2a6064ec268b7a752fe044331fe403f661238dd4e68142158b7837854,0,464
e99310b08c6de61bbe6e14b3,22964,3c53ccf014a40b9b1a4c3cbb8c594baecff02c2613c8bf1c9dbb6493547dffcc,0,465
6d41de4d7f2b5c736b77ae86,13948,89956b6bd245105a3813572d1c94827cd86df24aef0affaf8b22e0bb8ac37d3d,0,466
30fdf74b3bc9dfdc2b92b8f9,6188,71fbe50f3c0cfdd4b63d484c47fea9c7d538a3b15539526a63122a249b68168c,0,467
b5b751487ed5ae29d976150c,4491,7e908a31d6332bcf37d89befcff06d0cb3f26154e7b3d64a01a07717e1560b2f,0,468
5b0840e3abd823be8f78461f,25928,bb0b637937f3d986253367c57631cd0de8397f13f8c2f6fd42c25674d7734a35,0,469
745f5240b3971a1ae7e17bd2,2680,b5e1a16b1f333fbcb1b6ef70d5e818da8c187803faf31fe02358bc0fb0642ab3,0,470
44115c0104602e63b1d653d2,21016,98062ee71b5992ff8c294b604ad4b34e78ed27015aa9dae9a15ee4028a2f6eb3,0,471
629e0918aa88e762b423f2f4,14960,1e7abd1b862b2c050606ed5213e1a8595d9135adf67467c27f916a5f52cdf3db,0,472
417d5dd3063c5c0610b59d5f,15223,fc90a10cb7b0576ee2299c9ca7139c58c7225ede873e4bb326b79d666c08bbf0,0,473
044c55543fafb54635b3612c,17197,8bda9e681e83104168028c1e9a1423ba790a0cc8d3aed3c483de7a881f8d35ae,0,474
d2491ff90706a8c0ad6034f8,1985,f1ee245411e8d61e6ecfa42b42b669079c8e69b967f8b0c009ae6c7e70d82ef3,0,475
ca2b302cb2c5ad07e5a3c3d3,10588,4d2b9aa8a01643c920d9db5f13189d4d8049de0545aab0448ca1dc9448223ee6,0,476
daddc3b22b2c8a1d7d2d4740,14750,ad192c4951b317862524eebb22df3214d26ee40c166ecfbf929c160901e324b1,0,477
2f0fbdb3ff0a4d9c54f470fd,14705,27a01b556e336d1bc65eb208ba03727cfb1b22adeaa0fff6c4e13596a2efdb5f,0,478
ce674f4249e24dbbe75c15cb,7081,b016cb93d689efd053110bbf7b810513d9f5a004e888c3e8eab3b91cce044866,0,479
4e4787833f392c0281eb4d04,3731,13c68823236fee2c1e749a2a641b199c6d5bb90789c778d50f55fb38d11578ed,0,480
17ddf5a172509918d0350863,6823,03bc5d9ac11000acd535853834b0a7ba5e9913681a92d61be00250a3e0db6e4e,0,481
05bcce213d6f65df65006c65,26070,fd4295807f95e4d286913a176dbe84c6a9fec0dabddfeb072c6f780645229115,0,482
3b960c0564c7946a8b669c21,1440,3906a6152ad87c57b2667a588557ba56f769215c7d42e28ca21153b3cbf05ed8,0,483
be8c165309394cb2cf9f1d72,9969,4cd400d8ce6d75c0b07af97df90c14245c5fe33b19f40496dc36efaaed84053e,0,484
8561ce1ffffa9b82aee3f90f,8071,35468ad0d9b5c993fa5e86acda5c7497f3a53e73ca29aa7d4ccc3dc2b96d2540,0,485
c4184dee7ccf6814ca778492,16611,e038d4fc5832394aca4f7de2e7c0de27f9c7f218a8a2f7edc4b46f6a819365d8,0,486
21769e13f6fa09fcd347d788,10201,435ddb8cdaf1b77b0e0057986b4e48d445cb7a856af2bc8c7fa4ebafcf438c75,0,487
3890a4f730a2de3ee7aa40eb,25940,d55c6dc59f9dc66963a6b8b8ea6ded473e7aca706ec6b2f75f01393301a7d4c7,0,488
85555ac9fe8c665cf91c532b,4472,cbd0003320e1842102f648d8ce8a22a2287cafbebe39063020eb15d99ccf0099,0,489
af072c6a78faa66764c0074b,20711,a269328903493e534fef9f89a8ff69d9c9de12c71743b5a0b8ea79446428df6d,0,490
edd5e2a427228438eedf8bec,13283,23399d477fa8ab798fdd89459cac4c7559d54d0cdfc88637a1b2a227f4e77f1a,0,491
0a51fe19c15e2ff714f65a9e,11629,f774f02fc12a2278abe81669c8d6115ee19524101d187483eeb2791201d8330c,0,492
170c2a8f766c2a7e64b4493a,9531,b78e00f4abc981b9eb6b8be636295b1a24665bb9d7c400245f063eb92b9d6037,0,493
02f068ada6c36c139a6df7fc,12889,cadf992e70b98f13fb8038a85754df2e48b9d7a64b911bd780c040a0b984c895,0,494
ba8d1926775160022c27d74a,6410,e5ada806dd77270c3be1fb323ab5665629f0c86c01d6256f0fd1bd308310c7de,0,495
006701538cb23b183b488d08,6142,fce5fc30753bf41b6f0228db140346c661b43f3c109bb2e92c93a5749457ed24,0,496
76385dc02c00e6ebfd83cb26,543,8820078da5332b70c82316bb2c8304fafc9bc55a0b42e1d794bdbeacd73dce43,0,497
fc4b5f9918d43ee8f0fdb009,11142,fe183eb96f4f288274d89f2bd21a071a899cafcfe6d69bbfbe5d6fd2fd5080cb,0,498
85e53af95e30cbe6c1952ed7,5432,79733dd9f4ea934733f1555002a7146fd5b1d1593f68a2ac94460cb10c1ee6da,0,499
484709a38ed61693f8c34383,1492,5c54eecf96bb487debb04d805ef56d96423a1f400d4027dafad01daf4d27fb5c,0,500
912614184a38196ce71a5715,18321,69c33689c0d12f92ce0595ef5867804502f4f390767412deaa70c791a3da4cdd,0,501
f74ebac63a6d29a3b24c63df,28001,fde3556826361152526fbfa9056e991158d26df2bb1a5d3e03dfbac0ffd61016,0,502
3871f34de6afc287a42ef14e,20322,8c7eb852e0f82ba80c28d6a99b9bc3f403454cdc6fa1c89f4465e3ebd3919be1,0,503
b94f9ae926ea66848d550bc7,21525,ae884801f57fa66e242543b494a7ffe0938101b87542f5f94bcde95df898d770,0,504
d022b4e4fc615426c595a3d3,20278,45f67da7335df5a7f41f14e8613651a12509d844dd1ff0b950b115cffdd071c7,0,505
a3ccf74a453fdd4309825037,12879,31a7b865122de5062e67bcefb9dd7b9e662c281f838527ad58721599142fd4c8,0,506
7eba410748b8295251eabd24,18637,ebfef7a24654970788a6c7d86693c845ff80085dc0d7556d402c1dc17cf87111,0,507
b38c52c3357b7d1bfcb15745,21006,145bc958cd7529c95a82fbf92a382878c6edfe1bf2f277b9b44e4109f20b6e4b,0,508
d8024cf04c52b1bb65d0bb5e,8910,acdaccb79fcda8d0532c344b388edd2ce68cb9ba2869f9e75f6e20610b0c9680,0,509
5851e7a7447b4c56e6094631,10336,9341523f20220c3270c88fa55ae3885f8c9a5cfdb631fd9a0ae2db1f9411b924,0,510
d4b5b8c5472acf9173864c5d,11790,2d11c44dc8ec444316f1742a017a82bab84a6cabf83b834cc99447db65ac4926,0,511
c50a51f2dc91ab82696c53ed,14996,e44a42114973ac64a6484c9726694ede64a7a3ba8f3adb42952b07b7b48a8e17,0,512
ed2503c48d0ad88f63644b13,18758,11add35267b7b80f19a594eaf00c5ae14f7899444046426e37c2069179d51aa3,0,513
a1a4527db12c5f3203f84bf0,4948,9ce45c142f77b6be17813968f8add9e15292d43395a09331cd1c1b9ab29e166f,0,514
2280b3a9db6801c1ca013b63,26590,a685080b5e2e500ab76ebd09afadbe9f7c95b98d7e8fdff3506918c9e61d06a7,0,515
fa57f03ea7bfa9398728183b,3833,95370d3fe1b6360eaa6400eb85ac13a7cc195d999dd263b585c65612cc841795,0,516
a4982d5088e9ee4061d5ee07,3401,7f70fd2adc9f5bd66c7a42f9be971f2b62adcb6a390e4dd8343e95600c99110f,0,517
7ed8f273e55d67834345ffe3,11270,d62f11ea0868a5497684aca10adeedc51fd73b432bc229e1ca3a5354d8c49b61,0,518
4eaa145c880e58e35f72d685,14441,d75566e055323265b972a23193015ba12880e152f6946996020cc587ee641143,0,519
d39c26f798a72fc73bb00a93,14258,f7751f6e82d5ab23fef989b1ce37ca65633aba1be3d31968800e8515fafa1acc,0,520
c7f5971f2191dff8f3434b2a,26900,a5cae9e78c9fe1ab53023925094eb1902644fc067ae110a81ff015436d7af534,0,521
cee268556c65e6fe07718148,11988,8531a0689599663a87a3bedc6f948cbd1c8d1ec07bc19e106cb06072cca5d050,0,522
c81619d94f14e9a7792d52c1,10780,8e27422f3c0c80189c1603ecc713f267530b9f4da791ba47ba57594494b6db9b,0,523
543ee81013e0bd982ba054b1,3091,60c4320f483911e28843ae773473a2f62cca6ea5faa8e9cae57ed08a0fd30741,0,524
b1c6604b4df419e301bbf983,4305,61ab00b3463eba03bf5e20edcdd3156e4e4c4cbf6ae9a37a27e824d59b3a7c04,0,525
b3bb20763c08d1dc533a8fdd,26219,03a21dca441ec12f8a5c174abdfbf1f54cdf42658ad4aa997e4782e5914a6bb3,0,526
802d5040ba7cf7937918f45e,5323,24d1157ecdde77b73ad51ca1846eff29e9d10857095917929c855945ab16078d,0,527
553de644403c7bca726bc891,21397,6918af5c6669fddb69424f172e0988c44918e3874f3307aa8620a4ca8412c5c5,0,528
4f7f80d19e1879fe97869ddd,12168,445107ab832406720f4c0aaa54cf2fccc38dfba90ae2faccd33c737bb0288b0c,0,529
8ce69809a07a2c53ff936e6d,1649,793288d5b5578bbb928298724aab26887e612ce275c76c4ecb9adf6ad0554872,0,530
8bb5f39f2afb09e88b67d1d6,23411,1eda014a784352c7fe5fe53edf71783bb95c7330088e3d601b4260581e30145d,0,531
4334c6181ae25d7483ce1fa8,4065,6e196c829c9beff2a756a9f6b9c11f687d30ad5cfad8b305f87c80cf737815be,0,532
27959e43c364e4bf85dc73cb,14358,3abda06b608713061cb28d16709e1561cbaaada5ff6d16bc5aa3b466bf7243d4,0,533
83d1b44af98a9fc1eeb11f56,14299,dcc65777c83e51132f51d75cf5751ed38a9281ca71de20141e3c27f957f67a72,0,534
b3045451427a3a04a9f4f540,16488,b10ee0aec457bcbeb52abca4647c0a35be968a83d2cbae15d0c25c0e80a3459d,0,535
be2f7165fa3e8a7929cc7eab,7006,002b49b1870e94c9cb56c21607cab9e83062af6c5dec1a22cd87a148adcd3977,0,536
055b1b601dced0a92a7a0b3d,14938,c5d314ac49dd303dbd0d268198ba474e7e6f5777a71771f12b1080692bb5299e,0,537
a544533701240a9eefddd86a,3016,12ef61171c1d0a6cc7f151eb823252e9e7961f6f68223244465abd86ef545de6,0,538
5a5438ac348211db1016de69,9642,157fb6017d3da0fb65cd2a89fd1f1685c5c5f5bd9e5b7467e1733ae708c97f71,0,539
b19ac45ed32ea60022c6aa27,22551,4d807c138bad83f5eb0cf5e0d2915ba1a02632637670b84a444cab9f46ccb223,0,540
5049430b89add7455759ad07,3683,7ab560f6b7d10a3e7cc37c7a010c737028939a1a94fbedd80fa2ec8956202f27,0,541
9176d0eee7222d72d7c8e18f,9883,d1b84335e72c37d5841c3d76be0c334b945bdd213aea1d0efdb981ae0b4e576e,0,542
5453b0d7594b2e23418b1e1e,5867,ad606d1975293297a96816981a2e18bedbedf93576fffc9144c0e41d95514800,0,543
c9652c5f82f3aea112e7f02d,8280,db98d20fc1c56b52d8e30b44a32ede3c97f910bb0ff79a596a476cb45f08f561,0,544
3ec49271ed5605b4da91653b,15913,d6f6027da5bfe6d90b6444e936035d2cd62a303c74fa1b93e535c1e9a8fcf817,0,545
db433971425b2784b2b4eb10,13137,bf82be73ad786e6304228ee2451c9d7e3b5842535e0a62e8b009e0a15b449353,0,546
5a315625b979a2d168b02cdf,3527,53fd4a32f144ca764d4dac7847144136a6c45cd4621bb0b8125f58d8d408c754,0,547
b3946c99a2f8491ba4c2e049,8421,bfb9828efa9c04c2eaa7333370b3070ebab4a28b7f64cd3cbee3ba939ecdf8f1,0,548
59a7c39b3b31d4f6e81d337f,20051,6fa89c3198c2560d99902266a3504a616fe416a68f87aff17bfd843cc9682322,0,549
4c89c6be3d70425f28c6c47f,4555,55a9df37a150d5ceb9e1f81ac5686ea52e4bd9ee15da7cfef717c6fefa2b0acc,0,550
da640fef835e2d4880704f26,11056,3857b0de1e78f7de1517680acf341087a10a657e058ec9a635ecd7a78cdc85f1,0,551
7797b9f4292c1131d3833db3,3689,99cee177740585d5b5931b7667ff12c53993e3b26ff30b0c9179663e5d264429,0,552
18948a36994e8ac7ce566317,6658,e3ecdef312e9e443f53e6d11e2b56e0a822438836331fa3d4f111a570937c44e,0,553
8e0869da84748d4883c5e05a,1551,4a2e1bf72ad0fc4dd8b0ed2bd360379ae5473269d36d5c9777712f01022aa46b,0,554
752eaa6f4cb9ad17b776c6d3,3182,362f1398c13f6c9561cef94f7114e737f944863d8ffe7b886e3e6f562d26bc7a,0,555
c0887a6806e3afca2a2d6c79,21209,346c5da79eb81ed5820cf326507573473d4378af385a6f280bbe87eed72ba463,0,556
23db0b290e115e662166dded,7965,79834757a67a10df205ff766edf26350713f630ea4c8cd358a72687aff59b5bb,0,557
60ab9bfc30bbe859517269a6,14154,6e6777fadba8e896fabe68544472cd3200d8faab5ab3339d73c5dd5c103b554a,0,558
fc1d99f1c7a35e98ba4baeb7,4148,0b949020c2f501a7b9e0fca1a08b55bb629d3ee8689d9a681a6eb7a99dbf7713,0,559
4c5b33be38152f6edca288aa,20996,6256afda88af60ee6a75977dc5984302914057949d6fd882e81a414188f73381,0,560
bd94c92241db732890acb690,15592,c13d39d8d7ee1515a44c00a1e0d8f7497743d99f2848864f45887b774be971d4,0,561
a54c5d666f955aa55448d23c,14744,f093ab777b45d72030fc88ffc27bca8c2410ae647f2fde7862490d29d97c343f,0,562
fcc73ff29b2f7a9c9be128f0,15584,492b90fd069db8feaed53ad0ccfaa91fbf9803cf804bb1c9f9f6b7e2d0870bcd,0,563
1df7776a96fb4d9add4e1590,3668,842482a3423ea6d5266457ca30d2515abc29760f0c42b77c5f999c927db3a8a9,0,564
9d21c58562b08b95c383651b,9100,069f96adc9619d3564b96191be4f9df0ca510045a36e26ba8f58ee40fd5b99dc,0,565
ec898eba81c10070e910a00a,12169,dfe7f938f57678d813e8b74a126d8f1fad92a377023db51658a5aea6582a77eb,0,566
4e43cecd3c105e5f69062a3d,13231,4a9e444850c14db9d0ebbbb8d6abc2f8def6c5154d60d1fb9f774e2e5dca4ab3,0,567
54d85b5192c8fc959f3fa8cf,21484,605dcaa358b13eede3debbf40a43f6ddd3f8a03015a23e1ef77dbbf2ad19de34,0,568
5c684b3a3415a730df7b006a,21820,bb1f65d6260477614f60ddbb13b2af476a95b9866ef1eb9e9ae7037b6854349d,0,569
2762c3e55a2c4eaea5cbddca,9946,9718e47ae8aa600148f8657d046892aa37b3a35c2dcfd323259836761b69c1fc,0,570
138139f2c25ea45105daaed5,2765,2c4aca6c377ec9849ababa2bfd4e4fc835f53b4520e131fb0b5a8f2118450a18,0,571
f541e4ec2caf8110525fcfcf,21145,2b1eca9d219100fc08561f1961ea393f8a3e133805525d26a2e77ce0d6f6603d,0,572
9f06741fe615d212f916a8d6,11126,b77ea239cb39dcbe41e337e61673eca82092ccc399380de0d1a17aebba204d1d,0,573
882c8926edde5fd20dc02c36,18017,5884c52f6342d57541aa89bb4b95b617d69f61c7f1e252cb008ba5972dcc33b4,0,574
57d238759bc04fc135c0fd3c,6071,b59363e421e7e339e285808438ab5719b6a351e37821d01f903bce48ddaa8b4a,0,575
74e342bb31c08de87cb601f5,790,00e470ebf8871f4771c595cfe45c629c793f0dc6e3f4967c1513652363c68d7b,0,576
6132ec74f5ce8462fbcf4440,18349,a8f0b50b08228b7b6e3beb3bc773e62db2167bf6684ef21ab2dbcd8fec8db5b7,0,577
be3226bc0f990e8ee8062156,22926,5a71c492ff5b95bd46c52b8e1dcaa651dbc07a424c2558b162ab9dfc93d09aff,0,578
27f43df41b939ceb9056659c,12598,4eba2dbc3e66a2b5b742c0f16ff1759a49317108202a56719f36e8f30fd08c48,0,579
610e79ee40f1d5c11491dee7,11431,11adaadd14163d8f125b84ab6460cea1302567e8a7b483d91e9a036816d56729,0,580
020f31083ab9b9b069e6fdd8,16780,055385fcbb9f2ed47a3a6e390d278d36c6d3262c09ac8d3ec1c2bb0c167b0328,0,581
4451a6442ee0294e5adb64fb,8107,7e2287363f23d2f0b2f68c2e9bf678a8f4459be2a59232d441d3baf730057888,0,582
df2a655a19560b2bcf05e262,26024,33012faa03ff26b245116cc47754af4b886967c14368c80e65eeb3f3b38206d4,0,583
617c63f78664ddb3563cb47f,18894,845843ee1c8b9d77169c2d335084d4604b7b6f8acae9be70e5dbc6b299c2bcfb,0,584
93483cd0dadf5b127be5ea70,9971,dd0a998fe21a9f1420c4269449cd205d96396ccf9e9ac17395dd0ee3aecd19c3,0,585
b9d9ac3c5cfce9568117b74f,6998,5491d4c52dd6e4051daf7c6e16656e289851a09a9e1192f2751b9a2d6157d873,0,586
ef2782b7a91c37365b42de6c,26364,59ba9e2cde5261bf20751a1ba1b42e67aaca1a9120cb4eec04408564645a4713,0,587
6dd9df2629c5e48d603b1dfb,13694,16438d857312326914476fc28636f4327990b3a652afc4ac979fde47229e82a6,0,588
64aa89d73cbccffd63d793be,23095,b265c7372594e86d808b8f24ce449e7bc6c70f39ca2ea459dee0e206b71a8d51,0,589
ad56ebfe39e62d963cad7612,13548,0d3a33488bee96688c7dbec98afd374aab713a88716ccefbe5abe000edbcbc2d,0,590
4e1f4800b58a74cb3f0eed68,9325,8201f568b4f24faa7e39eff68713631037f63560e458ac167fc6f4c585979338,0,591
6ab1b2141d36241e4f91027c,25586,2e1441a89d862ab06650e29b72b10b9df4906c41ac117ec6c75b4e905f58b6c5,0,592
8b4901a842d3d7ddc771cb03,11807,006e1a893e4f2de21bec9d887921e69e62a764b90ccd7e96eddb530c252a7384,0,593
f845b7e5340e833a50701e2c,16348,dc736dfe7413db2523dfd71d1c3d3500045f2bc8f38a8679dd490ea083e7ee05,0,594
f6611d426eca49ad1674a621,10670,59b8f0d6497ec39bfff0aae06ed8efeb9b38e58d1c7118262e9a9e42cec4bc79,0,595
0e2bcc9ce760d00ee2c476ec,4035,04d957e303a7c814a06c158f5df99cadfed16786644e2bfcef5f4c77b77812bb,0,596
1d2a77cffd6415a563063839,2333,974b5f07194f934a6fc3800aeb9780796c89f9c4f86947b6701769e505aad028,0,597
edfb665b3687fb6f6c93aebd,26044,f77e9a53197fc1b0eeadbdb4610bcd97e9b95abec5ec97337f01d84334cba37b,0,598
83fc806eeeba04ee7eb995e4,11546,3cd9d7c86fcc48ee7c5b3fc97898139c94b2afaf51c114002e4be74c44f0c873,0,599
5fa92c3479690c635cbd6d8d,17907,33fc29bbab9500f18eb3dde0e4a21586095d97626d09aa085c209d7331cb9796,0,600
b894658da10606dc1192fc75,2622,d15ec406c4a2f74df11f55fafe1df3e5d66067f4f7a96c1e520396185f096688,0,601
9e68095014a0452001c64a0f,27386,60de7a303d7d8cc38c1a820ead3d819ba43fc218d047eb6896f059b4fa159d1d,0,602
9d0f3091b31aa322d1822b2a,467,d3e83fc63363be48dbdf0a25658b3f8dec7ca668fc29eb26294f5c75121c1fcf,0,603
c2021d2a0fc14efcbc496723,12277,39c0a4245b77ce2aeedf95f0b7ce7025f9f6f3eff598dcf7ac9482a799728945,0,604
82e0a1ed0920640e0b003381,15663,7fcf7ca7f3b1df06e7dafbc62139a370c5d71dc12999f3fdfec9fdce6b34ab1a,0,605
5a839ae339387315ecddf74c,7666,a160c82244e9500da6e1883ead30ff03c22b81569e40ef5b0630a466733e816c,0,606
5e029c8765099fa60e96d29e,5084,aac0f2d64d7bd54b49314ce0054ce417888f500c81d805191b6f3d32b56bbb20,0,607
beb10ebcdf6ed2140b851dbf,12746,7b450ef10654f61d5a10e19b16fb7dad2d5b8e78507af49ead5aea1de83be5f0,0,608
feea369a0540b42dde9b87b3,15590,88c9db8fded0077ad4213eb97c0cd1a0640a25af7b3b011c04b229720cf72e17,0,609
7152e5c87ca0728ce186c63a,3133,11b103bd41d3f09f51d37188226f27461f609276712158946b4e66c89db0c29e,0,610
420175fef1ae11d6c8451ecb,15002,b6334078c76cce52d4c14da9f01c0ecc31578d04c32f01b5c2bac3ee8b0e1379,0,611
dd1f0165a6218fb2312338cd,17263,1e0a2d6d29aa533ae37fbf20664b298e7c4e42368f0f9a66ecb2cc0ad94bbb52,0,612
a1543f86b0368ef9d72e8d1d,15953,f5853385c2622c521776476630e09c2aad7b98aca9cce0a82f9d199a5f671ccc,0,613
8385b0271d458377c0df204a,22209,5852209ca1a6f7d2b5db15e141a5bd296e4ecf2d6b82459a16a3cdb64d3f0cb1,0,614
900662e3378ef6dc89e190aa,7530,83314b144154f6db8c5b67fef0fd0decffb50d1c79a7ef31d7783338e0ca7868,0,615
f070c42dcf3d353862e080b3,27242,9cc0c0370c4291aca27a76e3e0a601bc2a89f923eff043dc0c01ebe662195f29,0,616
145530f64e9eb34d95e58f52,19428,faffe860fa52bb53beff12925e10b2bf3eacf25b1a3fe3cb026dcb7a97fd99fb,0,617
2d72504cc1dc5a7562ed6fcf,7904,722b21fb9d1935774d13f7bda5533448f97d11b2d8c04102af88951d949e94e9,0,618
273df6e96221fbf2d08e6c45,21158,9fb65e43eab19e12fe47fea8cf62c74283bad3a7355569c2096f389345f17f72,0,619
36169b7422f168a25ed5858e,26844,56aef6e10d7cbdec33f76bdfde306e56a8e719db0fe45bff3234f335eebf3981,0,620
33be8383e190caafaf9d751c,24342,aec7308dc22f8917a2f7c4c1e96427721f69fe15fb73009b22d1b7e83e6c8801,0,621
ac9c42560d92937da4f79b78,4873,e0cccdd351e07b6f3e440ad1f630b8e82e0620dd55d870abf3f529850d75b2f7,0,622
c5e81b084820c1796ecce9d9,4711,8a40c4f29959785e705cf9fe35e1f47596a8759a459db87121b394dcc6e6720a,0,623
d0cc461b666b24de99583c40,13170,96764ae46315d16e4eff2ff90d5dee3c74624c406ce5a077259cb0df457eb120,0,624
bb89201a183f197e458b1ce8,13727,8440238b0bd276d51e64ae862d220b1e8dac02a285db0f763613a20e2197b596,0,625
0955931e26f64014218e4335,5283,d302e027c9b75fa6e5c5ba90a66a18bc6aec5a4b62b8ecd71d683a89938a88bd,0,626
1714a8c39a4150d037d8d78d,13955,9fede884a6d5b48f90e4bc3f0d27e7bbf02d07a54b083f6ec11ba0009a589bbc,0,627
683a2bcdc1d9d4ebcca52f52,27709,87df11900c3a34cbe31726e773e3a3a7df8e3c64ab6c32e97fcc1bd46f386b63,0,628
f77a5978769b47cbe7687b21,14550,0801c98df15f699e4233773e49e4273bd2fb4d1c5c2216d3c0c195c1335a31fd,0,629
aa2bedcd16ec61cbdbc373f5,11744,f7e5a2f504b549548bbc2cb722c4219c8684bef825a7df5592594b9db554fd83,0,630
17c402c09a5d8fa02affe8cf,26036,b6209b1124b932c73bf5808c639a161fd26bdba85840dbec0498d6a92a3cae84,0,631
c426db6fe882c584b4f872ad,2749,719c1ca9b7784b9ca98d19f90c30dcb32ecf210986c3801a36410b52da2a226a,0,632
3235e3fedf355fae316bbbb9,13424,ee0fb6a84b7a60db9a35175e99f990025a8856ce234f817c4e884d1b9f0a3ef3,0,633
4a8a721c361001efe8d93eb0,8761,c5b77e7c68015bbd0da38ffa763081c2ee5db78894af407d29164f084689edf3,0,634
ff29fcbaab6835bc43e09768,11637,ccb591e51b6a4ea5adda42e08cae31bfdb8706d8f1a01713bbb900697fde7457,0,635
e8bb13c5cc45323e0d652e2b,26686,a362bfe8bf2eb256f04ad9549aa8396a9b65ac8e6595709aee9510104bf56028,0,636
07a6fa8c1e53d57028b01140,19283,e0b143eb8561356ffe99b0d84f3247a24929aba1eba23ffbbbd841a077fe5ed8,0,637
3e885efdc767367f3fb0fa3a,19974,5271895de856d7fd42db5f03e141ecab0b5272df2db49c0cc027d7a468e88039,0,638
2dfdb7e19f01d2cd3ab9deaa,6830,5922a2e5377f75934a5dcc4f3208f7483ef7395493c778e6a28e40cfda6cb577,0,639
530e14fd76e6719f2193b25b,2915,06fc27bd901e18a5742a5934ed3356a7f16e5eb8d4d58f7349adeefaddc77e95,0,640
45084392a6d02f7a14bea411,4442,ee95c8d0fcc868c428478f658a64fafc594d18d4f7399820910468581dd53199,0,641
c43ba529033382562ce2003e,15313,32e1ec01001a3452925b775537312df79465c2bc97c76e2eb9597a43a8204cd4,0,642
ccd12fec7848317230a4e9b8,742,98e149eb978f7e099f6aa95c0ca5a7ddbfea230cf5027c29ced875751f932979,0,643
a1f7aac164c26b49013df303,15732,9cfdc5b5238b4f34e9737d610f8067774f7dd7e53693d8148f76609b117c0fab,0,644
2a9c9cd62dc68ffb074e1092,10285,78a828e3c11cad21ad7cea52762e51b568979b0de4225902b88009a296c003a0,0,645
3eaee244e4b3176ee08ad16b,11118,c8cce49ccb428c8e9d7545f7361a501e85c4bb750469b3e4c55e48b7cb99e94c,0,646
6151c6f116d3be7b8f4753a0,23119,a3117c32a1101fcad7d90cb7f21704b70907413085a1378a01725c01d2874ea6,0,647
560b5f61fed4a9e052262fdc,2323,33f3dda511462dc89301888a16b934dd38ef31471206d4cda1c8c8a6372e6d46,0,648
b2d65726cbda4166dd39f42b,4927,f3ac704fbf7ccae6683e53fe62a29a3d88b09ea6b4b31c97383e2e05ea1ab53f,0,649
c2c6d8fac50c0bfe6f1286b1,9895,2c03f5c33201e540e4b3103a7542ee973789fff163d6430504440daa76a7d2e9,0,650
54e9a0979c408e2ed166c63b,11143,b00222a1717909a9a955071ad9a671284c9b5272e54669e202d3372c646c9642,0,651
d2372df198c9538cfbb2f3f2,13266,10763cd43fff3f3ef754d571728c86d5e8a4fc2f5d11b0a8b3c1157e7216b772,0,652
0b5c57048c8bf3d68fbfe04f,1611,6a250edd049780841783034cf0d4a14693fde44171e8b622cc3eadc42ad2188e,0,653
87cbbaf31a763bd3441cca79,5075,fe5b814d248cbe4e16c1d7b76d53a84dfd7726273d28e6a45becfad7420891e2,0,654
8200e6f684b2a47e14df0ce3,20332,89d96d21b8f1f6c8b8436dc7679812edf9de6f0cfcb3128b7e18bb9e10b4421e,0,655
8825e967e39884c8801eac21,3180,74dbf9f0df0764acb255534d35cb2d9424e867f0ad577c4ba5b8de9b497ac254,0,656
c4624e9f8db6ade7ff848503,1431,0649135844c9abff193ad6480ecabc896942040a74d96546ed9bc0492eff259f,0,657
e339172551ef7157d443dd61,27052,b2ec91107900bc2395ba04cb8095c1a8e476bcc907cd3ec5f6b2248a6e50b9f5,0,658
1231f8ee6dca9bd8ae31b5d6,1874,adb2204a084378f24c139adecc14f5587eafd1aefe904baf45aa20f7401d0988,0,659
ec3ef130e68fd307d4c30d67,22988,9a8b248fcdca938d7f1f2879fc76521a8d8345da040b3d9431b2aafd0b5a292a,0,660
e1383aec4ca94118c7c9f9e1,24885,4fbec0372a8c990932930a8a0387e54f2515ddc7ca79cf84c730b313ed30f5e0,0,661
c62b106fe48f19f4cba8838c,19109,91a37d86799ad4e8bd2b7f6b1787342f69d42c21a148229b56ba468542c38966,0,662
bf688f89fe946c9d58581c28,7307,1fbadfe57cc03e58759ddf61def1340e5165f7fd5e2a6f999c5440b10b99c3f6,0,663
fe08f2ff73167072b9383953,16048,2f41001899d3a072760e19c5014b17591d78bdeb7cd6f02c078308238145bb99,0,664
4873664562623aab54a6e774,1043,48be622b353d3e7068f34c02b9455296eca40c2a4e626260d9b0f63fab8d63cb,0,665
1bd0bd5ae2159b23384fae73,7752,f3630ace059d7208142302e476878ce9dbaa71adcb38b098ca96c21c78fc0a94,0,666
1f55e972f897d650d1243a8d,23087,57f3f2119ae426ca8b8c029ea26eb72be4f4d400bdb33a0054d88a06fc90073d,0,667
04c4f68977cd4b34156de8db,10381,7f54eaafe3ec9168faea82a985cd2ce932306d9e3cbabc91fd2c1d35d4a79b8f,0,668
21bcc81c45744a34be6a2952,7239,8069fd60bf61da5fadc888cdeee794a4ddf869fb2678116576f789eb3c3cd474,0,669
7c2212ed994b89c7bf5f6fdf,4254,b0b523dc3779608a23036671bc44900e258c671fb3af85b52fd0968b23746cb1,0,670
4a1d82eee8c8394538911acc,19546,07ff6f815fe4badcc83a641ff00f199f89c32ead59d93582f8703cfad056ad1e,0,671
7102a87cd5efe72c3e2ea545,9857,764a15c967c665910b3d5b13f384b4717394e3bf8846db5f9d4f9de99b46412e,0,672
e430974cea0551f917d3f007,22178,2751964a9b15e5cc6b1c25ac828fbe8ef254ea6493a015b688665aea31104b70,0,673
be87f68616ed48feef807cd8,17204,4613720ba507629f4fcfc540eb998e5c6a208c79f85474497b1fa31961fb4121,0,674
735fe5271f5f5633aea728df,27137,23d4e1a1ff3fe95fd340dff789a43d8c04863ed00a16081f9dc7244844567b49,0,675
b148ea2f31ff988a5402e7d4,3693,44a0e37c8e122d2ce949fd64f51eff8624543be273276d400c8353d1dbc7060d,0,676
4bbb329940f233926c3e1aea,19074,b33128d43406f653acbaea804d83f651543cf3db8a8dcfd508860d89a8d06588,0,677
5773868a01a6edfe87549da3,6053,925f468df216e5dbeeff1e40f51a30dc018987679a81cb08b9fd203cc7e05ab9,0,678
1eeb1b6ad49d3e0d83fe67e2,6874,97fa5123147fdb844387f821952dee83f0e6a9893ec4b7ff1b0327a053150364,0,679
2e5589df3403443e78c75379,3452,b6c2a7d76468cb83cb1d8690459ea4bec705982e9fa1df746e1d431ebb0508a1,0,680
d0db44b4f8835761cbc1a7bd,23824,830ebd3212adbca0f9e8aa3b00171bd6033a7e564323a791c3112d89aeb9c838,0,681
ed4992539ea3d1937fddacea,8375,30c100a2b5423215bdc8bc2b580e028cc47e1f7673046fe85de066b697bda3c2,0,682
679a1c9c8933f4d8850d4ec6,21114,85cc4e16b440dd3553f9ebfa907c1062b2b101a6f4c9652800b9d64735dfb30a,0,683
7d08678b9a2cd2c0805100bc,19406,1ac61b078f5ab2b43f048d6c1c8e8c4c75d5ba033ce6f2743790a394a3308ffa,0,684
3aa22240c2d3099e71c45514,3157,a13d35705a3a95f8fca67a0bfff6235a061e0e51c226420fb2b876a89f269aaf,0,685
aedd0b5bd920727cd903c8d2,7029,fa4da1fffe0c0d30d5d4652b06fcc5a79849c2050fcdc2625076ae3dfca724a5,0,686
fbac0282cb65289237f07122,10474,0869accb2258efca6aefaf9056300e2546a3bbb6e04c29a6414156d7650f27f9,0,687
e4f9aa7d1799fbe0b8a03339,15048,c0879b900ad663a41b408f772ecc526f66940e3ac1c4eb6db73b9aea162f5836,0,688
a005e51651c5f8324ce1d683,1267,9576e5be7457e6e8f9a73cd35ff18c918c1b064159acdd943a26ffefb03b2cee,0,689
63103bd59de4b423e08e6d51,23850,20a0e8b62567e2db9d9fece76d06542cb327a482b58513d0fa983a37d979e5ea,0,690
d7d3c11abf46a0edca04ed8c,13478,4b4fbeca71ffd69325abd1404c886a46b13a5ed9c5a6a9162211e8bff9c221a4,0,691
8ceaeed5f857ebc0af9eabdb,1456,76c864d7c20109ace4b9828799a8fdae67b31d69a7e0a4d1a20b6f4445df7dba,0,692
c91a013d31cb78f9ba89992c,5079,3b67427141fc7322cdaef5027f30bd6cd0e54dc983e07a824f7276a92f9c008c,0,693
ea26503fb106e3545c4d9a89,17805,208b7441aae2aee878346f514429a44d9de2c84de2a6504d6e013d0f76a8e8d3,0,694
2696a99d47bc11273ecaf654,17838,4df83e98f13217330712942e777fe96998452f95bd52bfb76fb8b471d7125f78,1,0
99470f520da0184a63fa480b,24251,4df30b16c095c1c09c8b7c5c8a1bf186d354cc3f0654e4bfd1adc614eb7d87ed,1,1
4b97de5c20529849ea64cf2b,22344,dc1b9e30339fcd2976654b3c6987a99808307dd0374efb0e53f57e7c7c6cd0b9,1,2
5bbaa4e6946e4b55d0809fe0,25214,3cb7bb4936b9f52c9e5aa2368e5663b063f1d3c89565db5d3b0031bea0c99412,1,3
b029d8ae4c993ba5fef31d3e,4967,b66a8b0e7f1d2acfa083dbe20fb2cfc6f53a1db659456a7e2bd446c132c7aebd,1,4
2109e0cc3c50648e34813c86,15567,16914c4e1c2581e8f316358dd59b7dede2b9fec1183c32e9ad87ab2db078cc5c,1,5
6deb0bc28bc4f8cd4c039e00,26119,be0de107b90fdc470bb726bfee2d177a7d4d8f41a9a58d370ea718a390896660,1,6
c2e69aec26605731d280f758,1343,8749d7e9fb20192eb2bd9381d97ff0df64f62beb31b748348d4757b7ada682a6,1,7
c705591883cc61e0f3b63e53,11046,ffbd2d3fde61998a03c0f52f63f30375d9ce1ecd51d0421d4e0e97db13a0ae8e,1,8
c7edfbc21c5dd28d684f51df,27890,c58e539f0ef5dfc6321339bdb90cf71a95605d865b8adf04faafd4755adf9a6f,1,9
bd1447ec8c0f37bc90338c32,3097,a7445144135705d1566a587b5010b189eafb27a44f0799abdc985d984811c887,1,10
496cb31a45e78420fe8c3107,9948,d7408ab6efb156c9635de55186a766ba71ebf171c3c95d7d9570af4650ac34ee,1,11
848ea3ad3495d29942235704,20489,8537bab4260b3df19bbb4185da08e8f1f621480aae1867fd7e8a0e2d66411f2c,1,12
961835d53bc8ab66750b142e,10114,42fc33de1b7f12d3859171eded15a5906d26aec4fd61ee58d3d77babad0b16f1,1,13
28b1bcfd923447858e78c067,7293,63d3368bfced4b09a1feac711833ad4ea527938d1be00b6eac43eede7348a6fa,1,14
1807875d688d94048604544d,24650,6a8d8490bf3b67baac00c8b64bfad14f32b4f64503246efe224c47a57232589a,1,15
0012c6d7b94f7da0024f9412,736,4c110b01f295d7233310a3de2bdd36eb8aa144028dfd606dc2adae011098d41b,1,16
f466a7f041d409c59319562b,8829,1b3e7afc64541802b28d8ad8379069eca4845bb1f3599c0750defddf4bf72192,1,17
c0731a6e18b46f4c77ddd84c,7267,36127f157cfbd218d4364f10aee73fc7ed26652805bf15df05f54505f35eff77,1,18
fe38f0fd74171adb5b366b68,28121,15f10fc13257941f30232eb1a3872b8ce499de5531021d4669dbb6a29709616e,1,19
6da9c881c372512c70d393f0,17548,821fe041819ae4d333d6d6a42e74c99d21a1b25439aab33b1ce796b972ee6506,1,20
0b9fbc20097e0ef70e7a0146,14506,ef0b4cc124e865a5ac0cbac7428b24984bc88332518ab6203b42ba00254e943b,1,21
bb9eaee79fdd4de1df9be498,4119,2a901aebd25047fc806e70c3906a8098dffead650df576b61314f518a561b4b5,1,22
67140565cf780b699f1e16b8,10639,eeeb2dddcdcb6402ae904b285079624cc2cf58140150d8b904b156e37770b757,1,23
5c94aa4d9e59a34cb46525b3,6734,f5d3310ca631e5907e8aa6f2b91466f311a7f45d42f3e6a6c93ba177df28f8ac,1,24
8448cc316593efb028911b17,8003,3116167af183ab1deda5167da1877f1e29a651ac26ef9a27de1335cd1149eb26,1,25
6582d9dee408aee4e191ecba,23439,27cbc2168b77cde26cf85c1ffcbe8cb51cbb52e91b571c3a7eba6896eda6a77f,1,26
73f8b9a6330b4377de18d7f3,19387,82c82de8b29c5a19d838773c779568d616d054d403a4ca105ff44c3978fb3140,1,27
2de68c4d7d856683c4880d56,376,e1bba5650fd6390f6ebcdc7b8ab4dc0ba8aef48bb7791e48bd3ae15505627a39,1,28
d7fb92eb344d56169a54f1b7,21572,73558ac86fc4dd79e88fa4ffbe9db0334ba4484c876c9841bf58511baddb030a,1,29
0a36b9965c5a7437ed5f0852,5002,41ef59e4b05c513b4cd313e51671284a4ae9b99a57ab5da45e879dd670583852,1,30
ba007d1f2a3ee3634265ac19,13448,f54b49145fc41ee66890cebdd801e6392b232a8263f1ed61aa673f8e2a96967c,1,31
95a4c9835cb2f95d413c4e9b,8688,6584459e5cafac61cbd2b00c1d9b6731f7ba884f38045a81a62d9e2e7f5b4b3f,1,32
85ab2567b4442f0d60f4882e,20637,cd6b9a4ac6a7f90a1ffd9ce9db5a6a49b7cca254dc12bf1b3b1485ffef710084,1,33
73b0eaf0d0ddb7c7caae52a6,6538,b713682aa1844f498ac83347b12dbc6a51295a691643c87bdec68ca5185e4b17,1,34
ee886e833f93e6f6cbf7174e,27195,14cac1ab9ae384e77d9ba81e26ccc097f872de3ff914a0435f348187a5c01470,1,35
9df9b75521e3f126c42a5118,25573,be38e1d7ab604bd34a0b48097aa0225119559abc1378cadde2e1bc2eac17dae0,1,36
97b637ce29f62bff42633b6e,2716,f1d9a2bc95ed30b277d73de44b693cf7e66cae6516d404fb4145ff89959c0f9f,1,37
6a982e0db0d33c038972e70a,18118,31e97032650724cab18ac2ecf108143a25fec9206be0c8746d5274077dca539e,1,38
2d91344b6d60903a860f80b9,4635,3b20edddb453a8ef7dd877dc22e6d4a898c0af1df6ebd4243bf2c3b53d293d6e,1,39
9d94663f7586010bb216d972,25415,d4354abbbd8bdc6134bb4a88ab10f7f748a826c71e667a67ce1ae51ebdb1fc88,1,40
c975fc9c763414ad94aa459a,8110,3e603e9c6b413eebe7b62f62d65d9c33a9f927d99d5ad65b3d6618788d62ee81,1,41
4d2278e0121cb36a05143ff1,7623,5fe1ad5c3fcd2d083b5c1687291c13fe4e9524c367903cafb830d4635d1b0f9e,1,42
b8fe56177d5108d20655c654,4021,876e1aa16d60260aa99f583a051c83dd507b0f9fa667f58eff0f8231b3fe84f1,1,43
e14eb25a138722c2c4df44a0,12799,a25449fcde31102da0d8da4e477138a488d32e2feab60c066ca7f27a1f5493e6,1,44
369d7af88cd0b25ca3b63d60,18443,7f66872c2fed48f7f42bd8b10a44c333928afa1ff65571346cf3ed9230627aa9,1,45
d541754e71941cb92f63e769,7738,bb4da8078d676efafcf6a24f8d527562030d7b53f8bff72c786910ac417eb2fc,1,46
e94b247549975b3ed0f8ba8f,22240,2ebf162b72729556bfb8262c22b8cc69477d5b36b5dc0704832968b2f3599b93,1,47
adcdef4278278011b4343bfa,3291,05ad5ecb7b93b6e4414be75d77edb6b7cc4fa7f600927514e1ca508f04c51928,1,48
b76c0f6433e238ecd9eaa2f9,21705,42ddd9717482bdc2192d9edc4e1171dbaf2beed733c920ea3997b792808dfb97,1,49
8c86de07f0d713f23076c314,2243,7d50543d62834ad9c6bfabbb2767264ce70ae0b2cb91c317567a68d6d89850be,1,50
7b6480cd2b01a8808793e9f0,26736,f019d9e5cea2f47d3087df9207e19264886d4a81c8e24ad00e6669ec7e50e66a,1,51
63cb1b5085ce9b743c5c975a,9761,a620ba5d13fd369d24332dc70c7980b109212046bd0361dab749b939b5d81137,1,52
3125c8023ec8df02d93f4b95,7740,186b16c810075e4d58888ca037c49673fa7d3967ca5626d92ef0c81c17778a59,1,53
6ec7a45c4678724afc2a1529,5155,cc4074117ca9dd1b649d50ba1d822d56d02e5b32f85854c4b4f2e7998a163f23,1,54
5a7fe0bc3aaa78c20de080c9,210,269852c969d7f38d470eeb7f867496bdd76e1474a37340a9b097bedd5a59a334,1,55
665993daaae2c03a8d3f68a4,18643,6d3cb9d2bd2eea5375263faa27c0bf164a52fc96714992042309fda0157363fe,1,56
5b226b207a3c312a336a3cee,27991,e904b33d352b436ff8c9caec13a5ab2314c55936ad9175ad8caaf6af5fb6a031,1,57
d30bdddcbedf3b841e2d62f4,312,1c7cceff1369b9c710fdeb5c63cbffad478b70ef82bf69de80cc32d7bfa97a0c,1,58
ccdc693bef06f146532459d3,13803,859ce7a60e83bfdb4a8daf5a94f8ee722368ff6ad9344f793eb11b425c865b56,1,59
77925e557a30269b6613d963,22190,4e6e8bb3bf82543aec01f36ae1843c0d9128b51b1850af664e0c7291849b73ef,1,60
e79ce1ac1e042bc483db69c5,16297,46bd4ad3205ec473ae062f83979d25be75244601c1255131071897af8323d2b7,1,61
756389a93659f398481e4a8e,85,983c59d87cfcfd82b1e73bf6d09e46d046d104c5f26bc519d965e62aa41a9e61,1,62
4e1786f159d8fd544282c001,7918,680dad637d3bacee19b104abbb59e822d97eecd95f89ad42c1eb50bdbb93caf0,1,63
ed003acf6146ad0ca6374a47,22331,34dd4012df73b5ef747d53ae60286b9468d4a1c88a8bc92777450bf482fd4d3a,1,64
8c484ca3d2650c45cb62c4e2,10909,de94a366ef494d4797e85e415607cb756203617cd03a5c958a5a6c51167f0d02,1,65
1a109011e8664e7cd834cf63,10329,19be7b54c57f4dee51e541c7528b344de5cb24233c3db4cae1b33b8684080b62,1,66
bc78e8b0f9504c56b16ccd70,7465,a7ba8b1c455d02ae2ff3008b811c000929c9c637e6db197452d1ff7e7db2566a,1,67
bc24ee206815cc1123439953,10693,36d2637626c9eb19404a2a502749e2fe376d48552028f7f92565673190c06d19,1,68
101be7e50a3d436aac1ebf29,26276,e338c38d2a11bb91bfe3b01175d5f8395b9b4642bef2932d396717a8d70db6a5,1,69
113741bc8dad8fcf5dc4fecd,5609,6da7230e2a103f9bf9ea9ce453a0c132ffac9ff895c5246da27f7f49708d6f47,1,70
87ebb774ee3cdd7ea300631e,26350,5a29fafebf81b0d695eff578723a093666acca3cfbb8e8d0234dde28ff5d12dc,1,71
65b1e3d78891d24e50d52029,6508,796c328f32839bbc12e334bafd64ffb2c4fc941b90f7a4e298089354903d00d2,1,72
b5deddfab41bff0c9b54f587,12186,732fbec9c5ede345b931231015a31135cd22b3d8d5da246aaaaead3916885358,1,73
1acd0cd1a7f4bce933923566,11289,020bbef03d67196beacb5241e16c583a0ca6de614707462f9b72bbf572b53f71,1,74
65e0d8358e455558eb0865d7,5637,6115c36b0c46e50f35433900e5117b9e303cd353552f5fd53ede532b6d108c6e,1,75
e4053990babe290a8f5064c1,2222,83d2de480d0a0f67d8eb72d379262be3dfe94af4bf1ef93ea45dd3d24dd96269,1,76
4193920d4a09f0c7cc742ec3,1022,ca084c48852403ec4d076e8c7a1c414641f01cec66fdc292277e1cf91568829a,1,77
14e4c3ea41530d097c135dd9,3592,c891a9d5fcc8d556b04a658722187e287c65a0fd6f0ad7f5b17cf1e4c14550d7,1,78
c6ffd8df1586849215a512e0,3353,fcd7e27874b7960ea336dd26abe1921c4d59e6ab3d04404e88893dde32764cd8,1,79
e4405dac99a7e07955cb3cfa,25755,5d07d5b0d0da3a17af2191f3625d75a8b7edd15061d8d821a2f6ef3a228bfc60,1,80
f5796a0370686fdf75287fab,6359,868c920ce3da33aefd52553dbd6fdad536dd08ae13990139234c30c343063813,1,81
d89b0bbb7159569fe2d4a255,17653,49e085cfdb0a955362f146bc8b79b0c0f81d8e821bd325943190fa4e9790e4b0,1,82
8b81f1a23f641706cc4181de,19329,18c5b71e4995a08a91e3ab750b9c08bcc8de1d78b91bd7145644160d8aba9d2b,1,83
7dc435b0a602fbdf5e8801d9,26947,5476c2d2fadb057593d311ac32add7b6257c6db374a09807b68b8e66e2ccda98,1,84
c6c46dbb9096b2e4726fa861,23841,cc533c86c8c0a29f4b06058388a46427e1adbe6c740f213da39352cfe5e72935,1,85
a014f6db9c87f997fd077e1e,24070,fc54cc2e847388299884a01e98915a1f995a8f1c245d20b3d9dabec07f7de09e,1,86
e237aa014de6aff534e02438,19494,dc2cf760643d8965bc37f5be11724fed285d2fbd2248f82d50e4fe7f81705072,1,87
81760b6563dc2ff058b89678,8388,74b0fae8fe6b27353d1e1a4b6233de92a71721996cc5b4080ebc06959d90f761,1,88
c77c2e0c1a446daeb8279fa9,24027,5e3b394b6ef4366014180d88ab29508f4ace65d3d9570ab58b505737d092c029,1,89
c4c1fd704509487f07a99483,23283,bd866533e0239bae860c2befcf5eb08dff8a887fc0ee025a2a0b2d5bba53799b,1,90
75dd940c2423a55f43d6ab16,4357,0047ccbf028564236ac0da6a85fefd2837360b0ccb317f69268491cc0bdcd4f2,1,91
badec5d6d490a99b5e6e6ef7,1199,0e934252936bd31ae27f8311d26f11a5039686d62fb53e0a6d768116d28536df,1,92
c64a258119e029e177df8efc,13772,81fb177f341128f3d36e52fc21376a60c84bd13a1d63872746a2b0c4e7764150,1,93
d59e627ea928212d1b618d00,23040,d015aa3b8286b8ad0f7e3cba931f87675d4be0629e302b8329a7d33336485cc7,1,94
47ba7f6e2585aa7f83d331e4,18135,5c2419ea1a43788c545dc1d52d343724d6ad56011a779253bc3c7afe7fa19706,1,95
eeadcf124d0db35310020a28,16356,a3f6d0b1ab850e5ae7e32af3578b3e6c9d44ea5ca9f32ecd7645d7f6f974e8a1,1,96
60968476519b40c4786314b3,9738,544215b8d535c73ba2128f4b3734c89eee46ee993126da3106bec34b93724963,1,97
1eac7de6708c4e51658edb34,24321,5cae2a328f1d0e41f2a4a7b30dd996ec6ca8a8e0e96322e921ae583ae6f28130,1,98
c2ead7ee9ea55bc11adce9d0,19231,32d717b056fbc0d1ad77271543610c1d46f0ff3967e3f1b74aa177d39bcaed71,1,99
5113385c06839066d96540a5,1852,c522258d0298c63d9b000f82efac86668cc09c2ef6d20bd8142a7ea13a6875a7,1,100
0383be543209b9b005201b5f,5538,cc0255c41d8fc4545468a61a69e2550bf8cfe1e7495f882c3062eac3a802aecf,1,101
08b89c0f3c9039c1ac9ab515,6792,de402998264bd2e412ffe86cb3d49eba42bd40e86016403d4c42831c48e633f7,1,102
90426628ea7de859b6d63ceb,3638,a5a2966f866629cdcf4400392ad7a3e517fb12214d6cac3adadfd7de1afa3965,1,103
24420b06d8c5e2dfcdc63608,22537,0217e5134777b7075d09e171933891d4f0aae7d149303b2f71f2e5a150d3266c,1,104
c9124cd2bbed624c9713a487,11522,9db9feadc426b3f0fae6f252889aa78d19932a36b39dc31d09666f76dfda0ac6,1,105
fd7c522835ab95f9f7a6fc71,22670,80bcc3c9b9745ec93db51a1f9036110137180d432901f3a145893538cafbb096,1,106
6ea85b823514ef398e3c10dd,23325,17470a24d765fc81b11d08783dbbbc844ffdb9fd08e9f66824eb07005fa5c8d7,1,107
da9b89ed33825fc8d8b8dc8e,10968,5d9819f669600dea390c1f87b2d8829982283a73beb08098f241b10c1872ffe1,1,108
985ce9414902ba5a1cb9ef6b,22592,a3d2dff611a08a53c3551cb35db2910cb5ed9fd67e4137ee7fe6a63d599c6acf,1,109
0bbb5fc090ee65d49378d173,23083,c5448907ef527ee79b01e94e8c03ca2dde487605ab8e0fb178db8e599cf6f563,1,110
8a08e007d1631006d324ee0c,12345,b3deeed70ca438752c956f5d3cbf0fc2df5da0a3b4fc402b633dcce562552b16,1,111
afb8d74e2fd6d63a6f2fe616,2345,4266e50d1a41b85cdfc058e4b5fbe18013e224a221bd83c0e9fea6314e86f67a,1,112
100c5bbc2071a327afb91392,24044,931f64453129475ee9983dad01a31be865cb29bee196000af9b79ee5b7186355,1,113
c15b406d14ba24687b8848e0,27831,3b34121bda5e23e0cc8354ba362f83000a06c7b317eac0b0756192312cc28406,1,114
6040a42dcdd25d81a692a92c,20608,2ca699b813fd39003c228d3d443604551a406d1bf1b32d4216d8ff1aa5052408,1,115
c13501ebffde57d9014b86cc,7165,eb669258fad960512e21306202fdff1aa28d48a4a872b80d6b7aeeb12ebdde50,1,116
4ffe2c1e5e7c6b2aac8c3a1f,12124,f7ad9074caa40e866a510ec3f5aebc9f7c39c472506e7efd8694f4c45d751ffc,1,117
68469cafa677a1021804e8e4,20426,a45248799cd64cca08d66ac5e49d6aa6372305d30042439fb025823f41b0aced,1,118
e0f959853e045ce3e6071d8d,9029,f22c20cad4fc6d4f54dd2c5da5958edb2f6123b78baf8712997e7d7d7c3c37f6,1,119
92b7d243e9c31f435a9135e6,7603,91239e3ff23b9b0e97df2904c95172a70ca885f0ba06158cfdb6db1883108b28,1,120
51d3606e8c67d54cb82d3fd5,20945,9eeec4257f0ed38c09a0a200b788a4e5ab465d8777484b20bbf35aa0d591850b,1,121
2356a88082b6c8f41904c5ec,11353,26ad6fa8e2e5328d6409559e04180b258a1551e4c983e4c381d3af14e4e94bc0,1,122
7db45b6ca8612d387d11ccfc,15908,79edb83e9f38ce1a43644b37ea5a3fec55b8c4522236bdb267c2fd163087516c,1,123
067ac615225dd5dfcdbc1134,19752,75988d619d83034591a52e69d7859c8c8aaef847cb905e7068116601da7b0583,1,124
1de171a937f2da96ea0e3758,1628,a8dec0b3e89f90ada0eb3ef49a9e1d3182a05c75fac7f77c072a7abb7c2e6547,1,125
bef19430f15eaaaca944159b,9369,9e49b68d2ed26f45d9e86f6b8013094b1c65743e4fc306a2bbd54ccfb39b6265,1,126
704e14878e26c894af7497b8,5501,33a21aaa8b602a98e856c7dabfc181925cdedd955d362937a2652e33d441eb45,1,127
ffc1bde0a7a9ae0aff93bd3a,6604,353f0803c9533a2d8addf2ba694fe1745906df17699faec5fe66512e45adbd72,1,128
858e499cb3e58caa97dca877,23835,645aec982362cab7e6d3135306f68552516f687ac57af7645609212c9f6cbdd3,1,129
0f181f5957a1f0adf5d7025e,26794,bd2d8ef217d40d980dc26656b993be571189e44e19e486540ec0c560f258ad7c,1,130
a153dba879128347cbfba0bc,27066,2da789de74b8317f3e426b94771f0097c62ff6f27ba10dd88a838461fdb352cd,1,131
4ec9d33d60ee84aa7baeeac2,26841,14c883b1dcac009c4a25de622b6eb2d524a7a1a450c18e20c104861e2074c54f,1,132
73c7914227ca6f8dd56023a9,8928,b83f52abbceafabcdbe2d237e07fbb4ce7e85d9f231c7893bff327ff95ab7466,1,133
ef255a01847bfbda6e4f8eef,6607,998b51f1dbae4a78bcd9a1b7666912ac84df20f4fd1cf609b29a2e1db3e62b58,1,134
6c78977df0a0d60dc6025665,2179,fe00a0f2a8a3113919b8e9ec59ebf9c9705e1ec74e1883c37a1018973010c0e0,1,135
326c1469772e8d98b9be01e4,8931,2828a851e336d7d5f125d3ec763a58355f0ab00b96c321b53e0aba711cda904e,1,136
ead3a2ce7cbd85c6dfeb13c9,55,6e3b1dcb38a147f7bd9cb430544c3ae73729a1101fd87cb3cd0019c062e63abe,1,137
d1f4ec99e14868e27496dec6,25555,d2a4935399491654f22b7e326c745aa42c32309c6d1a5d706311d5b0f84773fe,1,138
8451e9105c967e75bf7e3f3c,9291,8b10a74bee0bbbf337c439bddf3f2730157ddaaf27995edb70f1d9e4b9dc9ec9,1,139
d1431d7a2a334c3ed3b0f08d,13292,e547b9e3d436e59b188b43f30c067fefe8fcedfa1446febe8e9e5cd09efd56d6,1,140
8e86b5f6d935a8d2e8afb5f7,24224,a18b71bbce2439a848427f4d166cca5b5a5e44021a8933729a74d8a04748f3a3,1,141
ddc5bd14b3d63febc63f5fe9,18335,1bd51f0c26057388a9820640c66527d47fbc9b11b46ffab6df2257bbc3098f82,1,142
a276d6325b5b760535bbe366,3028,8c7e6811eac6b3580fa17702c6b740696e33576aa61d43766a15579bf52c6681,1,143
0e4ff21ccb298e563a8e6b39,11192,1c93ff91a44ef44822b7b9037a31e0bca00360426f6e0d059c18c8f33e63e935,1,144
3a6ea7d0f1bfab8ce9b12669,14480,e85d964b0a7f48d11acc26fbce90a5bb3462e7a8b768733519aa1998bb122312,1,145
b00e709ea7639102d9657311,27329,754ba49608ecda312f72a629470a471f816026e892f5880a4b8bfb815f5131e9,1,146
896d63862d77858059bc60d1,26657,8fe6e7dce421ea889c0f7cb9986357f377153e24c3560b741099841b642b42a8,1,147
9072520783df7405d0f9b4f5,1928,0329a682a7096ce7e4f627a9ca36651c63bdcebc425bb8ebac67d57324d96ca7,1,148
3cbef96a641cc858de320e14,23253,82baaaf8ae9f83d370210e1e07facdace91de02ee3974cb9fe69e6b9d8582471,1,149
239e8c57863d92e310f4345a,12464,d7fcc8dbb27c5b3204484977cf3a3069b78f5aad915f9fa3ead0662d6b5df44d,1,150
4e37222d6238ad53fffdf9d6,19763,be84b0a4fdcceb570606c9f4295d9b8612b147d73617518adeec677cbcfecef3,1,151
2462deb081e502929b419fd7,6034,2fcfb50d05824817309d48a45a383029c488c2ea13c4c9c3bf7fd297745aead0,1,152
4955390b245254baaeb4daee,7566,aca8f90b0a854570a6771f1eba78f6cc9887a3403afe9df61a32728c323534f7,1,153
db42fb20a08d3e0627a15d9c,5111,b169685a69e5bbace9d1868f50248d2e4fbec4bfa97583f1135e90b7326b6016,1,154
7c81ebfbfda1cc056924ec61,12329,30c21970e0994554f6c653992b6441fbee269ff59e082ca48a7e8785e07b78de,1,155
c13b19340b34be7f9b07f857,21501,849d4d06be663280441498458f00f5164c12ab2bf88af8b52de9cc878b4652cd,1,156
16eee4ef5b1bc603c003b828,8133,3d429582f86712c8ae36e20c4868df2c4f6e1b68cf79eb40c0f616a873594e97,1,157
370161ef08cd8505a4613fdd,21127,ccb0f3e2a2af7ef6393ae3283af85e62760fac36eca67de6ab68d2c53cc69a5e,1,158
76eeb678051a851ec0162eda,17513,41ae854138764e275c0c65811067c1d9c3711ea7b824cad0bc0abedfedcf42ba,1,159
73c99ab60de94b734d4e6515,25808,198b5b9a9d552cc8078b3ecf8d4c58ba5d2326be9a4b70f0f67aefc86c6ee1e4,1,160
6743396fda82ba0197cf432d,3112,db4087e75ff0e6d0164fa10d6ffc244341dacca93aae97089ba9df3a1254dc7a,1,161
aa7fff09faf2819f196ab675,14995,91b56f34aa700118993ce9526d12e98fd55b2c4c4fa1c1a8c918e8260ab35ffe,1,162
efde3644c475ead0b0551f14,26318,ebcc8c8635b60223e2473cc2fe37c6223dd7d9e097f0bc225eb839be721071b4,1,163
108c3f62a4a0363707e49340,223,561727cdefd7ead8a18ecbb62e314f5c529bf98aea8951e7561667780e1d5cd2,1,164
603409ddd7eda6687596ea3f,1465,9076350809120d8b20a76df304bd2a70b49e93a8641bc1ca4031ff31b1539fe8,1,165
144937719b238df826bc06d9,10898,b5508d5ac051833ab421cf56beea94575239df09fff6ae41884e33807c719c9c,1,166
7eb8d60799b9e229f76db802,5266,a5fd82c0062b227d4fca5afaf17bce633f9bfdb8d19f1debaa32bae560bb4a8f,1,167
d6f177b23484910feb4d0162,26915,5e73be71549ada296fda3bc62feae6431923731550e03f60f763471a149144bd,1,168
fb177c445e215e9abdd8642f,12155,4377ede03db3e678131057e8b48f395b985c64326c3b2969d5640655c6501062,1,169
d3a3fb63cf2e755975e9c9a7,13036,72cc2d985e02a17e9216f46e1119702974ab94be652cb7f59bf26ffeff17e8d8,1,170
49dc5db3d86e859df9f7c063,1373,10cc9893a3be1c81952170248de9272cd396fbe8049a403d7a139ba6dadaf73b,1,171
030258cd46d2212b5fe03dcc,11590,9aa87fe8f240cab29fd911d4d648a2933d44e3f9d41e3dd8681f73db4225e244,1,172
3d183e5a18695a3d569a6e80,14940,2e0bb01132a187bd74e7cbf5b113f3c2c9d0f4c5b8f69edc55bcd064782d9b77,1,173
a860cea3ae932316389ad69a,7981,6d58f8abb0c3d20d6080a2b97c0a6233fc712aa32aa54f4f65fa71d79999bde9,1,174
8851f783bf80c6453db7449b,12407,dba439670e67e11b21ad03e5affc464df25018d7663ba01627da7394ec7a0367,1,175
0babbee7f92a1000d6ee1a25,11549,6091b1a7de1a8280280c9db1c90965093a01a4cd471f0d58fcade79b796e06a1,1,176
0f8c3dade458abf1eebede22,18219,5879d68de9e2825dd953a5423c375dc13008c5528940f9539bdb9b2fa228c767,1,177
e0440dae9bc21b7d7820a1b5,7175,2ef232a3bb57d0c929a1f0c2949f0e30604d9f2653357c49ec2996c7087a07bc,1,178
db448c4677a30bfc415d7280,1537,9865aea659e2e8d123b22a9668b100310e8e761cd36d553e334486cc93e121c2,1,179
166ab69774169dba85bcb8f9,12831,10ee601e5143a9e5e7876bc1e4d9c740bc695b5d7edc4db9b9f02cccee059937,1,180
341c7f4754ee2aedd4b10420,17222,59c3987271fbea1eac0340196407c03c65ea75b2835e79cdd3dcd09f0b877b93,1,181
fa25a059d1f3a9acb46d60fd,15575,540c8ba61d7a1bf28e8c1b910698be11065c14a0d45f67ac5b411256bdfca1f8,1,182
a810976f5ba2864832d62a19,19940,8f1723f6c40c7d8a08ed7d7af4376cf216e399335ab57689298ea0ad7425a06b,1,183
03426aadb9bbc5cddc7066e9,24416,88131d88ef2603500f50d873b3edefb0460a666c8914640550dec64d78b60daf,1,184
0c04649b7af905dfea725b2b,520,dd95fb7aa13547654d8081fd58292bca16045de9b92062205e2568b06b46c6c3,1,185
6c74430565d2436fc3453226,14436,b9ada1e6d21accded8a7c44ffa44bd2a8bb8a723bb5435aee14bbecd39d24586,1,186
484c704791fa613ced56882b,9169,d4f311b691f042014dc8c692e55c0e00bf982e606e7d92f2c4a7b3e3f6a387ce,1,187
d20f86f348d5f6f14b93c3f6,3704,c5861626749db2d923dfcd860988a6c7f0dd20cadfcf9a92626a71523cc4b622,1,188
baaba6eb519572aba387994b,27501,d4cf059df7f9c88012b2ec21e00ec445b54b8fc36edecf9a3c7b8752ed47a668,1,189
4f395d13118ea9bce9d1cbf2,676,fbf61579917a5ab542abb93cdaf938be320da3bd65df8214ee92bf191268d295,1,190
f6470868c4e780b246289900,15875,b321f79d9589fd60a532ce1e4dc56337efe7a3f39610408364c88ed4b4a743ff,1,191
557596a9a36754ee72492192,15839,0219785d477d9f7ebbf1095d39e02d86b35bb3b5c46ab26b6c8fd07d66fcb9d1,1,192
571b342e532cdcc3704bfe5c,11499,044fa628935194eb2e551bad482895588663dc541575eeb5c41d78ec9cbc9b04,1,193
6669fe95604d4b4895b92f8b,16033,af30507962ee95c2ade346404bc5dc30a4b6b3a6db5b4fd0720c8102b4910a06,1,194
2b9a945af383e12c5fba1e98,7139,33eab98894043ec4bbd453d8fcb00d877823362dc2edf70f3866f19c09288767,1,195
4fc96c1acb131f827c717b63,9388,e6847f33fea4c1e87fa5790b3f66f9cb423cebfde35082b30dc85bbcca784b66,1,196
40fbd8c86da2b2de1b5a02a7,9539,636fa24392c1bd4c24cf133d0102b0a4137879dade6412ee8cc19e0251286b24,1,197
f837c85ea17aa3fe13a034fb,2695,5902cce50d44f2964adcb5fe1b99de5f96b5a64d9b992e85becf5099bc7d5c16,1,198
51f419ae4e09e8bc18e76a1c,27467,65a5e90f723ca6e73945900a54004cef0dfb8ffd93699aec0fd7ec95d19c0f5e,1,199
f09292b50daa3397a8c66c0e,24490,0727a66fd57512d4b92a23dba6a077f1ee370af55a95c4eb8ebd8be37a5602f7,1,200
398ac22ec84d5cdf24446211,10017,ea65a568d6b912b8e885475070ecfbe467184a1e85ce19bc4adea1ce805dbdac,1,201
fc3485ace3c5b42065ee6525,15413,2ffa1d288ee1ecbbf90a484fffdf1e1a59c37467242bac632146dd15510daa41,1,202
b04c966dbf546cf8088cda56,3426,a6a8034d843db071818764ab65549df6673af70bbeee727f035455b12b04eccb,1,203
66b5d2fe0d2da7aad63526d3,24164,f5264b42ba0b76f1c7ad6b9bf464e81822f25a45fb33b8f5f20305d6bc15ad77,1,204
b2bfdbbf1eb0155e9712412e,13640,9b4c7dad52ce79ace46477f37a4f5ecc6c1b12c38f2470b630d20aab2ce05180,1,205
0f99b752f5b1d860a56fa689,10052,35694cbe90c4a3a637e90fc009d5f3d29410b8dada23428a128824b2df1d8aa2,1,206
e9a6a86bd2b43f25112370c9,4641,3a54629bb25110655c54291ccd313646ee1c0d99cf825bf04a323fb81c77a4da,1,207
96597e00625202638bc9c606,11519,d7986ed29a928f475dbdc2e6d0d6fb9e2dc8633361f5171cc92b1d89b0466fc5,1,208
e75163982825759ad22360a4,24271,ed2678830ec399b33e8c8910043f428d9947016ca05e08e6447a1de96e17d6fa,1,209
9fa2db39eb56b6b0b0edf184,16204,5acec4e5e0605e0f60bbc0596504019324d3938d9d46f24e6b2171b2814bd505,1,210
8705da3d6e5e5abb749eff4f,16197,1a9b45ebd23c17ee94e103bcabc4d71e30559464869837b36a40ea0798719eff,1,211
72ac1c76e87e3e2751a942d8,938,aee630e7404121e39d9b30618024d510454667bbe619c1a400c030efe758d8bb,1,212
51c62dbffd5f2aedef3b3cc9,8295,74166ccf8f3b225257a5bd7f06df342f606280519982014481d2befaed1cede5,1,213
0c1a4c831c881890f66f006f,10439,8b07b50813ffd2fcdcd5fcddb8ba70bd1f8279ff5a4b04728d89de23821fd38e,1,214
28acf2c3c9fdb9b981101d27,1154,e2fe40268ad765b0db2158b4265818d575779a6e94ba2ec0853f9b412bfe1eac,1,215
4a31c0fa6b7de89f03ddcd22,8379,fd368806d1cb784768aa2492fd9c7ca944537652c5a2fff70cc60ca1fde9f4b6,1,216
399a9801ccda030c92cb658c,5020,3d8f9b2c8675f6c7bf974a1456c8747ce48c46aaa1241e5096e1e234f20a255e,1,217
9923ebe3770cf250de56a068,6707,b1a4ca8056fca9c2ded809a09ba31f87da5b5a8c51459dc0816e64514be7e76c,1,218
67121c62dc1dffcebe7e37a5,9375,b4b26761880338f068067f1cf482445f393207018e40c94539463fd9a080a9fb,1,219
bfad447e1d735b5629cf267f,3068,03c0bbe27baa8da16411c386f1480e5f33bf18fbcaca5aae5f716bb7f4a4a780,1,220
990b9101fd1a109fb8e64b6a,2805,a1115cd3cd1af8aae3fdbb4c072de4f7b2007ed33631a1504373c7cff70be790,1,221
b2080d65176341e76d436ec2,5371,9200698a97dbedef105c4101abb051733dce4fd1d785dec71fcab0303bad264f,1,222
e33eff3b723a84698f267877,20817,0c6570047abfc49471efbbc241d8deb88ac360f57d9a406c5e41f5fbaa3e663b,1,223
306fca9089d46972dd4c5ffb,8031,a44bcf9b1508b73fc90c371a41460ffbb4492e7681079d6967daf4d09cea2929,1,224
cb7207fd3a35b3020e43e9a7,2668,78d66ee072cf42f6d83d60141247653c1cab265e052d094e4b7b6d494a8d2050,1,225
e19288f050f5854eb7ca431c,8946,149365f7f2654160c4ca034c74cc04105473461485c8bbcb84d7838db7e13741,1,226
cf8532129c7b4b4c1aed7390,15075,fa24b28760615e6eefea96fd6a1a7a74389809d44968ff749ed6571bfff08d0b,1,227
76026762f5e308d61a385b49,16764,f1e9bdbaeedc0657b30ff5f11c3e0cd9fcdb09b759da02af4f723597f52ad822,1,228
c562166a32907d74b42751a2,14615,d1a30db49198f9e73e517589b1a7adae7d5ca212ae01028ef1adb5900af8eea1,1,229
3b49c8ae2ebe3865e68479f1,15231,469e90628d6727026ebcc17b434e686ed2c9aa925f68c72e45da3d78acf0febc,1,230
a3ed4a85bb405fb3078e23db,24549,22fc8a6fedfeafdb8832edb938663a15293c23a4c07e0dc7d2b8f17f37abda21,1,231
74b3f2da5cb49bffe43a955d,8679,089a8f89ef9cf45b23e1e495d330d0b9aebd15aa88b060476f87f812840d1a32,1,232
9bd1a9b20029325a8e78226e,24444,fbdc0b1843d8fc6099f9c611d23f6eb2c97debf0a4ecd726debda8655bd40efe,1,233
062f68d91882fd53e688fc05,13510,08e505a11fb9ff361fbe16c08ec937635ee1e5c0f28c6cd7514a2f0655cc5320,1,234
e8989e70d8230ddd13de3023,14285,41c53da51793c88f3f3cfe6ae93709a893ff400aea82a32e20e259203fbb066a,1,235
d1a0460ee19ee0dd7562aff8,2587,d0bf5f42bf6216f96f75db27f9453cbe891fb01a3b2d7fb1b78e044f70ea3908,1,236
99490e4e09023181047dd778,22094,33f175147f84c010866a45052d5958fdd475c2c697ae30a0cd1a64346177556c,1,237
d937041fc203bb2121062647,20111,4383a5587bfb0262f14611edf5a95203d0c421466ae8bfdf63b6d8914e3601d1,1,238
d9de288c415d92b3cca8c6c8,23032,37af4380a15721254044d4c8de6a07320810166050042abcac9ac1f47b09a64d,1,239
aef3b2bbfc215ba377e48e6f,2025,a7c87f502eccedcf4dbc986a715c81b586941c6c15eb56b0be4831ccad7e4604,1,240
94b282c120a0f21e7825ddf1,26571,8a22f25fe62cf567da009ec9c339ce219d3ff650399365ee9409580e3ca3c3ce,1,241
409c14b74f1d313befb63310,22965,2f65c07295356d3c541555b1a64b0582d83169a17318e11526866e4d72271954,1,242
f36d53c39668e6cb5793b0eb,18792,b0ad853e9ed0b1cea7b20dedd9b6055e348166b1ec612cc16931dfdf07df5b59,1,243
6eb1052bf53ed34db0720274,17932,0b5a04f23cd9ebd518bc0324aeff40f64baf150ef4a3e5023784da952fee9375,1,244
821da05bc6ac7ba8802e1f18,20697,e8456e55101cbc45690b19e448d863e6c6f29502dd1aa8cd9925dcf1de2bd3e0,1,245
ab11122a9a03e17c0554312c,16883,f7d5592b97529e48ad32c21bda6175c73eedebee9e1a535d3db95609361cfe05,1,246
e8f19f18c8c7c64cd727ff5e,6727,c4a1dbbc483516c6d7cab328800fa24dacb8d457f6555a923efb6186128155db,1,247
442c990be89377ad326c28e2,2252,6f2b985163b6d6741a3d4c7da27e9db0f1297667ee53bab41cafbb3db2fd9cd6,1,248
4db8b0af117288be25fbf62b,24245,868dff6b5e92cae6a4f969bae4c4a061701acb9e9b03ccee9b0c30217410b19d,1,249
3f9a3d066bd45759ddec2520,20218,ee2ba5d9a84c8d8a04bcfbb4e1e9e3e19932033b7dd562194f02b307f5c0756d,1,250
9312d0fda821c4656f8ee19e,9578,7b933144f16f44ec7a21dc5b05103840d2d6377cc2246632155f2b66b6c1e135,1,251
63bc67cea3097ab7eed2454f,7174,6a7e35f6c48e18c60220f89070976d992f97c0ac76cbf59f0f906f8251de5166,1,252
2c93561f5cbb326212c92fa7,11644,ca50b95d4b1091d985f93d7822f6d7bf985c38e96863a091cacb6fc1e49a9220,1,253
8e634640dad7bb7991a06056,26477,cfdfee315c14b0feb45614c2196246dbdab8c97488585329a8e5fefdc9154d48,1,254
a3fdf7387c6481515cf8dcde,956,708cf4ac9787e1e3aaf178e68c575c57d39f0a797be98b51e3b60caa5146dda6,1,255
c7fbe1557b853c65743d6727,15994,8b58393de48294c3bbdd9abb6965354ade8aaaf79cadb2078d1757ccccc2ae36,1,256
f9cd413a36306dff18ea59ff,26681,d57fc84bc861be914b6df02a2a4296fb02fe6a43777beb0744b7d091f10ca3d7,1,257
caffe226ec44e036d378e66b,7976,ee30b685e3b78d55ffe1518d52a22144c7b41a56d4b210cd74029425da7a7e47,1,258
cce7ced26fbcf471b3cb42bf,9116,bb7c7ab00f248a4231235c9757e28c4dab796798d801720021532798ab6708d7,1,259
e14b16fa65e4e8652d1155cd,13944,a37807bc7563c87cb77daa90aeda928f974451382b8afaee650dd3cffc645e20,1,260
731ac50390c67a9a0e49f41f,25198,7452dad9b620a990acf0365e4a8617f99fe3697aaae1c5f7052a52503fefcb41,1,261
8d61117b5336385dcb35f6a5,19180,f5ee72b53cff6478ac72476eb1ac1a56d43d41590f6a650f5457f6511b1b965c,1,262
b5c66d54ee362636aeee9cd6,7063,295ee0ea4f98e6274c43a2d682056bba48021775cf0b0fac7486aafd219ff135,1,263
ef8fd6af560d9d1b1326e00a,22069,6bed42f9a6e224ce0e172bb13ac62ead982d1c11fc2e5a2b0603c8bbd967f46c,1,264
0bc2695c57063e6d53e014bc,27917,40e49518ffd6e57c8256fac7ceefa60c97eee655179a7a17cbb45fcfa54b3b5a,1,265
c94603dafb08cae88283e12f,5916,64e739e20267ce6743bbcad3ab21bfa92dc94b3fd33d4e1a0b817c350e0190c2,1,266
a5bc4421ce6865e32a8f69b6,16077,6b6aa30eae019b4c48579ae91e7a0731257de64cabd4971928ca8c5395d5c8ab,1,267
7481e27364fd129144916c2b,863,8b26a533b954ea9a851679ecbb0e2c12f29a2e130ee12d9cf52eef99b434869b,1,268
23c94c2b8919fc7ced4c2c8c,27717,939a020078b170b1a8c0a24b376f3a789c0ecf828d043e174d4fd9279687f683,1,269
5d59ff1cdc82306bbab69094,24776,b80c0253cd3ec6fab18ce95e7603b1532ac9ed5f27aabb298e6c573c62bc217d,1,270
27107d88ba3108d5a34dedc8,1483,5906d79f5f2d78ef713fbb9ec67ba73ba751e41d5bfba8c68b890eb0ede45ec1,1,271
25f4aa0bd4b726175dcb67d6,24947,d93bf459f7d02f8906b60bddd568adfe928bc2ef47da0b038e1f7521eb4f9afd,1,272
e50295c8b65e8e883610727c,20173,1d2cad36ac92db91d43c350cd24d6360acf8b921d5c9595b59a3056edb6a00ce,1,273
3668e9b203699efc2e4e9b71,2607,a762d68bf1e6323883fbc19dd26535a0cb4ad4cc88b691e01e2568eb45f6500f,1,274
14db54b04eba7310e42f84cc,1935,f7be62156aab560fefb4205656c3feca08cdf9a2f15da7193bcff34e0a4d2393,1,275
e66a856c72c7a32f173849cf,17796,3f033267bbfbd8abbe8e55c0dc6ade16f2ecf9f5b01e1115963dcb2e7095b58f,1,276
9ceedec8a0c312f4c5f10268,19429,6b543628eb4970f796f63ce0f782526f98e91451f64c200e1f8512856b0c6d2d,1,277
ddeb5bf399d7c4c4c801751f,20969,ce68394929a7436056a726a8dcb4381fa6f754b10e18e1f6747acf6d666faeb2,1,278
0989e70f72fd8dc858b0cfc1,7725,174db105f31b8b9b1cf976b424c0e9be073c51e855a0171c057f2591ddf72c71,1,279
63752052bc32a59e1c07f17a,20770,5ca14c36758bfc7afc9d9d99070b6ffde9b1e386b89f4634c2025105445bab2b,1,280
d678fd47725881072afe52b3,14541,a51c807dea9aa5c8fe979facd6c28a91c77485898e786f82418a48d14f80ffcf,1,281
2c8b8d050cfb5a02ad50ebf6,26875,e0d976fba9e92802debf65c6da2adbebac72fdfbf7ec5f3717cad9faefbfc68e,1,282
b8fefdd42c4c7808dc24ab4c,4395,d77bee7153b5e7f8c1ff9ae7eecb95c6f71cc267fd0495d668020b67611a1155,1,283
6744be49a91bd6b74e150434,4696,6e51d291a91878394663b75c01954c54135415c463929781b3b25d5f089828e6,1,284
846f1c84cec2fdff3d6b9eae,26373,4f2e4ac54234cca34caa5f6f1dc1a20daea4d25fe2f3d69b553cf908c1c93ea0,1,285
9f352d303baf54aca09b2bb7,14628,12db50e179c08a6037b49b0836b87ce1795ae257c444d1a9f5a0b59ee6f855ce,1,286
fc61efbbc0f736e925e5365c,21064,247dfcc650f9e1ddd938a855f69a002ce14f22abeebce680ad78b7f9c18b4ea2,1,287
89649505dade1e593ffc5262,24199,e5b5f95ebe2035064881021bff5071b85b3f1bcf609cbcd00d031ebac58274bf,1,288
91a9f600cc609dcff59e6876,9573,ffbfa9dd127060f99fbdda6b56a73484da91c06afd0cf07d943d9bf01cfe6478,1,289
fe63a2a9dd647a2513ec1117,4123,2154f7e2e37a815031a872ebd0a4b63b66bf838481cfe48f1351e2ab77c8f72f,1,290
230554a8ed3d992dee8b6384,21678,cb5a68c366abbbc51601b49002deaf0c9e8d19837d2d2838df021da8af89bf00,1,291
1a37cb038defbf5ae05b284b,13037,62b4ef8a2d92066d61d0aa182ba29235f64bf8bc1f7b7277247061c58910d735,1,292
dd75f4b1f338cda2263c40a7,4224,1e47f0b1d870600dd696d018516a67f0656053af34239fbe865ec4393c14cc24,1,293
bb53e1972a642a3cbc333b03,27333,35f720955a3084fdfa66b30b52e810b3800f12a66999199657c40c5e13972f3d,1,294
942c2a0963fd23dba467bbe0,26268,92a0822066559039c788d26ffe0285c80fd3b2c61df9c95ed0ec9c2082203a36,1,295
21136b2cf24f6ca475a3537f,14549,8f1a6b82048146803e7a96baaea9e0c298b4594707c67ae57eefec4126143fee,1,296
204df69e6d904395cbd58851,4402,b2271b1a2aa3f218582112db999f608f80aff4619de4cc666f625f29892be9fb,1,297
fc58baf15049d18d7f1c70b9,12353,381c1e9d1ec80340d8503301ab8f782d4ee9a0e255d78cf2734f56a729754fe3,1,298
65cf27cc9ca88489bde93e12,6649,d60816da262452d55790704aa8555c5474e347de6e6d1d072579c7003e093e3c,1,299
88a9b0e78a689507252589fc,3407,5fc3107aa7d6a891e36ecdb2b566aa423a7a2bca6302b556606b9e43997a401d,1,300
f20981c66f4a3e560b22ee0f,434,b7fae18118350c83a92ff3e1a0a5e9556775814bc35ead790473b935405e9366,1,301
5f9f5e2212d49ab4c60c8261,11840,75c8386826d104a3c3536a9968adc30dc1d62f40615b6a5745f602995b936e28,1,302
a5031b505f2d78f5d0aca9df,18001,0277f3ba16acd2a6ef7b6065e5e775536c5e292cfc816bc731c958096aa3d7b5,1,303
f8a56ea5124a1d0423a7e087,7303,a12ada6d239d498e6e8518a6cbfe4efdabc09b7a4411663bbaa22a6bba25a551,1,304
801167a2a298b076d866eb73,18387,675018474fb9f1d2099a7ac81040bbd7aef0a59ba1903193aa2a987000e48328,1,305
7bb8dfa384a588c276d0bf86,19881,4cd1fe2b32ffe6d6d0752a09a5ef3d732c689ed9c21fb07e4c8ff458f1b5e7f3,1,306
ac20e0be21b1540b03db52ad,16406,9afcfc63f256453caec4240ebaaafe50e18074d0eea22c682210cda38bbd751a,1,307
fccca544638f0faa1e6e262c,12749,5e69e0233f72bc76592156ee1948ce322a189f3fd716e18fb5e094b52f517fff,1,308
e9206fd56446601833abddf6,5993,a7219db3725bdffff98b191954d93fccf39894e741c52a571a1c675f66eeacbb,1,309
d60894b1eea08c4e252ace4c,14229,f846acd1230550df6c1462b8f0f8db54f434288c850c5a06d93c86c5bb349627,1,310
7ddbea79555d82af113d584f,7495,b9a33d40089c62dfbc029be0391aa7524c1eefb8e26e89b2f045c6201488a73f,1,311
79688073dcbd943f917d30b3,27393,192c53987a2cfa1a02292963741acdf0ae89efffc494053a8beeaa1dcab03173,1,312
2976f94cdd5fe1a79eeb9e47,92,c5f6bec414b907ac492326ba9bc47cb83328f4c86e45d9ddac7d4f65655c8cb9,1,313
bfa78623ccb261e3a21448ae,22722,b3f14d3528c657e80c406eaa31adbc2e5aba60a54e0f62e1a5038f94ba00d7ff,1,314
fe90a96f2eed22f6fff907cf,4960,398f0d4d15d9e2f64922d7b9937a96f44f10217db5efa2841c0a4212043bae64,1,315
37ea797487e32800926da2f9,12792,40800716d72de3e53fb9d4409133fe232a0ac0c1a0906d7bc97a70fdcef1b24f,1,316
d7e1fa35cb0dd90ca2515d62,1025,04c788e474f9230b8706e83a60a2f8d1798e4a505bbef9b847693c613b622716,1,317
441c1798dfdff6bd9293d974,7110,541f438cdf145946cdb250f6ceb1bc1b8b6084222cd463b1db153ee6dcfe1217,1,318
0826a7b239d6a1074f20f066,9964,00db89b6880f6a31fd9928b0059323b88a44585992915a45fbc5c4619e283305,1,319
17749077599c063e41a71354,1453,66167e79e406777f8c79a77be053219ca08cf35ee50e5dd0694e5009cd0d84aa,1,320
70f2e6594134e4c1c9a3450b,8508,58f74f102c48ae413b101a236afedb690c8799a9ec5035bf25b93dd85a1c9845,1,321
9b6114d66c5ce1ee5cf019be,25380,d9b39d7b188b3f47aa31daca7abaefca16895eb542088559ebb9e8b7dc26f470,1,322
aeda5a949cb59074906d0a00,24242,10146c7b3c078d91865b67473fcb1dda7697f0e591eb0d73c2696737caf1eb03,1,323
2c966f971ac08652d47e456f,17369,f9325b5713929e9bea340356d0369bd70887d26798c9d96c3c20eda436bb41fa,1,324
8d1845f933c3b83dd022be7b,14716,6cab417b3c7c41708bee8f47b721234c2dceb842f5a2a75d1dd47f93fb85e027,1,325
8a36b9d0dd5ce51f27d6d493,16685,6e1676517912e24e4eaa1fe9eaa67c07b6d74c3b2c57fc18ccaaff7d6cb8f0b5,1,326
df65b83e8803ec187312ad0d,4814,df816c720d3691e9c803c68c3cdc1f652b7c0cfa913aeea2952f2af2ce950e7f,1,327
30ff3205c301b47a887b8fa5,16440,a119da42f0550372db731d74ab672166ca56b1ecba88316e30e4e47c115d84d4,1,328
3f22719416694a6fee1fc8f8,10678,6864bf5fc0d799e1b684b568ba5a9a2b9f36b388c340dde9381246f58fbdeba5,1,329
43b31687fd9b6e91c448fac8,10914,e6d78a9f9711208dd4a34ca60576c2edc2f9275f0baba0784be5b721456f2380,1,330
fd93e972ce24be12696994e2,21917,0245ac5caac78fea50d77a871b6e9ae5bf9b3809f7e886aa3ac3b4422d81ef06,1,331
d72e8d963420311d2057b826,5712,4b885b410e1b746a7f3b6f19fdf8849e55980637a4961d66ae604e54b7d647ab,1,332
2dff46144c7244608bd0ec1a,18795,9e5d45f71b50af5d0b415a74be49abcf426573741dd72475570bb7a92039fb29,1,333
15a3422eb0d9bb976a9735d5,12834,a9b46a44eaece8085ea2a88e33cc3aa5876bc83a8afe961775455170f34e889a,1,334
c0c60d9c7d72e8a0babb95cb,16730,a1ae8c85122fcf911308349fb9913ab1bde8e3aff2b3bef6e8e2a845211fd25c,1,335
cc0e5ebe4a3459674c1b4e70,13536,d242539fc7406a616bfc456ce73c50705eaaa8bc51e1973255f56fadc4b96f99,1,336
cb69bf836bd58cef4c4ee371,6673,744f35b6f7592aee3add95781005164910e2e582905d4dad06d57accf300aeee,1,337
b95526a3e1912e137d6a9504,3199,08d3ded1921f4289361514b356a34fb1ec48775394bcab059519d044ccbaf7c8,1,338
7988a205b067737d6b8ccade,16600,3ef7db155ad2f7d237622280028dba3a0945aaa4c2bb561cc0798a4d8065aff9,1,339
1b0c8939285903f71e073b00,24860,40250b2b92ed93391faac285b4aa56ea95053d8aefa3aee352e2aec9e89633f4,1,340
16adddd408dadc451c2e7cce,8281,cad727480494474732b7da4d0e8c796bd22e069c134f44a02c6d0b5e5e775fca,1,341
bfa07723e585f22fdd4d2422,1118,452f2d56c8a585406ec4104f2f6db2c7c116a8ef127c69bbec8ae25ad3834b5e,1,342
32b7d37bf4e4b4d5bfade9ab,13810,13b9183f4928f7c3304690b3472939a120ffddf1a1bea2e513cbb22e821a43d6,1,343
df9751d22b129a609a30cbe2,18298,5360b5eff3fbbbf7438ad13e661662bfbc5f50e856573c86ea134da159ad21ce,1,344
2456c83e1e23713c27995b40,9787,2bc8b7d473045285f7051261674161046be5771d15b594b652285627b3a87c6d,1,345
86f79e02692d8880c8559e71,11737,00ddc173f909f01dc85c1a37f209e66736335b7125ce58713d95db04c378dcda,1,346
7a61f6fdb7086d3d889766cc,10116,5c189909b839191ebe6c2becdba542843631d63e8593695399737c9431a9dda9,1,347
7c89305aa97257fb14b01325,25594,d598d8216e3efe7ed3253fb84b6000beea79ef9a4f9e1021f628dd9b54427647,1,348
991dc5cc75fb5033d7e28dfe,23530,efa28ac240a5d08c28bb53939573d8098d84d983474b59587e83d5acead1e0ad,1,349
36984405e5df70358cdfcaa6,5728,67c55ef923c28840aec3aed2eccae99f66fbdbfd8f3b1b1df1ce6b907b8691b6,1,350
75287b4fa505dd7e6b266d11,14656,54f3c0386301f5b4f38159a42b7a0fc9e211e7bb2b95852bb48b75eb06c7c9b4,1,351
c659660b0243afeb74b94c33,21138,778858ed75543fa599136683bf0695f8fa90e5d9eb370948e61a35cfe6b26513,1,352
7e6f153789b65226aabf12e5,18482,9220db5c52d6cf130fd52f489d62d7dbc78650ba0c68cd70d918d543f4082c7b,1,353
32c84e7f4d8425d7fd6effe1,22804,3aa95b4af7a06f3655d246d92c27dd8a7b64af0b3582d482299f948ca5a0e630,1,354
4dec9bd28c421c6edade9f9b,15587,8a885e7d6285e59ff4011b032f02ce387d2bcf2a1168c79be9ca68cb2b8c8e42,1,355
8c6f2a215478a554c1cb4ef1,1447,304f581a40ba85ef0c75db82b9b8d929ee632787935261fac193e15ecc18bc53,1,356
eec6e3d05bd3d477e9b98a64,14684,a63e390b488a0685b7e477d12971968ffb3b9dd78400f7f734dd1f8ef6916475,1,357
c4b6561869fd10f0a15d1c43,14431,596cc1f607b5fdd06b0736922b8521497b776d493a9f99177e22e066bb0bf7d1,1,358
22994d5a0f7a198daed71b5a,2545,a6ad8a90590b296c24a7d4b22e9207f5683748071a98aec049afd56439aea844,1,359
ace3ee4bf839ebc85aeed117,27470,6ab6339711b81cb934f497e4d3aa2b0dc51f2b89c14ed2b46f09a3d4e9ea36b0,1,360
a0bc265e77910893ef4bf94a,23238,79f541f634a096718abb0586066d7f425398f6063f14e08e6a30626c0c96dc63,1,361
ca91418cf4a69f652c11a896,27134,4dd1e191aaab2de36bee5fb47e7c27a7b32b4d5226da98cae803b7351d68f476,1,362
c660367f16e0ce4e0e5e3eca,24932,1726c9cadcdf5a6402ea042ecf0c48a8449a89498a59e89a8fd5f37036ee8fe2,1,363
bb5732dbf6ca3922162023a4,9709,cdcf3e03a51937ddab8a499138b683dbe60d8b405801f134c9d5b2b90d912547,1,364
c56dc9ec1832b3604bf5b9c7,26239,557e0ee969aeacb617c6e1355bd5dedff1180c77743aa6bc27cd18d43ab92e19,1,365
3b0de6593f7faa02e63d9de8,281,0954c1ee3e6a2c319c792f95db74b06c6ba87c237096ecab1e23204c1964bd7b,1,366
370cc91d0ed1d231e8335a63,17282,f7486988ed01579152e0d85a759e4413fbbd8a7d053959ac38d37186ac34068c,1,367
a629aeed521754240ca19e3f,18279,4f20f20b3958d4de80c64ea1634df6553b309ba6b93198d75e87db8e4b46ecc8,1,368
a6fdb8e5c333b3321e853b2e,22863,f494ff7b661414f036ddd4c71e483b29159f64e81cb05f661d738e4a11b25abb,1,369
8fedf87f31bb8f091a03b964,4640,eafbb43b88768c2ad3be6db71cf4933029fce45c950f32482ef34020fccbe3c4,1,370
dda43a8ec84019bee2fc09f5,21030,4ce7be07f85e45296878c53513c21133d1bc4c7ca3626a0328f1ccd832fec850,1,371
c76c5f7a73aeb2727ca99fcc,13842,2af31cd5f6a89d8edcda8cf8f653874c6d868d393b598674772d73ce34b7972e,1,372
6c81e6eefa1704ed6822a70c,2941,8307269a34ad3777c45a511b6b727ccf2fafcc7c6f3e6ab92b7dbc81e581eb62,1,373
565cb7dcce6dd1a7de6511f6,11666,8cb9df38b8fa42f45d2ec9b3b82e2c87bd1e6d80b18c729b3bb1022b59beb030,1,374
0116b4e50da346a8ee3c5bc4,16109,2f861734914bc68fd3e4acbbc5da5f5a22f98672bef29bb40d9fc94220aa91ea,1,375
707552280759c093101cc4fc,18971,7514ee714ddaed74e717fe0c1f194b268415bae07a4065a626a809b5fb3364f3,1,376
be46ca51225990ee58dc2a7d,25312,249d03300774e6b5dba19521b393768941030e457355b06ae7643330c304b1bb,1,377
e8b007a375ffb01be298d39a,12405,8d4368a02cb7c2e44b9670bc234f0f17661581d27bdf7d48aa40b0f8745580fd,1,378
6eaa030c098ba621c7593b5e,6499,1bf59415ba6635f90ea3a51113a8b6ced10eed7a1f572d26d6764b778c3acb08,1,379
9da978f4b70ccf75913eb66c,24516,af6a5d6fb99b063170805306a2b65ee5e7c0546ae4bbdd3b16973ec9d0db90cd,1,380
90c2dfa3e12588fa6c2b3084,8773,fdd1c41ffe6dced890adc58d3d91965d05e6c5e6c9b0085f9e2b18b97b01890a,1,381
748ff11bd0ffbf8c94615d3d,15547,cab69feadb5bc4a9f9a97eb86c0398a203ee4df78e82ae1d2260beb215813b99,1,382
5833fc9e5970f8645166e3c8,1547,30149155242c96f45de0e17a4adcc557ebb2fbf89b5773ce9c33176acd22ea11,1,383
ddf5ccc8e6fedec38a81b3ce,22813,d3ffa8294b161d25d32639d754e201f2ae7a56f1e8a7e970846e1c082cc31062,1,384
e78ef13cad47c2a4a4d49420,6932,49f6c6792cb9d8fb78e2a1aea2731ce9c1919fcf6cdc67ce308bef84a91ab5e1,1,385
bedf4da1e0874076bc417dd3,16178,c593f37345abd2431fde356fb3d6cc9a89eab6203329ae376bed9f12b092995a,1,386
e022e134ffef9e90b568c85c,6632,94a0f4ff5d50e617144229697aa0e154155ba9980f6137774988f6de77f31a65,1,387
db0682a3e722d72369ad6089,9046,6521faaa09c4b412129b2493fe177bf3083df4f692e7a9c349cf9d2b603beb27,1,388
0ee8430031d82e3f163ca76e,7382,a1701baf32df3cd08a399647e80fc29df31e20ea5cfdd469ce91fc0633c61623,1,389
53b5bd9dc2efb8dd43190259,9353,b9d79350f486da8b7e08616de0565ec0460fb6ab74b45d1d1b47717168107a4f,1,390
cf31da5c0412820902ec4159,5850,62b8bd8ddb4e528168a3084e9e261b1b597a5b604b35b327083167f5153704d2,1,391
c60340ef1c08f5543e454667,19772,f1ad3993b39e313e738416c4ce6d1da9558631ab34d89e54ab5a167798d118b9,1,392
f9bce918ddc29d8e76948146,2455,b85aa38c8acd92c1a0cdc6944596ae2df69c70f14c226ed55337f45e3c537ae7,1,393
a97fa3a15f89f788013b3195,19172,b1464f37de2d09844a08f86d38f7a30b7e51074aac845b8cdc458ff519ade59d,1,394
3b9c02f975d6188e19d52357,18166,7d010e9cfcee2d990f240b8a5a7c06ef011ed54900248e0652cca57e3be7dda9,1,395
b41713f5d71be1470bac018f,5030,144875e8dfc5f2551037c18add282f52d8f7be4e44591cda4314449d6d46b0e2,1,396
81b213c27ee07a9a9df5442c,5603,2f2d4159a80a6af55f496a57773e5e3c5da92ae887a8d2973d4dfb00c89ae9d0,1,397
815b1a4c285974f0a1f529e6,23563,be8cff04d786d9cac9e44bc3680cdae6fb48c3dab39a22c5f9049b73c3c37301,1,398
e215b745a24858a91550b27d,14311,baf1462bc7e4d802524366b46e42c637a3deea8c4a18de2900103293d58d55d3,1,399
2d31c2cd02ac148e8188ab2d,21102,2214f51d231df021984ec495957473c8038e8423f631e4c23566418551ca259e,1,400
4cd330ca86b5b47040812f93,11638,69dd23899b97124bb7cd29e3955010e59027fb99511072f990bb4a18753f6f87,1,401
c625bb3f7162fbe9e7d0754d,7079,0aa5b06a6cddeff32b6bcb6d2c5bbb3576c82703ec3239293442211e0fa55590,1,402
1c698a911db04cb70ab18493,11718,6494d2a3cb3453bd6dfa350ef1ce1270a7cbf0025b48785f04c5fa83d5dab522,1,403
a8ff1712e1b87761e936d6aa,6527,b79177bb1e7cd12e4da1087e59472d24cf1d272e7a7012b2961808731ce26e58,1,404
c4889ffc4011f22dda484c0a,24041,8324ab05f346c5213dc668b0cc1fec89fe016564767dede933977096c9076342,1,405
d8d6e7c5b3210df9aa95d370,24303,dba084a3ec7a45ece3c4b7bae46b831b0f95d5a52d4b56b5d02e12ce2189bad8,1,406
ae4238b9640e6ead3a184d3b,21024,76de235fd3008075c7cf82eafdd9b0e4cdcaa39bbb9a20fe9c71cf0191628cf6,1,407
37b7dc12ae88bf00e0c0bff7,8103,e39a4d9d1f1f7e99e297154fb0b3cefb93345d1fc92b78b0e187e68d60c99255,1,408
81469668bb6442e481a9e80d,12874,d397f6fbd79e38a307493ca9ea7bb256e03e3faa208db5a09d379be8dd961740,1,409
ae14a5e1ab97e8e20f96173f,14883,b8bf8e7db5296363d2887bade52c32d78abb78cdbbbe365f3ef41fcceb2fcd5c,1,410
b33140a6a1157f084553e252,25243,a6291ff24c292b8b3e881916b4261a405e31f1ba6c113725c79d1f329fbe1ee4,1,411
810ea30b9c12673b87545572,12123,19c66e03c32f1290965eab6b1de8e8adebb72213750bbdc33f745df3ba4f1933,1,412
ddd39ba290f260f4733a70fb,26823,25c3f3eeec38f3a49ecc6842735b926ab665365529132a52aa302f06cdb9ca62,1,413
8c4da011fdc6af7af54c50b7,8702,707bf7dd4f9e206695d0c4d2fa8d2aaf9a6beae5f7d641ac9cdf9fb2fad9c174,1,414
a7b5fb923f71c80f489ada3d,16684,d7cb4d0893b6dfdf7ba9243b3110f278fcf129ff8f722c0783a5b7813f28ccd7,1,415
3662614f0935ab234a484084,19745,1415e0149cd610f77314fa64c654a036b95c4486d30b205feca110e48f66fba4,1,416
071b88c27b0ea30b152c58b2,7419,f62fe70d4175fcf5d4e553fbc7baf37cef5b6cc01d60120347efb48905107f32,1,417
07419abdcbc1fef22a697214,12791,04e641c3e1bca13c0337e83a23b5a3b94179771d84e6e1ced44097d338f8db0b,1,418
0f82ff7a879e431f0573785a,2086,528d57d8877e5095d03434df62d838a19a4a4ca7cd6fdff10be0dce660d8fe33,1,419
6bb6a3a4178e70392d1eda28,1068,7ee25f2fb204ce89e45bfd50054301330b07065376b86dea5ed91fb94517a1e4,1,420
73d35e241e00aa7fed754e4a,9773,5bd137618af231288f587d6cd995709c9223279005e96f8e0e06380a1b7522f4,1,421
03cbb5f454872661548bd444,3284,7a96e148a8160dbd8ac18605217c7b34ca8d157a3a3a63bc46dec2f9b94cf8f9,1,422
a517ae95f6b73c6875496256,13916,268f0538b07b38bcc7e4591ee065734ca968593fc61bcfa2d5547aa29c9fcada,1,423
9efb32dc50fe439cf652ec2c,7096,6f94e787d94c2ab055ad3cd6f4daba035a24dac5532f5e5b42c937f4e161e5f2,1,424
b8de0da3d3a2fc48b6ecc05a,13517,660644d1784067d46aa86159da756b3dc660d4d0c3f8676782d27fca47719313,1,425
38f80bf920493ee959a1edf9,12512,6f9c142f780dbf09d032cd2b18bfc80864098e984a982c320a200b961e6858d4,1,426
496b85f9d87d16522e81f3af,1748,ff7dd108cfc2a1b108cf0cb4860f77c078a4a326e3ece1c21f657f84ab18be62,1,427
8c72b5565ceae4d459fe0510,25682,14551fc45b34e1b9f67cb200151b32b665a2a64a14b3950313e548f0698546dd,1,428
44a6d96cf06f1bee6deaeedc,14190,6cdeac571c9cb5cf4633ed6ebf296237c2521d49e48effd0d89ab74e04ebafe2,1,429
5ca1c653802f39805963c355,24505,ee1cd2a630fe41d92ea08622a163a179d548c592ba253f4aa53201e68e544e99,1,430
2b7b6da7ed2640fe9b3af250,23968,a48496203d2b363f8519b290719d74258bfd0f92c7121a2c2cf670abd3079cc0,1,431
f7e3a0f60fb4018bf2e37706,8589,839ce7f1d061979a5d0f6e309aab76aac6a0b6c726294287a6d780e36b8327be,1,432
f11b11a224fbc87cdb10889c,1125,4e459ff0bfc4eab8afaf4c0d0e0bd88fd69cdf19dc2805d33c951f2a0d9ca0f8,1,433
a9ca2b329377217b95c7fb05,16777,8e423d5c15d675cd0189529d934544ffc5b2e021bdfee09fa21e31a69e3922ab,1,434
d73f7c79b8d5889606111c70,3195,306e485f3a763d929d7622c1f021e0a99cc9856d3dce4e0a20deed871bd79587,1,435
92059fb59a5398cb8337add3,1016,596642ebd758475d641c44186bbab9b9779fa5bf630a950ae16ca76577c71004,1,436
3337ce8eff41239909aa3309,19742,db9da4516dedc2eb2449b097b3241570bb5dae5a1ac2a12fee60fb6e715c69fe,1,437
b3889f9818ce8c16667f6ded,14078,d5276a2e0d65fa37ca19e4f218f7df558cbaa4174dd45cdb34cf63e61b7b23f0,1,438
5dd230c0bfce378b53929944,1518,3601dae88edb419fe2af2ee6280989b0db5466a62526309973b568ebc7b22447,1,439
df6732c5e1ad8225584d6df2,22097,e57eb2f4c79183c1f897562115a81316083dbeb43061f6bc15bfa8653145bc80,1,440
ca63a6544e6abe988d31d3ea,23944,ec6f50fbaaf72485be778e935d4e8ab7b5d4fb387657ebfefc65012bddd47caa,1,441
3f34c79f7b7d71bac7c997c6,18920,61af6017c02b334b6075f29268f70f7e439ed400a7fa59a129370758372fdae8,1,442
0eb457c2bcc94101f91dee2c,21623,289260b6d81888c9d8f34b85bb7c8fc661a3a63843f5ef2f175f45573e281b5c,1,443
bb9fe86f0b8f7d02d7139a62,9515,88e22fa3455e88d85e87117e854c147bc29cd0d3310b1a393956d5dfca5836b5,1,444
a73a36f99032d3f7eb759e7c,7940,ee70c1d05742f6d0708cd734bf698d54c452dbe293bc873a2ec93c6bcd9b6ef0,1,445
f617f6627685814b95a6988e,505,53afa6ae936e0cf41b7ce459f692d45fd9b113d0caf3ee0e0a0e50af78be813d,1,446
3c3235a8875acf2aaebbbe46,8973,34bf651f134a3702fdcbed687a99f9cfe1ab5d5b0017f61824282a5f1ef50fb7,1,447
7d45364c11d48414acf7bbfd,22601,1f7c128580c43fdc1559c30c5b1f4443a3505c300afb94b051ce456921a34344,1,448
c96690baf0359f6c34120aba,22255,f53d5ead8c863b73a808eb368aaa438300fe693221274145b192be1a1ef9893b,1,449
f35079b0ec85472de15d5b72,1346,0336aa48f739bf5168a8bb74ce41e077c3374f66875c4579b56db966813644ab,1,450
0a86b23ec1f8737d537431e6,14427,e08484395c9f7861440008c4c7d62501b4dd0e3640d24c507c33cb48e43c69ea,1,451
3daea70b517c68f9a0f6e3bc,14904,5662ed3d2aed584182d11b2a1006e5a518594f703c08a4d516d703e2240de45d,1,452
d10344207a38288c5531fd20,2597,f1e14e4684b785ac06724bd132fe7eac6235c4106a2326deaf12bdcccf0708b9,1,453
893549f1f0fab3859ab22e48,6260,a2a546a8a82945f387cdf22d023470e9bb856eeb029f94ef79a57edd786fc9a8,1,454
ca4ab6de2bc68001e92079fb,17195,ca411459e5852e1dcafecdffa63a5211885447ce475cf8260ae19cab1f43a864,1,455
df4347ef53467f87fdb255cb,1145,db528d3e6bf5ba4584d2f3db8f75c1eac7bf97af6bc1e1917f984cb15ef5ada0,1,456
cd786806f890111d35ac6089,26543,8546a7ddb21483c3765dc32438188a059808bba7bd4390642529f485784080dc,1,457
b2a439f404b8ad40c7a09535,10373,61aed68a94c22a0dbef52d45be156cdb0fc5326ec74c154ba68778614b997242,1,458
20bd2d96b0f4014b5e596a16,5441,04e14d1867384cfb4667bb84dff9084e5fa0a7d7d99f475f79b3ccf1d996d692,1,459
1c95f200704f0f9e3e01f601,22448,3edaa0956f02ae0929d2dd7962b271ffdb3e84c1aa29c9de9b2f35eb4071e036,1,460
767b32ac10b7a887bd6ca830,24644,349918d768298473915714eaf1daf43883541174ff9065c307963836080d63ea,1,461
364050fd3e1f9cddb9c3e912,18496,0a98db41c0afac48da8bb6a1d1581a6d48125dd04cea83a6f356d2e5e06dfa37,1,462
b58e9d5c478b9c43e0c37c84,6445,c240e41971ab7e48f5b61e7993b3d690ef7293cf5bbd956195d342e901905e4e,1,463
b348565b9f88c0e4bfece378,26774,42883437ae9db922b6502ef0937f185d9b9fbd00b9cd0bc3c41722a3dc45f526,1,464
39e98f9c5b95dab77b9dc7a2,5340,a58a8bf8b34f6ce309ea476c70a0129ab5daa75b13872c5c6d58d7ffccde617e,1,465
b2ccb240631020409f17bed6,10618,9c71dbefa88e4da1a20224e7df25e98851cae354a2bef091484f2b82abcaac1f,1,466
563613f38893ee6de5a39ad6,18490,ff2e1aadaac3db3424f99b65ccd0c398da4f1da93e1bcdb57d18552f9c2930cb,1,467
b2edf211b0372f1c8973adab,769,2f99c2778cb36d0cdf026002c8374d6c05f189d34f0b8293c5e79cf05d7ab53c,1,468
e2e756c7c85f0d1ec7cad221,22469,aec3c12c070dc8d2e999410c92eb04cae847810dbca15840e9b1c150496d36ef,1,469
4b701015907194041987bee4,11077,05d7a165d642f72d8ac96ff510bf6fa5770eb2c44d1990d8fb0cec0236a39cb1,1,470
22ced64fb9bf58c27d633c74,3264,433f10ab272dade5c936d4a4fb9728aa617bc34b01f3df0ad6744fa6fa9869c4,1,471
14ee1b142feae66fa1e633db,19894,f753af6529fe9b5de7435ea51e6254065b96390ca5d156cf7c2747e2cac49f7e,1,472
e65dd066d3fb611e2a331d2d,10619,fcc54832219b6190f6fc6ecaba182dc0dcfccaf75be3b85ab5e02d86dd841eb1,1,473
5afd8d183b5543689ce6447c,14992,50f083af8755d91d1ada545f1800bb22d801a7fda81847ebe538a76e5a13a655,1,474
b1370c59583b6c814f5bd09b,10122,9ba1f532fcb9c060f400126105652fcd2c74c94f88ea28aa64ee6c2342a7110a,1,475
aee1c4ab127b69c81c353702,3557,3165aa0b81cb1dda9e9441a972fbcabb686f15aada7e8da5c2af7c81927b96c9,1,476
e9991e3d55e7ba325d0d064c,642,129637da6e7895431a8ffcedfceecf9dd651bc69d090a202dd089f36905fc74f,1,477
122d502bd0e8bf6c0e6cc8af,9080,d159848856702e9f61e39e34d40ab4f300e199fc42c80c73964aeb46e179dca9,1,478
924c632f8440611fee54ce5f,3193,3758a29d9fef037f2e69ae7bc66ff9eea44e405e2c6341fab7a633c319c7c986,1,479
63ae476393a7a36ac0e3b2ff,1378,4362cd265fc11f935f447431f2263fad2677f1aed2cd78a19289d0933a546f6e,1,480
5da1f23b4be849242701d9af,3744,c339485a573537d6c380f7e154d55d32f6b1143c66f74b0cb690cefc21034e9a,1,481
7c5aba904677b941d77464a4,21945,2029cc3f8b1ea60421d13ef2846c5f412437172a76c85989b851eea0b7693375,1,482
8aafee4579729bf54f33226c,21880,03cf633f62e5bcabc3df7945154f2684ac3e71ae94ffc0f4ef2fc0e1a1633702,1,483
e8ce2deda61a1842d2869dc5,4591,8f7aec4daf2646c005e02c9b493a2f6b0b3f734690fa03b1cecff783a57a66cc,1,484
396eb8a3c2a5ef7ae54f6788,12127,546edb07cb6d0b7e6034770b7f43b0fd04c86f1fa98b60480b0355e1bbee3c64,1,485
4bed7230a94c6794058fb0a1,3346,7c272935f96fe9f6beca3c7a585ec7df5b33bd21de8292323db0dd5a19f981c0,1,486
17aeb770540c8afbefd57d91,19497,5d5988a817b56472308799045ae9b0de384fafa7a85ee84bcf570d5b3dadf352,1,487
4ed7a1e6744ab3b7024ac9e4,16188,27d93e5ba63a81a8ee95b938c40a35e9f257ea6f9a04688e71f01d7e4a7ebd0f,1,488
9f547a7315fc2eefd8c179db,7833,03ce2e5bd38b85c36234a7bfa845a178531eabbc38758a5fec622455b8461875,1,489
6cda0827a4420e15a6abd3dd,9884,6e34c05051d0ee95e88c78b93af984599d68b53e195c97051ee3945e3d070742,1,490
49096d057c1b016a4246c793,1543,41f304037fd4e50035316fdf3ade58cd7e565c46b0eede9585814e65dd75540f,1,491
52df72336ac4465aba274ae9,18483,d32baa336f0a3e8f2ffa8e27e36c56effa359c4c11bedf40efe829327717f17e,1,492
0e3d26a01d33cf9e19c363a0,12350,0ac65addc2eed49d6ce62f05ebde0619b818aa030b32e007d998f07a8dbdb219,1,493
dc21a3d9e25cf00398674625,18660,32af52ef95562ccbcc1ffefb2c47a95b03410405f9ff90f283929d94c5dd9d58,1,494
6d18f4a2612d65aa2442d154,25230,446a55e03ffb4d640ef9200e10cd449adeaad5dc8d8acdaef3bee6bf819c8688,1,495
396d85fd6d39fabbf6138b68,26728,998f9aedd412701badfe6d2d2a8f0bd7703696cc233ef246c5f74df4bd9747a4,1,496
2913c89cc009703e70baa273,1663,c92cf6c303415ad35d8adc11ec650e1748fed463aede6f012341f689e2943ba7,1,497
6b97d94f4b51bef0a6c34688,3855,5f5d9520adda9b0b6dd880270d89002d813920baa763c5d6c4cf9be30bc4722d,1,498
44809298bb0d602ea3f25389,19737,52a86f05d79287cc93a0816764efa961405766fd0b6d325007cb0860f9f84376,1,499
b428fdd47a0999c4e05f20ca,25285,be53772095fac64b007a6a2b5cd6d5273577828800db4cc56149a09db4d72e12,1,500
5de641d7d3dfb3fd625bffff,2325,9e21f75b42a6b16d742ce5e7c63734d2621f8c049bd2eeedeb51883194ec6158,1,501
b5189dd72238deb0a43769f1,27616,aa3e4af8c392d0c91c1cc98fbf8ce6dc91f37cb47d98a79a935ea47aa28198bc,1,502
621e7a4e136b038e540ac36c,497,c2e987c0f5a8a75ebab18fdfc6b9924adc034760bf0c15fa36c5f1a647f7be17,1,503
a7b001c73535ac692cdc5bec,22121,47e0c3fe4df862f98b6690be7bcb1c5c94679bfbfb6ce70027d1ba223a0625fe,1,504
dfd59ccb7c94c0b5abfb07a6,26456,397de3573b0d534066e2dca3aa0655bc9e0125df83bc7e12deac3fae6ac38b2e,1,505
ed27074d907f548a1f91cf9d,7796,4585d7e0b5187a258e0244787ce718c502799cd283dff0f55893675be7b97f20,1,506
6bc6785e8a0f06282d9b20c9,5643,0a674268a6f4260d6da65bd637860a7a7733c9563a4cc80f1138894c2ca34231,1,507
ed0f0eb08604bf1095f43232,14547,388d3494415ad6d0c500662dc6962809c753721c0eb98d5959ab3e5e5828c004,1,508
a147af44f242ccc57c0f6a48,8811,c67def84db0140e90d5cd16ec08bea66fe1c98575f2d0c86919123d0780ac91a,1,509
ee78fc2d27ed75144a334940,9510,b2c6376c24ac64391407379d9eaa586dc6f85428e3c3be696acc966b183d6b72,1,510
45f1a95fe206d48a6f8e0703,14105,8817b8db3f059d9c061b593ef5a0bb22100d679194841e2a56dfe1971ff84b20,1,511
bd044a366ffddafc87a7d1c7,7401,ec344a8e918fcbf55e9846363a415a8f81f0011c6c030369584957328b813438,1,512
53343a0900cbb29e066ce36c,2190,0e798560c8eb026d79ff4ab29c23fe8cc138c29ebcef37dd0b59cebbff474c0d,1,513
e0565d903ea05bfc44f21d6b,12390,d8532f1befef7e27d3b5f40c1e81a19ca144a675473134f256b3154154a9ae37,1,514
f41bff98b8f188855db233d5,1148,f11b544bd534546c3121bb585fce9af4275f3dfc1a7a8d31face05dad73081ce,1,515
d1d64e05417e8e729b5582aa,14159,d25d1081632a02e3771d9b9a3de5fd61ac0b0a23dd007dddc8befc46a4f23285,1,516
5ea00ca4885a21c6ed3c4234,17618,17f74c1e24a17ddc48fbb07e7349296358fe7a89df1f44b4731c426d8cde9d4f,1,517
b739c2dd425a23a79c5acbb0,20974,970414424d92765ea0beef058cd1c38ddc0d620cbecaa1554437a97063e7bd75,1,518
956433909cdbedd9553b7153,11957,2f14a9edf6cce0b94e70ed2954562bc8c3c1f3e34ef2f8ae7589b1773f5995ea,1,519
f84cee0f52034d5fe1ad89bd,1653,4b862ca730cf5d2d2d484952fd3d57a4c5564bc3eff77057721857d946423df4,1,520
751402f7ab080c26d3bd71ee,17686,cf88a1bf1ba940e527d0bf6b320426f44e17a02b55ab084f693c87fbba8acacc,1,521
990ede02dffb0e157c190d1b,5613,c426cf7b383b36322f5dfaced7487348fad78cac5f6f7c3fcc3112f8ece37441,1,522
25cbd459b91b67340547456b,13819,7781ebc0f9f3e9f545f2beae05d55dee652a6364a2e6f5342709cd6f30266011,1,523
4e415e2cba8b19decbf676e7,27046,0cf169987fb797f71c0e41414e64d5e72eb52e15e36eda00d2f1ecd59d349440,1,524
7ecb9fe724f017381491e2df,17097,410abf0027001b7070c9f7218993ceb7e3f15688667a0fb0172af32a98f06dea,1,525
23b0452b82e98b07e8cbf259,6225,72686ae5a330a220015037897933a3284d7acfca1d3bb12884cb97fffa8ebc38,1,526
4366b00d88847ac194e199b9,20634,ca652768d7540bf56bba5afa8601ad350cb7d77630a4d3e90d77953f2ec3d202,1,527
bb66fd0770f6090622e6ab39,20889,f62b45e74dbb41e55aac978e11d3a03d46b1a688e0511a400be7d400718f4889,1,528
635d06802064d72746ee9e55,1579,ad857adc36382eb21cdc18351c97be5889a4c3044b0f275fe7373955963936ce,1,529
08f7fee5fcd362fa34d739a1,11281,7d9c6033fd796dbd9e1391b0f1f05edfec9d2ae9d2289c907ac5b6f16fc91893,1,530
5dc5cbc53a8c180ef20130b5,14185,688a136e3512907215ed897b82107de46a97fc3af40df3ea581014bb46d44f04,1,531
c2e3475fda9b8b37a67558e7,23459,e64415c35b0233b60b44631bfec95023f7a6771161580e7861c6e619e1045f90,1,532
45a62a9c40fd0108421e8912,5884,5b961fdc586a72945c8b8c48e08442542cc2a13832427191f13b0986c795f2d0,1,533
5b696e6658bd460afe9febf5,28082,e140b28a5c64d2b949e43a30742f15c87b61ef84fa6c77581a0dff1c629401cd,1,534
579e87953da0de56e84a01d7,6264,4990a2dfee6a642eb44325b61ae87464fd440391d53959fc49ebfbe29b714908,1,535
e71682d34b033467d06dc222,5559,a0a5a1f4af68c877c704f1d3120d019458785810787f0c810b6caa4833654ac3,1,536
4bb530a6f6d1dddc16af3243,25725,61014db8823888e2420d4c0d502582c8cb6a412272ed92b86691b78fda3ae854,1,537
00c1a724d2e59c57383ade17,14035,8e76896ede6ad6c113a871ea008208e6458903545f66e956b7832eb80101cb77,1,538
4f831dcc9c812b386bd964c7,14526,b054496e4c70cef1016b496eb632f8b22322bda1d677974edb70efe1861ddbba,1,539
9baeb6a680ce0cf32aafbf25,5210,12466429d5e9d642c878b5609197aac39b8e3cc2d97bc2c34908a088b478b62b,1,540
126257f45ce2e4a80de5d426,21617,4025fb16604be2c099afe286d318ab9766f924bc7a21725b96026f9655d39e09,1,541
beb092af16b3781eb9422a45,21154,e7a83b505a7f7b279522e07e2a5495d47b72c64c7b614628375cab6bbd70f387,1,542
a30409ff507eb0fa7305416b,18330,c78b762c4231b3e03e96960200c1d9ca88fd3ef0767a040d1bb728a00e25ffd9,1,543
52353556b64dd02c2e0f4f5d,10560,3d0945753880fa6a849f29c406e481c929e54808722aab85623530720f9b9813,1,544
23aa253c62972f320af7a045,7208,6e841ec8459ef24a59db0f5d5bb08efa5a0fb7ced931c6ebb4fb558a60858df2,1,545
f4a11a276a196c486a9356bf,17769,fb75cac34da0e230b2ef39bd09422f6e5e83d109d1069ec39fab13b88a6d9bb5,1,546
a1274ebc63484812129d6f3e,10822,90ca85ac94a8cf7da876f69355cd7b3cbe41f26305913feda4a4686992b2844d,1,547
d1b5555e10fe308aa87d703e,26401,5e5987b9b1c010c5fd2ea8ca3a9e3d09ceabd560f0c1193e7e6367b26f3e1360,1,548
0d71d613bef3e44a2d10c5f4,16778,6d1fd6852ea69b3b6a9c55db7b5fc0c50b114f84bcc6f0a5fd1d29129007eb93,1,549
0c3da1e3929a8551d0d05ee4,9132,3af4df6c8c0d9a0d40bcb01ed4f5189965f47ca2249319e731b9b6136e5dc7bf,1,550
8922310af7f841e1503fa9ac,1110,10fa235bd57d7eea357187a6efbd26d21bd4a902a7c8447246ce6af9ed6fb87d,1,551
6cb4f010b9aa019e5f25a788,20724,5c80d997144507af079c7d675b52556bda784c48d7001c3141eb9c28095ac09c,1,552
5b5a1868a1f571e07a28cb43,1971,8be740d2671682a151455f533e17f93fa09899b2e9ced332df8a17295f47c086,1,553
3878635ae7ef8f2c402c5d86,1739,44705fd2e9832c44ae9620ebb3e1d240773a105e371a2a46b5cb5d23e68da82c,1,554
49828c6474f1644c237884be,5041,6666fe5748fc689197455640150f2a0f5fc5d0478c37ff33699be7a4d7565bf2,1,555
9a58c908236a340c3126955e,17940,300c17e379591ad929f7b285dd415288a319022972796802892c7ff50341038e,1,556
8f731d32b995555681e67c69,14089,b3b93b88022aa3fe30766725292b56968d08548647e232d555116ca95ed10dd0,1,557
8f13d45ac7654d6ae7c3211a,24669,98d3f12530ebff333abe37bc596c8c6fecf677e462796db590fe56d7a7e4e6e1,1,558
5b52d12fd591e35709cd369b,5568,45f0ac753f955743c4a923753444d1cc132df376169e55ff83e8dd61983df82b,1,559
46172dbf4031c0f14db0f22c,25493,ddc4ff24447c3e8e798e4e64dfc0c3fed8f5e86000a62683ff7972ef2bd1c21d,1,560
53335326c72507af2657b569,24269,c3e9911689159044aa94d9ffab862736a81e71c93cb24bfa42dd7659653133d2,1,561
b804571e96424062c9a6a187,17538,6b0c7cc93e7c219f1dc89eae580f4701c9fb45065c36692ec3acec76edd6653b,1,562
6c6bc8e2e9efbcaedb3eff11,21708,19f0d456ba97b5abe89e4099b81f5e0329b2a870e1c19549460236a866bc7266,1,563
88c1928262da5548b6c2337e,17766,fc2b5b2f2b9586302fe929916dfe2fa5151938517408e8b7308c48a7c09ae7af,1,564
2276b034372f92a343593303,5427,96d26c4c0439ca2eb6228cc99c0be61a20ed687803def3c645de0886e8ee09b3,1,565
11fe373f7878ea567872bc74,26744,2b43720c50abe9ed8196a809be7ce5313b34b998cd715fb55e9366ec23d2dedd,1,566
aa1a4cfe939f4dccb4c8640e,26648,59bb378537b31442a567cb31542a0b22e521ea6ad8596df21b373926350400cc,1,567
086f2981bb08f7d2a595e746,23338,932efa2e3f466f5c519668fd0f5d381f3a29b914278defcb30d0d7df34026983,1,568
b72ac27c642be1328cf3650a,20828,59bf45f127e47d2d1f3e19835907203fbcfbc09e24efd128b72cffdb048d5e1a,1,569
d3becfd85224c2f7b0872d5a,8759,3806d480959f75fb14a6a3a2c1020d0833e84c2c6234649bca936b18a4ee4dc0,1,570
fa568f414218199bdc0a5b89,7109,97c0f14f77431f5535ef29b54d146663d475a56b73d5aaf6c4a3ff6a0aaa5df6,1,571
752e2381bdfd2f2ac4acc90c,18554,93719e641c168b2af04f42bb732badf3fb0a02fc7c22bbcfac8dcd6ece2cd74f,1,572
e6cbec7fe14d401657afd5f4,9240,8ba55fccce188eaf8a5df060e4c59cac759212131230b5ad3fc22155be10ba43,1,573
dac344212898c842e557dd08,22588,d30c9efbd7fe8e5fe9c300720d93a643f50b1459c4ba7d2fe795779f358fe0c4,1,574
8ab44efa174ed04303149249,22292,0706687c1c4ceb032493591365b333e535ecf449327e2b67be57b99fc32397d7,1,575
6d04556f7254ab6a76e4f072,3972,3cb5b15b683cb2af26bf005b38db80562b9bda34db862bf778c0a88eedc36f91,1,576
5bffad6d7bba2ac037410fa5,6547,b3d327654ffe739d541cb3da0898c0d4ba27195667aa751c8621b47b12f23ff1,1,577
5506b179bd1f160ded2f5def,10722,49b27a9e6b4b22cdeaa221c13c4b4ffc4543ee85e90117390223d22aafdf713d,1,578
20bea6200340f048ef2a923c,6494,c0cb0b8c610a7bc28db266d853391bf1358b70c0879b67b0249bee45fba31c14,1,579
2bb81fe6516a4cd802c3809e,19728,07289a3222efb0d496d2b194367d78b75a0145745900dca7a9c883f471ea31ea,1,580
63823843af0dd575aada9a73,15895,1517495a0f86558013f8a33f5c20ae2acd844e0a049cba051b7aa9fe456e113a,1,581
e0bfb8e5490b64f2921c0e8d,20276,b7ad1d983c5e5e252b4696a255b5bb16040e2aad1a3b812a2857610c6e2a6ad3,1,582
218e80d9845a53d8f05c66a4,1768,0e09220a45177580a896fc4c3ac9db4e853008efbaec2b2dbe1e26a05e36d6d1,1,583
459014691adbdcc52a1a8452,12535,a2fc5bd87faf628d59241d887a264feba55af6621572df676f8a27cf8c94832b,1,584
282355b6cabc0fbabc23fb83,21926,7b99fbe5f31ffd0d8e145c1c49b89813e6d269ef6299c8ba4e71b4d6089023d6,1,585
621af26de8fb3e233356f8bb,9636,d5a46fd07b16364bc882234a163693ccf61716f27243845b83a67a2a9b7058e9,1,586
09d90b68ee190376e4be84f5,26046,1b7052656378bb706dc05213d97bbaa44f5cbf04a98b0f7addcf8f5feeb5ead5,1,587
1a1ae8bc228d4b70b8ffe63e,21356,5187ffef915ddaa0c7c80fa98cbe27339afc65fda77fc059dac5e1b358d48301,1,588
07c6ff3ba8b7f9176f35ec46,8225,071efacd5d2dcfb3798ce7afd366003680a42080b15d18c4bf03f5ae9e5fb611,1,589
9184cacbf6373a49798061ef,24636,aab542b3109d05758c2a6834b352d9b98bf87a6a1db6bac472dba1dcc837adc0,1,590
17e722adc39c3148a74dd519,19408,7de154b29bb54b2d5ba3ade7e54a8501663cc6722a2adf660edd4114f734ffed,1,591
36e48c738e175c02eb0efd6a,11613,2659616b7d01cd545589b311a9fc354fd7e27ad8208d294be0e969d3022753c8,1,592
e255558695000ace415995a4,9031,ce42fcd87415effb161a0baf6abacb165cb0a911c6001db2d23c69a3fc1d498f,1,593
2d84b2f5090d07c25907f668,13009,7d1e6ca36dafcbb2db8e832b8ad4ac1b1c6f392f475efaad15fb3f17f308f000,1,594
852a7ef7e378471d857b0e8e,8257,a2b87eb87d80589e834dc8f5b0eb8f37eb6fbec113bbc747e1cea626aadce525,1,595
600f655212a5475ac3eb79ad,4306,dede3c4525b576fbb9b2b3b9ffac07b26f789978950c5a093dee125999ebc076,1,596
f5ce04c4e96e1611e8508621,8400,087420588843543e075e10ef22439f9441d47661c5436ce04b8dd2d0c5a52b40,1,597
3b5ecb5d36fdd21f86880bd8,11935,5890e5e961a1b14a8f8d6277810fa2fc2d88bba4aff50e763da3dfed4e72ad3a,1,598
1b2e1a61e05f0584be0824fa,2229,343a34ee96d064699c88bae7ece88052983c2e61694be4423a0d95bbbc23e339,1,599
8939bd60ac18877c305dc4e6,7790,00c27724b68fb7d2e59cdfffe2ce3f4940a21793dacbb1fc2d46c58689537719,1,600
7cf1fae601c95c923457c037,18366,8da7121595d439c13480c530ab713734cdefc6778bbb08c0510882e47941f029,1,601
976bb2df10204c4b47db05f9,5758,253416f423aca4f868cb615423a442b00b38544615db88101e37b8cc34492c32,1,602
368dfd3325d8d3f52a00afb3,14505,f490c89def1721a8a915c43c632d25829780c14d2f953cc6742ee0d8667da053,1,603
016b796e4b0af0f226975f40,3979,c9c2a53d722c595184802895d0364b290ef8c23ecf45e3f04c8e311f5d2b71e9,1,604
2009595cc700ac3a042fcbbe,20785,4e2ec427ecaff92576340d061ab10fe733e5d775cd3b4bce9804042dc0994b3a,1,605
6c7c7792eafe3be17f4b167a,21939,62916cbc01118e267bee8f8565bb9441edf67b5b64c3dd05f38c63ee02599940,1,606
f7a875953f4c802cac1fbd7d,1419,f789af3b08ef0a3eeb2a223fa81fab057fa17e6097a7b30d13430c37c9e735ad,1,607
9cdb0742f32ea881db7a7755,26555,f6a2f9cab086950189bf9b7cdaf0491b1cc2b3679295742e5cc2b3dcd9dff0c0,1,608
7bc4049078ab394cfc5f392d,22398,c88a519eb2619ffa1db3f124352a19519d5567544d69a93f616701d01a75830c,1,609
512d1b17da43523df85efc6c,2459,f67e713c525b851b49c8cbe536a6e273b72cf22b6389499199fb02abd5676a84,1,610
9ce37c80a4a9bdb4baf0e1ac,12508,9bb138a6cc3d5d7efb2cbb9fef7013474c51957ccb5664b4a84f77c2c3ec9ba6,1,611
b60451fb43a94ea046a9ea84,25508,837309bbb12d5bae7d4e17ec3b4d8289aef652a6d06895c7279d31393924bbe5,1,612
9ddceacad785990a0e51c8a3,19379,2f539f49b59185cb07faf44f1c28461ac8d36168840278a729298630d60aaef7,1,613
23ec91bf8bfa2b9a31c8b211,19183,bab2eb1adb0c90fd376b663ff414a9927eb0b8854812c63d4591b03bfa65bf4d,1,614
c0cb7d546036b4df45ed7865,18149,e6b3f1558539563f5f3c125a6ca65c5b7fbeab86123675ade2db07cb284b18aa,1,615
e9185a29b39405a03a41df53,23297,ab06e6f82aa0b7a3c4aecfe2671f0a8ab09ee9a5908a1a86c870c66fbc2561e3,1,616
7acdd810733df722d70c9ccb,20794,45289ad227dccf4cf53fab21fee9f86b953dc1d3bb097b43ef806021089bb912,1,617
c84e61c490752741ddd72616,25698,0cda00bba13c7a4e30b4ae0b8cbcb67824e1711adb33eaec78d36c0ec00b1130,1,618
4fdfca7f2e80c7df8380039c,1023,7ac717fcbdc98f227566efb97935bace6c126ac55fcf55e56dd2e528b251b1bc,1,619
9dbd7f52844bb2183d044912,5130,bd4814979225398493d79dffb81040678ffd4cbbb3c27b8d68d7da9d851cd864,1,620
31c640294f6db4847550adfc,25677,fd4b93bcaae48c8b37bc92cda061a070cd932824c313a9cfe4fe96fdb28d5463,1,621
6176aebe444da8bae2e2b6ea,17679,135078a804a4a1860811c1700a350488978e02f1bf07789d34b804ad58a0a628,1,622
3bcfb676163680db991f6585,7203,0c4140d5755391be216abeea09ee76202bf967f4884ab5e4b390e2390258f7fd,1,623
387b54fc7a16da91c102a492,2276,584d0b14d401575b8f79f306180d059f120551a162328210c7abbdcefa05867e,1,624
493277e6fca79e78447ee5cf,16083,758798c16306b52c3d88ebfc3e575e56965f17f1e31a41935560ab02a6acfd51,1,625
6578e1fca53261cfa8a7a11b,4455,e3fa5df5842ba82cc46f73381a57bda5a246c87f646315978ddb4eb7a449319c,1,626
3ff810967c35c2cea7b7dad5,5040,39b5a68245452c8a279aebed6d69d63183999cc75beff67a7fbdc935cc96998e,1,627
f8502e005ffd8949221653c9,17336,dc4aac6d20ae58c08d71e35253f1a77b197882609384a25b9bd7be229c6f503e,1,628
928020848ca7c15dbcdd1176,12548,5efe3bdc337e7652bcd5fbdb1fbb90b3a5eaacc485074b5a20f9fe7e24ecc285,1,629
96d2d953b7fe60fd661442b3,15292,ee446997e77eef3a048629f27fbec46079f67261176964bbf40ff79238eacfed,1,630
e00418241ba121a59f1eb6ee,20934,820db2771b4a12d8df022b7aa77d02743591d555471830cefa2e08412ed4c061,1,631
37e3cf7a37b2c1eb8665fe32,12488,dca60a8c8031e0db66864e32934df4905f1b3a026a24f949b67b6686cab57ee7,1,632
5b6ca7eaad348b6b08da3529,1978,b2d86b912c43ae946564502ba96d8de7178efbe4901de3c8fa3c95816c8ce6cd,1,633
ffb385578a8933115a9f5adc,21974,0e52344c64f3eddd4f7104bc3b75c3a1ea59a7176ac12cde47cdba5f04e1aa15,1,634
b5faee9d84a96093cc19b58c,14852,6764f6798f2904f21df3ce1638d13caf0f423cd05c2c6f54b2a187a0d05e3351,1,635
3d2b95a7eab2d0030c133ae2,20749,add269bea90ad3a105f272c7bb885afc5cc0243e5df1261dfa40af6da8940cc1,1,636
4b58aa7f02a0eeca2b6587c0,13004,99479c34dec300f0dee051d27ddac191a8dd93499f18e5f2d3082880f1bed68e,1,637
fd7d7d1e26cbc22d73eef0cb,21483,7269a4ec2fa1eb9bc3f44299eaa540491356c1a793a75ae042b8c4ef534f4b81,1,638
b59c3aef61fb252bfe1b2d87,23825,0daa5c8f12840faf64370e9cb08ab7e25f90ea2995718370c69c651d99418e71,1,639
0b440c84a6c8cb2dcb6376f0,15914,09bba12ce6d570b0168ef3993f3dcb41620d935e3079cb3c0785e57be06a95c4,1,640
2b73eca4dbc25b24b959f640,17937,ecccb02ad90d8383094ea986075620f14fc6cd3d15a7dccd21711d5430f2b5f3,1,641
6476964b8509b2993a515d5d,11876,ab0278a208779e34bbd6b1493d52c9041b73a012b68b9398eb9a03a774586438,1,642
a5f10e3c788dc5f70deeaaf4,6485,f91e033b1cace726f072514247372b3ee889008362173c4c92cd69ad7bcc39d5,1,643
59c6758e4950e9c38b54a767,18271,57e387430158e0517c79db1977989ebe93f19af055fecae7eb47436951fd6a83,1,644
ef38412f848bc7e655fed072,18132,2a0516a799830618867c03b87759ee7f63855e9d975605f45202e7172c85dad1,1,645
cb5ed51eceac52f00f397916,7213,b2cd8545dba99470ecdd5fbc417a7c480617864ad24bd44660f9b367fb3a4aff,1,646
c39ce4e4574be9fb5defec57,1952,1c3a9da68c79341d8c613ed3697af3db7ab9df776d8d67b5636082cf35e9e455,1,647
8ae7534658d3ec6c8e8973ac,8924,42cf312b3e0ccaf1df87032abbc183681ac155d6b8e1137beba01b6d42d4e898,1,648
973baf563c08a9c56bc8d5bd,23588,3e3d4ed55b544830501cd42875b327ee6b49b3092f521401e0306c47e2ea2a2c,1,649
a2d34f26b57f56766ebb0d60,7167,57c573c5dcd19577250dbfceba9fd7046ee4459e6e99ee19cc5329dafb68cde4,1,650
0f51a66db68112f20de1df36,958,02944c8f4417018080910c0d4d450b2f0c6ec27a3f25fb943d5f131dcbfcec79,1,651
582a950a277b9613a68c39d7,12914,b086432599d63078cf887fb04f6efaf9df76fb804f296c116f338616483ae05a,1,652
d61871c99d15bff37f066157,15859,32b1d5f7a46275d568a3f4fc1475b882ce3f89b414341f5222ec0118639c10bd,1,653
b6f4bd724660284d202fcf03,14488,f8718f2a72a3f45ae8787676165119b5a6e7464bff683939c6d369d84c94c888,1,654
437a2bc3a3459f2542cd2122,19077,7c596af5a8b4c62900dd40e038ad2389f0d51046eaaf8bf88fa5a1a7a7c78f3f,1,655
b7fcf5db8b0633585c0a1728,8298,d7f8228f640d46fe82578ffb5f86d02bd56f5b5490fd94753cc2ef5b83a77849,1,656
0fc1ba8c60227d4afb7dc987,16848,682c577c1f597a51678dcd68e23c3fe3a8f0c25502a01c22ca66381f0a342d6a,1,657
3b099810815a9e8a60e4032f,19022,c79eded94616769201599b2d8d540b9fdee8cc000d84b3b35543ec3f9a33a92a,1,658
aa6fc178ba9b663b86f15921,23650,b8ea57ea2da55a1b6ad46530c0403e550a4797a5f9677e033a81c64b617d97aa,1,659
89695bae4691542bee5d7699,16879,a90260996c5d630840e951f868f2599779a5a5dc0570dd477349a05d82548b85,1,660
03d6836992805cef2902d3ba,27540,40a5d5806f681d399a6656c0f8068a9f629298cb8f40dbdcc668a0e9aeab9c52,1,661
8af3206d7461bcefcc1ff033,16228,c775fa3ccffab1c984408e105ed4cb5a7cb6648cfbd330ecdbf96832bb27bc55,1,662
d602c0b5b1855fdb9fcdb646,26697,5610a00ba8f29e84ab10137517c7d2bcc71e29f83851f07aeee0c5cc8d05c4ce,1,663
9fd8477e7eaab202f138c473,8360,c94dc91f567aa143821307242f9971ca043404772c9bcef909983588ac43e8e6,1,664
9e107e9a92d285a630309f7d,24733,c9b7d4eee9dadb2d3ed576d976d98541f00ec6311576e393c1ea6ae192881635,1,665
21d550199072e0697c6cea01,16005,a17f97e6d8635ccb0a6df6217090698b8b88edefd6a7138fcca2a59c28b2ffdf,1,666
8118f47b0256b470cb9de58b,4697,674e921c6dcdebc0dcf5593d352b8027959aa63ac4da5d4d2ca222d9caaecfed,1,667
1641fe47e4af3369fdce5651,23025,3ab212b1837362006831c2640f6cedf1d6fe74d5cda78a7b1e1c5a9bd2557029,1,668
d7a0465e76895c555f3130cc,13492,a4b1e0470e5d264f04254ee2da7f7cd64863b59871a3c1ae52a8628a174656a2,1,669
0092a769a3665e32494ce60c,7142,fdb26a7188e69da84159710703438c9c6ff3573fd7655540938d752075a8002e,1,670
dcd16d2599fc73b5cf357d4d,2565,a3f243abee0b593e5c738e3dbe345708fe6039caad6a286c1929dd48075c6fc0,1,671
f37d563d5cb5132d1cb69126,18438,9c70a7cd1e5502c5d567ef7743e45498f6cffcfedd2e7446d6724f532233bc5f,1,672
176d20916edf783c1eff2995,17376,94a66d3f9cd60f21113f8f65eae174aa2ad749caf9ea624c96e967c2cf57de75,1,673
21ef88ce3ce302357937ec02,14404,6c19af9b2a53c29309375319e955f1f4637f08d469adeb1e07d4cf8c2a3bcef5,1,674
cb182561ed5a25ec387c7bfd,21870,ed817b125177a9ba8dd5a158ce71c0cb8be63e3ce5446d8d83b22952d5b3c0cb,1,675
14ab9c547e08c0f5e511bdc0,23799,614e21f26e23f79dbe76c59c620abe36caa1b15c5c39120f490b9b6be479e9db,1,676
d36f89fbea82e28262518d7b,15230,4352f9087552d10e7882ff9d79f9d7d5200d678dc59d112b1553fc59bc30f672,1,677
22174f36583979fac734bc5b,23249,1afdc9f718b8f470dc9923321bd58326f7a33d938fa7f009e88a40c7c0317fdf,1,678
9418f4b857346956b86fed4d,11469,b9bc0e51f6493484884608063cbc7515a75dda0e783639f24204ff8559915fb0,1,679
de6ff1888c67bc186d94dd2a,8629,7702201aa30e331da6a782b85196a25021fc53ac9e5283ee463e034d70d35c49,1,680
fbc5872fd29954b57f904723,26006,93c287100d96167420ee38078dcafba5acef2136650ffec65301f3e2b3ae8ace,1,681
53b8322a6e1d56c904a0e99c,11749,4fcf0c1a1c16c05f7e202d0fffd42a9434cee4aaf1cfb3ed2bd35b57e16325e2,1,682
b752d470fb27ee982d665fb3,25981,030acef090aa07cf561426853daf032ae97dd52f2e353790516ca59b9c030cf3,1,683
5abff4dce411fca915c7ff9b,13483,8d661053365d6b813a995b9e933e74c7bf3ca0f55e94bfa2f9a8dfd16b0f176e,1,684
1f93300cfa3e3a61353320df,24168,ae09b7800f77215ef4dd66739a0450d6315f05f2231a27521300e43416121ae7,1,685
cf0f9239a26761941c3f61a4,25208,50f34b314072ea10616f7a38fc64c2bbda0618f1ae5e2340744d3b8722e6ce8b,1,686
28a6cb487b0867ec95ef330f,17682,b0acf67d0e4abb81dd5c94937fb63adde7193c1d234195a0e4499bf12c188eb2,1,687
b0017a89b76186e6316a6465,12805,54759dff2d896130bb469acc836f19bfdbfbe0d3a6f2841087063ffb3cfbe88a,1,688
5b50993d397dc380c897f532,5763,b4e6c9ca2ef880882a627e7e3c26186dd2ff9e5cf4f34fdcb78724c4b224eb2e,1,689
0924f1032d9a565345c90783,15278,3d446e213b65b30e6f03f672fc6f6bbff07c0f840048c37752e36891be3218b0,1,690
77594200b6ce68057ac31db6,3677,49c137740ad522f94b93be88df4af4fbc6de725e904fdf13a69cc94edf3f2865,1,691
4293b40908676da696efb85e,11777,9ea346202938d2291c97701d27d35a230c468975b8cb0d19b19d614101312cf9,1,692
1be51af7ccd7d010dda52cd8,14959,4e6ff155c26c47ab7cf840610531d736ef2c93ac302949db5cda8b40a66c1535,1,693
47817d3fcc588842f82c38cb,19011,0f1b3da003d5dbac5e3e3acc1df9d269249c3172daf42187835218435f3aa205,1,694
4cbd8094389250c8648c82be,10608,a1f0643161b71c64b3b1e90023818e6511314aa87794cd88b47df9aebf61d759,1,695
e3d3d7403d21f925da81eb62,19447,db4b1b6119abfa4cfaa80ebcb85cc8484405c4ff1c648f186781dc24943522a8,1,696
d4b41ed2185cb9706e1b06bf,19190,3f35010ee0bb31ab37ebbb0a519405674d69747867367c200150423ac8909a55,1,697
8e4935ec1dc69a911a09be6f,13528,89bd4d032f6c5159ff40565ef9153774e14658e4f4e0f180d495cd6f07651edb,1,698
ad5d0b37f74b56d09c555e82,23108,8946574c1710eb7a5e51319b3f9557938f1e4c014cd2caa4f0d225d7325ce3c0,1,699
0dea8b67d330ec22778c777d,19787,45cdc4823a0e745afeb2529a7ea580de53d3dfd98b568fbe8140b0e9e42e13ee,1,700
6d990e57e6bb625fb0fc2170,14295,f5de56f552245c6c98709272515e6be998efee02c1fb81dec97b1d39d9ea7df6,1,701
f44422ef70db6073a37e7110,16376,f5fbec9a5cce912012f2edf82b1cfd457bf0c4bec07a3a9ad2c63c1312c8a3e8,1,702
752911c682d4909b3a65e284,16864,7e6bda5bc3a15cffb9b62193a6a156c318a1be5fca8180a47df370b1666a7908,1,703
ac0eabd6c9811024d39c04f8,24182,8fa872094ad88f712b19aa94e9b3d37dbe1bf53771acc0347c956a3f83b54461,1,704
