experiment_name,experiment_id,protocol_version,cell_id,repeat_seed,ratio,synthetic_weight,selection_sha256,base_macro_f1_at_0_5,base_macro_f1_at_oof_threshold,base_auroc,base_oof_threshold,base_dev_predicted_positive_rate_at_0_5,base_dev_predicted_positive_rate_at_oof_threshold,base_train_predicted_positive_rate_at_0_5,base_intercept,base_coefficient_l2_norm,base_n_iter,base_converged,base_convergence_warning,base_tn_at_0_5,base_fp_at_0_5,base_fn_at_0_5,base_tp_at_0_5,base_tn_at_oof_threshold,base_fp_at_oof_threshold,base_fn_at_oof_threshold,base_tp_at_oof_threshold,base_n_real,base_n_synthetic,base_sum_sample_weight,matched_all_real_macro_f1_at_0_5,matched_all_real_macro_f1_at_oof_threshold,matched_all_real_auroc,matched_all_real_oof_threshold,matched_all_real_dev_predicted_positive_rate_at_0_5,matched_all_real_dev_predicted_positive_rate_at_oof_threshold,matched_all_real_train_predicted_positive_rate_at_0_5,matched_all_real_intercept,matched_all_real_coefficient_l2_norm,matched_all_real_n_iter,matched_all_real_converged,matched_all_real_convergence_warning,matched_all_real_tn_at_0_5,matched_all_real_fp_at_0_5,matched_all_real_fn_at_0_5,matched_all_real_tp_at_0_5,matched_all_real_tn_at_oof_threshold,matched_all_real_fp_at_oof_threshold,matched_all_real_fn_at_oof_threshold,matched_all_real_tp_at_oof_threshold,matched_all_real_n_real,matched_all_real_n_synthetic,matched_all_real_sum_sample_weight,naive_hybrid_macro_f1_at_0_5,naive_hybrid_macro_f1_at_oof_threshold,naive_hybrid_auroc,naive_hybrid_oof_threshold,naive_hybrid_dev_predicted_positive_rate_at_0_5,naive_hybrid_dev_predicted_positive_rate_at_oof_threshold,naive_hybrid_train_predicted_positive_rate_at_0_5,naive_hybrid_intercept,naive_hybrid_coefficient_l2_norm,naive_hybrid_n_iter,naive_hybrid_converged,naive_hybrid_convergence_warning,naive_hybrid_tn_at_0_5,naive_hybrid_fp_at_0_5,naive_hybrid_fn_at_0_5,naive_hybrid_tp_at_0_5,naive_hybrid_tn_at_oof_threshold,naive_hybrid_fp_at_oof_threshold,naive_hybrid_fn_at_oof_threshold,naive_hybrid_tp_at_oof_threshold,naive_hybrid_n_real,naive_hybrid_n_synthetic,naive_hybrid_sum_sample_weight,adaptive_hybrid_macro_f1_at_0_5,adaptive_hybrid_macro_f1_at_oof_threshold,adaptive_hybrid_auroc,adaptive_hybrid_oof_threshold,adaptive_hybrid_dev_predicted_positive_rate_at_0_5,adaptive_hybrid_dev_predicted_positive_rate_at_oof_threshold,adaptive_hybrid_train_predicted_positive_rate_at_0_5,adaptive_hybrid_intercept,adaptive_hybrid_coefficient_l2_norm,adaptive_hybrid_n_iter,adaptive_hybrid_converged,adaptive_hybrid_convergence_warning,adaptive_hybrid_tn_at_0_5,adaptive_hybrid_fp_at_0_5,adaptive_hybrid_fn_at_0_5,adaptive_hybrid_tp_at_0_5,adaptive_hybrid_tn_at_oof_threshold,adaptive_hybrid_fp_at_oof_threshold,adaptive_hybrid_fn_at_oof_threshold,adaptive_hybrid_tp_at_oof_threshold,adaptive_hybrid_n_real,adaptive_hybrid_n_synthetic,adaptive_hybrid_sum_sample_weight,adaptive_minus_base_macro_f1_at_0_5,adaptive_minus_base_macro_f1_at_oof_threshold,adaptive_minus_base_auroc,adaptive_minus_naive_macro_f1_at_oof_threshold,adaptive_minus_matched_macro_f1_at_oof_threshold,adaptive_minus_base_intercept,adaptive_minus_base_dev_positive_rate_at_0_5
Binary Adaptive Decision-Boundary Diagnostic,binary_adaptive_decision_boundary_diagnostic,binary-adaptive-diagnostic-v1,bn_binary_cinexdrama,1000,4.0,0.5,9eea5f6d61911b73c929caab54c3d2cad7bbff94e20ee5709ccf7a4a61ddf85b,0.851359233603753,0.8536474413416781,0.9356156367041198,0.5373999157362443,0.5477001703577513,0.5238500851788757,0.5357142857142857,-0.08262037713476951,7.061075340955589,13,True,False,446,88,85,555,461,73,98,542,280,0,280.0,0.8704208468102992,0.872382646327771,0.9461317883895132,0.5212766484316269,0.540885860306644,0.5289608177172062,0.5357142857142857,-0.38200072228963117,12.72418158376577,16,True,False,461,73,78,562,469,65,84,556,1400,0,1400.0,0.8595663893396035,0.8624659555688794,0.9382607677902622,0.5923341700201301,0.561328790459966,0.5085178875638842,0.5471428571428572,-0.16764255516405788,13.358629616431118,13,True,False,443,91,72,568,475,59,102,538,280,1120,1400.0,0.853615101159461,0.8593264127563068,0.9374648876404494,0.5411161388690681,0.5587734241908007,0.5383304940374787,0.5428571428571428,-0.17548566878789143,11.162438290864921,11,True,False,441,93,77,563,456,78,86,554,280,1120,840.0,0.0022558675557080576,0.005678971414628697,0.001849250936329594,-0.00313954281257256,-0.013056233571464126,-0.09286529165312192,0.011073253833049357
Binary Adaptive Decision-Boundary Diagnostic,binary_adaptive_decision_boundary_diagnostic,binary-adaptive-diagnostic-v1,bn_binary_cinexdrama,1001,4.0,0.5,08c5be9cf34915105c567e95890d4de5b836c427062cc68467a6d8071bca421a,0.8502239206496778,0.8570367080918807,0.9337107911985019,0.5383950318107232,0.5570698466780238,0.5255536626916525,0.525,-0.22908127189863073,7.098287309325609,17,True,False,440,94,80,560,462,72,95,545,280,0,280.0,0.8704208468102992,0.8723163223223442,0.9461317883895132,0.5152400032167104,0.540885860306644,0.5323679727427598,0.5357142857142857,-0.38200072228963156,12.724181583765757,16,True,False,461,73,78,562,467,67,82,558,1400,0,1400.0,0.8618394459368091,0.8618394459368091,0.9375790028089888,0.5,0.540885860306644,0.540885860306644,0.5357142857142857,-0.3887649469229858,13.546162279995784,10,True,False,456,78,83,557,456,78,83,557,280,1120,1400.0,0.8609606746830112,0.8627574758598116,0.9365314840823972,0.5082990431266275,0.5417376490630323,0.5383304940374787,0.5392857142857143,-0.37164911319708405,11.228462993676533,11,True,False,455,79,83,557,458,76,84,556,280,1120,840.0,0.010736754033333407,0.0057207677679308455,0.002820692883895304,0.0009180299230024946,-0.009558846462532689,-0.14256784129845332,-0.015332197614991494
Binary Adaptive Decision-Boundary Diagnostic,binary_adaptive_decision_boundary_diagnostic,binary-adaptive-diagnostic-v1,bn_binary_cinexdrama,1002,4.0,0.5,31f28c29b149f22fd3805baf371417bb68540b65df2c01eecd8d5e4e8c34d724,0.8454653152560221,0.8489913645193148,0.9281337780898877,0.5492160177040164,0.5434412265758092,0.4948892674616695,0.5321428571428571,-0.07641098216608054,6.581107244728104,8,True,False,445,89,91,549,475,59,118,522,280,0,280.0,0.8704208468102992,0.8695433490852946,0.9461317883895132,0.4983127343371053,0.540885860306644,0.5417376490630323,0.5357142857142857,-0.3820007222896318,12.724181583765754,16,True,False,461,73,78,562,460,74,78,562,1400,0,1400.0,0.8472735032990419,0.852146687637106,0.9315543071161048,0.4798694014313293,0.5400340715502555,0.5502555366269165,0.5421428571428571,-0.5082597251845465,13.136524492369483,11,True,False,448,86,92,548,445,89,83,557,280,1120,1400.0,0.8473609629965085,0.8497904871573425,0.9304453417602997,0.5750856456783567,0.5366269165247018,0.4991482112436116,0.5392857142857143,-0.3850597870180845,10.813195323116126,13,True,False,450,84,94,546,473,61,115,525,280,1120,840.0,0.0018956477404864502,0.0007991226380277272,0.0023115636704119646,-0.0023562004797634817,-0.019752861927952114,-0.30864880485200397,-0.006814310051107331
Binary Adaptive Decision-Boundary Diagnostic,binary_adaptive_decision_boundary_diagnostic,binary-adaptive-diagnostic-v1,bn_binary_cinexdrama,1003,4.0,0.5,70b66c1cd92e3008bdd2b15aabbffe97198f557de3e38f75f6b899b5ea9ed517,0.8577671773553178,0.8543970539778711,0.940780079588015,0.4726259719231882,0.5315161839863713,0.561328790459966,0.5464285714285714,-0.0012199683985376706,6.9142173557312265,15,True,False,459,75,91,549,440,94,75,565,280,0,280.0,0.8704208468102992,0.8695433490852946,0.9461317883895132,0.4963925652151808,0.540885860306644,0.5417376490630323,0.5357142857142857,-0.3820007222896297,12.724181583765796,16,True,False,461,73,78,562,460,74,78,562,1400,0,1400.0,0.8636346701323065,0.8627894365854668,0.9404055477528092,0.612202223673182,0.5374787052810903,0.4778534923339012,0.5471428571428572,-0.3110374786197722,13.524341529749707,11,True,False,459,75,84,556,493,41,120,520,280,1120,1400.0,0.8602433008995429,0.8572582024950584,0.9400953885767791,0.5362298985735802,0.5357751277683135,0.5136286201022147,0.5507142857142857,-0.23367024953840554,11.232735769589368,13,True,False,458,76,87,553,469,65,102,538,280,1120,840.0,0.002476123544225106,0.0028611485171872175,-0.0006846910112359161,-0.0055312340904084545,-0.012285146590236273,-0.23245028113986788,0.004258943781942137
Binary Adaptive Decision-Boundary Diagnostic,binary_adaptive_decision_boundary_diagnostic,binary-adaptive-diagnostic-v1,bn_binary_cinexdrama,1004,4.0,0.5,678de07165938124a7939c26ea64e7bb54fd76a099f19607013060d14c9e8860,0.8497349791662248,0.8534636987726232,0.931282186329588,0.5093626708330675,0.5442930153321976,0.5323679727427598,0.525,-0.12993351339209275,7.00724858965627,17,True,False,447,87,88,552,456,78,93,547,280,0,280.0,0.8704208468102992,0.8723498655457892,0.9461317883895132,0.5186587023044954,0.540885860306644,0.530664395229983,0.5357142857142857,-0.382000722289629,12.724181583765809,16,True,False,461,73,78,562,468,66,83,557,1400,0,1400.0,0.868665398814185,0.8557537185552253,0.9394838483146067,0.5672349225433081,0.5425894378194208,0.5,0.5314285714285715,-0.3513531951486754,13.391208979072125,15,True,False,459,75,78,562,476,58,111,529,280,1120,1400.0,0.8610017277216,0.8557755283769786,0.9377311563670413,0.5637683325322348,0.5400340715502555,0.49829642248722317,0.5328571428571428,-0.3025127225302008,11.018474939875196,12,True,False,456,78,84,556,477,57,112,528,280,1120,840.0,0.011266748555375239,0.0023118296043553865,0.006448970037453261,2.1809821753260294e-05,-0.016574337168810627,-0.17257920913810804,-0.004258943781942137
Binary Adaptive Decision-Boundary Diagnostic,binary_adaptive_decision_boundary_diagnostic,binary-adaptive-diagnostic-v1,bn_binary_cinexdrama,1005,4.0,0.5,3aa268bdf399deae6f3304d5813b44f48e97eb96f4ffc4c19116de7d51e46a03,0.8512625713379719,0.8458927792261126,0.9249414794007491,0.49206902123546675,0.551107325383305,0.5579216354344123,0.5392857142857143,-0.38696503134847593,7.0163030071308405,19,True,False,444,90,83,557,437,97,82,558,280,0,280.0,0.8704208468102992,0.8668668383050671,0.9461317883895132,0.4865736546793017,0.540885860306644,0.5459965928449745,0.5357142857142857,-0.38200072228963056,12.724181583765796,16,True,False,461,73,78,562,456,78,77,563,1400,0,1400.0,0.8559361897944575,0.8491536041964449,0.9286575374531835,0.6152020601490035,0.5366269165247018,0.4778534923339012,0.5342857142857143,-0.7581957144855216,13.35909273106831,9,True,False,455,79,89,551,485,49,128,512,280,1120,1400.0,0.8515417648886208,0.8516165023578532,0.9279582162921347,0.5890865892103317,0.540885860306644,0.4889267461669506,0.5378571428571428,-0.6382456311279548,11.067687502708118,9,True,False,450,84,89,551,480,54,120,520,280,1120,840.0,0.00027919355064887075,0.005723723131740632,0.0030167368913855963,0.0024628981614083223,-0.015250335947213811,-0.2512805997794789,-0.010221465076660996
Binary Adaptive Decision-Boundary Diagnostic,binary_adaptive_decision_boundary_diagnostic,binary-adaptive-diagnostic-v1,bn_binary_cinexdrama,1006,4.0,0.5,2e3b6664fbae9bd8fb48a7e125edbf2e002782e5456dd847dc9971b5a3ce4552,0.8549310614352763,0.8477302204928665,0.9354283707865169,0.46520664353740243,0.5425894378194208,0.5792163543441227,0.5607142857142857,-0.10776482265210302,7.365651717150798,12,True,False,451,83,86,554,426,108,68,572,280,0,280.0,0.8704208468102992,0.8705321376431349,0.9461317883895132,0.5045939036349784,0.540885860306644,0.5357751277683135,0.5357142857142857,-0.38200072228963294,12.724181583765699,16,True,False,461,73,78,562,464,70,81,559,1400,0,1400.0,0.8585180460476232,0.8330975188707985,0.9399578651685394,0.3671826195312277,0.5672913117546848,0.6431005110732538,0.5492857142857143,-0.1020875210758973,13.461337566878468,14,True,False,439,95,69,571,382,152,37,603,280,1120,1400.0,0.8526739421906269,0.8611198738170347,0.9385094803370786,0.539383659287113,0.561328790459966,0.534923339011925,0.5471428571428572,-0.11815109716451304,11.381512768576231,9,True,False,439,95,76,564,459,75,87,553,280,1120,840.0,-0.0022571192446494415,0.013389653324168194,0.0030811095505617336,0.028022354946236172,-0.009412263826100165,-0.010386274512410018,0.01873935264054516
Binary Adaptive Decision-Boundary Diagnostic,binary_adaptive_decision_boundary_diagnostic,binary-adaptive-diagnostic-v1,bn_binary_cinexdrama,1007,4.0,0.5,6f5341f65ef53e26ac1f5854e4eea00a59b84c6450a17d13b2b65bb3c9a6fea1,0.8556320708312838,0.8567735214597182,0.9341058052434458,0.506934967709846,0.5485519591141397,0.5374787052810903,0.5321428571428571,-0.2769807782266625,6.9480725675885004,16,True,False,448,86,82,558,455,79,88,552,280,0,280.0,0.8704208468102992,0.8741580604162064,0.9461317883895132,0.524843361671807,0.540885860306644,0.5255536626916525,0.5357142857142857,-0.38200072228963167,12.724181583765736,16,True,False,461,73,78,562,472,62,85,555,1400,0,1400.0,0.857945857945858,0.8623000311076887,0.9356712312734082,0.5606786072442727,0.5579216354344123,0.5187393526405452,0.5371428571428571,-0.7948142815488273,13.32663195737885,13,True,False,444,90,75,565,469,65,96,544,280,1120,1400.0,0.8589293826292111,0.8623585912098075,0.9357268258426967,0.5597848505982433,0.5536626916524702,0.5153321976149915,0.5378571428571428,-0.6075655634961779,11.079709893101546,14,True,False,447,87,77,563,471,63,98,542,280,1120,840.0,0.0032973117979273603,0.005585069750089322,0.0016210205992509552,5.8560102118798696e-05,-0.01179946920639885,-0.33058478526951535,0.005110732538330498
Binary Adaptive Decision-Boundary Diagnostic,binary_adaptive_decision_boundary_diagnostic,binary-adaptive-diagnostic-v1,bn_binary_cinexdrama,1008,4.0,0.5,8a29d39acf3f2b06007350d4206b760322d3caa43832362a56e46be17cdcda06,0.8551775736407797,0.8440401670505616,0.9329236891385768,0.5661620087560318,0.5323679727427598,0.4778534923339012,0.5214285714285715,-0.2668151593539637,6.884292729597475,19,True,False,457,77,92,548,482,52,131,509,280,0,280.0,0.8704208468102992,0.8696927211122795,0.9461317883895132,0.5056136071120909,0.540885860306644,0.534923339011925,0.5357142857142857,-0.3820007222896297,12.724181583765791,16,True,False,461,73,78,562,464,70,82,558,1400,0,1400.0,0.8539134050078467,0.8561979421852033,0.937467813670412,0.5415398520205268,0.5485519591141397,0.524701873935264,0.5335714285714286,-0.3807278891156882,13.173318139579044,9,True,False,447,87,83,557,462,72,96,544,280,1120,1400.0,0.8532580450633189,0.8529392058216055,0.9360282069288388,0.543720272132813,0.540885860306644,0.5161839863713799,0.5292857142857142,-0.3833168512250881,10.873596842434697,10,True,False,451,83,88,552,465,69,103,537,280,1120,840.0,-0.001919528577460805,0.008899038771043921,0.003104517790261996,-0.0032587363635977473,-0.016753515290673926,-0.11650169187112436,0.008517887563884163
Binary Adaptive Decision-Boundary Diagnostic,binary_adaptive_decision_boundary_diagnostic,binary-adaptive-diagnostic-v1,bn_binary_cinexdrama,1009,4.0,0.5,20153fb6bd5966cb7816d4e5d6aaedcf88838455bfa8ac051a78c6937cc8486b,0.8576828556000045,0.8595663893396035,0.9415320692883895,0.5042329907218785,0.5664395229982965,0.561328790459966,0.5428571428571428,-0.04167478405140001,6.967956923449861,12,True,False,439,95,70,570,443,91,72,568,280,0,280.0,0.8704208468102992,0.874188151328811,0.9461317883895132,0.5314979871452035,0.540885860306644,0.5238500851788757,0.5357142857142857,-0.382000722289629,12.724181583765802,16,True,False,461,73,78,562,473,61,86,554,1400,0,1400.0,0.8609687188076265,0.8477059527736494,0.943814372659176,0.4565502403570334,0.5715502555366269,0.600511073253833,0.5435714285714286,-0.14250289278016948,13.548834692560789,12,True,False,438,96,65,575,414,120,55,585,280,1120,1400.0,0.8602972286862705,0.8513359503608966,0.9433286516853934,0.4610306921533506,0.565587734241908,0.5971039182282794,0.5357142857142857,-0.15040804631626142,11.164604258155016,10,True,False,441,93,69,571,418,116,55,585,280,1120,840.0,0.0026143730862659975,-0.0082304389787069,0.0017965823970038652,0.0036299975872472467,-0.022852200967914404,-0.10873326226486141,-0.0008517887563884718
Binary Adaptive Decision-Boundary Diagnostic,binary_adaptive_decision_boundary_diagnostic,binary-adaptive-diagnostic-v1,bn_binary_cinexdrama,1010,4.0,0.5,e52fcfb9b92f8fdbeeb7dfd236181d3929c81ad77e3b94f8a74d357aea44cf1d,0.853960012059019,0.8601101472019995,0.9333772237827715,0.5653154794311932,0.5468483816013628,0.49233390119250425,0.5464285714285714,-0.17317376180683466,7.08502202831989,13,True,False,448,86,84,556,483,51,113,527,280,0,280.0,0.8704208468102992,0.865986834595335,0.9461317883895132,0.4840486099466724,0.540885860306644,0.5468483816013628,0.5357142857142857,-0.3820007222896323,12.72418158376574,16,True,False,461,73,78,562,455,79,77,563,1400,0,1400.0,0.8516164873182388,0.8461952953663481,0.9368474953183521,0.4521364697924783,0.5672913117546848,0.5954003407155025,0.5414285714285715,-0.28219653914872284,13.663271740249408,9,True,False,435,99,73,567,416,118,59,581,280,1120,1400.0,0.8537181020733653,0.8314185994430271,0.9363676264044946,0.42699126771105106,0.555366269165247,0.6124361158432708,0.5364285714285715,-0.289767413769302,11.359301750830063,9,True,False,443,91,79,561,398,136,57,583,280,1120,840.0,-0.0002419099856536544,-0.028691547758972424,0.0029904026217230095,-0.014776695923320982,-0.03456823515230789,-0.11659365196246732,0.008517887563884163
Binary Adaptive Decision-Boundary Diagnostic,binary_adaptive_decision_boundary_diagnostic,binary-adaptive-diagnostic-v1,bn_binary_cinexdrama,1011,4.0,0.5,48e29920d33206c0071d7b4f3dffcafe51122a041a4d6bf7a9fcb6c6fdde4ec0,0.862125660598943,0.8623585912098075,0.936660229400749,0.543204296548364,0.5621805792163543,0.5153321976149915,0.5428571428571428,-0.07209922391373093,6.933842828466428,15,True,False,444,90,70,570,471,63,98,542,280,0,280.0,0.8704208468102992,0.8713715980307657,0.9461317883895132,0.5038655721449818,0.540885860306644,0.5366269165247018,0.5357142857142857,-0.3820007222896274,12.724181583765837,16,True,False,461,73,78,562,464,70,80,560,1400,0,1400.0,0.8598601105669909,0.8582776020666844,0.9344978932584269,0.5068591335143332,0.551107325383305,0.5459965928449745,0.5357142857142857,-0.48219147193933776,13.19318101273471,11,True,False,449,85,78,562,451,83,82,558,280,1120,1400.0,0.85981329635303,0.8614862958536172,0.9349836142322097,0.49532156836126207,0.5528109028960818,0.5545144804088586,0.5357142857142857,-0.34149049590749325,11.012722523974714,11,True,False,448,86,77,563,448,86,75,565,280,1120,840.0,-0.002312364245912968,-0.0008722953561902669,-0.0016766151685393416,0.0032086937869328924,-0.009885302177148447,-0.26939127199376234,-0.009369676320272524
Binary Adaptive Decision-Boundary Diagnostic,binary_adaptive_decision_boundary_diagnostic,binary-adaptive-diagnostic-v1,bn_binary_cinexdrama,1012,4.0,0.5,c47bd9899666d83f2a2671b858862670c02d71cb40041248f4f63521e3a09b90,0.84154892329287,0.8481484711080107,0.9280694054307116,0.5366237912406094,0.5289608177172062,0.4940374787052811,0.5357142857142857,-0.2309923901278626,6.939973643206569,13,True,False,451,83,102,538,475,59,119,521,280,0,280.0,0.8704208468102992,0.8696927211122795,0.9461317883895132,0.5059814647515523,0.540885860306644,0.534923339011925,0.5357142857142857,-0.3820007222896315,12.724181583765757,16,True,False,461,73,78,562,464,70,82,558,1400,0,1400.0,0.8570708930062003,0.8600320448511601,0.9345125234082396,0.5456428310771108,0.5238500851788757,0.4991482112436116,0.5442857142857143,-0.6820246894504132,13.400797592720304,9,True,False,463,71,96,544,479,55,109,531,280,1120,1400.0,0.8544860129255034,0.8547368114591825,0.9333274812734084,0.5195428723400171,0.524701873935264,0.5110732538330494,0.5421428571428571,-0.5601629839193966,11.141771977093901,11,True,False,461,73,97,543,469,65,105,535,280,1120,840.0,0.012937089632633403,0.006588340351171729,0.005258075842696774,-0.005295233391977683,-0.01495590965309701,-0.32917059379153396,-0.004258943781942137
Binary Adaptive Decision-Boundary Diagnostic,binary_adaptive_decision_boundary_diagnostic,binary-adaptive-diagnostic-v1,bn_binary_cinexdrama,1013,4.0,0.5,0599204df35ceb9b1b1464fc88e96af88b6d03cb8d37e372b93876982984a178,0.8496408432407905,0.850724723961055,0.9365431882022472,0.4793547622051084,0.5477001703577513,0.5681431005110733,0.55,-0.21051226444706655,6.947223984151497,9,True,False,445,89,86,554,434,100,73,567,280,0,280.0,0.8704208468102992,0.865986834595335,0.9461317883895132,0.484116744143405,0.540885860306644,0.5468483816013628,0.5357142857142857,-0.38200072228963133,12.724181583765764,16,True,False,461,73,78,562,455,79,77,563,1400,0,1400.0,0.8556693745191937,0.8586788021139167,0.9375409644194757,0.51892992761663,0.5749574105621805,0.5621805792163543,0.5485714285714286,-0.4493535970642563,13.196961703257905,11,True,False,433,101,66,574,442,92,72,568,280,1120,1400.0,0.8541761754301636,0.8505454558833809,0.9368562734082396,0.49018598408127384,0.5681431005110733,0.5732538330494037,0.5507142857142857,-0.394777991534246,11.051697642339679,11,True,False,436,98,71,569,431,103,70,570,280,1120,840.0,0.004535332189373076,-0.00017926807767409958,0.00031308520599238054,-0.008133346230535743,-0.015441378711954057,-0.18426572708717942,0.020442930153321992
Binary Adaptive Decision-Boundary Diagnostic,binary_adaptive_decision_boundary_diagnostic,binary-adaptive-diagnostic-v1,bn_binary_cinexdrama,1014,4.0,0.5,48c7a31381b9d32039b12b9b5340661f60ae542fb6cab75c5ba9c2d1ac1fdd01,0.8443845399547567,0.8533009371745921,0.9295031601123596,0.5141437686758895,0.551107325383305,0.5391822827938672,0.525,-0.10839435839982338,7.112940861425694,13,True,False,440,94,87,553,452,82,89,551,280,0,280.0,0.8704208468102992,0.8668668383050671,0.9461317883895132,0.4864650578108137,0.540885860306644,0.5459965928449745,0.5357142857142857,-0.3820007222896297,12.724181583765814,16,True,False,461,73,78,562,456,78,77,563,1400,0,1400.0,0.8534538715257891,0.8556050685163796,0.9346412687265918,0.5864173563676579,0.5638841567291312,0.510221465076661,0.5457142857142857,-0.43975464094013,13.113675190515352,14,True,False,438,96,74,566,470,64,105,535,280,1120,1400.0,0.8546036273246045,0.8540057350187267,0.9333245552434457,0.5131792302714238,0.5545144804088586,0.545144804088586,0.5435714285714286,-0.34024459877461927,10.930196776364493,9,True,False,444,90,79,561,449,85,85,555,280,1120,840.0,0.010219087369847779,0.0007047978441345748,0.003821395131086147,-0.001599333497652955,-0.01286110328634038,-0.2318502403747959,0.0034071550255536653
Binary Adaptive Decision-Boundary Diagnostic,binary_adaptive_decision_boundary_diagnostic,binary-adaptive-diagnostic-v1,bn_binary_cinexdrama,1015,4.0,0.5,0bacdc36f504638cf0852906e51285a84a345f349071c925f918977b4d5a7ecd,0.8507910537156882,0.8528088544445708,0.93015859082397,0.513199668504123,0.5366269165247018,0.5229982964224872,0.5428571428571428,-0.29150464292595263,7.084733451899295,22,True,False,452,82,92,548,461,73,99,541,280,0,280.0,0.8704208468102992,0.874188151328811,0.9461317883895132,0.5334304427390224,0.540885860306644,0.5238500851788757,0.5357142857142857,-0.3820007222896322,12.72418158376573,16,True,False,461,73,78,562,473,61,86,554,1400,0,1400.0,0.8466147974163241,0.8457306550095925,0.9298367275280899,0.5466600746847183,0.5621805792163543,0.5332197614991482,0.5292857142857142,-0.47430188101865106,13.076494785483803,8,True,False,435,99,79,561,451,83,97,543,280,1120,1400.0,0.8443325560729966,0.8451663955686464,0.929868913857678,0.49948316483311495,0.5528109028960818,0.5536626916524702,0.5292857142857142,-0.43268905308296246,10.865090868800907,11,True,False,439,95,86,554,439,95,85,555,280,1120,840.0,-0.006458497642691574,-0.007642458875924407,-0.00028967696629200734,-0.0005642594409461799,-0.029021755760164636,-0.14118441015700983,0.016183986371379966
Binary Adaptive Decision-Boundary Diagnostic,binary_adaptive_decision_boundary_diagnostic,binary-adaptive-diagnostic-v1,bn_binary_cinexdrama,1016,4.0,0.5,0303b1ccf54c7286b83622e90e904fa04dd498881198844d2f2c0cd98c173637,0.8527802527802528,0.8625819448958063,0.9399490870786517,0.551548977395441,0.5579216354344123,0.5,0.5321428571428571,0.14660226745870203,6.9012686692497995,12,True,False,441,93,78,562,480,54,107,533,280,0,280.0,0.8704208468102992,0.8705321376431349,0.9461317883895132,0.5045785861516111,0.540885860306644,0.5357751277683135,0.5357142857142857,-0.3820007222896313,12.724181583765768,16,True,False,461,73,78,562,464,70,81,559,1400,0,1400.0,0.8602972286862705,0.8528574756777638,0.9398730102996256,0.4802475531291048,0.565587734241908,0.5809199318568995,0.5421428571428571,-0.06787785129609335,13.547566298850438,13,True,False,441,93,69,571,428,106,64,576,280,1120,1400.0,0.857945857945858,0.8641744530152288,0.9399637172284644,0.5811080368908789,0.5579216354344123,0.5085178875638842,0.54,-0.041942139714783694,11.183336955083997,12,True,False,444,90,75,565,476,58,101,539,280,1120,840.0,0.005165605165605158,0.0015925081194224644,1.463014981273325e-05,0.01131697733746495,-0.006357684627906091,-0.18854440717348572,0.0
Binary Adaptive Decision-Boundary Diagnostic,binary_adaptive_decision_boundary_diagnostic,binary-adaptive-diagnostic-v1,bn_binary_cinexdrama,1017,4.0,0.5,db706ee04b6106d624f66e190ca3e077af9f78ddb00aac27912573d12623e3ec,0.8588476529624067,0.8589389288796163,0.9357473080524346,0.5122143759711761,0.520442930153322,0.5153321976149915,0.5392857142857143,-0.1437909559910143,6.9201831710929165,9,True,False,466,68,97,543,469,65,100,540,280,0,280.0,0.8704208468102992,0.8696927211122795,0.9461317883895132,0.5094002055942922,0.540885860306644,0.534923339011925,0.5357142857142857,-0.3820007222896325,12.72418158376574,16,True,False,461,73,78,562,464,70,82,558,1400,0,1400.0,0.860319198245249,0.8564992666061326,0.9371079119850187,0.5532191548705129,0.5323679727427598,0.5076660988074957,0.5492857142857143,-0.3321360676361053,13.437675919527427,12,True,False,460,74,89,551,472,62,106,534,280,1120,1400.0,0.8603917540364207,0.854865686402839,0.9369440543071161,0.5431126368523492,0.5289608177172062,0.5025553662691652,0.55,-0.3093790036499015,11.159835092749123,12,True,False,462,72,91,549,474,60,110,530,280,1120,840.0,0.001544101074013926,-0.004073242476777317,0.00119674625468158,-0.0016335802032936275,-0.014827034709440468,-0.1655880476588872,0.008517887563884163
Binary Adaptive Decision-Boundary Diagnostic,binary_adaptive_decision_boundary_diagnostic,binary-adaptive-diagnostic-v1,bn_binary_cinexdrama,1018,4.0,0.5,0cf43c8079e48799b217d7b33a6e24d92b1b5b5e7542c4f808c33db407e98ffa,0.8670271652752151,0.8492245291849121,0.9414472144194758,0.5852978892569272,0.5391822827938672,0.46252129471890974,0.5642857142857143,0.047312015343691144,6.835613426535953,7,True,False,460,74,81,559,494,40,137,503,280,0,280.0,0.8704208468102992,0.8660287921348315,0.9461317883895132,0.48880681388338665,0.540885860306644,0.545144804088586,0.5357142857142857,-0.3820007222896301,12.724181583765793,16,True,False,461,73,78,562,456,78,78,562,1400,0,1400.0,0.8662999010083134,0.8650649316638975,0.9422255383895131,0.5573009719426509,0.5332197614991482,0.5059625212947189,0.54,0.13841184993368227,13.252168036265488,9,True,False,463,71,85,555,478,56,102,538,280,1120,1400.0,0.8653499573004536,0.8676607804792197,0.9413974719101125,0.5515546433912014,0.5374787052810903,0.5034071550255537,0.5385714285714286,0.08386494137888185,10.897842185245759,15,True,False,460,74,83,557,481,53,102,538,280,1120,840.0,-0.0016772079747614521,0.018436251294307593,-4.974250936329305e-05,0.002595848815322155,0.0016319883443881578,0.03655292603519071,-0.0017035775127768327
Binary Adaptive Decision-Boundary Diagnostic,binary_adaptive_decision_boundary_diagnostic,binary-adaptive-diagnostic-v1,bn_binary_cinexdrama,1019,4.0,0.5,d3e3637c9e30c257aa9fadffefed1f88d5f354e04e88f547bcffde2f402f9641,0.8382263668899971,0.8531670825878144,0.9367333801498127,0.533870491971112,0.6158432708688245,0.5724020442930153,0.55,0.038038766047673554,6.939419293529162,17,True,False,400,134,51,589,433,101,69,571,280,0,280.0,0.8704208468102992,0.8713715980307657,0.9461317883895132,0.5044237158356893,0.540885860306644,0.5366269165247018,0.5357142857142857,-0.38200072228963133,12.724181583765734,16,True,False,461,73,78,562,464,70,80,560,1400,0,1400.0,0.8439009533996664,0.8304345515924778,0.9362418071161049,0.4666723562748688,0.6073253833049403,0.6294718909710392,0.5371428571428571,0.1961540587203165,13.109495360348781,10,True,False,408,126,53,587,388,146,47,593,280,1120,1400.0,0.8411569844894853,0.8416542164674635,0.9360633192883896,0.5136184503089908,0.6098807495741057,0.5996592844974447,0.5357142857142857,0.113443170142821,10.927622955427552,11,True,False,405,129,53,587,411,123,59,581,280,1120,840.0,0.0029306175994882055,-0.011512866120350851,-0.0006700608614230719,0.011219664874985713,-0.02971738156330217,0.07540440409514745,-0.005962521294718859
Binary Adaptive Decision-Boundary Diagnostic,binary_adaptive_decision_boundary_diagnostic,binary-adaptive-diagnostic-v1,bn_binary_cinexdrama,1020,4.0,0.5,7ad4794652e14251c9b31482025f3fc33f2c09a7e8f54d29de1ea143130e6b5f,0.8534243264772088,0.8440818192704194,0.936926498127341,0.5590496561711841,0.5340715502555367,0.47103918228279384,0.5321428571428571,-0.2656060294456119,6.879692250085999,9,True,False,455,79,92,548,486,48,135,505,280,0,280.0,0.8704208468102992,0.8733471538243981,0.9461317883895132,0.5363323167375341,0.540885860306644,0.5229982964224872,0.5357142857142857,-0.38200072228963117,12.724181583765747,16,True,False,461,73,78,562,473,61,87,553,1400,0,1400.0,0.8637103386542468,0.8607574581225301,0.939030313670412,0.5374342674686549,0.5340715502555367,0.5085178875638842,0.535,-0.6087162141083415,13.30706888425131,15,True,False,461,73,86,554,474,60,103,537,280,1120,1400.0,0.8620330731134055,0.860916144271827,0.9385680009363295,0.5468429481836959,0.5323679727427598,0.49659284497444633,0.5307142857142857,-0.5112619351654125,10.989777281049502,13,True,False,461,73,88,552,481,53,110,530,280,1120,840.0,0.008608746636196707,0.01683432500140769,0.0016415028089885597,0.00015868614929692715,-0.012431009552571037,-0.24565590571980062,-0.0017035775127768327
Binary Adaptive Decision-Boundary Diagnostic,binary_adaptive_decision_boundary_diagnostic,binary-adaptive-diagnostic-v1,bn_binary_cinexdrama,1021,4.0,0.5,700665b6b897522a0b03119aee25b3d96e4e5fbc9c59847d66adcca1090bf74d,0.8552850539291217,0.8615457190030662,0.9377984550561798,0.5477356674172702,0.5604770017035775,0.5127768313458262,0.5285714285714286,-0.1866721186104595,7.037483372593601,11,True,False,441,93,75,565,472,62,100,540,280,0,280.0,0.8704208468102992,0.8733763205149134,0.9461317883895132,0.546961338415934,0.540885860306644,0.5212947189097104,0.5357142857142857,-0.3820007222896297,12.724181583765843,16,True,False,461,73,78,562,474,60,88,552,1400,0,1400.0,0.8635867566812279,0.8610017277216,0.9421319054307116,0.5441375644608831,0.5706984667802385,0.5400340715502555,0.5442857142857143,-0.5975687774311185,13.7659186833191,10,True,False,440,94,64,576,456,78,84,556,280,1120,1400.0,0.861186000653626,0.861186000653626,0.9413799157303371,0.4993418639819652,0.5647359454855196,0.5647359454855196,0.545,-0.443105891433435,11.40687311975746,9,True,False,442,92,69,571,442,92,69,571,280,1120,840.0,0.005900946724504363,-0.00035971834944015235,0.003581460674157322,0.00018427293202605277,-0.01219031986128738,-0.2564337728229755,0.004258943781942137
Binary Adaptive Decision-Boundary Diagnostic,binary_adaptive_decision_boundary_diagnostic,binary-adaptive-diagnostic-v1,bn_binary_cinexdrama,1022,4.0,0.5,57434b711b08af8d49dbf15f01d2b5b2e52cc6f63bc05cbbfbc294531e0467fe,0.8415026781128476,0.8510973294962518,0.9262172284644195,0.5386733643480208,0.5604770017035775,0.5229982964224872,0.5178571428571429,-0.28141847575298407,6.896638375562414,9,True,False,433,101,83,557,460,74,100,540,280,0,280.0,0.8704208468102992,0.8660287921348315,0.9461317883895132,0.48844154841937226,0.540885860306644,0.545144804088586,0.5357142857142857,-0.38200072228962995,12.724181583765784,16,True,False,461,73,78,562,456,78,78,562,1400,0,1400.0,0.8499488752556237,0.8489118600743177,0.9329500234082397,0.45695237175346404,0.565587734241908,0.5928449744463373,0.5335714285714286,-0.3926934383485259,13.233833461105297,8,True,False,435,99,75,565,419,115,59,581,280,1120,1400.0,0.8482816552266994,0.853342947123424,0.9315484550561798,0.5325600544090253,0.5638841567291312,0.5374787052810903,0.5314285714285715,-0.3886368627200338,10.970606486799388,10,True,False,435,99,77,563,453,81,90,550,280,1120,840.0,0.006778977113851781,0.002245617627172125,0.00533122659176033,0.004431087049106219,-0.01268584501140757,-0.10721838696704972,0.0034071550255536653
Binary Adaptive Decision-Boundary Diagnostic,binary_adaptive_decision_boundary_diagnostic,binary-adaptive-diagnostic-v1,bn_binary_cinexdrama,1023,4.0,0.5,1a2890b3882722c6e2a84aaa4087e011fc8eff2d15b8f7818d35f15c09ac7718,0.8561274509803922,0.8547084705587733,0.9304043773408239,0.5242740837525687,0.5281090289608177,0.5127768313458262,0.5607142857142857,-0.35031234641403086,6.929808317283943,18,True,False,460,74,94,546,468,66,104,536,280,0,280.0,0.8704208468102992,0.8704208468102992,0.9461317883895132,0.5,0.540885860306644,0.540885860306644,0.5357142857142857,-0.3820007222896311,12.724181583765748,16,True,False,461,73,78,562,461,73,78,562,1400,0,1400.0,0.857396247069395,0.8547492413732517,0.9322536282771534,0.49425073776045936,0.5468483816013628,0.5494037478705281,0.5471428571428572,-0.5825797199287907,13.42246973149568,9,True,False,450,84,82,558,447,87,82,558,280,1120,1400.0,0.8524642865492975,0.8649643432252128,0.9323589653558053,0.5403911653288712,0.5383304940374787,0.5127768313458262,0.5435714285714286,-0.5201906563845383,11.100281451747827,12,True,False,452,82,90,550,474,60,98,542,280,1120,840.0,-0.003663164431094712,0.010255872666439458,0.0019545880149813843,0.010215101851961061,-0.005456503585086425,-0.16987830997050746,0.010221465076660996
Binary Adaptive Decision-Boundary Diagnostic,binary_adaptive_decision_boundary_diagnostic,binary-adaptive-diagnostic-v1,bn_binary_cinexdrama,1024,4.0,0.5,d08de9180a8088a269b2099973d9940cee8796d234d3b185431b9583d433b7a3,0.8581871291513996,0.8581871291513996,0.9391795411985019,0.4995428397346747,0.5494037478705281,0.5494037478705281,0.5321428571428571,-0.14425255841230297,6.99911435013392,15,True,False,449,85,80,560,449,85,80,560,280,0,280.0,0.8704208468102992,0.8650629047076954,0.9461317883895132,0.48096779670037054,0.540885860306644,0.5494037478705281,0.5357142857142857,-0.38200072228962895,12.72418158376584,16,True,False,461,73,78,562,453,81,76,564,1400,0,1400.0,0.8670271652752151,0.8715423669467788,0.9406074438202248,0.5157566431536794,0.5391822827938672,0.5281090289608177,0.5364285714285715,-0.08195014027410064,13.389219805102323,10,True,False,460,74,81,559,469,65,85,555,280,1120,1400.0,0.8644337838272396,0.8644337838272396,0.9410522003745319,0.4996107215320962,0.5400340715502555,0.5400340715502555,0.5392857142857143,-0.14408181350065252,11.089904403351728,9,True,False,458,76,82,558,458,76,82,558,280,1120,840.0,0.006246654675839958,0.006246654675839958,0.0018726591760299671,-0.0071085831195392135,-0.0006291208804558579,0.00017074491165045003,-0.009369676320272635
Binary Adaptive Decision-Boundary Diagnostic,binary_adaptive_decision_boundary_diagnostic,binary-adaptive-diagnostic-v1,bn_binary_cinexdrama,1025,4.0,0.5,3fa61b5bc2b14159811152b7441e95f4b5ab76ef964e23ffda4d20f00958d698,0.8554390655783846,0.8533983263991726,0.9399900514981274,0.49202616393669374,0.555366269165247,0.565587734241908,0.5321428571428571,0.04379307417194643,6.700615386394369,9,True,False,444,90,78,562,437,97,73,567,280,0,280.0,0.8704208468102992,0.8713715980307657,0.9461317883895132,0.5040783277730062,0.540885860306644,0.5366269165247018,0.5357142857142857,-0.3820007222896311,12.724181583765741,16,True,False,461,73,78,562,464,70,80,560,1400,0,1400.0,0.8590235858865429,0.8696927211122795,0.9419621956928839,0.5228423946968191,0.5502555366269165,0.534923339011925,0.5321428571428571,-0.2922235409387423,13.3254012255895,10,True,False,449,85,79,561,464,70,82,558,280,1120,1400.0,0.8634734953567413,0.8680140048415403,0.9408093398876405,0.5183472952992402,0.5442930153321976,0.5332197614991482,0.5335714285714286,-0.20724682148053253,10.990425750316762,11,True,False,455,79,80,560,464,70,84,556,280,1120,840.0,0.008034429778356778,0.014615678442367774,0.000819288389513062,-0.0016787162707391223,-0.0033575931892253497,-0.251039895652479,-0.011073253833049357
Binary Adaptive Decision-Boundary Diagnostic,binary_adaptive_decision_boundary_diagnostic,binary-adaptive-diagnostic-v1,bn_binary_cinexdrama,1026,4.0,0.5,ba2c7bd7e227bb08d52205d6aa909ed7ac4eb68770500392076c8320e7330cc6,0.8516692702798829,0.8537787693188448,0.9299596207865168,0.5267022707961719,0.5357751277683135,0.5170357751277683,0.5107142857142857,-0.4493041030698928,6.646416112348962,13,True,False,453,81,92,548,465,69,102,538,280,0,280.0,0.8704208468102992,0.8741580604162064,0.9461317883895132,0.5242381028713846,0.540885860306644,0.5255536626916525,0.5357142857142857,-0.3820007222896314,12.724181583765757,16,True,False,461,73,78,562,472,62,85,555,1400,0,1400.0,0.8520977381928982,0.847390820594359,0.9342638108614232,0.4767499563896933,0.5519591141396933,0.5647359454855196,0.5328571428571428,-0.7655280386249258,12.761096703193433,11,True,False,444,90,82,558,434,100,77,563,280,1120,1400.0,0.851359233603753,0.8559761654398879,0.9339653558052435,0.524849556479303,0.5477001703577513,0.534923339011925,0.53,-0.6678678876698647,10.584984646958777,10,True,False,446,88,85,555,456,78,90,550,280,1120,840.0,-0.00031003667612994334,0.0021973961210430826,0.004005735018726697,0.008585344845528864,-0.018181894976318502,-0.2185637845999719,0.011925042589437829
Binary Adaptive Decision-Boundary Diagnostic,binary_adaptive_decision_boundary_diagnostic,binary-adaptive-diagnostic-v1,bn_binary_cinexdrama,1027,4.0,0.5,5f671f311a3973061b6149b5902f3a451c0d2eef600b898d3f4d008ee462e9cb,0.8456664230869506,0.8541298062635376,0.934123361423221,0.5654728068034681,0.5647359454855196,0.49318568994889267,0.5214285714285715,-0.2053667144434974,6.81340278515377,9,True,False,433,101,78,562,479,55,116,524,280,0,280.0,0.8704208468102992,0.8705676801056054,0.9461317883895132,0.5102755613129958,0.540885860306644,0.5340715502555367,0.5357142857142857,-0.3820007222896317,12.724181583765745,16,True,False,461,73,78,562,465,69,82,558,1400,0,1400.0,0.8500616559013505,0.8545533184518901,0.9352703651685393,0.5108378197163126,0.5621805792163543,0.5562180579216355,0.5364285714285715,-0.3641695790856051,13.083838135237873,9,True,False,437,97,77,563,443,91,78,562,280,1120,1400.0,0.8509508304033828,0.8590227000307848,0.934691011235955,0.5784718174920056,0.561328790459966,0.510221465076661,0.5342857142857143,-0.33992691509615924,10.795960739061492,12,True,False,438,96,77,563,472,62,103,537,280,1120,840.0,0.005284407316432205,0.0048928937672472195,0.0005676498127339391,0.00446938157889476,-0.011544980074820521,-0.13456020065266183,-0.0034071550255536653
Binary Adaptive Decision-Boundary Diagnostic,binary_adaptive_decision_boundary_diagnostic,binary-adaptive-diagnostic-v1,bn_binary_cinexdrama,1028,4.0,0.5,8104f27024eb5bd0f566f1bbe0cc616ab693c2098abb03861e2e378ec9f96ed8,0.8615333786063671,0.8615333786063671,0.9359053136704122,0.5,0.5528109028960818,0.5528109028960818,0.5321428571428571,-0.11949473014396746,6.714965395043453,17,True,False,449,85,76,564,449,85,76,564,280,0,280.0,0.8704208468102992,0.8668668383050671,0.9461317883895132,0.4852862544206156,0.540885860306644,0.5459965928449745,0.5357142857142857,-0.3820007222896303,12.724181583765798,16,True,False,461,73,78,562,456,78,77,563,1400,0,1400.0,0.8551779436254857,0.8536670489106049,0.9336932350187267,0.5081834496848884,0.5638841567291312,0.5570698466780238,0.5385714285714286,-0.25193746166252023,12.740901358429797,10,True,False,439,95,73,567,442,92,78,562,280,1120,1400.0,0.8571600290834036,0.8541376155103211,0.9341233614232209,0.523006506267916,0.555366269165247,0.5400340715502555,0.5392857142857143,-0.24381618174391403,10.632138498669363,11,True,False,445,89,77,563,452,82,88,552,280,1120,840.0,-0.004373349522963532,-0.00739576309604606,-0.001781952247191243,0.0004705665997162267,-0.012729222794745976,-0.12432145159994658,0.0025553662691651935
Binary Adaptive Decision-Boundary Diagnostic,binary_adaptive_decision_boundary_diagnostic,binary-adaptive-diagnostic-v1,bn_binary_cinexdrama,1029,4.0,0.5,678262bfb5589737c1d21e5e2ca09176f521eab20bc7a23922196fd770fda68e,0.855123051970947,0.8654961670516035,0.941154611423221,0.5330921248732515,0.565587734241908,0.530664395229983,0.5464285714285714,-0.03209356718804159,6.797018413360653,16,True,False,438,96,72,568,464,70,87,553,280,0,280.0,0.8704208468102992,0.8704208468102992,0.9461317883895132,0.49931892606107064,0.540885860306644,0.540885860306644,0.5357142857142857,-0.3820007222896313,12.724181583765771,16,True,False,461,73,78,562,461,73,78,562,1400,0,1400.0,0.85631965272064,0.8699832422586521,0.9414676966292135,0.598002099797364,0.5809199318568995,0.5195911413969335,0.5535714285714286,-0.3384286912599064,13.23835825895258,14,True,False,430,104,62,578,473,61,91,549,280,1120,1400.0,0.8566219747622187,0.8566219747622187,0.9414267322097378,0.5,0.5724020442930153,0.5724020442930153,0.5492857142857143,-0.22099753522074198,10.971291664760368,10,True,False,435,99,67,573,435,99,67,573,280,1120,840.0,0.0014989227912717284,-0.008874192289384797,0.00027212078651683846,-0.013361267496433404,-0.013798872048080502,-0.18890396803270038,0.006814310051107331
Binary Adaptive Decision-Boundary Diagnostic,binary_adaptive_decision_boundary_diagnostic,binary-adaptive-diagnostic-v1,bn_binary_cinexdrama,1030,4.0,0.5,04fa8509c87276158d51c422ae91a4eed52a76228130203d6713ea9546fb68f4,0.8509508304033828,0.8574151634840625,0.9312382958801497,0.5593534019273373,0.561328790459966,0.5034071550255537,0.55,-0.19860609931876638,6.968150293712233,19,True,False,438,96,77,563,475,59,108,532,280,0,280.0,0.8704208468102992,0.8696927211122795,0.9461317883895132,0.5054297662243682,0.540885860306644,0.534923339011925,0.5357142857142857,-0.3820007222896293,12.724181583765807,16,True,False,461,73,78,562,464,70,82,558,1400,0,1400.0,0.852273254081261,0.8604267820817753,0.9294973080524346,0.5734393392698035,0.5732538330494037,0.5272572402044293,0.5385714285714286,-0.7052391990547338,13.449251727487002,12,True,False,432,102,69,571,463,71,92,548,280,1120,1400.0,0.8541761754301636,0.8543011741757263,0.9295675327715355,0.5490760730602937,0.5681431005110733,0.5332197614991482,0.5364285714285715,-0.5649095843413738,11.143821339005731,11,True,False,436,98,71,569,456,78,92,548,280,1120,840.0,0.003225345026780735,-0.0031139893083362846,-0.0016707631086142483,-0.006125607906048991,-0.015391546936553202,-0.36630348502260746,0.006814310051107331
Binary Adaptive Decision-Boundary Diagnostic,binary_adaptive_decision_boundary_diagnostic,binary-adaptive-diagnostic-v1,bn_binary_cinexdrama,1031,4.0,0.5,277a69fda92c93a7eaaf53e7469ed7863d9c8c8dd2ecdc6667c5d8d64a9c5f99,0.8555851367618245,0.8658056155193063,0.9390800561797754,0.5395700528928129,0.5502555366269165,0.5136286201022147,0.5464285714285714,-0.008115424829803592,6.924902461585711,9,True,False,447,87,81,559,474,60,97,543,280,0,280.0,0.8704208468102992,0.8723163223223442,0.9461317883895132,0.5145229516359939,0.540885860306644,0.5323679727427598,0.5357142857142857,-0.38200072228963217,12.724181583765748,16,True,False,461,73,78,562,467,67,82,558,1400,0,1400.0,0.855067266682931,0.8676384479140526,0.9417954119850187,0.5891483230521265,0.5672913117546848,0.5051107325383305,0.5407142857142857,-0.07599684275505544,13.341578595355434,12,True,False,437,97,71,569,480,54,101,539,280,1120,1400.0,0.8561725184444524,0.867760799437818,0.9411487593632959,0.5884692661867404,0.5596252129471891,0.4948892674616695,0.5378571428571428,-0.10227968925176503,11.056136250235188,10,True,False,442,92,75,565,486,48,107,533,280,1120,840.0,0.0005873816826279521,0.0019551839185116826,0.0020687031835204817,0.00012235152376538494,-0.004555522884526209,-0.09416426442196144,0.009369676320272635
Binary Adaptive Decision-Boundary Diagnostic,binary_adaptive_decision_boundary_diagnostic,binary-adaptive-diagnostic-v1,bn_binary_cinexdrama,1032,4.0,0.5,0a0a684a74186a107ac88cd2ae0dad14b559f69622e93ec9a0d061ada948973a,0.851162293060098,0.8492149013102757,0.9343018492509364,0.5863085624014658,0.5545144804088586,0.46592844974446335,0.5107142857142857,-0.04334938579476402,6.99209316966733,19,True,False,442,92,81,559,492,42,135,505,280,0,280.0,0.8704208468102992,0.8725061678455726,0.9461317883895132,0.5389622113920436,0.540885860306644,0.5221465076660988,0.5357142857142857,-0.3820007222896298,12.72418158376577,16,True,False,461,73,78,562,473,61,88,552,1400,0,1400.0,0.8517850851438638,0.8534310807868186,0.9356712312734081,0.6219120091937446,0.5621805792163543,0.4752981260647359,0.5292857142857142,-0.0309548828260317,13.417449711921806,11,True,False,438,96,76,564,489,45,127,513,280,1120,1400.0,0.8468342480532882,0.8471354166666667,0.9348694990636706,0.5095966320056019,0.555366269165247,0.545144804088586,0.5257142857142857,-0.09669054411211987,11.074138638556002,11,True,False,439,95,83,557,445,89,89,551,280,1120,840.0,-0.004328045006809833,-0.0020794846436089642,0.0005676498127341612,-0.0062956641201519226,-0.02537075117890586,-0.05334115831735585,0.0008517887563883608
Binary Adaptive Decision-Boundary Diagnostic,binary_adaptive_decision_boundary_diagnostic,binary-adaptive-diagnostic-v1,bn_binary_cinexdrama,1033,4.0,0.5,f4592bf744469088ef3118d2dd869eafb3c8762f3730540628686868f2cd1e7a,0.8438824052339442,0.8438824052339442,0.931683052434457,0.5,0.5664395229982965,0.5664395229982965,0.5285714285714286,-0.28128790157576383,6.892215480064214,18,True,False,431,103,78,562,431,103,78,562,280,0,280.0,0.8704208468102992,0.8677869919412634,0.9461317883895132,0.4923041860679164,0.540885860306644,0.5434412265758092,0.5357142857142857,-0.3820007222896309,12.72418158376574,16,True,False,461,73,78,562,458,76,78,562,1400,0,1400.0,0.8443360784949246,0.8449650491525111,0.9339770599250937,0.4936265823356326,0.5775127768313458,0.5834752981260647,0.5357142857142857,-0.5035893066560578,13.018035176223641,11,True,False,425,109,71,569,422,112,67,573,280,1120,1400.0,0.8487553325799932,0.8528427508686831,0.9336610486891386,0.5856615031666943,0.5749574105621805,0.5212947189097104,0.5364285714285715,-0.4439285601649348,10.781795991941062,13,True,False,429,105,70,570,462,72,100,540,280,1120,840.0,0.00487292734604905,0.008960345634738909,0.0019779962546815355,0.00787770171617197,-0.0149442410725803,-0.16264065858917098,0.008517887563884052
Binary Adaptive Decision-Boundary Diagnostic,binary_adaptive_decision_boundary_diagnostic,binary-adaptive-diagnostic-v1,bn_binary_cinexdrama,1034,4.0,0.5,fcf782977c8c13546c6687d998d18d4ebaa7516688fd6f5977d0c4b838b2fd9e,0.838829436176859,0.8531817124243835,0.931308520599251,0.5684865970121199,0.5630323679727428,0.5008517887563884,0.5357142857142857,-0.23928612285360434,6.737162291088996,9,True,False,430,104,83,557,474,60,112,528,280,0,280.0,0.8704208468102992,0.8650629047076954,0.9461317883895132,0.4815695876513739,0.540885860306644,0.5494037478705281,0.5357142857142857,-0.38200072228962717,12.72418158376588,16,True,False,461,73,78,562,453,81,76,564,1400,0,1400.0,0.8383166633157243,0.8550582342915711,0.9328300561797753,0.5468616964953541,0.5766609880749574,0.5374787052810903,0.5335714285714286,-0.42848113108917585,13.00266876977103,10,True,False,422,112,75,565,454,80,89,551,280,1120,1400.0,0.8437602707545526,0.8563592242908705,0.9322477762172284,0.5719775572875975,0.5698466780238501,0.5161839863713799,0.5342857142857143,-0.363971643677318,10.727653217595098,12,True,False,429,105,76,564,467,67,101,539,280,1120,840.0,0.00493083457769361,0.0031775118664870705,0.0009392556179774747,0.0013009899992993956,-0.0087036804168249,-0.12468552082371365,0.006814310051107331
Binary Adaptive Decision-Boundary Diagnostic,binary_adaptive_decision_boundary_diagnostic,binary-adaptive-diagnostic-v1,bn_binary_cinexdrama,1035,4.0,0.5,791899ec7d139e4796ebbc1a931d543a09dd191dc9d30c6d092592959411b730,0.8480176646424102,0.8417789757412399,0.9290115870786517,0.49146066465469723,0.5442930153321976,0.5519591141396933,0.5357142857142857,-0.18641082138237533,7.054766320914232,15,True,False,446,88,89,551,438,96,88,552,280,0,280.0,0.8704208468102992,0.8669081244043705,0.9461317883895132,0.48944975898472287,0.540885860306644,0.5442930153321976,0.5357142857142857,-0.38200072228962956,12.724181583765793,16,True,False,461,73,78,562,457,77,78,562,1400,0,1400.0,0.855678129564207,0.8546792721002843,0.9348812031835206,0.5675345336455658,0.5468483816013628,0.514480408858603,0.5457142857142857,-0.4294803346215016,13.401302132881957,11,True,False,449,85,83,557,467,67,103,537,280,1120,1400.0,0.8548869227376685,0.8573138842735823,0.9345330056179775,0.5545325825841326,0.5442930153321976,0.510221465076661,0.5428571428571428,-0.36854542676366914,11.14345939513327,11,True,False,450,84,85,555,471,63,104,536,280,1120,840.0,0.0068692580952582905,0.015534908532342406,0.005521418539325751,0.0026346121732980787,-0.009594240130788134,-0.1821346053812938,0.0
Binary Adaptive Decision-Boundary Diagnostic,binary_adaptive_decision_boundary_diagnostic,binary-adaptive-diagnostic-v1,bn_binary_cinexdrama,1036,4.0,0.5,2899bdb87db9741dc5f91db9ee127695041c6826b6d2f46acef7154b5c6d6f10,0.8457814950416505,0.8492017704085743,0.9358058286516855,0.5812608059497626,0.561328790459966,0.469335604770017,0.5392857142857143,-0.1683913846055029,6.825657239977425,8,True,False,435,99,80,560,490,44,133,507,280,0,280.0,0.8704208468102992,0.865986834595335,0.9461317883895132,0.4839523620999717,0.540885860306644,0.5468483816013628,0.5357142857142857,-0.3820007222896315,12.72418158376576,16,True,False,461,73,78,562,455,79,77,563,1400,0,1400.0,0.8527927917296072,0.8186168186168186,0.936906015917603,0.4188040913330852,0.5826235093696763,0.6354344122657581,0.5357142857142857,-0.10683749974541257,13.297142886509521,9,True,False,427,107,63,577,378,156,50,590,280,1120,1400.0,0.8504212981477022,0.842945465430397,0.9366251170411986,0.4822921859804494,0.5766609880749574,0.590289608177172,0.5292857142857142,-0.14331553062267535,10.83672560410503,12,True,False,429,105,68,572,417,117,64,576,280,1120,840.0,0.004639803106051721,-0.006256304978177307,0.000819288389513062,0.02432864681357838,-0.02304136916493804,0.02507585398282755,0.015332197614991383
Binary Adaptive Decision-Boundary Diagnostic,binary_adaptive_decision_boundary_diagnostic,binary-adaptive-diagnostic-v1,bn_binary_cinexdrama,1037,4.0,0.5,cf3238f37e5af90e44f192fd9169af8fe9b0acd5efbd5e3e7b38aed0bc272358,0.8484485753180303,0.8427739606381739,0.9330407303370786,0.5481783919176114,0.5587734241908007,0.5110732538330494,0.5142857142857142,-0.29273092552147767,6.767579566386884,17,True,False,438,96,80,560,462,72,112,528,280,0,280.0,0.8704208468102992,0.8657648466085,0.9461317883895132,0.4763952626626257,0.540885860306644,0.555366269165247,0.5357142857142857,-0.3820007222896298,12.724181583765803,16,True,False,461,73,78,562,450,84,72,568,1400,0,1400.0,0.8503275157163581,0.8516692702798829,0.9335908239700375,0.5350295058769212,0.5536626916524702,0.5357751277683135,0.53,-0.6899508686042691,13.05440479598958,11,True,False,442,92,82,558,453,81,92,548,280,1120,1400.0,0.8483938660209847,0.8471695464889053,0.9330231741573034,0.5893606028073527,0.5604770017035775,0.5034071550255537,0.5342857142857143,-0.5269379550039563,10.682522528615229,14,True,False,437,97,79,561,469,65,114,526,280,1120,840.0,-5.470929704565197e-05,0.004395585850731409,-1.755617977516888e-05,-0.004499723790977628,-0.01859530011959465,-0.23420702948247868,0.0017035775127768327
Binary Adaptive Decision-Boundary Diagnostic,binary_adaptive_decision_boundary_diagnostic,binary-adaptive-diagnostic-v1,bn_binary_cinexdrama,1038,4.0,0.5,0c8bb637a48872112d8328bc3a52728dc17537376be20aea2fc0574115f95fe6,0.8421879846965153,0.8555773202104839,0.9343691479400748,0.5666247941497988,0.5877342419080068,0.5119250425894378,0.5607142857142857,-0.3158446186974944,6.990629787004602,20,True,False,418,116,66,574,469,65,104,536,280,0,280.0,0.8704208468102992,0.8668668383050671,0.9461317883895132,0.485389190921648,0.540885860306644,0.5459965928449745,0.5357142857142857,-0.3820007222896316,12.724181583765766,16,True,False,461,73,78,562,456,78,77,563,1400,0,1400.0,0.8392436702981605,0.8596174880625493,0.9356127106741574,0.5498532740171945,0.5954003407155025,0.5596252129471891,0.5392857142857143,-0.4912399511172462,13.226385116963746,11,True,False,412,122,63,577,444,90,73,567,280,1120,1400.0,0.8421879846965153,0.857527604922098,0.9348285346441948,0.5612515814138074,0.5877342419080068,0.5417376490630323,0.5414285714285715,-0.4443880427668218,11.021525375809828,10,True,False,418,116,66,574,453,81,85,555,280,1120,840.0,0.0,0.0019502847116140698,0.0004593867041200461,-0.002089883140451332,-0.009339233382969048,-0.1285434240693274,0.0
Binary Adaptive Decision-Boundary Diagnostic,binary_adaptive_decision_boundary_diagnostic,binary-adaptive-diagnostic-v1,bn_binary_cinexdrama,1039,4.0,0.5,b3cd281ea12614979a8c440e0bc577f62326eacd8c660c8f84408118c311096f,0.8539134050078467,0.8537472380087874,0.9293948970037453,0.5290226044512817,0.5485519591141397,0.5187393526405452,0.5535714285714286,-0.2353949679953046,7.0009319152103755,19,True,False,447,87,83,557,464,70,101,539,280,0,280.0,0.8704208468102992,0.8695818679856988,0.9461317883895132,0.5031552613975917,0.540885860306644,0.5400340715502555,0.5357142857142857,-0.38200072228963106,12.724181583765752,16,True,False,461,73,78,562,461,73,79,561,1400,0,1400.0,0.8542884106239925,0.8592856996687803,0.932818352059925,0.5443417138687296,0.5647359454855196,0.5400340715502555,0.5442857142857143,-0.4638683622827288,13.538813527196771,8,True,False,438,96,73,567,455,79,85,555,280,1120,1400.0,0.8553886130410682,0.8577671773553178,0.9313202247191011,0.5394264627583576,0.5570698466780238,0.5315161839863713,0.5442857142857143,-0.4362518912014034,11.18042062104125,10,True,False,443,91,77,563,459,75,91,549,280,1120,840.0,0.0014752080332214312,0.004019939346530443,0.0019253277153558068,-0.0015185223134625003,-0.011814690630380986,-0.2008569232060988,0.008517887563884163
Binary Adaptive Decision-Boundary Diagnostic,binary_adaptive_decision_boundary_diagnostic,binary-adaptive-diagnostic-v1,bn_binary_cinexdrama,1040,4.0,0.5,b4f30bfbdfb2be5d7993a1329c29487464f9aa75208277425b59b8181993ca38,0.8516276599552769,0.8543398804241207,0.932432116104869,0.5070040214807235,0.5374787052810903,0.5315161839863713,0.5535714285714286,-0.22524353661936777,6.793130279234859,9,True,False,452,82,91,549,457,77,93,547,280,0,280.0,0.8704208468102992,0.8669081244043705,0.9461317883895132,0.49136757091301325,0.540885860306644,0.5442930153321976,0.5357142857142857,-0.3820007222896316,12.724181583765743,16,True,False,461,73,78,562,457,77,78,562,1400,0,1400.0,0.8517099911143691,0.8608530370092441,0.9326018258426967,0.5658607182317945,0.5340715502555367,0.5017035775127768,0.5335714285714286,-0.7066631350119155,13.444089971080023,11,True,False,454,80,93,547,478,56,107,533,280,1120,1400.0,0.8509125834929235,0.858069233525503,0.9329558754681648,0.5357805959002462,0.5315161839863713,0.5161839863713799,0.5364285714285715,-0.5916818418635589,11.09311175419399,19,True,False,455,79,95,545,468,66,100,540,280,1120,840.0,-0.000715076462353359,0.0037293531013823378,0.0005237593632958504,-0.0027838034837410763,-0.008838890878867467,-0.3664383052441911,-0.00596252129471897
Binary Adaptive Decision-Boundary Diagnostic,binary_adaptive_decision_boundary_diagnostic,binary-adaptive-diagnostic-v1,bn_binary_cinexdrama,1041,4.0,0.5,b94ba5cc177a0b55420af360e13e9f5ac917c1f56431e08080b4a6f2c3df0abd,0.8496408432407905,0.8474852865617264,0.9305799391385767,0.5183658097942141,0.5477001703577513,0.5315161839863713,0.5392857142857143,-0.270696518847687,7.222749826317401,17,True,False,445,89,86,554,453,81,97,543,280,0,280.0,0.8704208468102992,0.8669081244043705,0.9461317883895132,0.4901828197492324,0.540885860306644,0.5442930153321976,0.5357142857142857,-0.38200072228963206,12.724181583765722,16,True,False,461,73,78,562,457,77,78,562,1400,0,1400.0,0.8593264127563068,0.8611575895086333,0.9354751872659177,0.514345437998729,0.5383304940374787,0.5332197614991482,0.5414285714285715,-0.8672880364685542,13.545051945835894,10,True,False,456,78,86,554,460,74,88,552,280,1120,1400.0,0.8602433008995429,0.8582327763051075,0.9342374765917603,0.5596410024582669,0.5357751277683135,0.5059625212947189,0.5421428571428571,-0.7021824829532022,11.305579681781328,17,True,False,458,76,87,553,474,60,106,534,280,1120,840.0,0.010602457658752451,0.010747489743381133,0.0036575374531835347,-0.002924813203525778,-0.008675348099262958,-0.4314859641055152,-0.011925042589437829
Binary Adaptive Decision-Boundary Diagnostic,binary_adaptive_decision_boundary_diagnostic,binary-adaptive-diagnostic-v1,bn_binary_cinexdrama,1042,4.0,0.5,224159dc563e2500fc3381744297e960e64976c7b8833a4e4a3f36496a20eebe,0.8540945351611846,0.8586787694233706,0.9336551966292135,0.5147925436755995,0.5417376490630323,0.5289608177172062,0.525,-0.1684747731907903,6.9823541839786545,17,True,False,451,83,87,553,461,73,92,548,280,0,280.0,0.8704208468102992,0.8704208468102992,0.9461317883895132,0.49911892863353424,0.540885860306644,0.540885860306644,0.5357142857142857,-0.3820007222896308,12.72418158376577,16,True,False,461,73,78,562,461,73,78,562,1400,0,1400.0,0.8509513094185324,0.8517887700632318,0.9346412687265918,0.497591201254137,0.5298126064735945,0.530664395229983,0.53,-0.292306192836871,13.659512895192435,9,True,False,456,78,96,544,456,78,95,545,280,1120,1400.0,0.8551775736407797,0.8534243264772088,0.9350304307116104,0.4978803956105178,0.5323679727427598,0.5340715502555367,0.5292857142857142,-0.27944986626126556,11.26054577162144,11,True,False,457,77,92,548,455,79,92,548,280,1120,840.0,0.001083038479595122,-0.005254442946161841,0.0013752340823969256,0.0016355564139769463,-0.016996520333090404,-0.11097509307047526,-0.009369676320272524
Binary Adaptive Decision-Boundary Diagnostic,binary_adaptive_decision_boundary_diagnostic,binary-adaptive-diagnostic-v1,bn_binary_cinexdrama,1043,4.0,0.5,b6dddf5172151b3818936f51f7164c1b2814cfa240a51e91bc030be2959b8514,0.856090919438583,0.8532862519435604,0.934568117977528,0.5506821699771622,0.5298126064735945,0.49233390119250425,0.525,-0.08459739703067931,7.1281476009236435,22,True,False,459,75,93,547,479,55,117,523,280,0,280.0,0.8704208468102992,0.8715423669467788,0.9461317883895132,0.5226796281814313,0.540885860306644,0.5281090289608177,0.5357142857142857,-0.38200072228963017,12.724181583765771,16,True,False,461,73,78,562,469,65,85,555,1400,0,1400.0,0.8550582342915711,0.8550582342915711,0.935188436329588,0.5,0.5374787052810903,0.5374787052810903,0.5457142857142857,-0.693836055794359,13.27050821278098,9,True,False,454,80,89,551,454,80,89,551,280,1120,1400.0,0.8551386618400484,0.8581270947809198,0.9347231975655432,0.534312319193071,0.5340715502555367,0.5127768313458262,0.5478571428571428,-0.5104960352578984,11.080956024219052,11,True,False,456,78,91,549,470,64,102,538,280,1120,840.0,-0.0009522575985345672,0.004840842837359305,0.0001550795880151945,0.0030688604893486238,-0.013415272165859027,-0.42589863822721913,0.004258943781942137
Binary Adaptive Decision-Boundary Diagnostic,binary_adaptive_decision_boundary_diagnostic,binary-adaptive-diagnostic-v1,bn_binary_cinexdrama,1044,4.0,0.5,93ee13b10ffd834c1525687d36d372ad1e0948afb0bdf237036495812e7a6331,0.8551779436254857,0.823005388622692,0.9360135767790262,0.45888618418251664,0.5638841567291312,0.6218057921635435,0.55,-0.007343209583905194,6.650711949728576,15,True,False,439,95,73,567,388,146,56,584,280,0,280.0,0.8704208468102992,0.8723163223223442,0.9461317883895132,0.5168426373883035,0.540885860306644,0.5323679727427598,0.5357142857142857,-0.3820007222896307,12.724181583765763,16,True,False,461,73,78,562,467,67,82,558,1400,0,1400.0,0.8527927917296072,0.8617132965620375,0.9394838483146067,0.5697540977267899,0.5826235093696763,0.5459965928449745,0.5471428571428572,-0.11158874675803213,12.925352106079936,15,True,False,427,107,63,577,453,81,80,560,280,1120,1400.0,0.8531670825878144,0.8584888086278653,0.9385884831460675,0.5579048424741986,0.5724020442930153,0.5374787052810903,0.545,-0.1314369484469701,10.745665769790948,11,True,False,433,101,69,571,456,78,87,553,280,1120,840.0,-0.002010861037671341,0.03548342000517324,0.002574906367041274,-0.003224487934172293,-0.013827513694478988,-0.1240937388630649,0.008517887563884163
Binary Adaptive Decision-Boundary Diagnostic,binary_adaptive_decision_boundary_diagnostic,binary-adaptive-diagnostic-v1,bn_binary_cinexdrama,1045,4.0,0.5,6a886bcdf2f899bc6b30f75e63ae24c37046cf786bea5873a2f20074b3e9c3a8,0.8646217712177122,0.8630780041344845,0.9375585205992509,0.5161327794996526,0.5315161839863713,0.5229982964224872,0.5571428571428572,-0.25008655546348485,7.101124274381309,22,True,False,463,71,87,553,467,67,93,547,280,0,280.0,0.8704208468102992,0.8741580604162064,0.9461317883895132,0.5241109480061901,0.540885860306644,0.5255536626916525,0.5357142857142857,-0.3820007222896295,12.724181583765798,16,True,False,461,73,78,562,472,62,85,555,1400,0,1400.0,0.8706364409222428,0.87018904818299,0.9382900280898877,0.5444242418691676,0.530664395229983,0.5059625212947189,0.5457142857142857,-0.46921584229222946,13.146043301146824,14,True,False,467,67,84,556,481,53,99,541,280,1120,1400.0,0.8689566771016709,0.8725908574766542,0.9377487125468165,0.5180972645550856,0.5289608177172062,0.5170357751277683,0.5442857142857143,-0.3955024891279663,11.017849814307915,10,True,False,467,67,86,554,476,58,91,549,280,1120,840.0,0.004334905883958684,0.00951285334216967,0.00019019194756553226,0.002401809293664181,-0.001567202939552148,-0.14541593366448147,-0.0025553662691651935
Binary Adaptive Decision-Boundary Diagnostic,binary_adaptive_decision_boundary_diagnostic,binary-adaptive-diagnostic-v1,bn_binary_cinexdrama,1046,4.0,0.5,90c48c540fa22ed1c8e3c656056f4ab5d572c5de01dbca0b865a1a6d0a719812,0.8606487600447119,0.8606487600447119,0.9333362593632959,0.5,0.5153321976149915,0.5153321976149915,0.5392857142857143,-0.10661251810847895,6.659480530807778,9,True,False,470,64,99,541,470,64,99,541,280,0,280.0,0.8704208468102992,0.8695433490852946,0.9461317883895132,0.4945637168080818,0.540885860306644,0.5417376490630323,0.5357142857142857,-0.38200072228963133,12.724181583765766,16,True,False,461,73,78,562,460,74,78,562,1400,0,1400.0,0.8562650124763882,0.8562650124763882,0.9334591526217229,0.5037765797678682,0.5212947189097104,0.5212947189097104,0.5421428571428571,-0.41859269296594853,13.331528478733494,10,True,False,464,70,98,542,464,70,98,542,280,1120,1400.0,0.8588789138681281,0.8566794558772236,0.9338512406367041,0.5360748414191071,0.5187393526405452,0.4940374787052811,0.5442857142857143,-0.3545333851825947,11.033699489276701,12,True,False,467,67,98,542,480,54,114,526,280,1120,840.0,-0.0017698461765838225,-0.003969304167488308,0.0005149812734082104,0.000414443400835407,-0.01286389320807102,-0.24792086707411576,0.0034071550255536653
Binary Adaptive Decision-Boundary Diagnostic,binary_adaptive_decision_boundary_diagnostic,binary-adaptive-diagnostic-v1,bn_binary_cinexdrama,1047,4.0,0.5,7be8c0e65ff37f30424d3498228be3e441956d74d15e587e952764e6aa6bdb48,0.8433376641278238,0.8537787693188448,0.9331372893258427,0.5443084286036857,0.5570698466780238,0.5170357751277683,0.55,-0.14262323982462766,7.063376322020568,8,True,False,436,98,84,556,465,69,102,538,280,0,280.0,0.8704208468102992,0.8696927211122795,0.9461317883895132,0.5069011377369068,0.540885860306644,0.534923339011925,0.5357142857142857,-0.38200072228963156,12.724181583765757,16,True,False,461,73,78,562,464,70,82,558,1400,0,1400.0,0.8420960952882837,0.8568529972028881,0.9381437265917603,0.5582739625087029,0.5681431005110733,0.5340715502555367,0.5342857142857143,-0.2653848650342088,13.378079433335655,13,True,False,429,105,78,562,457,77,90,550,280,1120,1400.0,0.8482816552266994,0.8524215874575012,0.9375380383895131,0.541024331701727,0.5638841567291312,0.5400340715502555,0.5328571428571428,-0.2154554648767269,10.987929091455305,10,True,False,435,99,77,563,451,83,89,551,280,1120,840.0,0.004943991098875555,-0.0013571818613435926,0.004400749063670384,-0.004431409745386916,-0.01727113365477828,-0.07283222505209924,0.006814310051107331
Binary Adaptive Decision-Boundary Diagnostic,binary_adaptive_decision_boundary_diagnostic,binary-adaptive-diagnostic-v1,bn_binary_cinexdrama,1048,4.0,0.5,7f06790a318c09752cbecb1b947196f6fd06a84f14b6877232879ffcab591d02,0.8585673325657277,0.8600320448511601,0.9336610486891386,0.5412184888257725,0.5340715502555367,0.4991482112436116,0.5357142857142857,-0.21805140153480967,6.918375660004002,18,True,False,458,76,89,551,479,55,109,531,280,0,280.0,0.8704208468102992,0.8696927211122795,0.9461317883895132,0.5068275999262761,0.540885860306644,0.534923339011925,0.5357142857142857,-0.3820007222896304,12.724181583765784,16,True,False,461,73,78,562,464,70,82,558,1400,0,1400.0,0.8610813258732268,0.8620693178045105,0.9385475187265918,0.5110579532960959,0.5366269165247018,0.530664395229983,0.5478571428571428,-0.6022082708484181,13.324527224977023,10,True,False,458,76,86,554,462,72,89,551,280,1120,1400.0,0.8594053043579857,0.8560535288897193,0.9375614466292135,0.506212601420255,0.534923339011925,0.5315161839863713,0.5442857142857143,-0.48084440501530423,11.044325471914219,10,True,False,458,76,88,552,458,76,92,548,280,1120,840.0,0.0008379717922579744,-0.003978515961440832,0.0039003979400749067,-0.006015788914791154,-0.01363919222256016,-0.26279300348049456,0.0008517887563883608
Binary Adaptive Decision-Boundary Diagnostic,binary_adaptive_decision_boundary_diagnostic,binary-adaptive-diagnostic-v1,bn_binary_cinexdrama,1049,4.0,0.5,4ce2f4782dbfa4fa4adcfd843fba1364f9c21e099f58aabdf42c75a5232d4064,0.8650186341044022,0.8534408677071721,0.9396330758426967,0.5865451861143866,0.551107325383305,0.4735945485519591,0.5714285714285714,-0.28451489586585876,7.1585318924711245,18,True,False,452,82,75,565,490,44,128,512,280,0,280.0,0.8704208468102992,0.8750291640419029,0.9461317883895132,0.5282637201962468,0.540885860306644,0.524701873935264,0.5357142857142857,-0.38200072228962983,12.724181583765793,16,True,False,461,73,78,562,473,61,85,555,1400,0,1400.0,0.8704587223003708,0.8642455748141673,0.9410083099250937,0.5768024580195008,0.5391822827938672,0.5034071550255537,0.5457142857142857,-0.5123397758363871,13.66431671482887,10,True,False,462,72,79,561,479,55,104,536,280,1120,1400.0,0.8661498118800592,0.860954142812612,0.9401246488764045,0.584405515191543,0.5400340715502555,0.49318568994889267,0.5507142857142857,-0.4565060630146566,11.340251275313483,10,True,False,459,75,81,559,483,51,112,528,280,1120,840.0,0.0011311777756570773,0.007513275105439865,0.0004915730337077262,-0.00329143200155535,-0.01407502122929094,-0.17199116714879786,-0.011073253833049468
Binary Adaptive Decision-Boundary Diagnostic,binary_adaptive_decision_boundary_diagnostic,binary-adaptive-diagnostic-v1,en_binary_sst2,1000,3.0,0.75,176f4c5ca2ab89ce9a9a9db90fa5761ac7f190ba304e8b61e03e70a182204f4e,0.9127338753582345,0.9156359098355142,0.9752731186941712,0.523880706437812,0.5923750746565797,0.5734620744574955,0.5821428571428572,0.25385760369183796,7.640702067684027,14,True,False,3842,604,253,5347,3949,497,336,5264,280,0,280.0,0.9227063220163312,0.9242262462532447,0.9789123048004627,0.534844318052605,0.5838144535138363,0.5692813059924348,0.5660714285714286,0.38677434253320486,12.8449661375003,15,True,False,3933,513,248,5352,4012,434,315,5285,1120,0,1120.0,0.9123947192085311,0.9138025610164281,0.9759815805539489,0.6363247462630452,0.5859048377463667,0.5253832371092972,0.5625,0.3434713771651282,12.563001290336008,11,True,False,3872,574,288,5312,4177,269,591,5009,280,840,1120.0,0.9133320465149937,0.9118644115056014,0.9760970133667501,0.6507883410946206,0.5850089587895679,0.513139558033048,0.5660714285714286,0.3314352100953208,11.773996197663047,11,True,False,3881,565,288,5312,4228,218,663,4937,280,840,910.0,0.0005981711567591974,-0.003771498329912859,0.0008238946725789287,-0.0019381495108267144,-0.012361834747643297,0.07757760640348282,-0.007366115867011747
Binary Adaptive Decision-Boundary Diagnostic,binary_adaptive_decision_boundary_diagnostic,binary-adaptive-diagnostic-v1,en_binary_sst2,1001,3.0,0.75,6d34716b6cc5f26429d1df9ddf2df0ee818f3dff6841070266be5364c343ef83,0.9179045464490898,0.9139517903899095,0.9772257968639547,0.6003955897095498,0.5891897272546287,0.5142345212024686,0.5821428571428572,0.23824757288263995,7.7596863905100575,10,True,False,3883,563,244,5356,4233,213,647,4953,280,0,280.0,0.9228827940268233,0.9263488549335421,0.979457297088876,0.5357573250994015,0.5850089587895679,0.5693808480987458,0.5633928571428571,0.23428314869031638,12.89136861199472,17,True,False,3928,518,241,5359,4022,424,304,5296,1120,0,1120.0,0.9183211965920227,0.9231775702363938,0.9776180033416875,0.5500581378619094,0.5887915588293848,0.5659964164841728,0.5633928571428571,0.3278088672752012,12.373535128460729,10,True,False,3887,559,244,5356,4023,423,337,5263,280,840,1120.0,0.9187425385380155,0.9236301161588518,0.9776951593727912,0.5966585346709318,0.588194306191519,0.5395182162054549,0.5625,0.31284344850123996,11.644934094190331,11,True,False,3892,554,245,5355,4156,290,470,5130,280,840,910.0,0.0008379920889256542,0.009678325768942342,0.00046936250883644615,0.0004525459224580253,-0.0027187387746903102,0.07459587561860001,-0.0009954210631096805
Binary Adaptive Decision-Boundary Diagnostic,binary_adaptive_decision_boundary_diagnostic,binary-adaptive-diagnostic-v1,en_binary_sst2,1002,3.0,0.75,399001efb86de8adf4446518caa7e941397d3f6821c1c9b7ffc3dbf3bac22c9f,0.9082487768039997,0.9150403572087171,0.9750716936572199,0.5938079741230167,0.6030260800318534,0.5298626318932909,0.5821428571428572,0.37182467459478663,7.471807463525845,14,True,False,3768,678,220,5380,4161,285,562,5038,280,0,280.0,0.9237307489552329,0.9271915991793412,0.9794924008739799,0.5353639491697634,0.5834162850885924,0.5675890901851484,0.5625,0.2793349798532736,12.787319832669459,17,True,False,3940,506,245,5355,4035,411,309,5291,1120,0,1120.0,0.9159704348365798,0.9176997970351367,0.9760808672321831,0.5805928000471394,0.5809277324308182,0.5396177583117658,0.5571428571428572,0.3174761622887029,12.223224718302934,11,True,False,3914,532,296,5304,4126,320,499,5101,280,840,1120.0,0.9160172245496909,0.9184018884461003,0.976222607801555,0.5697348523831436,0.5832172008759705,0.545789368903046,0.5571428571428572,0.316326414848615,11.474196896416103,10,True,False,3903,543,284,5316,4099,347,464,5136,280,840,910.0,0.007768447745691187,0.003361531237383142,0.0011509141443351023,0.0007020914109635568,-0.008789710733240974,-0.05549825974617162,-0.01980887915588292
Binary Adaptive Decision-Boundary Diagnostic,binary_adaptive_decision_boundary_diagnostic,binary-adaptive-diagnostic-v1,en_binary_sst2,1003,3.0,0.75,f5c06133fdec77b99adaee756c681870cc872c2fea554811fee30865457ad651,0.908623775724008,0.9160929831223832,0.9746774387892809,0.5708825785236588,0.5972526378658173,0.5454907425841131,0.5642857142857143,0.22536089802755394,7.574320112462593,13,True,False,3798,648,248,5352,4089,357,477,5123,280,0,280.0,0.9228277562289597,0.927536573415529,0.9789582530043057,0.5618914570782922,0.5829185745570377,0.5535536531953016,0.5616071428571429,0.3759726956966255,12.836681347429517,12,True,False,3938,508,252,5348,4106,340,379,5221,1120,0,1120.0,0.9151553264504588,0.9190265452034243,0.9767375570336096,0.6088692225949399,0.5892892693609397,0.5383237109297233,0.55625,0.23963381280243182,12.264394691896786,10,True,False,3869,577,257,5343,4139,307,499,5101,280,840,1120.0,0.9143003117585764,0.9174154961375749,0.9766677912730544,0.617267162944082,0.5908819430619152,0.5320525582321322,0.55625,0.23268886772188718,11.508553828576414,11,True,False,3857,589,253,5347,4162,284,539,5061,280,840,910.0,0.0056765360345684135,0.0013225130151917064,0.0019903524837734388,-0.0016110490658494125,-0.010121077277954083,0.007327969694333247,-0.006370694803902066
Binary Adaptive Decision-Boundary Diagnostic,binary_adaptive_decision_boundary_diagnostic,binary-adaptive-diagnostic-v1,en_binary_sst2,1004,3.0,0.75,3558c6105476bbaead440d612af353a4e0290c293d574ade82727920972e034c,0.912800377625892,0.9145526731221221,0.975118404986826,0.5529618971467384,0.5777423850288672,0.5415090583316743,0.5678571428571428,0.20468509601280707,7.680696401004388,11,True,False,3914,532,328,5272,4101,345,505,5095,280,0,280.0,0.922096910626184,0.9237502058162579,0.9787907669815564,0.5264071032361898,0.5838144535138363,0.5728648218196297,0.5589285714285714,0.3293655018225777,12.868242102788411,12,True,False,3930,516,251,5349,3992,454,299,5301,1120,0,1120.0,0.9178386016121338,0.9043392841352873,0.976251887732151,0.6370350706842011,0.5651005375273741,0.4985068684053355,0.5598214285714286,0.05691019616116169,12.358769034743668,10,True,False,4001,445,368,5232,4263,183,775,4825,280,840,1120.0,0.9174261697984094,0.9136540877702355,0.9761765792686845,0.5815515720353843,0.565498705952618,0.5286681266175592,0.5589285714285714,0.06733190071283127,11.626173876685922,9,True,False,3997,449,368,5232,4160,286,575,5025,280,840,910.0,0.004625792172517462,-0.0008985853518865827,0.0010581742818585038,0.009314803634948188,-0.010096118046022395,-0.1373531952999758,-0.012243679076249236
Binary Adaptive Decision-Boundary Diagnostic,binary_adaptive_decision_boundary_diagnostic,binary-adaptive-diagnostic-v1,en_binary_sst2,1005,3.0,0.75,53ceb0d26c281b3cbabaad22ad81e3705c4b00e0109f1676fe21526bf7138ead,0.9058122221215359,0.9246719055176749,0.9766114404601247,0.5792040469548556,0.6089986064105116,0.5500696794744176,0.5785714285714286,0.07466838191144308,7.5238082745198005,13,True,False,3727,719,201,5399,4109,337,411,5189,280,0,280.0,0.9249636498582513,0.9278706574857452,0.9792488834265151,0.5425082062637956,0.5779414692414891,0.5577344216603624,0.5625,0.12491062619275037,12.809348410040462,14,True,False,3973,473,267,5333,4087,359,356,5244,1120,0,1120.0,0.9100464151576177,0.92520275167544,0.9779750658698027,0.6181438245029808,0.6044196695202071,0.5483774636671312,0.5607142857142857,0.14553962634237563,12.492403887869244,11,True,False,3770,676,204,5396,4120,326,417,5183,280,840,1120.0,0.909929270183969,0.9241540771192525,0.9779931399010346,0.5721631473526657,0.6049173800517619,0.5677881743977703,0.5598214285714286,0.13617663979797368,11.729231520700358,9,True,False,3767,679,202,5398,4019,427,323,5277,280,840,910.0,0.004117048062433071,-0.0005178283984224041,0.0013816994409099337,-0.0010486745561875122,-0.0037165803664926944,0.061508257886530596,-0.0040812263587497455
Binary Adaptive Decision-Boundary Diagnostic,binary_adaptive_decision_boundary_diagnostic,binary-adaptive-diagnostic-v1,en_binary_sst2,1006,3.0,0.75,51ae2cc51aaa4ca710100df1b95361136ff1439ab3e579c18a0d7dc8a38a9d2d,0.9080779685998362,0.9211677801837297,0.978270757020757,0.6074750033438373,0.6149711327891698,0.5362333266971929,0.5678571428571428,0.18606734862539198,7.599356418628313,10,True,False,3709,737,159,5441,4160,286,499,5101,280,0,280.0,0.9236487885020892,0.9263106828700005,0.9792397259173576,0.5489137441431855,0.5825204061317938,0.5604220585307585,0.5607142857142857,0.32476160367961704,12.876985202807386,13,True,False,3944,502,250,5350,4066,380,350,5250,1120,0,1120.0,0.9142638698203628,0.9167558407327092,0.9779344193817878,0.5115230707908496,0.5998407326299025,0.5943659167827992,0.5508928571428572,0.08606575823553941,12.39589830400349,11,True,False,3813,633,207,5393,3852,594,223,5377,280,840,1120.0,0.9130990862589516,0.9144734917186308,0.9780349511599511,0.5028938589793869,0.601333864224567,0.5996416484172805,0.5526785714285715,0.10142245661295252,11.615150781616185,11,True,False,3800,646,205,5395,3815,631,207,5393,280,840,910.0,0.005021117659115393,-0.0066942884650988965,-0.0002358058608059599,-0.002282349014078422,-0.01183719115136972,-0.08464489201243947,-0.01363726856460279
Binary Adaptive Decision-Boundary Diagnostic,binary_adaptive_decision_boundary_diagnostic,binary-adaptive-diagnostic-v1,en_binary_sst2,1007,3.0,0.75,a0053f8af0ad973780e2a3733a967c8fc349dad430d746ef42fbb129643f7ef5,0.9024964911323574,0.9174315130816589,0.9752765728423624,0.5735143786650816,0.6161656380649014,0.5602229743181366,0.5607142857142857,0.2193133348873786,7.535508216652636,18,True,False,3676,770,180,5420,4023,423,395,5205,280,0,280.0,0.9242964683280404,0.9284825745322898,0.979422755606966,0.5628051875523374,0.5854071272148119,0.5573362532351185,0.5607142857142857,0.25679445514860083,12.708890927863656,13,True,False,3933,513,232,5368,4092,354,355,5245,1120,0,1120.0,0.9140585639110972,0.9212709498739049,0.9772098113874429,0.5764028200005961,0.5961576746963966,0.5600238901055147,0.55625,0.27368312992639726,12.478723789503682,12,True,False,3830,616,227,5373,4043,403,377,5223,280,840,1120.0,0.9137228953822665,0.9196544582339816,0.9771882028789924,0.6348103581158091,0.5972526378658173,0.5298626318932909,0.5580357142857143,0.25314695625847916,11.699016543260683,9,True,False,3823,623,223,5377,4184,262,539,5061,280,840,910.0,0.011226404249909061,0.002222945152322686,0.0019116300366300853,-0.0016164916399232787,-0.008828116298308153,0.03383362137110055,-0.01891300019908415
Binary Adaptive Decision-Boundary Diagnostic,binary_adaptive_decision_boundary_diagnostic,binary-adaptive-diagnostic-v1,en_binary_sst2,1008,3.0,0.75,c51ace7d4f3df53fed031be33083ff497a16b352d45ae01cadd51068df8c6a77,0.9148684014665385,0.9156801254664939,0.9755954790823211,0.5611360565455041,0.5845112482580131,0.5402150109496316,0.5642857142857143,0.21840797545979168,7.859083788089813,9,True,False,3891,555,283,5317,4113,333,506,5094,280,0,280.0,0.9239941450739577,0.9260922938284879,0.9792080762804447,0.5280109837660437,0.5806291061118853,0.5668922954409715,0.5642857142857143,0.2534040207763432,12.87399048207283,21,True,False,3955,491,258,5342,4033,413,318,5282,1120,0,1120.0,0.918941292266708,0.9188965157701274,0.9768883346185977,0.5647568588233144,0.575154290264782,0.5462870794346009,0.55625,0.3457898347879267,12.692472543370029,11,True,False,3957,489,311,5289,4099,347,459,5141,280,840,1120.0,0.9188026435103963,0.919704935794321,0.9768551587301588,0.531660083156237,0.5768465060720684,0.5627115269759108,0.5553571428571429,0.32028281421251936,11.915244645905693,10,True,False,3948,498,303,5297,4022,424,371,5229,280,840,910.0,0.0039342420438578385,0.004024810327827089,0.001259679647837686,0.000808420024193568,-0.006387358034166901,0.10187483875272768,-0.007664742185944706
Binary Adaptive Decision-Boundary Diagnostic,binary_adaptive_decision_boundary_diagnostic,binary-adaptive-diagnostic-v1,en_binary_sst2,1009,3.0,0.75,bd6a96d4c1b3c77ab029c572f2ddab323a9322c6c688a244175dc8b05c05a0d0,0.9198582148980186,0.9159308667284852,0.9767591253775464,0.5766335251773815,0.5795341429424646,0.5236910213020107,0.5571428571428572,0.10663635147595048,7.71345937187515,10,True,False,3940,506,284,5316,4196,250,589,5011,280,0,280.0,0.9236226298382293,0.925099986043726,0.9787659854765117,0.5349255121913715,0.5837149114075254,0.5711726060123432,0.56875,0.12680587559107012,13.062875563159446,16,True,False,3938,508,244,5356,4007,439,301,5299,1120,0,1120.0,0.9233580261983414,0.9248125588152984,0.9779984817813764,0.5348816560294108,0.5771451323910014,0.5595261795739598,0.5598214285714286,0.21695746617951817,12.439675628900115,10,True,False,3969,477,279,5321,4063,383,362,5238,280,840,1120.0,0.9227455373362075,0.9219751291355317,0.9779961924040872,0.48408492138867926,0.5773442166036233,0.5847103324706351,0.5598214285714286,0.20484411162611532,11.710018467149457,10,True,False,3965,481,281,5319,3925,521,247,5353,280,840,910.0,0.0028873224381888996,0.0060442624070464746,0.0012370670265408057,-0.0028374296797667453,-0.0031248569081943067,0.09820776015016484,-0.002189926338841297
Binary Adaptive Decision-Boundary Diagnostic,binary_adaptive_decision_boundary_diagnostic,binary-adaptive-diagnostic-v1,en_binary_sst2,1010,3.0,0.75,4e5f56f419d11d6b5239d53b6222788ce69aac40df652a1f083ad40eefe0627c,0.9130166703028317,0.9205324163760816,0.9774546944283785,0.5318627833513946,0.6006370694803902,0.5765478797531356,0.5714285714285714,0.1856139434156448,7.5386461745333735,14,True,False,3803,643,209,5391,3958,488,296,5304,280,0,280.0,0.9242392491882184,0.9243385800878605,0.9788948734014524,0.4997276102106316,0.578638263985666,0.5787378060919769,0.5642857142857143,0.3653173657889359,12.966631068468581,17,True,False,3966,480,267,5333,3966,480,266,5334,1120,0,1120.0,0.9160400123983907,0.9238460394238539,0.9778442902127112,0.5836286164011472,0.5944654588891101,0.5571371690224965,0.5625,0.3112350165790933,12.419639654030798,12,True,False,3848,598,226,5374,4070,376,379,5221,280,840,1120.0,0.9161341096234668,0.9237256883148688,0.9779499630486472,0.5777318763140539,0.594764085208043,0.5582321321919171,0.5625,0.29627404057049517,11.64486792167621,10,True,False,3847,599,224,5376,4064,382,374,5226,280,840,910.0,0.003117439320635018,0.0031932719387871566,0.0004952686202687184,-0.00012035110898511725,-0.0006128917729917305,0.11066009715485037,-0.00587298427234717
Binary Adaptive Decision-Boundary Diagnostic,binary_adaptive_decision_boundary_diagnostic,binary-adaptive-diagnostic-v1,en_binary_sst2,1011,3.0,0.75,d78061fa67b782ec07216d8201eebb9f27a1fbec480e8fdbc0043e6755bec49b,0.90229817985437,0.9194527658087657,0.976506731572521,0.5701633938370229,0.6159665538522795,0.5701771849492335,0.5678571428571428,0.29695707607850486,7.741027098978685,9,True,False,3676,770,182,5418,3984,462,334,5266,280,0,280.0,0.9223680271107004,0.9244052115942023,0.9786237629329735,0.5317287570521394,0.5853075851085009,0.5704758112681665,0.5607142857142857,0.26690479219769514,12.876458186868915,15,True,False,3924,522,242,5358,4007,439,308,5292,1120,0,1120.0,0.9090137716437805,0.9188791423980075,0.9776021383587175,0.56187007536093,0.608102727453713,0.5824208640254828,0.55625,0.3732582116111828,12.385878614157825,10,True,False,3747,699,190,5410,3921,525,274,5326,280,840,1120.0,0.9076297835561522,0.9215247517927201,0.9776201320609215,0.5929102452339555,0.6097949432609994,0.5677881743977703,0.5571428571428572,0.37204899070616476,11.640431407336079,10,True,False,3732,714,188,5412,4006,440,336,5264,280,840,910.0,0.005331603701782206,0.0020719859839544164,0.0011134004884004733,0.002645609394712589,-0.002880459801482216,0.0750919146276599,-0.00617161059128013
Binary Adaptive Decision-Boundary Diagnostic,binary_adaptive_decision_boundary_diagnostic,binary-adaptive-diagnostic-v1,en_binary_sst2,1012,3.0,0.75,c428040592cc335e83021f1173448b867e1b09121cbfd33280f05ff17d486885,0.9071690446393875,0.9198855515007817,0.9770153749759014,0.6131328889588998,0.611387616961975,0.5276727055544496,0.5785714285714286,0.3867855225454901,7.735650418696403,15,True,False,3722,724,182,5418,4196,250,549,5051,280,0,280.0,0.9227503403605207,0.9236222842775283,0.978935841205578,0.5068882880775516,0.581823611387617,0.5790364324109099,0.5678571428571428,0.4017380595683703,12.985768062257044,17,True,False,3943,503,258,5342,3961,485,268,5332,1120,0,1120.0,0.9161915722810863,0.9267049644837942,0.9784478825268299,0.6074081149448914,0.5964563010153295,0.548875174198686,0.5625,0.28277315340337555,12.471679987037756,11,True,False,3839,607,215,5385,4125,321,407,5193,280,840,1120.0,0.9159452373316489,0.9268382104457112,0.9784015326778486,0.608152333032504,0.598048974716305,0.5467847899661556,0.5633928571428571,0.2971320570474284,11.726443342696708,10,True,False,3830,616,208,5392,4136,310,417,5183,280,840,910.0,0.008776192692261375,0.0069526589449295795,0.001386157701947166,0.00013324596191699456,0.003215926168182892,-0.08965346549806169,-0.01333864224566994
Binary Adaptive Decision-Boundary Diagnostic,binary_adaptive_decision_boundary_diagnostic,binary-adaptive-diagnostic-v1,en_binary_sst2,1013,3.0,0.75,6d55570c58fa84bb908e651c85eaff366690f523a9fc2e460e1f84279cfd67cd,0.9200563510466683,0.91428452838297,0.9778281039136301,0.5968876525986532,0.5842126219390802,0.5115468843320725,0.5892857142857143,0.08210100684787,7.5521074010253635,18,True,False,3918,528,259,5341,4248,198,659,4941,280,0,280.0,0.9278006596905601,0.9262485065194646,0.9796775592828225,0.5816826165818361,0.5728648218196297,0.539120047780211,0.5616071428571429,0.16275425895003096,12.962894674304804,13,True,False,4012,434,279,5321,4171,275,459,5141,1120,0,1120.0,0.9250267893225717,0.9175322526552572,0.9786631241565451,0.6057339762451253,0.5644037427831973,0.5160262791160661,0.5607142857142857,0.24122427991752624,12.556976418369025,11,True,False,4040,406,336,5264,4242,204,620,4980,280,840,1120.0,0.9247646524853192,0.917139204623675,0.9786988304093567,0.6069706595725831,0.5675890901851484,0.5154290264782003,0.5642857142857143,0.1982906225637792,11.805792146157923,8,True,False,4023,423,321,5279,4243,203,625,4975,280,840,910.0,0.004708301438650975,0.002854676240705012,0.0008707264957266148,-0.00039304803158213275,-0.009109301895789512,0.11618961571590919,-0.01662353175393183
Binary Adaptive Decision-Boundary Diagnostic,binary_adaptive_decision_boundary_diagnostic,binary-adaptive-diagnostic-v1,en_binary_sst2,1014,3.0,0.75,8478be360167358928b1dc24eac4923daf4fcfd41aca3eabdc86737ebcb87f8e,0.907146141680405,0.9135996873350493,0.9755116959064328,0.5291914824071867,0.6023292852876767,0.5824208640254828,0.5821428571428572,0.1891890081869972,7.705180436464801,10,True,False,3766,680,229,5371,3895,551,300,5300,280,0,280.0,0.9239538176969988,0.924568246649226,0.9789479307242466,0.512667188613485,0.5777423850288672,0.5724666533943858,0.5598214285714286,0.2693058929166926,12.885822223992525,17,True,False,3969,477,273,5327,3998,448,297,5303,1120,0,1120.0,0.9140705275314926,0.9123015844884637,0.9764469667759144,0.49028814806188525,0.5839139956201473,0.5894883535735617,0.5633928571428571,0.18171713781878351,12.60365132161136,10,True,False,3890,556,290,5310,3854,592,270,5330,280,840,1120.0,0.9137033192322273,0.9094870258485344,0.9764531922755607,0.473964790739618,0.5864025482779216,0.5991439378857256,0.5633928571428571,0.18335555649301377,11.816168266681439,12,True,False,3876,570,279,5321,3793,653,234,5366,280,840,910.0,0.00655717755182228,-0.004112661486514901,0.000941496369127881,-0.0028145586399292988,-0.01508122080069163,-0.005833451693983416,-0.01592673700975511
Binary Adaptive Decision-Boundary Diagnostic,binary_adaptive_decision_boundary_diagnostic,binary-adaptive-diagnostic-v1,en_binary_sst2,1015,3.0,0.75,7e2e161903836e9fb977ad25e4e445d82e6b477cb5b520563244f4ef50cce402,0.9061444204080342,0.9167460230845927,0.9760518282886703,0.6051121898270279,0.611387616961975,0.5364324109098149,0.5714285714285714,0.5239765408978494,7.584957301297383,14,True,False,3717,729,187,5413,4137,309,520,5080,280,0,280.0,0.923977054216053,0.9258414114678251,0.9787174265792686,0.571923241934227,0.5814254429623731,0.552458690025881,0.5642857142857143,0.29302518414637263,12.941161588366468,13,True,False,3951,495,254,5346,4103,343,393,5207,1120,0,1120.0,0.9119529300013496,0.9211692515446447,0.9773255253518411,0.6062710819615986,0.5985466852478598,0.5487756320923751,0.5553571428571429,0.7226161215941178,12.191256486363582,11,True,False,3808,638,225,5375,4098,348,435,5165,280,840,1120.0,0.9118312180327949,0.9188473194655667,0.9773586209112526,0.6269331887478609,0.5992434799920366,0.5369301214413696,0.55625,0.6853281521246924,11.45911666361612,10,True,False,3804,642,222,5378,4145,301,507,5093,280,840,910.0,0.005686797624760653,0.002101296380974005,0.0013067926225822646,-0.0023219320790779374,-0.006994092002258312,0.16135161122684305,-0.012144136969938324
Binary Adaptive Decision-Boundary Diagnostic,binary_adaptive_decision_boundary_diagnostic,binary-adaptive-diagnostic-v1,en_binary_sst2,1016,3.0,0.75,586b053d75a0b222465080e5c4f601b6953d46fb2d08d99dc535fa4663ff273c,0.9067007349601042,0.9122434365181207,0.9750169092603304,0.5229676149814313,0.6068086800716703,0.591678279912403,0.5678571428571428,0.28124119915317625,7.701749422975307,10,True,False,3742,704,208,5392,3843,603,259,5341,280,0,280.0,0.9233069187296501,0.9248897196261683,0.9790656529143372,0.5332384765737513,0.5842126219390802,0.5715707744375871,0.5633928571428571,0.29073770142057165,12.862336724200555,14,True,False,3934,512,243,5357,4004,442,300,5300,1120,0,1120.0,0.9127017866114628,0.9159514973934125,0.9763760764089712,0.5268917913844712,0.5935695799323114,0.581724069281306,0.5607142857142857,0.3552771316323106,12.438126594455316,10,True,False,3836,610,247,5353,3910,536,292,5308,280,840,1120.0,0.9119369352459681,0.9156222181636489,0.9764181688194846,0.5176123004550753,0.5954608799522197,0.5869002588094764,0.5598214285714286,0.3382308840854347,11.66711261704218,10,True,False,3823,623,241,5359,3883,563,267,5333,280,840,910.0,0.005236200285863912,0.003378781645528184,0.0014012595591542665,-0.0003292792297636682,-0.009267501462519423,0.05698968493225848,-0.01134780011945058
Binary Adaptive Decision-Boundary Diagnostic,binary_adaptive_decision_boundary_diagnostic,binary-adaptive-diagnostic-v1,en_binary_sst2,1017,3.0,0.75,4b595547070d86ceea3c4056db01939c1d2c4cbee5e59357bd8ee581520eb798,0.90397607476544,0.919141714930434,0.9755950372726688,0.5721366951527338,0.6118853274935298,0.5605216006370695,0.5857142857142857,0.06232175137334224,7.62396101304189,9,True,False,3704,742,195,5405,4030,416,385,5215,280,0,280.0,0.9251333703730856,0.9265437931688377,0.9794476174410385,0.5466751239893972,0.5795341429424646,0.558630300617161,0.5633928571428571,0.1950103326675381,13.078854821130092,12,True,False,3966,480,258,5342,4076,370,358,5242,1120,0,1120.0,0.9105781830908968,0.9217368746536451,0.9770486713578819,0.6034119422185767,0.6037228747760303,0.5566394584909417,0.5598214285714286,0.2248330228580377,12.194812477001813,11,True,False,3776,670,205,5395,4062,384,392,5208,280,840,1120.0,0.9103678818163483,0.9210431014938156,0.9770298743654007,0.5680544951627191,0.6039219589886522,0.5715707744375871,0.5589285714285714,0.21080443123183093,11.47770745465723,11,True,False,3774,672,205,5395,3985,461,319,5281,280,840,910.0,0.00639180705090836,0.0019013865633816796,0.0014348370927318443,-0.0006937731598294361,-0.005500691675022096,0.14848267985848868,-0.007963368504877555
Binary Adaptive Decision-Boundary Diagnostic,binary_adaptive_decision_boundary_diagnostic,binary-adaptive-diagnostic-v1,en_binary_sst2,1018,3.0,0.75,e0374a07b5bf4d5b2df834eb76de1c246ef4fc2b106f1038784b218c57507631,0.9158999467493869,0.9175576949576614,0.9757573420731316,0.5283218541493154,0.5879952219788971,0.5688831375671909,0.5714285714285714,0.03688817919392935,7.603974661640267,10,True,False,3879,567,260,5340,3981,465,350,5250,280,0,280.0,0.9242724962729667,0.9231499712981989,0.9791101953601953,0.5896455029634567,0.5770455902846904,0.5380250846107903,0.5642857142857143,0.24379728213156968,12.80977545870548,15,True,False,3974,472,275,5325,4161,285,480,5120,1120,0,1120.0,0.9185999035441301,0.9199454721294262,0.9771028532870638,0.5326548519538401,0.5768465060720684,0.5607206848496914,0.5616071428571429,0.02578108869603372,12.10652371112888,10,True,False,3947,499,304,5296,4033,413,380,5220,280,840,1120.0,0.9198163433417272,0.9191050897332367,0.9770440122742754,0.4921385356309256,0.5768465060720684,0.5814254429623731,0.5616071428571429,0.027112121332728965,11.39804962028729,10,True,False,3953,493,298,5302,3927,519,278,5322,280,840,910.0,0.003916396592340332,0.001547394775575306,0.0012866702011438136,-0.000840382396189554,-0.004044881564962188,-0.009776057861200387,-0.011148715906828643
Binary Adaptive Decision-Boundary Diagnostic,binary_adaptive_decision_boundary_diagnostic,binary-adaptive-diagnostic-v1,en_binary_sst2,1019,3.0,0.75,20058023892b156c7814671f7235b6a2563898e96174695ecffd291c9fca858e,0.912945316288349,0.9205223978031916,0.9765582224792752,0.5308553413336995,0.5958590483774636,0.5722675691817639,0.575,0.19563754431067024,7.624733077102669,10,True,False,3826,620,234,5366,3979,467,318,5282,280,0,280.0,0.9229507685832005,0.9274822262717519,0.9791759848338797,0.5779136590838938,0.5865020903842325,0.5506669321122835,0.5633928571428571,0.2641457321307175,12.833642887954651,13,True,False,3921,525,233,5367,4120,326,394,5206,1120,0,1120.0,0.9178848958441743,0.9215584920191289,0.9775759912602019,0.5880896399120323,0.5899860641051164,0.5495719689428629,0.5580357142857143,0.3042373034145401,12.43127242980713,10,True,False,3879,567,240,5360,4096,350,429,5171,280,840,1120.0,0.9177707865314233,0.9217465641428251,0.9775511695906433,0.6054506276004405,0.5904837746366713,0.5378260003981684,0.5571428571428572,0.28875057606878307,11.674574687255006,10,True,False,3876,570,238,5362,4155,291,488,5112,280,840,910.0,0.004825470243074337,0.0012241663396335145,0.0009929471113681032,0.00018807212369620352,-0.005735662128926844,0.09311303175811284,-0.005375273740792275
Binary Adaptive Decision-Boundary Diagnostic,binary_adaptive_decision_boundary_diagnostic,binary-adaptive-diagnostic-v1,en_binary_sst2,1020,3.0,0.75,b44fd87f09a677621160ede34c1f890b253fb10e4388453d1bd5982193c03626,0.9026959504995173,0.9157222121222777,0.976732415975837,0.6258990826687989,0.6192514433605415,0.5242882739398765,0.5714285714285714,0.32770975791859147,7.667532766720117,10,True,False,3662,784,163,5437,4192,254,587,5013,280,0,280.0,0.9234194218187701,0.9259121648662592,0.9792277970567445,0.5722031158648359,0.5790364324109099,0.5480788373481983,0.5633928571428571,0.14906062827194913,12.904502566409551,18,True,False,3960,486,269,5331,4125,321,415,5185,1120,0,1120.0,0.9114399943002258,0.9010679260974936,0.9780826264378897,0.4636514117504589,0.6090981485168226,0.624427632888712,0.5660714285714286,0.5588900217695802,12.40484683461055,10,True,False,3754,692,173,5427,3629,817,144,5456,280,840,1120.0,0.911626643711219,0.9214417863689708,0.9780569211490263,0.557209188583161,0.6096954011546885,0.5813259008560621,0.5651785714285714,0.5216175880703495,11.659535748858502,10,True,False,3752,694,169,5431,3939,507,267,5333,280,840,910.0,0.008930693211701701,0.005719574246693115,0.001324505173189272,0.02037386027147714,-0.004470378497288374,0.19390783015175805,-0.009556042205853044
Binary Adaptive Decision-Boundary Diagnostic,binary_adaptive_decision_boundary_diagnostic,binary-adaptive-diagnostic-v1,en_binary_sst2,1021,3.0,0.75,77d41dcf4e5bf9944abd67cb2c4273dc22ea4bd8a8b58d8b6657eb0222879ebe,0.915505364682083,0.9156277992250187,0.9754203618019406,0.5157600245884122,0.5747561218395382,0.5645032848895083,0.5678571428571428,0.05841722494474641,7.687631575739577,10,True,False,3942,504,330,5270,3993,453,382,5218,280,0,280.0,0.9237088928787944,0.9267930307135795,0.9788398480174795,0.5536132177947561,0.5797332271550866,0.5558431216404539,0.5633928571428571,0.21696155127078617,13.051739288148447,14,True,False,3958,488,264,5336,4091,355,371,5229,1120,0,1120.0,0.9183206239537411,0.9178547002581615,0.9768380084827453,0.5285693746553873,0.5710730639060323,0.5592275532550268,0.5580357142857143,0.1515848495323964,12.363225560709118,10,True,False,3974,472,335,5265,4030,416,398,5202,280,840,1120.0,0.9181053847622005,0.9181051418005035,0.9767913774821669,0.5574088020965451,0.5716703165438981,0.5454907425841131,0.5580357142857143,0.13160641600866657,11.614809366837576,10,True,False,3970,476,333,5267,4099,347,467,5133,280,840,910.0,0.0026000200801175044,0.00247734257548482,0.0013710156802263507,0.0002504415423419948,-0.008687888913076036,0.07318919106392016,-0.003085805295640065
Binary Adaptive Decision-Boundary Diagnostic,binary_adaptive_decision_boundary_diagnostic,binary-adaptive-diagnostic-v1,en_binary_sst2,1022,3.0,0.75,e8867db11f91b38b0a9dfbcb89fddb7a313035140c3afa6574704fe326c109ca,0.9171850676003426,0.9220229673027779,0.9781197384486859,0.5878604311429759,0.5974517220784392,0.532649810869998,0.5964285714285714,0.1589355735855792,7.70081742638652,11,True,False,3839,607,205,5395,4182,264,513,5087,280,0,280.0,0.922666127518327,0.9267455959348574,0.9791236103078208,0.5605634140961714,0.5856062114274339,0.558630300617161,0.5633928571428571,0.3646678554207747,12.974969458511884,13,True,False,3924,522,239,5361,4077,369,357,5243,1120,0,1120.0,0.9213290005421049,0.924989549641367,0.9784386446886446,0.5424397250350471,0.5863030061716106,0.5663945849094166,0.5651785714285714,0.2627409017714973,12.548742670281698,12,True,False,3914,532,242,5358,4030,416,326,5274,280,840,1120.0,0.9215138871476793,0.9250547185347395,0.9785072858428122,0.5380077966670175,0.5870993430220983,0.5682858849293251,0.5651785714285714,0.2439684563908761,11.800635103070634,11,True,False,3911,535,237,5363,4021,425,316,5284,280,840,910.0,0.004328819547336771,0.0030317512319616435,0.00038754739412627526,6.516889337249143e-05,-0.0016908774001178628,0.08503288280529692,-0.010352379056340899
Binary Adaptive Decision-Boundary Diagnostic,binary_adaptive_decision_boundary_diagnostic,binary-adaptive-diagnostic-v1,en_binary_sst2,1023,3.0,0.75,feeb72ff0e4ae563db5886410a3b64fb092a21318cd47a9b085b12c882dad2b5,0.9154023799237887,0.9172536310802327,0.9769687439753229,0.512897723042703,0.5954608799522197,0.5867011745968544,0.5714285714285714,0.25069555771692986,7.8684569959731725,10,True,False,3840,606,224,5376,3892,554,260,5340,280,0,280.0,0.9234544160166034,0.9271754039684221,0.9792126951995374,0.541389736978727,0.5821222377065499,0.5629106111885327,0.5714285714285714,0.35961350452574437,12.7985620563464,18,True,False,3945,501,253,5347,4058,388,333,5267,1120,0,1120.0,0.9206565187446815,0.920660299490724,0.9778789521881626,0.6112768133745088,0.5801313955803304,0.5296635476806689,0.5625,0.20603958091235236,12.682996572862972,11,True,False,3941,505,277,5323,4190,256,535,5065,280,840,1120.0,0.9204223361249954,0.9243467287435212,0.9778840932459354,0.5916180321359698,0.5815249850686841,0.5386223372486562,0.5633928571428571,0.19960076268097962,12.02977785220747,8,True,False,3933,513,271,5329,4164,282,471,5129,280,840,910.0,0.0050199562012066545,0.007093097663288472,0.0009153492706125421,0.003686429252797163,-0.002828675224900934,-0.05109479503595024,-0.013935894883535638
Binary Adaptive Decision-Boundary Diagnostic,binary_adaptive_decision_boundary_diagnostic,binary-adaptive-diagnostic-v1,en_binary_sst2,1024,3.0,0.75,378e6962a1aaf03a7fa6f85a16e4d36de481a165b4ca26dea84fa61eb70e63ed,0.9146994365552648,0.923163932755537,0.9765924024805602,0.5746913166694431,0.5988453115667928,0.5436989846705156,0.5642857142857143,0.19257085555060222,7.743890708662551,13,True,False,3820,626,210,5390,4133,313,451,5149,280,0,280.0,0.9244253527395645,0.9268482099779529,0.9792004450228132,0.5462822790556789,0.5794346008361537,0.5585307585108501,0.5616071428571429,0.24337304054539638,13.117406969022975,14,True,False,3963,483,262,5338,4078,368,357,5243,1120,0,1120.0,0.9207156395534872,0.9245316801117601,0.9782748939656836,0.5240010852317425,0.5820226956002389,0.5691817638861238,0.5535714285714286,0.17241438330496783,12.408997041780772,11,True,False,3932,514,267,5333,4014,432,314,5286,280,840,1120.0,0.9195783985964949,0.924243793955411,0.9782282228005912,0.5783813706312955,0.5829185745570377,0.5453912004778021,0.5526785714285715,0.17564690589299295,11.681391874061116,10,True,False,3922,524,268,5332,4130,316,437,5163,280,840,910.0,0.004878962041230173,0.0010798611998740215,0.0016358203200309562,-0.0002878861563491153,-0.002604416022541911,-0.016923949657609266,-0.01592673700975511
Binary Adaptive Decision-Boundary Diagnostic,binary_adaptive_decision_boundary_diagnostic,binary-adaptive-diagnostic-v1,en_binary_sst2,1025,3.0,0.75,c035371aa4b4c313e85c0aeabe1d507ab1348c98f5a4ee5c0861c055653e21b0,0.9106452599116998,0.919172305352524,0.9768195328063749,0.5704956501016536,0.6083018116663349,0.558928926936094,0.5678571428571428,0.4085820844098644,7.624844073652125,12,True,False,3754,692,181,5419,4038,408,393,5207,280,0,280.0,0.9228321205267458,0.9245814011528677,0.9788988496883233,0.5231084043813294,0.5780410113478002,0.5665936691220386,0.56875,0.21212263253481564,12.815782849257882,21,True,False,3962,484,277,5323,4027,419,327,5273,1120,0,1120.0,0.9153492686062616,0.916440236889734,0.9772983339759655,0.516076801214646,0.5974517220784392,0.5907824009556042,0.5553571428571429,0.3670089454812392,12.397508209949281,10,True,False,3830,616,214,5386,3868,578,243,5357,280,840,1120.0,0.9151183876146343,0.9209099591307603,0.9773485797827903,0.5636971276799397,0.5984471431415489,0.5681863428230142,0.5553571428571429,0.367644012801493,11.653632290529037,10,True,False,3824,622,210,5390,4001,445,337,5263,280,840,910.0,0.0044731277029345096,0.0017376537782363144,0.000529046976415426,0.004469722241026375,-0.0036714420221073407,-0.040938071608371374,-0.009854668524786003
Binary Adaptive Decision-Boundary Diagnostic,binary_adaptive_decision_boundary_diagnostic,binary-adaptive-diagnostic-v1,en_binary_sst2,1026,3.0,0.75,9446dfbfb100640f5356c4dc957134c1f29368d2cd1e29deec61acc4156cabbf,0.9212984623703,0.9133965059798168,0.9773087767495663,0.5723838260206935,0.5689826796735019,0.5185148317738403,0.575,0.08350605597721028,7.6362543258886735,9,True,False,3999,447,331,5269,4209,237,628,4972,280,0,280.0,0.9243487355024873,0.9242223574647769,0.9790342442645074,0.5279376906736839,0.5830181166633486,0.5694803902050567,0.5642857142857143,0.27446759782394686,12.787183414416205,17,True,False,3945,501,244,5356,4011,435,314,5286,1120,0,1120.0,0.9217349239453405,0.9209673738625772,0.9776922675277938,0.5553249799579951,0.5673900059725264,0.5427035636074059,0.5598214285714286,0.15649662011626622,12.532762134512982,12,True,False,4009,437,337,5263,4127,319,467,5133,280,840,1120.0,0.9217270075870686,0.922798015102031,0.977738938692886,0.5315155969557844,0.5677881743977703,0.5536531953016126,0.5607142857142857,0.14792553691376475,11.759888292134022,11,True,False,4007,439,335,5265,4082,364,402,5198,280,840,910.0,0.00042854521676860546,0.009401509122214158,0.0004301619433196846,0.0018306412394537563,-0.0014243423627459117,0.06441948093655447,-0.0011945052757316166
Binary Adaptive Decision-Boundary Diagnostic,binary_adaptive_decision_boundary_diagnostic,binary-adaptive-diagnostic-v1,en_binary_sst2,1027,3.0,0.75,3f398bc5c8d4242630986f6342895556609505eb42476df4a11b577f1d04be7d,0.91066448874942,0.9117122128086954,0.9751542718976929,0.5060909669561471,0.5935695799323114,0.5886920167230738,0.5785714285714286,0.16152648886575652,7.7599018818373375,10,True,False,3826,620,257,5343,3855,591,277,5323,280,0,280.0,0.9234803235106054,0.9262800061978083,0.9790348467322152,0.5688979714660178,0.5809277324308182,0.5502687636870396,0.5669642857142857,0.23292647201743094,12.955418297471,18,True,False,3951,495,259,5341,4116,330,402,5198,1120,0,1120.0,0.9154175691995807,0.9108129812873809,0.9754148190990295,0.4738996240814515,0.5828190324507266,0.5955604220585308,0.5589285714285714,0.23397863516389333,12.507705453310175,11,True,False,3902,544,289,5311,3817,629,246,5354,280,840,1120.0,0.9154876714296716,0.9133816657883231,0.975504426129426,0.48601347861228283,0.5841130798327693,0.5909814851682261,0.5589285714285714,0.20807257222475614,11.782993120272872,10,True,False,3896,550,282,5318,3852,594,257,5343,280,840,910.0,0.004823182680251614,0.001669452979627728,0.0003501542317331241,0.0025686845009422754,-0.01289834040948512,0.046546083358999624,-0.009456500099542131
Binary Adaptive Decision-Boundary Diagnostic,binary_adaptive_decision_boundary_diagnostic,binary-adaptive-diagnostic-v1,en_binary_sst2,1028,3.0,0.75,e723f96fde315ed00182a13c6a37815d6d21623f651aabb03b6b41f8ef852335,0.9093859889879791,0.9118217825035868,0.975767061885483,0.5097340673306741,0.5955604220585308,0.588393390404141,0.575,0.11595625019335395,7.66803500091539,16,True,False,3810,636,253,5347,3857,589,278,5322,280,0,280.0,0.9246862002366778,0.9263727923473759,0.9790962582738898,0.5413213852312001,0.5766474218594465,0.5568385427035636,0.5633928571428571,0.2182193843594212,12.942180327702001,17,True,False,3978,468,275,5325,4084,362,368,5232,1120,0,1120.0,0.9176278937651046,0.9181786717450684,0.9768458405629459,0.5258313361740272,0.5838144535138363,0.5729643639259406,0.5607142857142857,0.02231055458153251,12.589546610699461,11,True,False,3908,538,273,5327,3964,482,326,5274,280,840,1120.0,0.9164793427007252,0.9169852846573942,0.9767833445793972,0.5101849184889795,0.585108500895879,0.5809277324308182,0.5616071428571429,0.026949976392232323,11.826047965454102,9,True,False,3896,550,272,5328,3919,527,291,5309,280,840,910.0,0.007093353712746109,0.005163502153807342,0.0010162826939141834,-0.001193387087674247,-0.009387507689981756,-0.08900627380112164,-0.010451921162651812
Binary Adaptive Decision-Boundary Diagnostic,binary_adaptive_decision_boundary_diagnostic,binary-adaptive-diagnostic-v1,en_binary_sst2,1029,3.0,0.75,5b36ca230b815365be944d2330e52d93303e19d729888793c9b5f9961bd55696,0.9166387594367058,0.921351346832868,0.9772735123064069,0.5140366059081701,0.5909814851682261,0.5808281903245073,0.575,0.2606117587775491,7.670668586485218,9,True,False,3868,578,241,5359,3941,505,270,5330,280,0,280.0,0.9228278767133044,0.9231868571945567,0.9788779641411219,0.5185976557040273,0.5782400955604221,0.5706748954807884,0.56875,0.22705919039282513,12.896599046145557,11,True,False,3961,485,276,5324,4000,446,313,5287,1120,0,1120.0,0.9248381679665179,0.9254391104139501,0.977833204806889,0.5317393277718572,0.5741588692016724,0.5583316742982282,0.5616071428571429,0.28526570155536846,12.4685708117414,11,True,False,3991,455,287,5313,4072,374,365,5235,280,840,1120.0,0.9240821376461763,0.9253710696294012,0.977912328899171,0.5367023944650893,0.5764483376468246,0.5564403742783197,0.5616071428571429,0.2822920590510723,11.706221943993558,12,True,False,3976,470,279,5321,4081,365,375,5225,280,840,910.0,0.007443378209470497,0.004019722796533176,0.0006388165927641021,-6.804078454891727e-05,0.002184212434844457,0.02168030027352319,-0.014533147521401557
Binary Adaptive Decision-Boundary Diagnostic,binary_adaptive_decision_boundary_diagnostic,binary-adaptive-diagnostic-v1,en_binary_sst2,1030,3.0,0.75,6302ffcdecfb6e232e265a52b0ac9b32691406260c20061e9e68665d2c6d7a8a,0.9067304448641685,0.9214874228940131,0.9762642584024162,0.5966304259463694,0.6090981485168226,0.5416086004379853,0.575,0.4528067744851731,7.875961737670985,14,True,False,3731,715,196,5404,4135,311,470,5130,280,0,280.0,0.9258904600169215,0.9285315727406954,0.9796765150054625,0.5510551864661335,0.5772446744973123,0.5543499900457893,0.5651785714285714,0.17335182896228865,13.194584227907807,10,True,False,3981,465,266,5334,4107,339,370,5230,1120,0,1120.0,0.914484445267919,0.9206658324872274,0.9778726463594886,0.5317827896078906,0.5992434799920366,0.5842126219390802,0.5580357142857143,0.48829208439547556,12.480080457162614,9,True,False,3817,629,209,5391,3921,525,256,5344,280,840,1120.0,0.9140652506289823,0.9229237937106813,0.9778545723282566,0.5509009024183622,0.5996416484172805,0.5736611586701175,0.5598214285714286,0.48707748790164757,11.760943390255814,9,True,False,3813,633,209,5391,3984,462,299,5301,280,840,910.0,0.007334805764813712,0.0014363708166682532,0.0015903139258404142,0.002257961223453897,-0.005607779030014082,0.034270713416474474,-0.009456500099542131
Binary Adaptive Decision-Boundary Diagnostic,binary_adaptive_decision_boundary_diagnostic,binary-adaptive-diagnostic-v1,en_binary_sst2,1031,3.0,0.75,fdc3467d6e966712f743f3d0310b8d71c24c9e354b87266426d8db4f14c91c8d,0.8937387668223236,0.9118942609177261,0.9740494264507422,0.5545806603393337,0.6249253434202667,0.5856062114274339,0.5714285714285714,0.32141088001846885,7.646678478551054,10,True,False,3591,855,177,5423,3871,575,292,5308,280,0,280.0,0.9220544515864709,0.9220544515864709,0.9794538831051989,0.5,0.5900856062114275,0.5900856062114275,0.5633928571428571,0.34985639193356377,12.87160995888851,12,True,False,3899,547,219,5381,3899,547,219,5381,1120,0,1120.0,0.9068105355167388,0.9047025520338334,0.976436644495855,0.4902386801674335,0.6097949432609994,0.6146725064702369,0.5607142857142857,0.38277877580914427,12.437485891080822,9,True,False,3728,718,192,5408,3694,752,177,5423,280,840,1120.0,0.905423910516508,0.9183464859771465,0.9763663967611337,0.5767502685878715,0.6114871590682859,0.5745570376269162,0.5607142857142857,0.3753079550991368,11.68593866762821,9,True,False,3713,733,190,5410,3957,489,317,5283,280,840,910.0,0.011685143694184386,0.006452225059420447,0.002316970310391464,0.013643933943313091,-0.003707965609324404,0.05389707508066793,-0.013438184351980853
Binary Adaptive Decision-Boundary Diagnostic,binary_adaptive_decision_boundary_diagnostic,binary-adaptive-diagnostic-v1,en_binary_sst2,1032,3.0,0.75,d1c09358286a8dea576e1ec9c958ba22a454eb15921d91e2c474206529229bc7,0.9147939043450256,0.9183063576683155,0.9760806664096138,0.5579509522128471,0.5874975114473422,0.5454907425841131,0.5678571428571428,0.21455184127338706,7.807034317267489,9,True,False,3876,570,268,5332,4100,346,466,5134,280,0,280.0,0.9230959033633941,0.9256553492766888,0.9791486729644624,0.5766809108677466,0.5799323113677085,0.5451921162651802,0.5607142857142857,0.29191786562535565,12.982520154973036,16,True,False,3954,492,266,5334,4138,308,431,5169,1120,0,1120.0,0.9181176758047493,0.9177081440101311,0.9769909549514812,0.48780142561815215,0.5802309376866415,0.5847103324706351,0.5589285714285714,0.1947999658164677,12.579128220712112,11,True,False,3928,518,289,5311,3904,542,268,5332,280,840,1120.0,0.9175941945498827,0.9178669182489436,0.9769334393676499,0.5341335740011813,0.5809277324308182,0.5637069480390206,0.5589285714285714,0.1823794082288115,11.828052990371212,11,True,False,3922,524,288,5312,4008,438,375,5225,280,840,910.0,0.002800290204857059,-0.0004394394193718565,0.0008527729580360965,0.00015877423881249797,-0.00778843102774518,-0.032172433044575566,-0.006569779016524002
Binary Adaptive Decision-Boundary Diagnostic,binary_adaptive_decision_boundary_diagnostic,binary-adaptive-diagnostic-v1,en_binary_sst2,1033,3.0,0.75,b9cbe1908e57f1ab0c82c45c17c9b91d7c3855aa4177271e6da3a7e81b2acdd2,0.9075683745349029,0.9136236373722803,0.9765695087076667,0.515805509957405,0.6085008958789568,0.5971530957595063,0.5857142857142857,0.08755106664896742,7.577235964531292,11,True,False,3738,708,195,5405,3823,623,224,5376,280,0,280.0,0.9217989293252347,0.9240780134283604,0.9789764475290791,0.5184759799545804,0.5835158271949035,0.5766474218594465,0.5642857142857143,0.25721294766230707,12.93285897022681,17,True,False,3930,516,254,5346,3975,471,278,5322,1120,0,1120.0,0.9092526186472292,0.9226689250585047,0.9771425358267464,0.6217459801456848,0.6036233326697192,0.5432012741389608,0.5660714285714286,0.09956534880229814,12.480751822779872,12,True,False,3770,676,212,5388,4133,313,456,5144,280,840,1120.0,0.9092166245276456,0.9230076004196257,0.9772019793072425,0.6092146067970209,0.604817837945451,0.5471829583913995,0.5669642857142857,0.11162283510109781,11.699430893221775,9,True,False,3764,682,206,5394,4115,331,434,5166,280,840,910.0,0.0016482499927427119,0.009383963047345456,0.0006324705995758295,0.00033867536112097696,-0.001070413008734672,0.024071768452130396,-0.0036830579335058733
Binary Adaptive Decision-Boundary Diagnostic,binary_adaptive_decision_boundary_diagnostic,binary-adaptive-diagnostic-v1,en_binary_sst2,1034,3.0,0.75,6adafb7ad2ce29c1ed316742fbebc7d2be8a79de979f13ddf903038efbefe3be,0.9074342998911558,0.9118165473418368,0.9745863055073581,0.5153329884109108,0.5995421063109695,0.5885924746167629,0.5714285714285714,0.334831592389072,7.676859836300515,11,True,False,3781,665,242,5358,3856,590,277,5323,280,0,280.0,0.9216132486264902,0.925183610944788,0.9792938275175118,0.5349773239266082,0.5871988851284093,0.572068484969142,0.5651785714285714,0.27761263845817336,12.852161639681892,13,True,False,3911,535,236,5364,4003,443,296,5304,1120,0,1120.0,0.9134232931882106,0.8994630779467956,0.9761401902191377,0.42894338188416475,0.5893888114672506,0.6205454907425841,0.55625,0.23322204476116656,12.622972542084947,11,True,False,3860,586,265,5335,3640,806,172,5428,280,840,1120.0,0.9136008649218906,0.9082934794041091,0.9760927960927959,0.467038019526769,0.5903842325303603,0.6049173800517619,0.5571428571428572,0.2429452503664307,11.855149415030935,10,True,False,3856,590,259,5341,3759,687,210,5390,280,840,910.0,0.006166565030734872,-0.0035230679377277196,0.0015064905854377253,0.008830401457313508,-0.016890131540678865,-0.09188634202264132,-0.009157873780609171
Binary Adaptive Decision-Boundary Diagnostic,binary_adaptive_decision_boundary_diagnostic,binary-adaptive-diagnostic-v1,en_binary_sst2,1035,3.0,0.75,707453a937d3af98f7b17afe56f4a2584ad07bd9a1df74c56c1e87ae9065d493,0.9151360871647449,0.9209117606951515,0.9767602901484481,0.5506753751403474,0.5939677483575553,0.5576348795540513,0.5607142857142857,0.4095915657275676,7.497633984994253,21,True,False,3846,600,233,5367,4053,393,391,5209,280,0,280.0,0.9248394590300777,0.9248269446685746,0.9793378478246899,0.49736135961709704,0.5790364324109099,0.5796336850487757,0.5696428571428571,0.30664303971948115,12.760049971817258,13,True,False,3967,479,262,5338,3964,482,259,5341,1120,0,1120.0,0.920390738004611,0.912780308125819,0.977775528565002,0.4496216691221269,0.5829185745570377,0.6053155484770057,0.5544642857142857,0.3406590178709519,12.500361598259182,11,True,False,3926,520,264,5336,3779,667,186,5414,280,840,1120.0,0.9202640974794717,0.9202640974794717,0.9777016258595205,0.5,0.5840135377264583,0.5840135377264583,0.5544642857142857,0.3399930443278353,11.727347858113573,10,True,False,3920,526,259,5341,3920,526,259,5341,280,840,910.0,0.005128010314726761,-0.0006476632156797724,0.0009413357110723553,0.007483789353652681,-0.0045628471891029365,-0.06959852139973233,-0.009954210631097027
Binary Adaptive Decision-Boundary Diagnostic,binary_adaptive_decision_boundary_diagnostic,binary-adaptive-diagnostic-v1,en_binary_sst2,1036,3.0,0.75,10f1b9febd10f940f3688d126ccf0c36c67e9c92ba8b89b0326cde8586f6dd6d,0.911600146712715,0.9184368660367055,0.9760930370798792,0.5398271460191721,0.6037228747760303,0.575054748158471,0.575,0.4336003050166788,7.656254138848946,14,True,False,3781,665,200,5400,3955,491,314,5286,280,0,280.0,0.9234477891721051,0.927164753343102,0.9793293329477539,0.5526539059180722,0.5869998009157874,0.5635078638263986,0.5633928571428571,0.25159682115651927,12.829131846910633,13,True,False,3921,525,228,5372,4055,391,330,5270,1120,0,1120.0,0.9165931260503887,0.9121119934825382,0.9768978937728938,0.48178142170239696,0.5927732430818237,0.6001393589488354,0.5589285714285714,0.3773760258693002,12.603492021748101,11,True,False,3859,587,232,5368,3801,645,216,5384,280,840,1120.0,0.9156688190795139,0.9200640314470099,0.9771142600089969,0.5509351559936256,0.5930718694007565,0.5699781007366116,0.5616071428571429,0.3301211409656651,11.861945675853445,7,True,False,3853,593,235,5365,3988,458,332,5268,280,840,910.0,0.0040686723667988645,0.0016271654103043875,0.001021222929117771,0.007952037964471637,-0.0071007218960921215,-0.1034791640510137,-0.010651005375273748
Binary Adaptive Decision-Boundary Diagnostic,binary_adaptive_decision_boundary_diagnostic,binary-adaptive-diagnostic-v1,en_binary_sst2,1037,3.0,0.75,36ad9fa41414f4d5c43554ff38e82f87cd28ecc9b995e89c01a072c2a40cef45,0.9118085996710892,0.9198032143583099,0.9761634053081422,0.5299812233050296,0.6000398168425244,0.5774437587099343,0.5964285714285714,0.31648587655081634,7.645099712032658,13,True,False,3800,646,218,5382,3950,496,295,5305,280,0,280.0,0.9229398685996255,0.9252202222446939,0.9787161413148255,0.5587365926832563,0.5777423850288672,0.5534541110889907,0.5625,0.269037918246436,12.919435391070703,15,True,False,3964,482,278,5322,4095,351,391,5209,1120,0,1120.0,0.9224392225950728,0.91976076888338,0.9774985942420152,0.5926768543120599,0.5821222377065499,0.5427035636074059,0.5642857142857143,0.33076910715425006,12.562085987319781,10,True,False,3940,506,258,5342,4121,325,473,5127,280,840,1120.0,0.9210766926643943,0.9216018879258887,0.9774967065098645,0.5815110110089623,0.5840135377264583,0.5469838741787776,0.5651785714285714,0.31951946030852163,11.797883600272531,11,True,False,3924,522,255,5345,4109,337,442,5158,280,840,910.0,0.00926809299330511,0.0017986735675787902,0.00133330120172237,0.001841119042508721,-0.0036183343188052053,0.0030335837577052938,-0.016026279116066133
Binary Adaptive Decision-Boundary Diagnostic,binary_adaptive_decision_boundary_diagnostic,binary-adaptive-diagnostic-v1,en_binary_sst2,1038,3.0,0.75,86210413c824ac8410b4aa295a9c3c5582d5ff9e53ae8e1bdf7b925ff1599c24,0.9128960292219428,0.9193577042080248,0.9769619561724824,0.5240775690705839,0.5976508062910612,0.5792355166235318,0.5607142857142857,0.18009841177885083,7.545633856321408,13,True,False,3817,629,225,5375,3939,507,288,5312,280,0,280.0,0.9245945398919366,0.9252750349538705,0.9791399171004435,0.5166411731424271,0.5810272745371292,0.5725661955006968,0.5642857142857143,0.10651938527702584,12.972130060084837,18,True,False,3956,490,253,5347,4001,445,293,5307,1120,0,1120.0,0.9168767889108191,0.9158776722487099,0.9770031247991774,0.4727775169026863,0.5812263587497511,0.5928727851881346,0.5598214285714286,0.15184542482591096,12.549204268907614,10,True,False,3917,529,290,5310,3855,591,235,5365,280,840,1120.0,0.917037472356419,0.919625985093696,0.9770822087269455,0.6036250231066324,0.5830181166633486,0.5318534740195102,0.5616071428571429,0.14522483555327328,11.766994879022766,10,True,False,3909,537,280,5320,4174,272,529,5071,280,840,910.0,0.004141443134476175,0.00026828088567121267,0.00012025255446312944,0.0037483128449861125,-0.00564904986017456,-0.034873576225577546,-0.01463268962771258
Binary Adaptive Decision-Boundary Diagnostic,binary_adaptive_decision_boundary_diagnostic,binary-adaptive-diagnostic-v1,en_binary_sst2,1039,3.0,0.75,726274c7da638115c68e0e9d35748f411a16931af6d7d374e0a7d5cf395ff8c2,0.9178248130520288,0.8917130071941919,0.9771072713835871,0.6434307245770571,0.5882938482978299,0.470535536531953,0.5928571428571429,0.11204375917242414,7.4603528623857915,16,True,False,3887,559,249,5351,4339,107,980,4620,280,0,280.0,0.9212843621059876,0.9257422962605265,0.9788998136366557,0.5704384255908916,0.5838144535138363,0.55235914791957,0.5669642857142857,0.33512065295903926,12.794826465083,13,True,False,3926,520,255,5345,4103,343,394,5206,1120,0,1120.0,0.9222659314615966,0.9146751270266273,0.9782815211104685,0.631497696107257,0.5711726060123432,0.5123432211825603,0.5642857142857143,0.09641393249750164,12.510853390980866,11,True,False,3993,453,315,5285,4246,200,653,4947,280,840,1120.0,0.922229232549768,0.9193605797471633,0.9782340466550992,0.5938647616066872,0.5729643639259406,0.529364921361736,0.5660714285714286,0.07612900934854369,11.79363890729694,7,True,False,3984,462,306,5294,4185,261,543,5057,280,840,910.0,0.004404419497739176,0.027647572552971456,0.0011267752715120594,0.004685452720535999,-0.006381716513363167,-0.035914749823880446,-0.015329484371889301
Binary Adaptive Decision-Boundary Diagnostic,binary_adaptive_decision_boundary_diagnostic,binary-adaptive-diagnostic-v1,en_binary_sst2,1040,3.0,0.75,1214cbcc3f97e36ca2091f08b4efb2aa397ec25dd9b1e1efa822eb4e33d1fe93,0.904220007334144,0.9210969841332175,0.97624947786132,0.5828527157455592,0.6137766275134382,0.5529564005574358,0.5857142857142857,0.27409063422440993,7.636221412189863,13,True,False,3696,750,184,5416,4077,369,414,5186,280,0,280.0,0.9238082352027492,0.9285697946177538,0.9794727202621938,0.5780456063830494,0.5845112482580131,0.5519609794943261,0.5625,0.22793895571091868,12.97329319996693,13,True,False,3935,511,239,5361,4119,327,382,5218,1120,0,1120.0,0.917462994251286,0.9202490019935652,0.9775054222093696,0.6044524827516485,0.5905833167429823,0.5435994425642047,0.5625,0.31605713769590443,12.454834903294955,10,True,False,3874,572,239,5361,4119,327,466,5134,280,840,1120.0,0.9162011186207626,0.9215023980784037,0.9775534589679327,0.5735200910784696,0.5921759904439577,0.5584312164045391,0.5625,0.31460179958510026,11.702795441914109,10,True,False,3860,586,237,5363,4052,394,384,5216,280,840,910.0,0.011981111286618606,0.0004054139451862282,0.0013039811066126727,0.0012533960848385428,-0.007067396539350068,0.04051116536069033,-0.021600637069480455
Binary Adaptive Decision-Boundary Diagnostic,binary_adaptive_decision_boundary_diagnostic,binary-adaptive-diagnostic-v1,en_binary_sst2,1041,3.0,0.75,3ac056c3ba8a0e41bc3346dea5d074185d134d46fcae5597edf6d855064431fb,0.9098629961285045,0.9228019574870292,0.9774968671679197,0.5822081305034689,0.6071073063906032,0.5411108899064304,0.5642857142857143,0.2854157736973751,7.509708779143659,10,True,False,3756,690,191,5409,4144,302,466,5134,280,0,280.0,0.9234066710185883,0.9229707345598652,0.9786677029111239,0.496910550993096,0.5796336850487757,0.5810272745371292,0.5642857142857143,0.25672509743780897,12.769738129309408,11,True,False,3957,489,266,5334,3948,498,261,5339,1120,0,1120.0,0.9118507675660977,0.9232691792791153,0.9770108765503501,0.6140905626622055,0.6021302010750548,0.5434003583515827,0.5553571428571429,0.5362087443921356,12.098849353325612,11,True,False,3790,656,207,5393,4135,311,452,5148,280,840,1120.0,0.9116349458454034,0.9153433362961125,0.9771984448300237,0.6428344289540483,0.6025283695002986,0.522695600238901,0.5544642857142857,0.4984040671457581,11.329420510637092,11,True,False,3787,659,206,5394,4198,248,597,5003,280,840,910.0,0.0017719497168988685,-0.00745862119091667,-0.00029842233789600936,-0.007925842983002807,-0.007627398263752694,0.212988293448383,-0.00457893689030453
Binary Adaptive Decision-Boundary Diagnostic,binary_adaptive_decision_boundary_diagnostic,binary-adaptive-diagnostic-v1,en_binary_sst2,1042,3.0,0.75,7c7e94b7fd859375a7f7fba975df288146024a264106da1393f660b96860fe3c,0.9067810619015247,0.9184740195757217,0.9763930659983291,0.5426981598461813,0.6075054748158472,0.5779414692414891,0.5785714285714286,0.3162254856296039,7.6808826011159255,12,True,False,3739,707,204,5396,3941,505,299,5301,280,0,280.0,0.92412733911679,0.929868604519356,0.9794196227748858,0.5452189441831252,0.5791359745172208,0.558928926936094,0.56875,0.2938663147327708,13.09138858702295,14,True,False,3963,483,265,5335,4091,355,340,5260,1120,0,1120.0,0.9193622734142203,0.9234805262825092,0.9782922048711522,0.5391019754334421,0.5877961377662752,0.5711726060123432,0.5616071428571429,0.2799523501571577,12.439253441524794,12,True,False,3897,549,244,5356,3999,447,309,5291,280,840,1120.0,0.9170758398708457,0.9227156434187296,0.978262804447015,0.6148203915255486,0.5897869798924945,0.5333466056141748,0.5616071428571429,0.2869513475161209,11.683838909076307,10,True,False,3876,570,245,5355,4182,264,506,5094,280,840,910.0,0.01029477796932099,0.004241623843007858,0.001869738448685876,-0.0007648828637796257,-0.007152961100626465,-0.029274138113483006,-0.017718494923352646
Binary Adaptive Decision-Boundary Diagnostic,binary_adaptive_decision_boundary_diagnostic,binary-adaptive-diagnostic-v1,en_binary_sst2,1043,3.0,0.75,2d490775e2cba7ade1a780edfeff7d97772ceac0fe588b495003b44b0066f445,0.908263038341685,0.9194234728065094,0.9767176755992546,0.5551363889333407,0.6091976906231336,0.5715707744375871,0.5785714285714286,0.31196324763957506,7.641982590269939,10,True,False,3738,708,188,5412,3977,469,327,5273,280,0,280.0,0.923761133552713,0.9264558172050731,0.9789589759655549,0.5426312717350859,0.5820226956002389,0.5636074059327095,0.5607142857142857,0.3122463310725858,12.94181226823188,15,True,False,3947,499,252,5348,4051,395,333,5267,1120,0,1120.0,0.9153638408101347,0.9158249984433016,0.976627586594692,0.6258918472478538,0.5890901851483178,0.5310571371690225,0.5607142857142857,0.1779607407079141,12.492081582113377,9,True,False,3871,575,257,5343,4159,287,552,5048,280,840,1120.0,0.9150204688037284,0.9181837311302634,0.9766816480303324,0.5840036708325396,0.5905833167429823,0.552458690025881,0.5607142857142857,0.19777135734462284,11.732978607738888,9,True,False,3862,584,251,5349,4065,381,431,5169,280,840,910.0,0.006757430462043468,-0.0012397416762459645,-3.6027568922181175e-05,0.002358732686961851,-0.00827208607480967,-0.11419189029495222,-0.018614373880151303
Binary Adaptive Decision-Boundary Diagnostic,binary_adaptive_decision_boundary_diagnostic,binary-adaptive-diagnostic-v1,en_binary_sst2,1044,3.0,0.75,c0b6de65cfd01107234940f9be6c5fb7a7696810b0bfcbdd39d21aa847e70248,0.9109986807459385,0.9225894972851589,0.9765804736199473,0.5678250148948004,0.6033247063507864,0.5540513637268565,0.5857142857142857,0.23801069670505764,7.5870439004914285,10,True,False,3780,666,205,5395,4079,367,401,5199,280,0,280.0,0.9245859524429267,0.9274822262717519,0.9793329075894865,0.5791051279953807,0.5861039219589886,0.5506669321122835,0.56875,0.2750159354732554,12.985438264063998,12,True,False,3931,515,227,5373,4120,326,394,5206,1120,0,1120.0,0.9206488664644579,0.9231181802851112,0.9774935335132703,0.5324720222325683,0.5892892693609397,0.5740593270953613,0.55625,0.2372898833169775,12.231809220234052,10,True,False,3896,550,230,5370,3983,463,296,5304,280,840,1120.0,0.9195177783286368,0.9226675668013105,0.9775135354411669,0.5697275408697656,0.5897869798924945,0.555345411108899,0.5571428571428572,0.22723106224071388,11.492890065316578,11,True,False,3888,558,233,5367,4073,373,394,5206,280,840,910.0,0.00851909758269831,7.806951615152435e-05,0.0009330618212196606,-0.0004506134838007103,-0.0048146594704414625,-0.010779634464343768,-0.013537726458291877
Binary Adaptive Decision-Boundary Diagnostic,binary_adaptive_decision_boundary_diagnostic,binary-adaptive-diagnostic-v1,en_binary_sst2,1045,3.0,0.75,0d32b3a242982d8508207a930ab129741b64c117a8d4baa302274645b115aa9b,0.9138112591998295,0.9220160221909415,0.9770659019343231,0.5627365255138758,0.5977503483973721,0.5522596058132591,0.5785714285714286,0.33130779286835066,7.61590270255732,14,True,False,3821,625,220,5380,4085,361,413,5187,280,0,280.0,0.9232031277017472,0.9250126239166279,0.9786840097037465,0.5178924014038103,0.5843121640453912,0.5755524586900259,0.5625,0.35794335562970037,12.949096396964109,16,True,False,3933,513,243,5357,3985,461,279,5321,1120,0,1120.0,0.9180812367506724,0.9172394492811629,0.9776046285585759,0.4872935261311532,0.5861039219589886,0.59137965359347,0.5598214285714286,0.31102081836575074,12.271075407588798,11,True,False,3899,547,259,5341,3869,577,236,5364,280,840,1120.0,0.9179676122550597,0.9179676122550597,0.9776793747188486,0.5,0.5866016324905435,0.5866016324905435,0.5598214285714286,0.3112431911040641,11.568445223734816,11,True,False,3896,550,257,5343,3896,550,257,5343,280,840,910.0,0.004156353055230211,-0.004048409935881736,0.0006134727845255039,0.0007281629738968842,-0.0070450116615681235,-0.020064601764286538,-0.011148715906828532
Binary Adaptive Decision-Boundary Diagnostic,binary_adaptive_decision_boundary_diagnostic,binary-adaptive-diagnostic-v1,en_binary_sst2,1046,3.0,0.75,d6c0051f4ef0237c138c40c48fd1ed70d98359065348b9280f68cd94185b179b,0.9101172690407651,0.923812685751555,0.9769052037144142,0.5671552549000621,0.6020306589687437,0.5532550268763687,0.5535714285714286,0.23159082772046552,7.62392331648462,10,True,False,3782,664,216,5384,4089,357,399,5201,280,0,280.0,0.9244628621646239,0.928384013446673,0.9790297860034702,0.561806140681806,0.5776428429225562,0.5509655584312164,0.5651785714285714,0.23285870903203845,12.930782821157829,16,True,False,3972,474,271,5329,4123,323,388,5212,1120,0,1120.0,0.9166924163431533,0.9253239764015923,0.9782629249405564,0.5995039484103948,0.5928727851881346,0.5470834162850886,0.5535714285714286,0.25411447313236646,12.354957783716022,11,True,False,3859,587,231,5369,4127,319,423,5177,280,840,1120.0,0.9161600310217269,0.9227700012131956,0.9782832080200502,0.5482418461490267,0.5937686641449333,0.5712721481186542,0.5517857142857143,0.25249848670610575,11.595679414472636,10,True,False,3852,594,229,5371,3995,451,312,5288,280,840,910.0,0.006042761980961875,-0.0010426845383593175,0.0013780043056359492,-0.0025539751883966177,-0.00561401223347735,0.02090765898564023,-0.008261994823810404
Binary Adaptive Decision-Boundary Diagnostic,binary_adaptive_decision_boundary_diagnostic,binary-adaptive-diagnostic-v1,en_binary_sst2,1047,3.0,0.75,53964e5b247e6a9ba672a29e988da0ab4ec11e17e566111631596256602932b8,0.90896807077405,0.9146235699932331,0.9759817010474905,0.6048006572039655,0.5994425642046586,0.5165239896476209,0.5857142857142857,0.12605253798372257,7.62474640432322,10,True,False,3789,657,235,5365,4225,221,632,4968,280,0,280.0,0.9234066710185883,0.9263139346593066,0.9791134888503308,0.5575023093283319,0.5796336850487757,0.5543499900457893,0.5607142857142857,0.022915005757297376,13.010410578303839,16,True,False,3957,489,266,5334,4096,350,381,5219,1120,0,1120.0,0.9123479026233461,0.9119804615199273,0.9758151388085599,0.6505926392672698,0.5915787378060919,0.5118455106510054,0.5580357142857143,0.24895303613000544,12.266677694585537,11,True,False,3844,602,259,5341,4235,211,669,4931,280,840,1120.0,0.9125408796866172,0.91384054345685,0.9760317460317459,0.6382442948847326,0.5919769062313358,0.5151304001592674,0.5589285714285714,0.22466128608691321,11.516950623542552,10,True,False,3843,603,256,5344,4228,218,643,4957,280,840,910.0,0.0035728089125672824,-0.0007830265363831801,5.004498425542625e-05,0.001860081936922664,-0.012473391202456607,0.09860874810319065,-0.00746565797332277
Binary Adaptive Decision-Boundary Diagnostic,binary_adaptive_decision_boundary_diagnostic,binary-adaptive-diagnostic-v1,en_binary_sst2,1048,3.0,0.75,4f0702c3953ff4ee7a32771e5f490ce0fcff38f9d27a91d01a4af1e73fa5ea10,0.9208343504506667,0.9214333197063685,0.9777791433712487,0.5432299534535386,0.5766474218594465,0.5449930320525582,0.5714285714285714,-0.06345493345602857,7.676186642180893,10,True,False,3959,487,294,5306,4118,328,453,5147,280,0,280.0,0.9229836936408893,0.9269875471597401,0.979040750915751,0.5404788905319964,0.5804300218992634,0.562114274338045,0.5678571428571428,0.11772248213144702,12.842067178978322,17,True,False,3951,495,264,5336,4061,385,338,5262,1120,0,1120.0,0.9213730534987068,0.9105882043367665,0.9777479355439881,0.4297319871835807,0.575154290264782,0.6068086800716703,0.5598214285714286,0.10575819921726108,12.441229487994546,11,True,False,3969,477,299,5301,3761,685,189,5411,280,840,1120.0,0.9213688248518093,0.9156096622060179,0.9777858508450612,0.44968480428267193,0.575353374477404,0.5991439378857256,0.5598214285714286,0.07797227540291173,11.708524470159924,11,True,False,3968,478,298,5302,3823,623,204,5396,280,840,910.0,0.0005344744011425151,-0.005823657500350632,6.707473812483933e-06,0.0050214578692514555,-0.011377884953722162,0.14142720885894028,-0.0012940473820425291
Binary Adaptive Decision-Boundary Diagnostic,binary_adaptive_decision_boundary_diagnostic,binary-adaptive-diagnostic-v1,en_binary_sst2,1049,3.0,0.75,5466a26e1883813ba1a25d6c63ce10525d442ca1e750f2d84c1a1a7bd1a15e44,0.9060567263163312,0.9115271520278545,0.9735534348692243,0.5968252159335768,0.604519211626518,0.5362333266971929,0.5821428571428572,0.36069733920661834,7.818206614791933,15,True,False,3750,696,223,5377,4112,334,547,5053,280,0,280.0,0.9227384166317748,0.9263106828700005,0.9790466550992867,0.5589832496876751,0.5869002588094764,0.5604220585307585,0.5678571428571428,0.35816246741898633,13.036347227214192,11,True,False,3918,528,232,5368,4066,380,350,5250,1120,0,1120.0,0.9141584498429529,0.9182037905184888,0.9758248987854251,0.5580179953091748,0.5884929325104519,0.562014732231734,0.5625,0.30891593224494795,12.38562364657732,10,True,False,3868,578,266,5334,4018,428,382,5218,280,840,1120.0,0.9139190895861671,0.916188376172135,0.9756904279930596,0.5904591461503929,0.5898865219988055,0.545789368903046,0.5633928571428571,0.31362748534199264,11.67381871543966,10,True,False,3860,586,260,5340,4088,358,475,5125,280,840,910.0,0.007862363269835915,0.004661224144280496,0.002136993123835307,-0.002015414346353772,-0.010122306697865513,-0.0470698538646257,-0.01463268962771247
Binary Adaptive Decision-Boundary Diagnostic,binary_adaptive_decision_boundary_diagnostic,binary-adaptive-diagnostic-v1,ml_binary_dravidian_codemix,1000,4.0,1.0,7e2d812e0a4fb7cc05081c611c1999da5796818385711a776ca59769fd46fa13,0.5475456925108295,0.75128086518416,0.8370042067307693,0.7299909340664056,0.9669260700389105,0.7480544747081712,0.9428571428571428,1.39892410235001,5.567375590608976,17,True,False,33,227,1,767,163,97,96,672,280,0,280.0,0.6959151488408959,0.8027817745803357,0.8881610576923077,0.7122609238607599,0.9017509727626459,0.7120622568093385,0.9014285714285715,1.149269536980136,11.820199933717939,29,True,False,90,170,11,757,198,62,98,670,1400,0,1400.0,0.7176414390207493,0.7416341975386647,0.8330228365384613,0.561651792806696,0.857976653696498,0.8239299610894941,0.7942857142857143,0.9327034885894833,12.784764681607374,16,True,False,111,149,35,733,131,129,50,718,280,1120,1400.0,0.7176414390207493,0.745991027007818,0.8330228365384613,0.5824049295554369,0.857976653696498,0.8171206225680934,0.7942857142857143,0.9327034885894833,12.784764681607374,16,True,False,111,149,35,733,135,125,53,715,280,1120,1400.0,0.17009574650991977,-0.005289838176341988,-0.003981370192307931,0.004356829469153389,-0.056790747572517675,-0.4662206137605268,-0.10894941634241251
Binary Adaptive Decision-Boundary Diagnostic,binary_adaptive_decision_boundary_diagnostic,binary-adaptive-diagnostic-v1,ml_binary_dravidian_codemix,1001,4.0,1.0,fd38e3d2f79aa6e0b139b3b2e93d6c6ce223a935ed554303050486570fcf04ed,0.5068243421526062,0.760211486626581,0.8552784455128206,0.7309392594941164,0.9785992217898832,0.6964980544747081,0.9678571428571429,1.0996009402576814,5.311231565160257,19,True,False,21,239,1,767,187,73,125,643,280,0,280.0,0.6959151488408959,0.803826336841869,0.8881610576923077,0.6906653414739998,0.9017509727626459,0.7441634241245136,0.9014285714285715,1.1492695369801387,11.820199933717957,29,True,False,90,170,11,757,185,75,78,690,1400,0,1400.0,0.7330307028802433,0.7471730492810336,0.8441756810897435,0.5898649517351007,0.8608949416342413,0.8073929961089494,0.7871428571428571,0.6819099060916859,12.7205630604521,14,True,False,115,145,28,740,139,121,59,709,280,1120,1400.0,0.7330307028802433,0.7337158454725232,0.8441756810897435,0.5782424508103755,0.8608949416342413,0.8190661478599222,0.7871428571428571,0.6819099060916859,12.7205630604521,14,True,False,115,145,28,740,130,130,56,712,280,1120,1400.0,0.2262063607276371,-0.02649564115405778,-0.011102764423077116,-0.013457203808510343,-0.07011049136934577,-0.4176910341659955,-0.11770428015564194
Binary Adaptive Decision-Boundary Diagnostic,binary_adaptive_decision_boundary_diagnostic,binary-adaptive-diagnostic-v1,ml_binary_dravidian_codemix,1002,4.0,1.0,d88074d852b15e5bab25c78da334979c00ee0fa7745629b16bbc937a9d39edf0,0.5103386287042185,0.7232168079096045,0.8399639423076923,0.7477501549827689,0.9776264591439688,0.6303501945525292,0.9714285714285714,1.2170142809631324,5.378840503787652,18,True,False,22,238,1,767,198,62,182,586,280,0,280.0,0.6959151488408959,0.7996600513923825,0.8881610576923077,0.6728935177459354,0.9017509727626459,0.769455252918288,0.9014285714285715,1.149269536980149,11.82019993371796,29,True,False,90,170,11,757,173,87,64,704,1400,0,1400.0,0.7117901405845357,0.7328019407381736,0.8288060897435898,0.5655057308654169,0.8404669260700389,0.8015564202334631,0.7885714285714286,0.7356856443118567,12.499147595537208,14,True,False,115,145,49,719,136,124,68,700,280,1120,1400.0,0.7117901405845357,0.7348260823316668,0.8288060897435898,0.5759792669845715,0.8404669260700389,0.7898832684824902,0.7885714285714286,0.7356856443118567,12.499147595537208,14,True,False,115,145,49,719,141,119,75,693,280,1120,1400.0,0.20145151188031718,0.011609274422062277,-0.01115785256410251,0.0020241415934931783,-0.0648339690607157,-0.4813286366512757,-0.13715953307392992
Binary Adaptive Decision-Boundary Diagnostic,binary_adaptive_decision_boundary_diagnostic,binary-adaptive-diagnostic-v1,ml_binary_dravidian_codemix,1003,4.0,1.0,d9538f7e876a8fad79bcef33e3bab45b67c34a1c67a4fadfb58da8a63d921a9c,0.5207459207459207,0.7354254877542549,0.8409104567307691,0.6898711887483879,0.9747081712062257,0.8151750972762646,0.975,1.3324327113878776,5.312906751632063,19,True,False,25,235,1,767,132,128,58,710,280,0,280.0,0.6959151488408959,0.7995401143563106,0.8881610576923077,0.6577845755493931,0.9017509727626459,0.7791828793774319,0.9014285714285715,1.149269536980153,11.820199933717992,29,True,False,90,170,11,757,169,91,58,710,1400,0,1400.0,0.7104260062810155,0.736930767725452,0.8299779647435898,0.5716347272847829,0.8599221789883269,0.8083657587548638,0.7842857142857143,1.0080274055800724,12.661094389293968,16,True,False,108,152,36,732,135,125,62,706,280,1120,1400.0,0.7104260062810155,0.7399286134622471,0.8299779647435898,0.5701968589773188,0.8599221789883269,0.811284046692607,0.7842857142857143,1.0080274055800724,12.661094389293968,16,True,False,108,152,36,732,135,125,59,709,280,1120,1400.0,0.18968008553509474,0.004503125707992273,-0.010932491987179382,0.0029978457367951794,-0.05961150089406342,-0.32440530580780513,-0.11478599221789876
Binary Adaptive Decision-Boundary Diagnostic,binary_adaptive_decision_boundary_diagnostic,binary-adaptive-diagnostic-v1,ml_binary_dravidian_codemix,1004,4.0,1.0,cc4159f726aac92dd37fa7a6e26d42930f14b4eb713a2dd1ef50e8ebd96195f0,0.5442689024874215,0.7480591657523348,0.845322516025641,0.7291746269274897,0.9678988326848249,0.75,0.95,0.9853338009794804,5.615086922320263,12,True,False,32,228,1,767,161,99,96,672,280,0,280.0,0.6959151488408959,0.7992225449367767,0.8881610576923077,0.6861909172200027,0.9017509727626459,0.7519455252918288,0.9014285714285715,1.1492695369801387,11.820199933717964,29,True,False,90,170,11,757,180,80,75,693,1400,0,1400.0,0.7216759460510056,0.7217058600588353,0.8330128205128206,0.5152752068927301,0.8647859922178989,0.8618677042801557,0.8,1.0171984559535365,12.814590791646392,16,True,False,110,150,29,739,111,149,31,737,280,1120,1400.0,0.7216759460510056,0.7484092021536954,0.8330128205128206,0.615442332220469,0.8647859922178989,0.811284046692607,0.8,1.0171984559535365,12.814590791646392,16,True,False,110,150,29,739,138,122,56,712,280,1120,1400.0,0.17740704356358405,0.00035003640136066494,-0.012309695512820462,0.02670334209486014,-0.05081334278308125,0.031864654974056106,-0.10311284046692604
Binary Adaptive Decision-Boundary Diagnostic,binary_adaptive_decision_boundary_diagnostic,binary-adaptive-diagnostic-v1,ml_binary_dravidian_codemix,1005,4.0,1.0,201e9de5be31300d7d5185f64645994809aa7850f782ff125f1bfee2c186bdb1,0.5172991767957443,0.759196060541352,0.8488982371794872,0.7129955766565967,0.97568093385214,0.7714007782101168,0.9785714285714285,0.9215048361069379,5.153417678121529,12,True,False,24,236,1,767,157,103,78,690,280,0,280.0,0.6959151488408959,0.8002067075705683,0.8881610576923077,0.6747591494931723,0.9017509727626459,0.7675097276264592,0.9014285714285715,1.1492695369801347,11.82019993371794,29,True,False,90,170,11,757,174,86,65,703,1400,0,1400.0,0.7134354446210758,0.7391035685123475,0.8316406249999999,0.5992895396717117,0.8628404669260701,0.8132295719844358,0.7935714285714286,0.4370144226673028,12.967928485667196,15,True,False,108,152,33,735,134,126,58,710,280,1120,1400.0,0.7134354446210758,0.7405538434673946,0.8316406249999999,0.6086075948127785,0.8628404669260701,0.806420233463035,0.7935714285714286,0.4370144226673028,12.967928485667196,15,True,False,108,152,33,735,137,123,62,706,280,1120,1400.0,0.19613626782533145,-0.018642217073957412,-0.01725761217948729,0.0014502749550471261,-0.05965286410317372,-0.4844904134396351,-0.11284046692606997
Binary Adaptive Decision-Boundary Diagnostic,binary_adaptive_decision_boundary_diagnostic,binary-adaptive-diagnostic-v1,ml_binary_dravidian_codemix,1006,4.0,1.0,6a054bfbb46625f7571e59a112ec11715b371ecbc809040527f08b0af13a6fa0,0.4852467024914509,0.7771809538995077,0.8533804086538462,0.7301161082400405,0.9844357976653697,0.7431906614785992,0.9928571428571429,1.0035740209907087,4.711841043943732,19,True,False,15,245,1,767,175,85,89,679,280,0,280.0,0.6959151488408959,0.8033444864340036,0.8881610576923077,0.7092105991061692,0.9017509727626459,0.7149805447470817,0.9014285714285715,1.149269536980145,11.820199933717957,29,True,False,90,170,11,757,197,63,96,672,1400,0,1400.0,0.7173459904917705,0.7580037664783428,0.839638421474359,0.6280142228834713,0.872568093385214,0.7937743190661478,0.8071428571428572,0.8402628310737547,12.4709385142306,17,True,False,106,154,25,743,148,112,64,704,280,1120,1400.0,0.7173459904917705,0.7581819669448535,0.839638421474359,0.6586532800272075,0.872568093385214,0.7626459143968871,0.8071428571428572,0.8402628310737547,12.4709385142306,17,True,False,106,154,25,743,160,100,84,684,280,1120,1400.0,0.2320992880003196,-0.018998986954654185,-0.01374198717948727,0.00017820046651073618,-0.045162519489150066,-0.16331118991695404,-0.11186770428015569
Binary Adaptive Decision-Boundary Diagnostic,binary_adaptive_decision_boundary_diagnostic,binary-adaptive-diagnostic-v1,ml_binary_dravidian_codemix,1007,4.0,1.0,7d85620da375f7500bdedf2f972e47910fa0a18e4f7bcc70e632ec12cbe0c8cb,0.5343148357870895,0.7782317592996901,0.8681089743589744,0.7116160003714463,0.9708171206225681,0.77431906614786,0.9607142857142857,0.7685631106538774,5.426078271935981,19,True,False,29,231,1,767,163,97,69,699,280,0,280.0,0.6959151488408959,0.7940390262934511,0.8881610576923077,0.6533073328345161,0.9017509727626459,0.7840466926070039,0.9014285714285715,1.149269536980138,11.82019993371797,29,True,False,90,170,11,757,165,95,57,711,1400,0,1400.0,0.7206110324115618,0.7407155239151892,0.8540064102564102,0.5382890623978251,0.8667315175097277,0.8453307392996109,0.7935714285714286,0.27092125215769186,12.962751118962894,21,True,False,109,151,28,740,123,137,36,732,280,1120,1400.0,0.7206110324115618,0.7585877398979675,0.8540064102564102,0.6033903781160886,0.8667315175097277,0.7996108949416343,0.7935714285714286,0.27092125215769186,12.962751118962894,21,True,False,109,151,28,740,146,114,60,708,280,1120,1400.0,0.18629619662447228,-0.019644019401722668,-0.014102564102564163,0.017872215982778217,-0.03545128639548367,-0.49764185849618553,-0.10408560311284043
Binary Adaptive Decision-Boundary Diagnostic,binary_adaptive_decision_boundary_diagnostic,binary-adaptive-diagnostic-v1,ml_binary_dravidian_codemix,1008,4.0,1.0,01bcf605560b78d198d94245446a02b6f681dc7c69b5d92f2e26b552b6986d66,0.5109341393013345,0.7448183313067419,0.8499899839743591,0.7060482887009037,0.9785992217898832,0.7519455252918288,0.9857142857142858,1.3166973311827181,5.341458437437474,17,True,False,22,238,0,768,159,101,96,672,280,0,280.0,0.6959151488408959,0.7958832483949964,0.8881610576923077,0.6666737334676816,0.9017509727626459,0.7733463035019456,0.9014285714285715,1.1492695369801413,11.820199933717925,29,True,False,90,170,11,757,170,90,63,705,1400,0,1400.0,0.7278311479895576,0.7678179403554102,0.8510867387820512,0.619797291182739,0.853112840466926,0.769455252918288,0.7971428571428572,0.7476053804793402,12.853547617405658,11,True,False,116,144,35,733,161,99,76,692,280,1120,1400.0,0.7278311479895576,0.7658052135098714,0.8510867387820512,0.6273761057918288,0.853112840466926,0.7675097276264592,0.7971428571428572,0.7476053804793402,12.853547617405658,11,True,False,116,144,35,733,161,99,78,690,280,1120,1400.0,0.21689700868822315,0.020986882203129498,0.001096754807692113,-0.0020127268455387703,-0.03007803488512495,-0.5690919507033779,-0.1254863813229572
Binary Adaptive Decision-Boundary Diagnostic,binary_adaptive_decision_boundary_diagnostic,binary-adaptive-diagnostic-v1,ml_binary_dravidian_codemix,1009,4.0,1.0,5b58833a0f59025b695d950a060f20dab966c886cabd3ad0b96ec785612b9771,0.4397392478989904,0.7578719051117728,0.8422826522435898,0.7302813856594513,0.9970817120622568,0.6916342412451362,0.9892857142857143,1.0208603393999007,4.874544829276582,18,True,False,3,257,0,768,188,72,129,639,280,0,280.0,0.6959151488408959,0.8002067075705683,0.8881610576923077,0.6752889647862652,0.9017509727626459,0.7675097276264592,0.9014285714285715,1.1492695369801433,11.820199933717943,29,True,False,90,170,11,757,174,86,65,703,1400,0,1400.0,0.7288863923187756,0.7550381263616557,0.8332832532051284,0.6508323859774778,0.8570038910505836,0.7237354085603113,0.7964285714285714,0.45492895899931884,12.519568746287572,21,True,False,115,145,32,736,174,86,110,658,280,1120,1400.0,0.7288863923187756,0.758897683963647,0.8332832532051284,0.6489658221396335,0.8570038910505836,0.7276264591439688,0.7964285714285714,0.45492895899931884,12.519568746287572,21,True,False,115,145,32,736,174,86,106,662,280,1120,1400.0,0.28914714441978523,0.0010257788518741595,-0.008999399038461364,0.0038595576019913036,-0.04130902360692135,-0.5659313804005819,-0.1400778210116732
Binary Adaptive Decision-Boundary Diagnostic,binary_adaptive_decision_boundary_diagnostic,binary-adaptive-diagnostic-v1,ml_binary_dravidian_codemix,1010,4.0,1.0,f08665df9601cdc585d70cd838c4fce102b88ce9d075266fc276a4a49c47b6cf,0.5409716397974715,0.7554217528961769,0.8426832932692307,0.7370610064967915,0.9688715953307393,0.7266536964980544,0.9535714285714286,0.9067119575234921,5.526812355393473,18,True,False,31,229,1,767,173,87,108,660,280,0,280.0,0.6959151488408959,0.7992136570022575,0.8881610576923077,0.6841474540144905,0.9017509727626459,0.7568093385214008,0.9014285714285715,1.1492695369801376,11.820199933717944,29,True,False,90,170,11,757,178,82,72,696,1400,0,1400.0,0.7069997485120295,0.7444857806565337,0.8259465144230769,0.6389309577577456,0.8686770428015564,0.796692607003891,0.7935714285714286,0.5299858202689506,13.0561070848098,15,True,False,104,156,31,737,142,118,67,701,280,1120,1400.0,0.7069997485120295,0.7305567556669259,0.8259465144230769,0.5774265578756883,0.8686770428015564,0.8385214007782101,0.7935714285714286,0.5299858202689506,13.0561070848098,15,True,False,104,156,31,737,122,138,44,724,280,1120,1400.0,0.16602810871455798,-0.02486499722925095,-0.016736778846153877,-0.013929024989607797,-0.06865690133533164,-0.3767261372545415,-0.10019455252918286
Binary Adaptive Decision-Boundary Diagnostic,binary_adaptive_decision_boundary_diagnostic,binary-adaptive-diagnostic-v1,ml_binary_dravidian_codemix,1011,4.0,1.0,28615d0927fb20ae6bac399e4a5a58539396a6b257cac3b2be9c5b68b9a907b1,0.5138301592852828,0.7505121624168372,0.842598157051282,0.691169977209907,0.9766536964980544,0.8025291828793775,0.975,0.9311678763945016,5.475620503109073,19,True,False,23,237,1,767,142,118,61,707,280,0,280.0,0.6959151488408959,0.8032262849869121,0.8881610576923077,0.7129554911182214,0.9017509727626459,0.7101167315175098,0.9014285714285715,1.1492695369801498,11.82019993371796,29,True,False,90,170,11,757,199,61,99,669,1400,0,1400.0,0.7386447006181582,0.7554888758782201,0.8434645432692308,0.600082116812738,0.8433852140077821,0.7782101167315175,0.8035714285714286,0.45255146489437414,13.042690179768298,18,True,False,123,137,38,730,153,107,75,693,280,1120,1400.0,0.7386447006181582,0.7605574886391726,0.8434645432692308,0.6732852815181115,0.8433852140077821,0.7042801556420234,0.8035714285714286,0.45255146489437414,13.042690179768298,18,True,False,123,137,38,730,184,76,120,648,280,1120,1400.0,0.22481454133287548,0.010045326222335449,0.0008663862179487669,0.005068612760952496,-0.04266879634773946,-0.47861641150012746,-0.13326848249027234
Binary Adaptive Decision-Boundary Diagnostic,binary_adaptive_decision_boundary_diagnostic,binary-adaptive-diagnostic-v1,ml_binary_dravidian_codemix,1012,4.0,1.0,044de216711fd5d19b6904d7de1981bf2f3d60c64e1339970ef16bc9f9a9cab7,0.49307504520245216,0.7389611488869452,0.8477263621794872,0.695386142983137,0.9834630350194552,0.796692607003891,0.9821428571428571,1.2277374214443217,5.483526500956568,18,True,False,17,243,0,768,140,120,69,699,280,0,280.0,0.6959151488408959,0.804810510239582,0.8881610576923077,0.724038951117473,0.9017509727626459,0.6974708171206225,0.9014285714285715,1.149269536980142,11.820199933717953,29,True,False,90,170,11,757,205,55,106,662,1400,0,1400.0,0.7206110324115618,0.7566960961599829,0.8556239983974359,0.6071452430452449,0.8667315175097277,0.7898832684824902,0.7935714285714286,1.233367101892046,12.63134132290226,21,True,False,109,151,28,740,149,111,67,701,280,1120,1400.0,0.7206110324115618,0.7625109218492481,0.8556239983974359,0.6233768922326868,0.8667315175097277,0.769455252918288,0.7935714285714286,1.233367101892046,12.63134132290226,21,True,False,109,151,28,740,159,101,78,690,280,1120,1400.0,0.2275359872091096,0.023549772962302873,0.0078976362179487,0.005814825689265168,-0.042299588390333986,0.005629680447724272,-0.11673151750972754
Binary Adaptive Decision-Boundary Diagnostic,binary_adaptive_decision_boundary_diagnostic,binary-adaptive-diagnostic-v1,ml_binary_dravidian_codemix,1013,4.0,1.0,8559495b5d3c57b56862c112cff029c47fdb4d73de3e244fe2f1ef5a91b058e3,0.5303003085093919,0.7614484253474436,0.8421173878205127,0.7139423804520225,0.9708171206225681,0.7607003891050583,0.9678571428571429,1.1174355256994613,5.345244293886038,22,True,False,28,232,2,766,162,98,84,684,280,0,280.0,0.6959151488408959,0.8052892918023776,0.8881610576923077,0.6927242432960584,0.9017509727626459,0.7383268482490273,0.9014285714285715,1.1492695369801298,11.820199933717932,29,True,False,90,170,11,757,188,72,81,687,1400,0,1400.0,0.7247176621259751,0.7574144830321683,0.8304186698717948,0.6415431895229733,0.8443579766536965,0.7490272373540856,0.8014285714285714,0.5357570275978373,12.656861827195938,15,True,False,118,142,42,726,165,95,93,675,280,1120,1400.0,0.7247176621259751,0.7638010153326786,0.8304186698717948,0.6151328243505596,0.8443579766536965,0.7655642023346303,0.8014285714285714,0.5357570275978373,12.656861827195938,15,True,False,118,142,42,726,161,99,80,688,280,1120,1400.0,0.1944173536165832,0.0023525899852350207,-0.011698717948717907,0.006386532300510339,-0.04148827646969899,-0.581678498101624,-0.1264591439688716
Binary Adaptive Decision-Boundary Diagnostic,binary_adaptive_decision_boundary_diagnostic,binary-adaptive-diagnostic-v1,ml_binary_dravidian_codemix,1014,4.0,1.0,e9c0480986046b62dfde3a93f98f064b9c1a49b3c1240567f45660aa5a21bf0e,0.4997265122265122,0.7522765898079802,0.8453926282051283,0.7321850632242699,0.980544747081712,0.7568093385214008,0.9714285714285714,0.9712059607794433,5.010513974712943,19,True,False,19,241,1,767,160,100,90,678,280,0,280.0,0.6959151488408959,0.7992225449367767,0.8881610576923077,0.6850767733567106,0.9017509727626459,0.7519455252918288,0.9014285714285715,1.1492695369801362,11.820199933717928,29,True,False,90,170,11,757,180,80,75,693,1400,0,1400.0,0.7268487834005075,0.735111564163552,0.8441606570512821,0.5647846566042141,0.857976653696498,0.8287937743190662,0.8057142857142857,0.4734701872379898,12.704644989194273,14,True,False,114,146,32,736,127,133,49,719,280,1120,1400.0,0.7268487834005075,0.7590200057599443,0.8441606570512821,0.610019236596954,0.857976653696498,0.7947470817120622,0.8057142857142857,0.4734701872379898,12.704644989194273,14,True,False,114,146,32,736,148,112,63,705,280,1120,1400.0,0.2271222711739953,0.006743415951964149,-0.001231971153846212,0.023908441596392382,-0.040202539176832364,-0.49773577354145354,-0.12256809338521402
Binary Adaptive Decision-Boundary Diagnostic,binary_adaptive_decision_boundary_diagnostic,binary-adaptive-diagnostic-v1,ml_binary_dravidian_codemix,1015,4.0,1.0,6c3fade72df8a5029b7865f1e1d7100447ba5c1c5288ad19a055a6689bcc68e4,0.5068243421526062,0.7521906608017097,0.8520733173076924,0.7165798348286717,0.9785992217898832,0.7412451361867705,0.9678571428571429,1.1335886998560771,5.3017772244621115,17,True,False,21,239,1,767,166,94,100,668,280,0,280.0,0.6959151488408959,0.7992225449367767,0.8881610576923077,0.6852542007931012,0.9017509727626459,0.7519455252918288,0.9014285714285715,1.149269536980144,11.82019993371796,29,True,False,90,170,11,757,180,80,75,693,1400,0,1400.0,0.734720507127101,0.7611470253577153,0.8370492788461538,0.5910249188564176,0.8453307392996109,0.7889105058365758,0.7928571428571428,0.842428961559308,12.714047624316018,16,True,False,121,139,38,730,151,109,66,702,280,1120,1400.0,0.734720507127101,0.7569898992866864,0.8370492788461538,0.5849096754674149,0.8453307392996109,0.7928015564202334,0.7928571428571428,0.842428961559308,12.714047624316018,16,True,False,121,139,38,730,148,112,65,703,280,1120,1400.0,0.22789616497449483,0.004799238484976653,-0.015024038461538658,-0.004157126071028916,-0.04223264565009033,-0.2911597382967691,-0.13326848249027234
Binary Adaptive Decision-Boundary Diagnostic,binary_adaptive_decision_boundary_diagnostic,binary-adaptive-diagnostic-v1,ml_binary_dravidian_codemix,1016,4.0,1.0,3b69ddfe83e70161066743c73ac39f35b1ab51867c0f681678445a648b5e8110,0.4397392478989904,0.7610890207677449,0.8479366987179487,0.7233560179740796,0.9970817120622568,0.7577821011673151,0.9928571428571429,1.1388918254595317,5.04900942945993,24,True,False,3,257,0,768,163,97,86,682,280,0,280.0,0.6959151488408959,0.7986835947832103,0.8881610576923077,0.6831934653237607,0.9017509727626459,0.7587548638132295,0.9014285714285715,1.149269536980154,11.820199933717966,29,True,False,90,170,11,757,177,83,71,697,1400,0,1400.0,0.7117972488038278,0.7648722267273824,0.8471654647435898,0.6785695190125708,0.8793774319066148,0.77431906614786,0.8064285714285714,0.9486429521236588,12.262974132711296,16,True,False,102,158,22,746,158,102,74,694,280,1120,1400.0,0.7117972488038278,0.7638649344177408,0.8471654647435898,0.6796017483144454,0.8793774319066148,0.7733463035019456,0.8064285714285714,0.9486429521236588,12.262974132711296,16,True,False,102,158,22,746,158,102,75,693,280,1120,1400.0,0.2720580009048374,0.0027759136499959647,-0.0007712339743589647,-0.0010072923096415831,-0.034818660365469434,-0.19024887333587293,-0.11770428015564205
Binary Adaptive Decision-Boundary Diagnostic,binary_adaptive_decision_boundary_diagnostic,binary-adaptive-diagnostic-v1,ml_binary_dravidian_codemix,1017,4.0,1.0,9e3463c5d972ae1d9dd5607c146a68e4c4c8d67d9854fa97cff1eecc789ded0d,0.5207459207459207,0.7399196736346099,0.8477814503205128,0.7416920763302313,0.9747081712062257,0.6556420233463035,0.9714285714285714,1.2199837913332858,5.266928622837193,17,True,False,25,235,1,767,195,65,159,609,280,0,280.0,0.6959151488408959,0.8007483425432094,0.8881610576923077,0.6771275430513263,0.9017509727626459,0.7655642023346303,0.9014285714285715,1.149269536980145,11.820199933717934,29,True,False,90,170,11,757,175,85,66,702,1400,0,1400.0,0.7288194541668447,0.7551810386648439,0.8400941506410255,0.6506211566548538,0.8511673151750972,0.7519455252918288,0.7964285714285714,0.8653320356356333,12.527721730782973,15,True,False,117,143,36,732,163,97,92,676,280,1120,1400.0,0.7288194541668447,0.7427900813229845,0.8400941506410255,0.6080806761085051,0.8511673151750972,0.7869649805447471,0.7964285714285714,0.8653320356356333,12.527721730782973,15,True,False,117,143,36,732,145,115,74,694,280,1120,1400.0,0.20807353342092394,0.0028704076883746543,-0.007687299679487225,-0.012390957341859354,-0.05795826122022485,-0.3546517556976525,-0.12354085603112841
Binary Adaptive Decision-Boundary Diagnostic,binary_adaptive_decision_boundary_diagnostic,binary-adaptive-diagnostic-v1,ml_binary_dravidian_codemix,1018,4.0,1.0,4289b14292e915581e7b1b9c99d44e6f9aa18352ab9ce3c615e227469f1721cc,0.5002894411466307,0.7556006143049991,0.8626752804487179,0.6983052924953329,0.9815175097276264,0.8073929961089494,0.9821428571428571,1.1935914462758128,5.061172668048877,19,True,False,19,241,0,768,142,118,56,712,280,0,280.0,0.6959151488408959,0.7986835947832103,0.8881610576923077,0.6824717627161397,0.9017509727626459,0.7587548638132295,0.9014285714285715,1.1492695369801251,11.82019993371792,29,True,False,90,170,11,757,177,83,71,697,1400,0,1400.0,0.7339131335093441,0.7502165542140558,0.8385316506410257,0.5831443963566368,0.853112840466926,0.8103112840466926,0.8007142857142857,1.1104066154500662,12.446469367417869,20,True,False,118,142,33,735,139,121,56,712,280,1120,1400.0,0.7339131335093441,0.7514695622742124,0.8385316506410257,0.5744124274367911,0.853112840466926,0.8142023346303502,0.8007142857142857,1.1104066154500662,12.446469367417869,20,True,False,118,142,33,735,138,122,53,715,280,1120,1400.0,0.2336236923627134,-0.004131052030786786,-0.024143629807692135,0.0012530080601566018,-0.047214032508997916,-0.08318483082574657,-0.12840466926070038
Binary Adaptive Decision-Boundary Diagnostic,binary_adaptive_decision_boundary_diagnostic,binary-adaptive-diagnostic-v1,ml_binary_dravidian_codemix,1019,4.0,1.0,522e3feffdb0a73bd008033cd269ff82dd7e272813e1bd40e383bb40a81eb0e6,0.5138301592852828,0.7391035685123475,0.8491736778846154,0.693335527104277,0.9766536964980544,0.8132295719844358,0.975,1.044232399531428,5.349422331426302,16,True,False,23,237,1,767,134,126,58,710,280,0,280.0,0.6959151488408959,0.804810510239582,0.8881610576923077,0.7244167075181341,0.9017509727626459,0.6974708171206225,0.9014285714285715,1.149269536980145,11.82019993371796,29,True,False,90,170,11,757,205,55,106,662,1400,0,1400.0,0.7207354049459312,0.7217032278985869,0.8352363782051282,0.5086521380450876,0.8463035019455253,0.8414396887159533,0.8007142857142857,0.473068582398914,12.510205822085227,14,True,False,116,144,42,726,118,142,45,723,280,1120,1400.0,0.7207354049459312,0.7176414390207493,0.8352363782051282,0.4845311679526048,0.8463035019455253,0.857976653696498,0.8007142857142857,0.473068582398914,12.510205822085227,14,True,False,116,144,42,726,111,149,35,733,280,1120,1400.0,0.2069052456606485,-0.021462129491598203,-0.013937299679487203,-0.004061788877837591,-0.08716907121883277,-0.571163817132514,-0.13035019455252916
Binary Adaptive Decision-Boundary Diagnostic,binary_adaptive_decision_boundary_diagnostic,binary-adaptive-diagnostic-v1,ml_binary_dravidian_codemix,1020,4.0,1.0,747ed7839fa4750707fc526201d0123f6a9d9ba7571d9232d1d43f7b6735bfa5,0.45160667030705254,0.7695969218206907,0.8495893429487179,0.7330917489620639,0.9941634241245136,0.7208171206225681,0.9964285714285714,1.2454825577760982,5.027133688026746,24,True,False,6,254,0,768,181,79,106,662,280,0,280.0,0.6959151488408959,0.7974220339491793,0.8881610576923077,0.6609893917268868,0.9017509727626459,0.7772373540856031,0.9014285714285715,1.1492695369801436,11.820199933717944,29,True,False,90,170,11,757,169,91,60,708,1400,0,1400.0,0.7154564141191845,0.7594999263979139,0.8406350160256411,0.611137628639299,0.8647859922178989,0.7821011673151751,0.8,0.5278770678061929,12.588516525474104,18,True,False,108,152,31,737,153,107,71,697,280,1120,1400.0,0.7154564141191845,0.7598579077940603,0.8406350160256411,0.6148235377280935,0.8647859922178989,0.7772373540856031,0.8,0.5278770678061929,12.588516525474104,18,True,False,108,152,31,737,155,105,74,694,280,1120,1400.0,0.26384974381213194,-0.009739014026630466,-0.00895432692307685,0.0003579813961464007,-0.03756412615511906,-0.7176054899699053,-0.12937743190661477
Binary Adaptive Decision-Boundary Diagnostic,binary_adaptive_decision_boundary_diagnostic,binary-adaptive-diagnostic-v1,ml_binary_dravidian_codemix,1021,4.0,1.0,9ee1c0413a0c9e24efb79b3a4ca31622fd943ad005fb64ae0f3970e86271510d,0.5409716397974715,0.7566257904625839,0.8543118990384616,0.7025944721201896,0.9688715953307393,0.8083657587548638,0.9607142857142857,1.0293041136753762,5.438755623190493,18,True,False,31,229,1,767,142,118,55,713,280,0,280.0,0.6959151488408959,0.8022948543112189,0.8881610576923077,0.690452414198033,0.9017509727626459,0.745136186770428,0.9014285714285715,1.149269536980133,11.82019993371792,29,True,False,90,170,11,757,184,76,78,690,1400,0,1400.0,0.7216380674212,0.7358354808631233,0.8420472756410258,0.5478632783008299,0.867704280155642,0.8492217898832685,0.7985714285714286,0.7705524610207517,12.717636505868079,21,True,False,109,151,27,741,120,140,35,733,280,1120,1400.0,0.7216380674212,0.7375035164280304,0.8420472756410258,0.5733440430808312,0.867704280155642,0.8394941634241245,0.7985714285714286,0.7705524610207517,12.717636505868079,21,True,False,109,151,27,741,124,136,41,727,280,1120,1400.0,0.18066642762372842,-0.019122274034553577,-0.012264623397435837,0.0016680355649070222,-0.06479133788318858,-0.2587516526546245,-0.10116731517509725
Binary Adaptive Decision-Boundary Diagnostic,binary_adaptive_decision_boundary_diagnostic,binary-adaptive-diagnostic-v1,ml_binary_dravidian_codemix,1022,4.0,1.0,e2ae7a0d5b1a6734cda7c831f31f50ea589c001d6873531188e17f853e27e955,0.5269287181565925,0.7369246025399059,0.8283904246794871,0.7401571006072648,0.9717898832684825,0.6673151750972762,0.9785714285714285,1.2759441479867377,5.484698620352972,18,True,False,27,233,2,766,189,71,153,615,280,0,280.0,0.6959151488408959,0.8032292920873082,0.8881610576923077,0.6947656828797054,0.9017509727626459,0.7363813229571985,0.9014285714285715,1.1492695369801273,11.820199933717932,29,True,False,90,170,11,757,188,72,83,685,1400,0,1400.0,0.7217058600588353,0.7551810386648439,0.833243189102564,0.6497946730173028,0.8618677042801557,0.7519455252918288,0.7992857142857143,0.9028317968611601,12.728836471446217,17,True,False,111,149,31,737,163,97,92,676,280,1120,1400.0,0.7217058600588353,0.7525738696403725,0.833243189102564,0.6377588032280057,0.8618677042801557,0.7675097276264592,0.7992857142857143,0.9028317968611601,12.728836471446217,17,True,False,111,149,31,737,156,104,83,685,280,1120,1400.0,0.19477714190224282,0.015649267100466657,0.004852764423076916,-0.002607169024471334,-0.05065542244693566,-0.3731123511255776,-0.10992217898832679
Binary Adaptive Decision-Boundary Diagnostic,binary_adaptive_decision_boundary_diagnostic,binary-adaptive-diagnostic-v1,ml_binary_dravidian_codemix,1023,4.0,1.0,18bdbab48eeb8f8666cc15f0b3c8c699196eb5062772ed01d637cf6025e87804,0.4397392478989904,0.7418461304314741,0.8250550881410257,0.7113722928304435,0.9970817120622568,0.7568093385214008,0.9785714285714285,1.337361356706086,5.092592439453564,19,True,False,3,257,0,768,156,104,94,674,280,0,280.0,0.6959151488408959,0.7986835947832103,0.8881610576923077,0.6832153245999971,0.9017509727626459,0.7587548638132295,0.9014285714285715,1.149269536980145,11.820199933717971,29,True,False,90,170,11,757,177,83,71,697,1400,0,1400.0,0.7196677294848128,0.7416341975386647,0.8356570512820514,0.5494562933383078,0.8599221789883269,0.8239299610894941,0.7914285714285715,0.6264290483785735,12.352307134306988,11,True,False,111,149,33,735,131,129,50,718,280,1120,1400.0,0.7196677294848128,0.7295448566166798,0.8356570512820514,0.5301192052816074,0.8599221789883269,0.8375486381322957,0.7914285714285715,0.6264290483785735,12.352307134306988,11,True,False,111,149,33,735,122,138,45,723,280,1120,1400.0,0.27992848158582245,-0.012301273814794289,0.010601963141025683,-0.012089340921984881,-0.06913873816653049,-0.7109323083275125,-0.13715953307392992
Binary Adaptive Decision-Boundary Diagnostic,binary_adaptive_decision_boundary_diagnostic,binary-adaptive-diagnostic-v1,ml_binary_dravidian_codemix,1024,4.0,1.0,45da0c5840412aa68cb12f0f09cae007320dd379602c39e387ab97bb14466112,0.5109341393013345,0.7513316100267982,0.8459885817307692,0.7165991212874051,0.9785992217898832,0.7023346303501945,0.9678571428571429,1.018957058591452,5.386155726295054,17,True,False,22,238,0,768,181,79,125,643,280,0,280.0,0.6959151488408959,0.7991568123393316,0.8881610576923077,0.6770083122895344,0.9017509727626459,0.7665369649805448,0.9014285714285715,1.1492695369801305,11.820199933717927,29,True,False,90,170,11,757,174,86,66,702,1400,0,1400.0,0.7348030018761726,0.7464421484529463,0.8400290464743589,0.5824245254454848,0.8482490272373541,0.7772373540856031,0.7907142857142857,0.8184708212323633,12.808743327337664,18,True,False,120,140,36,732,150,110,79,689,280,1120,1400.0,0.7348030018761726,0.7498278924799751,0.8400290464743589,0.5836642024938481,0.8482490272373541,0.7752918287937743,0.7907142857142857,0.8184708212323633,12.808743327337664,18,True,False,120,140,36,732,152,108,79,689,280,1120,1400.0,0.22386886257483818,-0.0015037175468231023,-0.005959535256410242,0.0033857440270287364,-0.0493289198593565,-0.20048623735908877,-0.13035019455252916
Binary Adaptive Decision-Boundary Diagnostic,binary_adaptive_decision_boundary_diagnostic,binary-adaptive-diagnostic-v1,ml_binary_dravidian_codemix,1025,4.0,1.0,292defd4077cbdd1c6dd82bd256a6c7a4f8f095f2f4f55f06020f45079127f4d,0.43168657082786366,0.7492127626326162,0.8577173477564104,0.7423956704855007,0.9990272373540856,0.6507782101167315,0.9928571428571429,1.1958090725513835,4.74506583650358,18,True,False,1,259,0,768,201,59,158,610,280,0,280.0,0.6959151488408959,0.8002372770414008,0.8881610576923077,0.6800545445829476,0.9017509727626459,0.7626459143968871,0.9014285714285715,1.1492695369801413,11.820199933717946,29,True,False,90,170,11,757,176,84,68,700,1400,0,1400.0,0.7164008260998789,0.7581819669448535,0.8433743990384615,0.664048033649652,0.8686770428015564,0.7626459143968871,0.8057142857142857,0.7432557765427346,12.517025334807133,15,True,False,107,153,28,740,160,100,84,684,280,1120,1400.0,0.7164008260998789,0.7651683191068037,0.8433743990384615,0.6100535567411632,0.8686770428015564,0.8005836575875487,0.8057142857142857,0.7432557765427346,12.517025334807133,15,True,False,107,153,28,740,148,112,57,711,280,1120,1400.0,0.2847142552720152,0.01595555647418756,-0.014342948717948945,0.0069863521619502045,-0.03506895793459708,-0.4525532960086489,-0.13035019455252916
Binary Adaptive Decision-Boundary Diagnostic,binary_adaptive_decision_boundary_diagnostic,binary-adaptive-diagnostic-v1,ml_binary_dravidian_codemix,1026,4.0,1.0,c396970d6a957ea60bd06ea8495ec6ec67c13857f89c286e73aa1564929ca714,0.45550733466900306,0.776134289588394,0.8555188301282052,0.7236523129898929,0.9931906614785992,0.7149805447470817,0.9928571428571429,1.1151590772868505,4.896997525512466,18,True,False,7,253,0,768,186,74,107,661,280,0,280.0,0.6959151488408959,0.8015142775608839,0.8881610576923077,0.700957220618915,0.9017509727626459,0.7227626459143969,0.9014285714285715,1.149269536980142,11.820199933717962,29,True,False,90,170,11,757,193,67,92,676,1400,0,1400.0,0.7206853018573643,0.7643308900420864,0.8460136217948717,0.6695065959394909,0.8608949416342413,0.730544747081712,0.8,0.760557669653937,12.600299157084518,15,True,False,111,149,32,736,175,85,102,666,280,1120,1400.0,0.7206853018573643,0.7780600589443243,0.8460136217948717,0.6547968769366393,0.8608949416342413,0.7490272373540856,0.8,0.760557669653937,12.600299157084518,15,True,False,111,149,32,736,173,87,85,683,280,1120,1400.0,0.2651779671883613,0.0019257693559302513,-0.00950520833333346,0.013729168902237854,-0.023454218616559608,-0.3546014076329135,-0.13229571984435795
Binary Adaptive Decision-Boundary Diagnostic,binary_adaptive_decision_boundary_diagnostic,binary-adaptive-diagnostic-v1,ml_binary_dravidian_codemix,1027,4.0,1.0,7096996a34f7758091a1bd13e9043bbac3e56ef9b65f01ddfbb29fff52ee41f0,0.45938094761093856,0.7699420104357658,0.859590344551282,0.7048973241093629,0.9922178988326849,0.7791828793774319,0.9928571428571429,1.128010207331425,5.219426380800374,18,True,False,8,252,0,768,158,102,69,699,280,0,280.0,0.6959151488408959,0.8005746600538057,0.8881610576923077,0.7001768680450071,0.9017509727626459,0.7266536964980544,0.9014285714285715,1.1492695369801487,11.820199933717962,29,True,False,90,170,11,757,191,69,90,678,1400,0,1400.0,0.729963768115942,0.7564883268355183,0.8464493189102564,0.6400046115065754,0.8638132295719845,0.7791828793774319,0.7992857142857143,0.6078004634979495,12.762954364947307,15,True,False,113,147,27,741,153,107,74,694,280,1120,1400.0,0.729963768115942,0.7535118916058858,0.8464493189102564,0.6159894938322226,0.8638132295719845,0.7947470817120622,0.7992857142857143,0.6078004634979495,12.762954364947307,15,True,False,113,147,27,741,146,114,65,703,280,1120,1400.0,0.27058282050500343,-0.01643011882987999,-0.013141025641025594,-0.0029764352296324237,-0.0470627684479199,-0.5202097438334756,-0.12840466926070038
Binary Adaptive Decision-Boundary Diagnostic,binary_adaptive_decision_boundary_diagnostic,binary-adaptive-diagnostic-v1,ml_binary_dravidian_codemix,1028,4.0,1.0,669b456111a79374917ad27ac9ab51580f280c8ecfd7f3e7539fcced72fb2c73,0.489431688650057,0.7234147269780231,0.8209585336538462,0.7011150848636225,0.9844357976653697,0.7811284046692607,0.9678571428571429,1.2157918411400088,5.365689152328422,18,True,False,16,244,0,768,140,120,85,683,280,0,280.0,0.6959151488408959,0.8037920665502278,0.8881610576923077,0.7116904034725705,0.9017509727626459,0.7130350194552529,0.9014285714285715,1.1492695369801522,11.820199933717968,29,True,False,90,170,11,757,198,62,97,671,1400,0,1400.0,0.7258229617235075,0.7265890626999222,0.8322415865384616,0.5554997351236074,0.8570038910505836,0.8375486381322957,0.7964285714285714,0.8650679076949204,12.895781277743575,17,True,False,114,146,33,735,121,139,46,722,280,1120,1400.0,0.7258229617235075,0.7305041944872454,0.8322415865384616,0.6009659375969943,0.8570038910505836,0.7937743190661478,0.7964285714285714,0.8650679076949204,12.895781277743575,17,True,False,114,146,33,735,138,122,74,694,280,1120,1400.0,0.23639127307345048,0.007089467509222236,0.011283052884615397,0.003915131787323167,-0.07328787206298248,-0.35072393344508845,-0.1274319066147861
Binary Adaptive Decision-Boundary Diagnostic,binary_adaptive_decision_boundary_diagnostic,binary-adaptive-diagnostic-v1,ml_binary_dravidian_codemix,1029,4.0,1.0,e3610bae307b03c72d1a33cf702e162cab27d35257563f27d7a557fddd8c4dd8,0.5032870532805374,0.763141437082387,0.8555288461538462,0.7372299103404619,0.9795719844357976,0.6945525291828794,0.975,1.3051568150977024,5.440776649839567,18,True,False,20,240,1,767,189,71,125,643,280,0,280.0,0.6959151488408959,0.7986835947832103,0.8881610576923077,0.6824586834633082,0.9017509727626459,0.7587548638132295,0.9014285714285715,1.1492695369801476,11.820199933717943,29,True,False,90,170,11,757,177,83,71,697,1400,0,1400.0,0.719631435007647,0.7187267918333311,0.8337189503205129,0.5449409773175773,0.8628404669260701,0.8414396887159533,0.7857142857142857,0.9751710426051308,12.652165338611235,16,True,False,110,150,31,737,117,143,46,722,280,1120,1400.0,0.719631435007647,0.7275291805101269,0.8337189503205129,0.5499880165380183,0.8628404669260701,0.835603112840467,0.7857142857142857,0.9751710426051308,12.652165338611235,16,True,False,110,150,31,737,122,138,47,721,280,1120,1400.0,0.21634438172710968,-0.03561225657226008,-0.02180989583333326,0.008802388676795836,-0.07115441427308333,-0.32998577249257166,-0.11673151750972754
Binary Adaptive Decision-Boundary Diagnostic,binary_adaptive_decision_boundary_diagnostic,binary-adaptive-diagnostic-v1,ml_binary_dravidian_codemix,1030,4.0,1.0,977afb228698fc41dc13fb7389ebbcf06794a0d0e15d83f5d8418c6cbf1d7db7,0.517915620131625,0.7606531002428061,0.8606620592948719,0.7295237729216505,0.9766536964980544,0.7344357976653697,0.9714285714285714,1.149382039389888,5.525991865636458,18,True,False,24,236,0,768,172,88,101,667,280,0,280.0,0.6959151488408959,0.8032292920873082,0.8881610576923077,0.6945414095320147,0.9017509727626459,0.7363813229571985,0.9014285714285715,1.1492695369801438,11.820199933717964,29,True,False,90,170,11,757,188,72,83,685,1400,0,1400.0,0.7164008260998789,0.7588552662444288,0.8442307692307692,0.6469746835249168,0.8686770428015564,0.7762645914396887,0.7978571428571428,0.9175605897404738,12.868847466469733,19,True,False,107,153,28,740,155,105,75,693,280,1120,1400.0,0.7164008260998789,0.758860860644117,0.8442307692307692,0.6574339192655823,0.8686770428015564,0.7684824902723736,0.7978571428571428,0.9175605897404738,12.868847466469733,19,True,False,107,153,28,740,158,102,80,688,280,1120,1400.0,0.19848520596825392,-0.001792239598689127,-0.01643129006410271,5.594399688169105e-06,-0.04436843144319125,-0.2318214496494141,-0.107976653696498
Binary Adaptive Decision-Boundary Diagnostic,binary_adaptive_decision_boundary_diagnostic,binary-adaptive-diagnostic-v1,ml_binary_dravidian_codemix,1031,4.0,1.0,1c1b2603b5952c108c9b5e522849a1d1ef7a8fbc7c50c3b985c2cab249a722ef,0.46322781426369297,0.7656921879993837,0.8495743189102564,0.7206473985915899,0.9912451361867705,0.7597276264591439,0.9821428571428571,1.08593478162955,5.367483448285701,17,True,False,9,251,0,768,164,96,83,685,280,0,280.0,0.6959151488408959,0.8036351881511086,0.8881610576923077,0.6976884631113743,0.9017509727626459,0.7295719844357976,0.9014285714285715,1.149269536980132,11.820199933717964,29,True,False,90,170,11,757,191,69,87,681,1400,0,1400.0,0.719631435007647,0.7473982423681776,0.8442758413461539,0.6955667294849194,0.8628404669260701,0.7159533073929961,0.8,0.4705144427992424,12.925080343193345,21,True,False,110,150,31,737,174,86,118,650,280,1120,1400.0,0.719631435007647,0.7477835422353709,0.8442758413461539,0.7044089390811228,0.8628404669260701,0.7062256809338522,0.8,0.4705144427992424,12.925080343193345,21,True,False,110,150,31,737,178,82,124,644,280,1120,1400.0,0.25640362074395406,-0.017908645764012743,-0.005298477564102511,0.00038529986719326725,-0.05585164591573766,-0.6154203388303074,-0.12840466926070038
Binary Adaptive Decision-Boundary Diagnostic,binary_adaptive_decision_boundary_diagnostic,binary-adaptive-diagnostic-v1,ml_binary_dravidian_codemix,1032,4.0,1.0,98c2397049917e3bd630854fd309f1a7390fc07d376861b6e8ab8e83cc5ae0c9,0.489431688650057,0.7309991471868691,0.8364182692307691,0.6970622360633465,0.9844357976653697,0.8025291828793775,0.9928571428571429,1.2278810596842669,5.319072645144592,19,True,False,16,244,0,768,135,125,68,700,280,0,280.0,0.6959151488408959,0.8048060085655815,0.8881610576923077,0.6914273089667528,0.9017509727626459,0.7402723735408561,0.9014285714285715,1.1492695369801318,11.820199933717943,29,True,False,90,170,11,757,187,73,80,688,1400,0,1400.0,0.7350706014911419,0.7693226677096614,0.8482171474358975,0.6542853903554449,0.8599221789883269,0.7480544747081712,0.7992857142857143,0.9536080266814014,12.619119891857283,20,True,False,116,144,28,740,170,90,89,679,280,1120,1400.0,0.7350706014911419,0.7512729533734785,0.8482171474358975,0.6050210480755506,0.8599221789883269,0.8005836575875487,0.7992857142857143,0.9536080266814014,12.619119891857283,20,True,False,116,144,28,740,143,117,62,706,280,1120,1400.0,0.2456389128410849,0.020273806186609455,0.011798878205128371,-0.018049714336182854,-0.05353305519210294,-0.27427303300286543,-0.1245136186770428
Binary Adaptive Decision-Boundary Diagnostic,binary_adaptive_decision_boundary_diagnostic,binary-adaptive-diagnostic-v1,ml_binary_dravidian_codemix,1033,4.0,1.0,dd9272fad027d59dadb51785e7bc3b8212839430fc5b873136c990a1f6807fd4,0.5275735294117647,0.7484938802268135,0.8401792868589744,0.683576434697106,0.9727626459143969,0.8005836575875487,0.9678571428571429,1.4030892501563577,5.4448764768419755,17,True,False,27,233,1,767,142,118,63,705,280,0,280.0,0.6959151488408959,0.8002514720390922,0.8881610576923077,0.6897640099780011,0.9017509727626459,0.7480544747081712,0.9014285714285715,1.1492695369801535,11.820199933717973,29,True,False,90,170,11,757,182,78,77,691,1400,0,1400.0,0.7299178981937602,0.7682681974260177,0.8533553685897436,0.6117032018248412,0.857976653696498,0.7801556420233463,0.7978571428571428,0.5966718608562019,12.678117526242653,15,True,False,115,145,31,737,157,103,69,699,280,1120,1400.0,0.7299178981937602,0.7668934240362811,0.8533553685897436,0.6169470356521843,0.857976653696498,0.7762645914396887,0.7978571428571428,0.5966718608562019,12.678117526242653,15,True,False,115,145,31,737,158,102,72,696,280,1120,1400.0,0.20234436878199547,0.018399543809467622,0.013176081730769229,-0.0013747733897365721,-0.03335804800281106,-0.8064173893001557,-0.11478599221789887
Binary Adaptive Decision-Boundary Diagnostic,binary_adaptive_decision_boundary_diagnostic,binary-adaptive-diagnostic-v1,ml_binary_dravidian_codemix,1034,4.0,1.0,fe1afeeb472977c3d592c343cf755c70999d69ecfd183506601b4112ce7cc349,0.5032870532805374,0.7403116960782797,0.8408503605769232,0.7115395491410191,0.9795719844357976,0.7684824902723736,0.975,1.2113193943616563,5.31992661014698,19,True,False,20,240,1,767,151,109,87,681,280,0,280.0,0.6959151488408959,0.7997257249380207,0.8881610576923077,0.6822081512930621,0.9017509727626459,0.7597276264591439,0.9014285714285715,1.1492695369801302,11.820199933717948,29,True,False,90,170,11,757,177,83,70,698,1400,0,1400.0,0.7227595311282394,0.7534964943831939,0.8344200721153845,0.6211548279613656,0.8570038910505836,0.7762645914396887,0.7907142857142857,0.4942556204835036,12.865955292830437,16,True,False,113,147,34,734,153,107,77,691,280,1120,1400.0,0.7227595311282394,0.7554888758782201,0.8344200721153845,0.6192617782510417,0.8570038910505836,0.7782101167315175,0.7907142857142857,0.4942556204835036,12.865955292830437,16,True,False,113,147,34,734,153,107,75,693,280,1120,1400.0,0.21947247784770207,0.015177179799940377,-0.006430288461538702,0.0019923814950262297,-0.04423684905980063,-0.7170637738781527,-0.12256809338521402
Binary Adaptive Decision-Boundary Diagnostic,binary_adaptive_decision_boundary_diagnostic,binary-adaptive-diagnostic-v1,ml_binary_dravidian_codemix,1035,4.0,1.0,3efee92f555e8926df444898ce70d148a635f5154230aeff51ed30d36dd7055c,0.5275735294117647,0.7658817175614739,0.8524839743589743,0.7087635844167073,0.9727626459143969,0.7752918287937743,0.95,1.2780054519403143,5.732298486511688,18,True,False,27,233,1,767,158,102,73,695,280,0,280.0,0.6959151488408959,0.8042582655357452,0.8881610576923077,0.6931136182721565,0.9017509727626459,0.7373540856031129,0.9014285714285715,1.149269536980131,11.820199933717943,29,True,False,90,170,11,757,188,72,82,686,1400,0,1400.0,0.7289094526886102,0.7338464344766309,0.8456780849358974,0.5268709949701045,0.8599221789883269,0.8501945525291829,0.7907142857142857,0.89066207584791,12.738743774073647,20,True,False,114,146,30,738,119,141,35,733,280,1120,1400.0,0.7289094526886102,0.7687133268123187,0.8456780849358974,0.6934008837826943,0.8599221789883269,0.7149805447470817,0.7907142857142857,0.89066207584791,12.738743774073647,20,True,False,114,146,30,738,183,77,110,658,280,1120,1400.0,0.20133592327684546,0.002831609250844802,-0.006805889423076916,0.03486689233568785,-0.035544938723426456,-0.3873433760924043,-0.11284046692606997
Binary Adaptive Decision-Boundary Diagnostic,binary_adaptive_decision_boundary_diagnostic,binary-adaptive-diagnostic-v1,ml_binary_dravidian_codemix,1036,4.0,1.0,abaa6392b23835a5b5fb33d161ec2c924af65a1413efd7d5a260e84ad9d75b12,0.5316113624937154,0.7722521958975161,0.8574068509615385,0.7093164969630448,0.9727626459143969,0.7762645914396887,0.9714285714285714,1.0152129498149534,5.556579196825229,13,True,False,28,232,0,768,160,100,70,698,280,0,280.0,0.6959151488408959,0.7963666692730733,0.8881610576923077,0.663448625533452,0.9017509727626459,0.7762645914396887,0.9014285714285715,1.1492695369801496,11.820199933717962,29,True,False,90,170,11,757,169,91,61,707,1400,0,1400.0,0.7327467853783644,0.7637808648913267,0.8379407051282051,0.6472390913446474,0.8463035019455253,0.745136186770428,0.7907142857142857,0.6873440462548644,13.023489397069081,21,True,False,120,140,38,730,169,91,93,675,280,1120,1400.0,0.7327467853783644,0.7554888758782201,0.8379407051282051,0.6111148258870225,0.8463035019455253,0.7782101167315175,0.7907142857142857,0.6873440462548644,13.023489397069081,21,True,False,120,140,38,730,153,107,75,693,280,1120,1400.0,0.20113542288464892,-0.016763320019296035,-0.019466145833333393,-0.008291989013106571,-0.0408777933948532,-0.3278689035600889,-0.1264591439688716
Binary Adaptive Decision-Boundary Diagnostic,binary_adaptive_decision_boundary_diagnostic,binary-adaptive-diagnostic-v1,ml_binary_dravidian_codemix,1037,4.0,1.0,ce931ffa8af2a65237cdfe8641f0c6ef0715488c6b3eb678e49d7207e1c2af6d,0.5508022213880788,0.7363633033039862,0.823858173076923,0.7162789478094627,0.9659533073929961,0.7538910505836576,0.95,1.1575441142916059,5.758296025468304,18,True,False,34,226,1,767,155,105,98,670,280,0,280.0,0.6959151488408959,0.7974220339491793,0.8881610576923077,0.6604430015001025,0.9017509727626459,0.7772373540856031,0.9014285714285715,1.1492695369801462,11.820199933717978,29,True,False,90,170,11,757,169,91,60,708,1400,0,1400.0,0.723773415538705,0.7465039693272031,0.8327373798076922,0.5927233041639762,0.8521400778210116,0.7879377431906615,0.7842857142857143,0.6804361044164776,12.86695589807502,15,True,False,115,145,37,731,146,114,72,696,280,1120,1400.0,0.723773415538705,0.737184869426683,0.8327373798076922,0.5736333430687658,0.8521400778210116,0.7976653696498055,0.7842857142857143,0.6804361044164776,12.86695589807502,15,True,False,115,145,37,731,139,121,69,699,280,1120,1400.0,0.17297119415062623,0.000821566122696793,0.008879206730769251,-0.009319099900520045,-0.06023716452249628,-0.47710800987512825,-0.11381322957198448
Binary Adaptive Decision-Boundary Diagnostic,binary_adaptive_decision_boundary_diagnostic,binary-adaptive-diagnostic-v1,ml_binary_dravidian_codemix,1038,4.0,1.0,a42582cb9fe0bc4d8d09fc5bd0b836a2f7e303551646a70cb6f2e90661fb7db1,0.4815660252156602,0.6782472613458529,0.8603014823717948,0.6726012892972665,0.9854085603112841,0.9075875486381323,0.9821428571428571,1.1064338929710196,4.751547174072381,21,True,False,14,246,1,767,83,177,12,756,280,0,280.0,0.6959151488408959,0.7979893677244718,0.8881610576923077,0.6655213905462082,0.9017509727626459,0.7752918287937743,0.9014285714285715,1.1492695369801462,11.820199933717957,29,True,False,90,170,11,757,170,90,61,707,1400,0,1400.0,0.7186531170783139,0.7622003202129208,0.8407652243589743,0.6244423917059765,0.8589494163424124,0.77431906614786,0.7978571428571428,0.9248912390156339,12.798092124853401,17,True,False,111,149,34,734,157,103,75,693,280,1120,1400.0,0.7186531170783139,0.7555350441957107,0.8407652243589743,0.5988067737576458,0.8589494163424124,0.796692607003891,0.7978571428571428,0.9248912390156339,12.798092124853401,17,True,False,111,149,34,734,146,114,63,705,280,1120,1400.0,0.2370870918626537,0.07728778284985782,-0.01953625801282055,-0.00666527601721012,-0.042454323528761106,-0.1815426539553857,-0.1264591439688717
Binary Adaptive Decision-Boundary Diagnostic,binary_adaptive_decision_boundary_diagnostic,binary-adaptive-diagnostic-v1,ml_binary_dravidian_codemix,1039,4.0,1.0,c2e6cab2fa45abf546e128d6707837094c70e43f30c66086090b02225d1714df,0.5241706273155763,0.7167419817039569,0.8388070913461538,0.6895080778532842,0.9737354085603113,0.8424124513618677,0.9642857142857143,1.4824070868638335,5.2165137287021555,18,True,False,26,234,1,767,116,144,46,722,280,0,280.0,0.6959151488408959,0.7980562448304385,0.8881610576923077,0.6719632263921224,0.9017509727626459,0.7704280155642024,0.9014285714285715,1.1492695369801313,11.82019993371794,29,True,False,90,170,11,757,172,88,64,704,1400,0,1400.0,0.7155782877567654,0.7608377291584015,0.8454777644230769,0.6599287176840336,0.8589494163424124,0.7295719844357976,0.7942857142857143,0.6639813958832954,12.634961229752712,21,True,False,110,150,35,733,174,86,104,664,280,1120,1400.0,0.7155782877567654,0.7643752615948817,0.8454777644230769,0.6479693635766108,0.8589494163424124,0.7431906614785992,0.7942857142857143,0.6639813958832954,12.634961229752712,21,True,False,110,150,35,733,170,90,94,674,280,1120,1400.0,0.19140766044118906,0.04763327989092481,0.006670673076923039,0.0035375324364801397,-0.033680983235556794,-0.8184256909805381,-0.11478599221789887
Binary Adaptive Decision-Boundary Diagnostic,binary_adaptive_decision_boundary_diagnostic,binary-adaptive-diagnostic-v1,ml_binary_dravidian_codemix,1040,4.0,1.0,18445c4157da5db7d9c01555c7f28a28c0ca1df38c677a1d77b59d0becdc95ee,0.4437229437229437,0.7438919523365055,0.8477063301282051,0.7434489975778817,0.9961089494163424,0.6721789883268483,0.9928571428571429,1.1854432400278971,4.901994811658402,23,True,False,4,256,0,768,190,70,147,621,280,0,280.0,0.6959151488408959,0.8033444864340036,0.8881610576923077,0.7085298303394588,0.9017509727626459,0.7149805447470817,0.9014285714285715,1.1492695369801407,11.820199933717953,29,True,False,90,170,11,757,197,63,96,672,1400,0,1400.0,0.7163216248037677,0.7516990938166311,0.8440454727564103,0.5965028147436032,0.8715953307392996,0.8171206225680934,0.8014285714285714,0.6995823071341819,12.422131424689198,16,True,False,106,154,26,742,137,123,51,717,280,1120,1400.0,0.7163216248037677,0.7543099101339357,0.8440454727564103,0.601018608722216,0.8715953307392996,0.8142023346303502,0.8014285714285714,0.6995823071341819,12.422131424689198,16,True,False,106,154,26,742,139,121,52,716,280,1120,1400.0,0.272598681080824,0.010417957797430155,-0.003660857371794779,0.002610816317304532,-0.04903457630006791,-0.48586093289371524,-0.1245136186770428
Binary Adaptive Decision-Boundary Diagnostic,binary_adaptive_decision_boundary_diagnostic,binary-adaptive-diagnostic-v1,ml_binary_dravidian_codemix,1041,4.0,1.0,7bc804c9c54d25738beeef9e141daced1abd337cf357cca7a2d53dbdbe738715,0.5376536900207354,0.7383266780151773,0.8256760817307691,0.712337319705225,0.9698443579766537,0.7879377431906615,0.9464285714285714,1.2217387376289799,5.572969478661579,16,True,False,30,230,1,767,143,117,75,693,280,0,280.0,0.6959151488408959,0.8037739965095987,0.8881610576923077,0.6917679531191782,0.9017509727626459,0.7392996108949417,0.9014285714285715,1.149269536980128,11.82019993371793,29,True,False,90,170,11,757,187,73,81,687,1400,0,1400.0,0.7117972488038278,0.7568310996668086,0.8469401041666667,0.6370743745696932,0.8793774319066148,0.8005836575875487,0.7992857142857143,0.9454028723394435,12.604514854462247,15,True,False,102,158,22,746,145,115,60,708,280,1120,1400.0,0.7117972488038278,0.7600666851903306,0.8469401041666667,0.7020760851966423,0.8793774319066148,0.7363813229571985,0.7992857142857143,0.9454028723394435,12.604514854462247,15,True,False,102,158,22,746,171,89,100,668,280,1120,1400.0,0.1741435587830924,0.021740007175153342,0.021264022435897534,0.003235585523521989,-0.04370731131926808,-0.27633586528953635,-0.09046692607003892
Binary Adaptive Decision-Boundary Diagnostic,binary_adaptive_decision_boundary_diagnostic,binary-adaptive-diagnostic-v1,ml_binary_dravidian_codemix,1042,4.0,1.0,138fadc262432789a96a0a65644e7d6643715fe0a099953ba2e090ff30e0ac6f,0.47461092060142446,0.7513316100267982,0.846474358974359,0.7283185596090047,0.9883268482490273,0.7023346303501945,0.9928571428571429,1.108798963793063,5.183387105177285,22,True,False,12,248,0,768,181,79,125,643,280,0,280.0,0.6959151488408959,0.8002067075705683,0.8881610576923077,0.676062000772974,0.9017509727626459,0.7675097276264592,0.9014285714285715,1.1492695369801653,11.820199933717987,29,True,False,90,170,11,757,174,86,65,703,1400,0,1400.0,0.729963768115942,0.7578664071881721,0.8427984775641026,0.6372214860363713,0.8638132295719845,0.7675097276264592,0.7942857142857143,0.8463854447928115,12.637340050110895,17,True,False,113,147,27,741,158,102,81,687,280,1120,1400.0,0.729963768115942,0.749341969527406,0.8427984775641026,0.6590049545099179,0.8638132295719845,0.7461089494163424,0.7942857142857143,0.8463854447928115,12.637340050110895,17,True,False,113,147,27,741,163,97,98,670,280,1120,1400.0,0.25535284751451753,-0.001989640499392209,-0.003675881410256321,-0.00852443766076616,-0.05086473804316238,-0.26241351900025156,-0.1245136186770428
Binary Adaptive Decision-Boundary Diagnostic,binary_adaptive_decision_boundary_diagnostic,binary-adaptive-diagnostic-v1,ml_binary_dravidian_codemix,1043,4.0,1.0,d60187063f7f5d717620cf96268410d9217f2ff7ef6b2803d102e6437fd2ae01,0.47461092060142446,0.7322858080752818,0.8483573717948718,0.7466147291762053,0.9883268482490273,0.6206225680933852,0.9857142857142858,1.0878162179981965,5.264955007459474,17,True,False,12,248,0,768,206,54,184,584,280,0,280.0,0.6959151488408959,0.8002067075705683,0.8881610576923077,0.6758581912159405,0.9017509727626459,0.7675097276264592,0.9014285714285715,1.1492695369801345,11.820199933717934,29,True,False,90,170,11,757,174,86,65,703,1400,0,1400.0,0.7339131335093441,0.7387637362637363,0.8416616586538462,0.6984830617979025,0.853112840466926,0.669260700389105,0.7985714285714286,0.7078836893424171,12.651602034975541,11,True,False,118,142,33,735,189,71,151,617,280,1120,1400.0,0.7339131335093441,0.74007707038877,0.8416616586538462,0.6784547268494828,0.853112840466926,0.6906614785992218,0.7985714285714286,0.7078836893424171,12.651602034975541,11,True,False,118,142,33,735,181,79,137,631,280,1120,1400.0,0.2593022129079196,0.007791262313488256,-0.006695713141025572,0.0013133341250337605,-0.06012963718179831,-0.3799325286557794,-0.13521400778210124
Binary Adaptive Decision-Boundary Diagnostic,binary_adaptive_decision_boundary_diagnostic,binary-adaptive-diagnostic-v1,ml_binary_dravidian_codemix,1044,4.0,1.0,304f3fe9d3ce5d0703c06814c003bd20c2e04446060eb71cfab2a5351564c988,0.4670482352453237,0.7550381263616557,0.8506710737179486,0.7370757631925361,0.9902723735408561,0.7237354085603113,0.975,1.0604493126179135,5.022716872544664,19,True,False,10,250,0,768,174,86,110,658,280,0,280.0,0.6959151488408959,0.7971381152849741,0.8881610576923077,0.6846109799758621,0.9017509727626459,0.754863813229572,0.9014285714285715,1.1492695369801376,11.820199933717936,29,True,False,90,170,11,757,178,82,74,694,1400,0,1400.0,0.7009889470622455,0.7568740359897173,0.8434895833333333,0.6663225826731478,0.8813229571984436,0.7665369649805448,0.8,0.7991078565377708,12.552076017437097,17,True,False,98,162,24,744,158,102,82,686,280,1120,1400.0,0.7009889470622455,0.7435000308387582,0.8434895833333333,0.6065936850774218,0.8813229571984436,0.8229571984435797,0.8,0.7991078565377708,12.552076017437097,17,True,False,98,162,24,744,132,128,50,718,280,1120,1400.0,0.23394071181692178,-0.011538095522897529,-0.007181490384615241,-0.0133740051509591,-0.05363808444621598,-0.2613414560801427,-0.10894941634241251
Binary Adaptive Decision-Boundary Diagnostic,binary_adaptive_decision_boundary_diagnostic,binary-adaptive-diagnostic-v1,ml_binary_dravidian_codemix,1045,4.0,1.0,2b11ab736e27ad051878ee49b5731c74187e08e22d0d337c88d613d1d44edde4,0.5722787338631182,0.7385252156218929,0.8428034855769231,0.7343281966087963,0.958171206225681,0.6789883268482491,0.95,1.201138245142068,5.662069322264104,18,True,False,41,219,2,766,185,75,145,623,280,0,280.0,0.6959151488408959,0.803826336841869,0.8881610576923077,0.6906903748160571,0.9017509727626459,0.7441634241245136,0.9014285714285715,1.1492695369801267,11.820199933717937,29,True,False,90,170,11,757,185,75,78,690,1400,0,1400.0,0.7258097975876479,0.7668934240362811,0.844756610576923,0.6034946156204836,0.8540856031128404,0.7762645914396887,0.7964285714285714,0.7847278307223194,12.878882347438337,15,True,False,115,145,35,733,158,102,72,696,280,1120,1400.0,0.7258097975876479,0.7648973513456014,0.844756610576923,0.584271050036562,0.8540856031128404,0.7898832684824902,0.7964285714285714,0.7847278307223194,12.878882347438337,15,True,False,115,145,35,733,152,108,64,704,280,1120,1400.0,0.15353106372452963,0.026372135723708556,0.001953124999999889,-0.0019960726906796955,-0.038928985496267554,-0.4164104144197486,-0.10408560311284054
Binary Adaptive Decision-Boundary Diagnostic,binary_adaptive_decision_boundary_diagnostic,binary-adaptive-diagnostic-v1,ml_binary_dravidian_codemix,1046,4.0,1.0,62bb00af761d090ffdb481a47e278e4f067c4b1cdab9a825ff7c8b28c44a8e11,0.49253465618955905,0.74869093432591,0.8369391025641026,0.7098217487961747,0.9824902723735408,0.7821011673151751,0.9714285714285714,1.2482039352312264,5.134766098641623,22,True,False,17,243,1,767,149,111,75,693,280,0,280.0,0.6959151488408959,0.8026130569684577,0.8881610576923077,0.6982900800854707,0.9017509727626459,0.7285992217898832,0.9014285714285715,1.1492695369801404,11.820199933717959,29,True,False,90,170,11,757,191,69,88,680,1400,0,1400.0,0.722668211158445,0.7667002151046909,0.8460737179487179,0.6620819525138839,0.8686770428015564,0.7354085603112841,0.7985714285714286,0.732155161748411,12.723234089781482,21,True,False,109,151,26,742,174,86,98,670,280,1120,1400.0,0.722668211158445,0.7707086711070774,0.8460737179487179,0.6379061484115836,0.8686770428015564,0.7645914396887159,0.7985714285714286,0.732155161748411,12.723234089781482,21,True,False,109,151,26,742,164,96,78,690,280,1120,1400.0,0.230133554968886,0.022017736781167363,0.009134615384615241,0.004008456002386529,-0.031904385861380335,-0.5160487734828154,-0.11381322957198436
Binary Adaptive Decision-Boundary Diagnostic,binary_adaptive_decision_boundary_diagnostic,binary-adaptive-diagnostic-v1,ml_binary_dravidian_codemix,1047,4.0,1.0,0548fcbb3e05a0ec53439c384120dba4eb7dab8a9e6cc6c88f4882913520c480,0.46322781426369297,0.7505009284815235,0.8510266426282053,0.7048644634601868,0.9912451361867705,0.8268482490272373,0.9928571428571429,1.2520130318315357,4.936973082863069,19,True,False,9,251,0,768,133,127,45,723,280,0,280.0,0.6959151488408959,0.8002067075705683,0.8881610576923077,0.6754053226500687,0.9017509727626459,0.7675097276264592,0.9014285714285715,1.1492695369801547,11.820199933717978,29,True,False,90,170,11,757,174,86,65,703,1400,0,1400.0,0.7185661800850951,0.747239847715736,0.8444611378205128,0.6229862731792658,0.8647859922178989,0.7859922178988327,0.7985714285714286,0.8787028464999345,12.920061932742348,21,True,False,109,151,30,738,147,113,73,695,280,1120,1400.0,0.7185661800850951,0.7595167095115681,0.8444611378205128,0.6473692772569039,0.8647859922178989,0.7665369649805448,0.7985714285714286,0.8787028464999345,12.920061932742348,21,True,False,109,151,30,738,159,101,81,687,280,1120,1400.0,0.2553383658214021,0.009015781030044634,-0.006565504807692468,0.012276861795832095,-0.0406899980590002,-0.3733101853316012,-0.1264591439688716
Binary Adaptive Decision-Boundary Diagnostic,binary_adaptive_decision_boundary_diagnostic,binary-adaptive-diagnostic-v1,ml_binary_dravidian_codemix,1048,4.0,1.0,ac18c7737d7208b7964eed14bd2fc1ae3dbe8842ffdaa5f06aebf7320d24b87f,0.5275735294117647,0.7634388807069219,0.8528745993589744,0.7242762335300971,0.9727626459143969,0.7626459143968871,0.95,1.1628140570800911,5.525328265780496,18,True,False,27,233,1,767,162,98,82,686,280,0,280.0,0.6959151488408959,0.7958832483949964,0.8881610576923077,0.6669751389213157,0.9017509727626459,0.7733463035019456,0.9014285714285715,1.149269536980139,11.82019993371796,29,True,False,90,170,11,757,170,90,63,705,1400,0,1400.0,0.7248001142204454,0.7401566607868184,0.8369991987179488,0.6035452832742595,0.8560311284046692,0.8005836575875487,0.7857142857142857,0.6721809765784511,12.851450008283058,14,True,False,114,146,34,734,139,121,66,702,280,1120,1400.0,0.7248001142204454,0.7327171127730898,0.8369991987179488,0.5713206773062683,0.8560311284046692,0.8180933852140078,0.7857142857142857,0.6721809765784511,12.851450008283058,14,True,False,114,146,34,734,130,130,57,711,280,1120,1400.0,0.19722658480868072,-0.030721767933832078,-0.01587540064102555,-0.007439548013728592,-0.06316613562190654,-0.49063308050164,-0.11673151750972766
Binary Adaptive Decision-Boundary Diagnostic,binary_adaptive_decision_boundary_diagnostic,binary-adaptive-diagnostic-v1,ml_binary_dravidian_codemix,1049,4.0,1.0,47de949e7dd5e3b9c0f1bf01bb89a7a98f1f707db2a160af326d7b63df16633e,0.4889028233522666,0.7347709725244045,0.8196814903846155,0.7021433311375279,0.9834630350194552,0.7655642023346303,0.9892857142857143,0.8997366541499997,5.1306847473595285,14,True,False,16,244,1,767,150,110,91,677,280,0,280.0,0.6959151488408959,0.7958832483949964,0.8881610576923077,0.6668641769407857,0.9017509727626459,0.7733463035019456,0.9014285714285715,1.149269536980153,11.820199933717985,29,True,False,90,170,11,757,170,90,63,705,1400,0,1400.0,0.7375035164280304,0.7190075693860387,0.8270082131410257,0.6709744070299603,0.8394941634241245,0.688715953307393,0.8078571428571428,0.32215016801362134,12.715676867109972,15,True,False,124,136,41,727,173,87,147,621,280,1120,1400.0,0.7375035164280304,0.7093775857313598,0.8270082131410257,0.6810042194276676,0.8394941634241245,0.6731517509727627,0.8078571428571428,0.32215016801362134,12.715676867109972,15,True,False,124,136,41,727,175,85,161,607,280,1120,1400.0,0.24860069307576377,-0.025393386793044703,0.00732672275641022,-0.00962998365467893,-0.08650566266363657,-0.5775864861363784,-0.14396887159533067
